Customer_ID,Age,Annual_Income,Credit_Limit,Bill_Amount,Payment_Amount,Total_Transactions,Late_Payments,Credit_Utilization,Months_With_Bank,Employment_Type,Education_Level,Marital_Status,Card_Type,Region,Default
CUST100001,59,18000.0,7318.0,926.0,646.0,23,4,12.65,81,Salaried,Bachelor,Married,Standard,West,0
CUST100002,49,72516.0,35197.0,23709.0,5725.0,17,1,67.36,33,Business,Diploma,Married,Gold,South,0
CUST100003,35,82648.0,47413.0,28598.0,16713.0,29,2,60.32,119,Salaried,Doctorate,Married,Standard,Central,0
CUST100004,63,81187.0,12565.0,6984.0,317.0,30,1,55.58,113,Business,Master,Single,Standard,West,0
CUST100005,28,128261.0,45077.0,30552.0,20266.0,25,2,67.78,35,Salaried,Master,Married,Gold,East,0
CUST100006,41,36064.0,21769.0,5082.0,3959.0,15,1,23.35,58,Salaried,High School,Married,Gold,West,0
CUST100007,59,94491.0,49150.0,15478.0,2246.0,17,2,31.49,91,Unemployed,Diploma,Married,Standard,North,0
CUST100008,39,125244.0,52780.0,33920.0,19993.0,20,3,64.27,20,Salaried,Bachelor,Single,Standard,South,0
CUST100009,43,24439.0,10138.0,1724.0,1011.0,28,1,17.01,94,Salaried,Master,Divorced,Gold,West,0
CUST100010,31,77494.0,25099.0,7142.0,3306.0,13,4,28.46,35,Self-Employed,Bachelor,Single,Platinum,Central,0
CUST100011,31,49259.0,20209.0,6942.0,3126.0,13,2,34.35,135,Unemployed,Diploma,Married,Standard,West,0
CUST100012,44,62150.0,29689.0,11422.0,3645.0,18,1,38.47,33,Self-Employed,Bachelor,Married,Signature,West,0
CUST100013,56,78697.0,28267.0,17031.0,2589.0,35,1,60.25,50,Student,Bachelor,Married,Standard,East,0
CUST100014,60,49720.0,25212.0,8911.0,5132.0,27,1,35.34,57,,Master,Married,Standard,North,1
CUST100015,44,44824.0,26026.0,15237.0,7645.0,26,2,58.55,58,Salaried,,Married,Standard,North,0
CUST100016,23,66232.0,15057.0,9366.0,4487.0,19,3,62.2,128,Self-Employed,Diploma,Single,Gold,Central,0
CUST100017,42,35745.0,13432.0,2313.0,1413.0,28,1,17.22,116,Salaried,Diploma,Married,Gold,South,0
CUST100018,22,35773.0,12664.0,4995.0,782.0,22,2,39.44,27,Salaried,Master,Single,Gold,South,0
CUST100019,44,94447.0,46632.0,9863.0,8355.0,26,2,21.15,23,Salaried,Diploma,Married,Platinum,West,0
CUST100020,64,34555.0,9500.0,5732.0,4711.0,21,0,60.34,18,Salaried,Diploma,Single,Platinum,West,0
CUST100021,50,93771.0,44084.0,7956.0,1534.0,24,2,18.05,78,Salaried,Bachelor,Single,Platinum,South,0
CUST100022,58,83832.0,49356.0,14875.0,5612.0,13,4,30.14,73,Salaried,Bachelor,Married,Gold,North,0
CUST100023,22,25158.0,9033.0,5565.0,,24,1,61.61,36,Salaried,Master,Single,Standard,East,0
CUST100024,41,44778.0,27113.0,13181.0,7780.0,20,2,48.62,56,Salaried,High School,Married,Standard,West,0
CUST100025,53,125355.0,81052.0,29459.0,20019.0,22,5,36.35,52,Salaried,,Single,Standard,Central,0
CUST100026,32,37892.0,7694.0,4034.0,1887.0,21,1,52.43,62,Unemployed,Bachelor,Single,Platinum,West,0
CUST100027,42,50348.0,13419.0,3278.0,1415.0,16,1,24.43,42,Self-Employed,Bachelor,Married,Gold,West,0
CUST100028,64,83807.0,52395.0,15109.0,7280.0,27,1,28.84,38,Salaried,High School,Single,Standard,North,0
CUST100029,45,100008.0,62921.0,14972.0,4710.0,20,3,23.79,41,Self-Employed,High School,Married,Gold,South,0
CUST100030,69,56602.0,11256.0,5403.0,2357.0,17,0,48.0,135,Self-Employed,Bachelor,Single,Standard,West,0
CUST100031,47,46794.0,7370.0,1846.0,1226.0,22,1,25.05,85,Salaried,High School,Married,Gold,East,0
CUST100032,62,142123.0,32766.0,21642.0,5366.0,22,2,66.05,20,Self-Employed,Bachelor,Single,Gold,East,0
CUST100033,48,169149.0,109610.0,95591.0,46354.0,16,0,87.21,40,Student,Bachelor,Single,Standard,West,0
CUST100034,36,111359.0,26726.0,6697.0,2883.0,20,3,25.06,108,Self-Employed,Bachelor,Married,Standard,West,0
CUST100035,35,68123.0,27336.0,10508.0,7511.0,33,3,38.44,65,Student,Diploma,Married,Standard,South,0
CUST100036,67,41672.0,23928.0,12103.0,2502.0,18,0,50.58,94,,Bachelor,Single,Gold,Central,0
CUST100037,64,41167.0,6595.0,3210.0,2447.0,15,2,48.67,67,Business,Bachelor,Divorced,Platinum,South,0
CUST100038,23,86641.0,39183.0,14156.0,8937.0,21,4,36.13,52,Self-Employed,High School,Married,Gold,South,0
CUST100039,57,81819.0,23606.0,10181.0,5167.0,17,0,43.13,118,Self-Employed,Master,Married,Gold,West,0
CUST100040,27,140508.0,81659.0,46956.0,35361.0,24,2,57.5,47,Self-Employed,Master,Married,Gold,South,0
CUST100041,41,92957.0,27118.0,14475.0,3137.0,29,4,53.38,77,Salaried,Master,Single,Standard,South,0
CUST100042,29,28437.0,14030.0,9880.0,3612.0,21,0,70.42,69,Self-Employed,High School,Married,Standard,West,0
CUST100043,59,115927.0,56469.0,33203.0,29953.0,20,2,58.8,17,Salaried,Bachelor,Single,Standard,South,1
CUST100044,38,37542.0,9789.0,3631.0,1661.0,22,3,37.09,55,Salaried,Bachelor,Married,,North,0
CUST100045,24,52626.0,8810.0,1909.0,979.0,24,0,21.67,48,Salaried,Bachelor,Married,Platinum,East,0
CUST100046,45,74589.0,26451.0,8435.0,4629.0,19,2,31.89,34,Salaried,High School,Married,Gold,West,0
CUST100047,34,194806.0,57389.0,26774.0,13546.0,24,1,46.65,8,Unemployed,Master,Married,Platinum,West,0
CUST100048,70,350000.0,150000.0,24297.0,11850.0,28,2,16.2,66,Salaried,Master,Widowed,Platinum,West,0
CUST100049,29,90748.0,49928.0,18557.0,8704.0,13,6,,63,Salaried,Bachelor,Married,Gold,West,0
CUST100050,46,58770.0,22245.0,17506.0,8317.0,25,1,78.7,85,Student,Master,Single,Standard,North,0
CUST100051,22,87214.0,39530.0,35652.0,9529.0,27,1,90.19,19,Salaried,Bachelor,Single,Standard,West,0
CUST100052,40,105911.0,47886.0,22480.0,13852.0,25,2,46.94,121,Salaried,,Married,Platinum,North,0
CUST100053,48,54490.0,30709.0,3624.0,1049.0,25,2,11.8,24,Salaried,Master,Single,Gold,West,0
CUST100054,67,174470.0,63246.0,36539.0,15900.0,20,0,57.77,100,Salaried,Bachelor,Married,Gold,North,0
CUST100055,27,73768.0,21225.0,2380.0,906.0,24,0,11.21,24,Self-Employed,Diploma,Married,Signature,West,0
CUST100056,64,85468.0,24146.0,9247.0,4584.0,17,2,38.3,112,Salaried,Bachelor,Widowed,Standard,Central,0
CUST100057,28,93751.0,39197.0,18278.0,10503.0,17,1,46.63,49,Self-Employed,Master,Single,Standard,West,1
CUST100058,67,81962.0,30701.0,16274.0,9124.0,20,3,53.01,40,Salaried,Master,Married,Standard,South,0
CUST100059,55,103111.0,38157.0,27415.0,10445.0,23,4,71.85,46,Business,Bachelor,Married,Standard,Central,0
CUST100060,34,46289.0,9053.0,1168.0,329.0,20,0,12.9,51,Business,Bachelor,Married,Gold,East,0
CUST100061,37,47814.0,24352.0,10011.0,472.0,28,2,41.11,91,Unemployed,Diploma,Divorced,Standard,South,1
CUST100062,56,35492.0,9117.0,2222.0,1204.0,19,0,24.37,36,Salaried,Diploma,Married,Signature,East,0
CUST100063,70,82774.0,20567.0,,601.0,24,4,8.26,108,Self-Employed,High School,Married,Standard,South,0
CUST100064,60,99763.0,35553.0,20546.0,13720.0,23,2,57.79,47,Business,Bachelor,Married,Standard,North,0
CUST100065,24,83610.0,22064.0,17665.0,10029.0,23,3,80.06,180,Student,Master,Married,Gold,North,0
CUST100066,22,163262.0,72150.0,35545.0,12652.0,21,0,49.27,24,Self-Employed,Master,Married,Signature,North,0
CUST100067,26,64800.0,21755.0,10451.0,3053.0,27,1,48.04,71,Unemployed,Bachelor,Single,Gold,South,0
CUST100068,62,93897.0,35160.0,28404.0,9754.0,25,1,80.78,26,Salaried,Bachelor,Single,Standard,Central,0
CUST100069,24,35657.0,14925.0,575.0,455.0,20,2,3.85,21,Salaried,Diploma,Widowed,Standard,South,0
CUST100070,49,52535.0,13227.0,6506.0,4338.0,21,1,49.19,61,Salaried,Diploma,Married,Platinum,North,0
CUST100071,38,95291.0,21715.0,7374.0,2819.0,22,5,33.96,50,Salaried,Bachelor,Single,Standard,South,0
CUST100072,46,103689.0,61198.0,29609.0,6910.0,18,2,48.38,46,Salaried,Bachelor,Single,Standard,Central,0
CUST100073,64,55296.0,20286.0,8312.0,3881.0,17,3,40.97,73,Self-Employed,High School,Married,Standard,West,0
CUST100074,54,62490.0,22249.0,8538.0,3243.0,22,4,38.37,30,Self-Employed,High School,Widowed,Standard,East,0
CUST100075,30,28207.0,4733.0,1212.0,741.0,22,2,25.61,39,Salaried,Bachelor,Divorced,Signature,North,0
CUST100076,56,53411.0,21310.0,14379.0,2230.0,22,0,67.48,26,Salaried,Diploma,Married,Gold,East,0
CUST100077,34,106070.0,45301.0,31969.0,15903.0,36,1,70.57,87,Unemployed,Bachelor,Divorced,Standard,West,0
CUST100078,51,89188.0,38299.0,19073.0,15612.0,25,1,49.8,41,Salaried,Master,Married,Standard,Central,0
CUST100079,68,85606.0,43104.0,,6681.0,21,1,26.74,148,Salaried,Master,Single,Gold,East,0
CUST100080,35,66804.0,15949.0,9980.0,2459.0,26,1,62.57,180,Salaried,High School,Single,Standard,East,0
CUST100081,28,65253.0,18017.0,12629.0,5655.0,23,2,70.09,44,Salaried,High School,Single,Standard,East,0
CUST100082,34,45205.0,25105.0,14348.0,5490.0,33,3,57.15,41,Salaried,High School,Divorced,Standard,Central,0
CUST100083,43,95463.0,59529.0,37525.0,12341.0,20,1,63.04,60,Salaried,High School,Widowed,Gold,South,0
CUST100084,60,81935.0,17859.0,5652.0,2150.0,18,3,31.65,26,Salaried,Diploma,Single,Platinum,Central,0
CUST100085,41,85200.0,33980.0,20278.0,8598.0,21,3,59.68,51,Salaried,Bachelor,Married,Gold,South,0
CUST100086,36,48670.0,12512.0,2896.0,2113.0,29,1,23.15,66,Business,High School,Widowed,Standard,West,0
CUST100087,65,19887.0,3580.0,2273.0,1356.0,18,2,63.49,111,Salaried,Bachelor,Married,,,0
CUST100088,38,118845.0,37169.0,12090.0,7933.0,18,0,32.53,44,Salaried,Bachelor,Married,Gold,East,1
CUST100089,67,49950.0,11081.0,1464.0,872.0,23,5,13.21,131,Business,Bachelor,Married,Gold,South,0
CUST100090,44,40442.0,20422.0,15114.0,2911.0,16,0,74.01,43,Salaried,Bachelor,Divorced,Platinum,South,0
CUST100091,46,95183.0,39678.0,22923.0,10855.0,13,3,57.77,36,Business,Diploma,Single,Signature,East,0
CUST100092,45,52393.0,11627.0,5914.0,3132.0,18,2,50.86,57,Self-Employed,Bachelor,Divorced,Standard,East,0
CUST100093,65,116437.0,18004.0,8986.0,5399.0,26,1,49.91,68,Student,Master,Single,Standard,South,0
CUST100094,61,91263.0,50567.0,18527.0,15063.0,24,2,36.64,135,Salaried,Bachelor,Divorced,Standard,West,0
CUST100095,49,94666.0,22540.0,12296.0,4681.0,24,3,54.55,115,Business,Diploma,Single,Gold,West,0
CUST100096,35,30665.0,13895.0,3301.0,1292.0,23,1,23.76,29,Self-Employed,Master,Widowed,Standard,East,0
CUST100097,65,126590.0,40314.0,8386.0,3827.0,19,2,20.8,44,Salaried,Master,Single,Standard,West,0
CUST100098,21,75044.0,33225.0,21921.0,6941.0,21,1,65.98,121,Salaried,Doctorate,Widowed,Platinum,North,0
CUST100099,45,53053.0,16331.0,9456.0,2783.0,31,0,57.9,125,Salaried,Diploma,Single,Standard,East,0
CUST100100,27,70334.0,13608.0,9240.0,2381.0,27,3,67.9,63,Business,Bachelor,Single,Platinum,East,0
CUST100101,29,24470.0,6398.0,5245.0,1705.0,20,4,81.98,133,Salaried,Master,Widowed,Standard,East,0
CUST100102,44,81381.0,19859.0,3850.0,596.0,23,3,19.39,180,Self-Employed,Diploma,Married,Standard,East,0
CUST100103,21,36901.0,13432.0,7303.0,6336.0,22,1,54.37,63,Salaried,Bachelor,Married,Gold,West,0
CUST100104,64,30890.0,14801.0,4853.0,2341.0,20,1,32.79,80,Self-Employed,Bachelor,Married,Gold,North,0
CUST100105,28,28137.0,7932.0,4846.0,1762.0,20,1,61.09,7,Salaried,Bachelor,Single,Standard,North,0
CUST100106,44,119865.0,18703.0,5767.0,3317.0,16,0,30.83,53,Salaried,Master,Single,Standard,North,0
CUST100107,31,45984.0,18829.0,13412.0,1456.0,18,2,71.23,41,Business,Bachelor,Divorced,Standard,South,0
CUST100108,37,151099.0,68430.0,41888.0,37045.0,23,2,61.21,78,Salaried,Bachelor,Married,Gold,,0
CUST100109,28,48410.0,30568.0,17305.0,10941.0,30,0,56.61,107,Unemployed,High School,Married,Gold,South,0
CUST100110,55,25415.0,11303.0,1183.0,549.0,22,0,10.47,34,Salaried,Doctorate,Married,Standard,East,0
CUST100111,55,,13563.0,5126.0,3293.0,26,0,37.79,32,Self-Employed,Bachelor,Married,Standard,Central,1
CUST100112,53,128263.0,56013.0,42736.0,20200.0,18,3,76.3,35,Salaried,Bachelor,Divorced,Gold,West,0
CUST100113,25,59659.0,36628.0,19465.0,9813.0,24,3,53.14,160,Salaried,Bachelor,Married,Standard,North,0
CUST100114,62,48078.0,27125.0,17785.0,7513.0,19,1,65.57,71,Salaried,Master,Married,Gold,West,0
CUST100115,59,70980.0,22110.0,2218.0,372.0,27,2,10.03,26,Business,Bachelor,Married,Standard,East,0
CUST100116,61,85658.0,23010.0,2592.0,867.0,30,1,11.26,97,Student,Bachelor,Single,Standard,Central,0
CUST100117,48,120176.0,33808.0,13049.0,7129.0,15,5,38.6,81,Student,Bachelor,Single,Standard,West,0
CUST100118,27,144180.0,57991.0,28144.0,18036.0,22,2,48.53,86,,Master,Married,Signature,Central,0
CUST100119,29,53331.0,27840.0,14134.0,8951.0,21,1,50.77,10,Salaried,Bachelor,Married,Standard,Central,0
CUST100120,28,31345.0,12588.0,3649.0,1106.0,18,3,28.99,32,Unemployed,Doctorate,Married,Standard,North,0
CUST100121,32,51779.0,9522.0,3478.0,1592.0,28,2,36.53,80,Salaried,Master,Widowed,Platinum,West,0
CUST100122,54,75004.0,38386.0,5964.0,452.0,22,1,15.54,42,Student,Bachelor,Divorced,Platinum,East,0
CUST100123,53,,21156.0,9522.0,5126.0,27,2,45.01,78,Salaried,Master,Married,Standard,North,0
CUST100124,68,38396.0,11317.0,2115.0,1444.0,28,2,18.69,87,Unemployed,Bachelor,Single,Gold,East,0
CUST100125,43,78529.0,37856.0,21817.0,1418.0,24,2,57.63,42,Salaried,Diploma,Single,Gold,North,0
CUST100126,44,63284.0,22991.0,9696.0,3868.0,19,1,42.17,62,Salaried,Bachelor,Single,Platinum,West,0
CUST100127,57,66183.0,39350.0,22673.0,801.0,24,3,57.62,49,Self-Employed,Bachelor,Single,Platinum,South,0
CUST100128,55,42829.0,24524.0,6384.0,2978.0,14,1,26.03,100,Self-Employed,High School,Married,Standard,West,1
CUST100129,64,57264.0,23634.0,10349.0,5235.0,24,2,43.79,49,Salaried,Diploma,Married,Gold,West,0
CUST100130,60,39098.0,19383.0,5700.0,1071.0,22,1,29.41,22,Self-Employed,Diploma,Married,Platinum,Central,0
CUST100131,42,106059.0,62752.0,15284.0,3644.0,20,2,24.36,84,Student,Master,Married,Gold,North,0
CUST100132,47,114867.0,45701.0,16418.0,12855.0,10,3,,69,Business,Master,Single,Standard,West,0
CUST100133,55,23547.0,7220.0,1546.0,792.0,22,2,21.41,38,Student,Bachelor,Single,Signature,Central,0
CUST100134,21,38984.0,20538.0,13144.0,6602.0,16,3,64.0,35,Salaried,Master,Single,Signature,South,0
CUST100135,55,28540.0,7421.0,3168.0,980.0,29,1,42.69,36,Salaried,Diploma,Married,Signature,West,0
CUST100136,57,45462.0,15651.0,5731.0,2463.0,27,2,36.62,44,Self-Employed,Diploma,Married,Standard,South,0
CUST100137,67,62085.0,36187.0,16461.0,8394.0,23,1,45.49,102,Business,Master,Divorced,Standard,West,0
CUST100138,34,29285.0,15000.0,5198.0,3691.0,28,1,34.65,110,,Bachelor,Single,Gold,East,0
CUST100139,23,39149.0,13777.0,5647.0,2558.0,21,1,40.99,33,Salaried,Bachelor,Single,Platinum,West,0
CUST100140,21,37420.0,9631.0,5318.0,2522.0,20,1,55.22,75,Unemployed,Master,Single,Standard,South,0
CUST100141,25,72849.0,23893.0,9513.0,6837.0,18,2,39.82,59,Salaried,Diploma,Single,Standard,West,0
CUST100142,46,67527.0,19721.0,8053.0,2964.0,26,3,40.83,52,Salaried,Bachelor,Single,Standard,North,0
CUST100143,34,43704.0,10404.0,6629.0,3246.0,22,2,63.72,37,Salaried,Bachelor,Single,Gold,North,0
CUST100144,59,71639.0,37372.0,6333.0,388.0,22,6,16.95,56,Business,Bachelor,Married,Gold,North,0
CUST100145,47,48121.0,13283.0,4004.0,3081.0,26,1,30.14,23,Student,Master,Single,Gold,Central,0
CUST100146,29,55979.0,21109.0,7241.0,5026.0,32,3,34.3,20,Salaried,Diploma,Married,Gold,East,0
CUST100147,35,163169.0,55956.0,40283.0,12875.0,19,2,71.99,47,Self-Employed,High School,Married,Gold,East,0
CUST100148,35,135862.0,87093.0,34874.0,22948.0,22,2,40.04,68,Student,Bachelor,Single,,South,0
CUST100149,46,31805.0,10990.0,3521.0,1854.0,20,3,32.04,109,Self-Employed,Diploma,Married,Gold,East,0
CUST100150,62,102590.0,19491.0,3709.0,1910.0,30,0,19.03,31,Self-Employed,Master,Married,Standard,South,0
CUST100151,33,101561.0,19796.0,5884.0,3897.0,25,6,29.72,68,Salaried,High School,Widowed,Gold,Central,0
CUST100152,52,34565.0,15394.0,8784.0,2263.0,27,0,57.06,29,Self-Employed,Master,Single,Standard,South,0
CUST100153,59,101974.0,45856.0,10862.0,4068.0,24,0,23.69,68,Unemployed,Diploma,Married,Standard,Central,0
CUST100154,69,151449.0,54428.0,26079.0,3802.0,23,2,47.91,62,Salaried,Master,Single,Signature,East,0
CUST100155,52,35057.0,12828.0,9356.0,4756.0,25,0,72.93,65,Salaried,Diploma,Single,Gold,South,0
CUST100156,24,39243.0,6945.0,2827.0,1031.0,17,5,40.71,27,Unemployed,High School,Divorced,Signature,West,0
CUST100157,50,113761.0,46446.0,14417.0,2816.0,21,3,31.04,7,Salaried,Bachelor,Married,Standard,East,1
CUST100158,57,75468.0,30366.0,4677.0,3664.0,24,1,15.4,75,Student,Bachelor,Married,Standard,South,0
CUST100159,43,88032.0,19787.0,9938.0,3953.0,24,3,50.22,127,Student,Bachelor,Married,Standard,South,0
CUST100160,59,78391.0,15829.0,7795.0,6650.0,18,2,49.25,126,Salaried,Bachelor,Married,Standard,South,0
CUST100161,65,80582.0,17066.0,2693.0,2189.0,31,1,15.78,4,Salaried,Master,Married,Standard,South,0
CUST100162,35,31338.0,6284.0,475.0,332.0,18,2,7.56,104,Salaried,Doctorate,Married,Standard,South,0
CUST100163,15,115632.0,52596.0,24574.0,10923.0,25,2,46.72,91,Salaried,Bachelor,Married,Standard,North,1
CUST100164,49,123676.0,30701.0,11082.0,2505.0,18,2,36.1,150,Salaried,Diploma,Married,Standard,Central,0
CUST100165,56,57296.0,15797.0,10003.0,1493.0,29,1,63.32,84,Self-Employed,Diploma,Married,Signature,West,0
CUST100166,33,63464.0,15027.0,2287.0,169.0,27,1,15.22,28,Salaried,High School,Married,Gold,North,0
CUST100167,52,28002.0,17611.0,13805.0,2597.0,22,2,78.39,68,Salaried,Diploma,Married,Standard,West,0
CUST100168,27,86248.0,49792.0,20436.0,9538.0,22,3,41.04,22,Self-Employed,Master,Single,Standard,South,0
CUST100169,42,89034.0,23616.0,10124.0,6679.0,18,2,42.87,55,Self-Employed,Bachelor,Married,Standard,East,0
CUST100170,48,62814.0,19710.0,12461.0,7759.0,19,0,63.22,79,Student,Bachelor,Married,Standard,Central,0
CUST100171,22,120636.0,30756.0,20318.0,12689.0,17,4,66.06,46,Unemployed,Doctorate,Single,Signature,West,0
CUST100172,62,54090.0,21416.0,6910.0,4002.0,23,0,32.27,34,Business,High School,Married,Gold,North,0
CUST100173,65,88670.0,14170.0,7598.0,2252.0,20,4,53.62,61,Salaried,Master,Divorced,Gold,East,0
CUST100174,26,37098.0,18018.0,6483.0,2613.0,22,2,35.98,87,Salaried,Bachelor,Married,Gold,West,0
CUST100175,48,64163.0,26408.0,4784.0,2141.0,28,2,18.12,91,Salaried,Master,Single,Standard,South,0
CUST100176,48,59056.0,35393.0,18309.0,3654.0,23,1,51.73,124,Salaried,High School,Married,Platinum,North,0
CUST100177,64,73575.0,17084.0,5794.0,4344.0,28,1,33.91,58,Business,Bachelor,Single,Standard,North,0
CUST100178,64,53045.0,29284.0,7504.0,2614.0,28,0,25.62,28,Salaried,Bachelor,Married,Standard,Central,0
CUST100179,40,60466.0,33013.0,8599.0,6496.0,26,1,26.05,25,Salaried,Master,Married,Standard,West,0
CUST100180,50,102382.0,21868.0,11370.0,3067.0,25,0,51.99,79,Salaried,Master,Married,Signature,Central,0
CUST100181,31,51120.0,17855.0,6975.0,1477.0,21,0,39.06,116,Salaried,Bachelor,Single,Standard,South,0
CUST100182,48,26864.0,6315.0,2182.0,723.0,29,1,34.55,43,Unemployed,Bachelor,Divorced,Standard,East,0
CUST100183,45,170146.0,47192.0,14367.0,5125.0,18,1,30.44,46,Salaried,Master,Single,Signature,East,0
CUST100184,59,138960.0,39134.0,6091.0,902.0,20,2,15.56,105,Self-Employed,Diploma,Single,Gold,West,0
CUST100185,53,31933.0,13671.0,8195.0,5385.0,14,4,59.94,80,Salaried,Diploma,Married,Gold,South,0
CUST100186,21,94986.0,33787.0,13370.0,8801.0,20,2,,33,Business,High School,Single,Platinum,,0
CUST100187,47,49291.0,30751.0,15140.0,9813.0,17,2,49.23,77,Business,High School,Married,Platinum,East,0
CUST100188,33,75136.0,16018.0,7681.0,2127.0,18,3,47.95,30,Salaried,Master,Married,Platinum,South,0
CUST100189,61,76417.0,48666.0,36580.0,9725.0,15,1,75.17,37,Self-Employed,Bachelor,Single,Platinum,North,0
CUST100190,23,57138.0,15160.0,6021.0,3107.0,32,0,39.72,15,Salaried,Master,Single,Platinum,East,0
CUST100191,59,42238.0,22658.0,5408.0,2817.0,22,2,23.87,37,Student,Master,Married,Standard,East,0
CUST100192,26,44460.0,14204.0,5995.0,3795.0,22,2,42.21,86,Salaried,Bachelor,Single,Gold,North,0
CUST100193,28,39271.0,8700.0,642.0,151.0,17,3,7.38,68,Student,Bachelor,Single,Gold,East,0
CUST100194,47,41136.0,23815.0,8960.0,5993.0,20,3,37.62,54,Self-Employed,Bachelor,Married,Platinum,East,0
CUST100195,29,62642.0,19070.0,10310.0,6188.0,18,2,54.06,28,Salaried,Master,Married,Signature,North,0
CUST100196,57,43848.0,21022.0,4964.0,1651.0,27,3,23.61,71,Salaried,Master,Single,Standard,North,0
CUST100197,53,94587.0,40977.0,28722.0,8871.0,21,3,70.09,27,Salaried,High School,Single,Gold,Central,0
CUST100198,62,147285.0,56834.0,9261.0,7018.0,24,0,16.29,38,Unemployed,Diploma,Single,Standard,North,0
CUST100199,64,47246.0,18800.0,9514.0,2593.0,20,3,50.61,47,Salaried,Bachelor,Married,,South,0
CUST100200,44,74148.0,38269.0,12933.0,8004.0,25,2,33.79,144,Student,Diploma,Single,Gold,South,0
CUST100201,35,85560.0,16589.0,13354.0,3176.0,24,2,80.5,55,Student,Bachelor,Single,Standard,West,0
CUST100202,52,84267.0,40793.0,15982.0,7390.0,14,3,39.18,95,Salaried,Diploma,Widowed,Platinum,West,0
CUST100203,52,67773.0,40522.0,7743.0,4000.0,25,1,19.11,62,Salaried,Bachelor,Single,Platinum,Central,0
CUST100204,44,97794.0,17495.0,11295.0,3667.0,28,2,64.56,111,Salaried,High School,Single,Platinum,South,0
CUST100205,61,84743.0,18671.0,9515.0,4647.0,22,1,,104,Unemployed,Master,Married,Standard,West,0
CUST100206,69,32907.0,16727.0,10417.0,4252.0,25,1,62.28,42,,Bachelor,Single,Platinum,,0
CUST100207,69,104839.0,38648.0,21601.0,9996.0,25,3,55.89,72,Self-Employed,Bachelor,Single,Platinum,South,0
CUST100208,32,105890.0,37249.0,10850.0,8077.0,30,7,29.13,39,Self-Employed,Bachelor,Single,Signature,Central,0
CUST100209,59,42716.0,9333.0,2024.0,444.0,19,1,21.69,73,Salaried,Diploma,Single,Standard,East,0
CUST100210,22,66371.0,26773.0,9674.0,3960.0,29,1,36.13,118,Unemployed,Master,Single,Gold,South,0
CUST100211,23,94653.0,20187.0,3147.0,1020.0,23,4,15.59,83,Unemployed,High School,Single,Platinum,Central,0
CUST100212,69,57932.0,22496.0,13909.0,7776.0,17,5,61.83,70,Salaried,Bachelor,Married,Gold,Central,0
CUST100213,57,117275.0,62368.0,50154.0,17564.0,27,0,80.42,41,Unemployed,High School,Single,Platinum,East,0
CUST100214,69,238535.0,66583.0,38976.0,5251.0,16,4,58.54,42,Unemployed,Bachelor,Married,Gold,North,1
CUST100215,37,42186.0,16469.0,7536.0,5096.0,19,0,45.76,75,Salaried,High School,Married,Standard,North,0
CUST100216,69,30411.0,19646.0,9440.0,6665.0,22,1,48.05,80,Salaried,Bachelor,Divorced,Platinum,East,0
CUST100217,22,76822.0,37898.0,17316.0,11928.0,18,3,45.69,20,Student,Diploma,Married,Gold,Central,0
CUST100218,22,96665.0,55165.0,24456.0,12291.0,22,1,44.33,42,Unemployed,Bachelor,Divorced,Standard,Central,0
CUST100219,48,57249.0,20462.0,3674.0,2736.0,17,3,17.96,63,Salaried,High School,Married,Gold,Central,0
CUST100220,43,144558.0,77184.0,24043.0,2282.0,21,7,31.15,70,Self-Employed,Bachelor,Married,Gold,West,0
CUST100221,57,31129.0,5300.0,2083.0,406.0,18,1,39.3,80,Salaried,Diploma,Married,Gold,Central,0
CUST100222,52,,20121.0,2015.0,308.0,21,0,10.01,29,Salaried,Bachelor,Married,Standard,West,0
CUST100223,53,46580.0,11717.0,5404.0,1893.0,20,0,46.12,78,Unemployed,Bachelor,Married,Standard,West,0
CUST100224,21,167343.0,58733.0,6733.0,1750.0,16,1,11.46,93,Salaried,Bachelor,Single,Platinum,South,0
CUST100225,39,194469.0,111406.0,69712.0,8320.0,18,1,62.57,49,Business,Master,Single,Gold,South,0
CUST100226,22,42637.0,13777.0,4764.0,1292.0,21,5,34.58,39,Salaried,Bachelor,Married,Gold,South,0
CUST100227,64,48045.0,22932.0,16982.0,6174.0,29,4,74.05,101,Salaried,Master,Single,Gold,North,0
CUST100228,46,104288.0,52630.0,36126.0,14682.0,22,3,68.64,61,Salaried,Master,Married,Gold,South,0
CUST100229,52,52534.0,23277.0,9110.0,6466.0,25,1,39.14,45,Salaried,Bachelor,Widowed,Gold,Central,0
CUST100230,26,63397.0,20834.0,4620.0,3826.0,21,1,22.18,71,Unemployed,High School,Single,Standard,Central,0
CUST100231,52,65914.0,28905.0,9278.0,4305.0,19,1,32.1,20,Salaried,Bachelor,Married,Standard,North,0
CUST100232,24,22614.0,7262.0,2236.0,1202.0,27,0,30.79,48,Business,Bachelor,Widowed,Gold,West,0
CUST100233,31,64507.0,12381.0,7184.0,5431.0,20,3,58.02,99,Salaried,High School,Married,Platinum,Central,0
CUST100234,37,44480.0,28752.0,13803.0,2798.0,26,1,48.01,53,Self-Employed,Master,Married,Signature,South,0
CUST100235,58,49559.0,10585.0,8436.0,5467.0,20,2,79.7,21,Salaried,Bachelor,Single,Platinum,West,0
CUST100236,44,143794.0,26771.0,11696.0,4565.0,23,0,43.69,71,Salaried,Diploma,Married,Standard,South,0
CUST100237,25,32567.0,19191.0,741.0,356.0,18,2,3.86,68,Business,Bachelor,Married,Standard,South,0
CUST100238,54,101662.0,30592.0,23404.0,5697.0,25,1,76.5,44,Business,Bachelor,Divorced,Gold,Central,0
CUST100239,26,55754.0,26491.0,16247.0,3493.0,20,0,61.33,106,Salaried,Bachelor,Widowed,Standard,North,0
CUST100240,42,55730.0,17527.0,9869.0,3952.0,21,2,56.31,127,Business,Diploma,Married,Signature,East,0
CUST100241,31,100393.0,34709.0,19699.0,7428.0,23,3,56.75,103,Self-Employed,High School,Married,Standard,East,0
CUST100242,68,78368.0,22026.0,7440.0,2239.0,18,1,33.78,73,Salaried,Bachelor,Married,Gold,Central,0
CUST100243,36,88963.0,28604.0,16029.0,4361.0,26,1,56.04,50,Business,Diploma,Single,Standard,East,0
CUST100244,53,110707.0,39340.0,10934.0,4349.0,22,1,27.79,17,Business,Diploma,Married,Standard,Central,0
CUST100245,29,54172.0,27639.0,9593.0,4104.0,20,2,34.71,60,Self-Employed,Bachelor,Married,Standard,South,0
CUST100246,26,46417.0,18835.0,10145.0,3942.0,19,6,53.86,32,Salaried,Diploma,Single,Standard,East,0
CUST100247,36,35786.0,22251.0,7864.0,749.0,24,2,35.34,33,Self-Employed,Master,Divorced,Gold,North,0
CUST100248,49,41281.0,7057.0,2854.0,1015.0,25,3,40.44,42,Salaried,Bachelor,Married,Signature,Central,0
CUST100249,23,329109.0,132149.0,40097.0,22288.0,17,2,30.34,180,Salaried,Bachelor,Married,Standard,South,0
CUST100250,40,128890.0,56984.0,34705.0,21007.0,20,3,60.9,20,Salaried,Bachelor,Divorced,Platinum,Central,0
CUST100251,56,30917.0,18862.0,8405.0,7507.0,17,2,44.56,72,Self-Employed,Diploma,Single,Standard,South,0
CUST100252,39,31407.0,5483.0,3437.0,1836.0,17,1,62.68,83,Self-Employed,Diploma,Single,Gold,North,0
CUST100253,46,84725.0,37004.0,6687.0,3839.0,20,5,18.07,35,Salaried,Master,Single,Gold,South,0
CUST100254,23,87828.0,50661.0,13560.0,6986.0,17,1,26.77,32,Self-Employed,Bachelor,Single,Standard,South,0
CUST100255,39,87906.0,23819.0,11426.0,1444.0,19,4,47.97,66,Salaried,Bachelor,Widowed,Standard,Central,0
CUST100256,40,56496.0,33228.0,20499.0,13586.0,20,2,61.69,47,Student,Master,Married,Gold,West,0
CUST100257,52,60666.0,9678.0,3268.0,1540.0,30,0,33.77,66,Business,Master,Married,Gold,South,0
CUST100258,27,77845.0,40186.0,29449.0,5849.0,18,0,73.28,33,Business,Bachelor,Married,Gold,East,0
CUST100259,61,68144.0,42015.0,8064.0,6352.0,35,1,19.19,104,Salaried,Bachelor,Single,Signature,West,0
CUST100260,53,19178.0,9179.0,3734.0,515.0,19,2,40.68,67,Unemployed,Master,Married,Gold,East,0
CUST100261,60,57283.0,21167.0,14151.0,5133.0,20,1,66.85,37,Unemployed,High School,Single,Standard,Central,0
CUST100262,59,40695.0,7017.0,5177.0,2980.0,22,2,73.78,33,Self-Employed,High School,Single,Platinum,North,1
CUST100263,38,71576.0,43665.0,16717.0,5018.0,24,2,38.28,89,Salaried,Bachelor,Married,Gold,North,0
CUST100264,60,335721.0,129302.0,14860.0,4922.0,25,3,11.49,82,Self-Employed,Bachelor,Divorced,Standard,East,0
CUST100265,21,79559.0,13087.0,,2749.0,15,1,35.52,62,Salaried,High School,Married,Platinum,West,0
CUST100266,31,54704.0,27074.0,5821.0,2255.0,22,0,21.5,100,Self-Employed,High School,Married,Standard,West,0
CUST100267,48,107919.0,42188.0,17122.0,11455.0,20,1,40.59,59,Unemployed,Diploma,Divorced,Signature,South,0
CUST100268,45,84764.0,17985.0,7683.0,4675.0,29,2,42.72,30,Business,High School,Single,Gold,North,0
CUST100269,70,81895.0,21058.0,6010.0,2491.0,22,2,28.54,86,Salaried,Bachelor,Married,Standard,West,0
CUST100270,43,90754.0,16539.0,8844.0,1575.0,23,1,53.47,51,Salaried,High School,Single,Gold,South,0
CUST100271,51,201439.0,88058.0,48187.0,13347.0,31,2,54.72,28,Unemployed,Bachelor,Married,Standard,West,0
CUST100272,50,34897.0,16088.0,8115.0,4856.0,27,1,50.44,36,Salaried,Bachelor,Single,Standard,North,0
CUST100273,62,84342.0,33979.0,16480.0,13381.0,23,1,48.5,102,Student,Master,Married,Standard,West,0
CUST100274,55,39051.0,21812.0,8005.0,657.0,28,3,36.7,100,Salaried,Master,Single,Gold,Central,0
CUST100275,27,88228.0,51217.0,18074.0,11586.0,21,3,35.29,62,Salaried,High School,Single,Standard,Central,0
CUST100276,36,39217.0,17954.0,5928.0,1116.0,34,1,33.02,70,Business,Diploma,Single,Standard,East,0
CUST100277,46,51668.0,8080.0,3283.0,1800.0,19,0,40.63,48,Salaried,Master,Single,Standard,South,0
CUST100278,68,55262.0,27499.0,7015.0,5604.0,21,3,25.51,97,Self-Employed,High School,Divorced,Standard,North,0
CUST100279,69,111173.0,39911.0,21906.0,14028.0,22,1,54.89,63,Self-Employed,Bachelor,Married,Gold,South,0
CUST100280,22,107720.0,46619.0,21381.0,3326.0,17,0,45.86,72,Self-Employed,Diploma,Divorced,Gold,West,0
CUST100281,21,32761.0,15546.0,4752.0,3072.0,22,3,30.57,76,Salaried,Bachelor,Single,Standard,South,0
CUST100282,68,66994.0,21781.0,4519.0,1669.0,19,1,20.75,40,Self-Employed,Doctorate,Married,Standard,East,0
CUST100283,32,43997.0,26774.0,3422.0,1685.0,19,4,12.78,39,Unemployed,Bachelor,Married,Standard,East,0
CUST100284,25,32532.0,7059.0,2381.0,763.0,14,1,33.73,42,Salaried,Bachelor,Widowed,Signature,West,0
CUST100285,57,57687.0,28022.0,9052.0,6314.0,26,2,32.3,34,Salaried,Bachelor,Married,Standard,West,1
CUST100286,52,54857.0,8348.0,5731.0,4696.0,25,1,68.65,47,Salaried,High School,Married,Platinum,North,0
CUST100287,29,246924.0,150000.0,34886.0,22184.0,20,1,23.26,130,Salaried,Doctorate,Divorced,Platinum,Central,0
CUST100288,61,82477.0,17011.0,4708.0,3845.0,26,3,27.68,61,,Bachelor,Married,Signature,South,0
CUST100289,55,30469.0,6016.0,587.0,447.0,13,3,9.76,37,Self-Employed,Doctorate,Married,Gold,South,0
CUST100290,39,47644.0,15080.0,7143.0,1741.0,18,1,47.37,85,Salaried,Bachelor,Married,Standard,Central,0
CUST100291,68,113994.0,38391.0,10612.0,5662.0,25,4,27.64,48,Student,Diploma,Married,Standard,North,0
CUST100292,36,205004.0,52717.0,25286.0,15005.0,19,3,47.97,89,Salaried,Bachelor,Single,Standard,South,0
CUST100293,23,27170.0,12024.0,4582.0,4057.0,15,1,38.11,115,Unemployed,Bachelor,Married,Standard,Central,0
CUST100294,40,23114.0,8586.0,4624.0,3435.0,29,3,53.86,35,Business,Bachelor,Single,Platinum,East,1
CUST100295,44,181893.0,30392.0,18710.0,6330.0,27,1,61.56,29,Self-Employed,Master,Divorced,Gold,Central,0
CUST100296,53,80534.0,24952.0,6907.0,2751.0,22,1,27.68,68,Self-Employed,Bachelor,Divorced,Platinum,South,0
CUST100297,44,,22386.0,10167.0,5444.0,25,2,45.42,82,Student,Diploma,Married,Gold,South,0
CUST100298,31,87220.0,43161.0,12895.0,8650.0,20,0,29.88,63,Business,Doctorate,Married,Standard,North,0
CUST100299,69,18000.0,9224.0,6601.0,3272.0,27,3,71.56,73,Self-Employed,Bachelor,Single,Standard,East,0
CUST100300,28,65121.0,32499.0,16263.0,10136.0,22,2,50.04,43,Salaried,Diploma,Single,Standard,North,0
CUST100301,56,77843.0,23780.0,5855.0,2688.0,26,2,24.62,97,Salaried,Master,Married,Standard,South,0
CUST100302,58,108065.0,21595.0,8695.0,2338.0,21,6,40.26,54,Business,Bachelor,Married,Gold,West,1
CUST100303,60,37216.0,10652.0,3458.0,1139.0,23,3,32.46,40,Self-Employed,Master,Single,Standard,West,1
CUST100304,40,,38558.0,28336.0,11788.0,24,3,73.49,31,Unemployed,High School,Divorced,Standard,South,0
CUST100305,55,39072.0,25015.0,3902.0,1763.0,24,0,15.6,90,Student,Bachelor,Single,Standard,North,0
CUST100306,68,74802.0,29691.0,14283.0,1948.0,22,3,48.11,47,Salaried,Bachelor,Married,Gold,North,1
CUST100307,45,39724.0,6151.0,3240.0,1682.0,21,2,52.67,30,Salaried,Master,Single,Standard,South,0
CUST100308,55,51932.0,11426.0,7075.0,4720.0,19,2,61.92,39,Salaried,Bachelor,Single,Gold,North,0
CUST100309,45,37588.0,11691.0,1057.0,288.0,21,3,9.04,74,Salaried,Bachelor,Married,Signature,South,0
CUST100310,49,92992.0,40851.0,25048.0,5482.0,16,4,61.32,61,Salaried,High School,Single,Standard,East,0
CUST100311,38,104223.0,19547.0,8031.0,6172.0,26,2,41.09,88,Salaried,Master,Widowed,Signature,North,0
CUST100312,66,57131.0,35517.0,5923.0,2771.0,23,3,16.68,180,Salaried,High School,Married,Platinum,Central,0
CUST100313,38,66381.0,22074.0,5830.0,3108.0,20,0,26.41,39,Salaried,Master,Married,Standard,North,0
CUST100314,22,29302.0,17766.0,7849.0,2970.0,14,1,44.18,76,Student,Master,Married,Signature,West,0
CUST100315,55,55123.0,29781.0,13725.0,3211.0,25,0,46.09,109,Salaried,Bachelor,Married,Gold,East,0
CUST100316,36,63230.0,33368.0,13711.0,8464.0,19,5,41.09,60,Salaried,Master,Married,Gold,East,0
CUST100317,61,274740.0,124556.0,67864.0,14917.0,16,1,54.48,62,Salaried,Master,Single,Gold,East,0
CUST100318,56,35262.0,16340.0,7962.0,5745.0,21,0,48.73,30,Salaried,Master,Married,Standard,South,0
CUST100319,53,145429.0,68206.0,48060.0,2333.0,24,3,70.46,75,Business,Bachelor,Divorced,Standard,West,0
CUST100320,24,112467.0,52225.0,20575.0,17605.0,26,1,39.4,94,Self-Employed,Master,Single,Gold,South,0
CUST100321,53,75848.0,32377.0,21570.0,2416.0,18,3,66.62,32,Salaried,Bachelor,Single,Signature,East,0
CUST100322,34,170994.0,109985.0,24126.0,11164.0,18,0,21.94,45,Unemployed,Bachelor,Widowed,Standard,West,0
CUST100323,41,79762.0,41169.0,10488.0,2018.0,12,2,,173,Salaried,Doctorate,Widowed,Platinum,North,0
CUST100324,68,80513.0,43354.0,11933.0,8522.0,29,2,27.52,114,Student,Bachelor,Married,Signature,North,0
CUST100325,40,63128.0,37008.0,24606.0,17209.0,23,1,66.49,72,Self-Employed,Master,Married,Standard,East,0
CUST100326,28,127402.0,32847.0,6052.0,,16,0,18.42,81,Salaried,Bachelor,Married,Standard,Central,0
CUST100327,27,118800.0,22798.0,8107.0,3931.0,23,2,35.56,47,Salaried,Bachelor,Married,Standard,South,0
CUST100328,23,46075.0,18036.0,,212.0,13,1,2.63,159,Student,Bachelor,Married,Standard,West,0
CUST100329,37,31463.0,12807.0,4759.0,482.0,21,0,37.16,48,Salaried,Diploma,Married,Platinum,East,0
CUST100330,53,58134.0,32822.0,10017.0,4091.0,28,3,30.52,90,Self-Employed,Doctorate,Single,Standard,South,0
CUST100331,68,41861.0,15568.0,998.0,744.0,22,1,6.41,52,Student,Bachelor,Married,Standard,East,0
CUST100332,32,62768.0,27331.0,14415.0,8008.0,29,1,52.74,97,Self-Employed,Diploma,Single,Gold,East,0
CUST100333,42,128378.0,53089.0,28959.0,18321.0,31,0,54.55,75,Self-Employed,Bachelor,Married,Gold,South,0
CUST100334,42,50545.0,8547.0,3515.0,1399.0,18,4,41.13,53,Salaried,High School,Married,Gold,South,0
CUST100335,66,63487.0,29052.0,3973.0,2194.0,32,2,13.68,76,Business,Bachelor,Divorced,Gold,South,0
CUST100336,50,67108.0,37850.0,19496.0,6680.0,19,0,51.51,31,Self-Employed,Bachelor,Divorced,Standard,Central,0
CUST100337,58,103650.0,23710.0,10984.0,6323.0,16,2,46.33,92,Salaried,Diploma,Divorced,Standard,South,0
CUST100338,58,18889.0,8447.0,3021.0,1719.0,26,0,35.76,25,Self-Employed,Doctorate,Married,Standard,Central,0
CUST100339,65,46558.0,20802.0,12728.0,7467.0,27,3,61.19,82,Salaried,Bachelor,Married,Signature,North,0
CUST100340,28,73010.0,16945.0,4776.0,1694.0,14,1,28.19,76,Self-Employed,Diploma,Single,Standard,North,0
CUST100341,47,125767.0,26629.0,8771.0,4992.0,27,2,32.94,89,Self-Employed,Master,Single,Gold,North,0
CUST100342,47,49593.0,31741.0,15254.0,5897.0,27,2,48.06,51,Salaried,Bachelor,Married,Standard,West,0
CUST100343,54,23157.0,8032.0,3963.0,1988.0,17,0,49.34,62,Salaried,Master,Married,Gold,North,0
CUST100344,41,91398.0,24103.0,9555.0,6976.0,18,2,39.64,9,Business,Bachelor,Married,Standard,East,0
CUST100345,50,,10800.0,6625.0,2649.0,16,0,61.34,27,Business,Diploma,Single,Standard,West,0
CUST100346,53,33787.0,16346.0,1396.0,805.0,29,0,8.54,64,Salaried,High School,Single,Signature,East,0
CUST100347,48,46108.0,20966.0,17332.0,7385.0,23,2,82.67,42,Self-Employed,Bachelor,Married,Gold,North,0
CUST100348,67,58727.0,27706.0,22140.0,7263.0,27,2,79.91,26,Salaried,Bachelor,Divorced,Gold,West,0
CUST100349,53,46608.0,9042.0,5013.0,3080.0,18,2,55.44,62,Salaried,High School,Single,Standard,South,0
CUST100350,25,19324.0,11532.0,5721.0,2464.0,19,0,49.61,89,Salaried,Diploma,Married,Standard,North,0
CUST100351,68,106460.0,36690.0,14094.0,9641.0,19,2,38.41,66,Salaried,High School,Single,Gold,West,1
CUST100352,39,131049.0,40191.0,7935.0,3175.0,19,1,19.74,28,Salaried,High School,Single,Gold,North,0
CUST100353,24,93012.0,35454.0,22062.0,9437.0,36,0,62.23,32,Business,Bachelor,Widowed,Standard,East,0
CUST100354,55,34767.0,11996.0,2804.0,1314.0,27,1,23.37,30,Salaried,Diploma,Single,Gold,South,0
CUST100355,69,58181.0,33849.0,6891.0,1403.0,18,1,20.36,109,Salaried,Diploma,Single,Standard,South,0
CUST100356,37,64767.0,39808.0,31420.0,18701.0,22,0,78.93,26,Salaried,Bachelor,Single,Gold,West,0
CUST100357,64,90353.0,27262.0,4209.0,1889.0,28,3,15.44,44,Self-Employed,Bachelor,Married,Gold,North,1
CUST100358,48,93876.0,54633.0,12557.0,7075.0,25,1,22.98,47,Unemployed,Master,Single,Standard,West,0
CUST100359,50,,23472.0,10719.0,6527.0,25,2,45.67,33,Self-Employed,Bachelor,Married,Standard,West,0
CUST100360,49,67998.0,41846.0,13024.0,9123.0,22,1,31.12,54,Student,High School,Widowed,Platinum,Central,0
CUST100361,66,83587.0,22809.0,13379.0,2441.0,22,2,58.66,24,Unemployed,Bachelor,Single,Gold,East,1
CUST100362,26,144762.0,63475.0,19506.0,4008.0,16,2,,18,Self-Employed,Diploma,Divorced,Gold,North,0
CUST100363,55,95762.0,27510.0,6890.0,1979.0,19,1,25.05,44,Salaried,Diploma,Single,Gold,North,0
CUST100364,61,100320.0,56385.0,5718.0,3113.0,27,2,10.14,14,Student,Diploma,Single,Gold,East,0
CUST100365,57,68067.0,10391.0,5735.0,2585.0,26,0,55.19,51,Student,Bachelor,Married,Standard,West,0
CUST100366,44,141195.0,61054.0,43761.0,6333.0,17,2,71.68,159,Student,High School,Single,Standard,North,1
CUST100367,49,81431.0,26025.0,13833.0,9620.0,13,0,53.15,67,Unemployed,Diploma,Single,Standard,South,0
CUST100368,69,40479.0,12603.0,8439.0,3111.0,25,1,66.96,17,Salaried,Master,Married,Standard,West,0
CUST100369,66,140645.0,66448.0,4423.0,1637.0,20,0,6.66,29,Salaried,Master,Single,Platinum,South,0
CUST100370,51,95415.0,54934.0,24825.0,7460.0,23,0,45.19,50,Business,High School,Divorced,Standard,South,0
CUST100371,55,50943.0,23159.0,7462.0,1364.0,22,0,32.22,38,Self-Employed,High School,Single,Standard,West,0
CUST100372,53,49932.0,28790.0,19197.0,4858.0,24,3,,36,Student,Master,Married,Standard,South,0
CUST100373,41,76516.0,21600.0,20235.0,5478.0,25,1,93.68,38,Salaried,Diploma,Single,Standard,West,0
CUST100374,52,83859.0,34361.0,4987.0,2911.0,21,0,14.51,130,Self-Employed,Bachelor,Single,Standard,South,0
CUST100375,43,72450.0,27188.0,12548.0,5709.0,26,2,46.15,107,Unemployed,Bachelor,Widowed,Gold,Central,0
CUST100376,53,77139.0,12020.0,8503.0,3502.0,21,1,70.74,34,Salaried,Master,Married,Standard,North,0
CUST100377,23,165565.0,70929.0,4116.0,,23,2,5.8,56,Salaried,Diploma,Married,Standard,West,0
CUST100378,38,117183.0,56337.0,11236.0,7111.0,21,2,19.94,41,Salaried,Master,Single,Standard,North,0
CUST100379,45,72185.0,32191.0,21781.0,14007.0,24,2,67.66,18,Salaried,Bachelor,Married,Gold,West,0
CUST100380,62,109083.0,56520.0,43120.0,22881.0,25,1,76.29,23,Salaried,Master,Married,Standard,North,0
CUST100381,51,36837.0,16049.0,1899.0,1216.0,24,4,11.83,53,Salaried,Bachelor,Married,Gold,East,0
CUST100382,23,80903.0,14836.0,8095.0,,20,1,54.56,41,Salaried,Master,Married,Standard,South,0
CUST100383,60,175828.0,36611.0,11551.0,7120.0,28,1,31.55,95,Salaried,High School,Single,Platinum,East,0
CUST100384,66,57654.0,25843.0,6366.0,1275.0,24,4,24.63,37,Salaried,Bachelor,Single,Standard,North,0
CUST100385,44,40780.0,11724.0,6747.0,3583.0,32,0,57.55,52,Student,Diploma,Married,Standard,,0
CUST100386,70,45410.0,8620.0,1372.0,550.0,25,3,15.92,89,Self-Employed,High School,Single,Gold,West,0
CUST100387,52,35698.0,13023.0,2237.0,438.0,19,2,17.18,119,Student,Bachelor,Married,Platinum,South,0
CUST100388,67,42215.0,18033.0,7063.0,1812.0,24,1,39.17,42,Salaried,Bachelor,Single,Standard,East,0
CUST100389,42,53017.0,16667.0,7547.0,5010.0,22,0,45.28,103,Salaried,High School,Single,Gold,West,0
CUST100390,43,30004.0,15309.0,11089.0,4148.0,12,5,72.43,57,Salaried,Master,Married,Standard,East,1
CUST100391,22,65561.0,30937.0,8087.0,3342.0,27,4,26.14,85,Salaried,Diploma,Married,Gold,West,0
CUST100392,47,106766.0,33782.0,7589.0,2458.0,24,5,22.46,42,Student,Bachelor,Single,Gold,North,0
CUST100393,62,39453.0,20809.0,6330.0,4195.0,17,3,30.42,42,Salaried,Doctorate,Single,Signature,West,0
CUST100394,22,149904.0,71107.0,20829.0,9349.0,27,1,29.29,64,Salaried,Diploma,Married,Gold,East,0
CUST100395,46,86084.0,40350.0,23136.0,15199.0,16,3,57.34,22,Business,High School,Single,Standard,West,0
CUST100396,37,114572.0,48889.0,20847.0,14729.0,28,1,42.64,40,Business,Diploma,Single,Standard,Central,0
CUST100397,60,45267.0,7048.0,1111.0,155.0,16,2,15.76,53,Salaried,Master,Single,Standard,North,0
CUST100398,53,103998.0,51817.0,24574.0,6213.0,17,0,47.42,57,Self-Employed,High School,Single,Platinum,South,0
CUST100399,29,35653.0,12051.0,2133.0,1288.0,21,2,17.7,78,Salaried,Bachelor,Married,Platinum,East,0
CUST100400,63,106062.0,65897.0,35990.0,5904.0,19,1,54.62,23,Salaried,Master,Single,Gold,North,0
CUST100401,68,71443.0,39936.0,2675.0,1420.0,26,2,6.7,45,Salaried,Master,Married,Standard,South,0
CUST100402,59,88118.0,39111.0,26607.0,15501.0,22,0,68.03,34,Business,Bachelor,Single,Platinum,North,0
CUST100403,49,34049.0,9401.0,1763.0,391.0,31,0,18.75,89,Salaried,Bachelor,Single,Gold,West,0
CUST100404,62,39730.0,10006.0,5533.0,2689.0,23,3,55.3,34,Salaried,Master,Single,Standard,East,1
CUST100405,46,90275.0,28905.0,16217.0,11215.0,13,2,56.1,58,Student,Diploma,Single,Standard,North,0
CUST100406,55,38582.0,14981.0,3087.0,1000.0,22,0,20.61,34,Salaried,Bachelor,Married,Gold,South,0
CUST100407,70,83860.0,24993.0,12861.0,4611.0,20,2,51.46,125,Salaried,Bachelor,Single,Gold,South,0
CUST100408,45,30645.0,12487.0,6883.0,398.0,13,0,55.12,82,Student,Master,Married,Standard,South,0
CUST100409,44,103636.0,24115.0,6712.0,3140.0,28,0,27.83,40,Self-Employed,High School,Married,Platinum,North,0
CUST100410,33,33000.0,21082.0,13832.0,1753.0,19,1,65.61,74,Self-Employed,Master,Single,Gold,South,0
CUST100411,27,88072.0,17963.0,6424.0,286.0,21,0,35.76,45,Self-Employed,Master,Married,Standard,North,0
CUST100412,56,91697.0,56483.0,7317.0,3652.0,24,1,12.95,103,Salaried,Bachelor,Married,Gold,North,0
CUST100413,65,44308.0,26886.0,6564.0,3741.0,28,0,24.41,56,Business,Bachelor,Married,Platinum,South,0
CUST100414,40,89524.0,36945.0,11646.0,2738.0,28,3,31.52,107,Salaried,Bachelor,Single,Standard,South,0
CUST100415,21,75011.0,38440.0,7624.0,3869.0,19,0,19.83,51,Salaried,Doctorate,Married,Standard,Central,0
CUST100416,28,48329.0,17786.0,2419.0,1798.0,23,2,13.6,86,Self-Employed,Bachelor,Single,Gold,North,0
CUST100417,66,37326.0,17357.0,4767.0,1570.0,22,1,27.46,128,Business,Diploma,Single,Standard,West,0
CUST100418,36,22086.0,7074.0,3570.0,2695.0,19,3,50.47,123,Business,Master,Married,Standard,South,0
CUST100419,34,78783.0,23681.0,11860.0,10248.0,24,4,50.08,88,Salaried,Master,Single,Standard,East,0
CUST100420,32,27488.0,12070.0,2839.0,1352.0,13,4,23.52,121,Business,Master,Married,Platinum,South,0
CUST100421,43,68500.0,27336.0,4637.0,2737.0,21,2,16.96,11,Self-Employed,High School,Married,Gold,East,0
CUST100422,35,56232.0,24729.0,6796.0,3771.0,16,3,27.48,83,Self-Employed,,Single,Gold,West,0
CUST100423,48,94435.0,27701.0,11410.0,4307.0,18,2,41.19,86,Unemployed,Bachelor,Single,Standard,North,0
CUST100424,54,55051.0,18358.0,2817.0,827.0,18,5,15.34,28,Salaried,Diploma,Married,Standard,South,0
CUST100425,22,54228.0,10409.0,3431.0,2448.0,19,1,32.96,26,Business,Bachelor,Married,Standard,South,0
CUST100426,52,97214.0,17123.0,6541.0,3528.0,21,2,38.2,105,Self-Employed,Bachelor,Single,Platinum,North,0
CUST100427,43,78153.0,21627.0,9211.0,2395.0,25,1,42.59,37,Salaried,High School,Married,Standard,North,0
CUST100428,42,77345.0,14473.0,5545.0,2924.0,22,2,38.31,87,Business,Bachelor,Married,Standard,West,0
CUST100429,45,84140.0,16987.0,12474.0,4885.0,26,1,73.43,101,Salaried,Bachelor,Married,Platinum,Central,0
CUST100430,42,27933.0,15544.0,10093.0,3422.0,22,1,64.93,80,Self-Employed,High School,Single,Standard,South,0
CUST100431,42,98556.0,16699.0,14749.0,8869.0,28,3,88.32,79,Self-Employed,Master,Married,Gold,West,0
CUST100432,69,91035.0,43649.0,7638.0,1543.0,19,2,17.5,66,Self-Employed,Bachelor,Single,Standard,Central,0
CUST100433,62,37159.0,10638.0,1594.0,937.0,20,0,14.98,100,Salaried,High School,Married,Gold,North,0
CUST100434,26,56834.0,33292.0,13461.0,6552.0,26,1,40.43,55,Salaried,Master,Single,Standard,South,0
CUST100435,35,63610.0,24967.0,4814.0,1878.0,22,1,19.28,66,Salaried,Bachelor,Single,Platinum,West,0
CUST100436,63,60365.0,18278.0,8271.0,3103.0,15,0,45.25,11,Salaried,Diploma,Married,Standard,North,0
CUST100437,57,78102.0,31930.0,9261.0,5962.0,16,2,29.0,44,Business,High School,Single,Standard,East,0
CUST100438,53,142828.0,48701.0,5357.0,2424.0,14,1,11.0,49,Business,Master,Single,Gold,East,0
CUST100439,28,117844.0,50926.0,26599.0,11207.0,22,1,52.23,70,Self-Employed,Doctorate,Married,Platinum,West,0
CUST100440,64,,6547.0,4887.0,3674.0,15,0,74.64,83,Unemployed,Diploma,Single,Standard,East,1
CUST100441,64,91517.0,59348.0,19980.0,12061.0,16,7,33.67,51,Salaried,Bachelor,Single,Platinum,East,0
CUST100442,25,135003.0,48976.0,18778.0,6098.0,28,3,38.34,45,Business,Diploma,Married,Standard,West,0
CUST100443,59,80409.0,26062.0,11622.0,5324.0,18,6,44.59,51,Salaried,Bachelor,Single,Standard,East,0
CUST100444,24,118442.0,59826.0,27499.0,15159.0,19,5,45.96,27,Salaried,Master,Married,Gold,Central,0
CUST100445,26,196593.0,65259.0,44267.0,12395.0,24,2,67.83,44,,High School,Single,Gold,West,0
CUST100446,65,114140.0,64676.0,27618.0,9128.0,21,0,42.7,36,Self-Employed,Diploma,Single,Platinum,West,0
CUST100447,52,513664.0,28117.0,24557.0,7004.0,16,1,87.34,89,Business,Diploma,Married,Standard,South,0
CUST100448,50,115490.0,58874.0,32643.0,12939.0,24,0,55.45,76,Business,Diploma,Divorced,Gold,Central,0
CUST100449,67,70392.0,14341.0,2249.0,734.0,16,3,15.68,42,Salaried,High School,Married,Gold,East,0
CUST100450,55,65860.0,37742.0,11536.0,3179.0,23,1,30.57,43,Salaried,Bachelor,Single,Signature,South,0
CUST100451,60,53576.0,27745.0,6577.0,1074.0,18,4,23.71,48,Salaried,High School,Married,Standard,Central,0
CUST100452,36,153587.0,39297.0,35104.0,24865.0,19,3,89.33,44,Unemployed,Master,Single,Standard,South,0
CUST100453,33,41440.0,9226.0,3036.0,1396.0,18,2,32.91,54,Salaried,High School,Divorced,Standard,South,0
CUST100454,70,150986.0,46526.0,31011.0,22131.0,22,1,66.65,100,Business,Diploma,Married,Standard,East,0
CUST100455,62,85568.0,54595.0,10523.0,6346.0,19,1,19.27,17,Salaried,Bachelor,Divorced,Standard,West,0
CUST100456,50,30107.0,8382.0,3384.0,618.0,26,1,40.37,59,Salaried,Bachelor,Married,Gold,South,0
CUST100457,39,79567.0,30081.0,8964.0,3824.0,24,1,29.8,51,Salaried,Diploma,Married,Standard,West,0
CUST100458,37,20478.0,3379.0,1815.0,1015.0,24,2,53.71,36,Salaried,Bachelor,Single,Standard,North,0
CUST100459,39,91690.0,31964.0,17347.0,7901.0,25,2,54.27,16,Salaried,Master,Divorced,Standard,North,0
CUST100460,48,105770.0,46080.0,21624.0,10117.0,19,0,46.93,41,Salaried,Bachelor,Single,Gold,East,0
CUST100461,46,46927.0,29403.0,19506.0,13584.0,14,2,66.34,33,Unemployed,High School,Widowed,Platinum,South,0
CUST100462,57,69570.0,28410.0,15020.0,10673.0,35,2,52.87,55,Salaried,Bachelor,Single,Gold,East,0
CUST100463,46,,106544.0,36439.0,12739.0,22,1,34.2,60,Business,Bachelor,Married,Standard,North,0
CUST100464,43,49216.0,20846.0,10467.0,3310.0,22,1,50.21,18,Self-Employed,Diploma,Married,Gold,South,0
CUST100465,29,36306.0,6186.0,1277.0,734.0,16,1,20.64,22,Salaried,Diploma,Married,Standard,Central,0
CUST100466,32,146834.0,45152.0,21558.0,10705.0,29,3,47.75,60,Salaried,Diploma,Married,Gold,Central,0
CUST100467,21,191294.0,83744.0,39405.0,8199.0,33,0,47.05,52,Self-Employed,Doctorate,Married,Gold,North,0
CUST100468,21,65132.0,40727.0,13792.0,7861.0,21,0,33.86,68,Salaried,Bachelor,Single,Standard,West,0
CUST100469,67,113374.0,65708.0,4652.0,1985.0,16,3,7.08,60,Salaried,Bachelor,Married,Gold,East,0
CUST100470,54,135938.0,35912.0,23673.0,7401.0,28,0,65.92,29,Self-Employed,Bachelor,Widowed,Standard,West,0
CUST100471,52,43208.0,11236.0,7882.0,6498.0,15,2,70.15,24,Self-Employed,Bachelor,Married,Gold,South,0
CUST100472,68,49773.0,12472.0,9884.0,6995.0,16,1,79.25,170,Self-Employed,Bachelor,Married,Gold,East,0
CUST100473,45,127915.0,78188.0,21878.0,15514.0,27,2,27.98,77,Salaried,Bachelor,Married,Standard,Central,0
CUST100474,60,164210.0,94640.0,43251.0,24048.0,27,1,45.7,121,Business,High School,Married,Signature,South,0
CUST100475,65,88586.0,47610.0,29891.0,10590.0,20,2,62.78,32,Salaried,High School,Married,Standard,Central,0
CUST100476,21,40064.0,13877.0,9247.0,3961.0,24,0,66.64,23,Salaried,Bachelor,Single,Signature,Central,0
CUST100477,36,193886.0,77979.0,55739.0,15209.0,22,3,71.48,31,Salaried,Master,Single,Standard,North,0
CUST100478,59,48538.0,18550.0,2258.0,411.0,19,2,12.17,180,Salaried,Bachelor,Married,Standard,South,0
CUST100479,25,54058.0,14958.0,5609.0,4274.0,18,1,37.5,97,Self-Employed,Bachelor,Married,Gold,North,0
CUST100480,42,78467.0,31584.0,8707.0,6864.0,12,3,27.57,85,Salaried,High School,Single,Gold,South,0
CUST100481,49,152807.0,25251.0,14681.0,6201.0,19,1,58.14,90,Salaried,High School,Married,Gold,East,0
CUST100482,23,103967.0,22447.0,3203.0,2428.0,17,0,14.27,113,Salaried,Bachelor,Single,Signature,Central,0
CUST100483,32,513664.0,48448.0,13232.0,4119.0,22,3,27.31,65,Salaried,Bachelor,Married,Standard,South,0
CUST100484,46,83864.0,44099.0,28265.0,5193.0,23,3,64.09,32,Salaried,Bachelor,Single,Standard,Central,0
CUST100485,36,66574.0,24062.0,6928.0,4992.0,24,2,28.79,31,Business,Bachelor,Married,Standard,South,0
CUST100486,57,88355.0,36100.0,14496.0,5940.0,20,1,40.16,22,Self-Employed,Diploma,Single,Standard,East,0
CUST100487,42,18000.0,6030.0,750.0,369.0,22,0,12.44,151,Business,Diploma,Single,Signature,Central,0
CUST100488,49,55216.0,28734.0,9800.0,2745.0,24,1,34.11,37,Salaried,Master,Married,Platinum,East,0
CUST100489,34,74226.0,40237.0,17888.0,11801.0,29,0,44.46,34,Salaried,Bachelor,Married,Standard,South,0
CUST100490,48,34513.0,18349.0,9308.0,6817.0,26,2,50.73,69,Business,Master,Married,Gold,East,0
CUST100491,25,80388.0,41103.0,7500.0,4004.0,28,4,18.25,31,Business,Diploma,Single,Gold,East,0
CUST100492,67,58086.0,14652.0,5893.0,2420.0,21,2,40.22,62,Self-Employed,Bachelor,Married,Standard,North,0
CUST100493,69,170699.0,54450.0,24773.0,10704.0,20,3,45.5,145,Student,Diploma,Single,Standard,South,0
CUST100494,50,154400.0,59432.0,20956.0,7472.0,20,2,35.26,58,Self-Employed,Diploma,Single,Gold,East,0
CUST100495,66,50310.0,15868.0,4342.0,3013.0,20,3,27.36,52,Self-Employed,Bachelor,Married,Standard,West,0
CUST100496,25,59825.0,31556.0,5599.0,3133.0,24,2,17.74,34,Self-Employed,Master,Married,Gold,North,0
CUST100497,32,62409.0,19639.0,9086.0,3232.0,28,2,46.27,83,Self-Employed,High School,Single,Gold,West,0
CUST100498,36,50702.0,11110.0,5153.0,1704.0,22,3,46.38,70,Self-Employed,High School,Divorced,Signature,South,0
CUST100499,46,72360.0,25291.0,15140.0,3346.0,24,1,59.86,111,Salaried,Doctorate,Single,Standard,West,0
CUST100500,46,42834.0,27412.0,6545.0,1873.0,26,4,23.88,64,Unemployed,Master,Married,Standard,West,0
CUST100501,68,34902.0,9177.0,5124.0,855.0,17,4,55.84,71,Unemployed,Bachelor,Single,Platinum,Central,1
CUST100502,41,91549.0,41754.0,5051.0,2055.0,22,3,12.1,43,Salaried,Bachelor,Widowed,Standard,Central,0
CUST100503,59,91893.0,33678.0,6385.0,3339.0,21,0,18.96,56,Self-Employed,Master,Single,Platinum,Central,0
CUST100504,56,41763.0,7748.0,4460.0,3220.0,23,2,57.56,86,Business,Bachelor,Single,Standard,West,0
CUST100505,53,106360.0,41899.0,13392.0,10978.0,24,0,31.96,121,Salaried,Bachelor,Divorced,Standard,West,0
CUST100506,50,45925.0,23012.0,11883.0,2086.0,23,2,51.64,77,Salaried,Master,Single,Standard,West,0
CUST100507,57,74711.0,30378.0,23160.0,14824.0,14,3,76.24,62,Self-Employed,Bachelor,Divorced,Standard,East,0
CUST100508,43,102062.0,59814.0,39081.0,13183.0,28,3,65.34,156,Salaried,Diploma,Married,Gold,West,0
CUST100509,30,63809.0,18790.0,4531.0,1907.0,23,1,24.11,24,Student,Bachelor,Single,Platinum,East,0
CUST100510,25,83471.0,16120.0,6071.0,2171.0,24,2,37.66,63,Student,High School,Single,Gold,West,0
CUST100511,56,48928.0,30251.0,25637.0,14735.0,22,3,84.75,53,Business,Bachelor,Married,Standard,West,0
CUST100512,54,58342.0,19784.0,4136.0,920.0,22,2,20.91,18,Business,Bachelor,Single,Standard,East,0
CUST100513,51,58042.0,25434.0,15965.0,9669.0,20,2,62.77,32,Self-Employed,High School,Married,Standard,East,0
CUST100514,30,43111.0,23539.0,8922.0,2878.0,19,0,37.9,65,,Master,Single,Platinum,West,0
CUST100515,39,58978.0,18410.0,15039.0,5454.0,26,1,81.69,116,Salaried,Diploma,Married,Gold,South,0
CUST100516,52,27734.0,14091.0,5151.0,1315.0,18,2,36.56,71,Student,Master,Single,Signature,East,0
CUST100517,21,49613.0,10801.0,3560.0,1000.0,25,0,32.96,46,Business,Master,Single,Gold,Central,0
CUST100518,25,55573.0,16430.0,9473.0,7786.0,28,2,57.66,65,Salaried,High School,Married,Gold,South,0
CUST100519,65,56458.0,12554.0,8065.0,3102.0,24,1,64.24,59,Business,Bachelor,Divorced,Standard,West,0
CUST100520,24,56915.0,31623.0,11843.0,10842.0,15,2,37.45,34,Salaried,Bachelor,Single,Standard,North,0
CUST100521,36,62829.0,16419.0,4922.0,1584.0,14,3,29.98,45,Salaried,Master,Married,Standard,North,0
CUST100522,44,84612.0,43042.0,29829.0,4959.0,18,2,69.3,56,Salaried,Bachelor,Single,Signature,Central,0
CUST100523,36,105148.0,65365.0,22057.0,7699.0,27,2,33.74,43,Salaried,High School,Single,Standard,Central,0
CUST100524,22,45468.0,18819.0,9590.0,3925.0,26,1,50.96,40,Business,Bachelor,Single,Standard,East,0
CUST100525,69,,14086.0,2777.0,2071.0,18,0,19.71,45,Business,Bachelor,Married,Standard,East,0
CUST100526,48,36644.0,13944.0,3503.0,2487.0,20,4,25.12,64,Self-Employed,Diploma,Married,Gold,South,0
CUST100527,52,49721.0,15560.0,7914.0,2025.0,21,2,50.86,47,Salaried,Diploma,Divorced,Standard,East,0
CUST100528,47,53562.0,20773.0,4755.0,1246.0,24,2,22.89,39,Self-Employed,Master,Married,Standard,Central,0
CUST100529,40,,19211.0,2775.0,1441.0,19,2,14.44,29,Student,Bachelor,Married,Standard,North,0
CUST100530,44,31865.0,20489.0,8684.0,3714.0,20,1,42.38,59,Salaried,Bachelor,Single,Gold,East,0
CUST100531,32,50578.0,31302.0,26779.0,4726.0,27,1,85.55,22,Salaried,Master,Divorced,Gold,Central,0
CUST100532,70,71821.0,41733.0,10508.0,5566.0,19,0,25.18,51,Self-Employed,Doctorate,Married,Gold,North,1
CUST100533,55,90166.0,53610.0,29387.0,10873.0,26,1,54.82,15,Business,Master,Married,Standard,South,0
CUST100534,53,47837.0,18366.0,10328.0,3208.0,16,4,56.23,31,Salaried,High School,Married,Standard,East,0
CUST100535,53,51792.0,24794.0,6870.0,5761.0,27,0,27.71,77,Student,Bachelor,Divorced,,East,0
CUST100536,63,39045.0,23331.0,4895.0,2196.0,15,1,20.98,38,Salaried,Bachelor,Single,Standard,West,0
CUST100537,57,63886.0,22135.0,4896.0,4223.0,20,1,22.12,52,Self-Employed,Bachelor,Single,Standard,North,0
CUST100538,32,40762.0,25716.0,8468.0,3505.0,26,3,32.93,78,Self-Employed,High School,Single,Standard,East,0
CUST100539,23,89086.0,31883.0,17437.0,6514.0,28,4,54.69,42,Salaried,Master,Widowed,Platinum,South,0
CUST100540,21,24341.0,10967.0,,385.0,20,1,18.01,19,Salaried,Master,Single,Platinum,South,0
CUST100541,53,53335.0,26929.0,18415.0,6319.0,19,0,68.38,169,Business,High School,Divorced,Gold,North,0
CUST100542,60,76707.0,47965.0,18837.0,5594.0,16,1,39.27,56,Self-Employed,Diploma,Single,Gold,North,0
CUST100543,30,71916.0,19583.0,6618.0,4317.0,12,2,33.79,76,Salaried,High School,Married,Gold,West,0
CUST100544,63,285875.0,149531.0,55602.0,13582.0,20,0,37.18,34,Unemployed,Bachelor,Married,Standard,East,0
CUST100545,64,78789.0,32336.0,11556.0,9568.0,10,3,35.74,93,Salaried,Master,Widowed,Platinum,West,0
CUST100546,49,37418.0,10637.0,5626.0,959.0,23,0,52.89,54,Salaried,Bachelor,Married,Gold,West,0
CUST100547,33,61675.0,33200.0,12192.0,6636.0,14,0,36.72,70,Self-Employed,Bachelor,Single,Platinum,West,0
CUST100548,32,24470.0,10427.0,7343.0,2016.0,17,1,70.42,59,Salaried,High School,Married,Standard,Central,0
CUST100549,51,62181.0,29877.0,15371.0,9697.0,32,1,51.45,48,Salaried,Master,Married,Standard,South,0
CUST100550,66,41108.0,12803.0,667.0,275.0,21,0,5.21,48,Business,Diploma,Single,Standard,North,0
CUST100551,22,107539.0,42009.0,13323.0,6881.0,22,1,31.71,113,,Master,Married,Standard,East,0
CUST100552,70,48045.0,22037.0,12178.0,2693.0,24,4,55.26,81,Business,Bachelor,Divorced,Standard,Central,0
CUST100553,55,60957.0,21485.0,9076.0,5762.0,23,1,42.24,63,Business,Bachelor,Single,Gold,South,0
CUST100554,43,45825.0,11419.0,6732.0,2050.0,18,0,58.95,72,Salaried,Bachelor,Widowed,Standard,East,0
CUST100555,37,169145.0,106700.0,52444.0,11960.0,14,0,49.15,62,Business,Diploma,Single,Platinum,South,0
CUST100556,46,54473.0,22102.0,10759.0,9167.0,25,1,48.68,78,Self-Employed,Master,Married,Gold,West,0
CUST100557,28,178091.0,92066.0,21601.0,17604.0,20,4,23.46,58,Salaried,Doctorate,Single,Platinum,South,0
CUST100558,49,101715.0,36162.0,20841.0,14433.0,15,4,57.63,43,Self-Employed,Diploma,Married,Standard,Central,0
CUST100559,15,84735.0,27756.0,9741.0,1794.0,26,1,35.1,117,Salaried,High School,Married,Gold,West,0
CUST100560,30,79614.0,28150.0,6384.0,2217.0,27,4,22.68,44,Salaried,Bachelor,Single,Gold,West,0
CUST100561,46,80719.0,28623.0,2320.0,301.0,16,1,8.11,28,Self-Employed,Bachelor,Married,Standard,South,0
CUST100562,54,22515.0,9503.0,4410.0,1625.0,18,2,46.41,107,Unemployed,High School,Single,Standard,West,0
CUST100563,61,55757.0,23515.0,11580.0,6596.0,24,3,49.25,124,Self-Employed,Bachelor,Single,Gold,East,1
CUST100564,27,103464.0,41238.0,14222.0,8482.0,31,0,34.49,36,Salaried,Diploma,Married,Gold,Central,0
CUST100565,24,63275.0,13756.0,8635.0,3521.0,19,0,62.77,43,Self-Employed,Doctorate,Married,Platinum,West,0
CUST100566,70,30010.0,11945.0,4496.0,1125.0,26,3,37.64,85,Business,Master,Single,Standard,West,0
CUST100567,65,63153.0,14813.0,1301.0,566.0,16,2,8.78,46,Salaried,High School,Divorced,Standard,South,0
CUST100568,31,165943.0,35357.0,25239.0,7281.0,24,0,71.38,11,Self-Employed,Doctorate,Single,Standard,East,0
CUST100569,49,129047.0,79535.0,54099.0,40492.0,25,1,68.02,56,Self-Employed,Diploma,Single,,Central,0
CUST100570,56,62821.0,28425.0,12078.0,5986.0,25,2,42.49,61,Salaried,Master,Single,Standard,West,0
CUST100571,45,109693.0,52625.0,2703.0,1181.0,12,1,5.14,34,Business,Bachelor,Single,Platinum,West,0
CUST100572,41,53134.0,18645.0,10529.0,7368.0,19,1,56.47,61,Self-Employed,Bachelor,Single,Signature,East,0
CUST100573,56,25464.0,15393.0,5473.0,3202.0,23,2,35.56,104,Business,Master,Married,Standard,West,0
CUST100574,30,39093.0,18333.0,5102.0,1154.0,28,0,27.83,103,Self-Employed,Bachelor,Single,Standard,East,0
CUST100575,57,153542.0,82081.0,50915.0,19589.0,18,2,62.03,21,Business,Master,Single,Standard,Central,0
CUST100576,29,55907.0,18689.0,2304.0,1179.0,16,2,12.33,42,Self-Employed,Master,Married,Platinum,East,0
CUST100577,44,56856.0,35820.0,15321.0,5110.0,18,2,42.77,33,Self-Employed,Bachelor,Married,Standard,West,0
CUST100578,55,55118.0,30879.0,12069.0,6187.0,16,1,39.08,123,Salaried,Bachelor,Married,Standard,North,0
CUST100579,69,185242.0,106880.0,11524.0,7305.0,24,2,10.78,25,Student,High School,Married,Gold,South,0
CUST100580,55,158962.0,37530.0,17992.0,6309.0,27,2,47.94,35,Salaried,Diploma,Married,Gold,North,0
CUST100581,68,220240.0,62874.0,21733.0,5800.0,17,2,34.57,56,Salaried,Bachelor,Divorced,Standard,South,0
CUST100582,56,59556.0,17439.0,9536.0,1318.0,27,3,54.68,8,Student,Bachelor,Single,Signature,East,1
CUST100583,38,76476.0,21830.0,2361.0,1281.0,21,1,10.82,13,Salaried,Diploma,Married,Standard,East,0
CUST100584,69,28226.0,16306.0,7593.0,2341.0,28,6,46.57,95,Student,Doctorate,Divorced,Gold,West,0
CUST100585,59,146453.0,24303.0,13834.0,8882.0,11,0,56.92,60,Salaried,Master,Widowed,Gold,East,0
CUST100586,52,34196.0,6431.0,3755.0,794.0,30,0,58.39,35,Salaried,Bachelor,Single,Platinum,Central,0
CUST100587,44,73231.0,21014.0,2239.0,1083.0,26,1,10.65,59,Business,Master,Divorced,Standard,South,1
CUST100588,43,35548.0,8885.0,2157.0,1015.0,21,1,24.28,46,Salaried,High School,Married,Standard,East,0
CUST100589,52,47017.0,12503.0,3644.0,600.0,19,2,29.15,33,Self-Employed,High School,Married,Standard,West,0
CUST100590,57,41013.0,22515.0,11811.0,4151.0,21,0,52.46,89,Business,Master,Single,Standard,West,0
CUST100591,32,46528.0,20080.0,8567.0,3759.0,26,2,42.66,45,Self-Employed,Bachelor,Married,Gold,North,0
CUST100592,69,48321.0,7388.0,2133.0,1069.0,17,1,28.87,42,Business,Master,Single,Gold,East,0
CUST100593,33,48079.0,17533.0,13571.0,7916.0,28,3,77.4,39,Unemployed,Master,Married,Platinum,North,1
CUST100594,43,102793.0,36383.0,5345.0,3421.0,24,1,14.69,46,Self-Employed,High School,Married,Gold,North,0
CUST100595,45,35400.0,7327.0,2072.0,548.0,12,0,28.28,80,Salaried,Master,Single,Gold,North,0
CUST100596,55,73382.0,35816.0,17660.0,10067.0,21,3,49.31,72,Business,Bachelor,Single,Gold,North,0
CUST100597,61,127010.0,63638.0,31611.0,10772.0,29,1,49.67,91,Salaried,Master,Single,Gold,North,0
CUST100598,50,49015.0,25020.0,13811.0,5073.0,24,1,55.2,88,Self-Employed,Bachelor,Married,Standard,Central,0
CUST100599,37,43796.0,22521.0,9037.0,2297.0,22,2,40.13,29,Self-Employed,Master,Married,Standard,West,0
CUST100600,69,57260.0,8591.0,3955.0,2020.0,26,1,46.04,23,Business,Master,Married,Standard,West,0
CUST100601,40,124367.0,77973.0,8243.0,5456.0,24,1,10.57,49,Self-Employed,Bachelor,Married,Gold,Central,0
CUST100602,68,72323.0,40291.0,9628.0,5916.0,26,3,23.9,54,Salaried,Bachelor,Married,Standard,West,0
CUST100603,45,48532.0,29216.0,7112.0,3069.0,25,1,24.34,28,Business,Bachelor,Married,Standard,East,0
CUST100604,42,84819.0,13386.0,6360.0,1370.0,21,1,47.51,67,Business,Bachelor,Married,Gold,,0
CUST100605,33,35450.0,21870.0,4263.0,1354.0,25,2,19.49,133,Salaried,Master,Married,Gold,West,0
CUST100606,39,94551.0,52466.0,27076.0,10902.0,14,3,51.61,160,Salaried,Diploma,Divorced,Standard,East,0
CUST100607,69,81379.0,46273.0,14150.0,8787.0,20,0,30.58,46,Unemployed,Master,Married,Standard,North,0
CUST100608,56,54877.0,10791.0,5019.0,2155.0,23,1,46.51,180,Salaried,Master,Married,Signature,North,0
CUST100609,32,40983.0,21286.0,6070.0,2797.0,22,5,28.52,49,Salaried,High School,Married,Standard,North,0
CUST100610,61,39913.0,25144.0,9410.0,4592.0,26,3,37.42,24,Self-Employed,Bachelor,Married,Gold,West,0
CUST100611,39,87229.0,42679.0,16488.0,12184.0,22,2,38.63,131,Salaried,Diploma,Married,Standard,East,0
CUST100612,32,127782.0,55621.0,18471.0,3426.0,20,1,33.21,17,Self-Employed,Diploma,Single,Standard,East,0
CUST100613,29,45781.0,28513.0,21115.0,5207.0,17,2,74.05,48,Salaried,Bachelor,Divorced,Gold,South,0
CUST100614,27,83638.0,31069.0,17700.0,6913.0,26,3,56.97,72,Salaried,High School,Married,Standard,West,0
CUST100615,48,20625.0,9274.0,3681.0,1507.0,32,0,39.69,57,Unemployed,Bachelor,Widowed,Standard,West,0
CUST100616,34,47127.0,18293.0,7549.0,4072.0,23,0,41.27,78,Salaried,,Married,Gold,North,0
CUST100617,51,63899.0,39389.0,13057.0,2223.0,22,0,33.15,48,Salaried,Bachelor,Married,Standard,South,0
CUST100618,39,39412.0,7411.0,3987.0,668.0,23,2,53.8,91,Business,Bachelor,Single,Gold,East,0
CUST100619,67,38834.0,15555.0,2860.0,1687.0,23,5,18.39,108,Self-Employed,High School,Single,Standard,North,0
CUST100620,36,45020.0,22216.0,15433.0,5357.0,22,1,69.47,54,Salaried,Master,Single,Gold,North,0
CUST100621,25,76332.0,41674.0,13346.0,8110.0,21,1,32.02,82,Student,Master,Divorced,Gold,North,0
CUST100622,55,58636.0,25888.0,5424.0,617.0,20,3,20.95,71,Salaried,Master,Married,Gold,Central,0
CUST100623,32,18980.0,11473.0,6612.0,,23,3,57.63,72,Self-Employed,High School,Married,Standard,South,0
CUST100624,45,20247.0,12573.0,1296.0,473.0,21,1,10.31,24,Salaried,Bachelor,Single,Signature,South,0
CUST100625,41,46554.0,8480.0,6201.0,4578.0,30,4,73.12,85,Salaried,Diploma,Single,,West,0
CUST100626,56,83606.0,29361.0,8919.0,3121.0,21,2,30.38,79,Salaried,Bachelor,Married,Standard,South,0
CUST100627,43,18000.0,3000.0,1828.0,586.0,22,4,60.93,62,Unemployed,Master,Divorced,Signature,West,0
CUST100628,36,49380.0,15540.0,7510.0,5213.0,24,4,48.33,54,Business,Doctorate,Single,Gold,East,0
CUST100629,59,48665.0,20363.0,8484.0,1759.0,25,1,41.66,29,Salaried,Bachelor,Married,Gold,West,0
CUST100630,65,139487.0,84445.0,53579.0,44124.0,26,1,63.45,16,Salaried,Bachelor,Single,Standard,North,0
CUST100631,62,52595.0,30152.0,8431.0,1413.0,18,3,27.96,91,Business,High School,Single,Standard,West,0
CUST100632,59,80241.0,17152.0,9667.0,5774.0,20,2,56.36,60,Salaried,Diploma,Married,Gold,North,0
CUST100633,34,70251.0,13805.0,6922.0,3676.0,22,4,50.14,29,Salaried,Diploma,Single,Platinum,South,0
CUST100634,51,20137.0,8954.0,3617.0,1440.0,25,0,40.4,70,Salaried,High School,Single,Signature,South,0
CUST100635,25,99177.0,41263.0,12680.0,8487.0,19,1,30.73,47,Self-Employed,Bachelor,Single,Signature,North,0
CUST100636,55,73175.0,20722.0,1322.0,375.0,17,3,6.38,43,Salaried,Doctorate,Married,Gold,East,0
CUST100637,43,85965.0,51555.0,19231.0,10780.0,23,0,37.3,11,Self-Employed,Bachelor,Married,Standard,South,0
CUST100638,49,350000.0,150000.0,80200.0,24592.0,18,0,53.47,64,Business,Bachelor,Married,Gold,North,0
CUST100639,63,20658.0,7257.0,2637.0,301.0,29,0,36.34,34,Business,Bachelor,Married,Standard,,0
CUST100640,31,167833.0,99886.0,40554.0,6391.0,26,2,40.6,95,Self-Employed,High School,Single,Gold,East,0
CUST100641,38,,18978.0,,2954.0,14,2,175.0,105,Salaried,High School,Single,Standard,South,0
CUST100642,67,76128.0,39465.0,3206.0,913.0,25,4,8.12,52,Business,Diploma,Single,Gold,East,0
CUST100643,32,63393.0,24595.0,7281.0,1852.0,33,2,29.6,101,Unemployed,Bachelor,Married,Gold,West,0
CUST100644,29,51473.0,10876.0,6140.0,3389.0,21,1,56.45,29,Salaried,High School,Married,Platinum,East,0
CUST100645,30,47512.0,29171.0,12809.0,7908.0,20,1,43.91,24,Unemployed,Bachelor,Single,Platinum,West,0
CUST100646,64,77915.0,29378.0,6711.0,2707.0,24,2,22.84,36,Student,Master,Single,Standard,West,0
CUST100647,37,28217.0,14595.0,1944.0,1139.0,19,4,13.32,35,Unemployed,Diploma,Single,Standard,East,0
CUST100648,58,98220.0,32765.0,22523.0,6017.0,12,3,68.74,26,Salaried,Master,Divorced,Platinum,,0
CUST100649,27,51701.0,8243.0,3037.0,1958.0,29,1,36.84,55,Unemployed,Diploma,Single,Gold,South,0
CUST100650,66,34913.0,6992.0,2877.0,664.0,19,2,41.15,169,Salaried,Bachelor,Married,Standard,Central,0
CUST100651,33,50748.0,20203.0,11425.0,5963.0,28,2,56.55,98,Salaried,High School,Single,Gold,Central,0
CUST100652,60,129777.0,64237.0,2780.0,461.0,27,1,4.33,59,Salaried,Diploma,Married,Gold,West,0
CUST100653,62,48422.0,15368.0,4710.0,2561.0,16,3,30.65,38,Salaried,Diploma,Single,Gold,North,0
CUST100654,29,79165.0,39404.0,6795.0,1298.0,25,2,17.24,91,Salaried,Diploma,Married,Platinum,West,0
CUST100655,70,43483.0,21712.0,4501.0,191.0,28,1,20.73,31,Salaried,Master,Single,Gold,Central,0
CUST100656,47,98617.0,49503.0,14808.0,3479.0,22,1,29.91,61,Self-Employed,Bachelor,Married,Gold,Central,0
CUST100657,22,94767.0,37552.0,13430.0,11074.0,26,2,35.76,85,Salaried,Diploma,Married,Gold,Central,0
CUST100658,25,179670.0,109139.0,59199.0,32690.0,25,1,54.24,14,Business,Diploma,Married,Standard,West,0
CUST100659,49,59017.0,23288.0,12889.0,9357.0,20,2,55.35,83,Salaried,Bachelor,Divorced,Gold,South,0
CUST100660,57,93892.0,35222.0,10913.0,2622.0,23,3,30.98,46,Salaried,Master,Married,Standard,East,0
CUST100661,58,68602.0,17129.0,8738.0,3692.0,30,1,51.01,29,Salaried,Doctorate,Single,Signature,South,1
CUST100662,39,132571.0,40279.0,11532.0,3331.0,19,2,28.63,134,Salaried,Bachelor,Married,Gold,West,0
CUST100663,28,43774.0,7493.0,4860.0,1654.0,24,1,64.86,34,Business,Bachelor,Married,Standard,North,0
CUST100664,68,97919.0,45705.0,25254.0,15153.0,26,0,55.25,136,Salaried,Diploma,Single,Platinum,South,0
CUST100665,65,58399.0,16017.0,2522.0,1439.0,12,1,15.75,55,Salaried,High School,Single,Standard,South,0
CUST100666,21,62745.0,18954.0,7414.0,5074.0,19,2,39.12,35,Salaried,Master,Married,Standard,East,0
CUST100667,42,68364.0,36603.0,6014.0,2605.0,22,3,16.43,36,Salaried,Master,Married,Standard,East,0
CUST100668,37,,23418.0,11225.0,9413.0,32,1,47.93,33,Salaried,Master,Single,Gold,East,0
CUST100669,27,60975.0,16530.0,14750.0,8320.0,20,1,89.23,91,Salaried,Bachelor,Married,Gold,North,0
CUST100670,45,73148.0,17155.0,4400.0,1737.0,14,0,25.65,180,Business,Bachelor,Married,Gold,East,0
CUST100671,65,154834.0,83212.0,36137.0,6834.0,27,0,43.43,49,Self-Employed,Master,Single,Standard,Central,0
CUST100672,24,111763.0,24013.0,9742.0,5386.0,27,2,40.57,50,Salaried,Bachelor,Married,Gold,Central,0
CUST100673,56,104839.0,39511.0,10817.0,2511.0,29,0,27.38,19,Unemployed,Bachelor,Divorced,Standard,East,0
CUST100674,26,50594.0,20413.0,10728.0,3191.0,26,1,52.55,87,Salaried,Bachelor,Married,Standard,South,0
CUST100675,51,39857.0,19677.0,17674.0,12296.0,17,1,89.82,51,Self-Employed,Bachelor,Married,Standard,Central,0
CUST100676,15,109925.0,51296.0,16785.0,5637.0,29,3,32.72,49,Self-Employed,Master,Single,Platinum,South,0
CUST100677,64,105237.0,58444.0,18779.0,10221.0,19,3,32.13,155,Salaried,Bachelor,Single,Platinum,West,1
CUST100678,59,146109.0,25186.0,17562.0,7954.0,17,2,69.73,36,Salaried,Master,Single,Standard,South,0
CUST100679,47,46628.0,13905.0,4779.0,1534.0,23,1,34.37,20,Self-Employed,Diploma,Single,Signature,Central,0
CUST100680,30,57291.0,16618.0,8059.0,3612.0,27,2,48.5,116,Salaried,Bachelor,Divorced,Standard,North,0
CUST100681,46,26382.0,5883.0,870.0,562.0,19,3,14.79,39,Salaried,Bachelor,Single,Gold,South,0
CUST100682,39,52380.0,15431.0,5277.0,496.0,17,1,,28,Self-Employed,Master,Single,Gold,West,0
CUST100683,59,112449.0,34284.0,4589.0,1262.0,15,2,13.39,77,Business,Bachelor,Single,Gold,North,0
CUST100684,23,50290.0,20666.0,5500.0,3320.0,17,2,26.61,12,Business,Bachelor,Married,Gold,South,0
CUST100685,65,92448.0,44546.0,12244.0,3908.0,28,3,27.49,44,Salaried,High School,Single,Standard,South,0
CUST100686,33,58534.0,19934.0,9159.0,1056.0,18,1,45.95,29,Business,Bachelor,Married,Platinum,East,0
CUST100687,70,77682.0,39597.0,22405.0,10547.0,19,2,56.58,63,Unemployed,Master,Single,Gold,North,0
CUST100688,48,34576.0,10998.0,5259.0,3023.0,24,1,47.82,54,Self-Employed,Master,Single,Standard,West,0
CUST100689,40,68119.0,20105.0,1886.0,498.0,18,3,9.38,83,Self-Employed,Master,Single,Standard,South,0
CUST100690,48,18000.0,7571.0,1692.0,379.0,15,1,22.35,22,Unemployed,Bachelor,Married,Gold,South,1
CUST100691,28,58650.0,9493.0,3198.0,1663.0,30,4,33.69,94,Student,Diploma,Married,Gold,,0
CUST100692,61,26513.0,5035.0,2071.0,976.0,15,1,41.13,68,Self-Employed,Bachelor,Single,Standard,West,0
CUST100693,59,126177.0,45296.0,3448.0,695.0,11,0,7.61,42,Business,Bachelor,Single,Platinum,South,0
CUST100694,21,99680.0,61947.0,41525.0,26823.0,17,2,67.03,80,Salaried,High School,Widowed,Gold,West,0
CUST100695,23,84020.0,42914.0,12538.0,5545.0,18,0,29.22,107,Salaried,Master,Married,Signature,North,0
CUST100696,33,150046.0,29118.0,6826.0,1965.0,22,1,23.44,105,Business,Bachelor,Divorced,Standard,Central,0
CUST100697,48,38570.0,22107.0,9536.0,6557.0,32,1,43.14,70,Salaried,Master,Divorced,Standard,North,0
CUST100698,69,169939.0,87714.0,10619.0,7493.0,20,1,12.11,46,Salaried,Bachelor,Married,Platinum,South,0
CUST100699,45,108537.0,49436.0,8104.0,3918.0,26,2,16.39,43,Salaried,Bachelor,Married,Platinum,West,0
CUST100700,53,57070.0,31968.0,12751.0,2237.0,29,4,39.89,49,Student,Master,Divorced,Standard,West,0
CUST100701,58,121386.0,42735.0,16820.0,12382.0,16,4,39.36,42,Student,Diploma,Divorced,Gold,Central,0
CUST100702,26,35372.0,9223.0,5782.0,4734.0,19,2,62.69,53,Salaried,Bachelor,Married,Standard,Central,0
CUST100703,64,41302.0,16769.0,1920.0,1161.0,19,3,11.45,30,Salaried,Master,Married,Standard,West,0
CUST100704,65,46510.0,19740.0,,7797.0,18,2,69.21,104,Self-Employed,Master,Married,Platinum,West,0
CUST100705,52,48592.0,20368.0,7608.0,1961.0,21,2,37.35,47,Salaried,Bachelor,Single,Gold,North,1
CUST100706,65,36353.0,15724.0,4383.0,1809.0,14,3,27.87,67,Salaried,Master,Single,Platinum,East,0
CUST100707,67,127368.0,79523.0,29115.0,4697.0,30,3,,50,Unemployed,Bachelor,Married,Gold,North,0
CUST100708,41,56375.0,33888.0,25225.0,14324.0,13,2,74.44,72,Salaried,High School,Divorced,Gold,South,0
CUST100709,36,78907.0,46386.0,15699.0,9455.0,15,0,33.84,51,Salaried,High School,Widowed,Gold,North,0
CUST100710,41,47498.0,26158.0,12819.0,4664.0,27,2,49.01,21,Self-Employed,Bachelor,Single,Gold,West,0
CUST100711,31,23880.0,14847.0,2541.0,1271.0,19,2,17.11,57,Salaried,Bachelor,Married,Gold,East,0
CUST100712,57,75408.0,15025.0,4570.0,2409.0,28,2,30.42,26,Salaried,Diploma,Married,Standard,North,0
CUST100713,56,22706.0,6416.0,3772.0,2270.0,26,3,58.79,75,Self-Employed,Bachelor,Single,Gold,East,0
CUST100714,55,62592.0,24882.0,6557.0,2250.0,24,0,26.35,112,Salaried,Bachelor,Married,Platinum,South,0
CUST100715,39,30625.0,17556.0,9699.0,863.0,16,5,55.25,48,Salaried,Bachelor,Married,Standard,East,0
CUST100716,40,193909.0,78064.0,27411.0,12407.0,14,3,35.11,101,Self-Employed,High School,Divorced,Standard,South,0
CUST100717,38,107301.0,56228.0,43315.0,22748.0,28,2,77.03,29,Salaried,Master,Single,Platinum,West,0
CUST100718,67,68893.0,15121.0,10964.0,5980.0,27,1,72.51,83,Business,Bachelor,Single,Standard,North,0
CUST100719,61,130246.0,35975.0,17398.0,2451.0,27,2,48.36,67,Unemployed,Bachelor,Married,Platinum,North,0
CUST100720,69,40809.0,21053.0,3518.0,2418.0,26,2,16.71,180,Business,Bachelor,Single,Gold,East,0
CUST100721,34,87646.0,20366.0,1727.0,1145.0,18,1,8.48,56,Unemployed,Master,Single,Platinum,West,0
CUST100722,35,72551.0,23628.0,3307.0,1421.0,16,3,14.0,45,Salaried,Bachelor,Married,Standard,North,0
CUST100723,51,75158.0,21227.0,6004.0,1916.0,10,0,28.28,100,Salaried,Bachelor,Single,Platinum,West,0
CUST100724,21,130867.0,42523.0,24309.0,13010.0,19,2,57.17,136,Salaried,Doctorate,Widowed,Standard,South,0
CUST100725,23,97247.0,49028.0,10654.0,5562.0,35,1,21.73,107,Student,Master,Single,Standard,North,0
CUST100726,36,,25441.0,11961.0,525.0,17,0,47.01,78,Salaried,Diploma,Married,Standard,North,0
CUST100727,43,26159.0,11186.0,3292.0,1912.0,21,3,29.43,60,Business,Master,Single,Gold,East,0
CUST100728,31,38335.0,7666.0,3461.0,682.0,29,2,45.15,74,Self-Employed,Master,Married,Gold,West,0
CUST100729,32,60758.0,33569.0,14446.0,6072.0,29,2,43.03,54,Salaried,High School,Single,Standard,East,0
CUST100730,30,68425.0,22919.0,6493.0,3497.0,19,1,28.33,45,Student,Doctorate,Married,Platinum,Central,0
CUST100731,52,34910.0,16557.0,1949.0,1384.0,19,0,11.77,16,Self-Employed,Diploma,Single,Gold,East,0
CUST100732,36,244890.0,125554.0,39011.0,7572.0,27,4,31.07,51,Salaried,Master,Married,Gold,North,0
CUST100733,28,149666.0,38139.0,17567.0,5486.0,21,1,46.06,48,Unemployed,Bachelor,Married,Gold,Central,0
CUST100734,58,90518.0,53617.0,17592.0,6451.0,11,1,32.81,60,Business,Bachelor,Married,Standard,Central,0
CUST100735,32,67627.0,30981.0,6493.0,3727.0,30,2,20.96,55,Self-Employed,Master,Single,,Central,0
CUST100736,44,57840.0,21075.0,6176.0,4478.0,23,0,29.3,111,Unemployed,Bachelor,Single,Platinum,North,0
CUST100737,48,38507.0,9287.0,6655.0,1245.0,25,2,71.66,34,Business,Master,Married,Standard,Central,1
CUST100738,28,67830.0,42133.0,20452.0,10863.0,23,0,48.54,57,Salaried,Master,Married,Standard,Central,0
CUST100739,48,74900.0,39512.0,14584.0,2211.0,18,2,36.91,71,Unemployed,Bachelor,Married,Gold,Central,0
CUST100740,56,32833.0,8340.0,1286.0,521.0,18,1,15.42,78,Self-Employed,Bachelor,Single,Standard,East,0
CUST100741,46,78115.0,24907.0,13266.0,5728.0,30,2,53.26,154,Salaried,Master,Married,Standard,North,0
CUST100742,28,59680.0,33113.0,18873.0,8947.0,23,3,57.0,47,Business,Master,Married,Platinum,North,0
CUST100743,70,22762.0,11332.0,6595.0,2129.0,19,1,,122,Salaried,High School,Single,Standard,East,0
CUST100744,48,40495.0,21579.0,7370.0,1953.0,26,3,34.15,82,Self-Employed,Bachelor,Single,Standard,Central,0
CUST100745,48,51775.0,19188.0,14984.0,1571.0,23,5,78.09,39,Salaried,Master,Single,Standard,South,0
CUST100746,57,183574.0,93299.0,48854.0,18189.0,16,3,52.36,43,Salaried,Bachelor,Divorced,Gold,East,0
CUST100747,61,88278.0,30301.0,7902.0,1791.0,19,1,26.08,57,Salaried,Bachelor,Married,Standard,South,0
CUST100748,56,31183.0,7971.0,1904.0,693.0,22,1,23.89,51,Salaried,Diploma,Single,Platinum,West,0
CUST100749,47,84920.0,39601.0,12447.0,5502.0,22,0,31.43,33,Self-Employed,Doctorate,Married,Gold,North,0
CUST100750,37,27754.0,17707.0,5800.0,3312.0,15,0,32.76,11,Self-Employed,Bachelor,Married,Gold,West,0
CUST100751,29,117904.0,35996.0,8095.0,4739.0,19,1,22.49,69,Business,High School,Married,Standard,West,0
CUST100752,53,50163.0,19086.0,12274.0,7989.0,21,1,64.31,142,Salaried,Master,Married,Gold,West,0
CUST100753,40,,30066.0,6713.0,3083.0,22,1,22.33,180,Student,Bachelor,Married,Standard,West,0
CUST100754,33,134771.0,56705.0,23609.0,16544.0,18,2,41.63,134,Student,Diploma,Single,Gold,South,0
CUST100755,48,32023.0,18308.0,9781.0,4098.0,27,1,53.42,36,Salaried,Diploma,Single,Gold,East,0
CUST100756,68,30144.0,16003.0,5529.0,2799.0,21,4,34.55,38,Salaried,Doctorate,Divorced,Standard,South,0
CUST100757,49,47153.0,8447.0,3721.0,972.0,19,2,44.05,85,Self-Employed,Bachelor,Single,Standard,West,1
CUST100758,33,115065.0,74701.0,46137.0,22992.0,20,2,61.76,28,,Bachelor,Married,Standard,South,0
CUST100759,66,28184.0,14830.0,1471.0,520.0,23,1,9.92,72,Student,Bachelor,Single,Platinum,East,0
CUST100760,55,18000.0,10475.0,2568.0,1845.0,26,2,24.52,48,Salaried,Master,Widowed,Platinum,West,0
CUST100761,26,50716.0,24120.0,15793.0,12373.0,32,0,65.48,34,Unemployed,Bachelor,Single,Platinum,North,0
CUST100762,38,88045.0,50903.0,3265.0,1167.0,22,1,6.41,15,Salaried,Bachelor,Single,Standard,South,1
CUST100763,25,125780.0,25935.0,14219.0,6543.0,19,2,54.83,53,Self-Employed,Master,Married,Standard,South,0
CUST100764,67,50383.0,16317.0,13243.0,5518.0,27,2,81.16,50,Salaried,Bachelor,Married,Platinum,West,0
CUST100765,45,51837.0,30491.0,2901.0,1194.0,22,0,9.51,116,Salaried,Master,Single,Gold,South,0
CUST100766,22,122613.0,30755.0,7234.0,3191.0,17,4,23.52,88,Self-Employed,Doctorate,Married,Gold,North,0
CUST100767,30,23244.0,4396.0,2802.0,1353.0,16,7,63.74,67,Self-Employed,Doctorate,Widowed,Gold,North,0
CUST100768,50,52494.0,28560.0,7185.0,2133.0,30,3,25.16,111,Salaried,Bachelor,Single,Signature,South,0
CUST100769,70,72177.0,40978.0,12571.0,8986.0,27,3,30.68,26,Unemployed,,Single,Standard,South,0
CUST100770,65,83217.0,19250.0,9980.0,3069.0,15,1,51.84,54,Salaried,Diploma,Married,Standard,North,0
CUST100771,25,49107.0,28343.0,10552.0,2419.0,28,5,37.23,73,Salaried,Master,Single,Gold,Central,0
CUST100772,53,66243.0,32683.0,7874.0,4622.0,26,0,24.09,104,Business,High School,Single,Gold,Central,0
CUST100773,21,18000.0,7381.0,2611.0,2110.0,21,3,35.37,126,Student,High School,Married,Gold,Central,0
CUST100774,38,45257.0,25576.0,3429.0,1929.0,19,3,13.41,59,Business,Bachelor,Married,Standard,West,0
CUST100775,52,83414.0,29998.0,2310.0,567.0,26,2,7.7,43,Salaried,Master,Single,Gold,South,0
CUST100776,67,37869.0,9354.0,4062.0,2358.0,24,0,43.43,180,Self-Employed,Diploma,Single,Gold,South,0
CUST100777,69,67143.0,19634.0,6727.0,3320.0,30,1,34.26,80,Business,High School,Married,Standard,South,0
CUST100778,31,83110.0,33459.0,3055.0,1275.0,26,4,9.13,67,Self-Employed,Master,Divorced,Gold,North,0
CUST100779,41,53838.0,22379.0,5267.0,313.0,20,2,23.54,55,Self-Employed,Bachelor,Married,Standard,North,0
CUST100780,46,71389.0,39463.0,6793.0,1850.0,11,1,17.21,56,Self-Employed,Bachelor,Single,Platinum,East,0
CUST100781,45,38278.0,20887.0,12973.0,3177.0,17,0,62.11,38,Salaried,Master,Widowed,Gold,Central,1
CUST100782,42,58018.0,25568.0,3211.0,1609.0,27,2,12.56,64,Salaried,Diploma,Married,Gold,Central,0
CUST100783,47,90922.0,49134.0,26387.0,16071.0,16,1,53.7,57,Business,Bachelor,Single,Platinum,West,0
CUST100784,69,70861.0,17424.0,,1490.0,24,2,34.34,49,Salaried,Doctorate,Married,Gold,East,0
CUST100785,33,47077.0,8240.0,3636.0,1294.0,28,0,44.13,29,Salaried,Master,Divorced,Standard,South,0
CUST100786,53,73531.0,43149.0,19086.0,10878.0,21,4,44.23,54,Self-Employed,Bachelor,Married,Standard,South,0
CUST100787,54,96296.0,18082.0,4627.0,3765.0,32,3,25.59,108,Self-Employed,Master,Married,Gold,Central,0
CUST100788,61,21050.0,5754.0,4180.0,1706.0,23,1,72.65,177,Salaried,High School,Single,Platinum,Central,0
CUST100789,55,122962.0,61193.0,17625.0,11247.0,27,4,28.8,60,Self-Employed,Diploma,Single,Standard,East,1
CUST100790,21,54025.0,19164.0,7338.0,2606.0,22,1,38.29,40,Self-Employed,Master,Married,Gold,Central,0
CUST100791,41,82138.0,48310.0,9159.0,602.0,21,1,18.96,24,Student,Diploma,Married,Gold,West,0
CUST100792,68,125571.0,37544.0,18768.0,,27,2,49.99,70,Self-Employed,High School,Married,Standard,South,0
CUST100793,26,30568.0,4767.0,494.0,349.0,23,2,10.36,63,Salaried,Diploma,Single,Standard,East,0
CUST100794,48,44000.0,13214.0,4627.0,1852.0,24,4,35.02,39,Self-Employed,Diploma,Married,Gold,East,0
CUST100795,37,55461.0,24349.0,9498.0,4630.0,17,2,39.01,30,Salaried,Bachelor,Single,Standard,North,0
CUST100796,15,42238.0,14275.0,3851.0,2008.0,21,1,26.98,101,Self-Employed,High School,Single,Standard,South,0
CUST100797,51,168781.0,70455.0,30934.0,26475.0,25,4,,164,Unemployed,Master,Married,Standard,North,0
CUST100798,25,40575.0,23870.0,15058.0,7661.0,18,0,63.08,110,Self-Employed,Master,Married,Platinum,Central,0
CUST100799,58,47887.0,29031.0,695.0,249.0,22,1,2.39,27,Salaried,Bachelor,Divorced,Standard,East,0
CUST100800,23,72733.0,20582.0,9141.0,2673.0,24,0,44.41,33,,Bachelor,Single,Standard,South,0
CUST100801,43,33556.0,12787.0,7132.0,2809.0,28,0,55.78,44,Student,Master,Married,Standard,North,0
CUST100802,57,52288.0,22200.0,3461.0,414.0,23,1,15.59,111,Business,Master,Single,Standard,North,0
CUST100803,57,77400.0,48341.0,18185.0,9540.0,19,2,37.62,40,Business,High School,Single,Standard,South,0
CUST100804,30,54126.0,35144.0,8739.0,2685.0,22,4,24.87,30,Self-Employed,Master,Married,Gold,South,0
CUST100805,30,61746.0,16530.0,9962.0,5810.0,14,3,60.27,25,Salaried,High School,Married,Gold,East,0
CUST100806,39,48582.0,24946.0,6196.0,1127.0,30,3,24.84,99,Salaried,High School,Single,Platinum,South,0
CUST100807,37,28259.0,9580.0,4375.0,1565.0,24,0,45.67,92,Unemployed,High School,Married,Platinum,East,0
CUST100808,41,77576.0,11951.0,4951.0,1009.0,22,2,41.43,46,Salaried,Bachelor,Married,Gold,West,0
CUST100809,34,170648.0,26387.0,12365.0,5878.0,19,3,46.86,29,Salaried,Bachelor,Married,Standard,North,0
CUST100810,29,65661.0,24970.0,12772.0,10303.0,18,2,51.15,22,Business,High School,Divorced,Gold,East,0
CUST100811,66,73573.0,29000.0,11240.0,1738.0,24,3,38.76,25,Salaried,Bachelor,Divorced,Gold,South,0
CUST100812,21,95143.0,15345.0,6691.0,2292.0,24,1,43.6,42,Self-Employed,Bachelor,Married,Standard,West,0
CUST100813,65,32338.0,15958.0,8674.0,2828.0,25,3,54.36,89,Business,Master,Single,Gold,South,0
CUST100814,33,165798.0,49242.0,24137.0,9258.0,27,1,49.02,124,Self-Employed,Bachelor,Single,Standard,North,0
CUST100815,24,72651.0,31236.0,18871.0,6199.0,22,2,60.41,44,Self-Employed,Bachelor,Married,Standard,West,0
CUST100816,21,159478.0,47917.0,8128.0,2658.0,19,0,16.96,119,Salaried,Bachelor,Single,Signature,West,0
CUST100817,69,43433.0,10145.0,4550.0,1495.0,21,0,44.85,86,Self-Employed,High School,Married,Gold,East,0
CUST100818,60,176677.0,62471.0,12780.0,8206.0,21,4,20.46,37,Salaried,Master,Widowed,Standard,North,0
CUST100819,52,99556.0,26496.0,15403.0,2125.0,17,4,58.13,34,Student,Diploma,Married,Gold,East,0
CUST100820,54,88108.0,36776.0,7156.0,4166.0,25,4,19.46,33,Salaried,Diploma,Married,Standard,,0
CUST100821,48,73929.0,18439.0,11398.0,1841.0,17,2,61.81,42,Self-Employed,Master,Married,Standard,North,0
CUST100822,51,56696.0,22917.0,9186.0,1222.0,28,1,40.08,24,Business,High School,Divorced,Platinum,South,0
CUST100823,28,125798.0,28769.0,17264.0,11869.0,22,3,60.01,76,Salaried,Diploma,Single,Standard,West,0
CUST100824,59,70217.0,34089.0,24087.0,10753.0,27,3,70.66,17,Salaried,Bachelor,Married,Gold,East,1
CUST100825,46,22032.0,11610.0,4496.0,2356.0,20,1,38.73,101,Student,Bachelor,Married,Platinum,North,0
CUST100826,54,35161.0,7215.0,2496.0,1577.0,25,1,34.59,41,Student,Diploma,Married,Gold,Central,0
CUST100827,23,58684.0,22529.0,,943.0,29,2,45.86,164,Student,High School,Married,Standard,West,0
CUST100828,70,77083.0,14294.0,6257.0,786.0,27,2,43.77,22,Salaried,Bachelor,Single,Standard,East,0
CUST100829,32,63008.0,28296.0,10533.0,2157.0,20,1,37.22,25,Salaried,Bachelor,Married,Standard,South,0
CUST100830,21,127081.0,35863.0,22558.0,12939.0,26,1,62.9,37,Unemployed,Diploma,Single,Gold,North,0
CUST100831,64,22226.0,9197.0,5342.0,1665.0,26,6,58.08,56,Salaried,Diploma,Married,Standard,West,0
CUST100832,25,70341.0,28751.0,5068.0,2322.0,22,1,17.63,56,Self-Employed,Bachelor,Married,Standard,West,0
CUST100833,50,23915.0,14640.0,9038.0,4652.0,16,2,61.73,39,Salaried,High School,Married,Gold,West,0
CUST100834,50,98714.0,41908.0,2675.0,1156.0,14,1,6.38,46,Business,High School,Single,Standard,West,0
CUST100835,37,61709.0,27244.0,7046.0,5433.0,14,0,25.86,77,Student,Bachelor,Married,Standard,North,0
CUST100836,68,81873.0,28723.0,13532.0,8369.0,20,0,47.11,27,Salaried,Bachelor,Married,Platinum,East,0
CUST100837,67,40417.0,25242.0,4496.0,2875.0,23,1,17.81,62,Salaried,Bachelor,Married,Platinum,South,0
CUST100838,43,131380.0,70760.0,29409.0,14031.0,23,1,41.56,14,Business,Diploma,Single,Signature,Central,0
CUST100839,35,115277.0,33742.0,19328.0,13705.0,10,3,57.28,155,Salaried,Bachelor,Divorced,Standard,South,0
CUST100840,57,89598.0,51259.0,30538.0,19889.0,15,2,59.58,26,Salaried,Bachelor,Divorced,Standard,East,0
CUST100841,41,60531.0,22166.0,8295.0,6139.0,23,1,37.42,90,Student,Master,Married,Standard,East,0
CUST100842,34,89417.0,50461.0,22296.0,15175.0,25,0,44.18,46,Business,Bachelor,Single,Gold,West,0
CUST100843,22,44062.0,24738.0,18193.0,8349.0,24,2,73.54,53,Self-Employed,Bachelor,Married,Platinum,West,0
CUST100844,31,104057.0,25435.0,5816.0,1775.0,25,1,22.87,70,Self-Employed,Bachelor,Married,Gold,West,0
CUST100845,59,161032.0,80608.0,40290.0,9875.0,28,4,49.98,53,Unemployed,High School,Married,Gold,South,0
CUST100846,58,117123.0,34589.0,10732.0,4892.0,22,1,31.03,60,Salaried,Diploma,Divorced,Platinum,East,0
CUST100847,54,43515.0,13000.0,6300.0,2326.0,21,1,48.46,77,Salaried,Bachelor,Divorced,Standard,North,0
CUST100848,58,79294.0,23643.0,16865.0,6493.0,14,0,71.33,89,Business,High School,Married,Gold,East,0
CUST100849,70,31918.0,16367.0,3414.0,1486.0,16,2,20.86,29,Salaried,High School,Married,Platinum,West,0
CUST100850,54,89050.0,23591.0,7537.0,6677.0,19,2,31.95,69,Salaried,Bachelor,Single,Gold,West,0
CUST100851,38,83281.0,12530.0,4541.0,2059.0,22,2,36.24,61,Salaried,Bachelor,Married,Gold,North,0
CUST100852,50,23243.0,11799.0,2130.0,583.0,25,2,18.05,98,Business,High School,Single,Gold,East,0
CUST100853,35,34309.0,8083.0,,438.0,22,4,10.36,114,Salaried,Master,Single,Platinum,South,0
CUST100854,47,55627.0,11250.0,6880.0,1896.0,25,4,61.16,5,Salaried,Master,Married,Standard,South,0
CUST100855,54,55087.0,14805.0,5322.0,4144.0,24,4,35.95,103,Self-Employed,Bachelor,Married,Platinum,East,0
CUST100856,58,33421.0,11361.0,7436.0,,21,1,65.45,56,Salaried,Bachelor,Married,Standard,North,0
CUST100857,53,80506.0,31233.0,15910.0,3241.0,16,1,50.94,24,Salaried,Master,Single,Standard,South,0
CUST100858,44,74642.0,12860.0,2946.0,1189.0,32,1,22.91,31,Student,Master,Single,Standard,North,0
CUST100859,35,58413.0,37109.0,8919.0,2268.0,29,1,24.03,59,Business,Bachelor,Married,Standard,Central,0
CUST100860,50,42893.0,21791.0,6537.0,1657.0,20,2,30.0,63,Self-Employed,Bachelor,Single,Standard,North,0
CUST100861,62,115720.0,36058.0,10158.0,5021.0,18,2,28.17,62,Salaried,Bachelor,Single,Gold,West,0
CUST100862,37,161558.0,49978.0,21883.0,12660.0,23,1,43.79,59,Salaried,Bachelor,Married,Gold,North,0
CUST100863,25,49821.0,18647.0,1551.0,878.0,24,2,8.32,47,Salaried,Bachelor,Married,Gold,West,0
CUST100864,49,46418.0,21497.0,10515.0,7826.0,16,1,48.91,74,Business,High School,Widowed,Standard,Central,0
CUST100865,24,85162.0,19007.0,14644.0,13349.0,20,1,77.05,51,Business,Bachelor,Single,Platinum,East,0
CUST100866,30,53382.0,13050.0,7410.0,1037.0,23,5,56.78,61,Business,Master,Divorced,Standard,West,0
CUST100867,37,60203.0,34901.0,16908.0,7593.0,17,1,48.45,32,Salaried,Master,Married,Platinum,West,0
CUST100868,30,,27154.0,4865.0,685.0,21,2,175.0,64,Salaried,Bachelor,Married,Gold,West,0
CUST100869,37,22743.0,7735.0,3135.0,887.0,21,0,40.53,67,Business,Bachelor,Married,Standard,North,0
CUST100870,40,134216.0,78602.0,35006.0,8851.0,20,2,44.54,49,Unemployed,Diploma,Married,Standard,West,0
CUST100871,44,67651.0,32579.0,14534.0,8591.0,25,1,44.61,58,Salaried,Diploma,Single,Platinum,East,0
CUST100872,25,51835.0,16632.0,9362.0,5317.0,24,2,56.29,38,Business,Diploma,Divorced,Signature,South,0
CUST100873,54,61887.0,30439.0,12843.0,4068.0,17,4,42.19,74,Business,Master,Divorced,Standard,South,0
CUST100874,26,63671.0,10177.0,6891.0,2477.0,18,0,67.71,22,Student,Bachelor,Married,Gold,West,0
CUST100875,22,25084.0,12989.0,10504.0,4947.0,31,1,80.87,48,Salaried,Bachelor,Single,Standard,West,0
CUST100876,33,147910.0,58204.0,37763.0,18570.0,19,4,64.88,69,Unemployed,Master,Married,Standard,North,0
CUST100877,63,66494.0,37010.0,10659.0,1901.0,20,1,28.8,112,Student,High School,Married,Standard,East,0
CUST100878,63,82933.0,52025.0,14921.0,6524.0,20,4,28.68,116,Student,Bachelor,Single,Standard,East,0
CUST100879,68,109699.0,67234.0,48102.0,10545.0,24,0,71.54,63,Unemployed,Master,Widowed,Platinum,West,0
CUST100880,31,37068.0,22413.0,10441.0,6130.0,23,2,46.58,140,Self-Employed,High School,Single,Standard,West,0
CUST100881,67,84335.0,34247.0,6070.0,4195.0,20,0,17.72,90,Salaried,High School,Single,Standard,South,0
CUST100882,43,56103.0,18518.0,2392.0,1248.0,22,0,12.92,38,Business,High School,Married,Standard,South,0
CUST100883,36,103556.0,39612.0,19820.0,4863.0,18,1,50.04,69,Salaried,Master,Single,Standard,East,0
CUST100884,51,20174.0,9985.0,2208.0,1323.0,22,4,22.11,42,Business,Bachelor,Married,Standard,West,0
CUST100885,31,61552.0,36439.0,5729.0,2136.0,24,2,15.72,26,Salaried,High School,Single,Gold,East,0
CUST100886,36,46658.0,11827.0,4490.0,549.0,21,1,37.96,73,Salaried,Bachelor,Married,Standard,North,0
CUST100887,28,82445.0,50217.0,18286.0,4868.0,22,0,36.41,67,Salaried,Bachelor,Single,Standard,Central,0
CUST100888,24,84176.0,46936.0,29627.0,18998.0,28,1,63.12,66,Business,High School,Married,Standard,North,0
CUST100889,60,44044.0,28163.0,14579.0,5246.0,23,2,51.77,57,Salaried,Doctorate,Married,Standard,Central,0
CUST100890,24,43934.0,25927.0,11245.0,3533.0,21,2,43.37,60,Salaried,Diploma,Single,Platinum,Central,0
CUST100891,45,61162.0,17735.0,3631.0,157.0,20,2,20.47,75,Salaried,Master,Married,Standard,South,0
CUST100892,23,39695.0,8057.0,5571.0,2318.0,19,2,69.14,32,Salaried,Master,Single,Gold,West,0
CUST100893,52,103284.0,21289.0,13094.0,6491.0,15,3,61.51,61,Unemployed,Bachelor,Married,Platinum,East,0
CUST100894,23,53055.0,15684.0,13103.0,3122.0,27,3,83.54,26,Business,Doctorate,Single,Standard,South,0
CUST100895,47,18000.0,8228.0,4651.0,3054.0,25,2,56.53,57,Self-Employed,High School,Married,Gold,North,0
CUST100896,49,52891.0,29204.0,10016.0,3986.0,23,2,34.3,48,Salaried,Doctorate,Married,Standard,East,0
CUST100897,52,36715.0,22015.0,5394.0,1626.0,18,3,24.5,136,Self-Employed,High School,Married,Gold,West,0
CUST100898,70,26501.0,12240.0,6233.0,2288.0,32,0,,87,Self-Employed,Bachelor,Married,Standard,East,0
CUST100899,39,32911.0,5029.0,2861.0,1644.0,25,0,56.89,32,Self-Employed,Master,Divorced,Gold,South,0
CUST100900,41,69031.0,16785.0,1542.0,572.0,24,2,9.19,66,Unemployed,Bachelor,Married,Standard,East,0
CUST100901,25,134982.0,26978.0,9949.0,2864.0,20,1,36.88,76,Student,Bachelor,Widowed,Standard,Central,0
CUST100902,38,77218.0,25610.0,2465.0,1292.0,28,3,9.63,79,Salaried,Diploma,Married,Gold,West,0
CUST100903,48,46563.0,18657.0,6921.0,2241.0,27,3,37.1,25,Business,Doctorate,Married,Gold,North,1
CUST100904,62,83524.0,14341.0,8816.0,4098.0,16,1,61.47,69,Salaried,Diploma,Single,Standard,East,0
CUST100905,42,50496.0,16373.0,9024.0,2927.0,16,2,55.12,65,Unemployed,Master,Married,Signature,East,0
CUST100906,41,44361.0,10628.0,628.0,100.0,21,1,5.91,107,Self-Employed,Doctorate,Single,Standard,East,0
CUST100907,26,34449.0,16313.0,7701.0,2502.0,25,1,47.21,14,Self-Employed,Diploma,Single,Standard,West,0
CUST100908,21,24801.0,9477.0,1594.0,987.0,23,2,175.0,92,Self-Employed,Master,Single,Gold,West,0
CUST100909,25,52454.0,20859.0,4083.0,3459.0,21,3,19.57,92,Salaried,High School,Married,Standard,South,0
CUST100910,61,70903.0,25798.0,13567.0,8995.0,17,2,52.59,63,Salaried,Master,Married,Platinum,South,0
CUST100911,32,61636.0,38708.0,12701.0,10503.0,23,1,32.81,137,Salaried,Bachelor,Married,Gold,East,0
CUST100912,46,51708.0,13308.0,2195.0,1182.0,21,2,16.49,87,Salaried,High School,Married,Gold,North,0
CUST100913,66,38638.0,15777.0,6186.0,2838.0,13,3,39.21,48,Salaried,Master,Divorced,Standard,West,1
CUST100914,54,90824.0,47048.0,20103.0,8150.0,26,1,42.73,55,,Bachelor,Single,Platinum,West,0
CUST100915,69,31499.0,13495.0,2044.0,1738.0,24,1,15.15,10,Salaried,Diploma,Single,Gold,Central,1
CUST100916,34,99604.0,61208.0,24987.0,5054.0,24,3,40.82,64,Unemployed,Bachelor,Single,Gold,Central,0
CUST100917,46,37456.0,12697.0,5573.0,3057.0,26,5,43.89,94,Salaried,Bachelor,Single,Standard,,0
CUST100918,65,42972.0,16408.0,9675.0,3836.0,18,0,58.97,19,Salaried,Master,Married,Gold,East,0
CUST100919,47,29010.0,5636.0,3949.0,3038.0,17,2,70.07,49,Unemployed,Bachelor,Single,Gold,West,0
CUST100920,29,49334.0,22422.0,8168.0,5915.0,27,1,36.43,104,Unemployed,Diploma,Married,Gold,,0
CUST100921,46,111142.0,32688.0,16328.0,3593.0,21,1,49.95,59,Salaried,Diploma,Married,Platinum,South,0
CUST100922,67,86313.0,19865.0,6574.0,3321.0,19,2,33.09,34,Salaried,Master,Married,Signature,Central,0
CUST100923,42,111332.0,47012.0,18529.0,9305.0,19,3,39.41,119,Salaried,Bachelor,Married,Standard,East,0
CUST100924,67,86623.0,36049.0,21669.0,6453.0,22,2,60.11,78,Self-Employed,Bachelor,Married,Standard,East,0
CUST100925,50,35423.0,6657.0,4111.0,625.0,15,2,61.75,62,Salaried,Bachelor,Married,Gold,South,0
CUST100926,63,54188.0,27046.0,13466.0,6670.0,24,1,49.79,40,Salaried,Bachelor,Married,Gold,North,0
CUST100927,68,42321.0,19547.0,12660.0,7332.0,19,1,64.77,48,Business,High School,Married,Standard,East,0
CUST100928,37,135125.0,33039.0,12949.0,11907.0,31,3,39.19,22,Student,Bachelor,Married,Standard,North,0
CUST100929,46,33655.0,12948.0,2550.0,884.0,14,2,19.69,125,Unemployed,Diploma,Widowed,Standard,West,0
CUST100930,56,106263.0,54211.0,20187.0,7485.0,26,2,37.24,89,Self-Employed,Bachelor,Married,Standard,North,0
CUST100931,21,106220.0,44051.0,16488.0,,19,3,37.43,70,Salaried,High School,Married,Standard,Central,0
CUST100932,28,177803.0,61830.0,29497.0,9252.0,24,1,47.71,72,Self-Employed,Bachelor,Married,Standard,West,0
CUST100933,69,51887.0,16146.0,4513.0,3489.0,24,1,27.95,74,Student,Master,Married,Standard,South,0
CUST100934,55,96175.0,43779.0,19582.0,6071.0,23,1,44.73,100,Salaried,Bachelor,Married,Standard,North,0
CUST100935,35,227989.0,141252.0,51571.0,38165.0,19,1,36.51,39,Unemployed,Bachelor,Married,Gold,Central,0
CUST100936,67,46279.0,22486.0,12190.0,2225.0,26,2,54.21,45,Salaried,Bachelor,Married,Platinum,West,0
CUST100937,42,27942.0,5236.0,2069.0,799.0,23,1,39.51,50,Salaried,Diploma,Single,Standard,West,0
CUST100938,34,23113.0,8791.0,279.0,165.0,24,6,3.17,53,Salaried,High School,Single,Standard,North,0
CUST100939,46,96195.0,57276.0,20971.0,5669.0,20,1,36.61,89,Unemployed,Master,Married,Signature,East,0
CUST100940,48,23073.0,4551.0,1404.0,623.0,16,3,30.85,36,Salaried,Master,Married,Gold,Central,0
CUST100941,43,52964.0,34132.0,28597.0,13039.0,23,0,83.78,45,Salaried,Bachelor,Married,Gold,North,0
CUST100942,34,82674.0,51633.0,32371.0,8064.0,27,3,62.69,44,Business,Diploma,Single,Standard,East,0
CUST100943,44,71969.0,13612.0,4965.0,3487.0,18,0,36.48,54,Unemployed,Master,Married,Gold,West,0
CUST100944,22,82136.0,50654.0,28457.0,8958.0,21,0,56.18,22,Salaried,Diploma,Married,Gold,West,0
CUST100945,65,73453.0,24355.0,5427.0,3705.0,24,1,22.28,38,Self-Employed,Master,Single,Standard,South,0
CUST100946,46,,75171.0,22561.0,10298.0,19,2,30.01,19,Unemployed,Bachelor,Divorced,Gold,Central,0
CUST100947,34,38498.0,13828.0,5519.0,2463.0,21,3,39.91,38,Student,High School,Married,Gold,East,0
CUST100948,27,44792.0,16592.0,13272.0,1518.0,15,1,79.99,53,Unemployed,Master,Divorced,Signature,Central,1
CUST100949,23,42497.0,19851.0,3427.0,2158.0,35,1,17.26,25,Student,Bachelor,Married,Standard,East,0
CUST100950,67,102616.0,55129.0,31615.0,7418.0,17,4,57.35,27,Salaried,Bachelor,Married,Platinum,South,0
CUST100951,43,106656.0,17800.0,9115.0,6046.0,20,4,51.21,27,Salaried,Bachelor,Married,Signature,Central,0
CUST100952,66,83309.0,37204.0,8951.0,5612.0,26,1,24.06,62,Student,Master,Single,Standard,Central,0
CUST100953,63,124625.0,30330.0,21598.0,3565.0,15,1,71.21,46,Business,Diploma,Divorced,Standard,South,0
CUST100954,67,34004.0,10982.0,5748.0,1890.0,18,5,52.34,13,,High School,Single,Standard,South,1
CUST100955,65,162611.0,52683.0,26800.0,19692.0,18,0,50.87,112,Business,Master,Single,Standard,Central,0
CUST100956,38,150230.0,57768.0,27971.0,7526.0,25,2,48.42,62,Salaried,Bachelor,Married,Gold,East,0
CUST100957,58,97415.0,30887.0,16511.0,6275.0,14,2,53.46,119,Self-Employed,Master,Single,,Central,0
CUST100958,55,173188.0,35275.0,8939.0,1587.0,13,2,25.34,77,Salaried,Bachelor,Widowed,Platinum,South,0
CUST100959,35,26134.0,5823.0,3059.0,1985.0,22,3,52.53,76,Self-Employed,Bachelor,Married,Platinum,North,0
CUST100960,45,48713.0,8121.0,5310.0,,24,0,65.39,35,Unemployed,High School,Single,Standard,North,0
CUST100961,57,43379.0,16706.0,4611.0,1865.0,11,3,27.6,93,Business,Master,Widowed,Gold,South,0
CUST100962,48,96660.0,60627.0,33479.0,23411.0,21,5,55.22,87,Self-Employed,Diploma,Single,Standard,East,1
CUST100963,30,36482.0,7582.0,2333.0,1087.0,19,4,30.77,12,Salaried,High School,Married,Gold,South,0
CUST100964,59,98594.0,61437.0,25605.0,18238.0,12,3,41.68,18,Salaried,Bachelor,Single,Standard,East,0
CUST100965,37,138128.0,71368.0,16391.0,5998.0,16,3,22.97,99,Business,Master,Single,Platinum,North,0
CUST100966,59,95273.0,44659.0,11495.0,4926.0,35,3,25.74,24,Self-Employed,Diploma,Single,Platinum,Central,0
CUST100967,42,75978.0,35910.0,11997.0,7338.0,27,3,33.41,41,Salaried,Diploma,Single,Gold,South,0
CUST100968,46,37753.0,21269.0,8663.0,4641.0,23,1,40.73,62,Unemployed,Bachelor,Single,Signature,Central,0
CUST100969,64,40797.0,8301.0,1926.0,669.0,20,0,23.2,18,Self-Employed,Master,Married,Platinum,East,0
CUST100970,45,129241.0,52004.0,24554.0,20652.0,24,1,47.22,39,Self-Employed,Master,Married,Standard,East,0
CUST100971,37,99786.0,49748.0,10566.0,3712.0,26,0,21.24,133,Salaried,Diploma,Single,Standard,North,0
CUST100972,33,63620.0,28210.0,12776.0,10532.0,20,3,45.29,22,Student,Diploma,Married,Standard,North,0
CUST100973,40,51652.0,29255.0,15382.0,9963.0,29,0,52.58,122,Student,Master,Married,Standard,East,0
CUST100974,45,21332.0,3971.0,1147.0,589.0,23,0,28.88,66,Business,Bachelor,Single,Platinum,South,0
CUST100975,24,36068.0,17866.0,11366.0,7050.0,16,0,63.62,33,Salaried,Diploma,Married,Standard,North,0
CUST100976,30,185985.0,77558.0,29809.0,18312.0,27,3,38.43,105,Salaried,High School,Married,,North,0
CUST100977,23,32141.0,10914.0,4314.0,2188.0,16,3,39.53,78,Salaried,High School,Single,Standard,East,0
CUST100978,61,72139.0,23094.0,13231.0,4992.0,17,2,57.29,34,Salaried,Diploma,Married,Gold,South,0
CUST100979,65,113124.0,52084.0,26700.0,15011.0,23,2,51.26,56,Salaried,Master,Single,Standard,West,0
CUST100980,38,32596.0,19411.0,8448.0,6490.0,29,0,43.52,48,Salaried,Bachelor,Single,Platinum,North,0
CUST100981,67,71950.0,28642.0,3815.0,1100.0,18,1,13.32,133,Salaried,Doctorate,Single,Platinum,North,0
CUST100982,56,108879.0,61229.0,28837.0,18509.0,26,2,47.1,80,,Bachelor,Divorced,Standard,Central,0
CUST100983,67,65448.0,22977.0,2244.0,723.0,19,0,9.77,15,Business,Diploma,Married,Standard,North,0
CUST100984,42,314822.0,63341.0,14006.0,5895.0,22,3,22.11,44,Salaried,Diploma,Widowed,Standard,Central,0
CUST100985,54,25963.0,4693.0,797.0,738.0,21,1,16.98,63,Self-Employed,Bachelor,Single,Standard,Central,0
CUST100986,67,116360.0,20441.0,10312.0,7416.0,22,0,50.45,35,Salaried,Master,Single,Gold,Central,0
CUST100987,28,59107.0,20101.0,6345.0,1297.0,32,4,31.57,49,Unemployed,Master,Married,,East,0
CUST100988,60,99379.0,31664.0,15432.0,9110.0,21,1,48.74,53,Self-Employed,Diploma,Single,Standard,West,0
CUST100989,69,82856.0,42171.0,8290.0,1397.0,17,2,19.66,57,Self-Employed,Master,Single,Gold,South,0
CUST100990,64,43430.0,22645.0,6801.0,4903.0,15,1,30.03,86,Salaried,Master,Married,Gold,Central,0
CUST100991,39,73725.0,12933.0,2682.0,399.0,22,1,20.74,47,Salaried,Diploma,Single,Gold,West,0
CUST100992,62,23395.0,6096.0,4189.0,419.0,27,2,68.72,58,Self-Employed,Diploma,Married,Platinum,West,0
CUST100993,61,90575.0,26007.0,6358.0,3779.0,28,5,24.45,87,Self-Employed,High School,Divorced,Signature,South,0
CUST100994,57,76583.0,32456.0,8547.0,2579.0,17,3,26.33,57,Salaried,High School,Single,Gold,South,0
CUST100995,26,92356.0,20527.0,12833.0,9520.0,21,2,62.52,69,Salaried,Bachelor,Married,Gold,East,0
CUST100996,46,116321.0,25238.0,11451.0,4099.0,24,3,45.37,110,Salaried,Bachelor,Married,Gold,North,0
CUST100997,54,79565.0,49481.0,22489.0,14501.0,20,2,45.45,77,Salaried,High School,Married,Gold,South,0
CUST100998,65,70516.0,38932.0,10261.0,5752.0,16,4,26.36,27,Salaried,Doctorate,Single,Standard,East,1
CUST100999,26,40037.0,9622.0,4711.0,1030.0,26,1,48.96,31,Salaried,Bachelor,Married,Signature,West,0
CUST101000,57,43933.0,15521.0,4803.0,3750.0,15,1,30.95,28,Business,Master,Single,Gold,East,0
CUST101001,53,124847.0,40926.0,19380.0,7871.0,19,3,47.35,19,Business,Bachelor,Married,Gold,South,0
CUST101002,42,143219.0,78126.0,44538.0,22772.0,15,2,57.01,77,Unemployed,Bachelor,Single,Standard,North,0
CUST101003,41,57021.0,23100.0,9845.0,4331.0,14,2,42.62,95,Salaried,Bachelor,Single,Standard,West,0
CUST101004,26,66666.0,14262.0,10284.0,,19,1,72.11,91,Student,Master,Single,Standard,West,0
CUST101005,26,39522.0,20532.0,10770.0,8262.0,19,2,,43,Student,Diploma,Single,Gold,Central,0
CUST101006,68,123891.0,43169.0,16597.0,3784.0,27,2,38.45,25,Salaried,Doctorate,Single,Standard,North,0
CUST101007,24,93725.0,26380.0,20729.0,6025.0,21,0,78.58,36,Self-Employed,High School,Married,Platinum,East,0
CUST101008,50,189059.0,63855.0,7326.0,1709.0,21,0,11.47,6,Self-Employed,High School,Divorced,Standard,East,0
CUST101009,31,40097.0,15994.0,4904.0,628.0,28,2,30.66,29,Salaried,Master,Single,Platinum,West,0
CUST101010,50,52799.0,16978.0,8172.0,2190.0,19,0,48.13,22,Salaried,Bachelor,Single,Gold,East,0
CUST101011,51,73824.0,20003.0,9619.0,1756.0,21,3,48.09,18,Salaried,Master,Married,Platinum,West,0
CUST101012,44,92755.0,32395.0,1493.0,872.0,21,1,4.61,88,Student,Bachelor,Single,Standard,North,0
CUST101013,29,57730.0,9213.0,3055.0,246.0,17,4,33.16,17,Self-Employed,Bachelor,Married,Standard,North,0
CUST101014,23,40216.0,21566.0,10846.0,2668.0,17,1,50.29,35,Salaried,High School,Married,Gold,South,0
CUST101015,51,105548.0,24854.0,10916.0,4620.0,14,2,43.92,54,Self-Employed,Master,Single,Standard,East,0
CUST101016,60,96642.0,16618.0,10694.0,5537.0,22,1,64.35,47,Salaried,Bachelor,Widowed,Signature,West,0
CUST101017,57,39269.0,18725.0,5929.0,2121.0,20,4,31.66,21,Salaried,High School,Single,Gold,South,0
CUST101018,56,136986.0,73557.0,52159.0,15422.0,20,1,70.91,44,,Diploma,Divorced,Standard,West,0
CUST101019,44,123717.0,68900.0,23777.0,12105.0,20,1,34.51,43,Student,Bachelor,Married,Standard,West,0
CUST101020,51,69983.0,27766.0,16080.0,7250.0,30,2,57.91,35,Salaried,High School,Single,Gold,East,0
CUST101021,26,67909.0,17160.0,4622.0,2945.0,25,3,26.93,74,Salaried,Master,Single,Gold,Central,0
CUST101022,22,88157.0,45719.0,37361.0,15958.0,18,3,81.72,53,Salaried,Master,Married,Signature,North,0
CUST101023,40,40466.0,20227.0,6847.0,2910.0,20,1,33.85,94,Salaried,Bachelor,Single,Gold,South,0
CUST101024,48,66083.0,18050.0,11826.0,5223.0,15,0,65.52,6,Salaried,Master,Divorced,Standard,Central,0
CUST101025,31,19897.0,11972.0,4848.0,897.0,22,3,40.49,67,Salaried,Master,Single,Standard,North,0
CUST101026,24,105260.0,21282.0,16369.0,7843.0,20,3,76.91,29,Self-Employed,Master,Married,Gold,Central,0
CUST101027,35,27538.0,17661.0,3964.0,2434.0,26,2,22.44,74,Salaried,Bachelor,Single,Standard,Central,0
CUST101028,26,148601.0,86207.0,47482.0,18745.0,22,1,55.08,91,Unemployed,Bachelor,Divorced,Gold,West,0
CUST101029,69,54208.0,26776.0,21041.0,7189.0,27,3,78.58,19,Salaried,Bachelor,Married,Standard,North,0
CUST101030,50,57857.0,35835.0,15461.0,1657.0,32,4,43.14,64,Salaried,Bachelor,Married,Gold,East,0
CUST101031,58,46023.0,23525.0,11135.0,4396.0,18,2,47.33,34,Unemployed,Bachelor,Married,Signature,North,0
CUST101032,22,55477.0,13605.0,4759.0,3547.0,20,3,34.98,133,,High School,Single,Platinum,South,0
CUST101033,35,141823.0,52627.0,4310.0,1054.0,23,0,8.19,53,Self-Employed,High School,Married,Platinum,North,0
CUST101034,31,18000.0,3344.0,419.0,175.0,25,1,12.53,109,Salaried,Master,Single,Gold,North,0
CUST101035,28,131199.0,45241.0,27091.0,10401.0,22,2,59.88,121,Salaried,Master,Single,Platinum,West,0
CUST101036,46,78281.0,40769.0,13968.0,3489.0,19,2,34.26,87,Unemployed,Diploma,Divorced,Platinum,Central,0
CUST101037,65,33466.0,11486.0,2834.0,214.0,19,1,24.67,40,Salaried,Bachelor,Married,Standard,West,0
CUST101038,64,35980.0,11339.0,10695.0,5231.0,21,0,94.32,39,Self-Employed,Bachelor,Married,Standard,South,0
CUST101039,25,163433.0,73165.0,11224.0,5060.0,30,2,15.34,53,Student,Bachelor,Married,Platinum,South,0
CUST101040,26,38643.0,22649.0,7080.0,2351.0,23,2,31.26,78,Self-Employed,High School,Single,Standard,Central,0
CUST101041,46,34468.0,5990.0,254.0,122.0,19,2,4.24,74,Business,Master,Divorced,Standard,South,0
CUST101042,24,121500.0,41642.0,7364.0,361.0,20,1,17.68,117,Business,Bachelor,Married,Standard,North,0
CUST101043,39,78303.0,17941.0,12261.0,6049.0,25,1,68.34,47,Salaried,Bachelor,Single,Platinum,South,0
CUST101044,40,38804.0,19312.0,6819.0,2211.0,17,2,35.31,51,Self-Employed,Bachelor,Single,Standard,South,0
CUST101045,53,73225.0,14855.0,8504.0,6375.0,20,1,57.25,39,Salaried,Bachelor,Single,Gold,East,0
CUST101046,40,36974.0,17836.0,11316.0,4945.0,22,1,63.44,37,Salaried,Bachelor,Single,Standard,West,0
CUST101047,69,119085.0,34903.0,9985.0,3958.0,24,3,28.61,51,Unemployed,Bachelor,Single,Standard,West,0
CUST101048,32,116529.0,29069.0,4188.0,903.0,20,1,14.41,64,Salaried,Doctorate,Single,Standard,West,0
CUST101049,67,87094.0,53839.0,20360.0,12326.0,28,5,37.82,72,Salaried,High School,Single,Gold,Central,0
CUST101050,21,79305.0,12630.0,6386.0,5649.0,19,1,50.56,109,Salaried,Master,Divorced,Standard,East,0
CUST101051,46,171236.0,63167.0,31505.0,25075.0,19,1,49.88,121,Unemployed,High School,Married,Platinum,North,0
CUST101052,34,64989.0,10451.0,8821.0,3316.0,19,2,84.4,110,Salaried,Diploma,Married,Gold,South,0
CUST101053,58,33932.0,13294.0,11078.0,4945.0,16,0,83.33,145,Business,Doctorate,Single,,West,0
CUST101054,57,83229.0,33335.0,16642.0,8561.0,24,5,49.92,53,Business,Master,Single,Standard,East,0
CUST101055,31,204734.0,63638.0,21143.0,5490.0,20,2,33.22,31,Salaried,Bachelor,Single,Platinum,East,0
CUST101056,56,37199.0,8038.0,1917.0,986.0,16,2,23.85,82,Business,Bachelor,Single,Signature,South,0
CUST101057,33,53281.0,18019.0,12795.0,1945.0,22,1,71.01,51,Unemployed,Diploma,Divorced,Gold,South,0
CUST101058,63,81731.0,39732.0,10744.0,9892.0,30,5,27.04,85,Self-Employed,Diploma,Single,Gold,East,0
CUST101059,23,63101.0,34150.0,18898.0,7914.0,32,1,55.34,30,Salaried,High School,Married,Platinum,North,0
CUST101060,53,37869.0,15730.0,8633.0,4467.0,20,1,54.88,31,Self-Employed,High School,Married,Standard,South,0
CUST101061,26,120471.0,53600.0,14233.0,3082.0,27,1,26.55,97,Salaried,Bachelor,Married,Gold,East,0
CUST101062,70,232854.0,58285.0,27608.0,19098.0,22,1,47.37,118,Unemployed,Bachelor,Married,Gold,North,0
CUST101063,30,72404.0,21263.0,7335.0,2184.0,19,2,34.5,42,Salaried,Master,Single,Gold,North,0
CUST101064,25,39534.0,9130.0,2567.0,350.0,16,1,28.12,78,Salaried,High School,Married,Platinum,North,0
CUST101065,43,27728.0,7615.0,1827.0,1139.0,16,2,23.99,35,Salaried,Bachelor,Married,Platinum,South,0
CUST101066,30,74909.0,19659.0,9680.0,8826.0,27,5,49.24,107,Salaried,Master,Single,Standard,East,0
CUST101067,64,119286.0,48874.0,13509.0,6696.0,27,2,27.64,70,Salaried,Master,Married,Signature,North,0
CUST101068,22,84414.0,36412.0,10420.0,1172.0,25,0,28.62,71,Self-Employed,Bachelor,Single,Standard,Central,0
CUST101069,33,64914.0,40407.0,11765.0,5411.0,21,0,29.12,75,Self-Employed,High School,Single,Gold,East,0
CUST101070,60,47007.0,11648.0,4463.0,2451.0,25,6,38.32,90,Unemployed,Diploma,Married,Standard,East,0
CUST101071,22,35648.0,16784.0,11872.0,4401.0,28,3,70.73,28,Salaried,Bachelor,Divorced,Gold,North,0
CUST101072,40,102874.0,57468.0,16065.0,10916.0,24,3,27.95,39,Salaried,Bachelor,Married,Standard,North,0
CUST101073,21,107443.0,46213.0,17830.0,14762.0,22,1,38.58,31,Unemployed,Doctorate,Single,Standard,East,0
CUST101074,57,27778.0,7708.0,5305.0,2653.0,27,2,68.82,22,Salaried,Master,Married,Standard,West,0
CUST101075,29,155835.0,43833.0,13557.0,4122.0,20,2,30.93,103,Self-Employed,Bachelor,Single,Gold,West,0
CUST101076,37,89133.0,15119.0,3440.0,1458.0,18,3,22.75,12,Salaried,Bachelor,Single,Standard,East,0
CUST101077,29,140354.0,42488.0,15077.0,9334.0,21,0,35.49,105,Unemployed,High School,Single,Platinum,East,0
CUST101078,31,31069.0,16227.0,8034.0,2796.0,21,4,49.51,61,Salaried,High School,Single,Standard,East,0
CUST101079,35,30667.0,5329.0,1500.0,863.0,22,1,28.15,32,Business,Bachelor,Married,Gold,South,0
CUST101080,44,59887.0,15550.0,7154.0,233.0,20,2,46.01,33,Unemployed,High School,Single,Platinum,Central,0
CUST101081,58,85706.0,43120.0,23955.0,7699.0,25,0,55.55,83,Student,Diploma,Married,Signature,Central,0
CUST101082,55,174580.0,94505.0,45106.0,19620.0,22,4,47.73,46,Self-Employed,Doctorate,Single,Standard,West,0
CUST101083,50,95845.0,36197.0,2419.0,730.0,22,4,6.68,36,Unemployed,Master,Single,Gold,South,0
CUST101084,51,56878.0,28384.0,19566.0,7817.0,30,2,68.93,84,Self-Employed,Bachelor,Single,Standard,West,0
CUST101085,69,36962.0,12714.0,2836.0,1380.0,15,2,22.31,18,Business,Master,Married,Standard,North,0
CUST101086,25,127854.0,29401.0,8159.0,1732.0,15,1,27.75,62,Salaried,Diploma,Single,Gold,East,0
CUST101087,64,38237.0,13348.0,6256.0,1671.0,19,1,46.87,62,Salaried,Bachelor,Married,Standard,West,0
CUST101088,70,159181.0,70037.0,37781.0,31518.0,22,0,53.94,85,Self-Employed,Diploma,Married,Gold,North,0
CUST101089,34,55588.0,34688.0,28355.0,9239.0,31,2,81.74,122,Salaried,Doctorate,Single,Standard,South,0
CUST101090,31,155899.0,28744.0,6369.0,1288.0,18,0,22.16,61,Unemployed,Master,Divorced,Gold,South,0
CUST101091,29,94424.0,38119.0,18891.0,12835.0,21,0,49.56,42,Salaried,,Single,Signature,West,0
CUST101092,54,60282.0,18956.0,10427.0,5711.0,28,2,55.01,43,Business,Bachelor,Single,Gold,Central,0
CUST101093,32,48848.0,19742.0,6282.0,3931.0,22,0,31.82,83,Salaried,Doctorate,Married,Gold,North,0
CUST101094,55,53887.0,8729.0,6024.0,3344.0,19,5,69.01,67,Salaried,Diploma,Single,Platinum,North,0
CUST101095,55,82266.0,25216.0,21762.0,13392.0,30,1,86.3,61,Self-Employed,Bachelor,Single,Standard,Central,0
CUST101096,21,67818.0,37974.0,18407.0,14455.0,29,0,48.47,101,Salaried,Master,Single,Standard,East,0
CUST101097,60,46889.0,20020.0,2872.0,1439.0,22,3,14.35,34,Salaried,Master,Divorced,Standard,North,0
CUST101098,42,59340.0,22270.0,3053.0,2065.0,25,2,13.71,44,Salaried,Bachelor,Married,Gold,North,0
CUST101099,49,67871.0,19870.0,8675.0,6668.0,24,2,43.66,71,Salaried,Doctorate,Divorced,Gold,Central,0
CUST101100,28,20158.0,6028.0,3550.0,450.0,13,2,58.89,64,Student,Diploma,Single,Platinum,South,1
CUST101101,31,83628.0,28563.0,19094.0,11355.0,25,0,66.85,52,Business,Bachelor,Single,Platinum,Central,0
CUST101102,61,37922.0,21532.0,8700.0,3713.0,18,2,40.4,50,Business,Master,Married,Gold,East,0
CUST101103,57,34469.0,21840.0,7885.0,1595.0,23,1,36.1,95,Unemployed,Diploma,Single,Gold,West,0
CUST101104,34,25696.0,9490.0,4215.0,2306.0,25,3,44.42,180,,Master,Single,Gold,South,0
CUST101105,50,24234.0,8401.0,4050.0,1762.0,20,2,48.21,14,Salaried,Bachelor,Widowed,Gold,North,1
CUST101106,55,30842.0,17681.0,5835.0,2760.0,27,0,33.0,30,Unemployed,Bachelor,Single,Standard,West,0
CUST101107,41,44010.0,15996.0,12375.0,5518.0,18,1,77.36,32,Salaried,,Widowed,Standard,North,0
CUST101108,57,190315.0,81076.0,32070.0,16628.0,13,5,39.56,7,Salaried,Master,Single,Platinum,West,0
CUST101109,25,48674.0,12922.0,1740.0,968.0,18,3,13.47,74,Salaried,Doctorate,Married,Standard,North,0
CUST101110,39,71676.0,37397.0,15508.0,5333.0,18,5,41.47,66,Salaried,Diploma,Single,Standard,East,0
CUST101111,34,81016.0,33702.0,19633.0,2957.0,24,0,58.25,91,Salaried,Master,Married,Standard,West,0
CUST101112,46,69859.0,38738.0,19760.0,10532.0,27,2,51.01,166,Salaried,High School,Single,Standard,North,0
CUST101113,24,62290.0,33659.0,9472.0,2610.0,18,1,28.14,67,Business,High School,Married,Signature,South,0
CUST101114,45,33682.0,8673.0,6704.0,1104.0,26,1,77.3,72,,Bachelor,Married,Standard,East,0
CUST101115,65,144373.0,73315.0,44165.0,3794.0,18,0,60.24,72,Salaried,Bachelor,Married,Signature,West,0
CUST101116,62,175624.0,96598.0,19721.0,10691.0,16,1,20.42,83,Student,Bachelor,Married,Gold,South,0
CUST101117,45,25763.0,8323.0,1246.0,850.0,23,1,14.97,22,Salaried,Diploma,Married,Signature,West,0
CUST101118,38,37009.0,8745.0,2687.0,1107.0,28,3,30.73,76,Student,Bachelor,Married,Standard,,0
CUST101119,60,55728.0,8433.0,533.0,323.0,16,2,6.32,122,Salaried,High School,Married,Standard,South,0
CUST101120,28,38240.0,14357.0,10702.0,1876.0,19,3,74.54,143,Salaried,Bachelor,Divorced,Signature,South,0
CUST101121,59,85856.0,28008.0,11133.0,3198.0,25,2,39.75,33,Business,Bachelor,Married,Gold,West,0
CUST101122,60,43547.0,18614.0,2739.0,1151.0,27,2,14.71,180,Salaried,Diploma,Single,Gold,West,0
CUST101123,34,213827.0,52178.0,22845.0,9747.0,27,1,43.78,65,Unemployed,Bachelor,Married,Gold,West,0
CUST101124,52,125109.0,72542.0,13355.0,5363.0,16,0,18.41,23,Salaried,Bachelor,Divorced,Standard,East,0
CUST101125,58,73062.0,20375.0,11889.0,6752.0,15,2,58.35,24,Unemployed,Master,Divorced,Gold,North,0
CUST101126,53,114346.0,30098.0,16523.0,9466.0,25,2,54.9,140,Business,Bachelor,Married,Standard,East,0
CUST101127,43,119418.0,46616.0,23907.0,5438.0,27,2,51.28,29,Unemployed,Diploma,Single,Standard,East,0
CUST101128,35,47666.0,19039.0,8896.0,3039.0,29,2,46.73,24,Salaried,Diploma,Single,Gold,South,0
CUST101129,53,41491.0,10686.0,5606.0,1456.0,22,5,52.46,25,Business,Bachelor,Single,Standard,South,1
CUST101130,45,67855.0,19402.0,6690.0,4241.0,30,2,34.48,55,Student,Bachelor,Single,Standard,Central,0
CUST101131,37,104406.0,24520.0,16582.0,8241.0,25,0,67.63,155,Unemployed,Bachelor,Widowed,Standard,North,0
CUST101132,53,70166.0,35731.0,20397.0,7216.0,16,4,57.08,13,Salaried,Bachelor,Married,Gold,South,0
CUST101133,67,27304.0,14609.0,6389.0,1458.0,21,1,43.73,72,Salaried,Bachelor,Single,Standard,West,0
CUST101134,22,41797.0,15932.0,10402.0,4528.0,26,0,65.29,61,Business,Diploma,Single,Standard,South,0
CUST101135,34,62409.0,31644.0,19140.0,6379.0,21,2,60.49,94,Salaried,Bachelor,Single,Gold,East,0
CUST101136,60,62350.0,32295.0,6337.0,3055.0,21,3,19.62,58,Salaried,Master,Divorced,Standard,East,0
CUST101137,60,192344.0,42150.0,8255.0,4352.0,18,4,19.58,114,Self-Employed,Bachelor,Married,Standard,Central,0
CUST101138,59,30329.0,19201.0,3101.0,1882.0,12,4,16.15,125,Self-Employed,Bachelor,Single,Standard,South,1
CUST101139,26,85838.0,48114.0,11019.0,5946.0,21,1,22.9,91,Self-Employed,Bachelor,Married,Platinum,North,0
CUST101140,26,147437.0,37190.0,18156.0,12657.0,22,0,48.82,112,Salaried,Diploma,Married,Standard,North,0
CUST101141,23,226713.0,55110.0,47566.0,11834.0,30,2,86.31,108,Self-Employed,Master,Married,Platinum,North,0
CUST101142,27,52038.0,11075.0,4432.0,2056.0,17,3,40.02,27,Salaried,Bachelor,Married,Standard,West,0
CUST101143,28,85172.0,18669.0,7978.0,4737.0,18,3,42.73,66,Business,Bachelor,Married,Gold,Central,0
CUST101144,62,88922.0,46602.0,24908.0,9660.0,22,4,53.45,23,Salaried,Diploma,Single,Signature,North,0
CUST101145,35,72378.0,27853.0,14370.0,1913.0,16,3,51.59,78,Salaried,Bachelor,Divorced,Gold,South,0
CUST101146,67,61561.0,33333.0,9633.0,3212.0,22,1,28.9,50,Self-Employed,Diploma,Single,Standard,Central,0
CUST101147,49,82614.0,43218.0,13583.0,8768.0,25,1,31.43,52,Self-Employed,Master,Widowed,,Central,0
CUST101148,53,18000.0,8142.0,3884.0,2591.0,18,5,47.7,95,Salaried,High School,Divorced,Platinum,South,0
CUST101149,50,94588.0,46649.0,14124.0,4507.0,32,2,30.28,85,Self-Employed,Bachelor,Single,Standard,Central,0
CUST101150,59,69671.0,11090.0,3655.0,1255.0,21,1,32.96,80,Self-Employed,Bachelor,Married,Gold,East,0
CUST101151,47,57514.0,17593.0,5912.0,3579.0,29,1,33.6,36,Salaried,Bachelor,Widowed,Gold,Central,0
CUST101152,56,200369.0,93955.0,57469.0,17528.0,21,0,61.17,64,Business,High School,Married,Gold,North,0
CUST101153,49,44843.0,6936.0,1968.0,1018.0,26,3,28.37,32,Salaried,Bachelor,Married,Standard,West,0
CUST101154,58,52076.0,8670.0,2486.0,681.0,23,1,28.67,46,Unemployed,High School,Divorced,Gold,North,0
CUST101155,53,194366.0,111944.0,90138.0,22640.0,25,2,80.52,50,Salaried,Master,Married,Standard,West,0
CUST101156,57,41131.0,20237.0,11422.0,3522.0,24,0,56.44,49,Self-Employed,Doctorate,Single,Standard,Central,0
CUST101157,47,48030.0,13577.0,3195.0,692.0,24,1,23.53,96,Salaried,Diploma,Married,Gold,South,0
CUST101158,53,59951.0,29615.0,15502.0,7969.0,20,1,52.35,113,Business,Bachelor,Single,Standard,South,0
CUST101159,24,103213.0,56378.0,14874.0,1140.0,25,3,26.38,45,Self-Employed,Bachelor,Single,Platinum,South,0
CUST101160,42,72870.0,22109.0,18258.0,5376.0,25,1,82.58,63,Unemployed,Diploma,Single,Standard,South,0
CUST101161,22,31927.0,5364.0,1180.0,639.0,20,0,22.0,56,Salaried,Bachelor,Single,Standard,East,0
CUST101162,30,48506.0,29899.0,6604.0,3949.0,20,3,22.09,23,Business,Bachelor,Single,Standard,East,0
CUST101163,25,46541.0,15014.0,8761.0,5693.0,17,0,58.35,61,Salaried,Bachelor,Single,Platinum,West,0
CUST101164,30,62297.0,12661.0,3620.0,877.0,25,3,28.59,42,Salaried,High School,Married,Platinum,East,0
CUST101165,53,82154.0,32527.0,,13783.0,21,1,69.16,69,Unemployed,High School,Single,Standard,North,0
CUST101166,58,81810.0,43706.0,21088.0,12141.0,12,1,48.25,82,Salaried,Doctorate,Married,Gold,West,0
CUST101167,33,24473.0,6383.0,4152.0,2516.0,20,1,65.05,26,Unemployed,Master,Widowed,Gold,North,0
CUST101168,51,116694.0,33228.0,7726.0,6661.0,22,1,23.25,47,Salaried,High School,Married,Platinum,East,0
CUST101169,67,74687.0,20267.0,5613.0,2721.0,32,0,27.7,131,Self-Employed,Bachelor,Married,Standard,East,0
CUST101170,56,139196.0,89898.0,9053.0,5041.0,22,0,10.07,58,Self-Employed,High School,Married,Standard,South,0
CUST101171,65,82988.0,20639.0,7884.0,4634.0,24,1,38.2,71,Unemployed,Master,Married,Standard,South,0
CUST101172,44,119118.0,52145.0,22527.0,6894.0,22,2,43.2,22,Salaried,High School,Single,Standard,South,0
CUST101173,35,84014.0,51470.0,35410.0,28873.0,22,1,68.8,113,Salaried,Bachelor,Widowed,Standard,South,0
CUST101174,49,136294.0,30455.0,3411.0,1198.0,25,0,11.2,50,Salaried,Bachelor,Married,Gold,West,0
CUST101175,28,86628.0,55046.0,28270.0,15356.0,27,2,51.36,35,Business,High School,Divorced,Gold,East,0
CUST101176,25,61592.0,38417.0,18827.0,4984.0,30,1,49.01,24,Salaried,Bachelor,Single,Signature,East,0
CUST101177,49,226836.0,134352.0,,3374.0,26,3,20.19,106,Salaried,Master,Single,Standard,North,0
CUST101178,67,105991.0,27269.0,12351.0,8169.0,20,3,45.29,80,Business,High School,Married,Platinum,East,0
CUST101179,24,89117.0,41620.0,20904.0,11580.0,25,0,50.23,133,Business,Bachelor,Divorced,Platinum,South,0
CUST101180,32,32215.0,17088.0,6078.0,903.0,26,2,35.57,27,Salaried,Diploma,Married,Gold,South,0
CUST101181,65,32003.0,20578.0,2266.0,1076.0,27,3,11.01,36,Self-Employed,Diploma,Married,Platinum,East,0
CUST101182,22,76354.0,18341.0,12824.0,2350.0,23,3,69.92,81,Salaried,Bachelor,Married,Standard,South,0
CUST101183,47,70416.0,37533.0,27296.0,7083.0,24,0,72.73,82,Business,Master,Married,Standard,West,0
CUST101184,51,46368.0,14810.0,11814.0,5547.0,29,3,79.77,48,Salaried,Diploma,Single,Standard,North,1
CUST101185,56,70241.0,16704.0,9705.0,1942.0,23,1,58.1,32,Salaried,Doctorate,Married,Standard,East,0
CUST101186,56,155731.0,56170.0,19309.0,5362.0,21,2,34.38,90,Self-Employed,High School,Married,Platinum,South,0
CUST101187,46,95284.0,52113.0,21959.0,12728.0,24,3,42.14,83,Unemployed,Master,Married,Signature,West,0
CUST101188,63,34703.0,13271.0,6030.0,2814.0,28,3,45.44,62,Salaried,High School,Single,Standard,West,0
CUST101189,47,61133.0,25600.0,15637.0,11616.0,19,3,61.08,37,Salaried,Diploma,Single,Gold,West,0
CUST101190,25,41748.0,27035.0,11981.0,7663.0,17,2,44.32,40,Salaried,Doctorate,Married,Standard,Central,0
CUST101191,40,52518.0,18358.0,3910.0,1421.0,26,2,21.3,21,Unemployed,Diploma,Single,Standard,West,0
CUST101192,31,51775.0,23697.0,4818.0,4341.0,17,3,20.33,45,Student,High School,Single,Gold,South,0
CUST101193,30,49983.0,16625.0,11059.0,8308.0,21,2,66.52,67,Student,Master,Single,Platinum,South,0
CUST101194,60,32592.0,11290.0,1521.0,740.0,20,1,13.47,134,Salaried,Master,Married,Standard,Central,0
CUST101195,58,60593.0,30164.0,17052.0,5258.0,21,3,56.53,80,Salaried,Master,Single,Gold,West,0
CUST101196,26,47754.0,29557.0,8492.0,5604.0,23,3,28.73,66,Salaried,Master,Single,Standard,Central,0
CUST101197,28,18000.0,7581.0,495.0,291.0,27,2,6.53,56,Student,Diploma,Single,Standard,West,0
CUST101198,43,201044.0,107398.0,57929.0,23480.0,30,1,53.94,17,Salaried,Bachelor,Married,Standard,North,0
CUST101199,67,118298.0,23021.0,10538.0,4529.0,16,2,45.78,75,Self-Employed,Master,Single,Platinum,South,0
CUST101200,46,52848.0,13507.0,5375.0,2656.0,27,0,39.79,79,Salaried,Doctorate,Married,Standard,South,0
CUST101201,66,65676.0,26340.0,7535.0,5363.0,16,6,28.61,22,Self-Employed,Master,Single,Gold,South,0
CUST101202,63,34123.0,5460.0,4190.0,2790.0,25,3,76.74,94,Salaried,High School,Single,Gold,South,0
CUST101203,32,165180.0,45660.0,18581.0,10170.0,24,6,40.69,92,Salaried,Bachelor,Single,Gold,West,0
CUST101204,46,184546.0,75424.0,26080.0,14271.0,15,1,34.58,80,Salaried,Bachelor,Single,Platinum,West,0
CUST101205,33,70850.0,11158.0,2686.0,987.0,11,3,24.07,31,Salaried,Master,Married,Gold,North,0
CUST101206,60,114129.0,32216.0,6291.0,1613.0,31,3,19.53,45,Student,Diploma,Married,Standard,North,0
CUST101207,38,71579.0,29134.0,15348.0,6035.0,24,2,52.68,49,Self-Employed,High School,Single,Signature,South,0
CUST101208,45,31162.0,13605.0,4390.0,3348.0,19,1,32.27,94,Salaried,Diploma,Single,Standard,,0
CUST101209,53,51826.0,31763.0,749.0,151.0,23,0,2.36,14,Salaried,Bachelor,Single,Standard,West,1
CUST101210,67,69892.0,33036.0,8337.0,4610.0,20,2,25.24,67,Salaried,High School,Widowed,Gold,South,0
CUST101211,60,50622.0,18091.0,11235.0,3570.0,18,1,62.1,32,Salaried,High School,Married,Standard,South,0
CUST101212,63,57635.0,35456.0,19244.0,9915.0,19,1,54.28,125,Self-Employed,Bachelor,Married,Platinum,North,0
CUST101213,32,61813.0,33530.0,8788.0,920.0,18,1,26.21,152,,Bachelor,Single,Gold,East,0
CUST101214,64,62172.0,15543.0,9311.0,3248.0,25,1,59.9,32,Salaried,Master,Divorced,Standard,East,0
CUST101215,56,66895.0,14411.0,9670.0,4364.0,17,3,67.1,37,Salaried,Bachelor,Married,Standard,West,0
CUST101216,68,36272.0,17697.0,13040.0,1884.0,28,2,73.68,67,Self-Employed,Bachelor,Married,Standard,South,0
CUST101217,24,43817.0,18839.0,12097.0,10334.0,19,2,64.21,135,Salaried,High School,Married,Gold,West,0
CUST101218,25,32068.0,17472.0,6445.0,4488.0,19,5,36.89,52,Salaried,Diploma,Single,Standard,West,0
CUST101219,57,111295.0,57807.0,28607.0,,33,3,49.49,98,Student,Bachelor,Single,Standard,West,0
CUST101220,28,20415.0,9444.0,4337.0,918.0,22,2,45.92,33,Salaried,Bachelor,Married,Gold,South,0
CUST101221,62,122592.0,78850.0,51797.0,6801.0,22,0,65.69,125,Salaried,Diploma,Married,Gold,North,0
CUST101222,69,139335.0,58074.0,27853.0,9959.0,18,2,47.96,78,Salaried,Diploma,Single,Gold,South,0
CUST101223,48,55047.0,11370.0,1525.0,861.0,17,1,13.41,42,Self-Employed,High School,Widowed,Gold,Central,0
CUST101224,51,18000.0,10154.0,726.0,250.0,28,1,7.15,35,Salaried,Master,Married,Standard,Central,0
CUST101225,29,53286.0,14703.0,8603.0,1058.0,23,1,58.51,46,Salaried,Master,Married,Gold,North,0
CUST101226,49,62745.0,33798.0,10729.0,5038.0,24,1,31.74,110,Salaried,Bachelor,Widowed,Signature,South,0
CUST101227,34,37284.0,23435.0,9210.0,2646.0,20,1,39.3,69,Salaried,Master,Married,Standard,North,0
CUST101228,60,48961.0,24402.0,3595.0,1462.0,18,1,14.73,35,Salaried,High School,Divorced,Standard,South,0
CUST101229,61,150806.0,67563.0,5612.0,2107.0,22,3,8.31,47,Salaried,Master,Married,Standard,West,0
CUST101230,42,93700.0,35624.0,19348.0,6848.0,15,1,54.31,70,Salaried,Master,Single,Standard,East,0
CUST101231,31,39090.0,12986.0,9038.0,6151.0,21,4,69.6,19,Salaried,Diploma,Married,Standard,Central,0
CUST101232,43,26997.0,8815.0,3644.0,2366.0,18,1,41.34,67,Salaried,Master,Single,Standard,Central,0
CUST101233,21,54300.0,25423.0,12893.0,8956.0,12,0,50.71,40,Salaried,Bachelor,Married,Gold,South,0
CUST101234,66,57800.0,30382.0,10896.0,5209.0,20,1,35.86,25,Self-Employed,Bachelor,Married,,East,0
CUST101235,57,85396.0,41781.0,24424.0,3772.0,26,0,58.46,131,Self-Employed,Bachelor,Married,Gold,West,0
CUST101236,41,48422.0,12067.0,7110.0,3548.0,20,3,58.92,67,Salaried,High School,Married,Standard,West,0
CUST101237,46,86117.0,34188.0,20660.0,14918.0,24,1,60.43,47,Business,Master,Married,Signature,South,1
CUST101238,66,188429.0,102848.0,46504.0,28531.0,19,1,45.22,39,,High School,Widowed,Gold,Central,0
CUST101239,56,101790.0,39479.0,9631.0,4735.0,22,5,24.4,51,Business,Bachelor,Single,Platinum,West,0
CUST101240,43,63303.0,26480.0,9757.0,6458.0,20,0,36.85,51,Salaried,Doctorate,Single,Standard,North,0
CUST101241,21,58771.0,31476.0,17753.0,11237.0,30,3,56.4,89,Salaried,Bachelor,Married,Gold,East,0
CUST101242,60,53422.0,25676.0,11808.0,7963.0,21,5,45.99,29,Self-Employed,Master,Married,Standard,North,0
CUST101243,35,124430.0,44132.0,12794.0,5946.0,25,2,28.99,47,Self-Employed,Diploma,Widowed,Gold,West,0
CUST101244,41,46033.0,27514.0,14516.0,9216.0,17,2,52.76,114,Salaried,Master,Married,Gold,North,0
CUST101245,67,66637.0,15412.0,4624.0,970.0,25,2,30.0,48,Unemployed,Bachelor,Single,Standard,South,1
CUST101246,29,66856.0,43307.0,14469.0,8993.0,25,2,33.41,83,Student,Bachelor,Divorced,,South,0
CUST101247,29,49324.0,10330.0,5688.0,,20,2,55.06,69,Salaried,Doctorate,Married,Gold,Central,0
CUST101248,30,30555.0,4812.0,2796.0,998.0,28,1,58.1,101,Self-Employed,Master,Single,Standard,Central,0
CUST101249,46,77635.0,46194.0,9403.0,2830.0,21,4,20.36,21,Business,Bachelor,Married,Standard,West,0
CUST101250,61,62855.0,17127.0,8720.0,2173.0,22,3,50.91,49,Salaried,Master,Married,Standard,West,0
CUST101251,55,85586.0,44064.0,11737.0,3276.0,19,1,26.64,95,Salaried,High School,Single,Standard,Central,0
CUST101252,45,48468.0,26924.0,9097.0,5681.0,23,1,33.79,77,Unemployed,High School,Single,Gold,North,0
CUST101253,46,127210.0,73717.0,6363.0,4861.0,23,2,8.63,86,Unemployed,Bachelor,Single,Gold,West,0
CUST101254,31,40132.0,25917.0,18553.0,8178.0,18,2,71.59,60,Salaried,Master,Married,Gold,West,0
CUST101255,58,166669.0,49504.0,33047.0,6204.0,28,1,66.76,15,Salaried,Diploma,Married,Platinum,West,0
CUST101256,22,24858.0,12556.0,9389.0,5185.0,20,1,74.78,21,Salaried,High School,Married,Standard,South,0
CUST101257,27,82559.0,17147.0,9395.0,3762.0,23,4,54.79,38,Business,Master,Widowed,Standard,West,0
CUST101258,38,84426.0,29837.0,8586.0,1402.0,26,3,28.78,92,Business,Doctorate,Married,Platinum,South,0
CUST101259,47,41965.0,24087.0,9650.0,3926.0,17,1,40.06,43,Salaried,Bachelor,Single,Standard,East,0
CUST101260,54,82089.0,27404.0,4757.0,3201.0,23,1,17.36,109,Salaried,Doctorate,Married,Standard,Central,0
CUST101261,47,131384.0,58538.0,37997.0,11219.0,24,3,64.91,71,Salaried,Master,Married,Standard,West,0
CUST101262,37,19204.0,7718.0,3359.0,1882.0,27,3,43.52,114,Self-Employed,Diploma,Married,Platinum,West,0
CUST101263,63,85704.0,40536.0,17022.0,5509.0,19,2,41.99,60,Self-Employed,High School,Widowed,Gold,South,0
CUST101264,64,18000.0,11456.0,6311.0,3593.0,23,4,55.09,17,Salaried,Master,Single,Gold,West,1
CUST101265,44,38217.0,6798.0,1917.0,1243.0,25,1,28.2,80,Salaried,Bachelor,Divorced,Platinum,Central,0
CUST101266,45,159243.0,69586.0,18635.0,8497.0,23,3,26.78,64,Salaried,Master,Single,Gold,North,0
CUST101267,27,47201.0,27448.0,6496.0,1037.0,19,4,23.67,14,Salaried,Master,Divorced,Signature,East,0
CUST101268,26,34081.0,13315.0,4776.0,3007.0,26,4,35.87,91,Self-Employed,Bachelor,Married,Standard,West,0
CUST101269,44,58295.0,11033.0,3520.0,2053.0,24,3,31.9,63,Salaried,Master,Single,Standard,Central,0
CUST101270,53,202702.0,87217.0,29499.0,22242.0,12,0,33.82,79,Student,Master,Married,Platinum,East,0
CUST101271,69,23735.0,7501.0,3710.0,922.0,14,2,49.46,84,Student,High School,Divorced,Standard,South,0
CUST101272,49,36458.0,8293.0,5413.0,2771.0,24,2,65.27,148,Self-Employed,Master,Married,Standard,North,0
CUST101273,63,148113.0,85093.0,49322.0,41933.0,22,2,57.96,28,Business,Bachelor,Single,Standard,East,0
CUST101274,42,180571.0,74179.0,46771.0,14193.0,26,2,63.05,29,Salaried,High School,Widowed,Platinum,South,0
CUST101275,46,61406.0,37865.0,14650.0,3192.0,24,2,38.69,103,Self-Employed,,Married,Standard,,0
CUST101276,48,32881.0,18183.0,9326.0,4770.0,17,3,51.29,30,Self-Employed,Bachelor,Married,Signature,East,0
CUST101277,70,205840.0,102197.0,29292.0,15754.0,26,1,28.66,11,Salaried,Bachelor,Widowed,Gold,South,0
CUST101278,41,156230.0,23827.0,17315.0,5391.0,20,2,72.67,73,Unemployed,Bachelor,Married,Standard,Central,0
CUST101279,69,94425.0,34362.0,12322.0,8400.0,23,2,35.86,71,Self-Employed,Bachelor,Married,Standard,East,0
CUST101280,27,41578.0,10342.0,6846.0,3257.0,23,1,66.2,61,Unemployed,Bachelor,Married,Gold,West,0
CUST101281,37,63271.0,38304.0,16628.0,8335.0,24,5,43.41,47,Salaried,Bachelor,Married,Standard,Central,0
CUST101282,40,,14122.0,4987.0,2512.0,23,1,35.31,10,Salaried,Master,Married,Platinum,West,0
CUST101283,61,77972.0,22848.0,11920.0,6096.0,14,2,52.17,68,Salaried,Master,Single,Gold,Central,0
CUST101284,69,144378.0,58967.0,41242.0,26940.0,19,3,69.94,108,Self-Employed,Bachelor,Divorced,Signature,South,0
CUST101285,40,105432.0,29698.0,8186.0,4831.0,22,1,27.56,19,Unemployed,High School,Married,Standard,North,0
CUST101286,42,35939.0,9162.0,3217.0,462.0,18,1,35.11,38,Self-Employed,Bachelor,Married,Platinum,Central,0
CUST101287,48,138582.0,62299.0,10696.0,3283.0,17,2,17.17,94,Salaried,High School,Married,Standard,East,0
CUST101288,60,77216.0,15016.0,10025.0,5924.0,21,4,66.76,37,Salaried,,Single,Gold,West,0
CUST101289,69,94848.0,16986.0,3535.0,1364.0,15,1,20.81,62,Salaried,Doctorate,Married,Platinum,East,0
CUST101290,27,145618.0,48946.0,,13104.0,19,3,75.21,14,Salaried,Master,Single,Gold,West,0
CUST101291,21,,17999.0,12418.0,8264.0,15,3,68.99,55,Business,Bachelor,Married,Signature,North,0
CUST101292,52,63732.0,27239.0,6135.0,2076.0,23,3,22.52,21,Student,Master,Married,Signature,North,0
CUST101293,33,48525.0,17539.0,4743.0,1929.0,20,0,27.04,48,Salaried,Master,Single,Gold,Central,0
CUST101294,50,27442.0,11879.0,7324.0,,27,2,61.66,34,Salaried,Bachelor,Divorced,Gold,South,0
CUST101295,43,78656.0,26171.0,10886.0,5441.0,20,4,41.6,38,Salaried,Master,Married,Standard,South,0
CUST101296,39,258719.0,150000.0,5029.0,4018.0,23,0,3.35,45,Salaried,Bachelor,Single,Standard,Central,0
CUST101297,52,23626.0,4192.0,1561.0,881.0,28,2,37.24,39,Salaried,Bachelor,Single,Standard,Central,0
CUST101298,50,63856.0,31078.0,12802.0,5325.0,13,1,41.19,152,Unemployed,High School,Single,Platinum,East,0
CUST101299,49,92452.0,55068.0,31852.0,8673.0,29,1,57.84,69,Business,High School,Married,,East,0
CUST101300,69,69552.0,38389.0,7701.0,3932.0,27,1,20.06,97,Salaried,Master,Single,Gold,Central,0
CUST101301,65,61079.0,14782.0,12663.0,4672.0,27,3,85.66,105,Salaried,Bachelor,Widowed,Platinum,North,0
CUST101302,49,31811.0,9479.0,5643.0,1782.0,21,5,59.53,66,Salaried,Master,Divorced,Platinum,West,0
CUST101303,50,73878.0,37569.0,30464.0,23162.0,17,5,81.09,56,Unemployed,Master,Divorced,Standard,West,0
CUST101304,36,42870.0,8237.0,3972.0,1613.0,29,1,48.22,42,Business,Master,Single,Platinum,West,0
CUST101305,60,19491.0,10836.0,385.0,345.0,25,3,3.55,97,Salaried,High School,Widowed,Gold,West,0
CUST101306,39,125388.0,63879.0,24339.0,18791.0,21,4,,51,Salaried,Master,Married,Platinum,West,0
CUST101307,38,110112.0,56686.0,27660.0,9005.0,26,2,48.8,30,Salaried,Bachelor,Married,Platinum,South,0
CUST101308,21,66873.0,13383.0,1517.0,1036.0,25,0,11.34,22,Salaried,Bachelor,Single,Standard,East,0
CUST101309,34,73728.0,37519.0,3910.0,1576.0,21,3,10.42,49,Salaried,High School,Married,Gold,North,0
CUST101310,67,117362.0,57497.0,33785.0,6362.0,24,1,58.76,60,Salaried,Master,Married,Platinum,North,0
CUST101311,70,73536.0,41582.0,6995.0,2715.0,18,3,16.82,123,Business,Bachelor,Married,Standard,West,0
CUST101312,22,106868.0,18253.0,10562.0,8058.0,17,3,57.86,55,Salaried,Diploma,Single,Gold,West,0
CUST101313,48,55189.0,8916.0,3342.0,983.0,22,1,37.48,50,Self-Employed,Master,Married,Standard,North,0
CUST101314,69,133751.0,45008.0,27808.0,10432.0,22,1,61.78,57,Business,Diploma,Single,Standard,East,0
CUST101315,70,77542.0,17400.0,7595.0,3701.0,28,1,43.65,19,Salaried,Bachelor,Single,,North,0
CUST101316,50,72321.0,31040.0,15907.0,9639.0,22,1,51.25,60,Student,Bachelor,Single,Gold,South,0
CUST101317,58,32325.0,19675.0,3256.0,754.0,30,2,16.55,68,Salaried,Master,Married,Standard,North,0
CUST101318,24,76113.0,26315.0,16242.0,10006.0,19,3,61.72,49,Business,Doctorate,Married,Standard,South,0
CUST101319,21,41133.0,23548.0,19717.0,5881.0,23,0,83.73,39,Salaried,Master,Divorced,Standard,East,0
CUST101320,28,45756.0,6869.0,3641.0,2627.0,30,2,53.01,36,Business,Bachelor,Married,Standard,West,0
CUST101321,49,41510.0,9724.0,1130.0,664.0,17,3,11.62,62,Self-Employed,Diploma,Single,Signature,East,0
CUST101322,59,36160.0,5974.0,1521.0,1075.0,28,2,25.46,35,Self-Employed,Bachelor,Married,Signature,Central,0
CUST101323,23,209142.0,65686.0,38909.0,12740.0,27,2,59.23,47,Salaried,Master,Married,Platinum,North,0
CUST101324,52,135182.0,81663.0,46401.0,20542.0,28,2,56.82,86,Salaried,Bachelor,Married,Standard,East,0
CUST101325,30,186903.0,37096.0,24824.0,12247.0,22,1,66.92,98,Salaried,High School,Married,Platinum,Central,0
CUST101326,30,33175.0,15035.0,3651.0,2403.0,18,2,24.28,28,Business,High School,Single,Gold,South,0
CUST101327,39,67598.0,25400.0,4838.0,3444.0,20,1,19.05,39,Salaried,Bachelor,Single,Signature,West,0
CUST101328,66,31911.0,19760.0,3521.0,983.0,26,1,17.82,27,Business,Bachelor,Married,Standard,South,0
CUST101329,54,44334.0,9366.0,3061.0,1704.0,30,2,32.68,46,Salaried,Diploma,Married,Gold,Central,0
CUST101330,53,39229.0,10043.0,3505.0,1828.0,21,2,34.9,76,Salaried,Bachelor,Married,Gold,West,0
CUST101331,43,128530.0,21178.0,14269.0,5469.0,23,2,67.38,43,Salaried,Doctorate,Single,Gold,West,0
CUST101332,48,52272.0,19182.0,7309.0,5318.0,23,0,38.1,59,Salaried,High School,Married,Standard,Central,0
CUST101333,52,116979.0,33797.0,16519.0,12707.0,25,1,48.88,54,Salaried,Master,Divorced,Standard,East,0
CUST101334,70,90618.0,53007.0,31194.0,10387.0,22,2,58.85,61,Unemployed,Bachelor,Divorced,Gold,South,1
CUST101335,27,230762.0,104413.0,47636.0,30935.0,16,2,45.62,78,Salaried,Bachelor,Married,Platinum,South,0
CUST101336,49,28809.0,13167.0,6428.0,4340.0,29,3,48.82,129,Salaried,Doctorate,Divorced,Gold,East,0
CUST101337,28,129926.0,54043.0,,1829.0,21,5,12.66,61,Salaried,Bachelor,Married,Platinum,East,0
CUST101338,15,122111.0,23925.0,9921.0,6057.0,14,4,41.47,32,Salaried,High School,Married,Gold,Central,0
CUST101339,23,38055.0,14176.0,10728.0,3286.0,22,2,75.68,44,Salaried,,Married,Gold,East,0
CUST101340,44,113104.0,73490.0,29336.0,16020.0,22,2,39.92,45,Salaried,Diploma,Single,,East,0
CUST101341,43,78200.0,44387.0,11713.0,4781.0,29,3,26.39,32,Salaried,Master,Divorced,Signature,East,0
CUST101342,28,57356.0,34226.0,10927.0,6454.0,20,4,31.93,58,Business,High School,Single,Gold,North,0
CUST101343,67,41315.0,23203.0,10478.0,1291.0,18,6,45.16,143,Unemployed,Diploma,Married,Standard,North,1
CUST101344,57,43767.0,8820.0,4323.0,598.0,14,5,49.01,77,Unemployed,Doctorate,Single,Standard,West,0
CUST101345,23,200695.0,52928.0,23536.0,12007.0,22,0,44.47,34,Self-Employed,Master,Divorced,Gold,East,0
CUST101346,53,65024.0,9855.0,4996.0,2542.0,32,0,50.7,62,Salaried,Diploma,Single,Standard,East,0
CUST101347,48,99939.0,30157.0,20765.0,7015.0,24,2,68.86,36,Business,Master,Married,Signature,Central,0
CUST101348,67,42072.0,8595.0,2900.0,658.0,24,4,33.74,72,Business,High School,Married,Gold,West,0
CUST101349,28,42329.0,16356.0,10831.0,6100.0,19,1,66.22,23,Salaried,Diploma,Single,Standard,South,0
CUST101350,54,117858.0,57581.0,27396.0,1190.0,17,1,47.58,180,Self-Employed,Diploma,Single,Standard,West,0
CUST101351,55,30942.0,18171.0,7906.0,3642.0,24,1,43.51,117,Business,High School,Single,Standard,Central,0
CUST101352,52,51729.0,27137.0,10931.0,1723.0,24,3,40.28,19,Salaried,Bachelor,Married,Standard,North,0
CUST101353,44,,41015.0,7028.0,4371.0,24,1,17.14,66,Salaried,Bachelor,Single,Gold,Central,0
CUST101354,34,69106.0,12228.0,8824.0,1744.0,29,1,72.16,80,Self-Employed,Bachelor,Single,Standard,South,0
CUST101355,52,58903.0,9194.0,2696.0,2088.0,13,1,29.32,56,Self-Employed,Bachelor,Widowed,Standard,West,0
CUST101356,66,80809.0,38842.0,13836.0,2514.0,18,0,35.62,65,Self-Employed,Bachelor,Married,Gold,West,0
CUST101357,63,95150.0,28038.0,25800.0,18661.0,21,2,92.02,97,Self-Employed,Diploma,Single,Standard,West,0
CUST101358,36,97362.0,26945.0,10542.0,9903.0,21,3,39.12,77,Salaried,High School,Single,Platinum,Central,0
CUST101359,24,37796.0,11923.0,4877.0,1277.0,16,5,40.9,32,Self-Employed,Master,Married,Standard,West,0
CUST101360,57,55595.0,15839.0,3298.0,1472.0,17,3,20.82,146,Salaried,Bachelor,Single,Gold,North,0
CUST101361,41,125400.0,50877.0,9280.0,3001.0,10,3,18.24,44,Salaried,Diploma,Single,Platinum,West,0
CUST101362,34,106319.0,39346.0,2455.0,768.0,20,2,6.24,30,Salaried,Bachelor,Married,Standard,South,0
CUST101363,51,30548.0,12409.0,590.0,138.0,19,0,4.75,64,Unemployed,Bachelor,Single,Standard,Central,0
CUST101364,68,78862.0,38355.0,20134.0,12494.0,17,2,52.49,126,Self-Employed,Diploma,Married,Standard,South,0
CUST101365,38,21897.0,7523.0,2312.0,1459.0,20,1,30.73,65,Salaried,Master,Single,Standard,South,0
CUST101366,27,66700.0,18386.0,229.0,128.0,23,2,1.25,124,Salaried,Master,Single,Gold,North,0
CUST101367,30,184594.0,43029.0,33325.0,21962.0,30,4,77.45,98,Student,Doctorate,Single,Gold,Central,0
CUST101368,27,38592.0,12532.0,7796.0,1129.0,21,1,62.21,40,Self-Employed,Bachelor,Single,Standard,Central,0
CUST101369,53,41080.0,21399.0,6925.0,2493.0,21,4,,75,Salaried,High School,Married,Gold,North,0
CUST101370,43,98949.0,52280.0,36176.0,11155.0,27,3,69.2,55,Salaried,Bachelor,Married,Standard,South,0
CUST101371,41,27823.0,13451.0,7794.0,3040.0,17,3,57.94,180,Salaried,High School,Single,Standard,South,0
CUST101372,39,45896.0,12255.0,4930.0,1232.0,25,0,40.23,99,Student,Master,Married,Standard,West,0
CUST101373,68,90236.0,40069.0,5866.0,2810.0,23,0,14.64,21,Salaried,Diploma,Single,Standard,South,0
CUST101374,39,45857.0,19964.0,7199.0,5529.0,26,1,36.06,99,Salaried,Master,Single,Gold,South,0
CUST101375,56,57089.0,22386.0,7474.0,2459.0,27,6,33.39,50,Salaried,Doctorate,Married,Standard,South,0
CUST101376,49,97875.0,41596.0,10288.0,4091.0,27,0,24.73,21,Salaried,Master,Widowed,Standard,South,0
CUST101377,38,81961.0,32448.0,,7400.0,22,2,46.19,93,Student,High School,Widowed,Standard,West,0
CUST101378,22,75274.0,32573.0,18771.0,6784.0,26,0,57.63,11,Self-Employed,Bachelor,Married,Standard,Central,0
CUST101379,21,53940.0,27388.0,10710.0,2036.0,20,2,39.1,91,Salaried,Bachelor,Married,Standard,East,0
CUST101380,67,79672.0,16318.0,1997.0,512.0,28,2,12.24,32,Salaried,Master,Married,Standard,South,0
CUST101381,25,60724.0,31869.0,6306.0,3001.0,14,1,19.79,86,Salaried,Bachelor,Married,Signature,North,0
CUST101382,40,83611.0,18222.0,14268.0,3154.0,23,2,78.3,69,Business,Bachelor,Married,Standard,North,0
CUST101383,31,49456.0,9066.0,738.0,306.0,29,1,8.14,57,Salaried,Bachelor,Married,Standard,Central,0
CUST101384,62,58790.0,37510.0,15195.0,4404.0,20,2,40.51,65,Salaried,High School,Married,Platinum,South,0
CUST101385,22,37709.0,23700.0,7383.0,3521.0,30,0,31.15,110,Self-Employed,Bachelor,Married,Standard,South,0
CUST101386,23,63760.0,11491.0,5578.0,3615.0,21,0,48.54,145,Student,Bachelor,Married,Gold,North,0
CUST101387,43,41610.0,15463.0,7389.0,4221.0,18,0,47.79,63,Self-Employed,Bachelor,Married,Platinum,East,0
CUST101388,32,35222.0,8563.0,3651.0,1160.0,16,1,42.64,137,Business,High School,Divorced,Standard,South,0
CUST101389,40,74937.0,29426.0,18338.0,3011.0,21,2,62.32,27,Student,Bachelor,Married,Platinum,East,0
CUST101390,25,73068.0,41290.0,20636.0,2021.0,18,0,49.98,66,Salaried,Bachelor,Married,Gold,Central,0
CUST101391,57,99980.0,62518.0,25923.0,17967.0,19,1,41.46,59,Self-Employed,Bachelor,Married,Platinum,North,0
CUST101392,58,51278.0,23953.0,11442.0,5261.0,27,2,47.77,52,Student,Diploma,Married,Standard,North,0
CUST101393,50,81355.0,26599.0,18038.0,5065.0,31,5,67.81,28,Self-Employed,Bachelor,Single,Standard,East,0
CUST101394,29,87999.0,39746.0,15853.0,12117.0,19,4,39.89,50,Self-Employed,Bachelor,Married,Standard,North,0
CUST101395,54,83014.0,25402.0,16416.0,7528.0,19,2,64.62,24,Business,High School,Single,Signature,West,0
CUST101396,64,41276.0,24968.0,15791.0,13431.0,23,2,63.24,54,Business,Bachelor,Single,Platinum,West,1
CUST101397,55,70565.0,41295.0,7991.0,2633.0,21,0,19.35,103,Self-Employed,Diploma,Divorced,Gold,West,0
CUST101398,42,79413.0,34077.0,7093.0,2481.0,25,1,20.81,35,Salaried,Master,Married,Gold,South,0
CUST101399,64,65257.0,20386.0,10056.0,6952.0,21,2,49.33,74,Self-Employed,Diploma,Married,Standard,West,0
CUST101400,44,20632.0,6121.0,4194.0,2285.0,19,1,68.52,25,Salaried,Master,Married,Standard,East,0
CUST101401,37,70998.0,11836.0,3144.0,1290.0,22,1,26.56,105,Salaried,Bachelor,Married,Standard,West,0
CUST101402,30,219484.0,122452.0,54948.0,32504.0,23,2,44.87,64,Self-Employed,Bachelor,Single,Gold,Central,0
CUST101403,50,53323.0,20006.0,10268.0,5029.0,23,0,51.32,57,Salaried,Master,Married,Gold,East,0
CUST101404,66,43552.0,13613.0,691.0,356.0,19,2,5.08,70,Business,Master,Single,Gold,East,0
CUST101405,43,79816.0,30773.0,15708.0,7064.0,18,0,51.04,53,Salaried,High School,Married,Platinum,South,0
CUST101406,52,77184.0,43174.0,10999.0,2422.0,21,3,25.48,59,Student,Master,Married,Standard,North,0
CUST101407,37,125260.0,26594.0,10914.0,1707.0,19,3,41.04,109,Salaried,High School,Single,Standard,West,0
CUST101408,70,32543.0,18837.0,1750.0,1232.0,19,1,9.29,65,Self-Employed,Bachelor,Married,Platinum,West,0
CUST101409,37,97188.0,58192.0,14308.0,8681.0,30,3,24.59,47,Salaried,Bachelor,Single,Standard,East,0
CUST101410,34,89938.0,56063.0,23529.0,7667.0,21,3,41.97,135,Self-Employed,Master,Single,Gold,West,0
CUST101411,29,60112.0,20964.0,8313.0,3199.0,23,4,39.65,83,Salaried,Bachelor,Single,Standard,South,0
CUST101412,60,78309.0,20248.0,5860.0,3638.0,17,3,28.94,53,Business,Master,Married,Standard,North,0
CUST101413,22,114502.0,38567.0,14470.0,8797.0,20,2,37.52,93,Business,Master,Single,Standard,North,0
CUST101414,65,105021.0,33235.0,16934.0,7786.0,23,3,50.95,51,Salaried,Master,Married,Gold,East,0
CUST101415,45,34665.0,8253.0,3501.0,794.0,12,2,42.42,23,Self-Employed,Bachelor,Married,Standard,North,0
CUST101416,59,102051.0,46294.0,8345.0,2202.0,23,1,18.03,18,Salaried,Bachelor,Single,Standard,West,0
CUST101417,29,62728.0,24358.0,3536.0,868.0,27,3,14.52,45,Self-Employed,Diploma,Married,Standard,West,0
CUST101418,42,67658.0,39434.0,23413.0,4541.0,23,1,59.37,89,Student,Bachelor,Married,Standard,Central,0
CUST101419,63,67670.0,11237.0,5361.0,1811.0,18,2,47.71,49,Student,High School,Single,Platinum,West,0
CUST101420,66,59845.0,28243.0,13592.0,5317.0,22,2,48.13,40,Salaried,Diploma,Divorced,Signature,North,0
CUST101421,24,125189.0,66535.0,23088.0,3493.0,18,2,34.7,65,Salaried,Bachelor,Married,Standard,South,0
CUST101422,46,62075.0,32884.0,8066.0,3572.0,32,1,24.53,52,Business,Master,Married,Platinum,South,0
CUST101423,49,35115.0,20824.0,4892.0,1827.0,27,2,23.49,40,Self-Employed,Bachelor,Single,Platinum,East,0
CUST101424,65,52350.0,26935.0,14663.0,13654.0,22,1,54.44,110,Salaried,Diploma,Married,Gold,Central,0
CUST101425,54,71713.0,44025.0,9310.0,3042.0,22,2,21.15,75,Business,Master,Divorced,Gold,West,0
CUST101426,43,127799.0,40426.0,18378.0,7873.0,25,5,45.46,79,Salaried,Master,Married,Standard,South,0
CUST101427,57,90567.0,36372.0,16910.0,7530.0,18,5,46.49,14,Salaried,Master,Single,Gold,North,0
CUST101428,31,40715.0,6394.0,1012.0,704.0,28,4,15.83,88,Self-Employed,High School,Divorced,Standard,Central,0
CUST101429,26,254994.0,39136.0,13185.0,5503.0,20,2,33.69,95,Salaried,Bachelor,Single,Standard,East,0
CUST101430,38,75190.0,20306.0,10903.0,,24,2,53.69,16,Salaried,Bachelor,Divorced,Signature,North,0
CUST101431,41,131086.0,26270.0,,6327.0,20,1,37.21,68,Salaried,Diploma,Married,Platinum,West,0
CUST101432,62,59796.0,16749.0,1544.0,1168.0,24,0,9.22,88,Salaried,Bachelor,Married,Standard,West,0
CUST101433,56,87159.0,20789.0,14693.0,11583.0,21,3,70.68,102,Salaried,Diploma,Married,Standard,Central,0
CUST101434,61,103141.0,16942.0,6156.0,1450.0,18,0,36.34,64,Business,Bachelor,Single,Signature,West,0
CUST101435,58,127026.0,76807.0,1400.0,885.0,22,2,1.82,87,Business,Master,Married,Standard,East,0
CUST101436,54,,17919.0,11411.0,2201.0,11,5,63.68,79,Self-Employed,Master,Single,Standard,East,0
CUST101437,37,105014.0,54402.0,11406.0,8084.0,22,0,20.97,67,Salaried,,Married,Standard,,0
CUST101438,57,54658.0,12357.0,4489.0,3460.0,16,4,36.33,32,Salaried,Master,Widowed,Gold,North,0
CUST101439,45,47462.0,28767.0,10670.0,4514.0,13,3,37.09,57,Salaried,High School,Single,Platinum,Central,0
CUST101440,58,78048.0,46548.0,23642.0,4799.0,28,2,50.79,79,Student,Doctorate,Divorced,Gold,Central,0
CUST101441,32,108593.0,51793.0,34403.0,20874.0,26,6,66.42,83,Business,Master,Single,Standard,South,0
CUST101442,43,57506.0,27955.0,7576.0,955.0,19,4,27.1,131,Salaried,High School,Married,Standard,West,0
CUST101443,62,116773.0,17828.0,4844.0,810.0,24,4,27.17,77,Salaried,Bachelor,Single,Standard,Central,0
CUST101444,42,144507.0,92836.0,20970.0,13971.0,23,1,22.59,41,Unemployed,Bachelor,Single,Standard,North,0
CUST101445,41,39268.0,23126.0,18238.0,4150.0,22,0,78.86,45,Salaried,Bachelor,Married,Standard,South,0
CUST101446,47,41021.0,24512.0,12770.0,10260.0,22,1,52.1,29,Student,Bachelor,Married,Standard,East,0
CUST101447,51,60170.0,28859.0,9410.0,7461.0,21,2,32.61,128,Unemployed,Diploma,Married,Platinum,South,0
CUST101448,26,76982.0,24818.0,6657.0,2299.0,16,1,26.82,55,Salaried,Doctorate,Single,Gold,Central,0
CUST101449,47,48710.0,29071.0,5674.0,826.0,35,2,19.52,64,Self-Employed,Bachelor,Married,Standard,North,0
CUST101450,60,136742.0,40443.0,31307.0,8928.0,11,1,77.41,58,Self-Employed,Bachelor,Single,Signature,South,0
CUST101451,54,82074.0,35403.0,13120.0,8719.0,11,0,37.06,58,Self-Employed,Bachelor,Married,Standard,West,0
CUST101452,32,66426.0,13276.0,3596.0,3227.0,20,1,27.09,120,Salaried,Bachelor,Single,Signature,West,0
CUST101453,65,29507.0,18028.0,11793.0,4007.0,24,3,65.41,33,Self-Employed,Bachelor,Divorced,Standard,North,0
CUST101454,27,31522.0,6947.0,2130.0,1518.0,20,2,30.66,27,Salaried,Bachelor,Married,Platinum,South,0
CUST101455,30,75864.0,19910.0,8235.0,4458.0,19,0,41.36,44,Salaried,Bachelor,Married,Standard,North,0
CUST101456,65,20115.0,8631.0,1870.0,981.0,26,2,21.67,70,Self-Employed,Diploma,Married,Standard,East,0
CUST101457,37,113447.0,60359.0,17746.0,9948.0,22,1,29.4,87,Salaried,Master,Married,Gold,East,0
CUST101458,46,59585.0,27390.0,10218.0,5404.0,24,2,37.31,30,Salaried,Master,Married,Gold,West,0
CUST101459,41,350000.0,93123.0,34297.0,,24,2,36.83,7,Unemployed,Master,Married,Signature,Central,0
CUST101460,48,231306.0,34805.0,7330.0,3019.0,18,0,175.0,35,Salaried,Master,Married,Standard,North,0
CUST101461,66,58826.0,31094.0,19784.0,2268.0,24,1,63.63,74,Student,High School,Single,Gold,East,0
CUST101462,22,61307.0,39396.0,16355.0,7575.0,24,2,41.51,30,Salaried,Diploma,Married,Platinum,East,0
CUST101463,63,112388.0,62370.0,24776.0,7399.0,32,1,39.72,49,Salaried,Bachelor,Married,Standard,Central,0
CUST101464,21,165858.0,63043.0,24537.0,19221.0,16,4,38.92,68,Salaried,Diploma,Divorced,Standard,East,0
CUST101465,56,26403.0,15892.0,9080.0,7273.0,19,1,57.14,60,Salaried,Bachelor,Divorced,Standard,South,0
CUST101466,46,24334.0,8637.0,4161.0,2319.0,16,2,48.18,24,Self-Employed,Master,Widowed,Signature,Central,0
CUST101467,49,46167.0,19042.0,3894.0,2462.0,21,3,20.45,64,Student,Master,Single,Gold,,0
CUST101468,41,89559.0,34799.0,18778.0,4420.0,13,2,53.96,88,Business,Diploma,Divorced,Platinum,North,0
CUST101469,31,85427.0,31934.0,8036.0,2933.0,24,1,25.16,13,Salaried,Bachelor,Married,Standard,Central,0
CUST101470,60,117069.0,62936.0,46762.0,22475.0,27,0,74.3,49,Salaried,High School,Single,Platinum,West,0
CUST101471,31,33601.0,13890.0,5171.0,2911.0,23,1,37.23,84,Salaried,High School,Married,Standard,East,0
CUST101472,56,18183.0,5607.0,2814.0,1162.0,21,1,50.19,75,Business,Bachelor,Divorced,Standard,East,1
CUST101473,69,104198.0,29079.0,11394.0,5606.0,19,0,39.18,64,Salaried,Master,Single,Gold,North,1
CUST101474,59,41218.0,6961.0,899.0,570.0,24,4,12.91,62,Salaried,Master,Single,Platinum,South,0
CUST101475,60,21418.0,9458.0,2558.0,1835.0,20,1,27.05,71,Self-Employed,Bachelor,Widowed,Standard,South,0
CUST101476,55,70399.0,18654.0,6780.0,5609.0,20,3,36.35,55,Salaried,Diploma,Married,Standard,North,1
CUST101477,54,100548.0,22529.0,11755.0,5491.0,23,2,52.18,31,Salaried,Diploma,Single,Signature,West,1
CUST101478,67,60780.0,28987.0,19383.0,4754.0,22,2,66.87,27,Salaried,Bachelor,Widowed,Standard,North,0
CUST101479,44,50530.0,24790.0,5065.0,2828.0,23,3,20.43,54,Salaried,Bachelor,Divorced,Standard,North,0
CUST101480,42,59545.0,31325.0,8178.0,5122.0,29,1,26.11,69,Salaried,Bachelor,Married,Standard,North,0
CUST101481,25,53015.0,21301.0,19459.0,10810.0,25,0,91.35,78,Business,Master,Married,Standard,West,0
CUST101482,53,30968.0,18489.0,1418.0,284.0,17,2,7.67,91,Business,High School,Married,Standard,North,0
CUST101483,56,43874.0,27122.0,11494.0,6750.0,25,2,42.38,30,Salaried,Doctorate,Divorced,Platinum,North,0
CUST101484,67,86582.0,47939.0,7185.0,2878.0,23,2,14.99,76,Business,Master,Single,Standard,Central,0
CUST101485,40,77580.0,36292.0,5731.0,3088.0,21,1,15.79,44,Salaried,High School,Single,Gold,South,0
CUST101486,39,71295.0,21521.0,13746.0,3184.0,28,1,63.87,27,Unemployed,High School,Single,Standard,West,0
CUST101487,55,37602.0,24121.0,10356.0,1805.0,22,2,42.93,52,Salaried,Bachelor,Married,Standard,Central,0
CUST101488,63,58825.0,16887.0,8601.0,1999.0,16,4,50.93,71,Self-Employed,Master,Single,Platinum,North,0
CUST101489,37,19629.0,4933.0,1093.0,470.0,22,3,22.16,38,Salaried,Bachelor,Single,Standard,,0
CUST101490,65,71704.0,26608.0,17566.0,10428.0,19,2,66.02,71,,Diploma,Married,Gold,East,0
CUST101491,63,142631.0,25448.0,14404.0,11290.0,19,0,56.6,113,Self-Employed,Bachelor,Married,Gold,West,0
CUST101492,54,28893.0,18470.0,7539.0,1797.0,17,1,40.82,62,Salaried,Bachelor,Married,Gold,Central,0
CUST101493,29,47093.0,20920.0,4101.0,142.0,21,5,19.6,93,Self-Employed,High School,Married,Standard,North,0
CUST101494,46,77898.0,33377.0,22266.0,11351.0,26,1,66.71,88,Salaried,Master,Single,Gold,South,0
CUST101495,22,129470.0,61873.0,9876.0,3284.0,19,0,15.96,40,Self-Employed,Master,Married,Standard,South,0
CUST101496,29,50798.0,20244.0,9040.0,3661.0,20,0,44.66,25,Salaried,High School,Single,Standard,Central,0
CUST101497,29,44418.0,7375.0,854.0,459.0,30,4,11.58,50,Unemployed,Bachelor,Divorced,Standard,West,0
CUST101498,60,22010.0,10040.0,7612.0,5198.0,17,1,75.82,65,Business,Bachelor,Married,Gold,Central,0
CUST101499,37,,34959.0,12964.0,11196.0,23,3,37.08,86,Self-Employed,Bachelor,Widowed,Platinum,North,0
CUST101500,21,199842.0,71618.0,10132.0,7031.0,26,2,14.15,46,Salaried,Bachelor,Single,Gold,North,0
CUST101501,45,75712.0,40025.0,4686.0,2937.0,23,0,11.71,42,Student,Bachelor,Married,Gold,Central,0
CUST101502,63,64208.0,16919.0,10506.0,4694.0,17,1,62.1,41,Business,Diploma,Single,Platinum,South,0
CUST101503,60,77597.0,20225.0,5939.0,3514.0,26,1,29.36,71,Business,Bachelor,Married,Gold,West,0
CUST101504,62,64605.0,14905.0,676.0,194.0,16,1,4.54,42,Self-Employed,High School,Single,Standard,North,0
CUST101505,45,41564.0,13965.0,4959.0,2088.0,25,3,35.51,38,Student,Diploma,Divorced,Standard,East,1
CUST101506,59,102227.0,58628.0,51205.0,30061.0,26,0,87.34,63,Salaried,High School,Single,Standard,Central,0
CUST101507,55,73593.0,41503.0,11463.0,8033.0,29,0,27.62,67,Student,Diploma,Single,Standard,West,0
CUST101508,23,65633.0,22408.0,19054.0,5247.0,18,2,85.03,51,Self-Employed,High School,Single,Standard,East,0
CUST101509,70,38013.0,16899.0,12062.0,4014.0,27,3,71.38,77,Self-Employed,High School,Married,Standard,Central,0
CUST101510,57,133129.0,67950.0,36259.0,15954.0,24,4,53.36,97,Unemployed,Master,Married,Gold,North,0
CUST101511,64,93688.0,25352.0,5244.0,2941.0,27,0,20.68,75,Salaried,Diploma,Single,Standard,East,0
CUST101512,64,47956.0,11225.0,6060.0,2187.0,23,2,53.99,80,Self-Employed,Bachelor,Married,Gold,East,0
CUST101513,50,112775.0,71730.0,25905.0,14792.0,24,3,36.11,12,Self-Employed,Bachelor,Married,Standard,North,1
CUST101514,58,49438.0,22681.0,9207.0,7210.0,17,1,40.59,180,Unemployed,Bachelor,Married,Standard,North,0
CUST101515,54,42279.0,27088.0,7114.0,1591.0,21,0,26.26,72,Self-Employed,Master,Married,Standard,East,0
CUST101516,32,42801.0,13648.0,3898.0,2566.0,24,0,28.56,47,Salaried,Bachelor,Married,Platinum,West,0
CUST101517,39,24540.0,12307.0,5673.0,1101.0,25,0,46.1,58,Self-Employed,Bachelor,Single,Standard,Central,0
CUST101518,57,84246.0,22014.0,10156.0,6254.0,24,1,46.13,32,Unemployed,Bachelor,Single,Signature,South,0
CUST101519,64,23742.0,6662.0,474.0,157.0,26,3,7.11,88,Self-Employed,Diploma,Single,Gold,South,0
CUST101520,69,33074.0,13426.0,8211.0,4876.0,15,1,61.16,21,Salaried,Bachelor,Divorced,Standard,East,1
CUST101521,37,20756.0,6430.0,2191.0,651.0,15,3,34.07,36,Self-Employed,High School,Single,Platinum,West,0
CUST101522,30,,14495.0,3425.0,1247.0,18,3,23.63,26,Salaried,Diploma,Single,Gold,East,0
CUST101523,69,59842.0,16842.0,10971.0,5303.0,22,0,65.14,85,Self-Employed,Bachelor,Married,Standard,East,0
CUST101524,67,54310.0,9117.0,3315.0,862.0,25,1,36.36,86,Salaried,High School,Divorced,Standard,South,0
CUST101525,32,36634.0,18398.0,6089.0,1464.0,28,1,33.1,29,Salaried,High School,Single,Gold,West,0
CUST101526,36,34112.0,13510.0,6905.0,1418.0,17,2,51.11,81,Self-Employed,Bachelor,Single,Gold,South,0
CUST101527,44,83914.0,16541.0,5134.0,806.0,17,1,31.04,133,Salaried,Diploma,Divorced,Platinum,East,0
CUST101528,39,48018.0,11325.0,,511.0,27,0,6.56,58,Salaried,Master,Married,Standard,West,0
CUST101529,28,77353.0,15569.0,3066.0,1421.0,22,2,19.69,54,Business,Master,Married,Standard,North,0
CUST101530,51,39945.0,18227.0,11872.0,8302.0,20,4,65.13,101,Unemployed,High School,Married,Gold,East,0
CUST101531,41,71806.0,14153.0,2154.0,628.0,22,3,15.22,32,Unemployed,Bachelor,Married,Standard,Central,0
CUST101532,37,133112.0,70169.0,36722.0,11522.0,32,3,52.33,76,Unemployed,Master,Married,Standard,North,0
CUST101533,43,89728.0,14379.0,7099.0,5484.0,24,2,49.37,55,Unemployed,Bachelor,Single,Gold,North,0
CUST101534,57,51809.0,14231.0,8008.0,1596.0,25,3,56.27,17,Business,Diploma,Married,Standard,North,0
CUST101535,36,74877.0,44577.0,16630.0,7350.0,21,3,37.31,136,Business,Bachelor,Married,Gold,North,0
CUST101536,26,56941.0,28998.0,5337.0,3330.0,22,2,18.4,141,Salaried,Bachelor,Married,Gold,Central,0
CUST101537,28,65282.0,12174.0,3973.0,2808.0,15,1,32.64,92,Salaried,Diploma,Married,Standard,Central,0
CUST101538,45,54342.0,30462.0,10361.0,2154.0,27,1,34.01,14,Salaried,Diploma,Single,Standard,East,0
CUST101539,38,59383.0,23546.0,16699.0,10009.0,20,2,70.92,45,Business,Bachelor,Married,Standard,West,0
CUST101540,45,73042.0,41882.0,24210.0,7179.0,27,1,57.81,36,Salaried,Bachelor,Single,Standard,South,0
CUST101541,32,37639.0,16951.0,3743.0,3410.0,26,3,22.08,8,Salaried,Doctorate,Single,Standard,East,0
CUST101542,35,37176.0,18250.0,10186.0,2966.0,17,2,55.81,68,Business,Diploma,Married,Gold,East,0
CUST101543,46,30286.0,19587.0,9188.0,3917.0,23,2,46.91,67,Business,Bachelor,Widowed,Standard,South,0
CUST101544,61,26957.0,7175.0,4539.0,1368.0,26,2,63.26,75,Salaried,High School,Married,Platinum,East,0
CUST101545,65,33278.0,15374.0,5080.0,3437.0,25,2,33.04,33,Salaried,Bachelor,Single,Standard,West,1
CUST101546,46,70958.0,26975.0,15596.0,11746.0,25,1,57.82,125,Student,Bachelor,Married,Gold,Central,0
CUST101547,67,39780.0,6752.0,5076.0,3254.0,24,0,75.18,37,Business,Bachelor,Single,Gold,South,0
CUST101548,52,86218.0,13557.0,7606.0,2252.0,17,0,56.1,78,Business,Bachelor,Married,Gold,Central,0
CUST101549,30,66253.0,13888.0,9194.0,5931.0,23,1,66.2,70,Business,Diploma,Single,Gold,West,0
CUST101550,36,22015.0,10447.0,5376.0,1006.0,32,2,51.46,45,Salaried,Master,Married,Standard,East,0
CUST101551,27,93188.0,40405.0,20956.0,2444.0,19,3,51.86,26,Self-Employed,Master,Married,Gold,North,0
CUST101552,37,101527.0,43323.0,2862.0,1144.0,12,1,6.61,26,Salaried,Master,Divorced,Gold,West,0
CUST101553,43,37629.0,6244.0,3980.0,2362.0,23,1,63.74,9,Salaried,Master,Single,Platinum,South,0
CUST101554,46,81899.0,31503.0,5917.0,4642.0,28,1,18.78,21,Business,Bachelor,Single,Platinum,South,0
CUST101555,41,40582.0,24849.0,11652.0,1344.0,28,1,46.89,73,Salaried,Bachelor,Married,Standard,North,0
CUST101556,42,68587.0,23923.0,12639.0,2814.0,23,0,52.83,56,Salaried,Diploma,Divorced,Signature,South,0
CUST101557,27,32424.0,14995.0,9361.0,2918.0,23,3,62.43,90,Self-Employed,Master,Single,Gold,West,0
CUST101558,34,24244.0,13090.0,6973.0,3320.0,18,1,53.27,96,Self-Employed,High School,Married,Platinum,East,0
CUST101559,35,52659.0,28539.0,7095.0,6108.0,24,1,24.86,80,Salaried,Diploma,Single,Standard,East,0
CUST101560,27,60724.0,24875.0,5552.0,2591.0,28,5,22.32,47,Self-Employed,Bachelor,Single,Gold,West,0
CUST101561,29,52230.0,30240.0,15832.0,8363.0,16,0,52.35,33,Student,Diploma,Married,Standard,Central,0
CUST101562,68,33892.0,11716.0,6703.0,4330.0,17,3,57.21,23,Salaried,Bachelor,Widowed,Standard,North,1
CUST101563,28,52167.0,31005.0,11777.0,7716.0,16,1,37.98,58,Salaried,Master,Married,Standard,South,0
CUST101564,70,75377.0,20360.0,3401.0,1896.0,28,4,16.7,22,Self-Employed,Master,Married,Standard,South,0
CUST101565,43,63415.0,18397.0,7139.0,4356.0,24,2,38.81,52,Self-Employed,Diploma,Single,Standard,East,0
CUST101566,49,71863.0,12688.0,5829.0,3328.0,18,0,45.94,164,Salaried,Diploma,Single,Gold,West,0
CUST101567,38,44962.0,24630.0,4038.0,257.0,18,1,16.39,142,Self-Employed,,Single,Standard,East,0
CUST101568,51,123820.0,44393.0,20748.0,9469.0,28,0,46.74,69,Business,Diploma,Single,Signature,West,0
CUST101569,50,34038.0,9005.0,2535.0,1452.0,19,3,28.15,41,Business,Bachelor,Single,Gold,East,0
CUST101570,59,84991.0,22599.0,6078.0,3992.0,24,0,26.89,97,Self-Employed,Master,Married,Gold,West,0
CUST101571,55,124515.0,74796.0,32185.0,19726.0,21,5,43.03,96,Salaried,,Single,Standard,North,0
CUST101572,38,84681.0,48011.0,29689.0,8845.0,31,0,61.84,66,Salaried,High School,Single,Standard,East,0
CUST101573,62,58148.0,24816.0,13453.0,5194.0,23,1,54.21,151,Salaried,Diploma,Married,Gold,North,0
CUST101574,59,48610.0,22266.0,11306.0,1836.0,15,4,50.78,67,Business,High School,Divorced,Standard,South,0
CUST101575,37,114920.0,44493.0,39746.0,6201.0,22,2,89.33,103,Self-Employed,Bachelor,Married,Signature,North,0
CUST101576,34,29718.0,10277.0,6457.0,3749.0,16,1,62.83,38,Business,High School,Single,Gold,East,0
CUST101577,51,38123.0,23169.0,10123.0,3924.0,24,2,43.69,144,Unemployed,Bachelor,Married,Platinum,South,0
CUST101578,44,52234.0,11116.0,3546.0,2768.0,23,2,31.9,38,Self-Employed,Doctorate,Married,Standard,North,0
CUST101579,55,128393.0,46122.0,26316.0,6806.0,18,2,57.06,43,Salaried,Master,Single,Standard,West,0
CUST101580,64,80099.0,25814.0,13208.0,2169.0,20,1,51.17,21,Salaried,High School,Single,Standard,North,0
CUST101581,65,38167.0,15232.0,2216.0,1618.0,18,2,14.55,35,Salaried,Master,Married,Gold,East,0
CUST101582,54,54802.0,20760.0,6814.0,2683.0,15,4,32.82,84,Salaried,Bachelor,Married,Gold,Central,0
CUST101583,23,46363.0,18983.0,2650.0,1038.0,20,3,13.96,40,Salaried,Diploma,Married,Gold,West,0
CUST101584,57,43992.0,9676.0,1628.0,102.0,21,0,16.83,36,Salaried,High School,Married,Gold,East,0
CUST101585,63,111361.0,45276.0,11599.0,6539.0,27,2,25.62,56,Self-Employed,Master,Single,Standard,North,0
CUST101586,60,30567.0,8290.0,2582.0,934.0,12,2,31.15,27,Salaried,Bachelor,Married,Platinum,West,0
CUST101587,46,157467.0,38133.0,10968.0,2409.0,21,2,28.76,98,Salaried,Bachelor,Single,Platinum,South,0
CUST101588,43,102505.0,18699.0,5035.0,2336.0,18,1,26.93,51,Salaried,Bachelor,Divorced,Gold,North,0
CUST101589,64,118435.0,62928.0,27313.0,17998.0,19,0,43.4,33,Salaried,Diploma,Married,Standard,Central,0
CUST101590,59,50389.0,18328.0,7394.0,2877.0,25,2,40.34,157,Salaried,Diploma,Divorced,Platinum,North,0
CUST101591,35,59855.0,27732.0,18820.0,10575.0,26,3,67.86,20,Business,Bachelor,Married,Signature,West,0
CUST101592,69,29552.0,15184.0,8010.0,4685.0,22,0,52.75,60,Salaried,Diploma,Single,Gold,South,0
CUST101593,24,48707.0,23850.0,10783.0,1131.0,18,3,45.21,60,Self-Employed,Bachelor,Married,Gold,West,0
CUST101594,49,85276.0,32853.0,20071.0,3577.0,12,2,61.09,92,Business,High School,Married,Platinum,East,0
CUST101595,42,132585.0,45603.0,9090.0,2500.0,21,1,19.93,72,Student,Doctorate,Married,Gold,Central,0
CUST101596,45,35355.0,11949.0,6263.0,1383.0,17,3,52.41,80,Self-Employed,Bachelor,Married,Standard,East,0
CUST101597,33,53163.0,24988.0,6686.0,2934.0,23,2,26.76,114,Self-Employed,High School,Widowed,Standard,South,0
CUST101598,38,59810.0,23768.0,15266.0,9835.0,23,2,64.23,59,Business,High School,Single,Gold,Central,0
CUST101599,53,30166.0,17332.0,8036.0,3887.0,18,4,46.37,100,Salaried,Bachelor,Widowed,Standard,East,0
CUST101600,36,89984.0,52852.0,13383.0,7323.0,17,1,25.32,32,Business,High School,Single,Gold,Central,0
CUST101601,65,43650.0,10270.0,7178.0,3927.0,18,0,69.89,83,Self-Employed,Bachelor,Divorced,Standard,West,0
CUST101602,62,58377.0,12733.0,6734.0,3128.0,21,2,52.89,86,Salaried,Master,Single,Standard,East,0
CUST101603,64,50694.0,23583.0,8054.0,2627.0,15,1,34.15,40,Salaried,Master,Married,Standard,East,0
CUST101604,22,42109.0,12659.0,10499.0,2180.0,21,1,82.94,61,Unemployed,Master,Married,Standard,South,1
CUST101605,55,64749.0,10314.0,7486.0,2537.0,23,2,72.58,85,Unemployed,High School,Married,Standard,East,0
CUST101606,62,57731.0,34311.0,13308.0,9203.0,23,1,38.79,78,Business,Bachelor,Married,Standard,East,0
CUST101607,54,52977.0,13957.0,943.0,288.0,20,2,6.76,99,Salaried,Bachelor,Single,Standard,South,0
CUST101608,50,43542.0,26763.0,8783.0,888.0,22,2,32.82,32,Business,Master,Married,Gold,West,0
CUST101609,33,77488.0,39419.0,21116.0,11810.0,17,3,53.57,101,Self-Employed,Bachelor,Married,Gold,South,0
CUST101610,33,161399.0,85756.0,25865.0,2837.0,30,1,30.16,24,Self-Employed,Bachelor,Single,,West,0
CUST101611,38,70198.0,17601.0,3456.0,1204.0,20,0,19.64,65,Salaried,Bachelor,Married,Gold,Central,0
CUST101612,52,112421.0,30027.0,13142.0,4547.0,20,3,43.77,53,Unemployed,Master,Single,Standard,Central,0
CUST101613,52,30258.0,12425.0,3420.0,1338.0,20,1,27.53,125,Salaried,Bachelor,Divorced,Standard,Central,0
CUST101614,55,70892.0,16734.0,9180.0,2223.0,22,2,54.86,71,Salaried,High School,Married,Standard,Central,0
CUST101615,59,35546.0,10760.0,909.0,343.0,32,2,8.45,32,Salaried,Master,Divorced,Signature,West,0
CUST101616,66,28849.0,8964.0,6088.0,,23,2,67.92,21,Salaried,Diploma,Single,,West,0
CUST101617,49,43282.0,9947.0,5841.0,571.0,20,2,58.72,78,Salaried,Bachelor,Married,Standard,North,0
CUST101618,69,125202.0,31625.0,3539.0,683.0,26,1,11.19,24,Unemployed,High School,Single,Standard,North,0
CUST101619,49,109606.0,59656.0,12115.0,7158.0,23,4,20.31,35,Business,Bachelor,Married,Platinum,East,0
CUST101620,64,74295.0,17355.0,5936.0,2547.0,18,2,34.2,60,Salaried,Bachelor,Divorced,Standard,West,0
CUST101621,36,27978.0,4595.0,3056.0,1641.0,18,2,66.51,40,Business,Doctorate,Married,Standard,South,0
CUST101622,64,58348.0,27113.0,7395.0,2642.0,28,1,27.27,53,Salaried,High School,Divorced,Standard,Central,0
CUST101623,67,76732.0,48954.0,19233.0,16123.0,24,3,39.29,51,Business,Master,Married,,South,0
CUST101624,30,71588.0,22594.0,12623.0,3314.0,25,3,55.87,65,Self-Employed,Doctorate,Married,Standard,South,0
CUST101625,50,23578.0,4936.0,2154.0,1890.0,17,2,43.64,69,Unemployed,Diploma,Married,Standard,Central,1
CUST101626,45,39834.0,17336.0,5877.0,1262.0,29,1,33.9,58,Salaried,Diploma,Married,Platinum,East,0
CUST101627,59,62749.0,37849.0,7673.0,4440.0,20,1,20.27,61,Business,Doctorate,Married,Gold,North,0
CUST101628,40,87300.0,47319.0,24969.0,15672.0,35,1,52.77,78,Salaried,Bachelor,Married,Gold,North,0
CUST101629,25,19424.0,8959.0,6289.0,3413.0,17,1,70.2,40,Unemployed,Master,Married,Platinum,East,0
CUST101630,21,59455.0,18284.0,9556.0,5105.0,21,3,52.26,44,Self-Employed,Master,Divorced,Gold,South,0
CUST101631,50,70321.0,29601.0,10737.0,1679.0,22,0,36.27,108,Salaried,Bachelor,Married,Standard,East,0
CUST101632,69,103718.0,20290.0,10151.0,5169.0,21,0,50.03,43,Salaried,Diploma,Single,Standard,West,0
CUST101633,23,95150.0,46573.0,17001.0,4079.0,22,4,36.5,119,Self-Employed,Master,Divorced,Gold,East,0
CUST101634,65,89550.0,45899.0,24461.0,9545.0,15,2,53.29,90,Business,Bachelor,Married,Standard,East,0
CUST101635,34,41864.0,26480.0,12262.0,5180.0,25,1,46.31,33,Salaried,Bachelor,Married,Gold,North,0
CUST101636,50,22760.0,6377.0,2871.0,1822.0,26,0,45.02,97,Salaried,Bachelor,Married,Gold,North,0
CUST101637,70,52363.0,8338.0,2853.0,651.0,26,2,34.22,169,,High School,Married,Standard,South,0
CUST101638,24,112763.0,47677.0,20262.0,2222.0,14,2,42.5,73,Student,High School,Widowed,Gold,South,0
CUST101639,38,139880.0,70415.0,18061.0,11511.0,20,4,25.65,68,Unemployed,Bachelor,Married,Gold,South,1
CUST101640,57,96081.0,52384.0,25025.0,18322.0,24,3,47.77,92,Business,Bachelor,Single,Signature,East,0
CUST101641,45,82313.0,20321.0,6942.0,4584.0,20,2,34.16,98,Salaried,Master,Widowed,Signature,North,0
CUST101642,68,80093.0,22496.0,7226.0,3891.0,13,1,32.12,55,Student,Bachelor,Widowed,Standard,North,1
CUST101643,21,47872.0,19450.0,17211.0,10792.0,19,1,88.49,41,Salaried,Bachelor,Single,Gold,Central,0
CUST101644,66,60513.0,19080.0,1461.0,828.0,22,0,7.66,18,Student,Bachelor,Widowed,Standard,West,0
CUST101645,35,162776.0,94452.0,45806.0,32082.0,29,0,48.5,41,Salaried,Bachelor,Married,Standard,West,0
CUST101646,29,38705.0,14974.0,1792.0,1131.0,22,3,11.97,44,Business,Bachelor,Single,Standard,East,0
CUST101647,35,157987.0,86860.0,33095.0,8597.0,21,2,38.1,90,Salaried,Bachelor,Widowed,Signature,West,0
CUST101648,69,54449.0,23974.0,13418.0,6075.0,21,1,55.97,68,Salaried,Bachelor,Single,Standard,South,0
CUST101649,44,134744.0,72296.0,14099.0,12026.0,29,4,19.5,106,Salaried,Diploma,Married,Platinum,North,0
CUST101650,24,29983.0,9485.0,994.0,382.0,26,2,10.48,45,Salaried,Diploma,Married,Standard,South,0
CUST101651,32,89715.0,50753.0,25462.0,13805.0,31,2,50.17,75,Salaried,Master,Married,Gold,West,0
CUST101652,57,43344.0,12452.0,2739.0,992.0,25,4,22.0,18,Business,Bachelor,Single,Gold,South,1
CUST101653,57,29844.0,12625.0,2296.0,1665.0,16,1,18.19,79,Self-Employed,Bachelor,Married,Standard,West,0
CUST101654,63,73301.0,18839.0,5919.0,1823.0,27,1,31.42,62,Salaried,Bachelor,Single,Signature,North,0
CUST101655,26,113250.0,43914.0,35268.0,15761.0,31,2,80.31,52,Salaried,Master,Single,Platinum,South,0
CUST101656,59,40840.0,12623.0,4281.0,334.0,21,2,33.91,41,Salaried,High School,Divorced,Standard,West,0
CUST101657,66,28501.0,8076.0,2388.0,398.0,16,2,29.57,128,Business,Master,Divorced,Gold,South,0
CUST101658,44,61798.0,39149.0,11856.0,10720.0,21,5,30.28,24,Salaried,Master,Married,Standard,West,0
CUST101659,31,61948.0,14250.0,2526.0,1548.0,22,5,17.73,48,Salaried,Bachelor,Divorced,Standard,West,0
CUST101660,33,87879.0,47777.0,,4783.0,19,0,30.31,46,Salaried,Master,Single,Standard,South,0
CUST101661,54,109581.0,70360.0,46958.0,15134.0,19,0,66.74,43,Self-Employed,High School,Married,Standard,East,0
CUST101662,45,62910.0,10063.0,1971.0,983.0,22,2,19.59,54,Self-Employed,Master,Married,Standard,Central,0
CUST101663,27,180353.0,90089.0,18919.0,12410.0,19,2,21.0,92,Salaried,Bachelor,Married,Gold,,0
CUST101664,24,73532.0,20328.0,4306.0,428.0,16,2,21.18,95,Business,Bachelor,Single,Platinum,North,0
CUST101665,28,53724.0,9146.0,1352.0,626.0,20,0,14.78,116,Student,Bachelor,Single,Standard,North,0
CUST101666,40,26790.0,9415.0,6220.0,1870.0,24,2,66.06,55,Business,High School,Single,Gold,West,0
CUST101667,49,56257.0,34745.0,20096.0,14626.0,19,2,57.84,150,Self-Employed,Diploma,Single,Gold,East,0
CUST101668,65,54021.0,8421.0,3072.0,583.0,29,2,36.48,76,Unemployed,Bachelor,Single,Standard,North,0
CUST101669,66,110228.0,48935.0,30584.0,10659.0,18,1,62.5,27,Salaried,Master,Married,Platinum,South,1
CUST101670,30,83827.0,33589.0,8862.0,2145.0,20,1,26.38,25,Self-Employed,High School,Married,Gold,West,0
CUST101671,63,33979.0,19935.0,6450.0,3164.0,15,3,32.36,84,Self-Employed,High School,Single,Signature,West,0
CUST101672,54,71459.0,13720.0,6638.0,869.0,27,1,48.38,31,Student,Diploma,Single,Standard,East,0
CUST101673,46,94041.0,46152.0,16672.0,7562.0,20,1,36.12,96,Self-Employed,Bachelor,Divorced,Signature,West,0
CUST101674,61,150627.0,73815.0,41270.0,13918.0,25,1,55.91,43,Self-Employed,Bachelor,Single,Gold,South,0
CUST101675,69,105902.0,51314.0,32054.0,13034.0,30,1,62.47,81,Salaried,High School,Married,Standard,East,0
CUST101676,23,98776.0,61356.0,8137.0,2735.0,23,1,13.26,105,Salaried,High School,Single,Platinum,South,0
CUST101677,26,67184.0,37727.0,26414.0,7798.0,17,2,70.01,121,Student,Bachelor,Married,Standard,South,0
CUST101678,25,80476.0,13760.0,5616.0,1704.0,16,0,40.81,37,Student,Bachelor,Single,Standard,West,0
CUST101679,25,129233.0,49825.0,8274.0,3106.0,22,1,16.61,87,Business,Master,Married,Standard,West,0
CUST101680,67,31229.0,10898.0,5047.0,1795.0,25,2,46.31,36,Salaried,Bachelor,Single,Gold,Central,1
CUST101681,43,53635.0,16363.0,7182.0,1108.0,24,3,43.89,41,Salaried,Bachelor,Married,Standard,South,0
CUST101682,69,42499.0,15966.0,5994.0,1674.0,25,0,37.54,20,Salaried,Master,Married,Signature,West,0
CUST101683,29,80072.0,27392.0,14976.0,2424.0,30,1,54.67,66,Salaried,Doctorate,Divorced,Standard,South,0
CUST101684,55,127869.0,46821.0,13827.0,2635.0,18,1,29.53,69,Self-Employed,Master,Married,Signature,Central,0
CUST101685,40,46808.0,29940.0,10026.0,7018.0,36,0,33.49,51,Salaried,Master,Single,Gold,South,0
CUST101686,69,18000.0,3498.0,581.0,187.0,19,2,16.61,30,Salaried,Bachelor,Married,Platinum,West,0
CUST101687,62,51814.0,31664.0,21200.0,10384.0,29,2,66.95,39,Salaried,Doctorate,Married,Standard,West,0
CUST101688,55,107426.0,41909.0,10488.0,3933.0,20,2,25.03,89,Salaried,Diploma,Single,Standard,South,0
CUST101689,70,87364.0,40351.0,2455.0,194.0,25,1,6.08,52,Self-Employed,Bachelor,Married,Standard,South,0
CUST101690,38,82260.0,46484.0,17592.0,3672.0,19,0,37.85,77,Salaried,High School,Single,Gold,North,0
CUST101691,37,55723.0,18401.0,5510.0,2349.0,32,2,29.94,26,Unemployed,Bachelor,Married,Standard,Central,0
CUST101692,44,32166.0,11747.0,7433.0,1570.0,11,5,63.28,102,Unemployed,Bachelor,Single,Platinum,West,0
CUST101693,23,86297.0,30615.0,17378.0,5762.0,21,1,56.76,121,Salaried,High School,Single,Standard,West,0
CUST101694,52,41080.0,13859.0,3492.0,1752.0,15,0,25.2,149,Unemployed,Diploma,Married,Standard,East,0
CUST101695,55,216078.0,132405.0,32316.0,24303.0,17,1,24.41,76,Salaried,Bachelor,Married,Standard,,0
CUST101696,58,88958.0,50214.0,39735.0,17357.0,26,1,79.13,125,Salaried,Bachelor,Single,Standard,South,0
CUST101697,33,47230.0,9659.0,2472.0,1317.0,19,0,25.59,22,Student,Bachelor,Widowed,Platinum,South,0
CUST101698,67,46438.0,9476.0,6216.0,2669.0,27,1,65.6,42,Business,High School,Single,Standard,South,0
CUST101699,45,61761.0,22477.0,14656.0,7131.0,22,2,65.2,78,Salaried,Bachelor,Single,Gold,North,0
CUST101700,29,56978.0,11357.0,2054.0,697.0,30,1,18.09,91,Business,Master,Divorced,Standard,West,0
CUST101701,24,120139.0,55209.0,29980.0,24094.0,19,1,54.3,45,Self-Employed,Doctorate,Married,Gold,South,0
CUST101702,34,72018.0,15977.0,6862.0,2015.0,20,1,42.95,10,Unemployed,High School,Married,Standard,East,0
CUST101703,57,43466.0,17873.0,7865.0,,25,0,44.0,28,Unemployed,Master,Married,Gold,,0
CUST101704,54,183852.0,28242.0,13485.0,8887.0,22,2,47.75,40,Unemployed,Bachelor,Widowed,Gold,West,0
CUST101705,31,66787.0,20590.0,13873.0,4591.0,24,2,67.38,55,Salaried,Master,Single,Standard,East,1
CUST101706,61,99211.0,48474.0,24986.0,13675.0,14,1,51.55,43,Business,Diploma,Married,Standard,Central,0
CUST101707,23,46519.0,18236.0,3671.0,2696.0,18,0,20.13,57,Unemployed,Master,Married,Standard,North,0
CUST101708,48,79368.0,50727.0,14151.0,7675.0,26,3,27.9,76,Salaried,High School,Single,Platinum,Central,0
CUST101709,49,77130.0,45279.0,34614.0,8759.0,29,1,76.45,17,Business,Bachelor,Single,Platinum,Central,0
CUST101710,29,22990.0,7576.0,5827.0,3470.0,18,4,76.91,65,Salaried,Bachelor,Single,Standard,South,0
CUST101711,23,196918.0,34016.0,4576.0,1044.0,26,0,13.45,113,Unemployed,Bachelor,Single,Platinum,Central,0
CUST101712,45,132190.0,75720.0,23105.0,6358.0,18,0,30.51,49,Salaried,High School,Married,Standard,South,0
CUST101713,54,52244.0,31640.0,23063.0,9962.0,29,2,72.89,35,Self-Employed,Bachelor,Married,Standard,South,0
CUST101714,32,35451.0,19864.0,2619.0,122.0,28,2,13.18,57,Self-Employed,Master,Married,Platinum,Central,0
CUST101715,62,78692.0,16838.0,3300.0,2648.0,22,0,19.6,130,Salaried,Master,Married,Gold,West,0
CUST101716,29,68175.0,44243.0,15250.0,6150.0,27,1,34.47,60,Business,Bachelor,Widowed,Standard,East,0
CUST101717,35,79044.0,22076.0,6661.0,3736.0,21,1,30.17,25,Salaried,Diploma,Married,Standard,North,0
CUST101718,60,72223.0,36986.0,14690.0,7325.0,22,2,39.72,44,Salaried,Bachelor,Married,Gold,East,0
CUST101719,45,85869.0,51866.0,24490.0,16674.0,27,1,47.22,64,Salaried,Bachelor,Single,Gold,West,0
CUST101720,25,144085.0,38592.0,27983.0,17868.0,19,0,72.51,72,Business,Master,Single,Standard,East,0
CUST101721,31,88841.0,53671.0,13997.0,3615.0,24,0,26.08,70,Salaried,Bachelor,Married,Standard,North,0
CUST101722,54,36491.0,11120.0,8399.0,5535.0,19,1,75.53,43,Student,Master,Divorced,Standard,South,0
CUST101723,44,137524.0,87769.0,57939.0,43757.0,33,2,66.01,46,Salaried,Diploma,Divorced,Gold,West,0
CUST101724,35,160248.0,46573.0,14687.0,5313.0,16,1,31.54,75,Self-Employed,Master,Married,Platinum,Central,0
CUST101725,58,350000.0,150000.0,,69428.0,33,2,65.31,67,Salaried,Bachelor,Single,Standard,Central,0
CUST101726,15,35039.0,6194.0,1328.0,519.0,24,2,21.44,78,Business,Bachelor,Married,Gold,West,0
CUST101727,25,74290.0,37489.0,5478.0,2783.0,12,1,14.61,88,Salaried,Diploma,Married,Platinum,Central,0
CUST101728,68,20681.0,8604.0,1441.0,256.0,25,1,16.75,79,Student,Diploma,Married,Standard,South,0
CUST101729,46,88113.0,34271.0,11641.0,9641.0,30,1,33.97,66,Business,Bachelor,Widowed,Standard,Central,0
CUST101730,38,48081.0,12585.0,727.0,100.0,27,1,5.78,23,,Master,Married,Standard,Central,0
CUST101731,26,187220.0,94134.0,16102.0,3193.0,30,1,17.11,49,Salaried,Diploma,Married,Platinum,West,0
CUST101732,57,42451.0,10418.0,1068.0,473.0,23,4,10.25,27,Self-Employed,Diploma,Widowed,Standard,East,0
CUST101733,68,25670.0,10946.0,8403.0,2784.0,21,1,76.77,67,Unemployed,Master,Married,Standard,West,0
CUST101734,33,50159.0,13875.0,3788.0,1696.0,13,3,27.3,28,Salaried,High School,Widowed,Standard,East,0
CUST101735,48,21930.0,13768.0,7959.0,1734.0,13,4,57.81,87,Student,Bachelor,Single,Gold,West,0
CUST101736,25,98248.0,16144.0,4433.0,3159.0,14,2,27.46,80,Business,Bachelor,Married,Signature,East,0
CUST101737,33,20876.0,5216.0,1832.0,600.0,15,4,35.12,51,Salaried,Bachelor,Single,Standard,North,0
CUST101738,37,66025.0,17903.0,1957.0,1047.0,24,3,10.93,61,Salaried,Diploma,Married,Standard,Central,0
CUST101739,70,20730.0,7401.0,1810.0,940.0,30,2,24.46,124,Self-Employed,Bachelor,Single,Gold,Central,0
CUST101740,60,54501.0,14517.0,6071.0,4927.0,34,5,41.82,64,Business,High School,Single,Gold,Central,0
CUST101741,65,160492.0,63503.0,7127.0,4607.0,19,1,11.22,63,Unemployed,Diploma,Married,Gold,Central,0
CUST101742,52,79261.0,46465.0,11784.0,3693.0,22,2,25.36,38,Student,High School,Married,Standard,East,0
CUST101743,49,40426.0,20457.0,8211.0,3130.0,28,6,40.14,123,Salaried,Bachelor,Divorced,Standard,West,0
CUST101744,23,63894.0,28112.0,5411.0,1962.0,22,2,19.25,64,Salaried,Diploma,Single,Standard,Central,0
CUST101745,60,65647.0,12768.0,9027.0,3372.0,24,2,70.7,22,Salaried,High School,Married,Gold,North,0
CUST101746,54,84296.0,41895.0,14300.0,7676.0,22,4,34.13,99,Unemployed,Bachelor,Single,Standard,North,0
CUST101747,60,30649.0,7148.0,3490.0,1047.0,16,2,48.82,15,Unemployed,High School,Divorced,Platinum,North,0
CUST101748,47,,48910.0,16101.0,12420.0,26,2,32.92,113,Business,Bachelor,Married,Gold,South,0
CUST101749,33,18000.0,4951.0,2404.0,100.0,20,0,48.56,99,Unemployed,Diploma,Married,Standard,South,0
CUST101750,65,,16481.0,4313.0,850.0,20,1,26.17,56,Salaried,Master,Single,Standard,East,0
CUST101751,53,49692.0,16162.0,2286.0,929.0,25,2,14.14,106,Business,Master,Single,Standard,South,0
CUST101752,26,92085.0,53355.0,8945.0,5445.0,19,2,16.77,17,Self-Employed,Master,Single,Gold,Central,0
CUST101753,44,65814.0,14036.0,6646.0,1559.0,19,3,47.35,123,Business,Master,Single,Signature,South,0
CUST101754,39,30004.0,12986.0,4444.0,3703.0,25,0,34.22,23,Self-Employed,Bachelor,Married,Standard,West,0
CUST101755,36,37813.0,8358.0,1855.0,899.0,24,0,22.19,47,Student,Bachelor,Single,Platinum,Central,0
CUST101756,60,72505.0,36426.0,6470.0,3763.0,20,4,17.76,106,Salaried,Bachelor,Single,Gold,West,0
CUST101757,48,62234.0,37498.0,11509.0,4327.0,23,2,30.69,95,Unemployed,Bachelor,Married,Standard,North,0
CUST101758,53,47270.0,17362.0,6982.0,559.0,26,2,40.21,88,Salaried,Diploma,Married,Gold,North,0
CUST101759,68,49895.0,19661.0,10003.0,1791.0,24,3,50.88,41,Self-Employed,Bachelor,Single,Platinum,West,0
CUST101760,61,95324.0,58501.0,29660.0,12738.0,13,2,50.7,82,Business,Diploma,Married,Standard,South,0
CUST101761,33,48894.0,20071.0,12744.0,3679.0,28,1,63.49,144,Self-Employed,Master,Married,Platinum,South,0
CUST101762,63,61926.0,24386.0,2242.0,1058.0,22,4,9.19,74,Salaried,Master,Divorced,Gold,Central,0
CUST101763,65,214402.0,94158.0,43009.0,23641.0,23,3,45.68,65,Self-Employed,Bachelor,Single,Standard,West,1
CUST101764,45,29706.0,14693.0,,2061.0,27,1,31.16,91,Self-Employed,Bachelor,Married,Gold,West,0
CUST101765,62,23474.0,4776.0,1908.0,452.0,20,5,39.95,133,Salaried,Bachelor,Married,Gold,West,0
CUST101766,56,100019.0,56066.0,15892.0,5945.0,17,0,28.35,48,Business,High School,Married,Gold,West,0
CUST101767,47,44752.0,16458.0,1971.0,763.0,21,3,11.98,56,Salaried,High School,Single,Gold,West,0
CUST101768,58,54563.0,10158.0,2468.0,608.0,38,0,24.3,84,Student,Bachelor,Single,Standard,West,0
CUST101769,27,42298.0,22972.0,7404.0,4007.0,26,0,32.23,55,Salaried,Bachelor,Married,Standard,North,0
CUST101770,25,56345.0,19071.0,7468.0,,16,4,39.16,27,Self-Employed,Master,Married,Standard,South,0
CUST101771,63,156583.0,31345.0,14007.0,7480.0,30,4,44.69,54,Business,Diploma,Married,Standard,North,0
CUST101772,65,101044.0,47176.0,8125.0,2864.0,15,3,17.22,77,Unemployed,High School,Married,Gold,West,0
CUST101773,51,104440.0,61626.0,23649.0,5922.0,21,1,38.38,29,Salaried,Bachelor,Single,Standard,East,0
CUST101774,43,29828.0,17714.0,8567.0,5124.0,30,1,48.36,27,Self-Employed,Bachelor,Married,Standard,Central,0
CUST101775,62,34510.0,21701.0,9241.0,4951.0,19,1,42.58,63,Salaried,Master,Single,Gold,West,0
CUST101776,30,18000.0,10509.0,592.0,326.0,26,3,5.63,38,Business,High School,Married,Standard,East,0
CUST101777,52,41647.0,6292.0,2450.0,1153.0,15,2,38.94,166,Student,Master,Married,Gold,Central,0
CUST101778,63,110010.0,37417.0,9733.0,5981.0,22,0,26.01,60,Student,High School,Widowed,Platinum,Central,0
CUST101779,50,86376.0,48308.0,12487.0,8386.0,26,3,25.85,51,Unemployed,Bachelor,Single,Standard,West,0
CUST101780,59,57544.0,19169.0,,3838.0,22,2,61.25,76,Salaried,Master,Single,Standard,West,0
CUST101781,51,64208.0,28943.0,15685.0,11396.0,26,2,54.19,51,Self-Employed,Master,Married,Standard,East,0
CUST101782,38,44500.0,20166.0,5436.0,3269.0,25,5,26.96,62,Salaried,Bachelor,Single,Gold,North,0
CUST101783,56,72748.0,24190.0,7487.0,4093.0,22,2,30.95,91,Business,High School,Married,Standard,West,0
CUST101784,22,99050.0,59652.0,11178.0,4634.0,17,1,18.74,129,Salaried,Master,Single,Gold,Central,0
CUST101785,34,26726.0,10734.0,1250.0,1128.0,21,2,11.65,44,Self-Employed,Bachelor,Married,,East,0
CUST101786,33,76646.0,29309.0,16751.0,12677.0,18,3,57.15,15,Salaried,Master,Married,Signature,North,0
CUST101787,49,108552.0,70424.0,47943.0,35421.0,25,1,68.08,45,Student,Bachelor,Married,Platinum,West,0
CUST101788,32,51732.0,20525.0,13466.0,7263.0,23,3,65.61,65,Self-Employed,Diploma,Single,Signature,Central,0
CUST101789,59,95562.0,22858.0,18780.0,12558.0,35,1,82.16,69,Self-Employed,Master,Single,Standard,West,0
CUST101790,22,305652.0,124258.0,60477.0,42642.0,23,1,48.67,91,Self-Employed,Master,Married,Standard,South,0
CUST101791,52,61375.0,34186.0,10785.0,4633.0,21,1,31.55,59,Salaried,Master,Divorced,Signature,South,0
CUST101792,33,80697.0,43450.0,19234.0,7690.0,29,0,44.27,60,Business,Master,Married,Signature,East,0
CUST101793,66,43313.0,23575.0,9751.0,1812.0,18,2,41.36,35,Student,High School,Single,Standard,North,0
CUST101794,47,71814.0,36195.0,17701.0,6537.0,21,1,48.9,42,Self-Employed,Diploma,Married,Gold,West,1
CUST101795,69,83725.0,23201.0,8531.0,4727.0,18,1,,106,Student,Bachelor,Married,Standard,West,0
CUST101796,61,72353.0,42040.0,16219.0,6571.0,23,3,38.58,101,Salaried,Bachelor,Single,Platinum,Central,0
CUST101797,37,37098.0,22137.0,11225.0,3196.0,20,2,50.71,112,Salaried,Bachelor,Married,Standard,South,0
CUST101798,60,72812.0,17990.0,3485.0,2346.0,23,1,19.37,75,Salaried,Master,Single,Gold,West,0
CUST101799,51,145270.0,31266.0,17203.0,9472.0,19,2,55.02,51,Salaried,High School,Single,Standard,East,0
CUST101800,54,83191.0,53059.0,25960.0,8615.0,18,2,48.93,49,Unemployed,Master,Married,Standard,North,0
CUST101801,44,110330.0,64451.0,4946.0,1625.0,22,2,7.67,143,Salaried,High School,Married,Gold,Central,0
CUST101802,65,57056.0,34041.0,16589.0,4861.0,25,1,48.73,163,Salaried,Bachelor,Married,Standard,North,0
CUST101803,55,98183.0,58241.0,39739.0,17586.0,15,4,68.23,68,Business,Diploma,Single,Gold,North,0
CUST101804,68,75791.0,31896.0,6577.0,4863.0,27,4,20.62,43,Salaried,Bachelor,Married,Gold,South,0
CUST101805,26,38528.0,18231.0,10045.0,3954.0,16,2,55.1,65,Salaried,Bachelor,Single,Standard,Central,0
CUST101806,39,77445.0,32735.0,23671.0,9154.0,26,0,72.31,57,Self-Employed,Bachelor,Widowed,Gold,North,0
CUST101807,50,37673.0,6615.0,2876.0,1327.0,26,2,43.48,109,Self-Employed,Diploma,Married,Standard,South,0
CUST101808,27,45893.0,23991.0,11978.0,4084.0,20,2,49.93,21,Self-Employed,Bachelor,Single,Standard,East,0
CUST101809,30,72133.0,29046.0,4486.0,1608.0,19,3,15.44,50,Salaried,Master,Divorced,Platinum,South,0
CUST101810,61,76544.0,36271.0,19604.0,6066.0,26,0,54.05,34,Salaried,Bachelor,Single,Standard,West,0
CUST101811,52,33795.0,13563.0,5871.0,2127.0,27,2,43.29,71,Self-Employed,Master,Single,Platinum,South,1
CUST101812,54,116057.0,45948.0,27579.0,10591.0,23,5,,73,Salaried,High School,Single,Gold,West,1
CUST101813,48,89032.0,21002.0,12552.0,2336.0,14,1,59.77,68,Self-Employed,Doctorate,Married,Standard,South,0
CUST101814,35,44114.0,12765.0,5841.0,2681.0,22,1,45.76,26,Unemployed,Master,Single,Gold,North,0
CUST101815,50,27902.0,6401.0,2775.0,2299.0,15,4,43.35,21,Unemployed,Bachelor,Married,Signature,East,0
CUST101816,57,60021.0,14875.0,4234.0,2363.0,19,0,28.46,50,Business,Diploma,Divorced,Standard,East,0
CUST101817,49,50862.0,32373.0,12603.0,4853.0,20,1,38.93,71,Salaried,Bachelor,Married,Standard,South,0
CUST101818,42,69173.0,15672.0,10715.0,5259.0,33,1,68.37,72,Business,Master,Married,Standard,South,0
CUST101819,24,53233.0,15152.0,6068.0,1959.0,22,1,40.05,49,Salaried,Diploma,Married,Platinum,South,0
CUST101820,40,21548.0,9595.0,6705.0,1215.0,27,0,69.88,95,Unemployed,High School,Single,Gold,East,0
CUST101821,52,52499.0,23892.0,16139.0,8492.0,20,4,67.55,42,Self-Employed,Bachelor,Single,Standard,West,1
CUST101822,56,54943.0,12471.0,3049.0,1459.0,26,3,24.45,79,Salaried,Bachelor,Single,Gold,North,0
CUST101823,70,92102.0,50367.0,18296.0,2602.0,29,1,36.33,41,Salaried,Diploma,Single,Standard,North,0
CUST101824,24,44273.0,24023.0,5928.0,3469.0,27,1,24.68,18,Salaried,Master,Divorced,Standard,South,0
CUST101825,47,163638.0,43963.0,27707.0,21381.0,22,1,63.02,46,Salaried,High School,Married,Standard,South,0
CUST101826,37,22714.0,6685.0,2768.0,1470.0,23,2,41.41,30,Business,Bachelor,Married,Standard,South,0
CUST101827,32,133691.0,82754.0,34451.0,14883.0,32,0,41.63,160,Salaried,High School,Single,Standard,West,0
CUST101828,42,57456.0,32338.0,17575.0,11702.0,14,6,54.35,22,Salaried,,Single,Gold,Central,1
CUST101829,37,104288.0,52029.0,42164.0,31370.0,15,2,81.04,57,Self-Employed,Bachelor,Divorced,Standard,East,0
CUST101830,30,67916.0,12980.0,10330.0,1772.0,22,0,79.58,71,Salaried,Master,Married,Signature,North,0
CUST101831,21,121649.0,43688.0,15698.0,5117.0,20,1,35.93,95,Salaried,Master,Married,Standard,South,0
CUST101832,42,52528.0,22569.0,15941.0,5372.0,18,0,70.63,89,Salaried,Master,Single,Platinum,East,0
CUST101833,46,35522.0,8657.0,5026.0,2953.0,22,1,58.06,29,Salaried,High School,Single,Standard,South,0
CUST101834,38,141977.0,53115.0,29126.0,5580.0,19,1,54.84,55,Business,Bachelor,Single,Signature,East,0
CUST101835,70,61067.0,27511.0,23434.0,8252.0,25,1,85.18,28,Unemployed,Bachelor,Divorced,Platinum,East,0
CUST101836,34,73424.0,23032.0,4399.0,2344.0,26,2,19.1,80,Self-Employed,Bachelor,Single,Gold,West,0
CUST101837,67,128188.0,69282.0,22255.0,8183.0,23,2,32.12,16,Self-Employed,Diploma,Married,Platinum,South,0
CUST101838,49,36848.0,21012.0,14298.0,5114.0,28,1,68.05,23,Student,High School,Divorced,Platinum,East,0
CUST101839,32,90189.0,28121.0,9066.0,4474.0,31,0,32.24,48,Salaried,Bachelor,Married,Signature,South,0
CUST101840,56,46990.0,26753.0,13291.0,4932.0,19,3,49.68,37,Salaried,Bachelor,Married,Standard,North,0
CUST101841,55,60443.0,12197.0,3256.0,1248.0,28,0,26.7,60,Self-Employed,Bachelor,Married,Gold,East,0
CUST101842,32,67636.0,38476.0,12339.0,4475.0,18,3,32.07,75,Business,Master,Married,Standard,West,0
CUST101843,27,28482.0,6448.0,3473.0,1800.0,23,1,53.86,32,Self-Employed,Master,Married,Standard,Central,0
CUST101844,49,42352.0,8109.0,4561.0,2748.0,23,3,56.25,75,Unemployed,Diploma,Single,Gold,North,1
CUST101845,31,136657.0,64350.0,19489.0,2800.0,25,1,30.29,66,Salaried,High School,Married,Gold,East,0
CUST101846,53,105826.0,40846.0,22598.0,13003.0,23,4,55.32,61,Self-Employed,Doctorate,Single,Platinum,Central,0
CUST101847,26,62799.0,37927.0,13530.0,,19,2,,52,Unemployed,Master,Married,Standard,West,0
CUST101848,67,74300.0,24637.0,13582.0,,26,0,55.13,54,Student,Diploma,Single,Gold,East,0
CUST101849,35,55288.0,16231.0,6784.0,1639.0,30,1,41.8,76,Salaried,Diploma,Single,Signature,North,0
CUST101850,52,137072.0,54879.0,26175.0,16790.0,22,3,,47,Salaried,Doctorate,Single,Standard,North,0
CUST101851,31,58218.0,22005.0,8602.0,4688.0,29,2,39.09,55,Business,Diploma,Single,Standard,North,0
CUST101852,43,73840.0,23792.0,3342.0,1954.0,18,6,14.05,63,Salaried,Diploma,Married,Standard,West,0
CUST101853,46,122083.0,60659.0,20958.0,8783.0,24,2,34.55,58,Student,High School,Widowed,Standard,East,0
CUST101854,54,42387.0,22456.0,10427.0,7728.0,20,1,46.43,69,Self-Employed,Diploma,Married,Standard,South,0
CUST101855,66,153196.0,88316.0,32425.0,17638.0,19,1,36.71,53,Salaried,Master,Single,Standard,Central,0
CUST101856,54,28012.0,17828.0,13995.0,8029.0,25,4,78.5,45,Salaried,Bachelor,Single,Platinum,West,0
CUST101857,49,159284.0,45130.0,25733.0,12873.0,15,2,57.02,66,Self-Employed,High School,Single,Standard,West,0
CUST101858,24,52954.0,26903.0,12367.0,6149.0,26,1,45.97,31,Salaried,Doctorate,Single,Standard,West,0
CUST101859,37,56878.0,19744.0,9170.0,225.0,20,4,46.44,110,Salaried,Bachelor,Divorced,Platinum,North,0
CUST101860,55,22986.0,11230.0,1194.0,285.0,17,2,10.63,70,Student,Bachelor,Married,Standard,Central,0
CUST101861,33,50615.0,19638.0,9418.0,6321.0,20,2,47.96,39,Salaried,Master,Single,Standard,North,0
CUST101862,61,36690.0,23734.0,12927.0,9068.0,22,1,54.47,42,Unemployed,Bachelor,Married,Gold,Central,0
CUST101863,59,,23939.0,6430.0,1537.0,28,2,26.86,97,Business,Master,Single,Gold,Central,0
CUST101864,35,60272.0,37745.0,10182.0,4225.0,18,0,26.98,127,Student,Master,Single,Standard,West,0
CUST101865,49,110076.0,62466.0,11080.0,6057.0,31,1,17.74,45,Salaried,Bachelor,Married,Standard,West,0
CUST101866,49,513664.0,43823.0,9375.0,1583.0,25,1,21.39,35,Self-Employed,Bachelor,Married,Standard,South,0
CUST101867,31,76985.0,42897.0,40065.0,6147.0,16,2,93.4,57,Self-Employed,Doctorate,Divorced,Gold,South,0
CUST101868,52,35582.0,13506.0,7878.0,5471.0,29,3,58.33,68,Salaried,Bachelor,Married,Gold,East,0
CUST101869,22,40044.0,11048.0,5260.0,3799.0,22,2,47.61,44,Self-Employed,Bachelor,Single,Standard,East,0
CUST101870,67,174808.0,58589.0,,12445.0,21,1,48.23,105,Student,High School,Married,Standard,South,0
CUST101871,34,43381.0,6946.0,5359.0,3324.0,19,0,77.15,32,Salaried,Bachelor,Married,Gold,Central,0
CUST101872,40,161629.0,66591.0,42723.0,20047.0,16,5,64.16,108,Self-Employed,Bachelor,Married,Signature,North,0
CUST101873,42,56866.0,22890.0,2367.0,1321.0,23,1,10.34,117,Unemployed,Bachelor,Single,Platinum,South,0
CUST101874,31,65082.0,26854.0,6384.0,2623.0,23,2,23.77,44,Self-Employed,High School,Married,Standard,South,0
CUST101875,47,117107.0,74599.0,37685.0,17653.0,20,2,50.52,130,Salaried,Master,Married,Signature,Central,0
CUST101876,23,130834.0,79250.0,34499.0,20698.0,25,3,43.53,43,Self-Employed,Bachelor,Married,Gold,North,0
CUST101877,37,61157.0,14118.0,6028.0,1589.0,23,4,42.7,40,Self-Employed,Bachelor,Single,Standard,East,0
CUST101878,64,52502.0,17559.0,2770.0,860.0,23,1,15.78,57,Salaried,Diploma,Married,Standard,North,0
CUST101879,48,63031.0,22816.0,,599.0,17,2,35.0,27,Salaried,High School,Married,Gold,West,0
CUST101880,49,78278.0,25853.0,13936.0,6595.0,22,0,53.9,122,Self-Employed,Bachelor,Married,Platinum,West,0
CUST101881,41,106124.0,58288.0,15805.0,9727.0,22,0,27.12,126,Self-Employed,Diploma,Single,Gold,West,0
CUST101882,67,65151.0,26843.0,3780.0,653.0,13,0,14.08,55,Salaried,Master,Single,Standard,South,0
CUST101883,36,91357.0,39836.0,23679.0,9695.0,25,2,59.44,25,Unemployed,Bachelor,Married,Standard,East,0
CUST101884,57,160050.0,92270.0,12511.0,7935.0,29,0,13.56,31,Self-Employed,High School,Single,Standard,Central,0
CUST101885,40,80167.0,44329.0,25249.0,8948.0,23,0,56.96,20,Salaried,Diploma,Single,Standard,South,0
CUST101886,26,77153.0,16673.0,6596.0,620.0,24,2,39.56,88,Salaried,Master,Single,Standard,Central,0
CUST101887,39,28191.0,14292.0,5391.0,2071.0,19,1,37.72,43,Business,Bachelor,Divorced,Gold,Central,0
CUST101888,25,18000.0,6619.0,,1254.0,21,0,56.46,57,Self-Employed,Bachelor,Single,Standard,South,0
CUST101889,23,80479.0,23928.0,7690.0,1547.0,27,1,32.14,52,Salaried,Master,Single,Platinum,South,0
CUST101890,21,61697.0,10798.0,7063.0,4058.0,24,0,65.41,63,Self-Employed,Master,Married,Gold,South,0
CUST101891,58,48972.0,19277.0,5456.0,1504.0,24,3,28.3,52,Salaried,High School,Single,Standard,West,1
CUST101892,35,74316.0,24355.0,11856.0,8091.0,24,1,48.68,69,Salaried,Master,Married,Standard,West,0
CUST101893,54,62876.0,17338.0,4818.0,1826.0,18,0,27.79,61,Self-Employed,Master,Married,Standard,South,0
CUST101894,55,120864.0,60110.0,27441.0,14401.0,20,1,45.65,30,Self-Employed,High School,Single,Gold,Central,0
CUST101895,69,68153.0,36444.0,19088.0,9327.0,18,1,52.38,87,Business,Bachelor,Single,Gold,North,0
CUST101896,45,43102.0,11741.0,5623.0,664.0,25,3,47.89,84,Salaried,Diploma,Married,Standard,East,0
CUST101897,44,112054.0,19578.0,3301.0,812.0,25,2,16.86,21,Business,Bachelor,Married,Standard,North,0
CUST101898,32,57683.0,33132.0,19905.0,7598.0,20,4,60.08,51,Salaried,Diploma,Married,Standard,West,0
CUST101899,38,86833.0,13457.0,8358.0,2012.0,28,2,62.11,53,Salaried,Bachelor,Single,Standard,West,0
CUST101900,35,49989.0,30921.0,16083.0,7283.0,25,3,52.01,64,Unemployed,Diploma,Married,Gold,South,0
CUST101901,64,,21088.0,5500.0,2583.0,25,2,26.08,58,Salaried,High School,Single,Standard,North,0
CUST101902,36,68080.0,21168.0,7413.0,2145.0,14,2,35.02,51,Self-Employed,High School,Married,Gold,East,0
CUST101903,47,65460.0,17886.0,9710.0,4848.0,21,1,54.29,9,Unemployed,Bachelor,Married,Gold,Central,0
CUST101904,28,84630.0,13076.0,4143.0,1155.0,19,0,31.68,66,Student,Bachelor,Married,Signature,West,0
CUST101905,66,56072.0,15012.0,7139.0,4005.0,22,1,47.56,23,Unemployed,High School,Single,Gold,East,0
CUST101906,45,23674.0,5181.0,678.0,440.0,25,2,13.09,71,Unemployed,Bachelor,Single,Gold,North,0
CUST101907,37,51232.0,23366.0,9108.0,,23,2,38.98,16,Salaried,High School,Married,Standard,West,0
CUST101908,49,100583.0,23463.0,15488.0,6414.0,30,1,66.01,74,Salaried,Bachelor,Married,Platinum,South,0
CUST101909,28,55193.0,22867.0,,1445.0,14,3,14.62,33,Salaried,Bachelor,Single,Standard,West,0
CUST101910,35,56763.0,25263.0,4498.0,2172.0,20,1,17.8,72,Salaried,Master,Single,Standard,North,0
CUST101911,47,111820.0,33437.0,8788.0,4149.0,25,1,26.28,58,Self-Employed,Bachelor,Divorced,Standard,East,0
CUST101912,66,43939.0,7361.0,809.0,156.0,20,4,10.99,10,Salaried,Master,Single,Gold,South,0
CUST101913,70,27823.0,4692.0,949.0,133.0,20,4,20.23,37,Salaried,Doctorate,Married,Standard,North,0
CUST101914,27,59504.0,9709.0,4256.0,4043.0,20,2,43.84,74,Self-Employed,Diploma,Single,Gold,East,0
CUST101915,23,49804.0,25876.0,4333.0,2004.0,16,2,16.75,38,Salaried,High School,Married,Standard,North,0
CUST101916,49,38204.0,11805.0,3721.0,1623.0,16,4,31.52,152,Salaried,Master,Widowed,Standard,North,0
CUST101917,64,59023.0,32353.0,17661.0,7953.0,33,0,54.59,51,Business,Bachelor,Widowed,Gold,East,0
CUST101918,44,85176.0,31163.0,5014.0,2440.0,16,4,16.09,45,Business,Bachelor,Single,Platinum,Central,0
CUST101919,23,64669.0,24348.0,11949.0,1937.0,26,0,49.08,74,Salaried,Bachelor,Widowed,Platinum,West,0
CUST101920,40,76955.0,31278.0,20368.0,7256.0,20,6,65.12,75,Self-Employed,High School,Married,Standard,Central,0
CUST101921,66,176225.0,89261.0,34201.0,11017.0,18,0,38.32,79,Salaried,Master,Married,Standard,North,0
CUST101922,35,53829.0,15436.0,7676.0,970.0,13,3,49.73,63,Salaried,Bachelor,Married,Standard,South,0
CUST101923,45,75753.0,15968.0,2212.0,1346.0,17,0,13.85,173,Salaried,Bachelor,Married,Standard,West,0
CUST101924,50,49123.0,21026.0,3871.0,2458.0,27,0,18.41,64,Salaried,Master,Married,Standard,North,0
CUST101925,34,40808.0,12793.0,7727.0,4156.0,20,3,60.4,101,Salaried,Doctorate,Married,Standard,East,0
CUST101926,27,47120.0,17493.0,2335.0,957.0,19,2,13.35,23,Salaried,Master,Widowed,Signature,East,0
CUST101927,37,49952.0,23651.0,8313.0,1440.0,29,2,35.15,49,Self-Employed,Master,Married,Gold,East,0
CUST101928,64,79210.0,31451.0,9018.0,6351.0,21,2,28.67,50,Self-Employed,Bachelor,Divorced,Standard,Central,0
CUST101929,40,236602.0,108870.0,56273.0,8691.0,23,0,51.69,86,Salaried,Master,Married,Platinum,West,0
CUST101930,56,43841.0,18505.0,8350.0,2563.0,16,2,45.12,31,Salaried,Master,Single,Standard,Central,0
CUST101931,29,51689.0,26873.0,18321.0,13699.0,22,1,68.18,49,Salaried,Bachelor,Single,Standard,North,0
CUST101932,58,62782.0,31577.0,22367.0,8716.0,19,4,70.83,68,Student,Bachelor,Single,Standard,East,1
CUST101933,68,80808.0,33705.0,11033.0,2501.0,19,2,32.73,41,Unemployed,Diploma,Single,Platinum,South,0
CUST101934,42,75139.0,36777.0,10042.0,5950.0,22,2,27.31,15,Salaried,High School,Married,Standard,West,0
CUST101935,22,131715.0,77288.0,21558.0,19380.0,21,0,27.89,88,Unemployed,Bachelor,Single,Standard,North,0
CUST101936,44,18000.0,6590.0,925.0,412.0,21,2,14.04,104,Salaried,Doctorate,Single,Standard,Central,0
CUST101937,28,18000.0,6415.0,4420.0,3338.0,18,0,68.9,51,Self-Employed,Master,Single,Platinum,East,0
CUST101938,31,49484.0,26332.0,11375.0,5507.0,22,0,43.2,59,Business,High School,Married,Standard,West,0
CUST101939,33,118855.0,52448.0,38115.0,21267.0,16,1,72.67,73,Salaried,Doctorate,Single,Standard,West,0
CUST101940,37,27475.0,5097.0,1286.0,606.0,24,3,25.23,90,Salaried,Bachelor,Married,Platinum,West,0
CUST101941,28,18000.0,10729.0,1011.0,901.0,23,0,9.42,30,Salaried,Diploma,Single,Signature,West,0
CUST101942,41,88991.0,14718.0,2505.0,139.0,21,3,17.02,39,Student,Master,Married,Gold,Central,0
CUST101943,38,74321.0,38959.0,13856.0,8492.0,18,1,35.57,25,Unemployed,Master,Divorced,Signature,South,0
CUST101944,50,35687.0,18893.0,7023.0,494.0,23,3,,111,Salaried,Master,Widowed,Gold,North,0
CUST101945,38,37801.0,23684.0,14062.0,6442.0,19,2,59.37,74,Business,Bachelor,Single,Standard,West,0
CUST101946,66,38131.0,6752.0,5711.0,2230.0,28,1,84.58,33,Salaried,Diploma,Single,Gold,North,0
CUST101947,67,69074.0,30975.0,10438.0,4727.0,18,1,33.7,25,Student,Diploma,Single,Platinum,East,0
CUST101948,51,46059.0,16762.0,3798.0,1004.0,21,5,22.66,71,Student,Doctorate,Married,Gold,West,0
CUST101949,58,85296.0,26895.0,7819.0,4578.0,15,1,29.07,12,Business,Diploma,Divorced,Gold,West,0
CUST101950,52,18000.0,3513.0,2483.0,564.0,17,4,70.68,108,Business,Bachelor,Married,Gold,South,0
CUST101951,31,40574.0,17501.0,9096.0,2940.0,25,3,51.97,71,Self-Employed,Master,Single,Platinum,West,0
CUST101952,65,34990.0,13629.0,3739.0,873.0,25,2,27.43,44,Salaried,Master,Married,Gold,South,0
CUST101953,45,56453.0,11419.0,2319.0,1571.0,20,3,20.31,54,Unemployed,Bachelor,Widowed,Platinum,West,0
CUST101954,53,48350.0,22059.0,8931.0,2257.0,16,1,40.49,66,Salaried,Bachelor,Single,Standard,Central,0
CUST101955,58,100806.0,52316.0,27445.0,24842.0,28,1,52.46,91,Salaried,Bachelor,Widowed,Signature,West,0
CUST101956,61,23377.0,12475.0,5074.0,1521.0,24,4,40.67,45,Salaried,Bachelor,Married,Gold,West,0
CUST101957,28,66647.0,40167.0,8107.0,2672.0,37,2,20.18,31,Self-Employed,Master,Single,Standard,South,0
CUST101958,31,88365.0,31346.0,11409.0,6710.0,16,4,36.4,78,Salaried,High School,Married,Gold,East,0
CUST101959,42,180466.0,113069.0,9866.0,5551.0,17,6,8.73,85,Business,Master,Single,,South,0
CUST101960,44,49870.0,29060.0,10402.0,7172.0,22,2,35.79,76,Salaried,Diploma,Single,Platinum,West,0
CUST101961,61,77699.0,23174.0,4608.0,3136.0,24,3,19.88,35,Self-Employed,Diploma,Married,Gold,West,0
CUST101962,37,24101.0,5535.0,1593.0,376.0,19,1,28.78,89,Salaried,High School,Divorced,Platinum,North,0
CUST101963,32,18000.0,6619.0,1685.0,849.0,20,1,,92,Business,Diploma,Married,Standard,,0
CUST101964,66,103442.0,36303.0,19807.0,10505.0,18,2,54.56,39,Salaried,Master,Single,Standard,Central,0
CUST101965,52,64802.0,28374.0,20424.0,3911.0,19,3,71.98,37,Student,Bachelor,Married,Standard,North,0
CUST101966,35,124284.0,54895.0,18769.0,6204.0,28,1,34.19,45,Salaried,Diploma,Single,Gold,South,0
CUST101967,36,30539.0,16033.0,5477.0,1107.0,17,1,34.16,24,Self-Employed,Diploma,Married,Standard,West,0
CUST101968,42,86516.0,35034.0,24792.0,10946.0,19,0,70.77,97,Self-Employed,Master,Single,Gold,South,0
CUST101969,48,181678.0,36774.0,16247.0,2044.0,22,2,44.18,73,Salaried,Bachelor,Married,Gold,North,0
CUST101970,40,81878.0,47419.0,16289.0,3081.0,21,2,34.35,31,Salaried,High School,Single,Platinum,Central,0
CUST101971,53,75679.0,23073.0,16084.0,8143.0,17,0,69.71,36,Salaried,Bachelor,Single,Standard,East,0
CUST101972,30,65307.0,41512.0,4070.0,1072.0,21,4,9.8,76,Salaried,Bachelor,Married,Platinum,North,0
CUST101973,60,27396.0,5724.0,1602.0,261.0,25,0,27.99,69,Salaried,Bachelor,Married,Standard,South,0
CUST101974,52,136996.0,86188.0,20630.0,11813.0,25,2,23.94,39,Business,Diploma,Single,Gold,West,0
CUST101975,70,46452.0,9082.0,5098.0,2670.0,30,2,56.13,93,Self-Employed,Bachelor,Married,Gold,South,0
CUST101976,53,85786.0,22778.0,15207.0,7717.0,21,0,66.76,83,Self-Employed,Master,Single,Gold,North,0
CUST101977,22,27515.0,4768.0,3270.0,1086.0,20,2,68.58,24,Self-Employed,Doctorate,Single,Gold,North,0
CUST101978,53,,17075.0,3555.0,1495.0,17,1,20.82,74,Salaried,High School,Single,Gold,West,0
CUST101979,53,143120.0,82315.0,51031.0,11095.0,20,3,61.99,82,Salaried,Bachelor,Single,Gold,East,0
CUST101980,61,53698.0,19709.0,4795.0,3019.0,20,2,24.33,69,Self-Employed,High School,Married,Standard,South,0
CUST101981,33,144559.0,88797.0,33066.0,21589.0,23,2,37.24,71,Salaried,Diploma,Married,Standard,West,0
CUST101982,50,62263.0,27716.0,15111.0,6685.0,20,1,54.52,12,Salaried,Bachelor,Widowed,Platinum,North,0
CUST101983,53,23602.0,10975.0,5576.0,3612.0,19,0,50.81,42,Student,Master,Single,Platinum,North,0
CUST101984,33,106168.0,60803.0,10918.0,2325.0,21,2,17.96,48,Salaried,Bachelor,Divorced,Gold,South,0
CUST101985,46,46991.0,14022.0,4270.0,3996.0,16,4,30.45,92,Unemployed,Master,Single,Standard,North,0
CUST101986,42,95456.0,31227.0,8198.0,3623.0,16,0,26.25,33,Student,Master,Married,Standard,Central,0
CUST101987,59,65908.0,39741.0,9303.0,3163.0,27,2,23.41,31,Student,Diploma,Single,Standard,East,0
CUST101988,22,27818.0,16704.0,7960.0,2999.0,16,3,47.65,32,Self-Employed,Bachelor,Married,Signature,East,0
CUST101989,58,71147.0,45409.0,5421.0,3662.0,42,1,11.94,40,Student,Bachelor,Married,Gold,North,0
CUST101990,59,217524.0,130714.0,35086.0,24203.0,22,1,26.84,151,Unemployed,Master,Married,Standard,Central,0
CUST101991,46,85245.0,18216.0,6912.0,3215.0,14,1,37.94,42,Salaried,Diploma,Married,Gold,Central,0
CUST101992,66,62976.0,35384.0,7297.0,2367.0,14,1,20.62,96,Student,High School,Widowed,Standard,Central,0
CUST101993,70,117428.0,41677.0,16637.0,4518.0,14,1,39.92,97,Student,Bachelor,Married,Standard,West,0
CUST101994,35,72985.0,47105.0,30289.0,18550.0,25,2,64.3,51,Salaried,Bachelor,Widowed,Gold,West,0
CUST101995,54,72940.0,28165.0,7368.0,4509.0,19,0,26.16,63,Salaried,Bachelor,Married,Gold,West,0
CUST101996,62,35659.0,15223.0,5824.0,3390.0,19,2,38.26,71,Self-Employed,Diploma,Single,Platinum,South,0
CUST101997,64,73921.0,30669.0,17629.0,9742.0,30,2,57.48,112,Salaried,Diploma,Married,Standard,North,0
CUST101998,69,114879.0,35712.0,5647.0,2014.0,28,4,15.81,69,Salaried,Master,Married,Standard,,0
CUST101999,60,41040.0,7695.0,3578.0,1290.0,17,1,46.5,87,Salaried,Bachelor,Married,Standard,Central,0
CUST102000,31,142289.0,85064.0,34654.0,24034.0,29,2,40.74,38,Salaried,Bachelor,Married,Standard,South,0
CUST102001,23,61803.0,34074.0,9408.0,4961.0,26,1,27.61,67,Salaried,Master,Married,Gold,North,0
CUST102002,26,39890.0,8766.0,3274.0,1944.0,26,3,37.35,30,Salaried,High School,Married,Platinum,Central,0
CUST102003,29,112515.0,60576.0,32912.0,15138.0,21,3,54.33,59,Business,Bachelor,Married,Standard,North,0
CUST102004,26,55515.0,25699.0,6993.0,3748.0,22,1,27.21,25,Self-Employed,,Married,Standard,North,0
CUST102005,29,98704.0,34998.0,19337.0,15348.0,26,3,55.25,44,Salaried,Diploma,Single,Gold,West,0
CUST102006,59,55363.0,15336.0,2324.0,581.0,16,2,15.15,101,Salaried,Bachelor,Married,Platinum,West,0
CUST102007,51,62896.0,36471.0,10621.0,6657.0,12,1,29.12,29,Business,Diploma,Single,Platinum,East,0
CUST102008,52,85272.0,42644.0,24549.0,13523.0,30,2,57.57,35,Self-Employed,Master,Married,Gold,South,0
CUST102009,61,76278.0,32332.0,4877.0,2360.0,30,0,15.08,63,Unemployed,Bachelor,Single,Standard,,0
CUST102010,70,21690.0,9864.0,3594.0,685.0,24,1,36.44,82,Salaried,Bachelor,Divorced,Standard,South,0
CUST102011,32,35083.0,6860.0,2923.0,950.0,17,1,42.61,42,Salaried,Master,Married,Standard,Central,0
CUST102012,28,108371.0,41935.0,14977.0,8100.0,27,3,35.71,27,Salaried,Bachelor,Single,Gold,North,0
CUST102013,28,60444.0,14921.0,10445.0,5681.0,39,1,70.0,32,Salaried,Bachelor,Single,Gold,West,0
CUST102014,70,48732.0,12387.0,4206.0,589.0,15,2,33.95,21,Salaried,Bachelor,Married,Standard,Central,0
CUST102015,48,30789.0,14799.0,9759.0,3283.0,23,1,65.94,84,Salaried,Diploma,Married,Standard,West,0
CUST102016,40,35893.0,21738.0,10022.0,3858.0,16,1,46.1,77,Salaried,High School,Married,Gold,East,0
CUST102017,67,21379.0,7523.0,1810.0,733.0,24,1,24.06,31,Salaried,Bachelor,Married,Gold,North,0
CUST102018,27,61478.0,15608.0,6883.0,2669.0,31,1,44.1,23,Business,Diploma,Single,Standard,North,0
CUST102019,31,46770.0,22186.0,6628.0,1925.0,22,2,29.87,49,Business,Bachelor,Single,,South,0
CUST102020,40,38197.0,22368.0,12695.0,5691.0,19,2,56.76,38,Salaried,Bachelor,Single,Gold,East,0
CUST102021,36,62610.0,32818.0,21264.0,16958.0,17,4,64.79,67,Unemployed,High School,Single,Platinum,East,0
CUST102022,24,79406.0,46403.0,29205.0,12167.0,23,2,62.94,27,Salaried,High School,Single,Platinum,East,0
CUST102023,26,205541.0,85973.0,48649.0,27373.0,20,2,56.59,30,Salaried,Master,Married,Platinum,North,0
CUST102024,42,,14884.0,4468.0,2062.0,17,1,30.02,137,Salaried,Diploma,Married,Standard,West,0
CUST102025,46,122983.0,27060.0,11335.0,3825.0,24,0,41.89,54,Salaried,Bachelor,Divorced,Platinum,West,0
CUST102026,23,111007.0,35982.0,7009.0,3399.0,29,1,19.48,38,Self-Employed,Bachelor,Single,Standard,West,0
CUST102027,61,42347.0,14600.0,11414.0,5399.0,27,2,78.18,138,Salaried,Doctorate,Married,Gold,North,0
CUST102028,62,72687.0,29485.0,9326.0,4641.0,22,1,31.63,16,Self-Employed,High School,Divorced,Gold,East,0
CUST102029,34,50536.0,31056.0,17922.0,4469.0,20,4,57.71,41,Salaried,Master,Single,Standard,,0
CUST102030,31,71989.0,42268.0,4856.0,2266.0,19,3,11.49,58,Salaried,Bachelor,Divorced,Standard,Central,0
CUST102031,38,149069.0,32387.0,13278.0,1936.0,19,3,41.0,80,Student,High School,Single,Standard,East,0
CUST102032,32,90692.0,21439.0,2558.0,884.0,27,5,11.93,20,Salaried,Diploma,Divorced,Gold,South,0
CUST102033,43,85981.0,28272.0,20596.0,12734.0,20,4,72.85,31,Student,Bachelor,Married,Platinum,Central,0
CUST102034,32,51301.0,15153.0,4995.0,2296.0,24,1,32.96,63,Salaried,Master,Married,Gold,South,0
CUST102035,33,28736.0,13143.0,6934.0,5111.0,18,1,52.76,27,Unemployed,High School,Single,Gold,East,0
CUST102036,45,57959.0,34856.0,16820.0,5859.0,27,2,48.26,66,Unemployed,Diploma,Divorced,Standard,North,0
CUST102037,65,126219.0,79663.0,12960.0,6836.0,22,2,16.27,87,Business,Bachelor,Married,Standard,North,0
CUST102038,39,28063.0,13380.0,3975.0,1766.0,23,2,29.71,40,Student,Doctorate,Single,Standard,North,0
CUST102039,66,36383.0,20705.0,7406.0,1799.0,19,3,35.77,46,Business,Bachelor,Married,Standard,North,0
CUST102040,56,69675.0,28748.0,2152.0,1045.0,23,1,7.49,41,Self-Employed,Bachelor,Divorced,Gold,West,0
CUST102041,65,37820.0,9612.0,4802.0,1540.0,21,1,49.96,72,Business,,Divorced,Platinum,South,0
CUST102042,28,42035.0,17333.0,1645.0,577.0,19,1,9.49,119,Self-Employed,,Married,Standard,Central,0
CUST102043,49,51491.0,22015.0,12293.0,837.0,18,3,55.84,46,Student,High School,Married,Platinum,West,0
CUST102044,52,30670.0,15986.0,7669.0,3771.0,20,0,47.97,88,Unemployed,Doctorate,Married,Standard,West,0
CUST102045,64,38039.0,9888.0,6398.0,4944.0,18,4,64.7,43,Business,Doctorate,Single,Signature,South,1
CUST102046,38,95705.0,31980.0,2109.0,951.0,24,3,6.59,38,Unemployed,High School,Married,Standard,South,0
CUST102047,26,31669.0,10515.0,8012.0,,23,6,76.2,67,Salaried,Diploma,Married,Standard,East,0
CUST102048,38,26992.0,16997.0,784.0,250.0,19,1,4.61,26,Unemployed,High School,Married,Standard,West,0
CUST102049,39,45965.0,17098.0,8845.0,5330.0,29,2,51.73,131,Salaried,Bachelor,Divorced,Standard,East,0
CUST102050,42,97219.0,51288.0,5582.0,,16,1,10.88,49,Salaried,Master,Single,Standard,East,0
CUST102051,57,58328.0,30646.0,9980.0,6008.0,18,4,32.57,55,Salaried,Master,Single,Standard,South,0
CUST102052,52,50343.0,14236.0,1630.0,228.0,15,5,11.45,83,Salaried,Bachelor,Single,Gold,East,0
CUST102053,61,66605.0,29035.0,7574.0,3775.0,25,1,26.09,48,Business,Doctorate,Married,Platinum,East,0
CUST102054,23,24885.0,14860.0,7228.0,4024.0,22,1,48.64,83,Salaried,Master,Single,Standard,East,0
CUST102055,48,85326.0,33072.0,15957.0,9769.0,19,2,48.25,55,,Diploma,Married,Standard,East,0
CUST102056,30,80260.0,49967.0,15247.0,3100.0,26,2,30.51,90,Business,Master,Married,Standard,South,0
CUST102057,55,51897.0,13349.0,8714.0,4256.0,18,1,65.28,69,Salaried,Bachelor,Divorced,Signature,West,0
CUST102058,49,113029.0,21145.0,2912.0,832.0,17,2,13.77,138,Salaried,Bachelor,Divorced,Gold,North,0
CUST102059,35,34962.0,20828.0,2653.0,942.0,17,0,12.74,79,Salaried,Master,Single,Standard,South,0
CUST102060,53,120873.0,69362.0,8613.0,4227.0,19,1,12.42,176,Salaried,Bachelor,Single,Standard,West,0
CUST102061,27,70765.0,45735.0,16694.0,12702.0,26,0,36.5,32,Salaried,Bachelor,Single,Gold,South,0
CUST102062,32,54016.0,26451.0,2464.0,729.0,21,2,9.32,66,Business,Master,Married,Signature,East,0
CUST102063,69,64293.0,39755.0,15844.0,9551.0,30,0,39.85,74,Salaried,High School,Married,Gold,South,0
CUST102064,50,,34527.0,15201.0,9677.0,19,2,44.03,42,Salaried,Bachelor,Single,Standard,South,0
CUST102065,41,127172.0,72769.0,22587.0,13723.0,18,2,31.04,101,Salaried,Master,Single,Platinum,East,0
CUST102066,51,35953.0,15624.0,1876.0,100.0,21,1,12.01,77,Self-Employed,High School,Single,Standard,North,0
CUST102067,44,42734.0,14580.0,8344.0,3771.0,21,2,57.23,80,Salaried,Diploma,Single,Gold,South,0
CUST102068,40,114934.0,70946.0,30479.0,4739.0,16,3,42.96,117,Salaried,Diploma,Married,Standard,West,0
CUST102069,57,46845.0,17148.0,5984.0,5584.0,15,2,34.9,46,Business,Master,Single,Signature,North,0
CUST102070,24,106664.0,44736.0,11830.0,7958.0,29,1,26.44,29,Salaried,Bachelor,Married,Standard,East,0
CUST102071,48,165518.0,61748.0,28966.0,20848.0,19,2,46.91,48,Unemployed,Diploma,Married,Standard,Central,0
CUST102072,64,52112.0,22534.0,,9638.0,19,1,75.88,58,Salaried,Master,Married,Standard,South,0
CUST102073,40,94551.0,36426.0,9484.0,2480.0,14,3,26.04,85,Self-Employed,Diploma,Married,Standard,East,0
CUST102074,44,34462.0,5996.0,1318.0,344.0,18,1,21.98,39,Salaried,Bachelor,Married,Platinum,North,0
CUST102075,70,98444.0,58183.0,10272.0,2307.0,21,0,17.65,100,Self-Employed,Bachelor,Married,Gold,West,0
CUST102076,69,72535.0,26997.0,11274.0,8890.0,13,0,41.76,79,Salaried,High School,Single,Standard,South,0
CUST102077,52,84315.0,37476.0,20331.0,5574.0,25,1,54.25,115,Salaried,Master,Married,Platinum,West,0
CUST102078,61,45573.0,10008.0,1692.0,669.0,26,0,16.91,73,Student,Bachelor,Married,Gold,North,1
CUST102079,56,26070.0,3955.0,1547.0,574.0,26,2,39.12,32,Salaried,,Single,Standard,North,0
CUST102080,54,85728.0,23373.0,8572.0,2611.0,25,1,36.67,109,Salaried,Diploma,Single,Platinum,South,0
CUST102081,56,20895.0,10495.0,4342.0,2284.0,24,2,41.37,43,Unemployed,Master,Married,Standard,North,0
CUST102082,22,54590.0,10896.0,5005.0,2770.0,17,4,45.93,110,Salaried,Diploma,Married,Gold,West,0
CUST102083,35,109075.0,65930.0,20799.0,7932.0,21,0,31.55,27,Salaried,Diploma,Married,Gold,West,0
CUST102084,54,72235.0,18601.0,2926.0,1154.0,29,4,15.73,15,Salaried,Bachelor,Widowed,Gold,Central,0
CUST102085,56,189801.0,47886.0,7789.0,560.0,12,2,16.27,119,Unemployed,High School,Single,Platinum,North,0
CUST102086,26,114228.0,27501.0,6666.0,2516.0,27,0,24.24,44,Self-Employed,High School,Married,Standard,South,0
CUST102087,59,45365.0,7122.0,3680.0,2087.0,18,4,51.67,31,Business,Bachelor,Single,Gold,Central,0
CUST102088,62,65984.0,35361.0,6633.0,5138.0,23,0,18.76,81,Salaried,Doctorate,Married,Gold,North,0
CUST102089,32,63328.0,37206.0,15704.0,9648.0,19,3,42.21,62,Salaried,Master,Single,Standard,East,0
CUST102090,23,27226.0,12444.0,5225.0,3910.0,23,0,,44,Self-Employed,Diploma,Married,Gold,West,0
CUST102091,65,38751.0,9459.0,8078.0,4693.0,15,2,85.4,57,Salaried,Bachelor,Single,Gold,South,0
CUST102092,38,47750.0,13974.0,9235.0,7304.0,25,3,66.09,19,Self-Employed,Master,Married,Gold,West,0
CUST102093,60,21210.0,8229.0,4204.0,2719.0,21,2,51.09,90,Unemployed,High School,Married,Standard,Central,0
CUST102094,41,66720.0,41845.0,12926.0,6097.0,30,0,30.89,29,Unemployed,High School,Married,Standard,South,0
CUST102095,35,56679.0,15512.0,5073.0,2976.0,28,3,32.7,13,Salaried,Master,Single,Signature,West,0
CUST102096,53,25901.0,13360.0,5971.0,2419.0,30,3,44.69,149,Self-Employed,Diploma,Single,Standard,East,0
CUST102097,55,81183.0,30015.0,5315.0,780.0,29,2,17.71,43,Salaried,Bachelor,Married,Platinum,West,0
CUST102098,46,96363.0,28805.0,10274.0,5838.0,27,1,35.67,21,Unemployed,Diploma,Married,Standard,East,0
CUST102099,28,73645.0,27835.0,18259.0,2923.0,29,1,65.6,54,Self-Employed,High School,Single,Standard,North,0
CUST102100,56,54388.0,10095.0,947.0,418.0,24,3,9.38,72,Salaried,Bachelor,Married,Standard,South,0
CUST102101,68,89988.0,49434.0,9905.0,4029.0,19,1,20.04,89,Student,Bachelor,Married,Standard,South,0
CUST102102,50,94491.0,25669.0,19292.0,12587.0,20,0,75.16,34,Salaried,Master,Married,Platinum,Central,0
CUST102103,43,76973.0,39465.0,21317.0,5556.0,17,0,54.01,74,Self-Employed,Master,Single,Standard,South,0
CUST102104,62,41300.0,7606.0,4154.0,1389.0,21,2,54.61,134,Student,High School,Married,Signature,Central,0
CUST102105,64,75680.0,47493.0,24288.0,9472.0,16,4,51.14,16,Salaried,,Married,Gold,North,0
CUST102106,34,125449.0,30924.0,5561.0,2624.0,22,1,17.98,40,Self-Employed,Doctorate,Single,Standard,West,0
CUST102107,34,46817.0,27686.0,13943.0,5351.0,17,2,50.36,62,Salaried,Bachelor,Married,Gold,East,0
CUST102108,22,206078.0,114319.0,27453.0,5074.0,17,1,24.01,24,Salaried,Doctorate,Single,Signature,North,0
CUST102109,57,48681.0,30860.0,15833.0,12271.0,21,4,51.31,16,Salaried,Bachelor,Single,Gold,East,0
CUST102110,25,66169.0,25736.0,7235.0,3949.0,13,2,28.11,52,Self-Employed,Bachelor,Single,Gold,South,0
CUST102111,58,44904.0,23067.0,17675.0,8276.0,23,4,76.62,80,Salaried,,Married,Gold,South,0
CUST102112,65,73493.0,24646.0,3287.0,1139.0,21,3,13.34,55,Business,High School,Single,Gold,North,0
CUST102113,61,24932.0,6038.0,1184.0,,20,2,19.61,31,Business,Bachelor,Single,Signature,West,0
CUST102114,67,48138.0,17885.0,10218.0,4535.0,27,2,57.13,62,Business,Bachelor,Divorced,Gold,East,0
CUST102115,34,35649.0,8302.0,2912.0,859.0,29,2,35.08,48,Salaried,High School,Married,Gold,East,0
CUST102116,59,70023.0,44886.0,19790.0,8855.0,22,0,44.09,16,Self-Employed,Bachelor,Married,Platinum,Central,0
CUST102117,45,112318.0,22253.0,11878.0,7211.0,27,0,53.38,118,Self-Employed,Bachelor,Single,Standard,North,0
CUST102118,40,92730.0,41228.0,17314.0,15268.0,13,6,42.0,55,Salaried,High School,Married,Standard,East,0
CUST102119,22,18000.0,8338.0,2057.0,1525.0,19,2,24.67,67,Salaried,High School,Married,Gold,Central,0
CUST102120,59,199842.0,83742.0,23490.0,4634.0,16,3,28.05,54,Business,Bachelor,Single,Standard,East,0
CUST102121,26,76462.0,36785.0,6730.0,1356.0,26,2,18.3,76,Salaried,Diploma,Single,Standard,East,0
CUST102122,37,42407.0,8824.0,5066.0,2764.0,31,3,57.41,34,Salaried,Bachelor,Married,Gold,North,1
CUST102123,45,70867.0,30296.0,18205.0,14272.0,20,0,60.09,111,Self-Employed,High School,Divorced,Standard,West,0
CUST102124,48,71614.0,21026.0,4100.0,1038.0,25,2,19.5,125,Self-Employed,High School,Married,Standard,West,0
CUST102125,22,45043.0,27931.0,9486.0,3933.0,21,2,33.96,86,Business,Diploma,Married,Platinum,North,0
CUST102126,55,72475.0,38487.0,27532.0,11475.0,18,3,71.54,31,Salaried,High School,Married,Standard,West,0
CUST102127,57,46538.0,29610.0,12478.0,1354.0,33,3,42.14,49,Salaried,Master,Widowed,Gold,South,0
CUST102128,25,52039.0,8783.0,5333.0,3636.0,26,1,60.72,35,Business,Master,Married,Standard,East,0
CUST102129,21,44564.0,13038.0,3662.0,2743.0,29,2,28.09,86,Self-Employed,Bachelor,Single,Standard,West,0
CUST102130,60,29560.0,7322.0,3678.0,901.0,36,0,50.23,15,Business,Master,Married,Standard,North,0
CUST102131,32,70428.0,10957.0,5546.0,1927.0,20,4,50.62,34,Salaried,High School,Married,Standard,South,0
CUST102132,56,89685.0,24319.0,18599.0,10236.0,25,2,76.48,88,Salaried,Bachelor,Single,Standard,West,0
CUST102133,65,86278.0,42223.0,5860.0,4730.0,15,0,13.88,67,Salaried,High School,Single,Standard,North,0
CUST102134,43,102038.0,27096.0,23413.0,12671.0,19,1,86.41,85,Business,Doctorate,Widowed,Gold,West,0
CUST102135,67,77694.0,31427.0,21500.0,3755.0,24,1,68.41,69,Self-Employed,High School,Married,Signature,West,0
CUST102136,51,48491.0,28799.0,12076.0,7935.0,21,1,41.93,76,Salaried,Bachelor,Married,Standard,West,0
CUST102137,31,103152.0,51254.0,28050.0,5735.0,24,1,54.73,18,,High School,Single,Platinum,West,0
CUST102138,30,30807.0,10700.0,3477.0,1024.0,23,1,32.5,116,Salaried,High School,Single,Platinum,East,0
CUST102139,23,39607.0,13317.0,7539.0,4491.0,22,3,56.61,61,Salaried,Master,Married,Platinum,Central,0
CUST102140,34,38247.0,14452.0,2903.0,448.0,26,1,20.09,86,Salaried,High School,Single,Gold,West,0
CUST102141,36,117733.0,28082.0,12524.0,7166.0,21,3,44.6,99,Self-Employed,High School,Widowed,Standard,South,0
CUST102142,30,109172.0,50983.0,22588.0,7297.0,24,0,44.3,107,Business,Master,Single,Platinum,East,0
CUST102143,49,84979.0,28220.0,18068.0,6955.0,16,4,64.03,54,Salaried,Diploma,Single,Standard,West,0
CUST102144,30,117208.0,67533.0,20760.0,7981.0,26,3,30.74,61,Salaried,Master,Married,Platinum,West,0
CUST102145,32,40076.0,21171.0,3794.0,1317.0,18,1,17.92,113,Salaried,Doctorate,Married,Standard,North,0
CUST102146,50,78737.0,35846.0,26128.0,5812.0,19,1,72.89,29,Student,Master,Married,Gold,Central,0
CUST102147,61,60676.0,20151.0,10038.0,5319.0,28,4,49.81,29,Business,High School,Single,Gold,North,0
CUST102148,21,103562.0,26405.0,9575.0,4462.0,22,1,36.26,64,Salaried,Diploma,Single,Gold,East,0
CUST102149,25,61009.0,32827.0,13295.0,8680.0,26,1,40.5,54,Salaried,Diploma,Single,Standard,North,0
CUST102150,40,52598.0,20682.0,13907.0,2467.0,30,4,67.24,33,Student,Bachelor,Single,Signature,East,1
CUST102151,28,87522.0,22964.0,7535.0,5918.0,25,2,32.81,43,Salaried,Diploma,Single,Gold,North,0
CUST102152,63,105244.0,26057.0,10063.0,7382.0,19,4,38.62,176,Self-Employed,High School,Divorced,Standard,North,0
CUST102153,32,45006.0,10473.0,4096.0,729.0,22,2,39.11,82,Salaried,Bachelor,Married,Platinum,East,0
CUST102154,21,62853.0,33851.0,15090.0,5629.0,24,3,44.58,31,Student,Bachelor,Single,Standard,East,0
CUST102155,40,36316.0,9605.0,4421.0,1500.0,14,2,46.03,56,Self-Employed,Bachelor,Married,Standard,North,0
CUST102156,48,18000.0,7440.0,5682.0,825.0,25,1,76.37,113,Salaried,Bachelor,Widowed,Standard,Central,0
CUST102157,63,72576.0,27272.0,15894.0,7243.0,24,1,58.28,65,Salaried,Bachelor,Married,Standard,South,0
CUST102158,57,90857.0,39959.0,10936.0,5144.0,27,1,27.37,31,Salaried,Diploma,Married,Gold,West,0
CUST102159,67,75078.0,44189.0,9751.0,1704.0,25,4,,115,Salaried,Doctorate,Single,Standard,Central,0
CUST102160,57,22245.0,12988.0,2780.0,1160.0,20,3,21.4,129,Business,Master,Married,Platinum,Central,0
CUST102161,32,53593.0,20126.0,11481.0,10339.0,18,1,57.05,33,Salaried,Bachelor,Married,Standard,West,0
CUST102162,57,19188.0,3026.0,,318.0,22,1,41.51,48,Salaried,High School,Single,Standard,North,0
CUST102163,69,138065.0,50148.0,16040.0,8613.0,20,2,31.99,49,Salaried,Master,Single,Gold,West,0
CUST102164,69,35768.0,16206.0,10228.0,6041.0,18,4,63.11,98,Salaried,Master,Married,Signature,North,0
CUST102165,64,129653.0,55606.0,36718.0,20949.0,27,2,66.03,30,Business,High School,Widowed,Platinum,South,1
CUST102166,48,109357.0,52018.0,3460.0,202.0,24,2,6.65,74,Salaried,Bachelor,Married,Standard,Central,0
CUST102167,67,39609.0,8993.0,1813.0,1220.0,24,2,20.16,24,Business,Bachelor,Divorced,Standard,North,0
CUST102168,35,34861.0,16499.0,7906.0,3979.0,24,4,47.92,57,Salaried,High School,Divorced,Signature,West,0
CUST102169,26,78814.0,19020.0,6201.0,591.0,29,5,32.6,46,Salaried,Master,Single,Standard,South,0
CUST102170,64,40854.0,21459.0,6609.0,945.0,27,2,30.8,35,Salaried,Bachelor,Single,Standard,North,0
CUST102171,40,68769.0,21975.0,7709.0,3494.0,23,1,35.08,101,Salaried,Master,Married,Gold,South,0
CUST102172,70,49841.0,25167.0,14716.0,7914.0,19,2,58.47,133,Salaried,High School,Divorced,Standard,South,0
CUST102173,34,24404.0,4245.0,2677.0,1379.0,23,1,63.06,48,Unemployed,Master,Divorced,Standard,West,0
CUST102174,22,19061.0,6746.0,2363.0,1538.0,25,1,35.03,85,Salaried,High School,Single,Gold,East,0
CUST102175,29,73631.0,37001.0,18495.0,2332.0,20,0,49.99,46,Salaried,High School,Single,Gold,South,0
CUST102176,57,47729.0,12574.0,4541.0,2382.0,20,6,36.11,27,Salaried,Bachelor,Married,Platinum,North,0
CUST102177,40,47951.0,26260.0,6425.0,2721.0,18,0,24.47,40,Business,Bachelor,Single,Gold,South,0
CUST102178,46,95308.0,44355.0,20806.0,7985.0,14,2,46.91,56,Salaried,Diploma,Divorced,Platinum,Central,0
CUST102179,49,123938.0,55001.0,10075.0,6408.0,21,1,18.32,64,Salaried,Master,Married,Standard,South,0
CUST102180,21,55952.0,18284.0,9408.0,4455.0,26,2,51.45,39,Salaried,Master,Single,Standard,South,0
CUST102181,55,53896.0,21086.0,13446.0,7034.0,20,2,63.77,29,Salaried,Diploma,Single,Standard,East,0
CUST102182,26,85581.0,38398.0,9016.0,6617.0,24,2,23.48,20,Salaried,Bachelor,Married,Standard,East,0
CUST102183,57,30817.0,11902.0,5110.0,1077.0,18,2,42.93,75,Student,Master,Single,Platinum,South,0
CUST102184,25,73488.0,36682.0,20447.0,11742.0,19,0,55.74,132,Salaried,Master,Divorced,Standard,North,0
CUST102185,53,88052.0,32302.0,19986.0,13311.0,20,2,61.87,104,Self-Employed,Master,Married,Gold,West,0
CUST102186,69,94492.0,23730.0,13811.0,2683.0,21,0,58.2,63,Business,Diploma,Married,Platinum,North,0
CUST102187,34,22403.0,5757.0,4003.0,2243.0,21,0,69.53,62,,Master,Married,Standard,West,0
CUST102188,32,42762.0,6538.0,2202.0,940.0,19,1,,122,Salaried,Bachelor,Married,Signature,South,0
CUST102189,62,40099.0,12049.0,4726.0,2340.0,23,1,39.22,103,Salaried,Bachelor,Married,Signature,Central,0
CUST102190,40,68671.0,36015.0,5374.0,3229.0,26,3,14.92,49,Student,Doctorate,Married,Gold,East,0
CUST102191,70,84673.0,46323.0,13437.0,4887.0,20,2,29.01,43,Business,Bachelor,Married,Gold,North,0
CUST102192,44,148054.0,37196.0,21929.0,8953.0,21,3,58.96,47,Business,Master,Married,Standard,East,0
CUST102193,63,49509.0,31167.0,9497.0,5727.0,25,2,30.47,30,Self-Employed,Master,Married,Signature,Central,0
CUST102194,54,49438.0,19835.0,,11037.0,22,4,67.77,119,Salaried,High School,Single,Gold,North,0
CUST102195,45,122328.0,74435.0,41710.0,11106.0,14,0,56.04,87,Business,Diploma,Married,Gold,East,0
CUST102196,70,76516.0,38517.0,34746.0,15520.0,17,3,90.21,82,Self-Employed,Bachelor,Single,Gold,West,1
CUST102197,49,130529.0,66729.0,20258.0,9161.0,25,1,30.36,107,Self-Employed,Bachelor,Married,Gold,North,0
CUST102198,59,76187.0,14668.0,8662.0,7891.0,20,3,59.05,38,Self-Employed,Doctorate,Married,Standard,South,0
CUST102199,51,34397.0,8943.0,4915.0,2605.0,16,1,54.96,63,Salaried,Bachelor,Married,Gold,North,0
CUST102200,67,31223.0,4821.0,1831.0,183.0,16,2,37.98,93,Salaried,Master,Single,Standard,East,0
CUST102201,63,27690.0,14068.0,3888.0,1530.0,24,2,27.64,70,Self-Employed,Diploma,Married,Gold,West,0
CUST102202,70,93552.0,30144.0,12209.0,3854.0,39,2,40.5,58,Salaried,Master,Single,Gold,South,0
CUST102203,43,124975.0,67902.0,12100.0,8532.0,21,2,17.82,94,Salaried,Bachelor,Divorced,Standard,North,0
CUST102204,64,179745.0,57423.0,27986.0,8904.0,18,2,48.74,26,Business,Diploma,Single,Standard,East,1
CUST102205,58,103347.0,57840.0,25321.0,17995.0,18,1,43.78,44,Salaried,Bachelor,Married,Gold,Central,0
CUST102206,40,123217.0,26535.0,12677.0,5999.0,21,3,47.77,20,Unemployed,,Single,Standard,East,0
CUST102207,43,47246.0,11182.0,4300.0,2859.0,25,3,38.45,29,Salaried,Doctorate,Married,Standard,South,1
CUST102208,65,34410.0,11026.0,3544.0,1588.0,19,2,32.14,58,Self-Employed,High School,Married,Standard,South,0
CUST102209,36,103744.0,36751.0,13625.0,5219.0,28,1,37.07,25,Self-Employed,Bachelor,Single,Standard,South,0
CUST102210,70,81786.0,26527.0,4639.0,3027.0,20,1,17.49,13,Self-Employed,,Married,Standard,North,0
CUST102211,62,68957.0,36673.0,20315.0,7363.0,26,2,55.39,81,Student,High School,Single,Standard,East,0
CUST102212,28,80434.0,15964.0,5513.0,2878.0,20,4,34.53,99,Salaried,Doctorate,Married,Gold,Central,0
CUST102213,70,77644.0,25282.0,14496.0,4886.0,21,1,57.34,53,Salaried,Bachelor,Single,Standard,West,0
CUST102214,41,131695.0,74884.0,24714.0,9044.0,19,4,33.0,48,Salaried,High School,Married,Standard,East,0
CUST102215,21,132506.0,24301.0,9814.0,2064.0,18,0,40.39,62,Salaried,Bachelor,Divorced,Gold,Central,0
CUST102216,28,87681.0,54465.0,11743.0,2097.0,22,2,21.56,35,Unemployed,Master,Single,Gold,East,0
CUST102217,49,103501.0,66568.0,52232.0,3928.0,20,3,,48,Salaried,Doctorate,Married,Standard,West,0
CUST102218,52,86239.0,16755.0,11517.0,4924.0,19,0,68.74,89,Salaried,High School,Single,Signature,North,0
CUST102219,58,50438.0,14911.0,7904.0,3250.0,22,2,53.01,54,Business,Bachelor,Divorced,Standard,North,0
CUST102220,25,98543.0,33130.0,21693.0,4990.0,25,1,65.48,96,Salaried,Master,Single,Standard,Central,0
CUST102221,67,30187.0,16247.0,7984.0,5376.0,13,2,49.14,122,Student,Master,Single,Platinum,South,0
CUST102222,42,116051.0,51987.0,16705.0,2317.0,17,3,175.0,91,Salaried,Bachelor,Married,Gold,East,0
CUST102223,67,33697.0,15911.0,5620.0,2276.0,22,5,35.32,62,Salaried,Master,Married,Gold,South,0
CUST102224,54,76064.0,40219.0,14814.0,8488.0,22,2,36.83,53,Self-Employed,Diploma,Married,Platinum,East,0
CUST102225,21,40836.0,8534.0,2546.0,1454.0,22,0,29.83,39,Self-Employed,Bachelor,Married,Platinum,East,0
CUST102226,46,88125.0,49932.0,13594.0,3717.0,34,1,27.23,133,Salaried,Bachelor,Widowed,Platinum,West,0
CUST102227,63,63798.0,32078.0,19032.0,3033.0,21,1,59.33,47,Business,Master,Single,Standard,West,0
CUST102228,30,27039.0,11861.0,3334.0,2797.0,27,0,28.11,52,Salaried,Diploma,Single,Gold,South,0
CUST102229,50,81922.0,48733.0,11333.0,2813.0,29,1,23.26,38,Salaried,Bachelor,Divorced,Gold,East,0
CUST102230,70,47301.0,23658.0,8287.0,1037.0,21,2,35.03,90,Self-Employed,Bachelor,Widowed,Standard,Central,0
CUST102231,38,105532.0,26473.0,21513.0,16523.0,27,5,81.26,81,Student,High School,Married,Signature,East,0
CUST102232,37,65047.0,23734.0,6859.0,5478.0,22,2,28.9,22,Salaried,Bachelor,Married,Platinum,South,0
CUST102233,46,80791.0,32076.0,23429.0,17178.0,13,2,73.04,43,Business,Diploma,Single,Platinum,North,0
CUST102234,28,38387.0,6818.0,539.0,186.0,34,1,7.91,39,Business,Doctorate,Married,Standard,East,0
CUST102235,67,47005.0,29487.0,3724.0,2312.0,22,0,12.63,30,Salaried,Doctorate,Married,Standard,Central,0
CUST102236,60,50508.0,10823.0,8363.0,7323.0,20,2,77.27,75,Salaried,Diploma,Single,Standard,Central,1
CUST102237,69,104123.0,51929.0,29388.0,18178.0,16,3,56.59,86,Student,Master,Married,,West,1
CUST102238,32,163522.0,65918.0,53323.0,28782.0,23,4,80.89,71,Salaried,Master,Single,Gold,South,0
CUST102239,47,41743.0,6796.0,4488.0,2157.0,23,2,66.04,29,Salaried,Master,Single,Standard,West,0
CUST102240,28,117525.0,71969.0,36204.0,26246.0,27,2,50.3,12,Business,High School,Single,Platinum,East,0
CUST102241,45,19709.0,11351.0,3176.0,1396.0,25,0,27.98,46,Salaried,Bachelor,Single,Gold,East,0
CUST102242,66,33703.0,13890.0,10639.0,6112.0,21,2,76.59,75,Salaried,Diploma,Single,Gold,West,0
CUST102243,24,38362.0,10146.0,5177.0,3277.0,28,2,,50,Salaried,Bachelor,Married,Platinum,South,0
CUST102244,53,30892.0,6512.0,1952.0,1165.0,22,1,29.98,37,Business,Master,Single,Standard,East,0
CUST102245,21,27205.0,9024.0,2345.0,313.0,20,3,25.99,46,Salaried,High School,Married,Standard,East,0
CUST102246,39,81576.0,22655.0,3203.0,2495.0,24,4,14.14,64,Salaried,Bachelor,Married,Platinum,Central,0
CUST102247,51,57780.0,23305.0,14929.0,9090.0,26,0,64.06,28,Unemployed,Bachelor,Married,Platinum,North,0
CUST102248,36,80083.0,50709.0,7177.0,2984.0,20,2,14.15,57,Self-Employed,Diploma,Married,Standard,East,0
CUST102249,34,95026.0,41572.0,32391.0,9107.0,26,1,77.92,98,Salaried,Diploma,Married,Standard,South,0
CUST102250,68,75224.0,44756.0,26766.0,17047.0,21,3,59.8,171,Business,Bachelor,Single,Platinum,West,0
CUST102251,25,93331.0,44373.0,29134.0,14576.0,21,4,65.66,60,Self-Employed,Master,Single,Signature,South,0
CUST102252,61,62561.0,24250.0,11864.0,4924.0,22,0,,89,Salaried,Bachelor,Widowed,Gold,South,0
CUST102253,46,33837.0,19534.0,2544.0,921.0,28,4,13.02,44,Student,High School,Single,Standard,West,0
CUST102254,48,116301.0,44855.0,19353.0,13620.0,20,2,43.15,68,Salaried,High School,Single,Standard,South,0
CUST102255,22,47011.0,27469.0,6664.0,4470.0,25,2,24.26,36,Unemployed,Master,Single,Gold,South,0
CUST102256,70,38854.0,11493.0,5019.0,2528.0,26,1,43.67,23,Salaried,Bachelor,Divorced,Standard,North,1
CUST102257,26,58941.0,12637.0,624.0,261.0,23,1,4.94,59,Self-Employed,High School,Single,Gold,South,0
CUST102258,29,39344.0,22727.0,3299.0,1915.0,21,1,14.52,91,Unemployed,Bachelor,Married,Standard,West,0
CUST102259,53,51666.0,22925.0,,609.0,20,1,11.51,80,Salaried,Diploma,Married,Standard,East,0
CUST102260,61,78541.0,46696.0,27561.0,15684.0,27,1,59.02,42,Salaried,Master,Widowed,Gold,North,0
CUST102261,45,78726.0,48725.0,25923.0,12900.0,10,0,53.2,58,Business,High School,Single,Standard,West,0
CUST102262,68,39669.0,7014.0,5468.0,2628.0,19,5,77.96,84,Salaried,High School,Married,Signature,South,1
CUST102263,33,49707.0,19907.0,8679.0,5342.0,28,0,43.6,37,Salaried,Bachelor,Widowed,Standard,Central,0
CUST102264,29,117363.0,39608.0,13942.0,6668.0,19,1,35.2,62,Salaried,Master,Single,Standard,West,0
CUST102265,33,85405.0,39536.0,10217.0,2782.0,22,4,25.84,67,Self-Employed,Diploma,Single,Standard,North,0
CUST102266,51,203501.0,111273.0,38098.0,13521.0,21,2,34.24,33,Self-Employed,Bachelor,Single,Standard,Central,0
CUST102267,61,124394.0,36111.0,9093.0,4220.0,20,3,25.18,18,Salaried,Bachelor,Married,Standard,North,0
CUST102268,31,121967.0,52251.0,6690.0,3737.0,19,1,12.8,60,Salaried,Master,Single,Gold,South,0
CUST102269,24,30297.0,15281.0,8412.0,5627.0,22,1,55.05,117,Salaried,Diploma,Married,Platinum,North,0
CUST102270,54,98940.0,21491.0,7009.0,2193.0,16,2,32.61,57,Salaried,High School,Married,Signature,North,0
CUST102271,58,63129.0,35165.0,26159.0,17896.0,16,2,74.39,39,Business,Bachelor,Married,Gold,North,0
CUST102272,66,,21750.0,11623.0,9365.0,21,1,53.44,41,Salaried,Doctorate,Married,Gold,North,0
CUST102273,24,71293.0,44542.0,7901.0,2180.0,28,1,17.74,115,Salaried,Bachelor,Widowed,Gold,West,0
CUST102274,58,109317.0,34956.0,18293.0,11368.0,22,2,52.33,92,Student,Bachelor,Married,Standard,South,0
CUST102275,39,85614.0,17472.0,11026.0,2541.0,22,3,63.11,61,Business,Master,Single,Gold,North,0
CUST102276,26,40094.0,16168.0,11593.0,3535.0,27,1,71.7,99,Business,Bachelor,Single,Standard,South,0
CUST102277,54,97782.0,18863.0,8807.0,4373.0,25,1,46.69,32,Business,Bachelor,Married,Standard,North,0
CUST102278,38,45774.0,29056.0,16402.0,6515.0,22,1,56.45,55,Student,Master,Married,Standard,North,0
CUST102279,33,73227.0,12400.0,4380.0,817.0,20,2,35.32,29,Business,Bachelor,Married,Platinum,West,0
CUST102280,61,55012.0,28978.0,6318.0,4888.0,15,2,21.8,88,Salaried,High School,Divorced,Standard,North,0
CUST102281,43,57628.0,23775.0,14352.0,4202.0,18,3,60.37,28,Salaried,High School,Married,Gold,Central,0
CUST102282,39,99069.0,33120.0,13033.0,6521.0,21,4,39.35,122,Salaried,Master,Single,Standard,South,0
CUST102283,65,36682.0,6710.0,5111.0,890.0,22,4,76.17,59,Salaried,Bachelor,Widowed,Gold,Central,0
CUST102284,31,189473.0,87363.0,68671.0,17005.0,26,4,78.6,86,Salaried,Bachelor,Married,,West,0
CUST102285,21,23874.0,10567.0,935.0,140.0,17,1,8.85,19,Business,Master,Single,Standard,South,0
CUST102286,44,46790.0,13590.0,6548.0,2466.0,16,2,48.18,51,Self-Employed,Bachelor,Married,Gold,South,0
CUST102287,27,79679.0,48215.0,11994.0,2825.0,25,1,24.88,100,Business,High School,Married,Gold,South,0
CUST102288,45,89636.0,27075.0,5660.0,3471.0,23,1,20.9,14,Salaried,Bachelor,Married,Gold,South,0
CUST102289,41,61505.0,23056.0,6322.0,2901.0,19,3,27.42,63,Salaried,Diploma,Widowed,Gold,South,0
CUST102290,35,62980.0,26570.0,5442.0,2065.0,23,4,20.48,53,Salaried,Bachelor,Single,Standard,East,0
CUST102291,21,81466.0,16303.0,4279.0,1390.0,27,0,26.25,72,Self-Employed,Diploma,Single,Platinum,West,0
CUST102292,32,57243.0,35266.0,9686.0,6305.0,22,2,27.47,67,Business,Bachelor,Divorced,Platinum,South,0
CUST102293,27,139859.0,47170.0,40880.0,14524.0,18,4,86.67,58,Unemployed,Master,Single,Gold,West,0
CUST102294,35,103134.0,19636.0,14533.0,5021.0,26,0,74.01,55,Salaried,High School,Married,Gold,West,0
CUST102295,41,105050.0,36100.0,20138.0,8420.0,17,1,55.78,31,Self-Employed,Diploma,Single,Platinum,East,0
CUST102296,39,38206.0,17197.0,8026.0,3745.0,19,4,46.67,21,Salaried,Bachelor,Married,Platinum,North,1
CUST102297,49,62223.0,25314.0,7958.0,2054.0,21,1,31.44,66,Salaried,Master,Divorced,Standard,South,0
CUST102298,45,55099.0,27399.0,19090.0,11111.0,22,2,69.67,80,Business,Bachelor,Single,Gold,South,0
CUST102299,53,37386.0,6645.0,2981.0,2023.0,28,1,44.86,13,Unemployed,High School,Single,Standard,Central,0
CUST102300,69,79240.0,23159.0,9496.0,1792.0,17,2,41.0,77,Self-Employed,Diploma,Divorced,Standard,Central,1
CUST102301,52,48360.0,27063.0,13436.0,6003.0,20,1,49.65,102,Salaried,Master,Married,Platinum,North,0
CUST102302,69,93210.0,17705.0,12072.0,7909.0,20,2,68.18,21,Salaried,Master,Single,Gold,North,0
CUST102303,55,36082.0,20846.0,7948.0,7544.0,19,1,38.13,88,Business,Doctorate,Single,Standard,West,1
CUST102304,64,167312.0,32784.0,6211.0,4474.0,28,2,18.95,117,Student,Bachelor,Married,Platinum,North,0
CUST102305,58,39702.0,22520.0,1324.0,650.0,19,1,5.88,83,Student,Bachelor,Divorced,Signature,South,0
CUST102306,46,73332.0,24228.0,4405.0,2018.0,21,2,18.18,96,Self-Employed,Diploma,Single,Standard,Central,0
CUST102307,31,100475.0,45827.0,22581.0,14868.0,16,0,49.27,73,Self-Employed,Bachelor,Married,Standard,South,0
CUST102308,55,47491.0,10754.0,2698.0,224.0,23,1,25.09,18,Student,Master,Single,Platinum,West,0
CUST102309,28,103881.0,19019.0,9687.0,3502.0,23,2,50.93,57,Unemployed,Diploma,Married,Signature,North,0
CUST102310,66,33060.0,8528.0,4901.0,724.0,20,2,57.47,34,Unemployed,High School,Married,Standard,West,0
CUST102311,34,144467.0,30905.0,15570.0,9353.0,24,1,50.38,71,Business,Master,Single,Gold,West,0
CUST102312,30,65508.0,20059.0,3418.0,729.0,25,2,17.04,73,Salaried,Bachelor,Single,Standard,West,0
CUST102313,22,46822.0,19066.0,4642.0,3127.0,23,0,24.35,13,Salaried,Master,Married,Standard,South,0
CUST102314,66,55138.0,24502.0,19062.0,5613.0,18,3,77.8,56,Salaried,Master,Single,Standard,North,1
CUST102315,29,101422.0,55268.0,41070.0,28658.0,18,1,74.31,27,Salaried,Bachelor,Married,Gold,North,0
CUST102316,23,47131.0,22534.0,17023.0,10678.0,21,2,75.54,70,Salaried,Diploma,Married,Standard,West,0
CUST102317,41,43045.0,19559.0,11939.0,5514.0,21,3,61.04,59,Student,Master,Married,Gold,West,0
CUST102318,46,57544.0,20479.0,14603.0,12059.0,23,3,71.31,180,Business,Master,Single,Gold,North,0
CUST102319,28,34024.0,13164.0,1950.0,313.0,18,0,14.81,124,Salaried,Diploma,Married,Standard,East,0
CUST102320,68,176918.0,63206.0,15445.0,11436.0,22,3,24.44,45,Salaried,Bachelor,Married,Platinum,North,0
CUST102321,22,47602.0,27185.0,13297.0,4004.0,21,1,48.91,29,Unemployed,Bachelor,Divorced,Standard,North,0
CUST102322,26,102696.0,27214.0,6131.0,531.0,24,4,22.53,52,Salaried,Bachelor,Married,Standard,East,0
CUST102323,48,72937.0,11149.0,4329.0,2242.0,21,0,38.83,19,Self-Employed,High School,Married,Gold,South,0
CUST102324,49,37822.0,17990.0,5217.0,2837.0,19,0,29.0,45,Salaried,Bachelor,Single,Platinum,East,0
CUST102325,46,64787.0,16277.0,11499.0,4506.0,23,1,70.65,76,Salaried,Bachelor,Single,Platinum,West,0
CUST102326,45,100042.0,59531.0,21639.0,14602.0,18,5,36.35,25,Self-Employed,Diploma,Married,Standard,Central,0
CUST102327,32,58606.0,33964.0,9555.0,5604.0,20,2,28.13,60,Self-Employed,Bachelor,Married,Gold,South,0
CUST102328,25,125286.0,23599.0,18241.0,11043.0,27,3,77.3,24,Self-Employed,Diploma,Single,Platinum,South,0
CUST102329,54,114003.0,23165.0,4884.0,3103.0,27,1,21.08,74,Salaried,Diploma,Widowed,Standard,North,0
CUST102330,68,107747.0,42839.0,17273.0,3120.0,19,2,40.32,19,Salaried,Doctorate,Divorced,Standard,West,0
CUST102331,57,50480.0,22949.0,14611.0,7214.0,24,1,63.67,53,Self-Employed,Bachelor,Married,Gold,West,0
CUST102332,35,35891.0,10317.0,1926.0,691.0,22,4,18.67,24,Salaried,Bachelor,Single,Platinum,West,0
CUST102333,64,46382.0,23581.0,9064.0,3885.0,27,2,38.44,13,Student,Bachelor,Single,Standard,East,0
CUST102334,56,72408.0,32400.0,5365.0,2793.0,18,0,16.56,100,Salaried,Bachelor,Divorced,Gold,East,0
CUST102335,35,87757.0,27416.0,14413.0,9146.0,20,3,52.57,147,Salaried,Bachelor,Married,Standard,South,0
CUST102336,63,19688.0,3203.0,1962.0,1100.0,22,1,61.26,58,Salaried,High School,Married,Signature,West,0
CUST102337,68,64711.0,33978.0,9628.0,3717.0,22,1,28.34,104,Business,Diploma,Divorced,Platinum,West,0
CUST102338,43,70905.0,18249.0,6602.0,4847.0,20,1,36.18,63,Salaried,Doctorate,Married,Platinum,Central,0
CUST102339,26,55798.0,31651.0,18881.0,13418.0,23,1,59.65,97,Salaried,High School,Married,Signature,East,0
CUST102340,66,132236.0,47624.0,13775.0,5141.0,15,2,28.92,76,Self-Employed,High School,Single,Platinum,West,0
CUST102341,70,81971.0,35947.0,7558.0,3041.0,12,1,21.03,90,Unemployed,Bachelor,Married,Standard,East,0
CUST102342,64,133619.0,78364.0,40347.0,22081.0,25,1,51.49,54,Student,Diploma,Single,Gold,West,0
CUST102343,63,57720.0,33582.0,14309.0,4781.0,24,0,42.61,66,Business,Bachelor,Married,Standard,East,0
CUST102344,65,108853.0,36548.0,11178.0,5275.0,25,1,30.58,28,Salaried,Doctorate,Single,Standard,East,1
CUST102345,41,159760.0,40650.0,23053.0,9778.0,28,2,56.71,30,Student,High School,Married,Standard,North,0
CUST102346,43,133729.0,71889.0,32823.0,25625.0,17,1,45.66,20,Student,Bachelor,Married,Platinum,West,0
CUST102347,63,35649.0,13067.0,6285.0,2110.0,25,1,48.1,58,Salaried,Master,Married,Gold,West,0
CUST102348,36,56535.0,13909.0,8013.0,3892.0,25,0,57.61,20,Salaried,Diploma,Married,Gold,South,0
CUST102349,67,53761.0,32376.0,11480.0,5660.0,21,3,35.46,68,Salaried,Master,Married,Standard,East,0
CUST102350,35,85070.0,21187.0,8973.0,2925.0,18,3,42.35,20,Salaried,Bachelor,Married,Standard,South,0
CUST102351,45,94811.0,15445.0,6179.0,2009.0,27,1,40.01,58,Salaried,Bachelor,Married,,South,0
CUST102352,56,40976.0,6562.0,2282.0,1377.0,21,1,34.78,55,Salaried,Bachelor,Divorced,Standard,East,0
CUST102353,31,67471.0,31115.0,10919.0,7390.0,32,4,35.09,99,Self-Employed,Bachelor,Married,Standard,East,0
CUST102354,35,21401.0,10290.0,5985.0,1292.0,25,2,58.16,67,Business,Bachelor,Single,Gold,North,0
CUST102355,24,143661.0,43891.0,17175.0,6002.0,21,1,,63,Unemployed,High School,Single,Gold,South,0
CUST102356,41,49037.0,15202.0,2999.0,2155.0,19,1,19.73,47,Salaried,Bachelor,Married,,North,0
CUST102357,33,67028.0,21432.0,2800.0,1387.0,22,2,13.06,52,Business,Master,Single,Platinum,West,0
CUST102358,42,54821.0,26867.0,4916.0,1676.0,23,1,18.3,86,Business,Master,Married,Gold,West,0
CUST102359,39,122083.0,21861.0,3343.0,627.0,28,1,15.29,40,Salaried,Bachelor,Single,Platinum,South,0
CUST102360,54,18000.0,11062.0,8246.0,2914.0,18,2,74.54,34,Unemployed,Master,Married,Standard,East,0
CUST102361,34,64409.0,16828.0,8794.0,1857.0,24,5,52.26,37,Salaried,Bachelor,Divorced,Gold,South,0
CUST102362,24,61325.0,39851.0,14625.0,9179.0,24,0,36.7,50,Student,Diploma,Single,Platinum,North,0
CUST102363,68,50647.0,11941.0,8840.0,3883.0,24,3,74.03,103,Student,Master,Married,Gold,West,0
CUST102364,66,167974.0,89996.0,48730.0,25439.0,22,1,54.15,25,Salaried,Master,Single,Standard,West,0
CUST102365,47,39899.0,10442.0,1766.0,1171.0,16,1,16.91,79,Salaried,High School,Married,Gold,South,0
CUST102366,49,99372.0,18923.0,3017.0,1887.0,22,1,15.94,60,Self-Employed,Bachelor,Single,Standard,East,0
CUST102367,67,79069.0,46450.0,15817.0,9990.0,24,1,34.05,47,Salaried,Master,Single,Gold,North,0
CUST102368,48,130090.0,75371.0,24741.0,7845.0,22,1,32.83,73,Student,Doctorate,Single,Standard,North,0
CUST102369,55,45035.0,15843.0,7042.0,4259.0,23,1,44.45,55,Business,Bachelor,Single,Standard,South,0
CUST102370,28,43435.0,21770.0,12807.0,8261.0,16,3,58.83,76,Salaried,Master,Single,Gold,West,0
CUST102371,36,118774.0,50899.0,18536.0,6090.0,24,4,36.42,73,Unemployed,High School,Married,Standard,West,0
CUST102372,62,82131.0,47347.0,41936.0,14561.0,27,2,88.57,57,Salaried,Diploma,Single,Gold,South,0
CUST102373,56,27790.0,8546.0,4529.0,337.0,22,1,53.0,72,Self-Employed,Master,Divorced,Standard,North,0
CUST102374,50,48316.0,19898.0,9884.0,6531.0,26,0,49.67,104,Self-Employed,Bachelor,Married,Standard,West,0
CUST102375,38,80391.0,31568.0,12085.0,7305.0,21,2,38.28,74,Salaried,Bachelor,Single,Standard,West,0
CUST102376,22,103044.0,33691.0,21615.0,12151.0,26,1,64.16,84,Business,Bachelor,Married,Signature,North,0
CUST102377,69,44737.0,26651.0,11734.0,5989.0,25,1,44.03,34,Unemployed,Bachelor,Married,Standard,West,0
CUST102378,33,18000.0,4193.0,1087.0,637.0,24,1,25.92,57,Salaried,Master,Married,Standard,East,0
CUST102379,24,86675.0,19481.0,8265.0,1886.0,14,1,42.43,39,Self-Employed,Bachelor,Married,Platinum,North,0
CUST102380,46,33222.0,14566.0,7313.0,3697.0,18,5,50.21,42,Salaried,Master,Divorced,Standard,North,0
CUST102381,45,21431.0,10260.0,3155.0,1458.0,14,1,30.75,31,Student,High School,Divorced,Standard,West,0
CUST102382,50,18000.0,4452.0,1205.0,485.0,29,1,27.07,8,Unemployed,Master,Divorced,Standard,South,0
CUST102383,31,101705.0,35125.0,14192.0,4032.0,19,1,40.4,37,Salaried,Bachelor,Divorced,Standard,East,0
CUST102384,27,69765.0,43483.0,,8301.0,21,3,44.12,61,Student,Bachelor,Married,Gold,North,0
CUST102385,51,57413.0,15691.0,7892.0,3951.0,30,1,50.3,32,Salaried,High School,Married,Standard,West,0
CUST102386,64,139540.0,67563.0,40484.0,20921.0,24,2,59.92,91,Salaried,High School,Married,Gold,North,1
CUST102387,30,92288.0,47997.0,19855.0,8710.0,21,0,41.37,67,Salaried,High School,Married,Standard,West,0
CUST102388,59,158120.0,59147.0,20426.0,7737.0,24,0,34.53,7,Salaried,Bachelor,Divorced,Standard,East,0
CUST102389,33,,18697.0,9257.0,3872.0,21,2,49.51,21,Student,Bachelor,Single,Standard,North,0
CUST102390,51,63776.0,33057.0,9060.0,5330.0,18,3,27.41,17,Business,Bachelor,Divorced,Standard,East,0
CUST102391,27,26714.0,10124.0,1747.0,1449.0,22,1,17.26,52,Salaried,Bachelor,Married,Platinum,South,0
CUST102392,69,57296.0,24905.0,7721.0,5731.0,17,9,31.0,39,Business,Bachelor,Single,Standard,South,1
CUST102393,62,56693.0,28137.0,9724.0,5635.0,24,4,34.56,32,Self-Employed,Master,Married,Gold,West,0
CUST102394,62,91746.0,40927.0,15862.0,10161.0,21,1,38.76,34,Business,Bachelor,Widowed,Gold,West,0
CUST102395,56,66649.0,39280.0,13463.0,7564.0,29,5,34.27,58,Self-Employed,Bachelor,Divorced,Standard,North,0
CUST102396,40,91584.0,30080.0,13721.0,940.0,24,2,45.62,71,Salaried,Bachelor,Single,Gold,South,0
CUST102397,24,95706.0,28706.0,12032.0,7567.0,21,3,41.91,71,Self-Employed,Master,Divorced,Platinum,North,0
CUST102398,27,212639.0,54631.0,17606.0,5886.0,29,2,32.23,88,Salaried,Bachelor,Single,Standard,East,0
CUST102399,21,54651.0,9230.0,1495.0,238.0,20,4,16.2,37,Salaried,Bachelor,Single,Gold,North,0
CUST102400,64,38738.0,6644.0,753.0,438.0,24,0,11.33,79,Salaried,Bachelor,Single,Standard,West,0
CUST102401,65,74421.0,43538.0,7019.0,4862.0,29,5,,52,Salaried,Diploma,Married,Standard,North,0
CUST102402,62,41810.0,20453.0,6097.0,4257.0,18,3,29.81,24,Salaried,Bachelor,Married,Gold,North,0
CUST102403,67,146858.0,70531.0,16520.0,8315.0,23,3,23.42,116,Self-Employed,Master,Single,Gold,West,0
CUST102404,33,55624.0,25438.0,9197.0,4450.0,22,2,36.15,59,Unemployed,,Married,Gold,West,0
CUST102405,42,47623.0,27365.0,4965.0,1895.0,29,2,18.14,26,Business,Diploma,Single,Gold,East,0
CUST102406,41,50157.0,19568.0,5671.0,4008.0,26,1,28.98,31,Salaried,Bachelor,Single,Platinum,West,0
CUST102407,42,96497.0,56471.0,8538.0,5195.0,24,2,15.12,54,Self-Employed,Master,Divorced,Gold,East,0
CUST102408,48,59598.0,19651.0,3658.0,1702.0,22,1,18.61,100,Business,High School,Married,Standard,South,0
CUST102409,29,45671.0,28012.0,14091.0,634.0,24,1,50.3,102,Business,Bachelor,Married,Standard,South,0
CUST102410,46,162444.0,81113.0,44832.0,31224.0,21,0,55.27,38,Salaried,Master,Single,Standard,Central,0
CUST102411,29,40589.0,11308.0,,345.0,18,1,21.37,67,Salaried,High School,Single,Standard,Central,0
CUST102412,35,66284.0,28638.0,8049.0,3060.0,18,1,28.11,26,Salaried,Master,Divorced,Standard,Central,0
CUST102413,30,93052.0,38758.0,15074.0,6630.0,23,1,38.89,90,Business,High School,Divorced,Standard,Central,0
CUST102414,44,26500.0,5802.0,4124.0,438.0,21,1,71.08,91,Salaried,Doctorate,Single,Standard,West,0
CUST102415,62,84650.0,37722.0,13404.0,5354.0,20,2,35.53,33,Salaried,Bachelor,Married,Standard,Central,0
CUST102416,28,36382.0,11184.0,2202.0,508.0,18,3,19.69,73,Self-Employed,Master,Married,Gold,Central,0
CUST102417,44,102199.0,18005.0,11474.0,5556.0,18,0,63.73,33,Business,High School,Married,Standard,South,0
CUST102418,36,38280.0,23899.0,3366.0,2000.0,28,3,14.08,28,Salaried,High School,Single,Platinum,West,0
CUST102419,69,95146.0,44790.0,15987.0,9522.0,12,0,35.69,82,Salaried,Doctorate,Married,Standard,East,0
CUST102420,46,119414.0,70270.0,49552.0,,22,2,70.52,70,Self-Employed,Doctorate,Single,Standard,East,0
CUST102421,47,104395.0,50948.0,8407.0,5480.0,25,4,16.5,116,Unemployed,Diploma,Married,Standard,North,0
CUST102422,57,74635.0,24517.0,8741.0,5877.0,20,0,35.65,49,Salaried,Bachelor,Single,Standard,Central,0
CUST102423,24,57235.0,23257.0,8058.0,4365.0,20,3,34.65,160,Business,High School,Single,Gold,South,0
CUST102424,70,47340.0,23096.0,19466.0,10060.0,25,1,84.28,73,Salaried,Doctorate,Single,Gold,,0
CUST102425,44,145978.0,91985.0,48291.0,16762.0,18,1,52.5,52,Unemployed,Master,Single,Gold,West,0
CUST102426,39,44242.0,12248.0,7318.0,2211.0,29,1,59.75,48,Salaried,High School,Married,Standard,North,0
CUST102427,56,36745.0,21587.0,10978.0,7896.0,21,3,50.85,94,Salaried,Bachelor,Single,Standard,North,1
CUST102428,59,93723.0,57362.0,33785.0,11847.0,27,2,58.9,72,Salaried,Doctorate,Divorced,Gold,East,0
CUST102429,30,41951.0,20355.0,7106.0,6156.0,28,2,34.91,87,Salaried,High School,Divorced,Gold,Central,0
CUST102430,45,38546.0,23730.0,12328.0,3118.0,29,2,51.95,150,Salaried,Master,Married,Signature,South,0
CUST102431,38,29383.0,10253.0,1951.0,1632.0,19,1,19.03,35,Self-Employed,Diploma,Widowed,Standard,North,0
CUST102432,39,49838.0,31224.0,3033.0,1791.0,16,1,9.71,21,Unemployed,High School,Married,Standard,East,0
CUST102433,56,62109.0,31141.0,,11210.0,22,0,85.27,62,Salaried,High School,Married,Gold,West,0
CUST102434,30,74298.0,12705.0,9407.0,4754.0,29,2,74.04,67,Self-Employed,Master,Married,Standard,Central,0
CUST102435,53,109684.0,66187.0,45665.0,21009.0,16,0,68.99,33,Business,High School,Single,Gold,West,0
CUST102436,70,86850.0,34066.0,17204.0,7766.0,22,1,50.5,48,Salaried,High School,Married,Standard,West,0
CUST102437,25,58522.0,22248.0,19020.0,4968.0,24,0,85.49,66,Salaried,Master,Single,Gold,East,0
CUST102438,67,58287.0,25252.0,10723.0,,23,0,42.46,64,Unemployed,Bachelor,Divorced,Standard,Central,0
CUST102439,69,86054.0,19336.0,15881.0,9667.0,32,0,82.13,100,Salaried,Master,Divorced,Standard,Central,0
CUST102440,55,130883.0,50335.0,29362.0,18758.0,25,5,58.33,98,Salaried,Bachelor,Single,Standard,West,1
CUST102441,64,69676.0,39406.0,24445.0,9638.0,23,2,62.03,134,Student,High School,Married,Standard,West,0
CUST102442,54,50218.0,7921.0,3411.0,1265.0,19,1,,39,Salaried,High School,Married,Gold,Central,0
CUST102443,53,37649.0,10785.0,6818.0,4568.0,21,1,63.22,40,Unemployed,Master,Married,Gold,South,1
CUST102444,41,29357.0,4440.0,866.0,534.0,18,1,19.5,61,Self-Employed,Master,Single,Platinum,Central,0
CUST102445,37,93769.0,33556.0,20886.0,4511.0,20,2,62.24,97,Unemployed,Master,Single,Standard,North,0
CUST102446,42,89324.0,45927.0,26618.0,18231.0,26,3,57.96,86,Self-Employed,Bachelor,Married,Standard,Central,0
CUST102447,68,89294.0,49057.0,35368.0,19667.0,29,1,72.1,81,Salaried,Bachelor,Married,Standard,South,0
CUST102448,57,60559.0,37704.0,23371.0,10575.0,19,2,61.99,82,Business,High School,Single,Standard,East,0
CUST102449,35,140921.0,64014.0,29782.0,5745.0,19,3,46.52,37,Unemployed,Master,Married,Standard,East,0
CUST102450,55,49805.0,13812.0,7908.0,1397.0,17,2,57.25,30,Salaried,Diploma,Married,Standard,Central,0
CUST102451,48,109924.0,67282.0,27287.0,15884.0,27,0,40.56,29,Student,Master,Divorced,Platinum,South,0
CUST102452,27,63630.0,34211.0,10468.0,4563.0,30,6,30.6,73,Self-Employed,,Married,Platinum,South,0
CUST102453,52,46516.0,20337.0,7759.0,2241.0,23,2,38.15,29,Salaried,Bachelor,Married,Standard,North,0
CUST102454,31,90042.0,44825.0,10645.0,9069.0,19,3,23.75,63,Salaried,Diploma,Married,Standard,East,0
CUST102455,30,81425.0,49845.0,21740.0,15506.0,19,1,43.62,46,Salaried,Bachelor,Single,Standard,South,0
CUST102456,29,79101.0,40041.0,22585.0,4692.0,22,3,56.4,35,Student,High School,Single,Standard,East,0
CUST102457,34,67972.0,22715.0,3344.0,559.0,22,3,14.72,40,Salaried,High School,Married,Gold,North,0
CUST102458,33,63659.0,32244.0,17527.0,8592.0,17,1,54.36,50,Self-Employed,Bachelor,Married,Standard,West,0
CUST102459,45,241771.0,41135.0,11545.0,6563.0,22,2,28.07,106,Self-Employed,Master,Single,Gold,South,0
CUST102460,22,124677.0,42790.0,23946.0,16056.0,23,0,55.96,36,Self-Employed,Master,Married,Platinum,West,0
CUST102461,55,96732.0,34162.0,15036.0,7689.0,17,1,44.01,102,Unemployed,Diploma,Married,Gold,West,0
CUST102462,27,69122.0,16134.0,7844.0,4071.0,22,3,48.62,52,,Bachelor,Single,Standard,West,0
CUST102463,41,113106.0,18271.0,1675.0,1269.0,28,3,9.17,74,Self-Employed,Diploma,Single,Standard,South,0
CUST102464,38,86426.0,18728.0,6373.0,5599.0,15,2,34.03,53,Student,Bachelor,Single,Standard,North,0
CUST102465,23,65944.0,31476.0,14329.0,8441.0,17,2,45.52,129,Business,Diploma,Single,Gold,North,0
CUST102466,62,55005.0,30316.0,16976.0,10872.0,17,0,56.0,67,Student,Bachelor,Single,Standard,East,0
CUST102467,59,62171.0,40044.0,17192.0,2440.0,22,2,42.93,36,Business,Master,Married,Standard,North,1
CUST102468,61,18000.0,5817.0,3033.0,2518.0,17,2,52.14,86,,Bachelor,Married,Platinum,South,0
CUST102469,69,72982.0,32819.0,2617.0,1652.0,24,4,7.97,24,Salaried,Bachelor,Married,Gold,Central,0
CUST102470,31,49686.0,30734.0,10910.0,2211.0,24,3,35.5,75,Salaried,Doctorate,Married,Standard,North,0
CUST102471,59,156078.0,36447.0,27238.0,12333.0,26,4,74.73,39,Unemployed,Bachelor,Single,Standard,West,1
CUST102472,44,65695.0,33427.0,15673.0,7583.0,24,1,46.89,37,Salaried,Master,Married,Gold,South,0
CUST102473,66,33800.0,17829.0,5240.0,3620.0,28,1,29.39,55,Salaried,Bachelor,Married,Standard,Central,0
CUST102474,39,63241.0,12300.0,5518.0,3672.0,16,0,44.86,58,Salaried,High School,Single,Signature,West,0
CUST102475,24,36562.0,21229.0,7487.0,1299.0,22,2,35.27,28,Business,Doctorate,Married,Standard,North,0
CUST102476,46,84332.0,46935.0,24761.0,15495.0,26,3,52.76,48,Salaried,Bachelor,Single,Signature,South,0
CUST102477,58,76280.0,12716.0,7581.0,4334.0,26,1,59.62,83,Self-Employed,High School,Single,Standard,West,0
CUST102478,62,110079.0,21525.0,10340.0,4345.0,15,0,48.04,55,Self-Employed,Master,Married,Gold,North,0
CUST102479,52,42073.0,7344.0,3515.0,2439.0,20,1,47.86,162,Salaried,High School,Single,Standard,West,0
CUST102480,59,66227.0,21019.0,6429.0,3493.0,14,1,30.59,37,Salaried,Diploma,Married,Platinum,South,0
CUST102481,65,30680.0,12414.0,3804.0,1356.0,19,4,30.64,80,Salaried,Bachelor,Married,Gold,West,0
CUST102482,66,95603.0,39787.0,19830.0,9747.0,20,1,49.84,113,Salaried,Bachelor,Widowed,Standard,South,0
CUST102483,56,86467.0,24542.0,4668.0,3111.0,21,0,19.02,43,Self-Employed,Master,Married,Gold,South,0
CUST102484,60,85377.0,51721.0,19237.0,5946.0,17,0,37.19,30,Salaried,Master,Single,Platinum,Central,0
CUST102485,57,65058.0,21738.0,12957.0,3975.0,23,0,59.61,23,Self-Employed,Bachelor,Married,Standard,West,0
CUST102486,53,81656.0,14108.0,11320.0,5172.0,19,3,80.24,65,Unemployed,Bachelor,Single,Platinum,East,0
CUST102487,56,157083.0,47143.0,30353.0,9453.0,16,5,64.38,96,Student,Bachelor,Married,Platinum,North,0
CUST102488,23,55567.0,23091.0,14927.0,7721.0,19,2,64.64,58,Business,High School,Divorced,Standard,South,0
CUST102489,29,70150.0,24841.0,2620.0,1277.0,16,0,10.55,116,Unemployed,Bachelor,Single,Standard,North,0
CUST102490,28,35767.0,10262.0,5699.0,1985.0,35,2,55.53,102,Self-Employed,High School,Married,Standard,North,1
CUST102491,53,40320.0,8695.0,4551.0,889.0,25,1,52.34,27,Business,Master,Married,Standard,South,0
CUST102492,26,68593.0,38383.0,11076.0,4887.0,27,2,28.86,43,Business,Bachelor,Single,Standard,North,0
CUST102493,61,119289.0,77308.0,31461.0,16619.0,18,2,40.7,99,Unemployed,Doctorate,Married,Standard,Central,0
CUST102494,59,56454.0,17770.0,8781.0,6410.0,29,2,49.41,180,Self-Employed,Diploma,Married,Standard,North,0
CUST102495,24,57090.0,19457.0,5210.0,716.0,24,0,26.78,35,Salaried,Bachelor,Married,Standard,Central,0
CUST102496,33,51967.0,23854.0,16301.0,6484.0,31,2,68.34,61,Salaried,Diploma,Married,Platinum,East,0
CUST102497,69,48437.0,24665.0,13782.0,1325.0,20,2,55.88,57,Salaried,Bachelor,Married,Platinum,North,0
CUST102498,22,76449.0,26452.0,10365.0,1153.0,40,0,39.18,39,Business,Bachelor,Married,Gold,East,0
CUST102499,25,28528.0,17187.0,11082.0,5720.0,24,1,64.48,39,Self-Employed,Bachelor,Married,Standard,Central,0
CUST102500,64,131486.0,56539.0,20027.0,9572.0,25,0,35.42,43,Salaried,Master,Married,Gold,Central,0
CUST102501,47,45078.0,16913.0,7779.0,2895.0,26,1,45.99,44,Student,Bachelor,Married,Signature,South,0
CUST102502,52,96683.0,45764.0,8300.0,3058.0,16,0,18.14,9,Unemployed,Bachelor,Married,Standard,West,0
CUST102503,41,32327.0,20250.0,12550.0,5219.0,21,3,61.98,60,Business,High School,Married,Standard,North,0
CUST102504,28,93902.0,51390.0,3537.0,480.0,22,1,6.88,60,Salaried,Bachelor,Divorced,Gold,East,0
CUST102505,58,94062.0,15991.0,9305.0,2599.0,16,1,58.19,57,Self-Employed,Bachelor,Married,Standard,South,0
CUST102506,28,80294.0,25385.0,7398.0,2975.0,21,1,29.14,40,Unemployed,Bachelor,Divorced,Platinum,South,0
CUST102507,70,37617.0,14493.0,5375.0,3551.0,31,3,37.09,27,Salaried,Diploma,Married,Standard,East,0
CUST102508,23,74563.0,22910.0,1438.0,724.0,27,1,6.28,66,Self-Employed,Diploma,Married,Platinum,Central,0
CUST102509,64,33910.0,16958.0,3023.0,1797.0,28,1,17.83,180,Salaried,Master,Married,Platinum,West,0
CUST102510,23,56564.0,31853.0,17876.0,6834.0,22,6,56.12,169,Student,Master,Married,Standard,South,0
CUST102511,42,114499.0,59044.0,15763.0,5909.0,13,0,26.7,19,Student,Bachelor,Divorced,Standard,East,0
CUST102512,26,100743.0,64946.0,28723.0,11645.0,21,2,44.23,111,Salaried,High School,Married,Gold,Central,0
CUST102513,22,65545.0,18764.0,4403.0,489.0,16,1,23.47,64,Salaried,Bachelor,Married,Standard,North,0
CUST102514,43,38025.0,22339.0,13417.0,4229.0,18,1,60.06,46,Salaried,Bachelor,Single,Standard,West,0
CUST102515,64,92709.0,49443.0,34514.0,24527.0,30,2,69.81,124,Salaried,Master,Married,Platinum,North,0
CUST102516,22,65697.0,21752.0,15231.0,6958.0,17,3,70.02,42,Business,Bachelor,Married,Standard,South,0
CUST102517,58,18142.0,9381.0,2236.0,785.0,21,1,23.84,67,Salaried,Master,Divorced,Platinum,South,0
CUST102518,37,99966.0,20197.0,12170.0,6783.0,19,1,60.26,110,Salaried,Bachelor,Single,Gold,East,0
CUST102519,55,64139.0,34934.0,26227.0,20729.0,20,2,75.08,69,Business,Bachelor,Married,Standard,South,0
CUST102520,54,125931.0,52408.0,10769.0,6864.0,25,1,20.55,104,Self-Employed,Bachelor,Single,Standard,East,0
CUST102521,43,35587.0,10539.0,3143.0,990.0,19,0,29.82,73,Unemployed,Bachelor,Single,Gold,North,0
CUST102522,50,18000.0,8602.0,3318.0,1286.0,17,1,38.57,47,Salaried,High School,Single,Standard,South,0
CUST102523,28,75784.0,35680.0,14894.0,7868.0,19,1,41.74,109,Salaried,Master,Divorced,Standard,West,0
CUST102524,42,76306.0,19438.0,4460.0,2885.0,31,2,22.94,32,Self-Employed,Master,Married,Standard,South,0
CUST102525,64,25649.0,4237.0,1568.0,482.0,24,1,37.01,28,Salaried,Master,Single,Gold,West,0
CUST102526,56,37948.0,13920.0,4830.0,759.0,25,2,34.7,43,Salaried,Diploma,Married,Gold,East,0
CUST102527,25,295822.0,128610.0,26304.0,9898.0,20,1,20.45,52,Self-Employed,Master,Married,Signature,Central,0
CUST102528,33,54943.0,32323.0,18214.0,7908.0,25,1,56.35,78,Salaried,Bachelor,Married,Standard,South,0
CUST102529,49,97165.0,59670.0,12488.0,2613.0,19,2,,47,Salaried,Bachelor,Single,Standard,South,0
CUST102530,51,45446.0,18833.0,6112.0,3971.0,21,3,32.45,41,Salaried,High School,Single,Signature,South,0
CUST102531,67,20588.0,10848.0,3748.0,1298.0,26,0,34.55,138,Student,Bachelor,Married,Standard,East,0
CUST102532,36,59190.0,21880.0,9556.0,4453.0,21,3,43.67,53,Business,Bachelor,Widowed,Gold,West,0
CUST102533,62,56166.0,29377.0,7050.0,3424.0,21,0,24.0,39,Salaried,Bachelor,Married,Gold,West,0
CUST102534,50,52167.0,13167.0,,1529.0,21,0,36.83,99,Salaried,Master,Divorced,Standard,North,0
CUST102535,36,61028.0,20477.0,9303.0,7080.0,25,3,45.43,37,Self-Employed,Bachelor,Divorced,Platinum,Central,0
CUST102536,32,75169.0,35112.0,15885.0,8920.0,35,0,45.24,57,Salaried,Diploma,Single,Standard,East,0
CUST102537,37,59849.0,9521.0,1745.0,462.0,28,1,18.33,93,Business,Master,Divorced,Platinum,South,0
CUST102538,36,32433.0,16581.0,2977.0,,24,0,17.95,67,Business,Master,Single,Standard,Central,0
CUST102539,32,84927.0,48219.0,18348.0,4948.0,34,1,38.05,102,Salaried,Bachelor,Married,Gold,East,0
CUST102540,28,22248.0,7777.0,4707.0,660.0,22,1,60.52,64,Salaried,Bachelor,Married,Platinum,North,0
CUST102541,40,21046.0,7871.0,2016.0,591.0,24,1,25.61,27,Salaried,Doctorate,Married,Standard,West,0
CUST102542,23,97606.0,56186.0,10457.0,8355.0,24,4,18.61,58,Unemployed,High School,Married,Gold,East,0
CUST102543,36,85906.0,46203.0,22066.0,4624.0,26,2,47.76,44,Business,Master,Single,Standard,North,0
CUST102544,50,62980.0,18521.0,9595.0,3874.0,20,3,51.81,71,Salaried,Bachelor,Divorced,Platinum,West,1
CUST102545,65,30171.0,9413.0,5342.0,3812.0,23,2,56.75,37,Unemployed,High School,Single,Gold,Central,0
CUST102546,43,44037.0,21553.0,7809.0,503.0,22,1,36.23,20,Salaried,Bachelor,Widowed,Standard,North,0
CUST102547,48,56254.0,24279.0,2400.0,1735.0,22,0,9.89,66,Salaried,Master,Widowed,Standard,South,0
CUST102548,60,27022.0,6245.0,1834.0,237.0,30,3,29.37,127,Salaried,Bachelor,Married,Standard,East,0
CUST102549,25,43290.0,13202.0,1379.0,884.0,20,2,,115,Business,Bachelor,Married,Signature,West,0
CUST102550,40,93053.0,55831.0,20205.0,7098.0,25,2,36.19,77,Unemployed,Master,Widowed,Platinum,South,0
CUST102551,60,142509.0,70412.0,27394.0,7755.0,17,2,38.91,66,Salaried,Bachelor,Single,Standard,North,0
CUST102552,64,51609.0,33184.0,16147.0,9502.0,22,3,48.66,45,Unemployed,Bachelor,Married,Gold,West,0
CUST102553,21,98539.0,52571.0,17608.0,11817.0,21,2,33.49,93,Salaried,Diploma,Married,Signature,West,0
CUST102554,50,22684.0,14086.0,9084.0,3363.0,19,2,64.49,19,Self-Employed,Diploma,Single,Gold,South,0
CUST102555,41,93418.0,24111.0,17752.0,12570.0,21,3,73.63,100,Unemployed,Bachelor,Single,Standard,North,0
CUST102556,40,41772.0,22379.0,12633.0,4382.0,17,2,56.45,97,Salaried,High School,Married,Standard,West,0
CUST102557,26,76971.0,12324.0,5432.0,1396.0,21,1,44.08,71,Self-Employed,Diploma,Single,Platinum,West,0
CUST102558,42,56720.0,27531.0,12521.0,3653.0,17,0,45.48,55,Self-Employed,Master,Married,Standard,Central,0
CUST102559,38,134372.0,51685.0,23214.0,12633.0,23,1,44.91,18,Salaried,High School,Single,Standard,North,0
CUST102560,28,40183.0,12994.0,4798.0,2721.0,19,1,36.92,61,Salaried,High School,Married,Standard,East,0
CUST102561,59,91796.0,53352.0,24420.0,11599.0,22,6,45.77,31,Self-Employed,Bachelor,Married,Standard,North,0
CUST102562,52,55738.0,32168.0,11337.0,8675.0,28,0,35.24,47,Salaried,Bachelor,Married,Standard,West,0
CUST102563,53,59580.0,9601.0,5936.0,3084.0,29,2,61.83,115,Unemployed,Master,Divorced,Gold,South,0
CUST102564,36,58749.0,26716.0,10848.0,7731.0,17,3,40.6,64,Salaried,Master,Married,Gold,South,0
CUST102565,32,40824.0,13632.0,5289.0,598.0,20,4,38.8,42,Unemployed,Diploma,Single,Platinum,West,0
CUST102566,58,64498.0,23079.0,8934.0,2218.0,20,1,38.71,71,Student,High School,Divorced,Gold,West,0
CUST102567,54,62798.0,35545.0,4761.0,607.0,21,0,13.39,56,Salaried,Bachelor,Married,Standard,Central,0
CUST102568,34,74223.0,22632.0,4313.0,1060.0,23,2,19.06,57,Salaried,Doctorate,Divorced,Signature,North,0
CUST102569,56,68092.0,42321.0,7806.0,3756.0,20,2,18.44,122,Student,Bachelor,Single,Standard,West,0
CUST102570,53,100815.0,24177.0,11187.0,6689.0,21,5,46.27,67,Salaried,Bachelor,Married,Gold,Central,1
CUST102571,43,108020.0,51997.0,5924.0,2206.0,13,0,11.39,36,Salaried,Bachelor,Single,Signature,North,0
CUST102572,70,36472.0,17727.0,8835.0,881.0,31,0,49.84,46,Business,Diploma,Single,Platinum,Central,0
CUST102573,65,104817.0,28940.0,12931.0,3023.0,20,1,44.68,86,Business,Master,Widowed,Gold,Central,0
CUST102574,22,33849.0,10574.0,4976.0,946.0,21,2,47.06,74,Self-Employed,Bachelor,Single,Gold,North,0
CUST102575,61,89811.0,50959.0,21646.0,11488.0,20,2,42.48,131,Salaried,Master,Married,Signature,South,0
CUST102576,41,91400.0,48525.0,25645.0,15858.0,20,2,52.85,26,Salaried,Bachelor,Single,Gold,South,0
CUST102577,22,22718.0,7146.0,4097.0,1348.0,20,3,57.33,85,Unemployed,Master,Married,Platinum,Central,0
CUST102578,47,68410.0,28525.0,10851.0,4536.0,19,3,38.04,113,Salaried,Master,Single,Standard,North,0
CUST102579,29,50235.0,9085.0,4767.0,838.0,19,1,52.47,38,Business,Doctorate,Married,Gold,East,0
CUST102580,21,42823.0,10893.0,952.0,187.0,20,2,8.74,59,Salaried,Bachelor,Single,Standard,East,0
CUST102581,31,136641.0,53688.0,33896.0,17727.0,29,3,63.14,10,Self-Employed,Bachelor,Single,Platinum,West,0
CUST102582,23,45371.0,8756.0,1160.0,897.0,18,2,13.25,46,Salaried,Bachelor,Single,Standard,South,0
CUST102583,43,41716.0,23848.0,10052.0,6237.0,24,1,42.15,45,Salaried,Bachelor,Single,Standard,East,0
CUST102584,46,67763.0,34492.0,15590.0,10087.0,21,0,45.2,83,Salaried,Bachelor,Married,Standard,South,0
CUST102585,24,94771.0,58930.0,26637.0,14894.0,22,1,45.2,56,Unemployed,Master,Married,Signature,South,0
CUST102586,38,60128.0,29868.0,11254.0,4325.0,20,0,37.68,35,Salaried,High School,Married,Platinum,South,0
CUST102587,26,123457.0,76568.0,22118.0,14150.0,21,0,28.89,46,Self-Employed,Bachelor,Married,Platinum,Central,0
CUST102588,55,87045.0,37191.0,18959.0,14171.0,13,1,50.98,51,Unemployed,Bachelor,Single,Gold,West,0
CUST102589,42,19616.0,8829.0,3487.0,1855.0,21,3,39.49,36,Salaried,Master,Married,Standard,West,0
CUST102590,63,48578.0,31016.0,3768.0,3132.0,15,1,,130,Salaried,Bachelor,Married,Gold,South,0
CUST102591,35,47721.0,22480.0,12422.0,9595.0,19,1,55.26,36,Student,Bachelor,Single,Gold,North,0
CUST102592,42,84609.0,13994.0,8701.0,1985.0,17,2,62.18,93,Business,Diploma,Single,Platinum,Central,0
CUST102593,57,18000.0,9214.0,2538.0,1521.0,17,3,27.55,42,Self-Employed,Diploma,Married,Signature,Central,0
CUST102594,62,264104.0,150000.0,70034.0,27590.0,17,1,46.69,51,Self-Employed,Bachelor,Married,Signature,East,0
CUST102595,32,87047.0,47683.0,15552.0,7242.0,23,1,32.62,56,Unemployed,Bachelor,Married,Gold,South,0
CUST102596,67,70546.0,31175.0,14378.0,3235.0,27,1,46.12,9,Salaried,Diploma,Single,Standard,East,0
CUST102597,69,124493.0,60460.0,37029.0,11050.0,25,3,61.25,35,Salaried,Bachelor,Single,Gold,South,1
CUST102598,62,235897.0,150000.0,47215.0,25805.0,25,4,31.48,65,Salaried,Diploma,Divorced,Gold,East,0
CUST102599,58,104930.0,20496.0,10001.0,3773.0,31,1,48.79,51,Salaried,Master,Married,Standard,Central,0
CUST102600,38,109534.0,52973.0,4820.0,1878.0,14,6,9.1,51,Salaried,Master,Divorced,Platinum,North,0
CUST102601,65,69844.0,20373.0,5441.0,919.0,25,1,26.71,23,Salaried,Diploma,Single,Platinum,West,0
CUST102602,55,60132.0,28265.0,5435.0,3290.0,25,3,19.23,78,Unemployed,High School,Married,Gold,North,0
CUST102603,50,50034.0,22706.0,18058.0,3561.0,18,2,79.53,38,Salaried,Master,Single,Gold,Central,0
CUST102604,44,41265.0,9356.0,4168.0,1690.0,17,0,44.55,49,Unemployed,Bachelor,Divorced,Standard,North,0
CUST102605,62,44546.0,11287.0,2879.0,2531.0,24,3,25.51,97,Business,Diploma,Married,Gold,,0
CUST102606,50,30926.0,14251.0,7525.0,1304.0,20,1,52.8,59,Business,Master,Married,Gold,East,0
CUST102607,34,62343.0,13349.0,2255.0,592.0,21,3,16.89,127,Salaried,Master,Divorced,Standard,West,0
CUST102608,26,25734.0,7272.0,3719.0,1030.0,26,1,51.14,63,Salaried,High School,Single,Standard,East,0
CUST102609,23,72196.0,40980.0,12785.0,7264.0,23,3,31.2,31,Salaried,Diploma,Married,Standard,West,0
CUST102610,36,63714.0,19977.0,10845.0,3121.0,30,2,54.29,61,Salaried,Master,Single,Platinum,West,0
CUST102611,27,70471.0,27768.0,3716.0,428.0,18,3,13.38,61,Student,Diploma,Single,Platinum,North,0
CUST102612,34,48775.0,30268.0,1358.0,607.0,21,1,4.49,63,Business,Bachelor,Single,Standard,West,0
CUST102613,29,350000.0,92251.0,50806.0,27626.0,23,2,55.07,33,Business,High School,Single,Standard,North,0
CUST102614,35,137339.0,47356.0,16012.0,3926.0,28,4,33.81,22,Salaried,Master,Married,Standard,West,0
CUST102615,41,32782.0,14858.0,8658.0,5259.0,26,2,58.27,69,Salaried,Bachelor,Single,Gold,West,0
CUST102616,55,73882.0,38985.0,19771.0,9357.0,13,1,50.71,44,Self-Employed,Bachelor,Single,Gold,North,0
CUST102617,22,46525.0,27953.0,16517.0,9617.0,19,2,59.09,58,Self-Employed,Master,Married,Platinum,South,0
CUST102618,47,37204.0,22610.0,13179.0,9677.0,27,2,58.29,69,Salaried,Bachelor,Married,Standard,North,0
CUST102619,22,31104.0,16744.0,6318.0,1109.0,14,1,37.73,96,Business,High School,Single,Gold,South,0
CUST102620,55,82443.0,21779.0,13778.0,6805.0,23,2,63.26,17,Salaried,Bachelor,Married,Standard,East,0
CUST102621,38,44685.0,7257.0,3583.0,1184.0,21,1,49.37,22,Student,Bachelor,Married,Gold,South,0
CUST102622,34,110685.0,37842.0,26815.0,2160.0,29,1,70.86,92,Salaried,Bachelor,Married,Standard,South,0
CUST102623,40,112277.0,24788.0,4167.0,3498.0,22,2,16.81,111,Salaried,Diploma,Single,Standard,West,0
CUST102624,38,138385.0,69911.0,17181.0,3732.0,18,3,24.58,33,Salaried,Diploma,Widowed,Platinum,East,0
CUST102625,30,40673.0,19546.0,7099.0,2769.0,17,3,36.32,55,Student,Master,Divorced,Gold,North,0
CUST102626,45,84423.0,14520.0,6817.0,1621.0,18,2,46.95,67,Student,Bachelor,Married,Standard,South,0
CUST102627,22,92041.0,52307.0,33697.0,11129.0,24,5,64.42,20,Salaried,High School,Single,Standard,Central,1
CUST102628,45,50078.0,13740.0,4008.0,2776.0,23,1,29.17,62,Salaried,Master,Married,Gold,West,0
CUST102629,53,42517.0,15566.0,7598.0,4344.0,43,5,48.81,51,Salaried,High School,Married,Signature,Central,0
CUST102630,56,157531.0,76240.0,26024.0,18534.0,23,7,34.13,65,Salaried,Master,Single,Standard,East,0
CUST102631,51,73664.0,26866.0,10513.0,4865.0,19,1,39.13,21,Salaried,High School,Single,Standard,North,0
CUST102632,34,92219.0,34180.0,24791.0,5818.0,24,3,72.53,143,Salaried,Doctorate,Single,Platinum,West,0
CUST102633,21,41357.0,7561.0,3733.0,2368.0,30,4,49.37,34,Unemployed,Master,Married,Standard,North,0
CUST102634,66,33241.0,11658.0,7448.0,6234.0,19,3,63.89,103,Business,Diploma,Single,Platinum,Central,0
CUST102635,36,47522.0,25302.0,16348.0,10153.0,27,0,64.61,60,Business,High School,Married,Platinum,South,0
CUST102636,66,60714.0,36889.0,7296.0,5201.0,32,1,19.78,37,Salaried,High School,Married,Gold,West,0
CUST102637,23,36200.0,12914.0,3973.0,903.0,29,2,30.77,111,Salaried,Master,Single,Platinum,West,0
CUST102638,55,64649.0,23390.0,11669.0,3516.0,25,2,49.89,78,Salaried,High School,Married,Standard,East,0
CUST102639,61,25680.0,12874.0,6831.0,2310.0,24,0,53.06,20,Self-Employed,Master,Single,Platinum,South,0
CUST102640,26,35106.0,21814.0,18640.0,2406.0,21,2,,70,Business,Master,Married,Gold,North,0
CUST102641,45,94009.0,26654.0,,3819.0,19,3,74.59,102,Salaried,Bachelor,Widowed,Standard,West,0
CUST102642,33,90602.0,33529.0,16081.0,11988.0,22,2,47.96,44,Salaried,Master,Married,Standard,South,0
CUST102643,54,52397.0,28713.0,2442.0,100.0,24,4,8.5,83,Unemployed,Master,Single,Platinum,West,0
CUST102644,28,37137.0,16892.0,2724.0,684.0,19,3,16.13,68,Student,Master,Divorced,Platinum,South,0
CUST102645,41,36941.0,7584.0,4657.0,1176.0,24,2,61.41,70,Business,Diploma,Married,Platinum,West,0
CUST102646,54,52936.0,24555.0,12059.0,2040.0,29,2,49.11,16,Salaried,Bachelor,Married,Standard,West,0
CUST102647,24,92654.0,22549.0,15734.0,13448.0,17,1,,19,Salaried,High School,Single,Platinum,North,0
CUST102648,45,108302.0,43874.0,5200.0,4164.0,30,1,11.85,53,Salaried,Bachelor,Single,Gold,North,0
CUST102649,35,49466.0,20506.0,9338.0,4240.0,14,0,45.54,12,Salaried,Bachelor,Single,Signature,North,0
CUST102650,24,34466.0,20270.0,6367.0,4305.0,22,4,31.41,51,Salaried,Master,Married,Standard,North,0
CUST102651,65,75317.0,28714.0,6853.0,3097.0,23,7,23.87,38,Salaried,High School,Single,Standard,North,0
CUST102652,32,41324.0,11972.0,606.0,203.0,30,2,5.06,40,Salaried,Bachelor,Married,Standard,South,0
CUST102653,52,48879.0,12977.0,2868.0,984.0,16,2,22.1,49,Salaried,Master,Married,Gold,West,0
CUST102654,52,134732.0,79105.0,55125.0,23835.0,23,2,69.69,47,Salaried,Bachelor,Single,Standard,East,0
CUST102655,48,102442.0,24126.0,10632.0,3671.0,23,0,44.07,73,Self-Employed,Diploma,Married,Platinum,North,0
CUST102656,33,70900.0,25732.0,10626.0,1748.0,23,2,41.29,17,Salaried,Bachelor,Divorced,Standard,North,0
CUST102657,51,32292.0,7866.0,5374.0,2724.0,24,1,68.32,43,Self-Employed,Doctorate,Single,Gold,North,0
CUST102658,34,73014.0,39183.0,18679.0,5664.0,27,3,47.67,65,Salaried,High School,Married,Gold,South,0
CUST102659,40,116612.0,45151.0,9124.0,2979.0,22,1,20.21,88,Self-Employed,Diploma,Single,Gold,South,0
CUST102660,38,52867.0,17212.0,4989.0,1657.0,24,1,28.99,67,Unemployed,Bachelor,Married,Standard,West,0
CUST102661,49,136661.0,45173.0,22372.0,7179.0,25,3,49.53,63,Salaried,Bachelor,Married,Standard,West,0
CUST102662,26,132343.0,76244.0,31036.0,19807.0,21,3,40.71,26,Salaried,Bachelor,Single,Platinum,Central,0
CUST102663,52,162299.0,69283.0,39517.0,33547.0,21,1,57.04,32,Salaried,High School,Married,Standard,Central,0
CUST102664,49,76882.0,39128.0,23066.0,14183.0,25,4,58.95,72,Salaried,High School,Single,Gold,North,0
CUST102665,63,89788.0,53740.0,8836.0,5325.0,25,2,16.44,61,Student,Master,Married,Standard,South,0
CUST102666,22,141485.0,85014.0,18080.0,7401.0,15,0,21.27,59,Unemployed,High School,Divorced,Platinum,North,0
CUST102667,43,83134.0,26125.0,6874.0,5555.0,28,2,26.31,65,Student,Bachelor,Single,Standard,South,0
CUST102668,39,49339.0,30897.0,12794.0,3393.0,26,1,41.41,43,Business,Bachelor,Single,Platinum,East,0
CUST102669,51,50789.0,8250.0,1670.0,386.0,16,1,20.24,42,Business,Bachelor,Single,Standard,South,0
CUST102670,25,74113.0,25081.0,3976.0,3225.0,14,0,15.85,62,Salaried,Diploma,Married,Platinum,North,0
CUST102671,39,31963.0,19111.0,8603.0,5233.0,17,0,45.02,93,Salaried,Diploma,Divorced,Platinum,South,0
CUST102672,54,60075.0,17261.0,6308.0,4732.0,17,8,36.54,56,Salaried,Diploma,Married,Platinum,North,0
CUST102673,30,118806.0,34043.0,23104.0,11052.0,24,1,67.87,110,Salaried,Bachelor,Single,Standard,Central,0
CUST102674,45,19476.0,5868.0,748.0,181.0,16,0,12.75,68,Business,High School,Divorced,Standard,Central,0
CUST102675,22,151162.0,68954.0,53962.0,18290.0,20,1,78.26,56,Salaried,Master,Married,Gold,North,0
CUST102676,31,120505.0,44486.0,8921.0,1767.0,16,2,20.05,180,Salaried,Master,Widowed,Gold,North,0
CUST102677,70,50477.0,25913.0,13906.0,9362.0,20,2,53.66,83,Salaried,High School,Married,Platinum,East,0
CUST102678,51,87641.0,52362.0,42167.0,18206.0,21,1,80.53,53,Unemployed,Master,Divorced,Gold,South,0
CUST102679,35,65113.0,31717.0,9149.0,5563.0,25,4,28.85,129,Unemployed,Master,Married,Gold,North,0
CUST102680,29,127853.0,32249.0,19882.0,12599.0,21,0,61.65,87,Unemployed,Master,Widowed,Signature,North,0
CUST102681,43,111594.0,68780.0,18136.0,9563.0,24,3,26.37,37,Unemployed,Bachelor,Married,Standard,West,0
CUST102682,39,30095.0,8494.0,3654.0,934.0,21,1,43.02,59,Business,Master,Married,Standard,South,0
CUST102683,29,89782.0,20196.0,10272.0,4000.0,26,1,50.86,50,Salaried,Master,Single,Standard,East,0
CUST102684,55,58049.0,11319.0,6791.0,780.0,15,0,60.0,88,Salaried,High School,Divorced,Gold,South,0
CUST102685,41,68030.0,29368.0,2981.0,423.0,14,2,10.15,82,Salaried,Master,Single,Standard,East,0
CUST102686,29,43549.0,9009.0,2079.0,859.0,22,4,23.08,152,Business,Bachelor,Married,Platinum,Central,0
CUST102687,48,170011.0,37298.0,3922.0,2334.0,36,4,10.52,111,,Bachelor,Single,Standard,West,0
CUST102688,66,115171.0,34553.0,12828.0,9491.0,23,4,37.13,93,Salaried,Master,Divorced,Standard,South,1
CUST102689,27,43272.0,12585.0,11059.0,4772.0,23,1,87.87,121,Salaried,High School,Single,Gold,Central,0
CUST102690,36,31198.0,14105.0,10434.0,5887.0,16,1,73.97,24,Salaried,High School,Divorced,Standard,North,0
CUST102691,36,52576.0,29357.0,10651.0,1757.0,26,1,36.28,69,Salaried,Bachelor,Married,Standard,North,0
CUST102692,53,82547.0,43806.0,8607.0,5376.0,20,0,19.65,26,Salaried,Bachelor,Widowed,Platinum,,0
CUST102693,24,74180.0,20863.0,17128.0,6592.0,24,2,82.1,150,Salaried,Bachelor,Married,Platinum,South,0
CUST102694,24,129491.0,35306.0,28677.0,17717.0,18,0,81.22,54,Salaried,Bachelor,Married,Standard,West,0
CUST102695,59,100368.0,63522.0,20653.0,15200.0,21,0,32.51,65,Business,Master,Single,Standard,North,0
CUST102696,60,110792.0,17075.0,3126.0,1642.0,29,2,18.31,47,Self-Employed,High School,Single,Gold,South,0
CUST102697,37,77801.0,45892.0,17327.0,7413.0,18,0,37.76,78,Salaried,Bachelor,Single,Gold,Central,0
CUST102698,57,30274.0,7564.0,1125.0,684.0,29,3,14.87,49,Self-Employed,Bachelor,Single,Standard,South,0
CUST102699,59,58367.0,36400.0,10795.0,6930.0,28,2,29.66,60,Business,Bachelor,Married,Gold,South,0
CUST102700,49,116447.0,37397.0,2899.0,689.0,17,4,7.75,57,Self-Employed,High School,Single,Gold,East,0
CUST102701,56,63184.0,23389.0,4226.0,2220.0,14,1,18.07,109,Salaried,Bachelor,Single,Gold,South,0
CUST102702,58,85720.0,43165.0,12161.0,5816.0,29,0,28.17,24,Salaried,High School,Divorced,Signature,South,0
CUST102703,59,54548.0,24210.0,14881.0,8790.0,24,2,61.47,71,Salaried,Bachelor,Single,Standard,West,0
CUST102704,70,36892.0,11399.0,4937.0,2684.0,24,4,43.31,33,Salaried,Diploma,Single,Gold,Central,0
CUST102705,57,60737.0,25930.0,8252.0,2653.0,29,4,31.82,46,Salaried,Bachelor,Single,Signature,South,0
CUST102706,55,77043.0,39704.0,10821.0,4757.0,21,2,27.25,29,Business,Master,Married,Standard,East,0
CUST102707,27,45320.0,7757.0,6025.0,1845.0,27,1,77.67,23,Salaried,Doctorate,Divorced,Gold,West,0
CUST102708,47,57097.0,8884.0,2134.0,251.0,17,1,24.02,80,Student,Bachelor,Divorced,Signature,West,0
CUST102709,48,38771.0,14696.0,747.0,362.0,27,4,5.08,56,Self-Employed,Bachelor,Divorced,Standard,South,0
CUST102710,42,120298.0,25975.0,15604.0,7433.0,20,0,60.07,29,Unemployed,Diploma,Married,,West,0
CUST102711,34,55281.0,26655.0,8819.0,4024.0,24,4,33.09,27,Business,Bachelor,Married,Standard,Central,0
CUST102712,27,144518.0,37145.0,11114.0,5833.0,19,3,29.92,66,Student,High School,Married,Gold,North,0
CUST102713,57,150686.0,55215.0,14464.0,7357.0,18,3,26.2,58,Unemployed,Master,Divorced,Platinum,North,0
CUST102714,42,62166.0,15469.0,6629.0,4428.0,19,3,42.85,48,Salaried,Bachelor,Married,Standard,Central,0
CUST102715,25,37328.0,15836.0,9096.0,3697.0,22,1,57.44,49,Self-Employed,Bachelor,Married,Standard,East,0
CUST102716,22,20638.0,4293.0,2721.0,2185.0,20,2,63.38,108,Unemployed,Bachelor,Married,Gold,North,0
CUST102717,47,28927.0,4673.0,2249.0,1407.0,26,2,48.13,46,Self-Employed,Master,Single,Standard,West,0
CUST102718,41,30532.0,5360.0,3512.0,1695.0,24,0,65.52,86,Salaried,Master,Single,Platinum,North,0
CUST102719,58,138732.0,87003.0,19877.0,10973.0,12,2,22.85,45,Business,Diploma,Single,Standard,West,0
CUST102720,35,69275.0,15320.0,635.0,254.0,25,0,4.14,65,Unemployed,Master,Single,Platinum,East,0
CUST102721,41,80533.0,40608.0,31361.0,19716.0,19,3,77.23,155,Business,Bachelor,Married,Platinum,South,0
CUST102722,30,19166.0,3526.0,1151.0,388.0,23,4,,79,Business,Bachelor,Married,Standard,East,0
CUST102723,43,33633.0,6864.0,4192.0,2145.0,16,4,61.07,131,Salaried,Master,Divorced,Standard,North,0
CUST102724,59,105877.0,42821.0,5633.0,3612.0,25,0,13.15,15,Business,Bachelor,Married,Platinum,East,0
CUST102725,25,76105.0,29105.0,12535.0,6267.0,22,2,43.07,59,Salaried,High School,Married,Platinum,East,0
CUST102726,21,59945.0,37513.0,8584.0,4681.0,22,0,22.88,88,Unemployed,Diploma,Married,Gold,South,0
CUST102727,33,88681.0,55197.0,22266.0,15410.0,12,1,40.34,45,Unemployed,Master,Married,Gold,West,0
CUST102728,41,159824.0,86274.0,40761.0,25286.0,19,3,47.25,105,Unemployed,Bachelor,Single,Standard,South,0
CUST102729,46,57559.0,25962.0,14677.0,11851.0,22,4,56.53,61,Salaried,Master,Single,Platinum,Central,0
CUST102730,70,67528.0,25490.0,9003.0,5301.0,23,4,35.32,41,Self-Employed,Bachelor,Married,Standard,North,0
CUST102731,65,72263.0,23709.0,5224.0,3254.0,24,1,22.03,25,Self-Employed,Bachelor,Divorced,Gold,West,0
CUST102732,41,242269.0,150000.0,49002.0,22764.0,19,0,32.67,108,Self-Employed,Master,Married,Standard,South,0
CUST102733,38,20486.0,9248.0,6953.0,2336.0,19,2,75.18,94,Salaried,Diploma,Single,Standard,South,0
CUST102734,57,94648.0,41601.0,18784.0,7839.0,17,1,45.15,114,Unemployed,High School,Single,Standard,Central,0
CUST102735,65,61023.0,16229.0,1788.0,526.0,17,3,11.02,137,Student,Bachelor,Divorced,Standard,South,0
CUST102736,52,88776.0,15389.0,4682.0,2910.0,28,2,30.42,15,Self-Employed,Bachelor,Married,Gold,South,0
CUST102737,56,45279.0,28190.0,12276.0,9353.0,25,3,43.55,67,Self-Employed,High School,Married,Standard,East,0
CUST102738,37,63273.0,19416.0,12633.0,10517.0,25,3,65.06,79,Business,Bachelor,Married,Standard,South,0
CUST102739,55,96126.0,35691.0,27113.0,,14,1,75.97,66,Self-Employed,Bachelor,Divorced,Standard,North,0
CUST102740,69,350000.0,72562.0,40856.0,20475.0,20,2,56.3,34,,Diploma,Married,Gold,Central,0
CUST102741,31,101373.0,57627.0,14671.0,7778.0,17,0,25.46,115,Business,High School,Married,Standard,Central,0
CUST102742,41,40770.0,6679.0,1569.0,1007.0,20,0,23.49,58,Unemployed,Master,Single,Gold,West,0
CUST102743,46,51486.0,29192.0,12829.0,8385.0,23,1,43.95,86,Student,Master,Divorced,Signature,South,0
CUST102744,24,50654.0,11151.0,4406.0,1329.0,17,6,39.51,63,Salaried,Bachelor,Single,Platinum,West,0
CUST102745,54,24210.0,14363.0,3800.0,1509.0,21,1,26.46,53,Self-Employed,High School,Married,Standard,Central,0
CUST102746,68,54208.0,27911.0,4202.0,833.0,32,1,15.05,106,Self-Employed,Bachelor,Married,Standard,Central,0
CUST102747,38,97265.0,22598.0,11286.0,3225.0,18,1,49.94,19,Salaried,Diploma,Widowed,Signature,North,0
CUST102748,60,32251.0,13962.0,3730.0,1716.0,28,1,26.72,56,Salaried,Bachelor,Married,Standard,West,0
CUST102749,55,115706.0,35444.0,17667.0,12026.0,20,1,49.84,73,Unemployed,High School,Married,Standard,West,0
CUST102750,61,85001.0,20325.0,9420.0,6885.0,17,0,46.35,48,Salaried,Master,Widowed,Standard,Central,0
CUST102751,49,43404.0,25157.0,16575.0,3144.0,27,1,65.89,110,Salaried,High School,Married,Standard,North,0
CUST102752,49,60132.0,21152.0,16808.0,5067.0,27,2,79.46,31,Student,Bachelor,Married,Gold,West,1
CUST102753,58,156564.0,54683.0,7915.0,4306.0,22,1,14.47,21,Salaried,Bachelor,Married,Standard,East,0
CUST102754,62,97304.0,22861.0,4897.0,2001.0,27,3,21.42,57,Student,Bachelor,Married,Standard,East,0
CUST102755,41,65315.0,22307.0,16509.0,3726.0,20,2,74.01,73,Salaried,Diploma,Single,Standard,South,0
CUST102756,62,57035.0,33412.0,19720.0,7612.0,20,2,59.02,12,Self-Employed,Bachelor,Married,Platinum,West,0
CUST102757,33,67797.0,22479.0,4419.0,,15,6,19.66,140,Self-Employed,Bachelor,Single,Gold,South,0
CUST102758,69,49054.0,30698.0,23300.0,4765.0,21,1,75.9,118,Self-Employed,High School,Married,Gold,South,0
CUST102759,61,20425.0,12728.0,1667.0,765.0,19,1,13.1,87,Unemployed,Bachelor,Married,Gold,Central,1
CUST102760,37,199854.0,44457.0,6232.0,2832.0,18,0,14.02,49,Salaried,High School,Married,Signature,East,0
CUST102761,29,70797.0,16896.0,5414.0,2357.0,21,1,32.04,19,Business,High School,Married,Gold,West,0
CUST102762,61,80912.0,47037.0,30008.0,5024.0,30,1,63.8,21,Student,High School,Married,Standard,North,0
CUST102763,21,62962.0,21809.0,7384.0,4177.0,24,4,33.86,137,Self-Employed,Bachelor,Single,Standard,West,0
CUST102764,22,43383.0,6602.0,3156.0,938.0,16,2,47.8,62,Unemployed,Master,Married,Gold,West,0
CUST102765,68,58682.0,16838.0,1319.0,430.0,21,2,7.83,33,Salaried,Doctorate,Single,Standard,East,0
CUST102766,49,26970.0,12105.0,9984.0,2545.0,16,1,82.48,54,Business,Bachelor,Married,Platinum,North,0
CUST102767,53,227417.0,124996.0,38659.0,32323.0,21,2,30.93,86,Business,Diploma,Single,Platinum,North,0
CUST102768,30,32964.0,7143.0,3788.0,3398.0,17,3,53.03,114,Salaried,Diploma,Single,Standard,West,0
CUST102769,70,36848.0,7564.0,2885.0,781.0,23,2,38.14,53,Self-Employed,Bachelor,Married,Standard,Central,0
CUST102770,60,51021.0,31176.0,13183.0,6306.0,18,2,42.29,118,Salaried,High School,Married,Standard,,0
CUST102771,41,132004.0,69378.0,16026.0,5928.0,23,0,23.1,35,Self-Employed,Diploma,Married,Signature,East,0
CUST102772,48,65521.0,29150.0,3054.0,796.0,20,0,10.48,87,Student,Bachelor,Married,Gold,East,0
CUST102773,31,32934.0,17606.0,4435.0,2057.0,24,2,25.19,45,Self-Employed,Bachelor,Single,Gold,North,0
CUST102774,54,129577.0,47221.0,25588.0,2328.0,30,3,54.19,99,Self-Employed,Bachelor,Single,Standard,North,0
CUST102775,28,97168.0,51424.0,12303.0,1580.0,16,1,23.92,63,Self-Employed,Doctorate,Single,Gold,West,0
CUST102776,42,87403.0,29359.0,17223.0,6184.0,24,4,58.66,65,Self-Employed,Bachelor,Married,Gold,West,1
CUST102777,28,96355.0,26213.0,15699.0,1123.0,20,2,59.89,88,Salaried,Bachelor,Married,Gold,West,0
CUST102778,69,242569.0,124803.0,11842.0,5622.0,18,3,9.49,76,Salaried,Doctorate,Married,Standard,West,0
CUST102779,35,216197.0,77795.0,24121.0,6750.0,24,5,31.01,103,Business,Bachelor,Married,Gold,South,0
CUST102780,37,44554.0,28545.0,15033.0,6282.0,29,0,52.66,77,Business,Bachelor,Married,Signature,North,0
CUST102781,43,158781.0,51563.0,13941.0,6436.0,21,1,27.04,75,Salaried,Bachelor,Single,Gold,North,0
CUST102782,44,80249.0,49021.0,34401.0,22507.0,18,1,70.18,26,Salaried,Doctorate,Married,Gold,West,0
CUST102783,65,85532.0,52729.0,17500.0,,23,4,33.19,58,Self-Employed,Diploma,Single,Platinum,South,0
CUST102784,39,25627.0,6943.0,491.0,296.0,18,2,7.07,23,Self-Employed,High School,Married,Standard,North,0
CUST102785,25,59185.0,32499.0,18069.0,3401.0,23,0,55.6,37,Salaried,Master,Married,Standard,Central,0
CUST102786,52,41568.0,15236.0,3553.0,1669.0,18,3,23.32,53,Salaried,Bachelor,Married,Gold,South,0
CUST102787,64,102496.0,62396.0,26783.0,12198.0,25,2,42.92,31,Student,Bachelor,Divorced,Standard,North,0
CUST102788,21,117153.0,43940.0,26585.0,15805.0,17,2,60.5,73,Self-Employed,Bachelor,Married,Standard,South,0
CUST102789,43,20768.0,10844.0,7832.0,3057.0,28,0,72.22,180,Business,Diploma,Married,Standard,South,0
CUST102790,57,64217.0,24626.0,1496.0,1094.0,17,0,6.07,23,Self-Employed,Bachelor,Married,Gold,South,0
CUST102791,28,120471.0,31792.0,14595.0,8503.0,25,3,45.91,41,Business,Diploma,Married,Gold,Central,0
CUST102792,33,58657.0,14645.0,5036.0,2860.0,27,1,34.39,39,Student,Master,Single,Platinum,West,0
CUST102793,28,97064.0,35207.0,6934.0,2462.0,17,2,19.69,31,Salaried,Bachelor,Single,Standard,West,0
CUST102794,43,78848.0,41612.0,8685.0,5040.0,14,1,20.87,78,Business,Master,Married,Standard,Central,0
CUST102795,63,78437.0,35496.0,7634.0,5688.0,26,2,21.51,34,Business,Diploma,Widowed,Gold,North,0
CUST102796,21,55989.0,27676.0,6392.0,3095.0,21,1,23.1,71,Self-Employed,Bachelor,Married,Platinum,North,0
CUST102797,65,33290.0,9693.0,2458.0,855.0,16,6,25.36,53,Self-Employed,Diploma,Married,Gold,Central,1
CUST102798,44,35077.0,13705.0,10317.0,5750.0,34,0,75.28,26,Salaried,Diploma,Single,Standard,North,0
CUST102799,55,96018.0,16534.0,5363.0,2284.0,22,5,32.44,25,Self-Employed,Bachelor,Single,Platinum,West,0
CUST102800,44,65699.0,36710.0,11101.0,7226.0,21,2,30.24,45,Salaried,Bachelor,Single,Gold,South,0
CUST102801,37,60232.0,38846.0,23048.0,11776.0,17,1,59.33,66,Student,Bachelor,Married,Platinum,East,0
CUST102802,25,51483.0,18196.0,3492.0,1069.0,22,2,19.19,114,Self-Employed,Diploma,Married,Platinum,South,0
CUST102803,40,54956.0,8545.0,,6176.0,27,1,87.17,99,Salaried,High School,Single,Gold,North,0
CUST102804,41,115606.0,27155.0,6531.0,4642.0,25,0,24.05,65,Salaried,Master,Single,Gold,West,0
CUST102805,60,54055.0,25744.0,13319.0,8644.0,24,0,51.74,70,Business,Bachelor,Single,Gold,Central,0
CUST102806,51,31087.0,14177.0,10049.0,4495.0,18,1,70.88,62,Self-Employed,Bachelor,Single,Signature,North,0
CUST102807,66,97846.0,53222.0,23907.0,10729.0,24,1,44.92,80,Salaried,High School,Married,Platinum,South,0
CUST102808,56,58073.0,16083.0,1223.0,791.0,26,2,7.6,98,Salaried,High School,Single,Standard,North,0
CUST102809,31,66132.0,35170.0,10039.0,1783.0,27,3,28.54,40,Business,Bachelor,Single,Standard,South,0
CUST102810,35,157363.0,77736.0,41647.0,17445.0,18,0,53.57,59,Salaried,Bachelor,Single,Platinum,South,0
CUST102811,39,64269.0,20014.0,1744.0,1045.0,23,2,8.71,21,Student,Bachelor,Married,Standard,West,0
CUST102812,27,76206.0,32216.0,2398.0,717.0,23,4,7.44,40,Business,Bachelor,Single,Gold,West,0
CUST102813,48,33987.0,7601.0,5008.0,1403.0,20,2,65.89,52,Student,Master,Single,Signature,West,0
CUST102814,63,57603.0,21675.0,9781.0,7283.0,18,2,45.13,62,Unemployed,Bachelor,Single,Standard,North,0
CUST102815,25,90888.0,53678.0,6215.0,4475.0,18,1,11.58,16,Salaried,Master,Single,Gold,North,0
CUST102816,25,27631.0,9964.0,2582.0,988.0,26,1,25.91,52,Self-Employed,Bachelor,Married,Standard,South,0
CUST102817,50,72592.0,41362.0,14559.0,2685.0,28,1,35.2,11,Salaried,High School,Single,Gold,West,0
CUST102818,52,68705.0,30582.0,14092.0,1727.0,37,1,46.08,93,Salaried,,Married,Signature,North,1
CUST102819,28,66493.0,16353.0,3203.0,1566.0,25,2,19.59,22,Salaried,Bachelor,Married,Standard,North,0
CUST102820,30,114988.0,50658.0,25916.0,24159.0,25,2,51.16,75,Salaried,Diploma,Single,Signature,East,0
CUST102821,58,78126.0,31484.0,15156.0,6761.0,19,1,48.14,89,Salaried,Bachelor,Married,Standard,North,0
CUST102822,67,146544.0,51191.0,17756.0,3703.0,19,0,34.69,64,Student,Bachelor,Divorced,Standard,North,0
CUST102823,52,37634.0,7896.0,2466.0,1391.0,22,2,31.23,17,Salaried,Bachelor,Single,Gold,South,0
CUST102824,68,70046.0,25101.0,7269.0,2437.0,18,2,28.96,71,Business,Bachelor,Married,Standard,South,0
CUST102825,48,68091.0,12691.0,6227.0,2727.0,21,1,49.07,74,Salaried,Master,Married,Standard,South,0
CUST102826,37,36100.0,7198.0,1753.0,986.0,19,2,24.35,34,Salaried,Bachelor,Married,Standard,West,0
CUST102827,51,109986.0,39370.0,13013.0,2103.0,25,2,33.05,24,Unemployed,Bachelor,Married,Standard,South,0
CUST102828,28,233448.0,70663.0,22131.0,18362.0,20,3,31.32,110,Salaried,Bachelor,Married,Platinum,West,0
CUST102829,60,64395.0,39459.0,15654.0,7422.0,27,1,39.67,34,Business,High School,Single,Standard,Central,0
CUST102830,45,85811.0,28991.0,12876.0,6792.0,27,0,44.41,180,Self-Employed,High School,Widowed,Gold,South,0
CUST102831,29,68093.0,36016.0,20326.0,6270.0,18,2,56.44,44,Salaried,Bachelor,Married,Standard,North,0
CUST102832,22,43900.0,18224.0,6397.0,1131.0,21,3,35.1,94,Salaried,Master,Single,Standard,West,0
CUST102833,35,23878.0,11988.0,10075.0,4209.0,23,1,84.04,51,Salaried,Master,Divorced,Standard,West,0
CUST102834,70,44089.0,12347.0,4858.0,1956.0,20,2,39.35,41,Student,Bachelor,Widowed,Standard,East,0
CUST102835,23,30229.0,18771.0,5515.0,3624.0,26,4,29.38,24,Student,Master,Single,Gold,South,0
CUST102836,69,165943.0,68874.0,7971.0,1902.0,31,2,11.57,33,Self-Employed,Master,Married,Gold,West,0
CUST102837,56,61012.0,34512.0,10659.0,7304.0,21,1,30.88,60,Self-Employed,Master,Widowed,Standard,South,0
CUST102838,24,53739.0,17869.0,8223.0,1066.0,16,1,46.02,21,Salaried,Bachelor,Married,Gold,North,0
CUST102839,34,105998.0,21211.0,14870.0,8696.0,22,1,70.11,67,Business,Bachelor,Married,Standard,Central,0
CUST102840,61,35073.0,17075.0,6562.0,1319.0,23,1,38.43,47,Student,High School,Married,Standard,South,0
CUST102841,61,42632.0,6560.0,2274.0,314.0,30,2,34.66,109,Business,High School,Single,Signature,East,0
CUST102842,45,67480.0,26158.0,8810.0,4452.0,18,3,33.68,54,Self-Employed,,Married,Standard,East,0
CUST102843,70,114458.0,28203.0,21678.0,9390.0,28,1,76.86,118,Self-Employed,Bachelor,Married,Gold,East,0
CUST102844,30,85654.0,39717.0,22151.0,20174.0,23,0,55.77,28,Salaried,High School,Single,Gold,South,0
CUST102845,41,74512.0,47666.0,26141.0,11047.0,18,0,54.84,29,Unemployed,Diploma,Married,Gold,West,0
CUST102846,56,67854.0,25934.0,7885.0,4390.0,24,2,30.4,49,Unemployed,Bachelor,Married,Standard,South,0
CUST102847,32,81005.0,45261.0,28091.0,7138.0,32,3,62.06,87,Unemployed,Master,Single,Standard,Central,0
CUST102848,47,72624.0,29332.0,,2945.0,26,1,19.02,102,Salaried,Bachelor,Widowed,Standard,East,0
CUST102849,60,36889.0,14679.0,9154.0,4015.0,17,1,62.36,46,Self-Employed,Bachelor,Married,Signature,West,0
CUST102850,22,66668.0,41015.0,12697.0,1659.0,16,2,30.96,29,Self-Employed,High School,Married,Standard,West,0
CUST102851,33,36012.0,21427.0,7147.0,4738.0,27,2,33.36,22,Salaried,Doctorate,Single,Standard,Central,0
CUST102852,52,67964.0,36898.0,9244.0,6990.0,20,0,25.05,41,Student,Doctorate,Single,Standard,East,0
CUST102853,51,49900.0,14877.0,7440.0,3179.0,19,2,50.01,35,Business,Bachelor,Married,Platinum,North,0
CUST102854,36,262709.0,110996.0,52355.0,43135.0,16,1,47.17,33,Business,Bachelor,Single,Platinum,North,0
CUST102855,52,63589.0,16657.0,8223.0,3916.0,29,3,49.37,35,Salaried,Master,Single,Gold,South,0
CUST102856,52,30026.0,11168.0,1762.0,853.0,19,4,15.78,56,Unemployed,Doctorate,Single,Standard,South,0
CUST102857,54,60376.0,23674.0,5234.0,2112.0,17,0,22.11,99,Business,Bachelor,Single,Platinum,South,0
CUST102858,31,86490.0,48938.0,21693.0,6820.0,29,0,44.33,32,Unemployed,Master,Single,Gold,Central,0
CUST102859,30,163161.0,97573.0,50323.0,30438.0,21,3,51.57,64,Salaried,Diploma,Widowed,Signature,East,0
CUST102860,35,47002.0,16794.0,7196.0,3390.0,37,3,42.85,24,Business,Diploma,Single,Standard,Central,0
CUST102861,37,27223.0,4324.0,671.0,550.0,20,1,15.52,38,Business,Master,Married,Standard,North,0
CUST102862,60,101865.0,59172.0,10305.0,1123.0,21,4,17.42,44,Salaried,Master,Married,Standard,South,0
CUST102863,38,30419.0,7214.0,3184.0,1762.0,21,4,44.14,60,Salaried,Bachelor,Widowed,Gold,South,0
CUST102864,29,51137.0,23571.0,20869.0,4814.0,14,0,88.54,79,Business,Bachelor,Single,Signature,North,0
CUST102865,45,,9166.0,1568.0,714.0,33,4,17.11,30,Business,Bachelor,Single,Platinum,West,1
CUST102866,60,62558.0,21880.0,3379.0,1424.0,18,0,15.44,44,Unemployed,Master,Married,Gold,North,0
CUST102867,34,94957.0,61055.0,19038.0,1316.0,21,1,31.18,140,Business,Master,Married,Gold,South,0
CUST102868,45,44629.0,8941.0,5772.0,1403.0,30,2,64.56,73,Salaried,Master,Married,Standard,Central,0
CUST102869,70,55915.0,20233.0,11619.0,8894.0,20,0,57.43,50,Unemployed,High School,Married,Standard,Central,1
CUST102870,42,64492.0,19578.0,8383.0,3544.0,26,2,42.82,55,Salaried,Master,Married,Standard,South,0
CUST102871,50,70574.0,42524.0,23449.0,15177.0,31,1,55.14,79,Business,Master,Single,Gold,South,0
CUST102872,40,68593.0,40104.0,7956.0,3696.0,30,0,19.84,57,Self-Employed,High School,Married,Platinum,East,0
CUST102873,41,82615.0,22211.0,14893.0,5415.0,25,0,67.05,100,Salaried,Bachelor,Married,Standard,South,0
CUST102874,64,103389.0,19705.0,5861.0,,22,3,29.74,57,Unemployed,High School,Single,Standard,West,0
CUST102875,52,80668.0,37395.0,16399.0,13544.0,25,0,43.85,70,Self-Employed,Bachelor,Single,Gold,East,0
CUST102876,66,83418.0,26542.0,10532.0,6712.0,15,4,39.68,23,Salaried,Bachelor,Married,Platinum,East,0
CUST102877,69,27226.0,13233.0,6431.0,4012.0,19,1,48.6,48,Salaried,Diploma,Married,Signature,Central,0
CUST102878,41,66821.0,11096.0,1869.0,547.0,24,2,16.84,66,Business,High School,Single,Standard,South,0
CUST102879,55,84615.0,18336.0,15623.0,9620.0,12,2,85.2,52,Self-Employed,Bachelor,Married,Standard,Central,0
CUST102880,52,97058.0,47868.0,12054.0,1717.0,25,1,25.18,50,Salaried,Master,Divorced,Gold,West,0
CUST102881,50,44416.0,11379.0,7663.0,962.0,25,2,67.34,38,Self-Employed,Diploma,Single,Standard,South,0
CUST102882,59,45237.0,26183.0,13756.0,6842.0,18,2,52.54,55,Salaried,Master,Married,Platinum,North,0
CUST102883,69,47400.0,8499.0,2830.0,795.0,12,2,33.3,73,Self-Employed,Master,Single,Platinum,East,0
CUST102884,32,87306.0,22502.0,2885.0,850.0,25,3,12.82,69,Salaried,Bachelor,Single,Standard,North,0
CUST102885,61,114781.0,74525.0,25879.0,7998.0,19,3,34.73,116,Self-Employed,High School,Married,Standard,,0
CUST102886,67,51950.0,19042.0,2320.0,766.0,36,3,12.18,120,Student,Master,Single,Standard,South,0
CUST102887,38,107100.0,53709.0,15259.0,3718.0,23,1,28.41,82,Salaried,Bachelor,Single,Gold,Central,0
CUST102888,41,69568.0,16789.0,6496.0,5342.0,27,1,38.69,108,Salaried,Bachelor,Single,Signature,East,0
CUST102889,33,60705.0,27617.0,3178.0,1044.0,27,1,11.51,62,Salaried,Bachelor,Married,Standard,West,0
CUST102890,41,57866.0,29688.0,6768.0,2567.0,17,1,22.8,81,Student,Bachelor,Divorced,Standard,South,0
CUST102891,28,98005.0,30111.0,21292.0,5002.0,21,2,70.71,47,Salaried,Master,Single,Platinum,South,0
CUST102892,66,77747.0,43884.0,9353.0,3824.0,28,3,21.31,124,,High School,Married,Gold,East,0
CUST102893,60,227259.0,102655.0,26712.0,22615.0,22,2,26.02,65,Salaried,Bachelor,Single,Standard,Central,0
CUST102894,66,40677.0,14016.0,1898.0,752.0,19,5,13.54,81,Salaried,Bachelor,Widowed,Standard,East,0
CUST102895,27,86431.0,37063.0,19183.0,14238.0,22,0,51.76,71,Self-Employed,High School,Married,Standard,North,0
CUST102896,43,48586.0,21299.0,6920.0,3167.0,18,1,32.49,101,Business,Bachelor,Single,Standard,Central,0
CUST102897,64,40297.0,9380.0,3263.0,1166.0,17,2,34.79,9,Business,Bachelor,Single,Platinum,West,0
CUST102898,52,64613.0,22703.0,8332.0,652.0,25,6,36.7,39,Self-Employed,,Single,Standard,Central,0
CUST102899,31,70101.0,22553.0,8570.0,3570.0,26,1,,94,Business,Diploma,Married,Platinum,East,0
CUST102900,42,323559.0,113392.0,79386.0,36719.0,27,1,70.01,57,Salaried,High School,Married,Gold,Central,0
CUST102901,42,58739.0,31164.0,7939.0,2452.0,21,2,25.47,23,Self-Employed,Master,Married,Standard,South,0
CUST102902,63,34911.0,13660.0,7767.0,2801.0,22,2,56.86,83,Salaried,High School,Married,Standard,West,0
CUST102903,45,75531.0,46841.0,9848.0,2597.0,19,1,21.02,138,Unemployed,Master,Single,Gold,East,0
CUST102904,42,,6164.0,3255.0,994.0,26,1,52.81,75,Self-Employed,Master,Single,Standard,Central,0
CUST102905,48,61794.0,22113.0,1882.0,468.0,24,2,8.51,71,Self-Employed,Diploma,Divorced,Platinum,South,0
CUST102906,49,65575.0,35639.0,9704.0,4383.0,23,2,27.23,44,Self-Employed,Diploma,Single,Standard,North,0
CUST102907,33,100627.0,42566.0,20026.0,4796.0,24,4,47.05,124,Student,High School,Married,Standard,West,0
CUST102908,38,111039.0,47027.0,15877.0,11320.0,27,1,33.76,63,Salaried,Bachelor,Single,Gold,Central,0
CUST102909,22,49275.0,8705.0,7441.0,3947.0,19,1,85.48,76,Student,Doctorate,Divorced,Standard,North,0
CUST102910,49,59833.0,20900.0,8782.0,2410.0,25,3,42.02,28,Salaried,Diploma,Married,Signature,North,0
CUST102911,41,42650.0,12171.0,4125.0,1086.0,20,0,33.89,49,Self-Employed,Diploma,Married,Gold,South,0
CUST102912,35,34951.0,22707.0,11495.0,4116.0,18,1,50.62,80,Self-Employed,Bachelor,Married,Gold,West,0
CUST102913,47,77079.0,23446.0,9638.0,6213.0,28,2,41.11,21,Salaried,Master,Single,Standard,East,0
CUST102914,70,32263.0,19108.0,5286.0,3099.0,21,2,27.66,53,Salaried,Master,Married,Signature,Central,0
CUST102915,51,51746.0,25258.0,7843.0,1674.0,17,1,31.05,102,Salaried,Bachelor,Married,Standard,West,0
CUST102916,35,37601.0,12050.0,6386.0,4965.0,24,0,53.0,81,Business,Master,Single,Standard,East,0
CUST102917,43,87945.0,37092.0,17076.0,5777.0,30,3,46.04,95,Salaried,Bachelor,Single,Standard,South,0
CUST102918,44,175068.0,99836.0,14834.0,5682.0,24,1,14.86,42,Business,Master,Married,Standard,West,0
CUST102919,64,31770.0,18798.0,7870.0,2694.0,21,1,41.87,55,Unemployed,Bachelor,Married,Signature,East,0
CUST102920,33,23458.0,5400.0,1424.0,620.0,17,3,26.37,74,Business,High School,Single,Gold,Central,0
CUST102921,42,60685.0,19406.0,7197.0,3500.0,19,1,37.09,45,Salaried,Bachelor,Widowed,Gold,East,0
CUST102922,63,65564.0,20824.0,7243.0,2239.0,26,0,34.78,40,Self-Employed,Master,Married,Gold,West,0
CUST102923,57,73307.0,12537.0,1378.0,461.0,24,1,10.99,44,Student,Master,Single,Standard,North,0
CUST102924,53,50852.0,22839.0,12632.0,3716.0,22,2,55.31,33,Unemployed,High School,Single,Standard,Central,0
CUST102925,23,58209.0,33610.0,21299.0,5061.0,23,0,63.37,42,Business,Bachelor,Married,Signature,West,0
CUST102926,39,79561.0,27113.0,18201.0,6876.0,15,3,67.13,80,Salaried,Master,Single,Standard,East,0
CUST102927,43,115195.0,59903.0,11090.0,4430.0,16,1,18.51,20,Salaried,Master,Married,Standard,East,0
CUST102928,49,22178.0,10287.0,2858.0,1703.0,19,3,27.78,59,Business,Bachelor,Single,Gold,East,0
CUST102929,50,53063.0,17926.0,3956.0,2087.0,19,1,22.07,80,Business,Diploma,Married,Standard,North,0
CUST102930,59,73111.0,16123.0,3865.0,1867.0,21,3,23.97,41,Self-Employed,Bachelor,Married,Gold,South,0
CUST102931,64,39232.0,19799.0,7058.0,3784.0,20,0,35.65,43,Salaried,Bachelor,Divorced,Standard,North,0
CUST102932,67,,97233.0,34555.0,23898.0,23,2,35.54,36,Self-Employed,Master,Single,Signature,North,0
CUST102933,45,45829.0,22590.0,15451.0,9817.0,24,2,68.4,66,Self-Employed,Bachelor,Married,Standard,South,0
CUST102934,57,63540.0,10099.0,1918.0,1032.0,16,3,18.99,81,Salaried,Bachelor,Widowed,Gold,West,0
CUST102935,67,88252.0,22779.0,13863.0,2319.0,15,3,60.86,84,Self-Employed,Bachelor,Single,Platinum,Central,0
CUST102936,28,46955.0,8674.0,4179.0,1200.0,14,2,48.18,68,Salaried,High School,Single,Platinum,Central,0
CUST102937,62,23542.0,10245.0,7151.0,2950.0,25,0,69.8,79,Business,Master,Single,Gold,West,0
CUST102938,36,51348.0,27124.0,11765.0,6883.0,25,1,43.37,119,Self-Employed,Master,Single,Platinum,South,0
CUST102939,28,114501.0,23506.0,6838.0,3916.0,19,4,29.09,10,Salaried,High School,Single,Standard,,0
CUST102940,21,54006.0,30739.0,2115.0,672.0,15,5,6.88,56,Self-Employed,Bachelor,Divorced,Gold,South,0
CUST102941,64,40807.0,17455.0,3586.0,711.0,25,1,20.54,110,Business,Master,Married,Standard,West,0
CUST102942,25,108149.0,53532.0,11222.0,4904.0,19,1,20.96,53,Business,Bachelor,Single,Standard,West,0
CUST102943,23,54188.0,34447.0,8523.0,1611.0,32,3,24.74,32,Salaried,Bachelor,Married,Standard,North,0
CUST102944,21,49097.0,9419.0,3121.0,1239.0,18,1,33.14,88,Salaried,High School,Divorced,Platinum,East,0
CUST102945,24,70569.0,42385.0,22220.0,10860.0,25,3,52.42,158,Business,Master,Married,Standard,West,0
CUST102946,60,99315.0,21159.0,11973.0,2698.0,30,1,56.59,21,Salaried,Bachelor,Single,Gold,North,0
CUST102947,55,240887.0,83462.0,32700.0,19974.0,22,4,39.18,106,Self-Employed,Bachelor,Widowed,Standard,East,0
CUST102948,52,102449.0,58982.0,8157.0,6081.0,12,2,13.83,31,Self-Employed,High School,Single,Standard,Central,0
CUST102949,62,123014.0,74193.0,27926.0,12565.0,22,2,37.64,52,Self-Employed,Bachelor,Single,Signature,North,0
CUST102950,54,49210.0,19841.0,7506.0,2827.0,22,0,37.83,82,Salaried,High School,Single,Gold,North,0
CUST102951,63,36972.0,16528.0,7588.0,4720.0,23,1,45.91,55,Salaried,Master,Married,Gold,North,0
CUST102952,45,67267.0,33908.0,23178.0,12463.0,24,0,68.36,80,Self-Employed,Master,Married,Gold,South,0
CUST102953,30,68946.0,39050.0,5693.0,1377.0,30,3,14.58,58,Self-Employed,Bachelor,Single,Standard,South,0
CUST102954,41,35917.0,7570.0,2526.0,1520.0,26,1,33.37,89,Salaried,Master,Married,Platinum,Central,0
CUST102955,66,59026.0,32761.0,4001.0,1203.0,22,1,12.21,37,Salaried,Bachelor,Single,Gold,West,0
CUST102956,59,80965.0,31628.0,9445.0,8187.0,26,0,29.86,80,Student,Diploma,Married,Standard,West,0
CUST102957,47,79250.0,29743.0,3795.0,1771.0,21,4,12.76,55,Salaried,Bachelor,Divorced,Signature,West,0
CUST102958,47,85777.0,31047.0,14810.0,8742.0,16,0,47.7,47,Salaried,Bachelor,Single,Standard,West,0
CUST102959,22,76281.0,30864.0,16593.0,13627.0,19,3,53.76,28,Business,Master,Married,Standard,North,0
CUST102960,61,49182.0,30617.0,12041.0,4814.0,25,1,39.33,25,Self-Employed,Bachelor,Single,Standard,South,0
CUST102961,68,48996.0,20779.0,2327.0,316.0,24,2,,63,Salaried,Master,Single,Standard,West,0
CUST102962,33,33615.0,21063.0,6568.0,1826.0,23,2,31.18,33,Salaried,Master,Single,Platinum,North,0
CUST102963,29,173472.0,41658.0,9831.0,5731.0,30,1,23.6,24,Salaried,Bachelor,Widowed,Platinum,East,0
CUST102964,56,65483.0,33532.0,3322.0,1684.0,26,1,9.91,123,Salaried,Master,Married,Standard,West,0
CUST102965,42,57439.0,31943.0,22805.0,4230.0,19,1,71.39,51,Salaried,Bachelor,Married,Gold,East,0
CUST102966,62,39000.0,19093.0,13381.0,7188.0,29,2,70.08,46,Unemployed,Master,Single,Standard,Central,1
CUST102967,46,326686.0,148139.0,25066.0,16178.0,23,0,16.92,17,Salaried,High School,Married,Platinum,West,0
CUST102968,32,36019.0,15575.0,7764.0,3313.0,16,1,49.85,61,Salaried,Master,Married,Standard,East,0
CUST102969,37,51343.0,29803.0,10248.0,8848.0,22,3,34.39,91,Salaried,Bachelor,Married,Standard,South,0
CUST102970,34,81704.0,45822.0,15410.0,4934.0,16,2,33.63,63,Unemployed,High School,Single,Platinum,West,0
CUST102971,34,90424.0,19093.0,16006.0,8277.0,21,0,83.83,114,Unemployed,Master,Single,Gold,East,0
CUST102972,54,110085.0,63221.0,31468.0,7956.0,20,1,49.77,96,Salaried,Bachelor,Married,Platinum,Central,0
CUST102973,40,175664.0,62718.0,14206.0,3291.0,17,2,22.65,45,Student,Bachelor,Married,Standard,East,0
CUST102974,31,85865.0,23772.0,9101.0,2212.0,32,3,38.28,56,Salaried,Master,Married,Standard,South,0
CUST102975,36,36364.0,21269.0,6475.0,3592.0,25,3,30.44,95,Salaried,Diploma,Single,Standard,Central,0
CUST102976,51,56434.0,20656.0,10114.0,3679.0,29,2,48.96,18,Self-Employed,Diploma,Married,Platinum,South,0
CUST102977,26,76992.0,42668.0,14675.0,6638.0,21,2,,41,Salaried,Bachelor,Married,Signature,Central,0
CUST102978,39,202737.0,57111.0,31624.0,16599.0,23,2,55.37,58,Salaried,Master,Divorced,Standard,East,0
CUST102979,57,30132.0,4579.0,1926.0,425.0,17,0,42.06,90,Business,Doctorate,Married,Signature,West,0
CUST102980,24,125940.0,50090.0,2448.0,855.0,28,2,4.89,84,Business,Bachelor,Married,Gold,South,0
CUST102981,67,71761.0,14360.0,2629.0,1645.0,29,4,18.31,40,Unemployed,Bachelor,Divorced,Gold,East,0
CUST102982,24,103048.0,54326.0,13916.0,10828.0,18,2,25.62,87,Salaried,Bachelor,Married,Standard,South,0
CUST102983,40,61454.0,17701.0,6389.0,4078.0,20,2,36.09,142,Salaried,Master,Single,Standard,South,0
CUST102984,30,40897.0,15206.0,2802.0,1216.0,15,1,18.43,85,Salaried,Master,Single,Gold,North,0
CUST102985,44,98235.0,19010.0,3439.0,1897.0,21,3,18.09,56,Salaried,Diploma,Widowed,Standard,East,0
CUST102986,55,93161.0,27327.0,14084.0,7557.0,24,2,51.54,82,Salaried,Bachelor,Married,Standard,East,0
CUST102987,46,110943.0,59992.0,32748.0,17855.0,27,7,175.0,32,Business,Master,Single,Signature,South,0
CUST102988,57,64526.0,14570.0,4670.0,1996.0,34,5,32.05,16,Salaried,Bachelor,Married,Gold,East,0
CUST102989,58,46735.0,22133.0,6680.0,2369.0,19,0,30.18,81,Self-Employed,Bachelor,Widowed,Platinum,South,0
CUST102990,41,27579.0,16788.0,5094.0,2463.0,20,5,30.34,83,Unemployed,Master,Single,Gold,East,0
CUST102991,60,102007.0,49975.0,34610.0,31430.0,23,1,69.25,64,Salaried,Diploma,Married,Gold,West,0
CUST102992,59,82066.0,45589.0,7890.0,5187.0,20,2,17.31,71,Self-Employed,Diploma,Single,Standard,North,0
CUST102993,41,38214.0,7814.0,6428.0,2808.0,19,2,82.26,83,Self-Employed,Master,Married,Standard,Central,0
CUST102994,30,48336.0,13310.0,3039.0,2114.0,19,2,22.83,74,Unemployed,Bachelor,Married,Signature,South,0
CUST102995,58,50283.0,30032.0,11100.0,,16,2,36.96,67,Student,Diploma,Married,Signature,East,0
CUST102996,66,28753.0,14594.0,4844.0,2173.0,22,2,33.19,74,Salaried,Bachelor,Widowed,Platinum,East,0
CUST102997,24,41457.0,19476.0,4715.0,3055.0,15,1,24.21,47,Salaried,Master,Married,Signature,Central,0
CUST102998,65,34841.0,16789.0,1896.0,1321.0,21,3,11.29,10,Salaried,High School,Widowed,Standard,North,0
CUST102999,40,51807.0,18500.0,4812.0,1741.0,19,2,26.01,40,Salaried,Diploma,Single,Standard,West,0
CUST103000,37,43298.0,7459.0,2719.0,542.0,29,0,36.45,99,Salaried,Bachelor,Single,Signature,West,0
CUST103001,27,26563.0,14403.0,9480.0,5194.0,24,1,65.82,41,Salaried,High School,Single,Standard,South,0
CUST103002,24,197712.0,96752.0,36102.0,17085.0,23,4,37.31,112,Self-Employed,Master,Single,Platinum,South,0
CUST103003,49,129449.0,50019.0,19553.0,12353.0,24,3,39.09,59,Unemployed,Bachelor,Married,Platinum,North,0
CUST103004,34,42348.0,25404.0,7827.0,4515.0,33,5,30.81,42,Business,Bachelor,Single,Gold,West,0
CUST103005,23,75507.0,24017.0,13761.0,8174.0,18,1,57.3,71,Salaried,High School,Married,Platinum,West,0
CUST103006,44,81777.0,24301.0,8506.0,4593.0,26,3,35.0,92,Business,Bachelor,Married,Gold,South,0
CUST103007,57,125146.0,73385.0,40370.0,21231.0,19,4,55.01,112,Unemployed,Diploma,Single,Standard,West,0
CUST103008,36,41436.0,22727.0,5351.0,863.0,15,2,23.54,112,Student,Master,Married,Platinum,North,0
CUST103009,24,118516.0,48294.0,18770.0,5226.0,23,1,38.87,19,Salaried,Bachelor,Single,Standard,South,0
CUST103010,44,48088.0,10357.0,6714.0,3489.0,18,2,64.83,47,Salaried,Bachelor,Single,Standard,South,0
CUST103011,54,31176.0,8029.0,2843.0,1083.0,17,3,35.41,51,Business,Bachelor,Married,Signature,South,0
CUST103012,50,96801.0,46282.0,4434.0,3260.0,25,0,9.58,55,Business,Master,Married,Gold,Central,0
CUST103013,38,132198.0,45281.0,18421.0,8206.0,14,1,40.68,113,Salaried,Master,Married,Standard,West,0
CUST103014,39,269815.0,150000.0,47501.0,35218.0,24,1,31.67,74,Salaried,Diploma,Married,Platinum,West,0
CUST103015,51,33600.0,20999.0,7338.0,1270.0,23,0,34.94,19,Self-Employed,Diploma,Married,Platinum,East,0
CUST103016,39,95468.0,52776.0,22687.0,17598.0,25,0,42.99,39,Student,High School,Married,Standard,West,0
CUST103017,69,51883.0,17577.0,11656.0,3349.0,19,3,66.31,44,Salaried,Master,Divorced,Standard,West,1
CUST103018,66,100006.0,54438.0,13776.0,1702.0,29,0,,39,Unemployed,Bachelor,Divorced,Standard,South,0
CUST103019,39,28951.0,9430.0,3631.0,679.0,30,4,38.5,28,Salaried,High School,Single,Platinum,South,0
CUST103020,42,32455.0,7580.0,3435.0,2873.0,22,3,45.32,59,Salaried,Bachelor,Widowed,Gold,Central,0
CUST103021,44,42422.0,7072.0,3900.0,1476.0,24,4,55.15,81,Salaried,High School,Divorced,Platinum,South,0
CUST103022,65,67885.0,23275.0,5807.0,2684.0,13,2,24.95,54,Salaried,Master,Married,Platinum,West,1
CUST103023,32,45686.0,27493.0,8585.0,3154.0,25,2,31.23,19,Salaried,Diploma,Single,Gold,Central,0
CUST103024,50,,25170.0,3971.0,1954.0,19,1,15.78,68,Self-Employed,Bachelor,Married,Standard,Central,0
CUST103025,58,114340.0,28957.0,12336.0,9057.0,31,1,42.6,69,Student,Master,Married,Gold,South,0
CUST103026,51,90392.0,57391.0,28141.0,14655.0,26,1,49.03,21,Salaried,Diploma,Single,Gold,Central,0
CUST103027,56,158336.0,25730.0,4738.0,3433.0,15,4,18.41,57,Self-Employed,Diploma,Married,Standard,North,0
CUST103028,39,81703.0,44356.0,21928.0,12392.0,21,2,49.44,44,Salaried,Bachelor,Single,Platinum,South,0
CUST103029,68,33285.0,10341.0,5534.0,1648.0,23,1,53.52,39,Unemployed,Doctorate,Single,Gold,South,0
CUST103030,65,137585.0,23217.0,9584.0,4362.0,25,1,41.28,56,Salaried,Master,Single,Platinum,West,0
CUST103031,56,46598.0,28374.0,2250.0,517.0,23,2,7.93,74,Salaried,Bachelor,Widowed,Gold,North,0
CUST103032,50,107245.0,23575.0,11783.0,4487.0,25,4,49.98,69,Salaried,Master,Single,Standard,South,0
CUST103033,69,154461.0,65783.0,8613.0,4490.0,22,3,13.09,47,Unemployed,Bachelor,Married,Standard,East,0
CUST103034,53,83560.0,23984.0,9526.0,4101.0,29,0,39.72,36,Self-Employed,Bachelor,Married,Gold,North,0
CUST103035,38,28546.0,5212.0,2190.0,941.0,25,1,42.02,24,Self-Employed,Bachelor,Married,Gold,South,0
CUST103036,69,39227.0,6863.0,2746.0,1948.0,19,0,40.01,40,Salaried,Bachelor,Married,Standard,East,0
CUST103037,48,134545.0,27956.0,3576.0,1246.0,20,0,12.79,55,Salaried,Master,Widowed,Standard,West,0
CUST103038,67,59227.0,10997.0,4158.0,2284.0,19,1,37.81,125,Business,Master,Married,Standard,East,0
CUST103039,31,67908.0,36010.0,17527.0,7242.0,28,2,48.67,101,Self-Employed,Bachelor,Married,Gold,East,0
CUST103040,65,98666.0,38754.0,8737.0,6392.0,19,3,22.54,39,Salaried,Master,Divorced,Standard,South,0
CUST103041,53,95332.0,30644.0,16486.0,3642.0,27,1,53.8,42,Self-Employed,Bachelor,Single,Gold,South,0
CUST103042,37,75772.0,27216.0,4171.0,3284.0,20,1,15.33,31,Unemployed,Master,Single,Standard,East,0
CUST103043,26,57952.0,35610.0,15426.0,4747.0,29,0,43.32,107,Salaried,Bachelor,Married,Gold,South,0
CUST103044,24,54730.0,33132.0,22788.0,6259.0,17,1,68.78,120,Unemployed,Master,Single,Standard,South,0
CUST103045,40,104192.0,52913.0,18883.0,14220.0,15,0,35.69,80,Business,High School,Married,Standard,West,0
CUST103046,68,88133.0,52205.0,6267.0,2735.0,22,1,12.0,47,Salaried,Master,Married,Standard,Central,0
CUST103047,67,56423.0,17481.0,9803.0,7152.0,16,1,56.08,57,Business,Master,Married,Standard,South,0
CUST103048,47,117866.0,40140.0,15032.0,3748.0,27,3,37.45,30,Business,Master,Widowed,Signature,North,0
CUST103049,35,60547.0,27661.0,20340.0,4008.0,19,3,73.53,54,Self-Employed,Master,Widowed,Standard,North,0
CUST103050,26,40690.0,18791.0,6379.0,2132.0,18,1,33.95,27,Business,Master,Married,Standard,East,0
CUST103051,67,42818.0,16735.0,4970.0,720.0,20,2,29.7,35,Salaried,Diploma,Single,Platinum,East,0
CUST103052,34,37943.0,13293.0,8039.0,3015.0,28,3,60.48,34,Business,High School,Married,Standard,North,1
CUST103053,31,55956.0,35985.0,19510.0,15274.0,19,2,,90,Self-Employed,Diploma,Married,Platinum,South,0
CUST103054,59,128116.0,71817.0,56017.0,31088.0,22,2,78.0,40,Salaried,Bachelor,Single,Platinum,Central,0
CUST103055,29,41745.0,15341.0,3751.0,1575.0,30,0,,38,Business,Diploma,Single,Standard,East,0
CUST103056,46,72100.0,37034.0,12388.0,5310.0,28,2,33.45,17,Self-Employed,Master,Single,Standard,West,0
CUST103057,36,45296.0,12899.0,7256.0,2331.0,26,2,56.25,38,Salaried,Doctorate,Divorced,Gold,North,0
CUST103058,25,56329.0,11271.0,1940.0,989.0,30,1,17.21,18,Salaried,Master,Single,Platinum,East,0
CUST103059,30,28328.0,9241.0,6490.0,1743.0,21,3,70.23,69,Salaried,Bachelor,Single,Standard,West,0
CUST103060,70,57575.0,20237.0,7648.0,4108.0,23,2,37.79,142,Salaried,High School,Married,Platinum,East,0
CUST103061,23,58431.0,9248.0,2693.0,1519.0,19,2,29.12,67,Business,Master,Married,Standard,North,0
CUST103062,33,87492.0,48768.0,23181.0,3272.0,17,2,47.53,50,Salaried,Master,Single,Gold,Central,0
CUST103063,63,73493.0,24223.0,7724.0,4487.0,22,0,,81,Business,Diploma,Single,Standard,North,0
CUST103064,69,33625.0,14802.0,8564.0,3151.0,15,1,57.86,54,Salaried,High School,Married,Standard,West,0
CUST103065,50,118001.0,22064.0,12916.0,1747.0,18,4,58.54,64,Salaried,Master,Widowed,Gold,North,0
CUST103066,65,72970.0,17330.0,3232.0,1662.0,21,1,18.65,139,Self-Employed,Master,Married,Standard,East,0
CUST103067,26,72494.0,43123.0,15975.0,10749.0,19,0,37.05,76,Student,Master,Single,Standard,South,0
CUST103068,37,64673.0,29384.0,12210.0,4509.0,22,3,41.55,28,Self-Employed,Bachelor,Widowed,Gold,Central,0
CUST103069,65,48892.0,30564.0,9768.0,1452.0,23,2,31.96,70,Business,Bachelor,Married,Gold,Central,0
CUST103070,39,73272.0,47581.0,16770.0,3185.0,18,1,35.25,84,Business,Master,Single,Platinum,East,0
CUST103071,62,84433.0,28364.0,3386.0,746.0,18,2,11.94,97,,Bachelor,Married,Gold,Central,0
CUST103072,55,24868.0,7446.0,2529.0,755.0,19,4,33.96,77,Salaried,Bachelor,Married,Standard,South,0
CUST103073,66,48331.0,27992.0,18929.0,14910.0,22,3,67.62,51,Student,Bachelor,Married,Gold,East,0
CUST103074,46,56496.0,36683.0,17401.0,9733.0,25,2,,67,Business,High School,Single,Standard,West,0
CUST103075,25,74835.0,34785.0,15345.0,7463.0,36,4,44.11,37,Student,Master,Single,Standard,West,0
CUST103076,49,125300.0,68611.0,26230.0,8307.0,21,1,38.23,86,Business,Master,Divorced,Gold,East,0
CUST103077,57,42518.0,22997.0,5807.0,2779.0,26,4,25.25,92,Salaried,Bachelor,Single,Gold,East,0
CUST103078,40,49428.0,16196.0,7144.0,4718.0,23,2,44.11,33,Salaried,Bachelor,Married,Gold,South,0
CUST103079,69,49033.0,21434.0,12436.0,8078.0,21,1,58.02,16,Salaried,Bachelor,Single,Gold,East,0
CUST103080,41,41827.0,23696.0,,1608.0,29,2,15.17,14,Salaried,Bachelor,Married,Standard,North,0
CUST103081,30,53701.0,26531.0,8238.0,2742.0,24,3,31.05,63,Business,High School,Widowed,Platinum,West,0
CUST103082,25,99318.0,15949.0,2906.0,1422.0,19,1,18.22,90,Self-Employed,Bachelor,Married,Platinum,Central,0
CUST103083,56,36408.0,11591.0,2638.0,1160.0,22,1,22.76,45,Salaried,Diploma,Single,Gold,North,0
CUST103084,15,82244.0,18278.0,12436.0,3695.0,25,4,68.04,55,Salaried,Bachelor,Married,Gold,West,0
CUST103085,46,513664.0,6793.0,3830.0,1758.0,22,2,56.38,60,Unemployed,Bachelor,Single,Platinum,West,0
CUST103086,24,47734.0,28771.0,15835.0,8472.0,17,4,55.04,59,Salaried,Bachelor,Divorced,Gold,North,0
CUST103087,59,54226.0,9134.0,3006.0,1790.0,22,0,32.91,40,Salaried,Bachelor,Single,Standard,,0
CUST103088,59,163295.0,42440.0,7781.0,2778.0,23,5,18.33,28,Self-Employed,Master,Single,Gold,Central,0
CUST103089,70,55882.0,17032.0,4804.0,1227.0,23,2,28.21,62,Salaried,High School,Married,Signature,East,0
CUST103090,55,19370.0,8880.0,4984.0,2075.0,25,3,56.13,64,Unemployed,Master,Married,Standard,East,0
CUST103091,21,21650.0,9029.0,2332.0,1062.0,28,0,25.83,96,Self-Employed,Doctorate,Married,Platinum,Central,0
CUST103092,44,66228.0,17162.0,1429.0,253.0,29,2,8.33,63,Salaried,Master,Single,Signature,Central,0
CUST103093,56,91100.0,21146.0,5407.0,1251.0,20,2,25.57,83,Salaried,High School,Married,Gold,West,0
CUST103094,26,79909.0,21447.0,4900.0,2361.0,17,0,22.85,62,Salaried,Master,Single,Standard,East,0
CUST103095,61,71275.0,28600.0,9095.0,976.0,22,0,31.8,100,Salaried,Master,Single,Standard,North,0
CUST103096,66,123178.0,35178.0,4929.0,2998.0,19,1,14.01,25,Salaried,Master,Divorced,Gold,West,0
CUST103097,64,48309.0,30135.0,6694.0,3237.0,20,4,22.21,52,Self-Employed,Bachelor,Married,Standard,South,0
CUST103098,51,106334.0,40612.0,17357.0,6323.0,27,0,42.74,57,Salaried,Master,Married,Standard,North,0
CUST103099,40,26490.0,4752.0,2321.0,789.0,25,1,48.84,85,Salaried,Diploma,Married,Standard,North,0
CUST103100,44,39514.0,20335.0,10266.0,5575.0,26,2,50.48,46,Self-Employed,Bachelor,Married,Standard,North,0
CUST103101,45,24059.0,7565.0,1706.0,612.0,22,2,22.55,63,Salaried,Bachelor,Married,Standard,West,0
CUST103102,56,55881.0,26641.0,6328.0,2367.0,14,2,23.75,28,Salaried,Master,Married,Platinum,Central,0
CUST103103,41,63367.0,18364.0,13049.0,5504.0,10,1,71.06,43,Business,Master,Married,Standard,West,0
CUST103104,50,69210.0,30132.0,16440.0,12927.0,19,2,54.56,38,Salaried,Master,Divorced,Standard,North,0
CUST103105,44,67250.0,36051.0,14194.0,2839.0,22,2,39.37,35,Salaried,Diploma,Single,Gold,Central,1
CUST103106,64,39026.0,23962.0,14495.0,5411.0,27,0,60.49,35,Salaried,Master,Single,Gold,West,0
CUST103107,62,58543.0,16425.0,4639.0,1825.0,27,0,28.24,37,Business,Bachelor,Single,Standard,West,1
CUST103108,50,28525.0,9055.0,4061.0,2223.0,21,2,44.85,111,Self-Employed,Master,Married,Gold,North,0
CUST103109,42,137574.0,52572.0,19269.0,12642.0,29,1,36.65,32,,Master,Divorced,,East,0
CUST103110,48,55003.0,33749.0,6934.0,2823.0,23,4,20.55,64,Self-Employed,Bachelor,Single,Standard,West,0
CUST103111,27,49675.0,29839.0,13797.0,2843.0,23,3,46.24,31,Business,Master,Divorced,Gold,West,0
CUST103112,55,155758.0,30363.0,25910.0,12933.0,26,0,85.33,46,Salaried,Doctorate,Divorced,Gold,West,0
CUST103113,48,,7089.0,4904.0,1500.0,17,6,69.18,60,Self-Employed,Diploma,Married,Standard,North,1
CUST103114,34,34999.0,13921.0,3076.0,1458.0,19,2,22.1,24,Salaried,Master,Married,Gold,Central,0
CUST103115,30,35569.0,7232.0,1476.0,400.0,27,3,20.41,66,Salaried,High School,Single,Platinum,East,0
CUST103116,36,62618.0,20212.0,4403.0,1083.0,14,2,21.78,46,Business,High School,Single,Platinum,North,0
CUST103117,36,82416.0,18477.0,3534.0,855.0,26,0,19.13,65,Self-Employed,Master,Single,Standard,West,0
CUST103118,51,97632.0,45694.0,10118.0,6113.0,27,1,22.14,74,Self-Employed,Doctorate,Married,Standard,North,0
CUST103119,62,267464.0,150000.0,47778.0,9403.0,29,4,31.85,38,Student,High School,Married,Platinum,North,0
CUST103120,45,18863.0,12230.0,2600.0,1246.0,30,1,21.26,67,Salaried,Master,Divorced,Gold,South,0
CUST103121,33,90848.0,30672.0,2362.0,1219.0,22,2,7.7,82,Salaried,Bachelor,Married,Standard,East,0
CUST103122,26,47845.0,21507.0,6959.0,4203.0,14,1,32.36,92,Unemployed,Bachelor,Married,Gold,South,0
CUST103123,64,47081.0,27219.0,10263.0,3673.0,20,1,37.71,64,Salaried,Bachelor,Single,Gold,South,0
CUST103124,29,46225.0,9649.0,3887.0,1778.0,28,2,40.28,46,Self-Employed,Bachelor,Widowed,Standard,West,0
CUST103125,65,39431.0,19510.0,13076.0,5941.0,24,1,67.02,82,Unemployed,Bachelor,Divorced,Platinum,North,0
CUST103126,56,164166.0,58184.0,38149.0,8409.0,28,0,65.57,38,Salaried,Bachelor,Single,Platinum,West,0
CUST103127,63,103301.0,26143.0,4857.0,660.0,39,1,18.58,71,Unemployed,Master,Married,Gold,Central,0
CUST103128,40,65835.0,23133.0,7160.0,2844.0,26,2,30.95,52,Self-Employed,Master,Single,Gold,North,0
CUST103129,38,136653.0,25688.0,4816.0,3387.0,26,1,18.75,97,Unemployed,Bachelor,Married,Standard,Central,0
CUST103130,63,28290.0,14080.0,1234.0,412.0,24,1,8.76,58,Salaried,Master,Married,Standard,North,0
CUST103131,41,31265.0,8641.0,4569.0,2985.0,15,0,52.88,36,Self-Employed,Bachelor,Married,Gold,South,0
CUST103132,24,19619.0,5998.0,1109.0,651.0,17,1,18.49,33,Unemployed,Master,Married,Standard,Central,0
CUST103133,70,44244.0,9315.0,3325.0,877.0,23,2,35.7,66,Salaried,High School,Single,Standard,West,0
CUST103134,53,71046.0,41372.0,18605.0,15116.0,25,2,44.97,61,Salaried,Master,Single,Standard,South,0
CUST103135,47,68783.0,27288.0,3972.0,2888.0,31,3,14.56,23,Salaried,Diploma,Married,Gold,South,0
CUST103136,27,70564.0,30771.0,18714.0,3632.0,26,2,60.82,153,Unemployed,Diploma,Single,Standard,South,0
CUST103137,26,29913.0,13004.0,3167.0,1869.0,22,0,24.35,57,Salaried,Master,Divorced,Standard,South,0
CUST103138,35,101101.0,35916.0,6719.0,,15,2,18.71,66,Salaried,Master,Divorced,Standard,Central,0
CUST103139,38,74157.0,18262.0,3865.0,1660.0,33,2,21.16,88,Business,Bachelor,Single,Platinum,South,0
CUST103140,52,97277.0,50834.0,27437.0,13579.0,21,2,53.97,66,Self-Employed,Bachelor,Married,Platinum,East,0
CUST103141,31,22951.0,4901.0,2757.0,642.0,22,3,56.25,31,Self-Employed,Master,Married,Standard,South,0
CUST103142,40,77147.0,15579.0,8883.0,,18,1,57.02,52,Self-Employed,High School,Married,Gold,West,0
CUST103143,44,33822.0,17083.0,4525.0,2973.0,25,2,26.49,33,Self-Employed,Master,Single,Standard,West,0
CUST103144,35,52241.0,13291.0,1733.0,1218.0,20,5,13.04,36,Salaried,High School,Single,Standard,South,0
CUST103145,68,87207.0,26457.0,4306.0,1295.0,20,1,16.28,47,Unemployed,Diploma,Married,Standard,South,0
CUST103146,27,68340.0,26490.0,9857.0,8474.0,23,2,37.21,64,Salaried,Bachelor,Single,Standard,East,0
CUST103147,41,40692.0,15246.0,1497.0,1120.0,20,0,9.82,50,Unemployed,Bachelor,Divorced,Signature,West,0
CUST103148,62,65225.0,32892.0,12264.0,1137.0,23,2,37.29,34,Salaried,Diploma,Single,Gold,South,0
CUST103149,46,27995.0,12926.0,8254.0,3286.0,22,2,63.86,5,Salaried,Bachelor,Single,Standard,North,0
CUST103150,64,122368.0,57782.0,9276.0,7948.0,27,2,16.05,106,Self-Employed,Master,Married,Gold,North,0
CUST103151,34,58060.0,29438.0,25041.0,5956.0,17,4,85.06,82,Student,Bachelor,Married,Gold,South,0
CUST103152,57,120252.0,35631.0,18806.0,6515.0,22,1,52.78,74,Salaried,Bachelor,Married,Standard,West,0
CUST103153,41,48657.0,15140.0,6665.0,896.0,21,0,44.02,31,Salaried,Diploma,Single,Gold,East,0
CUST103154,38,48736.0,17984.0,9974.0,5068.0,25,1,55.46,46,Self-Employed,Bachelor,Single,Gold,East,0
CUST103155,25,42695.0,12968.0,8300.0,1025.0,25,0,64.0,35,Unemployed,High School,Married,Standard,South,0
CUST103156,23,105244.0,67616.0,33353.0,3025.0,17,1,49.33,30,Salaried,Master,Single,Signature,West,0
CUST103157,43,44000.0,24509.0,14575.0,1531.0,21,2,59.47,58,Salaried,Diploma,Single,Standard,West,0
CUST103158,46,92658.0,21527.0,4387.0,1091.0,28,2,20.38,52,Self-Employed,Master,Married,Standard,South,0
CUST103159,57,52670.0,8048.0,1252.0,478.0,36,1,15.56,82,Salaried,Bachelor,Married,Platinum,North,0
CUST103160,44,21925.0,3758.0,904.0,409.0,28,0,,48,Salaried,Master,Widowed,Standard,West,0
CUST103161,69,47499.0,12921.0,2579.0,675.0,22,1,19.96,28,Student,Bachelor,Married,Standard,West,0
CUST103162,39,33984.0,7040.0,,3025.0,30,0,64.69,154,Self-Employed,Diploma,Single,Standard,West,0
CUST103163,45,66223.0,27593.0,6530.0,3861.0,23,1,23.67,47,Salaried,Bachelor,Single,Standard,South,0
CUST103164,41,33773.0,19554.0,7755.0,1104.0,22,1,39.66,83,Unemployed,Diploma,Single,Gold,West,0
CUST103165,32,108167.0,56071.0,27884.0,16161.0,14,2,49.73,48,Self-Employed,Bachelor,Single,Gold,Central,0
CUST103166,61,61824.0,15939.0,7321.0,3711.0,17,3,45.93,50,Business,Bachelor,Married,Gold,West,1
CUST103167,53,58951.0,20612.0,10465.0,2391.0,20,2,50.77,43,Self-Employed,Bachelor,Widowed,Standard,East,0
CUST103168,70,93235.0,37662.0,16213.0,7801.0,20,1,43.05,37,Unemployed,Bachelor,Married,Gold,East,0
CUST103169,24,110447.0,61309.0,24679.0,10912.0,18,1,40.25,38,Student,High School,Single,Signature,East,0
CUST103170,62,64285.0,36614.0,26492.0,18356.0,20,4,72.35,70,Salaried,Diploma,Married,Standard,West,0
CUST103171,27,42531.0,25725.0,11897.0,4577.0,30,3,46.25,55,Salaried,Bachelor,Divorced,Gold,West,0
CUST103172,42,24501.0,9914.0,882.0,,27,3,8.9,49,Self-Employed,Master,Married,Gold,West,0
CUST103173,53,44570.0,22157.0,12916.0,6184.0,19,4,58.29,58,Salaried,Diploma,Married,Standard,South,0
CUST103174,37,46290.0,9531.0,1770.0,825.0,30,1,18.57,112,Self-Employed,Diploma,Single,Standard,South,0
CUST103175,44,68942.0,29827.0,21685.0,18790.0,20,1,72.7,180,Salaried,Bachelor,Single,Standard,East,0
CUST103176,54,53761.0,14749.0,5320.0,1015.0,24,2,36.07,14,Student,Doctorate,Single,Platinum,Central,0
CUST103177,48,94893.0,34717.0,12868.0,2631.0,17,0,37.07,114,Salaried,Bachelor,Married,Standard,North,0
CUST103178,63,46398.0,21669.0,7819.0,3677.0,18,0,36.08,106,Salaried,Master,Single,Standard,North,0
CUST103179,61,62992.0,17543.0,10022.0,1114.0,23,0,57.13,122,Salaried,Master,Married,Standard,West,0
CUST103180,59,124659.0,21952.0,12289.0,3971.0,23,5,55.98,31,Salaried,Bachelor,Married,Standard,North,1
CUST103181,42,78444.0,12168.0,6339.0,4538.0,26,1,52.1,29,Self-Employed,Bachelor,Married,Standard,West,0
CUST103182,69,62889.0,10130.0,9586.0,5496.0,27,2,94.63,89,Salaried,Master,Single,Standard,Central,1
CUST103183,37,46680.0,7197.0,3922.0,2857.0,27,3,54.49,41,Business,Bachelor,Widowed,,West,0
CUST103184,54,45884.0,9414.0,2354.0,795.0,15,2,25.01,43,Salaried,Doctorate,Married,Gold,East,0
CUST103185,26,40713.0,10982.0,5573.0,1551.0,25,0,50.75,33,Business,Bachelor,Married,Gold,West,0
CUST103186,66,48271.0,12580.0,6538.0,3680.0,30,2,51.97,32,Salaried,Master,Single,Standard,West,0
CUST103187,26,98495.0,63372.0,26275.0,13719.0,22,0,41.46,46,Self-Employed,Master,Single,Standard,West,0
CUST103188,54,57532.0,17432.0,10786.0,5571.0,27,2,61.87,67,Salaried,Diploma,Married,Standard,North,0
CUST103189,21,30939.0,6612.0,2737.0,1023.0,24,0,41.39,115,Student,Diploma,Single,Standard,West,0
CUST103190,30,171894.0,72674.0,11907.0,2183.0,30,2,16.38,98,Student,Bachelor,Divorced,Platinum,North,0
CUST103191,41,77507.0,44875.0,9147.0,4645.0,23,3,20.38,18,Salaried,Bachelor,Married,Standard,North,0
CUST103192,25,29981.0,14662.0,2699.0,1519.0,17,1,18.41,94,Student,,Single,Standard,North,0
CUST103193,22,50977.0,15193.0,8797.0,6080.0,26,4,57.9,58,Salaried,,Married,Gold,North,0
CUST103194,42,69088.0,29764.0,14222.0,7786.0,18,3,47.78,57,,Diploma,Married,Signature,South,0
CUST103195,68,165988.0,84227.0,49412.0,8783.0,22,0,58.67,65,Salaried,Master,Married,Standard,Central,0
CUST103196,22,35337.0,18165.0,5240.0,1770.0,16,2,28.85,79,Salaried,Bachelor,Married,Standard,North,0
CUST103197,30,111187.0,53733.0,33728.0,14842.0,20,0,62.77,55,Student,Bachelor,Married,Standard,West,0
CUST103198,54,140345.0,82159.0,24316.0,14823.0,18,4,29.6,77,Salaried,Bachelor,Married,Gold,East,0
CUST103199,36,45999.0,26912.0,3897.0,1833.0,26,2,14.48,77,Business,Master,Divorced,Standard,South,0
CUST103200,68,55799.0,24522.0,10087.0,1990.0,25,3,41.13,64,Business,Bachelor,Married,Gold,South,0
CUST103201,59,36760.0,13415.0,5666.0,3585.0,20,4,42.24,31,Unemployed,Bachelor,Married,Standard,North,0
CUST103202,42,58118.0,27361.0,13669.0,4326.0,27,0,49.96,64,Unemployed,Bachelor,Married,Platinum,West,0
CUST103203,32,63705.0,35618.0,13639.0,8058.0,20,0,38.29,114,Self-Employed,Bachelor,Married,Standard,North,0
CUST103204,44,93428.0,14278.0,4136.0,2455.0,23,2,28.97,134,Self-Employed,Bachelor,Married,Gold,North,0
CUST103205,67,118390.0,76480.0,31870.0,16806.0,18,5,41.67,72,Salaried,Bachelor,Divorced,Platinum,East,1
CUST103206,60,43075.0,10400.0,5621.0,1932.0,19,3,54.05,130,Salaried,Master,Married,Standard,East,0
CUST103207,58,22029.0,8484.0,2466.0,1409.0,18,0,29.07,39,Self-Employed,Doctorate,Married,Gold,West,0
CUST103208,30,64245.0,37649.0,7966.0,1752.0,25,2,21.16,80,Salaried,Doctorate,Widowed,Standard,West,0
CUST103209,55,76389.0,20054.0,5110.0,3632.0,27,1,25.48,101,Salaried,High School,Divorced,Standard,East,0
CUST103210,69,74557.0,28958.0,15680.0,9869.0,18,0,54.15,49,Salaried,Bachelor,Married,Standard,West,0
CUST103211,52,54310.0,11747.0,1321.0,1090.0,20,1,11.25,122,Salaried,Bachelor,Single,Standard,South,0
CUST103212,27,69616.0,24194.0,9507.0,3952.0,20,1,39.29,120,Business,Diploma,Married,Platinum,North,0
CUST103213,41,149588.0,35687.0,10320.0,4627.0,31,3,28.92,55,Salaried,Master,Single,Gold,Central,0
CUST103214,40,80185.0,26606.0,5436.0,2679.0,18,2,20.43,39,Student,Doctorate,Single,Gold,South,0
CUST103215,46,52933.0,17824.0,6266.0,4793.0,20,1,35.15,37,Salaried,Diploma,Single,Platinum,North,0
CUST103216,24,49367.0,31920.0,13840.0,6305.0,25,2,43.36,63,,Diploma,Single,Platinum,West,0
CUST103217,66,59203.0,38328.0,19846.0,10419.0,26,2,51.78,58,Salaried,Master,Married,Gold,East,0
CUST103218,42,159907.0,33164.0,11844.0,3351.0,35,0,35.71,57,Business,Bachelor,Single,Standard,East,0
CUST103219,35,58766.0,30146.0,7918.0,4642.0,24,2,26.27,59,Business,Bachelor,Single,Platinum,North,0
CUST103220,60,64296.0,11308.0,4603.0,2489.0,21,0,40.71,35,Salaried,Master,Married,Standard,West,0
CUST103221,41,49855.0,8231.0,5409.0,3297.0,20,1,65.71,20,Salaried,High School,Married,Standard,South,0
CUST103222,35,118965.0,24110.0,18284.0,8456.0,19,2,75.84,102,Business,Bachelor,Single,Gold,North,0
CUST103223,42,191005.0,120857.0,60970.0,41418.0,24,1,50.45,57,Self-Employed,High School,Married,Standard,North,0
CUST103224,48,83281.0,51670.0,5521.0,3788.0,17,1,10.69,102,Salaried,Bachelor,Married,Standard,West,0
CUST103225,34,68028.0,16800.0,12827.0,1859.0,18,3,76.35,19,Self-Employed,Diploma,Single,Platinum,West,0
CUST103226,47,66328.0,15311.0,8494.0,5088.0,19,3,55.48,23,Salaried,Master,Divorced,Standard,South,0
CUST103227,61,18000.0,4865.0,1563.0,685.0,21,1,32.13,6,Salaried,Diploma,Married,Gold,South,0
CUST103228,60,97927.0,39932.0,15478.0,5440.0,15,2,38.76,59,Business,Bachelor,Married,Gold,North,0
CUST103229,48,69978.0,30430.0,13662.0,,22,2,44.9,79,Unemployed,Bachelor,Single,Gold,East,0
CUST103230,46,82267.0,21455.0,16016.0,10633.0,27,1,74.65,94,Self-Employed,Bachelor,Married,Standard,South,0
CUST103231,69,43951.0,23220.0,13921.0,7477.0,33,1,59.95,22,Salaried,Master,Single,Platinum,Central,0
CUST103232,22,52612.0,16035.0,1506.0,752.0,22,3,9.39,44,Unemployed,Bachelor,Married,Gold,West,0
CUST103233,45,51848.0,31683.0,13836.0,2817.0,21,1,,66,Business,Master,Single,Gold,East,1
CUST103234,23,114009.0,54537.0,12971.0,5679.0,30,2,23.78,37,Self-Employed,Master,Married,Platinum,West,0
CUST103235,28,52777.0,19431.0,12979.0,8597.0,22,1,66.8,42,Self-Employed,Bachelor,Single,Gold,North,0
CUST103236,64,204353.0,111363.0,65817.0,19362.0,31,3,59.1,77,Business,Bachelor,Single,Standard,West,0
CUST103237,53,82382.0,46048.0,13318.0,7153.0,25,3,28.92,17,Business,Doctorate,Married,Standard,South,0
CUST103238,62,32226.0,9514.0,4211.0,2609.0,19,3,44.26,29,Business,High School,Single,Standard,East,0
CUST103239,55,60563.0,19372.0,13185.0,8063.0,17,1,68.06,84,Unemployed,Bachelor,Single,Gold,Central,0
CUST103240,26,45421.0,28069.0,15806.0,4593.0,19,4,56.31,52,Salaried,Master,Married,Gold,Central,0
CUST103241,59,19443.0,4518.0,1924.0,1503.0,20,0,42.59,37,Salaried,Bachelor,Married,Gold,West,0
CUST103242,43,156663.0,26801.0,9263.0,4914.0,21,1,34.56,28,Salaried,Bachelor,Single,Standard,West,0
CUST103243,45,95690.0,36078.0,14192.0,,20,1,39.34,51,Business,High School,Divorced,Platinum,West,0
CUST103244,70,87152.0,47986.0,35074.0,15089.0,22,2,73.09,49,Self-Employed,Master,Single,Gold,West,0
CUST103245,63,71190.0,38146.0,12091.0,8720.0,33,0,31.7,111,Student,Master,Married,Platinum,North,0
CUST103246,39,30395.0,18534.0,11931.0,4630.0,26,0,64.37,58,Salaried,Doctorate,Single,Platinum,East,0
CUST103247,25,49819.0,20755.0,2826.0,605.0,27,0,13.62,12,Business,High School,Single,Standard,North,0
CUST103248,31,103272.0,20658.0,10832.0,6352.0,15,2,52.43,64,Salaried,Diploma,Divorced,Standard,North,0
CUST103249,32,36460.0,16201.0,2005.0,603.0,29,3,12.38,62,Business,Bachelor,Widowed,Standard,West,0
CUST103250,30,18000.0,9706.0,5374.0,3812.0,25,0,55.37,152,Salaried,Diploma,Widowed,Standard,East,0
CUST103251,28,57368.0,11282.0,6595.0,5114.0,21,3,58.46,36,Unemployed,Bachelor,Married,Standard,North,0
CUST103252,44,60125.0,14209.0,3439.0,2547.0,24,0,24.2,111,Self-Employed,Master,Single,Gold,South,0
CUST103253,48,70032.0,10935.0,7687.0,411.0,13,3,70.3,108,Business,High School,Single,Standard,West,0
CUST103254,61,97035.0,43358.0,26114.0,843.0,23,0,60.23,41,Salaried,High School,Single,Standard,Central,0
CUST103255,56,92302.0,54769.0,19507.0,13218.0,25,3,35.62,42,Business,Doctorate,Single,Standard,West,0
CUST103256,57,74942.0,36372.0,22550.0,14141.0,30,1,62.0,16,Salaried,Bachelor,Married,Standard,East,0
CUST103257,41,125453.0,80418.0,4226.0,3353.0,24,2,5.26,70,Salaried,High School,Married,Gold,South,0
CUST103258,28,28190.0,5117.0,3668.0,230.0,28,2,71.68,75,Business,Bachelor,Married,Gold,South,0
CUST103259,29,85790.0,51603.0,9225.0,2270.0,25,1,17.88,72,Salaried,Master,Married,Gold,West,0
CUST103260,67,91742.0,51103.0,11247.0,5544.0,19,2,22.01,41,Salaried,Master,Single,Standard,West,0
CUST103261,35,32872.0,10096.0,427.0,119.0,30,1,4.23,99,Salaried,Bachelor,Single,Platinum,South,0
CUST103262,68,28440.0,18110.0,7460.0,4623.0,23,2,41.19,50,Self-Employed,Bachelor,Married,Standard,West,1
CUST103263,66,43126.0,12678.0,1791.0,,15,3,14.13,23,Salaried,Bachelor,Divorced,Standard,West,0
CUST103264,60,45175.0,26863.0,15394.0,5437.0,24,2,57.31,66,Self-Employed,Bachelor,Single,Standard,West,0
CUST103265,38,98373.0,58077.0,24372.0,17622.0,20,2,41.96,91,Salaried,Doctorate,Single,Gold,West,0
CUST103266,62,46358.0,24515.0,2983.0,743.0,25,0,12.17,49,Salaried,Doctorate,Widowed,Platinum,Central,0
CUST103267,40,40585.0,17522.0,7728.0,3978.0,27,1,44.1,66,Salaried,Bachelor,Widowed,Gold,South,0
CUST103268,26,46432.0,9751.0,2757.0,1311.0,26,1,28.27,79,Salaried,Bachelor,Married,Standard,West,0
CUST103269,32,120257.0,50025.0,31861.0,15165.0,22,4,63.69,62,Salaried,Bachelor,Single,Platinum,South,0
CUST103270,22,,21500.0,4434.0,1804.0,12,4,20.62,57,Salaried,Bachelor,Married,Platinum,Central,0
CUST103271,27,58898.0,32165.0,11314.0,3791.0,18,1,35.17,83,Salaried,Master,Single,Platinum,South,0
CUST103272,36,61184.0,32370.0,11394.0,,22,4,35.2,37,Salaried,Bachelor,Married,Gold,West,0
CUST103273,23,132293.0,80078.0,36711.0,3290.0,18,4,45.84,71,Salaried,Bachelor,Single,Platinum,Central,0
CUST103274,65,43049.0,6777.0,2019.0,228.0,31,1,29.79,67,Unemployed,Bachelor,Married,Gold,West,0
CUST103275,23,134010.0,74315.0,51786.0,14679.0,22,4,69.68,68,Self-Employed,High School,Single,Signature,West,0
CUST103276,47,72978.0,45190.0,25603.0,20698.0,24,2,56.66,34,Salaried,Master,Married,Gold,Central,0
CUST103277,70,59511.0,32413.0,17487.0,11473.0,25,1,53.95,118,Salaried,Bachelor,Married,Standard,South,0
CUST103278,63,257207.0,55325.0,38280.0,4659.0,27,2,,51,Salaried,Bachelor,Married,Standard,North,0
CUST103279,60,36372.0,6934.0,592.0,100.0,22,3,8.54,57,Salaried,High School,Single,Standard,Central,0
CUST103280,58,53510.0,8584.0,4618.0,1159.0,27,0,53.8,70,Student,Bachelor,Single,Gold,North,0
CUST103281,53,33001.0,15325.0,9344.0,3005.0,24,3,60.97,139,Salaried,Doctorate,Divorced,Standard,East,0
CUST103282,48,109754.0,51018.0,15871.0,6539.0,21,2,31.11,95,Salaried,Bachelor,Single,Standard,South,0
CUST103283,21,164587.0,105905.0,51112.0,,19,0,48.26,68,Business,Bachelor,Divorced,Standard,East,0
CUST103284,28,162852.0,56839.0,30398.0,15137.0,16,3,53.48,47,Student,Bachelor,Single,Standard,Central,0
CUST103285,57,127429.0,40262.0,8038.0,3154.0,18,1,19.96,180,Business,Bachelor,Single,Standard,North,0
CUST103286,52,58305.0,26949.0,13566.0,6405.0,15,2,50.34,58,Salaried,Bachelor,Married,Gold,,0
CUST103287,68,53171.0,29925.0,20138.0,9178.0,15,4,67.29,58,Student,Diploma,Widowed,Standard,North,0
CUST103288,63,25926.0,16032.0,5740.0,3046.0,32,4,35.8,49,Business,Master,Divorced,Standard,South,0
CUST103289,57,199162.0,109850.0,18640.0,2349.0,18,1,16.97,24,Salaried,,Married,Standard,West,0
CUST103290,24,84127.0,30566.0,4804.0,1949.0,18,2,15.72,61,Salaried,Bachelor,Married,Gold,South,0
CUST103291,50,49591.0,23182.0,7532.0,1117.0,12,2,32.49,98,Business,Master,Married,Standard,East,0
CUST103292,26,134938.0,78014.0,58159.0,40500.0,23,1,74.55,67,Salaried,Bachelor,Married,Gold,Central,0
CUST103293,66,38068.0,15048.0,7487.0,1833.0,16,1,49.75,87,Self-Employed,Bachelor,Married,Standard,Central,0
CUST103294,39,81291.0,21001.0,9870.0,3818.0,23,4,47.0,92,Salaried,Bachelor,Single,Standard,West,0
CUST103295,52,59112.0,13883.0,6623.0,4042.0,23,2,47.71,45,Self-Employed,Diploma,Married,Platinum,North,0
CUST103296,29,92357.0,13861.0,8834.0,3112.0,31,0,63.73,66,Salaried,Doctorate,Divorced,Gold,South,0
CUST103297,32,62767.0,31956.0,14609.0,2463.0,18,4,45.72,79,Self-Employed,Bachelor,Divorced,Signature,West,0
CUST103298,31,29265.0,6015.0,5270.0,811.0,26,1,87.61,79,Student,High School,Married,Standard,West,0
CUST103299,66,67759.0,18425.0,8369.0,574.0,18,2,45.42,15,Self-Employed,Doctorate,Single,Standard,South,1
CUST103300,36,115730.0,34596.0,24456.0,12823.0,29,2,70.69,115,Student,Bachelor,Single,Standard,South,0
CUST103301,21,63964.0,27517.0,20825.0,5714.0,23,1,75.68,35,Self-Employed,Bachelor,Married,Signature,West,0
CUST103302,65,99554.0,34742.0,17786.0,9373.0,16,2,51.19,81,,Master,Single,Gold,East,1
CUST103303,41,36574.0,17824.0,,3177.0,29,2,40.0,97,Salaried,Bachelor,Married,Standard,East,0
CUST103304,50,64068.0,11393.0,3585.0,1471.0,20,3,31.47,30,Salaried,Bachelor,Single,Standard,North,0
CUST103305,33,46104.0,9773.0,3661.0,883.0,26,0,37.46,71,Salaried,Diploma,Single,Gold,South,0
CUST103306,54,98025.0,39171.0,16196.0,2961.0,23,5,,86,Salaried,Master,Married,Gold,Central,0
CUST103307,24,513664.0,21063.0,11568.0,4881.0,26,1,54.92,43,Salaried,Bachelor,Single,Standard,South,0
CUST103308,48,95005.0,28303.0,8686.0,5110.0,20,2,30.69,108,Salaried,Bachelor,Single,Gold,West,0
CUST103309,58,118230.0,21697.0,6197.0,3830.0,19,1,28.56,33,Salaried,Bachelor,Single,Standard,East,0
CUST103310,51,95086.0,56848.0,9162.0,7243.0,15,1,16.12,59,Self-Employed,Master,Single,Standard,West,0
CUST103311,47,75535.0,37459.0,25000.0,11944.0,19,5,66.74,49,Self-Employed,Bachelor,Single,Platinum,West,0
CUST103312,25,37539.0,7914.0,3509.0,1778.0,18,1,44.34,86,Business,Bachelor,Married,Standard,Central,0
CUST103313,45,64900.0,11846.0,1065.0,502.0,23,2,8.99,46,Salaried,Bachelor,Single,Standard,West,0
CUST103314,23,48482.0,30904.0,11103.0,5799.0,21,3,35.93,48,,Diploma,Divorced,Standard,Central,0
CUST103315,53,53793.0,26390.0,6772.0,4513.0,10,2,25.66,48,Student,Bachelor,Married,Standard,North,1
CUST103316,24,52899.0,18976.0,9211.0,2489.0,19,2,48.54,108,Salaried,Master,Married,Signature,South,0
CUST103317,45,37918.0,18992.0,200.0,143.0,36,3,1.05,84,Self-Employed,Bachelor,Single,Gold,West,0
CUST103318,40,22150.0,11699.0,4001.0,2435.0,20,2,34.2,74,Self-Employed,High School,Single,Signature,East,0
CUST103319,54,45011.0,24305.0,4461.0,1193.0,22,1,18.35,168,Self-Employed,Bachelor,Single,Platinum,Central,0
CUST103320,46,,28118.0,9304.0,6413.0,26,1,33.09,37,Salaried,Doctorate,Married,Signature,North,0
CUST103321,25,30966.0,11301.0,6167.0,1585.0,22,4,54.57,108,Salaried,High School,Divorced,Signature,East,0
CUST103322,55,65563.0,10196.0,5686.0,2435.0,24,1,55.77,164,Salaried,High School,Single,Platinum,Central,0
CUST103323,48,184848.0,113363.0,54579.0,11624.0,20,1,48.15,30,Business,Bachelor,Divorced,Gold,West,0
CUST103324,49,114099.0,51533.0,10512.0,3975.0,17,1,20.4,153,Salaried,Doctorate,Married,Gold,,0
CUST103325,29,160507.0,40380.0,11452.0,1097.0,19,2,28.36,43,Business,High School,Married,Signature,East,0
CUST103326,58,80601.0,49151.0,9808.0,1676.0,24,1,19.95,58,Self-Employed,Bachelor,Married,Signature,South,0
CUST103327,70,123534.0,75043.0,25013.0,14309.0,30,2,33.33,52,Business,High School,Single,Signature,East,0
CUST103328,26,43650.0,28136.0,2294.0,1518.0,21,3,8.15,65,Student,Diploma,Married,Gold,South,0
CUST103329,39,45604.0,26771.0,4032.0,1679.0,29,3,15.06,57,Salaried,Bachelor,Married,Platinum,West,0
CUST103330,64,18000.0,11680.0,513.0,110.0,21,1,4.39,44,Salaried,Bachelor,Married,Gold,West,0
CUST103331,31,124807.0,33990.0,4929.0,1947.0,25,0,14.5,72,Unemployed,Bachelor,Married,Gold,North,0
CUST103332,22,151649.0,86611.0,19063.0,7294.0,19,1,22.01,57,Unemployed,Diploma,Married,Platinum,East,0
CUST103333,67,47949.0,26924.0,5815.0,1818.0,23,3,21.6,38,Salaried,Bachelor,Married,Platinum,East,0
CUST103334,64,56527.0,15006.0,1285.0,358.0,24,1,8.56,13,Business,Bachelor,Married,Platinum,South,0
CUST103335,64,42938.0,8554.0,3333.0,830.0,21,7,38.96,95,Salaried,Bachelor,Married,Platinum,Central,0
CUST103336,29,80226.0,51321.0,30891.0,16968.0,20,2,60.19,76,Salaried,Master,Single,Standard,East,0
CUST103337,41,120675.0,35963.0,26182.0,13904.0,14,3,72.8,36,Self-Employed,Master,Single,Gold,Central,0
CUST103338,44,24925.0,14592.0,8545.0,2963.0,22,3,58.56,27,Salaried,Doctorate,Married,Standard,North,0
CUST103339,54,81417.0,12381.0,2994.0,1601.0,18,1,24.18,39,Student,Diploma,Married,Standard,West,0
CUST103340,42,55825.0,8961.0,5577.0,4059.0,19,1,62.24,56,Self-Employed,Doctorate,Married,Signature,North,0
CUST103341,23,69183.0,26493.0,12398.0,8969.0,19,1,46.8,72,Business,Diploma,Married,Platinum,North,0
CUST103342,32,83666.0,22536.0,11176.0,6903.0,22,0,49.59,40,Salaried,Master,Married,Standard,North,0
CUST103343,48,58608.0,29006.0,7842.0,599.0,25,2,27.04,85,Student,Master,Single,Gold,West,1
CUST103344,50,61400.0,26573.0,4972.0,3727.0,19,0,18.71,46,Salaried,Bachelor,Married,Standard,Central,0
CUST103345,46,57787.0,10907.0,3188.0,1150.0,14,0,29.23,81,Self-Employed,Master,Single,Standard,West,0
CUST103346,68,110837.0,25638.0,3180.0,1102.0,17,5,12.4,27,Self-Employed,Bachelor,Single,Standard,South,1
CUST103347,41,81835.0,28153.0,14187.0,6940.0,29,2,50.39,35,Salaried,Bachelor,Single,Standard,West,0
CUST103348,48,73384.0,17818.0,6326.0,777.0,20,0,35.5,72,Unemployed,High School,Married,Gold,East,0
CUST103349,46,32310.0,17645.0,7317.0,3592.0,25,0,41.47,60,Salaried,Bachelor,Single,Standard,South,0
CUST103350,53,52782.0,18898.0,13977.0,5295.0,21,2,73.96,103,Business,Bachelor,Married,Standard,East,0
CUST103351,41,106554.0,20961.0,3626.0,2849.0,22,4,17.3,133,Self-Employed,Diploma,Divorced,Gold,East,0
CUST103352,55,66362.0,26025.0,1715.0,1223.0,18,1,6.59,52,Salaried,Bachelor,Single,Gold,East,0
CUST103353,54,93422.0,18256.0,9246.0,3691.0,19,1,50.65,20,Student,Master,Single,Platinum,North,0
CUST103354,61,171738.0,36832.0,12049.0,5795.0,25,0,32.71,74,Salaried,Bachelor,Divorced,Gold,North,0
CUST103355,67,115079.0,31049.0,12979.0,9541.0,25,3,41.8,23,Salaried,Doctorate,Married,Standard,East,1
CUST103356,38,68417.0,39666.0,21364.0,13880.0,21,0,53.86,108,Salaried,Bachelor,Single,Gold,South,0
CUST103357,31,,30049.0,25790.0,4584.0,32,1,85.83,86,Salaried,Diploma,Married,Signature,South,0
CUST103358,43,18000.0,10136.0,6329.0,4975.0,27,4,62.44,41,Self-Employed,Bachelor,Single,Platinum,South,0
CUST103359,68,59251.0,18785.0,6353.0,3674.0,25,5,33.82,98,Salaried,High School,Married,Standard,West,0
CUST103360,42,54330.0,15551.0,3646.0,2133.0,29,2,23.45,34,Salaried,Bachelor,Married,Gold,North,0
CUST103361,37,80567.0,34207.0,13484.0,9873.0,16,1,39.42,82,Business,Diploma,Divorced,Standard,Central,0
CUST103362,25,59724.0,30515.0,6719.0,3873.0,25,4,22.02,45,Unemployed,Bachelor,Married,Standard,East,0
CUST103363,64,54499.0,35244.0,20077.0,7680.0,26,2,56.97,119,Business,Master,Divorced,Standard,South,0
CUST103364,31,24428.0,5271.0,4024.0,1035.0,22,3,76.34,101,Salaried,Bachelor,Married,Standard,North,0
CUST103365,50,38761.0,6769.0,5903.0,1546.0,24,2,87.21,81,Salaried,Bachelor,Married,Platinum,South,0
CUST103366,35,84483.0,42003.0,18055.0,1856.0,14,2,42.99,114,Self-Employed,Diploma,Married,Signature,West,0
CUST103367,47,167024.0,94554.0,,5100.0,19,1,27.96,27,Student,Master,Married,Standard,West,0
CUST103368,55,61605.0,35310.0,15864.0,,19,3,44.93,93,Self-Employed,Bachelor,Married,Standard,West,0
CUST103369,53,77842.0,38083.0,13622.0,5153.0,30,0,35.77,77,Self-Employed,,Single,Standard,East,0
CUST103370,40,109755.0,68817.0,9948.0,3248.0,31,1,14.46,52,Salaried,Diploma,Married,Standard,South,0
CUST103371,36,41612.0,16874.0,7411.0,4918.0,25,3,43.92,51,Self-Employed,High School,Married,,East,0
CUST103372,54,79530.0,48267.0,11455.0,9763.0,23,3,23.73,56,Salaried,Bachelor,Married,Standard,Central,1
CUST103373,22,43255.0,27420.0,10252.0,5147.0,19,2,37.39,39,Self-Employed,High School,Married,Gold,Central,0
CUST103374,55,104589.0,59990.0,25123.0,21078.0,19,4,41.88,26,Business,Bachelor,Single,Standard,West,0
CUST103375,60,,21538.0,15997.0,10804.0,13,1,74.27,32,Unemployed,Bachelor,Married,Platinum,,0
CUST103376,48,76595.0,19004.0,12700.0,4592.0,22,0,66.83,39,Business,Diploma,Married,Gold,Central,0
CUST103377,67,42265.0,17923.0,4739.0,1915.0,19,1,26.44,37,Business,Doctorate,Married,Standard,West,0
CUST103378,59,95895.0,36105.0,18825.0,14451.0,29,2,52.14,53,Salaried,Bachelor,Single,Gold,East,0
CUST103379,26,204584.0,120475.0,78117.0,35142.0,12,4,64.84,25,Business,High School,Single,Standard,East,1
CUST103380,29,37339.0,7468.0,1754.0,1298.0,25,2,23.49,82,Salaried,High School,Single,Gold,East,0
CUST103381,40,53921.0,15037.0,6857.0,550.0,22,1,45.6,95,Salaried,Bachelor,Married,Platinum,East,0
CUST103382,21,73830.0,38827.0,10146.0,1692.0,20,4,26.13,31,Student,Master,Married,Standard,South,1
CUST103383,28,100174.0,19784.0,8137.0,223.0,20,0,41.13,38,Salaried,Diploma,Single,Standard,Central,0
CUST103384,43,47781.0,14830.0,7439.0,5287.0,12,0,50.16,55,Salaried,Bachelor,Married,Gold,East,0
CUST103385,23,18000.0,6184.0,3976.0,3204.0,21,1,64.29,78,Salaried,Doctorate,Married,Standard,South,0
CUST103386,24,137269.0,63322.0,50759.0,29303.0,20,1,80.16,95,Salaried,Bachelor,Married,Gold,South,0
CUST103387,45,98757.0,22622.0,15355.0,3411.0,25,3,67.88,37,Salaried,Bachelor,Married,Gold,North,0
CUST103388,67,24922.0,14462.0,9691.0,3180.0,22,2,67.01,31,Self-Employed,Bachelor,Married,Signature,East,0
CUST103389,58,46536.0,17394.0,6978.0,3965.0,27,2,40.12,67,Student,Bachelor,Single,Standard,South,0
CUST103390,35,153990.0,93705.0,19680.0,1965.0,30,1,21.0,80,Business,Doctorate,Married,Standard,East,0
CUST103391,41,144124.0,55334.0,5998.0,3163.0,21,0,10.84,66,Self-Employed,Master,Divorced,Platinum,Central,0
CUST103392,55,108923.0,31318.0,20464.0,14085.0,17,4,65.34,33,Business,High School,Married,Standard,Central,0
CUST103393,66,58999.0,13034.0,8185.0,5163.0,23,0,62.8,64,Salaried,High School,Single,Standard,South,0
CUST103394,34,68036.0,10333.0,5007.0,2188.0,23,4,48.46,34,Student,High School,Single,Standard,South,0
CUST103395,56,60484.0,25166.0,219.0,144.0,15,1,1.0,62,Salaried,Bachelor,Married,Standard,North,0
CUST103396,32,120895.0,24612.0,7749.0,1558.0,16,1,31.48,25,Salaried,Bachelor,Married,Standard,South,0
CUST103397,37,40152.0,13887.0,2928.0,1506.0,13,0,21.08,26,Business,Master,Widowed,Gold,East,0
CUST103398,59,41729.0,18554.0,8628.0,3776.0,18,5,46.5,79,Student,Bachelor,Married,Gold,East,0
CUST103399,29,113300.0,32613.0,2588.0,1339.0,21,2,7.94,101,Salaried,Doctorate,Married,Standard,North,0
CUST103400,55,63433.0,15072.0,6139.0,2352.0,21,1,40.73,40,Salaried,Master,Divorced,Gold,South,0
CUST103401,33,138732.0,74549.0,23089.0,13730.0,26,1,30.97,101,Business,Master,Single,Standard,North,0
CUST103402,35,44928.0,28008.0,11007.0,7442.0,25,1,39.3,50,Self-Employed,Diploma,Married,Platinum,West,0
CUST103403,38,63071.0,12628.0,5150.0,3344.0,25,1,40.78,82,Student,Bachelor,Single,Standard,South,0
CUST103404,53,39137.0,8915.0,2992.0,2118.0,21,3,33.56,81,Salaried,High School,Divorced,Gold,East,0
CUST103405,26,65264.0,41117.0,5231.0,1161.0,26,1,12.72,48,Self-Employed,Bachelor,Married,Standard,East,0
CUST103406,47,28823.0,4868.0,2118.0,1401.0,29,1,43.51,75,Salaried,Master,Single,Signature,East,0
CUST103407,43,49709.0,31755.0,7410.0,5398.0,25,1,23.33,45,Unemployed,Bachelor,Married,Standard,West,0
CUST103408,47,29502.0,4494.0,2226.0,508.0,28,2,49.53,52,Salaried,Diploma,Divorced,Standard,South,0
CUST103409,54,95206.0,55870.0,25131.0,10352.0,25,1,44.98,79,Self-Employed,Diploma,Single,Standard,South,0
CUST103410,66,96401.0,29273.0,,8985.0,27,5,48.02,52,Self-Employed,Master,Married,Standard,South,1
CUST103411,58,25097.0,15542.0,6249.0,4348.0,20,2,40.21,68,Salaried,Bachelor,Married,Gold,West,1
CUST103412,34,135372.0,41759.0,21960.0,5885.0,26,3,52.59,113,Salaried,Bachelor,Divorced,Standard,East,0
CUST103413,56,256715.0,122492.0,27059.0,5050.0,21,1,22.09,63,Self-Employed,Bachelor,Widowed,Standard,Central,0
CUST103414,28,66666.0,12668.0,4884.0,2257.0,21,0,38.55,81,Salaried,Bachelor,Single,Standard,West,0
CUST103415,55,45685.0,12388.0,7932.0,2750.0,24,2,64.03,38,Salaried,Master,Married,Standard,West,0
CUST103416,39,307283.0,150000.0,100000.0,74150.0,28,0,66.67,76,Student,Bachelor,Married,Platinum,West,0
CUST103417,50,31467.0,13038.0,6589.0,3436.0,15,4,50.54,59,Salaried,Bachelor,Divorced,Standard,East,0
CUST103418,34,65723.0,40353.0,6678.0,1705.0,20,1,16.55,34,Salaried,Doctorate,Married,,West,0
CUST103419,40,71749.0,26144.0,8111.0,4514.0,16,3,31.02,13,Self-Employed,Bachelor,Single,Standard,West,0
CUST103420,69,136213.0,79672.0,23611.0,7291.0,19,0,29.64,31,Student,Diploma,Married,Standard,South,1
CUST103421,45,79221.0,29666.0,16364.0,11226.0,12,2,55.16,65,Salaried,Bachelor,Single,Gold,North,0
CUST103422,60,49409.0,31603.0,8550.0,6547.0,20,1,27.05,78,Self-Employed,Master,Single,Signature,East,0
CUST103423,44,38522.0,24266.0,1567.0,595.0,18,3,6.46,89,Salaried,High School,Married,Standard,East,0
CUST103424,34,53860.0,16943.0,12092.0,6403.0,22,2,71.37,44,Student,Diploma,Married,Signature,South,0
CUST103425,46,37359.0,22152.0,5393.0,424.0,17,1,24.35,52,Self-Employed,High School,Single,Standard,West,0
CUST103426,58,66732.0,38291.0,15457.0,10676.0,25,4,40.37,62,Salaried,Master,Married,Gold,North,0
CUST103427,43,47659.0,12169.0,6247.0,1948.0,21,0,51.34,55,Salaried,Diploma,Married,Standard,West,0
CUST103428,42,28579.0,13208.0,4295.0,2306.0,18,1,32.52,68,Salaried,Master,Single,Platinum,South,0
CUST103429,68,129634.0,24156.0,7723.0,2812.0,23,0,31.97,65,Business,Bachelor,Single,Gold,West,0
CUST103430,39,49435.0,28097.0,26051.0,7155.0,20,0,92.72,24,Salaried,Doctorate,Divorced,Platinum,Central,0
CUST103431,66,32360.0,7678.0,2282.0,1054.0,19,2,29.72,106,Salaried,Bachelor,Divorced,Gold,South,0
CUST103432,23,59255.0,10986.0,7555.0,1086.0,12,2,68.77,19,Salaried,Doctorate,Single,Gold,East,0
CUST103433,62,67491.0,23629.0,6220.0,1986.0,16,1,26.32,115,Unemployed,Doctorate,Married,,North,0
CUST103434,39,24874.0,10906.0,7179.0,3294.0,19,0,65.83,69,Student,High School,Divorced,Gold,North,0
CUST103435,29,78007.0,45046.0,8827.0,3174.0,13,0,19.6,30,Salaried,High School,Married,Platinum,North,0
CUST103436,48,36542.0,23282.0,4331.0,1940.0,16,0,18.6,118,Self-Employed,Bachelor,Single,Gold,Central,0
CUST103437,40,166576.0,61591.0,37859.0,28593.0,23,2,61.47,76,Self-Employed,Bachelor,Married,Standard,North,0
CUST103438,65,86710.0,15627.0,5577.0,1272.0,19,2,35.69,54,Self-Employed,Bachelor,Single,Gold,East,0
CUST103439,27,513664.0,27365.0,22536.0,6361.0,24,1,82.35,36,Salaried,High School,Married,Signature,North,0
CUST103440,34,43144.0,18664.0,7938.0,1957.0,31,0,42.53,70,Salaried,Master,Married,Platinum,West,0
CUST103441,29,61354.0,22943.0,12215.0,9407.0,25,2,53.24,35,Salaried,Diploma,Married,Standard,East,0
CUST103442,39,91051.0,27737.0,7550.0,2766.0,30,3,27.22,93,Salaried,Diploma,Married,Standard,South,0
CUST103443,67,64095.0,25715.0,4473.0,674.0,26,4,17.39,37,Salaried,Master,Single,Signature,East,1
CUST103444,34,57682.0,18420.0,5710.0,2579.0,23,2,31.0,73,Salaried,High School,Married,Standard,South,1
CUST103445,58,67121.0,35474.0,2680.0,1072.0,18,1,7.55,26,Salaried,Master,Married,Standard,North,0
CUST103446,56,46631.0,19676.0,10425.0,1411.0,26,3,52.98,45,Self-Employed,High School,Widowed,Standard,West,0
CUST103447,60,53819.0,31668.0,8645.0,6223.0,21,2,27.3,36,Salaried,Master,Single,Standard,South,0
CUST103448,37,20639.0,8705.0,3589.0,976.0,15,0,41.23,90,Self-Employed,Master,Single,Gold,East,0
CUST103449,50,111045.0,29886.0,14788.0,,34,2,49.48,40,Salaried,Bachelor,Married,Standard,North,0
CUST103450,29,76610.0,44093.0,11043.0,2091.0,18,2,25.04,96,Salaried,Bachelor,Married,Standard,,0
CUST103451,53,42478.0,18206.0,8247.0,5188.0,17,1,45.3,140,Salaried,Diploma,Single,Platinum,East,0
CUST103452,45,184692.0,46805.0,17610.0,6427.0,20,1,37.62,101,Self-Employed,Master,Divorced,Standard,West,0
CUST103453,34,68186.0,31485.0,,4299.0,25,2,30.55,65,Salaried,High School,Married,Platinum,,0
CUST103454,31,36764.0,12090.0,5072.0,2556.0,22,3,41.95,32,Self-Employed,Doctorate,Married,Gold,West,0
CUST103455,55,104125.0,59581.0,17052.0,4765.0,28,2,28.62,31,Salaried,Master,Married,Standard,South,0
CUST103456,61,80908.0,30474.0,22653.0,8410.0,15,3,74.34,44,Student,Bachelor,Single,Signature,West,0
CUST103457,34,80754.0,41445.0,5368.0,2385.0,24,1,12.95,51,Salaried,Doctorate,Married,Standard,,0
CUST103458,50,51430.0,10171.0,3928.0,2048.0,25,0,38.62,108,Salaried,Bachelor,Married,Standard,Central,0
CUST103459,61,83276.0,28981.0,4777.0,1191.0,21,2,16.48,51,Business,High School,Married,Platinum,South,0
CUST103460,24,56285.0,36114.0,29355.0,16368.0,26,2,81.28,48,Business,Bachelor,Single,Platinum,West,0
CUST103461,24,88248.0,48910.0,34628.0,7708.0,20,2,70.8,88,Salaried,Bachelor,Married,Gold,West,0
CUST103462,48,22798.0,5243.0,3584.0,2201.0,17,3,68.36,44,Salaried,Bachelor,Married,Standard,North,0
CUST103463,28,51201.0,14791.0,521.0,148.0,23,0,3.52,61,Self-Employed,High School,Married,Standard,West,0
CUST103464,22,167599.0,52778.0,29027.0,2381.0,25,1,55.0,21,Business,Diploma,Single,Standard,South,0
CUST103465,61,42628.0,20256.0,7018.0,3338.0,21,1,34.65,37,Business,Master,Single,Gold,East,0
CUST103466,66,46631.0,24644.0,14930.0,4182.0,19,2,60.58,58,Self-Employed,Bachelor,Married,Platinum,East,1
CUST103467,42,50806.0,26661.0,11044.0,5600.0,22,5,41.42,64,Business,Master,Married,Standard,East,0
CUST103468,61,33323.0,13494.0,4284.0,1126.0,15,1,31.75,44,Salaried,Doctorate,Single,Standard,West,0
CUST103469,36,19295.0,10717.0,5656.0,2686.0,25,1,52.78,32,Self-Employed,Master,Married,Standard,West,0
CUST103470,49,57258.0,21102.0,12654.0,5684.0,17,2,59.97,16,Salaried,Bachelor,Single,Platinum,South,0
CUST103471,69,70043.0,14845.0,6077.0,4062.0,28,0,40.94,55,Business,Bachelor,Married,Gold,North,0
CUST103472,68,63150.0,27295.0,15051.0,9273.0,27,0,55.14,110,Salaried,Bachelor,Divorced,Gold,North,1
CUST103473,50,60022.0,37583.0,13956.0,2882.0,13,1,37.13,84,Salaried,Master,Married,Gold,West,0
CUST103474,32,66557.0,36373.0,19316.0,3780.0,37,1,53.11,82,Student,Master,Single,Platinum,East,0
CUST103475,55,114086.0,50124.0,42707.0,2785.0,28,2,85.2,49,Business,Master,Single,Signature,North,0
CUST103476,31,58536.0,27711.0,11720.0,8147.0,10,5,42.29,29,Business,Master,Married,Signature,East,0
CUST103477,66,47401.0,29165.0,7038.0,1663.0,22,1,24.13,68,Salaried,Master,Married,Gold,Central,0
CUST103478,70,55688.0,20280.0,7521.0,1362.0,16,1,37.09,67,Self-Employed,Master,Single,Standard,East,0
CUST103479,41,89392.0,28221.0,11960.0,7004.0,12,1,42.38,50,Self-Employed,Master,Married,Platinum,Central,0
CUST103480,41,141316.0,90247.0,42813.0,19239.0,19,1,47.44,61,Business,Master,Single,Gold,North,0
CUST103481,25,46012.0,26766.0,18287.0,3738.0,15,2,68.32,39,Salaried,Bachelor,Married,Platinum,Central,0
CUST103482,68,68635.0,21381.0,9175.0,1979.0,32,2,42.91,97,Self-Employed,Bachelor,Divorced,Standard,East,0
CUST103483,40,78295.0,29900.0,13973.0,12353.0,21,2,46.73,87,Salaried,Bachelor,Married,Gold,East,0
CUST103484,57,37655.0,13463.0,6102.0,4875.0,21,2,45.32,69,Student,Bachelor,Single,Standard,North,0
CUST103485,23,65734.0,14760.0,4594.0,3028.0,15,0,31.12,40,Unemployed,Master,Married,Standard,East,0
CUST103486,64,29028.0,18256.0,6371.0,3088.0,18,3,34.9,40,Salaried,Diploma,Married,Standard,East,0
CUST103487,53,24567.0,8651.0,1613.0,907.0,22,2,18.65,106,Salaried,Bachelor,Single,Gold,North,0
CUST103488,29,79527.0,46735.0,15341.0,9086.0,20,1,32.83,63,Salaried,Bachelor,Divorced,Standard,South,0
CUST103489,29,52628.0,12877.0,4423.0,2644.0,17,5,34.35,95,Salaried,Doctorate,Married,Standard,Central,0
CUST103490,24,72649.0,30798.0,890.0,272.0,26,2,2.89,116,Self-Employed,Bachelor,Divorced,Platinum,North,0
CUST103491,55,64363.0,10426.0,2846.0,1963.0,29,1,27.3,35,Salaried,High School,Married,Platinum,East,0
CUST103492,37,513664.0,20216.0,12945.0,6606.0,22,1,64.03,92,Self-Employed,Bachelor,Married,Platinum,West,0
CUST103493,54,63402.0,27926.0,13167.0,1199.0,17,2,47.15,70,Self-Employed,Bachelor,Married,Standard,Central,0
CUST103494,44,32989.0,15267.0,1306.0,698.0,23,3,8.55,144,Business,Master,Divorced,Standard,West,0
CUST103495,52,139689.0,24566.0,7800.0,5265.0,20,1,31.75,4,Salaried,Master,Single,Gold,North,0
CUST103496,21,30834.0,7879.0,5083.0,1863.0,23,1,64.51,75,Business,Diploma,Widowed,Gold,West,0
CUST103497,28,58364.0,10924.0,2217.0,462.0,36,1,,81,Salaried,High School,Married,Standard,West,0
CUST103498,65,36640.0,10789.0,5755.0,392.0,26,2,53.34,21,Self-Employed,Master,Single,Standard,East,0
CUST103499,43,88954.0,41250.0,,27044.0,25,0,76.95,74,Student,Bachelor,Married,Gold,South,0
CUST103500,67,54169.0,23460.0,4959.0,1799.0,20,0,21.14,177,Business,High School,Married,Gold,South,0
CUST103501,60,48868.0,22287.0,6048.0,3183.0,15,1,27.14,40,Student,Doctorate,Married,Standard,Central,0
CUST103502,32,103923.0,44128.0,5722.0,4567.0,19,2,12.97,63,Salaried,Master,Single,Gold,Central,0
CUST103503,32,66061.0,18927.0,2929.0,,23,1,15.48,54,Business,Master,Single,Gold,South,0
CUST103504,66,86361.0,23512.0,10948.0,4270.0,27,2,46.56,53,Salaried,High School,Divorced,Standard,North,0
CUST103505,67,37889.0,8280.0,3622.0,2517.0,24,4,43.74,27,Salaried,Diploma,Married,Standard,West,0
CUST103506,35,30016.0,17245.0,9681.0,2392.0,21,2,56.14,96,Salaried,Bachelor,Married,Standard,East,0
CUST103507,61,68948.0,31595.0,6029.0,1570.0,27,0,19.08,63,Salaried,High School,Single,Standard,West,1
CUST103508,39,54545.0,13268.0,3729.0,710.0,21,2,28.11,32,Business,Master,Married,Gold,Central,0
CUST103509,46,91737.0,21889.0,18301.0,6396.0,19,3,83.61,44,Self-Employed,High School,Single,Standard,Central,0
CUST103510,49,62205.0,36484.0,24085.0,6263.0,25,2,66.02,87,Salaried,Diploma,Single,Gold,West,0
CUST103511,42,72761.0,37935.0,24991.0,22453.0,15,1,65.88,49,Self-Employed,Bachelor,Married,Gold,South,0
CUST103512,60,26616.0,12768.0,5726.0,965.0,33,1,44.85,73,Salaried,Bachelor,Married,Standard,West,0
CUST103513,41,183649.0,64907.0,17415.0,3603.0,22,4,26.83,56,Salaried,Diploma,Married,Gold,West,0
CUST103514,58,59386.0,16687.0,4957.0,1314.0,20,1,29.71,43,Salaried,Doctorate,Married,Gold,North,0
CUST103515,40,95398.0,61029.0,56729.0,44546.0,26,4,92.95,53,Self-Employed,Doctorate,Widowed,Standard,South,0
CUST103516,49,41040.0,22515.0,7122.0,1350.0,16,1,31.63,43,Salaried,Bachelor,Married,Gold,South,0
CUST103517,24,76999.0,23168.0,4388.0,2127.0,17,4,18.94,63,Salaried,High School,Single,Gold,West,0
CUST103518,27,31748.0,18216.0,10464.0,2437.0,25,3,,67,Salaried,Master,Married,Standard,North,0
CUST103519,48,83348.0,44130.0,5935.0,1548.0,29,1,13.45,19,Business,Doctorate,Married,Gold,West,0
CUST103520,48,53442.0,15955.0,10743.0,6440.0,19,1,67.33,105,Salaried,Doctorate,Married,Standard,East,0
CUST103521,24,66052.0,23995.0,12397.0,4834.0,29,1,51.66,126,Self-Employed,Bachelor,Married,Gold,Central,0
CUST103522,42,95419.0,23185.0,10678.0,8242.0,20,2,46.06,72,Salaried,Diploma,Single,Standard,East,0
CUST103523,32,32999.0,6782.0,264.0,100.0,29,1,3.89,55,Self-Employed,Master,Single,Standard,North,0
CUST103524,65,44608.0,22812.0,1513.0,1154.0,28,2,6.63,63,Salaried,Bachelor,Single,Standard,Central,0
CUST103525,23,83589.0,23719.0,10650.0,1872.0,19,7,44.9,39,Unemployed,Bachelor,Single,Standard,East,0
CUST103526,42,206110.0,115428.0,46819.0,11574.0,17,2,40.56,35,Self-Employed,High School,Married,Standard,West,0
CUST103527,64,60246.0,39028.0,23492.0,7594.0,21,2,60.19,19,Student,Diploma,Divorced,Platinum,West,0
CUST103528,22,89973.0,16943.0,9914.0,4278.0,25,3,58.51,26,Salaried,Bachelor,Single,Platinum,West,0
CUST103529,44,61286.0,23688.0,18643.0,5463.0,25,2,78.7,80,Self-Employed,Diploma,Divorced,Gold,West,0
CUST103530,54,189166.0,104236.0,33046.0,19386.0,36,0,31.7,47,Self-Employed,Bachelor,Single,Platinum,South,0
CUST103531,47,24864.0,13538.0,1920.0,1239.0,19,3,14.18,88,Business,Master,Divorced,Standard,Central,0
CUST103532,61,68472.0,36290.0,11398.0,6256.0,26,4,31.41,73,Self-Employed,Doctorate,Single,Gold,North,0
CUST103533,21,26585.0,8627.0,1539.0,362.0,27,2,17.84,64,Salaried,High School,Single,Platinum,South,0
CUST103534,28,18000.0,6785.0,2970.0,1250.0,28,2,43.77,40,Salaried,Master,Married,Gold,East,0
CUST103535,43,76554.0,34257.0,9127.0,4935.0,24,1,26.64,89,Salaried,High School,Married,Gold,North,0
CUST103536,58,70183.0,44704.0,24175.0,16132.0,19,4,54.08,36,Salaried,Master,Married,Standard,North,0
CUST103537,26,55575.0,17438.0,5785.0,3839.0,22,2,33.17,55,Salaried,Master,Married,Standard,North,0
CUST103538,42,61312.0,37497.0,27083.0,22073.0,26,0,72.23,32,Salaried,Bachelor,Single,Platinum,Central,0
CUST103539,45,350000.0,99637.0,14526.0,10533.0,19,1,14.58,31,Self-Employed,Bachelor,Single,Standard,East,0
CUST103540,38,,36349.0,21531.0,10575.0,28,3,59.23,81,Business,Bachelor,Divorced,Standard,North,1
CUST103541,37,86052.0,41747.0,28867.0,16639.0,25,3,69.15,23,Salaried,Bachelor,Single,Standard,West,0
CUST103542,32,45478.0,17361.0,4955.0,1642.0,16,4,28.54,74,Business,Doctorate,Married,Gold,East,0
CUST103543,26,76460.0,34919.0,13812.0,9525.0,25,1,39.55,71,Business,Doctorate,Divorced,Gold,North,0
CUST103544,46,57018.0,16322.0,6035.0,549.0,28,3,36.97,45,Salaried,High School,Single,Standard,East,1
CUST103545,47,51863.0,14889.0,2180.0,686.0,22,2,14.64,46,Self-Employed,Master,Married,Gold,South,0
CUST103546,28,176758.0,36550.0,23076.0,17780.0,25,3,63.14,12,Salaried,Master,Single,Standard,West,0
CUST103547,39,124193.0,25711.0,11442.0,4945.0,23,3,44.5,35,Salaried,Master,Married,Standard,Central,0
CUST103548,62,70077.0,22693.0,,7097.0,26,0,62.57,69,Self-Employed,Master,Married,Standard,West,0
CUST103549,21,18303.0,9727.0,4566.0,2242.0,14,1,46.94,112,Salaried,Bachelor,Single,Platinum,East,0
CUST103550,49,53294.0,24195.0,13298.0,6363.0,23,3,54.96,119,Self-Employed,Diploma,Single,Gold,East,0
CUST103551,65,287451.0,57862.0,12822.0,1769.0,20,3,22.16,83,Business,Bachelor,Single,Standard,West,0
CUST103552,69,57255.0,32986.0,18448.0,5157.0,19,2,55.93,41,Unemployed,Bachelor,Married,Gold,South,1
CUST103553,55,119242.0,53740.0,8913.0,3011.0,19,2,16.59,40,Student,Bachelor,Widowed,Platinum,North,0
CUST103554,60,143661.0,90568.0,77370.0,55016.0,20,1,85.43,73,Unemployed,Bachelor,Single,Standard,East,0
CUST103555,34,73319.0,35567.0,12185.0,2346.0,17,0,34.26,81,Unemployed,Diploma,Single,Platinum,West,0
CUST103556,55,40910.0,9720.0,1076.0,406.0,21,0,11.07,55,Salaried,Bachelor,Single,Standard,South,0
CUST103557,68,18000.0,6964.0,1302.0,431.0,20,1,18.7,45,Unemployed,Master,Married,,North,0
CUST103558,65,94696.0,44909.0,27988.0,9791.0,21,3,62.32,37,Salaried,Doctorate,Married,Standard,West,0
CUST103559,40,41524.0,6815.0,4136.0,946.0,18,1,60.69,26,Student,Diploma,Married,Standard,West,0
CUST103560,69,71613.0,11276.0,7654.0,3457.0,27,1,67.88,62,Self-Employed,Bachelor,Single,Platinum,West,0
CUST103561,33,32687.0,7018.0,4272.0,2268.0,24,1,60.87,120,Student,Master,Divorced,Gold,East,0
CUST103562,58,56177.0,15495.0,6531.0,2730.0,16,2,42.15,81,Unemployed,Bachelor,Divorced,Gold,South,0
CUST103563,69,66217.0,24154.0,9138.0,4414.0,22,0,37.83,21,Student,High School,Married,Gold,South,0
CUST103564,66,75348.0,29666.0,16335.0,7255.0,27,1,55.06,53,Business,Bachelor,Married,Gold,North,0
CUST103565,69,35207.0,7711.0,1307.0,818.0,22,1,16.95,37,Salaried,Master,Divorced,Gold,South,0
CUST103566,28,125548.0,61104.0,40515.0,17506.0,22,0,66.3,70,Student,,Married,Platinum,West,0
CUST103567,63,46810.0,20974.0,12500.0,5070.0,25,4,59.6,98,Salaried,Bachelor,Married,Signature,West,0
CUST103568,40,25879.0,7692.0,4355.0,1783.0,24,0,56.62,64,Self-Employed,Bachelor,Married,Gold,Central,0
CUST103569,53,61217.0,9601.0,2981.0,1696.0,27,1,31.05,43,Self-Employed,Master,Divorced,Standard,North,0
CUST103570,46,66241.0,12508.0,4729.0,2750.0,28,3,37.81,98,Self-Employed,Master,Single,Gold,North,0
CUST103571,59,71002.0,24556.0,8661.0,1641.0,24,4,35.27,76,Business,Bachelor,Single,Gold,West,0
CUST103572,41,137491.0,31209.0,3204.0,1016.0,24,3,10.27,42,Salaried,Bachelor,Married,Gold,East,0
CUST103573,69,57074.0,19314.0,12566.0,7091.0,38,3,65.06,71,Salaried,Bachelor,Single,Standard,West,0
CUST103574,62,60861.0,28245.0,5500.0,2637.0,19,1,19.47,58,Self-Employed,Diploma,Single,Gold,South,0
CUST103575,63,35433.0,15010.0,3820.0,838.0,21,2,25.45,160,Business,Bachelor,Married,Platinum,South,0
CUST103576,61,102073.0,27109.0,18434.0,12788.0,16,2,68.0,91,Salaried,Diploma,Single,Standard,West,0
CUST103577,29,71935.0,23157.0,16305.0,5204.0,24,0,70.41,69,Salaried,Diploma,Divorced,Standard,South,0
CUST103578,44,51592.0,23578.0,14713.0,5335.0,27,4,62.4,31,Salaried,,Single,Signature,South,0
CUST103579,57,22801.0,13234.0,1714.0,808.0,26,5,12.95,72,Unemployed,Diploma,Married,Platinum,South,0
CUST103580,69,143856.0,75756.0,24015.0,20709.0,20,1,31.7,43,Unemployed,Bachelor,Single,Standard,South,0
CUST103581,61,33088.0,14119.0,7594.0,3519.0,23,1,53.79,46,Self-Employed,High School,Married,Standard,North,0
CUST103582,37,46955.0,15549.0,5329.0,3098.0,26,2,34.27,30,Salaried,Bachelor,Married,Signature,West,0
CUST103583,44,79160.0,26323.0,5669.0,2926.0,28,1,21.54,26,Salaried,Master,Widowed,Platinum,West,0
CUST103584,41,33659.0,19849.0,7010.0,2833.0,26,2,35.32,49,Unemployed,,Married,Gold,West,0
CUST103585,59,28587.0,4849.0,2962.0,933.0,18,4,61.08,11,Student,Master,Single,Platinum,North,0
CUST103586,61,20211.0,13016.0,3183.0,2218.0,18,1,24.45,40,Salaried,Diploma,Single,Gold,Central,0
CUST103587,59,96634.0,46596.0,14514.0,3060.0,24,3,31.15,39,Self-Employed,High School,Single,Gold,South,0
CUST103588,33,48160.0,23626.0,19649.0,4765.0,19,3,83.17,41,Unemployed,Master,Single,Platinum,Central,0
CUST103589,31,325182.0,54955.0,15880.0,8672.0,21,1,28.9,99,Salaried,Doctorate,Married,Standard,South,0
CUST103590,66,37618.0,17032.0,,1074.0,28,0,31.24,43,Self-Employed,Bachelor,Married,Gold,North,0
CUST103591,39,39157.0,15365.0,12840.0,6671.0,18,1,83.57,15,Unemployed,Bachelor,Divorced,Platinum,East,0
CUST103592,31,47628.0,9663.0,5170.0,2280.0,28,0,53.5,25,Student,Bachelor,Single,Standard,East,0
CUST103593,33,74300.0,21470.0,14020.0,2746.0,29,2,65.3,63,Salaried,Bachelor,Married,Gold,Central,0
CUST103594,66,50188.0,29870.0,10294.0,9329.0,24,3,34.46,56,Unemployed,Bachelor,Married,Standard,West,0
CUST103595,65,91028.0,38686.0,18493.0,4986.0,31,0,47.8,41,Salaried,Diploma,Widowed,Standard,West,0
CUST103596,21,37946.0,13536.0,10314.0,2787.0,24,2,76.2,90,Salaried,High School,Single,Standard,Central,0
CUST103597,60,30402.0,5665.0,3471.0,2381.0,19,2,61.27,48,Salaried,High School,Married,Standard,East,0
CUST103598,64,24176.0,12259.0,6242.0,2694.0,36,2,50.92,49,Salaried,Diploma,Married,Gold,Central,0
CUST103599,39,19133.0,9594.0,2913.0,875.0,17,2,30.36,45,Business,High School,Single,Standard,West,0
CUST103600,32,48884.0,22341.0,8555.0,4610.0,23,2,38.29,94,Salaried,High School,Married,Gold,North,0
CUST103601,28,55083.0,22316.0,12365.0,6784.0,17,2,55.41,73,Student,High School,Single,Gold,South,0
CUST103602,28,45929.0,16851.0,5706.0,4235.0,20,2,33.86,106,Student,High School,Married,Gold,North,0
CUST103603,65,128800.0,57527.0,,1888.0,18,4,27.69,95,Salaried,Bachelor,Single,Gold,East,0
CUST103604,32,127715.0,34061.0,20344.0,7186.0,21,1,59.73,63,Self-Employed,High School,Married,Gold,South,0
CUST103605,68,54068.0,33556.0,21525.0,3974.0,24,3,64.15,64,Business,Doctorate,Married,Gold,Central,0
CUST103606,53,24233.0,10769.0,4413.0,2040.0,23,2,40.98,120,Business,Bachelor,Married,Platinum,Central,0
CUST103607,65,47594.0,14545.0,3553.0,430.0,22,0,24.43,47,Salaried,Master,Married,Standard,West,0
CUST103608,46,46735.0,17518.0,11389.0,4636.0,14,1,65.01,24,Salaried,Bachelor,Married,Platinum,Central,0
CUST103609,59,45284.0,25035.0,11442.0,6469.0,26,2,45.7,82,Self-Employed,High School,Single,Signature,West,0
CUST103610,48,44285.0,10221.0,2262.0,813.0,22,1,22.13,96,Self-Employed,Master,Married,Gold,North,0
CUST103611,25,45376.0,13450.0,10992.0,4649.0,16,1,81.72,76,Business,Diploma,Widowed,Signature,North,0
CUST103612,28,52551.0,25737.0,14228.0,6257.0,26,2,55.28,27,Salaried,High School,Married,Standard,West,0
CUST103613,45,45825.0,14102.0,3322.0,734.0,12,2,23.56,91,Self-Employed,Diploma,Single,Standard,South,0
CUST103614,47,72891.0,39817.0,8470.0,2525.0,13,1,21.27,83,Student,Bachelor,Single,Platinum,West,0
CUST103615,66,79249.0,17057.0,4732.0,549.0,25,3,27.74,71,Unemployed,Bachelor,Married,Standard,West,0
CUST103616,43,39391.0,20930.0,10483.0,5039.0,26,0,50.09,43,Salaried,,Single,Gold,Central,0
CUST103617,50,130774.0,24085.0,6837.0,3607.0,26,2,28.39,44,Self-Employed,Bachelor,Divorced,Standard,North,0
CUST103618,65,37915.0,5926.0,3154.0,789.0,23,2,53.22,33,Salaried,Doctorate,Single,Standard,Central,0
CUST103619,67,26698.0,15995.0,7664.0,3524.0,23,0,47.91,52,Salaried,Master,Married,Standard,South,0
CUST103620,43,80143.0,35317.0,8309.0,2051.0,25,4,23.53,46,Salaried,High School,Married,Standard,Central,0
CUST103621,69,41463.0,13513.0,4393.0,315.0,24,1,32.51,90,Salaried,Bachelor,Married,Gold,South,0
CUST103622,67,77564.0,20655.0,6121.0,3883.0,21,2,29.63,52,Self-Employed,Bachelor,Married,Standard,North,0
CUST103623,40,18000.0,8252.0,2878.0,972.0,17,0,34.88,35,Salaried,,Single,Standard,East,0
CUST103624,38,,56551.0,11706.0,4300.0,14,1,20.7,35,Student,Bachelor,Married,Gold,Central,0
CUST103625,38,94080.0,60757.0,15497.0,6946.0,18,3,25.51,41,Salaried,Bachelor,Widowed,Gold,East,0
CUST103626,22,28478.0,18272.0,4063.0,622.0,18,1,22.24,36,Salaried,High School,Single,Gold,North,0
CUST103627,24,28820.0,13474.0,5807.0,3498.0,19,0,43.1,29,Salaried,Bachelor,Single,Gold,Central,0
CUST103628,50,163062.0,60567.0,22489.0,13368.0,21,1,37.13,41,Self-Employed,Master,Married,Standard,East,0
CUST103629,53,43329.0,17140.0,11545.0,3361.0,21,1,67.36,47,Salaried,Bachelor,Married,Standard,East,0
CUST103630,56,41083.0,20182.0,13304.0,5601.0,19,2,65.92,30,Business,Master,Single,Standard,South,0
CUST103631,38,18691.0,3753.0,1592.0,674.0,18,3,42.42,31,Business,Bachelor,Married,Standard,North,0
CUST103632,57,53595.0,16838.0,8994.0,998.0,23,4,53.41,120,Self-Employed,Master,Married,Gold,East,0
CUST103633,39,57348.0,10761.0,5872.0,2147.0,21,0,54.57,175,Salaried,Master,Single,Gold,South,0
CUST103634,67,96342.0,17985.0,3388.0,,23,1,18.84,53,Unemployed,Bachelor,Married,Standard,North,1
CUST103635,48,30111.0,7465.0,2919.0,1149.0,16,1,39.1,162,Business,Diploma,Single,Standard,Central,0
CUST103636,60,28169.0,11060.0,4686.0,697.0,15,1,42.37,119,Salaried,High School,Single,Standard,North,0
CUST103637,40,83297.0,45179.0,24901.0,14136.0,23,0,55.12,44,Business,Doctorate,Single,Platinum,North,0
CUST103638,69,113079.0,44412.0,16675.0,9458.0,15,0,37.55,67,Salaried,Bachelor,Married,Signature,Central,0
CUST103639,53,27392.0,8703.0,5177.0,2050.0,14,2,59.49,28,Salaried,Bachelor,Married,Platinum,South,0
CUST103640,32,117827.0,22526.0,5468.0,2165.0,21,2,24.27,99,Salaried,Bachelor,Married,Gold,North,0
CUST103641,35,66356.0,28211.0,21630.0,13024.0,18,1,76.67,100,Business,Bachelor,Single,Signature,South,0
CUST103642,61,118496.0,33847.0,17402.0,8146.0,20,0,51.41,28,Unemployed,Bachelor,Married,Standard,South,0
CUST103643,59,62537.0,28609.0,17482.0,2477.0,18,0,61.11,50,Unemployed,Bachelor,Single,Standard,,0
CUST103644,22,18000.0,11495.0,,908.0,15,1,13.98,180,Business,Master,Married,Standard,South,0
CUST103645,49,59788.0,12296.0,6278.0,2781.0,24,2,51.06,60,Business,High School,Married,Standard,West,0
CUST103646,61,116451.0,29819.0,21685.0,3228.0,16,2,72.72,16,Self-Employed,Master,Single,Gold,East,0
CUST103647,30,39759.0,15369.0,4010.0,2314.0,15,0,26.09,41,Salaried,Bachelor,Married,Standard,West,0
CUST103648,22,52510.0,33307.0,16268.0,5668.0,21,3,48.84,52,Salaried,High School,Single,Standard,East,0
CUST103649,31,58999.0,31618.0,12897.0,3210.0,25,1,40.79,25,Unemployed,Diploma,Divorced,Signature,West,0
CUST103650,33,18000.0,10784.0,4033.0,568.0,18,0,37.4,57,Salaried,Master,Widowed,Signature,East,0
CUST103651,30,162980.0,51641.0,20718.0,13466.0,24,4,40.12,46,Business,Diploma,Married,Gold,South,0
CUST103652,34,39592.0,25577.0,4244.0,2826.0,26,2,16.59,65,Salaried,Bachelor,Single,Standard,East,0
CUST103653,38,85845.0,17291.0,8827.0,4338.0,20,3,51.05,82,Self-Employed,High School,Single,Standard,West,0
CUST103654,29,61973.0,10937.0,2692.0,1667.0,18,1,24.61,180,Salaried,Diploma,Single,Platinum,East,0
CUST103655,59,129811.0,75005.0,40985.0,17518.0,20,4,54.64,61,Business,Master,Married,Standard,South,0
CUST103656,48,81265.0,49867.0,30242.0,18623.0,17,2,60.65,81,Salaried,Bachelor,Single,Standard,West,0
CUST103657,23,57121.0,11155.0,3514.0,2504.0,22,4,31.5,82,Business,Master,Divorced,Platinum,South,0
CUST103658,40,39764.0,8220.0,4173.0,483.0,21,4,50.77,31,Salaried,Bachelor,Married,Gold,East,0
CUST103659,26,100807.0,16793.0,13875.0,3616.0,26,1,82.62,31,Business,Bachelor,Married,Platinum,North,0
CUST103660,47,23196.0,4691.0,2093.0,645.0,10,1,44.62,72,Self-Employed,Bachelor,Married,Gold,South,0
CUST103661,22,92724.0,23618.0,8834.0,2415.0,22,5,37.4,52,Salaried,Bachelor,Married,Standard,West,0
CUST103662,49,35513.0,22552.0,6594.0,2363.0,23,4,29.24,82,Salaried,Doctorate,Single,Platinum,West,0
CUST103663,58,129430.0,62635.0,26995.0,6731.0,25,0,43.1,66,Business,Bachelor,Married,Standard,North,0
CUST103664,23,71030.0,38305.0,6042.0,4341.0,16,2,15.77,18,Salaried,Bachelor,Married,Standard,East,0
CUST103665,36,92634.0,49844.0,22689.0,8464.0,25,3,45.52,83,Student,Bachelor,Divorced,Gold,Central,0
CUST103666,50,67998.0,28392.0,10571.0,2839.0,23,5,37.23,23,Business,Bachelor,Divorced,Standard,South,0
CUST103667,60,24793.0,13605.0,3242.0,626.0,24,2,23.83,69,Salaried,Bachelor,Married,Standard,West,0
CUST103668,22,40487.0,18134.0,3213.0,849.0,15,3,17.72,83,Unemployed,Master,Married,Gold,East,0
CUST103669,37,94085.0,28910.0,7754.0,3437.0,23,4,26.82,60,Student,Master,Married,Gold,South,0
CUST103670,61,71240.0,30673.0,6049.0,2276.0,15,2,19.72,87,Salaried,Doctorate,Married,Gold,Central,0
CUST103671,32,124453.0,51866.0,28671.0,12605.0,27,3,55.28,29,Student,Doctorate,Widowed,Platinum,West,0
CUST103672,55,81141.0,45579.0,4334.0,303.0,25,2,9.51,96,Salaried,Diploma,Divorced,Standard,South,0
CUST103673,63,38195.0,24478.0,3316.0,1858.0,30,0,13.55,42,Business,Bachelor,Married,Gold,North,0
CUST103674,21,41953.0,14915.0,9243.0,5563.0,17,0,61.97,105,Salaried,Master,Single,Gold,Central,0
CUST103675,65,68785.0,36573.0,9508.0,6575.0,20,2,26.0,72,Unemployed,Doctorate,Single,Standard,East,0
CUST103676,35,18204.0,3639.0,2245.0,1453.0,21,2,61.69,49,Salaried,High School,Single,Standard,North,0
CUST103677,46,163168.0,87852.0,12884.0,5415.0,33,1,14.67,20,Salaried,Master,Married,Gold,South,0
CUST103678,57,82876.0,27822.0,19320.0,15814.0,22,0,69.44,42,Self-Employed,Diploma,Divorced,Platinum,East,0
CUST103679,41,127645.0,21661.0,9026.0,1047.0,27,3,41.67,53,Self-Employed,Bachelor,Married,Gold,West,0
CUST103680,69,27250.0,9037.0,4707.0,1315.0,30,3,52.09,68,Self-Employed,Bachelor,Married,Standard,South,1
CUST103681,51,128882.0,58683.0,19392.0,12556.0,18,2,33.05,113,Business,Master,Single,Gold,East,0
CUST103682,45,221786.0,46492.0,9334.0,3774.0,26,1,20.08,33,Salaried,Master,Single,Gold,North,0
CUST103683,43,31434.0,19238.0,7176.0,5297.0,27,2,37.3,23,Self-Employed,Master,Divorced,Standard,North,0
CUST103684,44,99351.0,18761.0,10698.0,4271.0,20,2,57.02,43,Self-Employed,Master,Single,Gold,West,0
CUST103685,58,65040.0,40000.0,9946.0,2861.0,19,4,24.86,97,Salaried,Bachelor,Married,Standard,East,0
CUST103686,48,27798.0,13998.0,1460.0,513.0,20,0,10.43,39,Self-Employed,Diploma,Married,Platinum,South,0
CUST103687,41,85240.0,26838.0,9850.0,8371.0,25,3,36.7,43,Self-Employed,Diploma,Single,Gold,South,0
CUST103688,63,102809.0,35508.0,9009.0,4217.0,21,4,25.37,147,Self-Employed,High School,Married,Standard,Central,0
CUST103689,38,46701.0,24303.0,12402.0,5230.0,21,1,51.03,75,Salaried,Master,Widowed,Platinum,East,0
CUST103690,56,123426.0,55632.0,27070.0,13314.0,23,0,48.66,20,Salaried,Bachelor,Single,Standard,East,0
CUST103691,55,25989.0,12626.0,2227.0,903.0,18,4,17.64,98,Salaried,Doctorate,Single,Gold,Central,0
CUST103692,65,28568.0,9844.0,5914.0,1827.0,14,4,60.08,71,Business,Master,Single,Standard,West,0
CUST103693,29,70071.0,27601.0,14372.0,8137.0,25,3,52.07,79,Self-Employed,Doctorate,Married,Gold,South,0
CUST103694,58,65914.0,42510.0,23433.0,17004.0,24,3,55.12,25,Salaried,Master,Married,Standard,East,0
CUST103695,50,43828.0,11262.0,5830.0,1847.0,25,6,51.77,84,Self-Employed,Bachelor,Married,Standard,South,0
CUST103696,64,101460.0,36417.0,18895.0,8565.0,20,0,51.89,75,Student,Diploma,Single,Standard,East,0
CUST103697,54,87041.0,25756.0,16933.0,1877.0,21,0,65.74,27,Student,Diploma,Single,Gold,West,1
CUST103698,52,104205.0,55495.0,40146.0,4709.0,23,4,72.34,99,Student,Bachelor,Married,Gold,Central,0
CUST103699,23,,32316.0,15164.0,4133.0,21,1,46.92,91,Unemployed,High School,Divorced,Signature,West,0
CUST103700,23,90541.0,26820.0,13512.0,5983.0,19,3,50.38,78,Salaried,Bachelor,Married,Gold,West,0
CUST103701,48,50870.0,9701.0,3413.0,1439.0,26,0,35.18,57,Business,Bachelor,Single,Standard,North,0
CUST103702,64,201137.0,31320.0,5262.0,2881.0,24,2,16.8,35,Self-Employed,High School,Married,Standard,South,0
CUST103703,35,41575.0,15122.0,7793.0,5005.0,22,3,51.53,43,Salaried,Master,Married,Standard,South,0
CUST103704,61,206914.0,73489.0,36417.0,16141.0,16,3,49.55,71,Business,Master,Divorced,Standard,North,0
CUST103705,43,66259.0,42684.0,19622.0,9387.0,21,2,45.97,44,Salaried,High School,Single,Gold,Central,0
CUST103706,60,30504.0,11741.0,7692.0,2421.0,22,2,65.51,37,Unemployed,Diploma,Married,Signature,West,0
CUST103707,31,137942.0,38377.0,4447.0,2560.0,11,2,11.59,65,Student,Diploma,Married,Standard,West,0
CUST103708,68,69660.0,41491.0,23958.0,6044.0,18,0,57.74,23,Business,Bachelor,Married,Gold,North,0
CUST103709,52,103804.0,41058.0,7741.0,3955.0,21,1,18.85,29,Business,Master,Single,,East,0
CUST103710,56,127422.0,57287.0,29874.0,16493.0,26,0,52.15,73,Salaried,Bachelor,Married,Standard,East,0
CUST103711,53,78278.0,15486.0,1658.0,752.0,18,1,10.71,63,Business,Bachelor,Married,Standard,East,0
CUST103712,44,46930.0,16025.0,7905.0,6129.0,14,1,49.33,27,Business,Diploma,Married,Gold,West,0
CUST103713,59,111167.0,69158.0,60215.0,23958.0,24,2,87.07,32,Salaried,Bachelor,Single,Standard,North,0
CUST103714,54,65027.0,28921.0,9144.0,4337.0,21,1,31.62,59,Salaried,Diploma,Single,Platinum,North,0
CUST103715,48,94785.0,30545.0,10742.0,6853.0,25,2,35.17,78,Salaried,Master,Married,Standard,South,0
CUST103716,57,19882.0,9202.0,5216.0,2338.0,25,3,56.68,18,Salaried,Diploma,Married,Standard,East,1
CUST103717,27,83115.0,50302.0,24587.0,10897.0,22,3,48.88,26,Unemployed,High School,Married,Gold,East,0
CUST103718,24,45749.0,13130.0,3184.0,1783.0,26,2,24.25,81,Self-Employed,Bachelor,Single,Standard,South,0
CUST103719,57,161371.0,64961.0,28991.0,15224.0,28,2,44.63,20,Self-Employed,Diploma,Divorced,Signature,North,0
CUST103720,21,91568.0,57628.0,23454.0,7161.0,17,0,40.7,22,Salaried,Bachelor,Divorced,Standard,East,0
CUST103721,21,74166.0,17518.0,9690.0,7993.0,16,3,55.31,101,Business,Master,Single,Platinum,North,0
CUST103722,67,84933.0,43302.0,26832.0,17064.0,22,2,61.96,56,Salaried,Master,Married,,South,0
CUST103723,40,37534.0,17162.0,9260.0,6975.0,19,1,53.96,33,Business,Doctorate,Married,Gold,North,0
CUST103724,39,158726.0,77750.0,47136.0,20347.0,22,4,60.63,139,Student,Bachelor,Married,Standard,South,0
CUST103725,49,194346.0,63281.0,20451.0,13282.0,21,3,32.32,71,Self-Employed,Bachelor,Widowed,Standard,North,0
CUST103726,30,80680.0,24764.0,18353.0,7785.0,21,2,74.11,50,Self-Employed,Diploma,Divorced,Standard,East,0
CUST103727,38,155884.0,76711.0,32367.0,15772.0,23,3,42.19,33,Business,Master,Divorced,Standard,South,0
CUST103728,48,47530.0,12252.0,6166.0,1638.0,16,0,50.33,51,Self-Employed,Bachelor,Married,Standard,North,0
CUST103729,55,41929.0,15087.0,9685.0,5563.0,18,3,64.19,62,Business,Bachelor,Single,Platinum,South,0
CUST103730,63,66480.0,16227.0,5664.0,4056.0,16,3,34.9,75,Salaried,Bachelor,Married,Gold,Central,0
CUST103731,67,82567.0,12728.0,6022.0,1174.0,17,1,47.31,129,Salaried,Bachelor,Married,Standard,West,0
CUST103732,51,52337.0,33235.0,17146.0,8329.0,23,2,51.59,59,Unemployed,Doctorate,Single,Standard,Central,0
CUST103733,47,87371.0,31965.0,24366.0,9790.0,20,0,76.23,54,Salaried,Diploma,Married,Gold,South,0
CUST103734,31,76930.0,48826.0,12358.0,3220.0,24,5,25.31,66,Salaried,Bachelor,Divorced,Platinum,Central,0
CUST103735,69,37537.0,8264.0,1152.0,268.0,22,3,13.94,42,Self-Employed,Bachelor,Single,Standard,Central,0
CUST103736,69,86464.0,38363.0,16210.0,3434.0,26,2,42.25,35,Salaried,Diploma,Married,Gold,Central,0
CUST103737,58,104515.0,26180.0,11827.0,5367.0,20,2,45.18,54,Student,Diploma,Divorced,Gold,North,0
CUST103738,25,71428.0,38931.0,,975.0,22,2,6.33,44,Business,Bachelor,Single,Signature,West,0
CUST103739,28,122529.0,66393.0,35215.0,17939.0,24,1,53.04,45,Business,Bachelor,Widowed,Gold,South,0
CUST103740,54,33275.0,6865.0,465.0,249.0,23,0,6.77,129,Unemployed,Bachelor,Married,Gold,East,0
CUST103741,68,84079.0,50955.0,19575.0,3531.0,22,3,38.42,44,Unemployed,Master,Married,Platinum,West,1
CUST103742,32,34149.0,8446.0,4637.0,726.0,22,3,54.9,59,Student,High School,Married,Standard,West,0
CUST103743,58,35221.0,16078.0,3526.0,1956.0,21,0,21.93,74,Self-Employed,Bachelor,Single,Standard,Central,0
CUST103744,21,45942.0,29532.0,15570.0,10371.0,26,1,52.72,32,,Bachelor,Married,Gold,Central,0
CUST103745,51,38716.0,22889.0,9088.0,6751.0,18,1,39.7,52,Business,Bachelor,Married,Standard,West,0
CUST103746,24,48086.0,30212.0,12890.0,11468.0,26,1,42.67,32,Unemployed,Diploma,Single,Standard,South,0
CUST103747,69,57778.0,18564.0,9430.0,4882.0,17,2,50.8,85,Unemployed,Diploma,Single,Gold,East,0
CUST103748,65,103010.0,20889.0,8996.0,2702.0,23,0,43.07,101,Self-Employed,High School,Divorced,Standard,South,0
CUST103749,70,54475.0,13301.0,8054.0,5455.0,31,1,60.55,40,Business,Bachelor,Married,Gold,Central,0
CUST103750,25,27175.0,10877.0,5466.0,3790.0,17,0,50.25,72,Salaried,Master,Married,Standard,East,0
CUST103751,50,121684.0,66514.0,37852.0,18446.0,19,1,56.91,51,Salaried,Bachelor,Divorced,Standard,Central,0
CUST103752,44,41017.0,9232.0,829.0,155.0,19,2,8.98,79,Self-Employed,Master,Married,Standard,Central,0
CUST103753,23,62934.0,30200.0,19201.0,6511.0,31,1,63.58,31,Salaried,Diploma,Single,Gold,South,0
CUST103754,31,83095.0,25908.0,9510.0,4769.0,26,1,36.71,72,Salaried,Bachelor,Single,Gold,North,0
CUST103755,65,72543.0,23257.0,6090.0,2341.0,17,1,26.19,71,Self-Employed,High School,Married,Gold,South,0
CUST103756,24,118651.0,57066.0,10910.0,2822.0,12,4,19.12,55,Unemployed,Doctorate,Single,Standard,West,0
CUST103757,46,84592.0,32441.0,9002.0,4957.0,26,1,27.75,84,Unemployed,High School,Married,Gold,West,0
CUST103758,47,40474.0,22504.0,9593.0,4755.0,25,3,42.63,99,Salaried,Master,Married,Gold,West,0
CUST103759,66,215421.0,49107.0,13579.0,8387.0,26,3,27.65,127,Salaried,High School,Divorced,Standard,West,0
CUST103760,63,72332.0,39419.0,23711.0,20819.0,27,2,60.15,29,Salaried,Bachelor,Married,Standard,Central,0
CUST103761,47,59940.0,10916.0,2874.0,1563.0,25,3,26.33,87,Self-Employed,Master,Single,Platinum,South,0
CUST103762,62,110448.0,27284.0,12816.0,4336.0,20,1,46.97,18,Business,Bachelor,Single,Signature,North,0
CUST103763,70,74559.0,35645.0,18392.0,7126.0,30,1,51.6,69,Self-Employed,Bachelor,Married,Gold,South,0
CUST103764,26,80961.0,46752.0,22242.0,13087.0,26,3,47.57,54,Unemployed,High School,Married,Standard,Central,0
CUST103765,35,255977.0,70737.0,26518.0,12215.0,21,1,37.49,69,Self-Employed,Bachelor,Married,Gold,West,0
CUST103766,50,55872.0,17521.0,5521.0,2550.0,32,2,31.51,72,Self-Employed,Bachelor,Widowed,Standard,North,0
CUST103767,62,54577.0,22844.0,11473.0,3646.0,17,1,50.22,30,Business,Bachelor,Married,Standard,North,0
CUST103768,57,69304.0,17727.0,5498.0,3452.0,22,2,31.01,52,Unemployed,Diploma,Single,Standard,Central,0
CUST103769,57,117181.0,65103.0,19344.0,10419.0,20,3,29.71,23,Salaried,Diploma,Divorced,Standard,East,0
CUST103770,62,28383.0,15237.0,4813.0,1271.0,21,2,31.59,171,Salaried,Doctorate,Married,Standard,West,0
CUST103771,57,22050.0,4909.0,3010.0,755.0,21,1,61.32,64,Salaried,Doctorate,Married,Signature,North,0
CUST103772,55,47062.0,17974.0,9287.0,5531.0,30,0,51.67,24,Self-Employed,Master,Married,Standard,East,0
CUST103773,43,26463.0,14222.0,1590.0,739.0,24,2,11.18,25,Salaried,Bachelor,Single,Gold,West,0
CUST103774,26,51456.0,16397.0,8231.0,2724.0,34,1,50.2,28,Salaried,Doctorate,Married,Gold,Central,0
CUST103775,24,85692.0,39980.0,5672.0,3720.0,29,1,14.19,43,Business,Diploma,Divorced,Standard,East,0
CUST103776,38,39824.0,6973.0,2700.0,583.0,24,3,38.72,21,Salaried,Bachelor,Married,Gold,East,0
CUST103777,29,29655.0,13474.0,7996.0,1154.0,30,1,59.34,56,Business,Diploma,Single,Standard,West,0
CUST103778,69,67527.0,15283.0,5665.0,1080.0,24,2,37.07,97,Student,Bachelor,Married,Standard,South,0
CUST103779,49,104458.0,59049.0,4028.0,2041.0,25,0,6.82,105,Student,Diploma,Single,Standard,South,0
CUST103780,33,25589.0,8386.0,5345.0,4410.0,22,1,63.74,65,Salaried,High School,Single,Platinum,North,0
CUST103781,67,102055.0,29675.0,18601.0,4151.0,18,0,62.68,88,Salaried,High School,Single,Signature,North,0
CUST103782,37,101891.0,58123.0,23293.0,11771.0,24,3,40.08,37,Self-Employed,Bachelor,Married,,Central,0
CUST103783,65,109852.0,19232.0,7653.0,2448.0,19,1,39.79,72,Student,Master,Married,Standard,Central,0
CUST103784,52,127046.0,44251.0,25664.0,9291.0,28,0,58.0,59,Salaried,Bachelor,Divorced,Gold,South,0
CUST103785,68,218218.0,73103.0,12293.0,8065.0,21,0,16.82,98,Self-Employed,Bachelor,Married,Standard,West,0
CUST103786,42,53439.0,15626.0,4060.0,2096.0,23,3,25.98,93,Salaried,Master,Married,Gold,West,0
CUST103787,24,69038.0,41829.0,12282.0,4251.0,24,2,29.36,58,Salaried,Bachelor,Divorced,Gold,Central,0
CUST103788,25,51694.0,27163.0,24386.0,2011.0,20,0,89.78,32,Salaried,Bachelor,Single,Signature,North,0
CUST103789,57,65071.0,11840.0,5281.0,1753.0,16,1,44.6,136,Business,Bachelor,Single,Standard,East,0
CUST103790,61,151028.0,76623.0,50099.0,8540.0,19,4,65.38,87,,High School,Single,Standard,West,0
CUST103791,69,31020.0,12831.0,7272.0,1492.0,27,2,56.68,33,Student,Bachelor,Single,Standard,West,0
CUST103792,33,40480.0,24306.0,11132.0,3653.0,31,3,45.8,88,Self-Employed,Master,Single,Gold,West,0
CUST103793,54,138634.0,42488.0,5219.0,1606.0,26,1,12.28,157,Business,High School,Single,Standard,South,0
CUST103794,65,113910.0,49788.0,7184.0,5516.0,30,5,14.43,106,Salaried,High School,Married,Gold,West,0
CUST103795,42,53232.0,21313.0,11864.0,5588.0,26,2,55.67,39,Salaried,Bachelor,Married,Standard,West,0
CUST103796,43,103991.0,41054.0,22279.0,10043.0,26,0,54.27,102,Salaried,Master,Single,Signature,East,0
CUST103797,23,78418.0,29646.0,11605.0,8705.0,21,1,39.15,59,Salaried,Bachelor,Widowed,Standard,East,0
CUST103798,62,148345.0,37504.0,14669.0,8281.0,19,1,39.11,38,Salaried,Bachelor,Married,Platinum,East,0
CUST103799,54,67719.0,35746.0,3799.0,1807.0,19,5,10.63,41,Business,Master,Divorced,Gold,South,0
CUST103800,52,114261.0,42924.0,8489.0,5925.0,16,2,19.78,43,Salaried,High School,Married,Signature,West,0
CUST103801,65,277965.0,150000.0,77246.0,47632.0,17,2,51.5,87,Self-Employed,High School,Single,Gold,East,0
CUST103802,69,90318.0,25326.0,8426.0,5654.0,18,1,33.27,41,Salaried,Bachelor,Married,Standard,North,0
CUST103803,41,66788.0,32818.0,17791.0,8746.0,19,4,54.21,56,Business,High School,Married,Standard,Central,0
CUST103804,66,96712.0,59996.0,26758.0,11250.0,31,3,44.6,73,Salaried,High School,Divorced,Standard,West,0
CUST103805,64,53169.0,25613.0,9971.0,3278.0,25,0,38.93,56,Salaried,Master,Married,Signature,South,0
CUST103806,41,241717.0,141558.0,25241.0,13641.0,23,1,17.83,37,Salaried,Diploma,Divorced,Gold,West,0
CUST103807,64,71767.0,40458.0,13524.0,6165.0,18,2,33.43,57,Salaried,Bachelor,Married,Gold,North,0
CUST103808,31,55940.0,18463.0,6707.0,2511.0,21,1,36.33,61,Self-Employed,Bachelor,Single,Standard,Central,0
CUST103809,59,41049.0,18475.0,8221.0,6047.0,23,2,44.5,59,Salaried,High School,Married,Standard,North,0
CUST103810,24,118850.0,27113.0,7664.0,3221.0,19,3,28.27,58,Salaried,Bachelor,Married,Gold,Central,0
CUST103811,21,104725.0,43750.0,23854.0,20119.0,22,1,54.52,53,Unemployed,Bachelor,Married,Gold,Central,0
CUST103812,48,,13113.0,9565.0,2706.0,28,2,72.94,39,Student,Bachelor,Single,Standard,South,0
CUST103813,44,89249.0,46576.0,11796.0,2597.0,26,2,25.33,75,Salaried,Diploma,Single,Platinum,West,0
CUST103814,55,28352.0,11739.0,9281.0,5770.0,21,1,79.06,53,Business,High School,Married,Gold,Central,0
CUST103815,33,71961.0,25590.0,13372.0,7185.0,15,2,52.25,40,Business,Bachelor,Married,Gold,Central,0
CUST103816,67,83380.0,23713.0,6277.0,2964.0,11,0,26.47,62,Self-Employed,High School,Single,Gold,West,0
CUST103817,54,166238.0,107947.0,22368.0,3552.0,23,0,20.72,64,Self-Employed,Diploma,Married,Platinum,West,0
CUST103818,31,42540.0,7906.0,5438.0,352.0,20,0,68.78,72,Self-Employed,Doctorate,Single,Gold,North,0
CUST103819,56,32178.0,5528.0,755.0,214.0,22,1,13.66,62,Business,High School,Single,Platinum,East,0
CUST103820,37,39722.0,10273.0,4043.0,1896.0,24,3,39.36,131,Business,Bachelor,Divorced,Platinum,South,0
CUST103821,55,31164.0,19806.0,7523.0,5387.0,20,2,37.98,24,Self-Employed,High School,Single,Gold,North,0
CUST103822,38,135578.0,86718.0,32791.0,5330.0,19,3,37.81,36,Business,Master,Single,Standard,South,0
CUST103823,60,152344.0,72739.0,41711.0,20591.0,17,3,57.34,106,Salaried,Bachelor,Single,Gold,West,0
CUST103824,42,77518.0,45740.0,11908.0,2209.0,22,2,26.03,38,Business,Bachelor,Divorced,Gold,South,0
CUST103825,44,127243.0,32699.0,10973.0,4953.0,27,0,33.56,39,Salaried,Bachelor,Single,Standard,North,0
CUST103826,39,69970.0,44502.0,20771.0,17700.0,25,3,46.67,86,Self-Employed,,Married,Gold,West,0
CUST103827,57,61687.0,13657.0,6214.0,2209.0,26,2,45.5,30,Business,Master,Married,Platinum,West,0
CUST103828,59,54121.0,10855.0,7186.0,1515.0,15,2,66.2,73,Unemployed,High School,Single,Gold,North,0
CUST103829,41,54799.0,11294.0,2344.0,599.0,17,2,20.75,59,Salaried,High School,Divorced,Standard,West,0
CUST103830,28,27746.0,12113.0,6287.0,2597.0,22,3,51.9,112,Salaried,Diploma,Divorced,Standard,West,0
CUST103831,48,75168.0,40627.0,15982.0,4465.0,28,2,39.34,93,Salaried,Master,Widowed,,West,0
CUST103832,25,63574.0,21191.0,9916.0,6526.0,25,2,46.79,30,Salaried,Diploma,Single,Gold,North,0
CUST103833,37,97938.0,62577.0,,12066.0,25,3,34.13,64,Business,Bachelor,Single,Gold,Central,0
CUST103834,57,68431.0,25129.0,14507.0,11721.0,22,1,57.73,50,Salaried,Bachelor,Divorced,Gold,North,0
CUST103835,56,59436.0,13386.0,4407.0,1376.0,15,2,32.92,102,Salaried,Bachelor,Single,Standard,West,0
CUST103836,39,40255.0,15417.0,8409.0,5649.0,22,4,54.54,84,Salaried,Bachelor,Married,Standard,West,0
CUST103837,47,67631.0,33107.0,16701.0,5196.0,23,2,50.45,104,Salaried,Master,Married,Standard,Central,0
CUST103838,54,97555.0,55227.0,17892.0,7818.0,25,2,32.4,27,Unemployed,Diploma,Married,Platinum,Central,0
CUST103839,31,34659.0,13149.0,10205.0,1190.0,25,0,77.61,25,Salaried,Bachelor,Single,Standard,South,0
CUST103840,65,68204.0,30474.0,15076.0,4251.0,12,5,49.47,45,Salaried,Bachelor,Single,Gold,South,0
CUST103841,67,73889.0,20960.0,5106.0,3561.0,21,2,24.36,88,Salaried,Master,Married,Standard,South,0
CUST103842,32,43792.0,20712.0,9043.0,3610.0,16,4,43.66,35,Salaried,Diploma,Single,Gold,Central,0
CUST103843,41,47043.0,30248.0,7235.0,4986.0,14,1,23.92,47,Salaried,Bachelor,Divorced,Signature,West,0
CUST103844,31,73790.0,12878.0,6872.0,5462.0,22,3,53.36,45,Student,Master,Married,Gold,Central,0
CUST103845,59,34848.0,20674.0,12854.0,7439.0,25,1,62.17,18,Student,High School,Single,Standard,South,0
CUST103846,48,78795.0,33972.0,7954.0,6692.0,17,2,23.41,38,Unemployed,Master,Married,Gold,North,0
CUST103847,25,39723.0,10966.0,997.0,497.0,22,1,9.09,26,Salaried,Diploma,Married,Standard,North,0
CUST103848,37,116624.0,73175.0,7355.0,2836.0,28,2,10.05,132,Self-Employed,Diploma,Single,Platinum,North,0
CUST103849,40,235143.0,92100.0,65790.0,25079.0,12,2,71.43,66,Salaried,Diploma,Single,Standard,West,0
CUST103850,61,40487.0,12788.0,5396.0,2819.0,26,3,42.2,39,Salaried,Bachelor,Married,Gold,Central,0
CUST103851,66,87200.0,20993.0,9909.0,6267.0,26,2,47.2,37,Business,Bachelor,Divorced,Standard,Central,0
CUST103852,32,43584.0,11865.0,3904.0,1717.0,25,0,32.9,80,Salaried,Diploma,Married,Platinum,South,0
CUST103853,26,,65268.0,17893.0,8211.0,18,0,27.41,53,Salaried,High School,Single,Signature,East,0
CUST103854,37,32411.0,14818.0,1746.0,890.0,21,2,11.78,89,Salaried,Bachelor,Married,Standard,North,0
CUST103855,39,84666.0,51360.0,35607.0,23030.0,24,4,69.33,46,Salaried,High School,Married,Standard,East,0
CUST103856,46,40215.0,10697.0,1981.0,496.0,23,1,18.52,39,Salaried,Bachelor,Married,Platinum,North,0
CUST103857,68,58006.0,12214.0,5606.0,1070.0,19,1,45.9,13,Business,Bachelor,Single,Standard,East,0
CUST103858,64,36867.0,5642.0,3606.0,2280.0,21,3,63.91,81,Self-Employed,Master,Single,Gold,North,0
CUST103859,64,,41271.0,13112.0,3698.0,17,2,31.77,82,Student,High School,Single,Standard,South,0
CUST103860,52,41020.0,26628.0,5816.0,1245.0,16,1,21.84,116,Salaried,Bachelor,Married,Gold,Central,0
CUST103861,26,88056.0,43806.0,23867.0,8457.0,19,1,54.48,28,,Diploma,Married,Standard,Central,0
CUST103862,56,53792.0,16363.0,4593.0,1828.0,33,5,28.07,171,Salaried,Diploma,Single,Gold,West,0
CUST103863,58,61034.0,35914.0,7350.0,5473.0,27,1,20.47,31,Salaried,Bachelor,Single,Standard,South,0
CUST103864,31,70503.0,38132.0,7881.0,4610.0,23,1,20.67,107,Self-Employed,High School,Single,Gold,North,0
CUST103865,53,42751.0,6742.0,1792.0,1301.0,29,0,26.58,38,Salaried,High School,Married,Gold,North,0
CUST103866,44,72973.0,40750.0,4682.0,2096.0,28,2,11.49,67,Salaried,Diploma,Divorced,Standard,South,0
CUST103867,43,150818.0,45285.0,2826.0,1142.0,29,2,6.24,53,Unemployed,Bachelor,Divorced,Standard,East,1
CUST103868,35,42370.0,9526.0,901.0,402.0,33,2,9.46,165,Salaried,High School,Divorced,Standard,North,0
CUST103869,47,123827.0,32587.0,12608.0,3237.0,31,5,38.69,16,Business,Master,Divorced,Standard,Central,0
CUST103870,31,148167.0,56939.0,3639.0,1157.0,22,1,6.39,97,Self-Employed,Bachelor,Married,Standard,West,0
CUST103871,70,41492.0,15038.0,973.0,364.0,23,2,6.47,42,Business,High School,Single,Standard,South,0
CUST103872,37,29198.0,8597.0,2777.0,1483.0,19,5,32.3,102,Salaried,Diploma,Married,Gold,Central,0
CUST103873,34,76743.0,18120.0,10311.0,6795.0,19,2,56.9,91,Salaried,Bachelor,Married,Gold,South,0
CUST103874,47,48101.0,25547.0,8857.0,6853.0,19,1,34.67,49,Business,High School,Single,Gold,West,0
CUST103875,38,181657.0,117179.0,37457.0,15818.0,12,4,31.97,73,Business,Bachelor,Single,Standard,East,0
CUST103876,48,66256.0,35705.0,8250.0,1963.0,23,0,23.11,70,Business,High School,Single,Gold,West,0
CUST103877,67,41812.0,12459.0,5065.0,3583.0,18,0,40.65,65,Business,Bachelor,Married,Standard,North,0
CUST103878,67,34586.0,9421.0,4356.0,1373.0,23,1,46.24,61,Salaried,Doctorate,Single,Standard,South,0
CUST103879,24,118372.0,30639.0,16206.0,7961.0,31,3,52.89,117,Business,,Divorced,Signature,West,0
CUST103880,27,47477.0,10366.0,3456.0,850.0,27,2,33.34,84,Salaried,Bachelor,Single,Gold,South,0
CUST103881,65,66586.0,28343.0,13900.0,8491.0,24,1,49.04,125,Salaried,Bachelor,Single,Standard,North,0
CUST103882,55,109956.0,49777.0,1852.0,799.0,23,1,3.72,45,Self-Employed,Bachelor,Divorced,Standard,North,0
CUST103883,68,49802.0,25038.0,1962.0,998.0,16,2,7.84,71,Self-Employed,Bachelor,Widowed,Platinum,West,0
CUST103884,29,63379.0,31062.0,14895.0,6543.0,25,2,47.95,63,Salaried,Bachelor,Married,Standard,West,0
CUST103885,28,64410.0,19076.0,5944.0,901.0,22,2,31.16,81,Business,Bachelor,Divorced,Standard,West,0
CUST103886,65,94653.0,29830.0,13987.0,594.0,15,1,46.89,21,Self-Employed,High School,Single,Platinum,West,0
CUST103887,37,89954.0,44146.0,8128.0,5328.0,17,3,18.41,118,Salaried,Bachelor,Married,Gold,Central,0
CUST103888,37,57589.0,18701.0,8550.0,2718.0,24,1,45.72,97,Student,Bachelor,Married,Gold,Central,0
CUST103889,69,67316.0,17254.0,11907.0,6890.0,20,1,69.01,28,Self-Employed,High School,Married,Gold,South,0
CUST103890,53,52980.0,17863.0,6624.0,2650.0,19,0,37.08,36,Student,Diploma,Married,Gold,West,0
CUST103891,52,28838.0,8249.0,3777.0,963.0,28,0,45.79,90,Salaried,Bachelor,Married,Platinum,West,0
CUST103892,28,74894.0,14541.0,5905.0,4076.0,23,3,40.61,38,Salaried,Bachelor,Single,Platinum,North,0
CUST103893,39,184029.0,103989.0,20569.0,19180.0,18,3,19.78,49,Business,Bachelor,Married,Standard,West,0
CUST103894,58,39978.0,23050.0,7626.0,3171.0,15,6,33.08,54,Self-Employed,Master,Single,Gold,West,0
CUST103895,23,42488.0,11042.0,1294.0,774.0,27,1,11.72,28,Salaried,Bachelor,Single,Gold,North,0
CUST103896,25,40265.0,7344.0,5818.0,2043.0,23,2,79.22,37,Self-Employed,Bachelor,Single,Platinum,East,0
CUST103897,33,96826.0,50293.0,,15752.0,17,3,52.25,41,Unemployed,Diploma,Single,Platinum,South,0
CUST103898,67,83184.0,21275.0,10235.0,2863.0,27,4,48.11,102,Salaried,Bachelor,Single,Standard,Central,0
CUST103899,66,59572.0,20655.0,8499.0,4015.0,26,0,41.15,123,Salaried,Master,Divorced,Standard,North,0
CUST103900,51,39231.0,7143.0,5783.0,2117.0,21,1,80.96,30,Self-Employed,Diploma,Married,Standard,West,0
CUST103901,36,68388.0,17995.0,915.0,527.0,14,3,5.08,60,Business,Master,Married,Gold,West,0
CUST103902,70,27491.0,15022.0,2254.0,1060.0,25,2,15.0,30,Self-Employed,Bachelor,Married,Platinum,North,0
CUST103903,52,70335.0,38839.0,24000.0,8361.0,28,2,61.79,49,Self-Employed,High School,Single,Gold,West,1
CUST103904,42,104975.0,26616.0,15551.0,8123.0,19,1,58.43,29,Salaried,Master,Single,Gold,South,0
CUST103905,49,32663.0,10385.0,3680.0,1340.0,21,1,35.44,37,Salaried,Bachelor,Single,Platinum,West,0
CUST103906,42,27980.0,6075.0,4499.0,1539.0,25,3,74.06,42,Student,Master,Married,Signature,South,0
CUST103907,63,154946.0,28988.0,14050.0,6134.0,16,1,48.47,68,Unemployed,Bachelor,Single,Signature,South,0
CUST103908,23,46429.0,29997.0,25214.0,,27,1,84.06,93,Student,High School,Single,Gold,South,0
CUST103909,30,121408.0,58008.0,36612.0,25877.0,21,1,63.12,72,Salaried,Bachelor,Divorced,Signature,East,0
CUST103910,62,59721.0,25145.0,11702.0,795.0,18,0,46.54,51,Salaried,Bachelor,Married,Gold,West,0
CUST103911,41,59460.0,31677.0,10054.0,3751.0,17,2,31.74,105,Unemployed,Diploma,Single,Gold,East,0
CUST103912,36,82724.0,47156.0,27816.0,14137.0,25,3,58.99,53,Unemployed,Bachelor,Married,Standard,North,0
CUST103913,32,39972.0,22119.0,5076.0,3112.0,20,3,22.95,73,Self-Employed,Bachelor,Married,Standard,West,0
CUST103914,22,69914.0,11065.0,2944.0,1253.0,19,2,26.61,80,Self-Employed,High School,Single,Gold,South,0
CUST103915,61,52698.0,12827.0,4599.0,3080.0,32,1,35.85,114,Self-Employed,Master,Married,Gold,South,0
CUST103916,44,31441.0,15012.0,9838.0,,36,2,65.53,105,Salaried,Bachelor,Single,Standard,Central,0
CUST103917,55,78257.0,26441.0,13157.0,5613.0,26,3,49.76,50,Business,Bachelor,Widowed,Platinum,West,0
CUST103918,50,56237.0,36061.0,19941.0,8345.0,28,2,55.3,96,Salaried,Diploma,Single,Platinum,South,0
CUST103919,50,59622.0,28780.0,15740.0,7144.0,13,0,54.69,55,Salaried,Master,Single,Platinum,South,0
CUST103920,67,33408.0,20989.0,13524.0,8548.0,23,2,64.43,121,Self-Employed,Bachelor,Single,Gold,East,1
CUST103921,55,155969.0,39105.0,14930.0,1374.0,30,2,38.18,47,Student,High School,Single,Standard,North,0
CUST103922,39,105275.0,61268.0,32002.0,25963.0,19,0,52.23,54,Self-Employed,Master,Single,Platinum,East,0
CUST103923,70,110462.0,34318.0,15733.0,10744.0,24,0,45.84,44,Salaried,Bachelor,Single,Gold,East,0
CUST103924,28,54948.0,35430.0,21665.0,4514.0,18,2,61.15,40,Business,Bachelor,Married,Standard,Central,1
CUST103925,46,25112.0,5747.0,2079.0,257.0,24,0,36.18,85,Salaried,Master,Single,Gold,North,0
CUST103926,69,,77666.0,22587.0,19939.0,32,2,29.08,28,Self-Employed,Master,Widowed,Platinum,Central,0
CUST103927,60,,34344.0,3971.0,2350.0,21,1,11.56,41,Business,High School,Single,Gold,Central,0
CUST103928,27,43058.0,15773.0,4987.0,1494.0,20,1,31.62,67,Salaried,Bachelor,Single,Standard,West,0
CUST103929,50,81747.0,31394.0,8284.0,2814.0,27,0,26.39,63,Salaried,Diploma,Single,Standard,East,0
CUST103930,27,123508.0,79438.0,34227.0,8815.0,18,2,43.09,80,Business,High School,Married,Standard,North,0
CUST103931,23,64181.0,23276.0,2657.0,1458.0,21,2,11.42,126,Salaried,Diploma,Married,Gold,West,0
CUST103932,21,131316.0,59360.0,6912.0,5063.0,18,4,11.64,28,Self-Employed,High School,Married,Standard,West,0
CUST103933,56,117924.0,20904.0,4689.0,3517.0,20,1,22.43,35,Business,Bachelor,Divorced,Standard,West,0
CUST103934,45,,20536.0,15602.0,5643.0,20,0,75.97,86,Self-Employed,Master,Married,Standard,North,0
CUST103935,57,44871.0,21273.0,6417.0,3865.0,23,2,30.16,56,Student,Diploma,Single,Standard,West,0
CUST103936,21,110061.0,38743.0,15497.0,8278.0,21,3,40.0,29,Salaried,Diploma,Single,Standard,South,0
CUST103937,35,18000.0,3000.0,2016.0,1334.0,19,0,67.2,19,Business,High School,Single,Gold,South,0
CUST103938,57,59871.0,26693.0,10590.0,5087.0,21,0,39.67,58,Salaried,Bachelor,Divorced,Gold,South,1
CUST103939,33,29590.0,4626.0,1968.0,1091.0,16,1,42.54,104,Self-Employed,Bachelor,Married,Gold,West,0
CUST103940,60,50013.0,7532.0,1828.0,100.0,25,0,24.27,67,Salaried,High School,Divorced,Standard,East,0
CUST103941,28,55149.0,25261.0,18667.0,5763.0,21,1,73.9,62,Student,Bachelor,Single,Standard,West,0
CUST103942,25,53376.0,13051.0,3698.0,914.0,22,3,28.33,49,Salaried,High School,Married,Gold,West,0
CUST103943,29,47973.0,11799.0,3455.0,1038.0,25,5,29.28,39,Salaried,Bachelor,Married,Standard,West,0
CUST103944,21,35551.0,16945.0,8197.0,4982.0,25,2,48.37,38,Salaried,Bachelor,Single,Signature,South,0
CUST103945,56,229279.0,40548.0,22965.0,4623.0,21,1,56.64,91,Self-Employed,Bachelor,Single,Platinum,West,0
CUST103946,55,181543.0,55680.0,19024.0,11756.0,27,2,,40,Salaried,Master,Single,Gold,West,0
CUST103947,22,34304.0,7709.0,1609.0,655.0,28,0,20.87,29,,Bachelor,Married,Standard,North,0
CUST103948,60,155175.0,68291.0,20517.0,4519.0,24,1,30.04,75,Business,Bachelor,Married,Standard,Central,0
CUST103949,43,52179.0,25092.0,9808.0,3311.0,24,1,39.09,124,Salaried,Bachelor,Married,Platinum,North,0
CUST103950,29,69786.0,35630.0,17775.0,6340.0,23,2,49.89,147,Salaried,Bachelor,Married,Standard,West,0
CUST103951,54,62777.0,17428.0,4151.0,3159.0,22,1,23.82,121,Salaried,Master,Single,Standard,West,0
CUST103952,66,45219.0,8801.0,8383.0,3982.0,13,3,95.25,55,Salaried,Diploma,Single,Standard,,1
CUST103953,34,111665.0,21143.0,16506.0,7330.0,21,1,78.07,33,Salaried,Master,Married,Standard,East,0
CUST103954,24,69660.0,25292.0,9080.0,600.0,17,2,35.9,79,Self-Employed,Master,Married,Gold,Central,0
CUST103955,50,50013.0,31154.0,5978.0,1993.0,19,2,19.19,142,Self-Employed,Master,Single,Gold,Central,0
CUST103956,51,31717.0,8210.0,1394.0,245.0,22,5,16.98,114,Salaried,Diploma,Married,Platinum,South,0
CUST103957,58,39762.0,11069.0,8348.0,3125.0,14,2,75.42,80,Business,Diploma,Single,Standard,South,0
CUST103958,31,26354.0,5283.0,3119.0,766.0,23,1,59.04,54,Self-Employed,Master,Single,Standard,South,0
CUST103959,55,65438.0,29629.0,3371.0,887.0,33,1,11.38,57,Unemployed,Doctorate,Divorced,Gold,South,0
CUST103960,28,33657.0,16490.0,9482.0,6663.0,15,4,57.5,20,Business,Master,Married,Standard,West,0
CUST103961,23,56167.0,26481.0,6617.0,3566.0,30,0,24.99,36,Salaried,Bachelor,Single,Signature,East,0
CUST103962,34,138095.0,80173.0,17749.0,3274.0,23,2,22.14,39,Salaried,,Single,Gold,West,0
CUST103963,33,125713.0,49432.0,26735.0,11353.0,20,1,54.08,94,Self-Employed,High School,Married,Standard,West,0
CUST103964,65,63856.0,13871.0,4669.0,2549.0,23,2,33.66,47,Salaried,Master,Divorced,Standard,South,0
CUST103965,52,61960.0,18260.0,13011.0,1897.0,18,1,71.25,48,Salaried,Diploma,Married,Gold,West,0
CUST103966,54,182786.0,87959.0,55104.0,47572.0,20,1,62.65,75,Self-Employed,High School,Divorced,Gold,East,0
CUST103967,65,86557.0,39519.0,17531.0,5743.0,17,3,44.36,45,Self-Employed,Bachelor,Single,Gold,North,0
CUST103968,39,54277.0,22552.0,2786.0,944.0,23,2,12.35,82,Salaried,Master,Single,Signature,South,0
CUST103969,58,29668.0,14581.0,5212.0,3796.0,22,1,35.75,94,Student,Bachelor,Single,Gold,North,0
CUST103970,36,80723.0,37835.0,8739.0,5344.0,20,1,23.1,74,Self-Employed,Bachelor,Single,Standard,West,0
CUST103971,22,102567.0,60582.0,19111.0,9574.0,17,1,31.55,66,,High School,Widowed,Standard,West,0
CUST103972,60,45924.0,20345.0,12009.0,9441.0,30,3,59.03,98,Self-Employed,Master,Single,Platinum,West,0
CUST103973,37,76291.0,41144.0,15881.0,9184.0,26,5,38.6,46,Student,High School,Single,Signature,West,0
CUST103974,54,53219.0,14601.0,4484.0,2161.0,18,3,30.71,44,Salaried,Master,Married,Gold,East,0
CUST103975,62,58743.0,28731.0,8566.0,,20,1,29.81,71,Student,Doctorate,Married,Gold,East,0
CUST103976,36,18000.0,10820.0,2044.0,1064.0,23,2,18.89,13,Salaried,Doctorate,Single,Standard,South,0
CUST103977,58,57536.0,19727.0,5232.0,1521.0,16,1,26.52,115,Business,Bachelor,Single,Platinum,Central,0
CUST103978,22,110779.0,59771.0,26719.0,15502.0,33,3,44.7,66,Self-Employed,High School,Married,Standard,East,0
CUST103979,22,45930.0,23534.0,13811.0,4501.0,28,1,58.69,9,Salaried,High School,Divorced,Standard,South,0
CUST103980,46,66905.0,12027.0,3098.0,1838.0,17,0,25.76,176,Salaried,Bachelor,Married,Standard,West,0
CUST103981,33,42889.0,18904.0,10316.0,2085.0,22,1,54.57,84,Self-Employed,Master,Married,Platinum,South,0
CUST103982,67,79252.0,17047.0,6296.0,2109.0,20,2,36.93,118,Student,High School,Married,Standard,South,0
CUST103983,51,57702.0,36563.0,24007.0,11261.0,24,3,65.66,75,Salaried,Diploma,Married,Signature,West,0
CUST103984,54,38776.0,21548.0,10650.0,9158.0,27,5,49.42,48,Salaried,Bachelor,Married,Standard,,0
CUST103985,59,135272.0,27712.0,11308.0,4969.0,22,0,40.81,18,Salaried,High School,Single,Signature,South,0
CUST103986,23,108343.0,22847.0,11499.0,7648.0,19,2,50.33,68,Self-Employed,Master,Single,Standard,West,0
CUST103987,28,46604.0,20843.0,11422.0,6076.0,27,1,54.8,81,Student,Bachelor,Single,Gold,West,0
CUST103988,43,85470.0,27559.0,10404.0,6360.0,27,1,37.75,65,Salaried,Bachelor,Married,Standard,South,0
CUST103989,34,87354.0,14628.0,11953.0,5759.0,23,3,81.71,35,Salaried,High School,Single,Gold,South,0
CUST103990,47,92541.0,38943.0,7887.0,5275.0,25,4,20.25,16,Self-Employed,High School,Single,Standard,North,0
CUST103991,49,25599.0,8804.0,3963.0,1702.0,29,3,45.01,40,Salaried,Master,Single,Gold,Central,0
CUST103992,59,113072.0,22675.0,12026.0,6257.0,22,4,53.04,51,Salaried,Bachelor,Single,Standard,East,0
CUST103993,59,47515.0,26179.0,14434.0,2207.0,21,2,55.14,29,Self-Employed,High School,Married,Standard,Central,0
CUST103994,21,53388.0,32435.0,5387.0,980.0,31,2,16.61,26,Self-Employed,Doctorate,Single,Gold,West,0
CUST103995,37,277334.0,146515.0,100000.0,32613.0,18,1,68.25,69,Business,Bachelor,Married,Standard,East,0
CUST103996,61,76740.0,43067.0,9475.0,4725.0,19,0,22.0,66,Business,Bachelor,Widowed,Standard,West,0
CUST103997,50,52558.0,13573.0,7783.0,5421.0,30,6,57.34,37,Salaried,Master,Married,Standard,South,1
CUST103998,33,19326.0,5446.0,2484.0,1415.0,27,1,45.61,41,Salaried,Doctorate,Married,Gold,North,0
CUST103999,41,139597.0,35494.0,21080.0,9471.0,23,2,59.39,92,Unemployed,Master,Single,Standard,North,0
CUST104000,39,31017.0,16518.0,5958.0,4709.0,22,0,36.07,55,Salaried,Bachelor,Married,Standard,Central,0
CUST104001,39,37431.0,23355.0,3537.0,1557.0,26,1,15.14,95,Salaried,High School,Divorced,Standard,West,0
CUST104002,45,54171.0,27542.0,17403.0,15816.0,29,2,63.19,50,Self-Employed,Master,Single,Gold,Central,0
CUST104003,42,141658.0,83682.0,34967.0,4738.0,23,1,41.79,57,Salaried,Master,Widowed,Platinum,West,0
CUST104004,51,99451.0,46677.0,21256.0,5336.0,18,2,45.54,60,Self-Employed,Bachelor,Single,Platinum,South,0
CUST104005,37,59595.0,20491.0,1598.0,344.0,25,3,7.8,89,Business,Doctorate,Single,Gold,Central,0
CUST104006,43,77011.0,27946.0,21593.0,9221.0,20,0,77.27,59,Salaried,Bachelor,Divorced,Standard,East,0
CUST104007,52,46720.0,8768.0,1461.0,810.0,24,3,16.66,29,Salaried,Diploma,Married,Standard,Central,0
CUST104008,30,70189.0,11632.0,3219.0,2619.0,18,2,27.67,88,Salaried,Diploma,Single,Gold,South,0
CUST104009,30,67675.0,33684.0,14623.0,4325.0,26,2,43.41,39,Unemployed,Bachelor,Married,Gold,South,0
CUST104010,56,110743.0,40888.0,19309.0,1718.0,17,4,47.22,92,Business,Bachelor,Married,Standard,South,0
CUST104011,28,110646.0,47147.0,26939.0,16958.0,22,1,57.14,62,Salaried,Master,Married,Gold,North,0
CUST104012,40,85292.0,36576.0,7747.0,3583.0,17,1,21.18,74,Salaried,Master,Single,,West,0
CUST104013,52,53255.0,15374.0,12974.0,1090.0,23,0,84.39,25,Salaried,Bachelor,Divorced,Standard,Central,0
CUST104014,70,97748.0,37921.0,12221.0,1595.0,19,0,32.23,70,Salaried,Master,Married,Signature,Central,0
CUST104015,34,61794.0,23814.0,13184.0,9615.0,25,3,55.36,20,Salaried,Master,Widowed,Gold,West,0
CUST104016,70,35850.0,12340.0,3649.0,2470.0,25,3,29.57,27,Salaried,Bachelor,Married,Platinum,South,0
CUST104017,48,52069.0,29176.0,20899.0,7430.0,26,1,71.63,75,Salaried,Master,Married,Signature,South,0
CUST104018,66,68093.0,25575.0,6699.0,2468.0,17,1,26.19,27,Self-Employed,High School,Married,Platinum,South,0
CUST104019,44,107233.0,48450.0,15962.0,6870.0,28,1,32.95,17,Salaried,Bachelor,Single,Standard,East,0
CUST104020,35,58759.0,35124.0,20764.0,14228.0,31,1,59.12,57,Unemployed,Master,Single,Standard,East,0
CUST104021,42,33426.0,19491.0,12875.0,4527.0,31,0,66.06,29,Business,Bachelor,Single,Gold,Central,0
CUST104022,50,67060.0,39915.0,20993.0,14434.0,17,2,52.59,49,Salaried,High School,Divorced,Gold,North,0
CUST104023,24,69185.0,19718.0,7539.0,2531.0,19,2,38.23,36,Salaried,High School,Single,Standard,West,0
CUST104024,33,71995.0,12059.0,4791.0,2082.0,17,0,39.73,46,Unemployed,Master,Widowed,Signature,East,0
CUST104025,43,107804.0,30243.0,17923.0,9028.0,26,3,59.26,66,Salaried,Bachelor,Married,Platinum,West,0
CUST104026,28,113840.0,32940.0,22218.0,11567.0,20,3,67.45,71,Salaried,Diploma,Married,Standard,Central,0
CUST104027,38,46879.0,28347.0,8782.0,2100.0,27,2,30.98,90,Salaried,Master,Married,Signature,Central,0
CUST104028,32,46317.0,21983.0,2249.0,292.0,17,0,10.23,72,Business,Master,Married,Signature,North,0
CUST104029,51,36682.0,7001.0,1132.0,276.0,23,2,16.17,67,Self-Employed,Bachelor,Widowed,Standard,Central,0
CUST104030,34,95463.0,20781.0,12572.0,6273.0,27,1,60.5,92,Salaried,Bachelor,Married,Platinum,North,0
CUST104031,54,144205.0,32855.0,13800.0,1749.0,17,1,42.0,34,Salaried,Bachelor,Single,Standard,North,0
CUST104032,38,54658.0,25427.0,7478.0,2026.0,24,4,29.41,91,Salaried,Master,Single,Standard,Central,0
CUST104033,54,56917.0,29466.0,7748.0,3449.0,14,2,26.29,59,Salaried,Master,Single,Platinum,Central,0
CUST104034,31,145637.0,84444.0,62368.0,32758.0,21,1,73.86,104,Salaried,High School,Single,Gold,South,0
CUST104035,61,85836.0,53246.0,33731.0,4943.0,18,2,63.35,32,Salaried,Bachelor,Single,Standard,North,0
CUST104036,32,82625.0,20727.0,9532.0,1122.0,20,3,45.99,56,Business,Master,Divorced,Platinum,West,0
CUST104037,69,33764.0,10294.0,5949.0,746.0,19,2,57.79,73,Business,Bachelor,Married,Standard,West,0
CUST104038,35,94414.0,25507.0,12669.0,5032.0,20,3,49.67,59,Business,Diploma,Married,Standard,South,0
CUST104039,51,38992.0,12843.0,4090.0,,19,0,31.85,71,Business,Bachelor,Single,Gold,Central,0
CUST104040,69,513664.0,21158.0,10504.0,4095.0,27,1,49.65,119,Salaried,Bachelor,Single,Standard,West,0
CUST104041,49,53713.0,23502.0,9214.0,5151.0,24,0,39.21,43,Salaried,Master,Married,Platinum,East,0
CUST104042,46,47097.0,24448.0,16738.0,6965.0,19,3,68.46,40,Salaried,Bachelor,Single,Standard,East,0
CUST104043,38,57542.0,22733.0,11723.0,1846.0,25,1,51.57,98,Self-Employed,,Single,Gold,South,0
CUST104044,52,29425.0,4838.0,2602.0,1960.0,25,4,53.78,67,Student,Bachelor,Single,Standard,West,0
CUST104045,42,110138.0,20056.0,7719.0,1821.0,21,2,38.49,39,Student,Doctorate,Married,Standard,East,0
CUST104046,58,120858.0,50635.0,23575.0,7971.0,11,3,46.56,36,Salaried,High School,Married,Standard,West,0
CUST104047,37,22272.0,11345.0,6355.0,4115.0,22,2,56.02,66,Salaried,Bachelor,Single,Standard,East,0
CUST104048,43,111334.0,28687.0,14435.0,6620.0,18,1,50.32,92,Salaried,Diploma,Single,Gold,North,1
CUST104049,44,41621.0,21266.0,13276.0,10054.0,23,3,62.43,50,Self-Employed,Bachelor,Single,Standard,Central,0
CUST104050,70,104139.0,57832.0,32096.0,21861.0,19,1,55.5,65,Self-Employed,Bachelor,Married,Standard,East,0
CUST104051,28,62599.0,22282.0,9892.0,6627.0,22,4,44.39,38,Student,Diploma,Divorced,Standard,West,0
CUST104052,61,66037.0,34551.0,13899.0,8864.0,27,1,40.23,76,Self-Employed,Bachelor,Married,Standard,South,0
CUST104053,26,58708.0,20666.0,9880.0,4380.0,22,1,47.81,120,Business,Master,Single,Gold,South,0
CUST104054,25,126603.0,61931.0,32887.0,22949.0,29,2,53.1,52,Salaried,Bachelor,Single,Gold,South,0
CUST104055,64,32872.0,17488.0,4104.0,1307.0,17,2,23.47,61,Business,Bachelor,Single,Gold,South,0
CUST104056,49,90804.0,58656.0,21216.0,8928.0,14,1,36.17,36,Salaried,Master,Married,Signature,South,0
CUST104057,48,119119.0,38440.0,5190.0,1793.0,15,1,13.5,51,Salaried,Bachelor,Married,Standard,South,0
CUST104058,31,96387.0,34268.0,17231.0,7655.0,12,2,50.28,18,Salaried,Doctorate,Divorced,Platinum,North,0
CUST104059,21,233451.0,54350.0,17787.0,4651.0,22,0,32.73,17,Student,Bachelor,Single,Standard,North,0
CUST104060,63,48592.0,12247.0,2978.0,673.0,17,0,24.32,76,Student,Diploma,Married,Gold,Central,1
CUST104061,39,110047.0,54660.0,20149.0,8759.0,21,2,36.86,33,Self-Employed,Master,Married,Gold,North,0
CUST104062,29,61316.0,37312.0,5830.0,4854.0,20,0,15.62,29,Salaried,Bachelor,Married,Platinum,South,0
CUST104063,47,128094.0,44487.0,7580.0,718.0,25,3,17.04,40,Business,Bachelor,Married,Standard,West,0
CUST104064,54,64726.0,15529.0,4496.0,1180.0,23,2,28.95,15,Salaried,Diploma,Single,Standard,North,0
CUST104065,64,52513.0,15363.0,3708.0,1951.0,24,0,24.14,20,Salaried,Master,Married,Standard,West,0
CUST104066,24,133317.0,50331.0,24256.0,11879.0,33,2,48.19,17,Salaried,Bachelor,Single,Standard,South,0
CUST104067,56,49602.0,14649.0,410.0,178.0,22,0,2.8,71,Student,Bachelor,Married,Gold,South,0
CUST104068,38,29886.0,7973.0,5188.0,1623.0,21,4,65.07,33,Business,Bachelor,Single,Platinum,North,0
CUST104069,35,48917.0,25339.0,20175.0,4994.0,26,2,79.62,79,Salaried,Diploma,Single,Standard,West,1
CUST104070,33,91364.0,14063.0,3434.0,389.0,26,2,24.42,29,Student,Bachelor,Married,Standard,South,0
CUST104071,39,139771.0,58650.0,9057.0,2904.0,26,4,15.44,86,Salaried,High School,Married,Gold,East,0
CUST104072,69,69097.0,37788.0,27410.0,7241.0,25,1,72.54,90,Business,Bachelor,Single,Gold,South,0
CUST104073,26,134209.0,37996.0,6707.0,2320.0,25,4,17.65,55,Business,Master,Married,Standard,Central,0
CUST104074,68,30796.0,13909.0,5761.0,4023.0,22,3,41.42,40,Unemployed,Bachelor,Single,Gold,North,1
CUST104075,32,50937.0,24676.0,15353.0,5486.0,24,1,62.22,66,Salaried,High School,Married,Signature,Central,0
CUST104076,57,55460.0,26483.0,3898.0,1869.0,17,1,14.72,157,Student,Master,Married,Gold,North,0
CUST104077,37,61031.0,22760.0,4761.0,2794.0,14,2,20.92,56,Salaried,Master,Single,Standard,North,0
CUST104078,43,68077.0,22009.0,11573.0,5488.0,27,2,52.58,122,Unemployed,Master,Married,Gold,East,0
CUST104079,46,95049.0,53984.0,34323.0,15253.0,23,1,63.58,13,Salaried,Bachelor,Married,Standard,North,0
CUST104080,49,50894.0,26934.0,14699.0,8977.0,23,3,54.57,23,Self-Employed,High School,Divorced,Gold,South,0
CUST104081,53,70165.0,21795.0,4872.0,2447.0,18,2,22.35,36,Unemployed,Bachelor,Married,Platinum,Central,0
CUST104082,47,63407.0,12777.0,9575.0,4828.0,28,1,74.94,121,Salaried,Bachelor,Married,Standard,East,0
CUST104083,45,39062.0,7262.0,4449.0,1363.0,16,0,61.26,64,Self-Employed,High School,Married,Standard,North,0
CUST104084,30,61061.0,12037.0,3491.0,1894.0,14,2,29.0,68,Unemployed,High School,Married,Gold,East,0
CUST104085,67,60062.0,26513.0,12474.0,8976.0,16,1,47.05,34,Unemployed,Bachelor,Married,Standard,East,0
CUST104086,43,59358.0,10437.0,3589.0,1568.0,19,0,34.39,39,Salaried,Master,Single,Platinum,South,0
CUST104087,41,66145.0,21065.0,15867.0,11527.0,15,3,75.32,81,Salaried,Doctorate,Divorced,Standard,,0
CUST104088,41,67762.0,35683.0,18320.0,7546.0,25,1,51.34,68,Salaried,Master,Married,Platinum,West,0
CUST104089,63,51245.0,15229.0,2993.0,2317.0,23,1,19.65,55,Business,Diploma,Single,Signature,South,0
CUST104090,33,130893.0,69590.0,12369.0,3717.0,24,0,17.77,19,Business,Master,Married,Standard,West,0
CUST104091,57,34164.0,17859.0,4775.0,3121.0,23,1,26.74,85,Self-Employed,Doctorate,Married,Standard,East,0
CUST104092,53,43722.0,11932.0,2105.0,391.0,21,1,17.64,43,Self-Employed,Bachelor,Single,Signature,West,0
CUST104093,44,299875.0,150000.0,50116.0,19522.0,24,2,,56,Salaried,Bachelor,Married,Standard,East,0
CUST104094,64,,19240.0,9717.0,4272.0,22,3,50.5,48,Salaried,,Divorced,Gold,North,0
CUST104095,31,30871.0,10766.0,4903.0,697.0,22,0,45.54,26,Self-Employed,Master,Divorced,Standard,South,0
CUST104096,37,97354.0,24846.0,13391.0,5503.0,28,2,53.9,51,Business,Diploma,Single,Standard,West,0
CUST104097,24,20738.0,8516.0,2168.0,1589.0,22,4,25.46,31,Salaried,High School,Married,Standard,Central,0
CUST104098,67,57110.0,34877.0,20699.0,4023.0,25,3,59.35,23,Business,Bachelor,Married,Standard,Central,0
CUST104099,45,211577.0,99401.0,51519.0,34231.0,28,1,51.83,26,Unemployed,Diploma,Married,Signature,West,0
CUST104100,50,27790.0,6571.0,4984.0,2303.0,16,0,75.85,31,Business,Bachelor,Married,Platinum,East,0
CUST104101,29,21852.0,10738.0,602.0,309.0,20,0,5.61,20,Self-Employed,Bachelor,Married,Standard,North,0
CUST104102,41,28498.0,10362.0,2081.0,1527.0,19,3,20.08,31,Salaried,Master,Married,Standard,North,0
CUST104103,40,106536.0,47490.0,29538.0,19131.0,28,2,62.2,162,Business,Bachelor,Divorced,Standard,South,0
CUST104104,39,120665.0,62388.0,14665.0,1454.0,14,1,23.51,70,Self-Employed,Master,Married,Gold,West,0
CUST104105,39,49032.0,19979.0,3877.0,1836.0,26,2,19.41,70,Self-Employed,Bachelor,Single,Platinum,South,0
CUST104106,32,94647.0,52718.0,23176.0,20866.0,35,1,43.96,34,Business,High School,Married,Signature,South,0
CUST104107,57,139634.0,71364.0,40309.0,4007.0,31,5,56.48,156,Self-Employed,Master,Single,Platinum,North,0
CUST104108,62,173717.0,79482.0,19221.0,8700.0,23,4,24.18,137,Salaried,Bachelor,Married,Standard,West,0
CUST104109,37,56764.0,12794.0,1902.0,727.0,17,1,14.87,17,Salaried,Master,Married,Standard,South,0
CUST104110,57,18331.0,10412.0,3688.0,,15,0,35.42,75,Self-Employed,Master,Married,Standard,West,0
CUST104111,68,41384.0,25573.0,1173.0,671.0,25,3,4.59,92,Salaried,Doctorate,Married,Standard,East,0
CUST104112,59,51400.0,11230.0,940.0,753.0,27,3,8.37,79,Salaried,Doctorate,Married,Standard,Central,0
CUST104113,48,56372.0,22217.0,8693.0,4777.0,20,1,39.13,78,Salaried,Diploma,Single,Standard,Central,0
CUST104114,61,58619.0,16381.0,9850.0,5821.0,15,5,60.13,49,Salaried,Master,Divorced,Standard,South,0
CUST104115,55,120275.0,63416.0,37011.0,18793.0,20,3,58.36,68,Self-Employed,Doctorate,Married,Standard,West,0
CUST104116,67,131016.0,66925.0,33275.0,3110.0,32,4,49.72,24,Self-Employed,Master,Divorced,Standard,South,0
CUST104117,68,59144.0,13038.0,3121.0,2432.0,27,2,23.94,83,,Master,Single,Gold,South,0
CUST104118,38,118932.0,69993.0,30298.0,19937.0,28,4,43.29,79,Business,Master,Single,Standard,North,1
CUST104119,34,513664.0,19030.0,9086.0,3725.0,21,1,47.75,34,Business,Diploma,Single,Standard,West,0
CUST104120,55,67347.0,36949.0,7133.0,1038.0,19,0,19.3,78,Self-Employed,Diploma,Divorced,Gold,South,0
CUST104121,64,107017.0,40505.0,10216.0,4179.0,19,1,25.22,59,Self-Employed,Bachelor,Married,Standard,East,0
CUST104122,61,67635.0,21247.0,2492.0,1527.0,18,2,11.73,71,Unemployed,Master,Single,Gold,,0
CUST104123,27,201579.0,46186.0,20485.0,18340.0,23,5,44.35,74,Business,High School,Married,Platinum,North,0
CUST104124,61,29467.0,6890.0,835.0,366.0,22,4,12.12,100,Business,Bachelor,Married,Platinum,West,0
CUST104125,33,48962.0,23548.0,4310.0,487.0,31,4,18.3,105,Salaried,Bachelor,Married,Standard,South,0
CUST104126,38,60631.0,25781.0,15384.0,4663.0,21,5,59.67,72,Salaried,Bachelor,Single,Gold,South,0
CUST104127,57,82772.0,17468.0,8869.0,4161.0,19,2,50.77,110,Salaried,Master,Single,Standard,South,0
CUST104128,33,130551.0,26939.0,20869.0,14571.0,21,1,77.47,51,Salaried,Diploma,Married,Standard,North,0
CUST104129,56,64134.0,11939.0,5856.0,3017.0,21,3,49.05,115,Salaried,Diploma,Married,Standard,North,0
CUST104130,51,29730.0,15516.0,8825.0,5559.0,25,2,56.88,48,Self-Employed,Master,Single,Standard,North,0
CUST104131,22,103314.0,52271.0,6487.0,1382.0,25,4,12.41,56,Self-Employed,Master,Married,Gold,West,0
CUST104132,36,98456.0,17645.0,9438.0,5169.0,26,1,53.49,82,Student,Diploma,Single,Platinum,Central,0
CUST104133,29,22340.0,9609.0,4200.0,2856.0,29,3,43.71,41,Self-Employed,Bachelor,Married,Standard,East,0
CUST104134,29,64864.0,12476.0,2982.0,1603.0,22,2,23.9,30,Student,Bachelor,Married,Standard,West,0
CUST104135,58,27107.0,16315.0,3036.0,682.0,13,3,18.61,85,Self-Employed,Bachelor,Widowed,Standard,South,0
CUST104136,31,45098.0,27219.0,8016.0,4139.0,35,1,29.45,82,Salaried,Master,Single,Gold,West,0
CUST104137,42,39561.0,19746.0,5568.0,4634.0,24,3,28.2,80,Self-Employed,Bachelor,Divorced,Standard,Central,0
CUST104138,53,101442.0,62194.0,10555.0,5061.0,26,0,16.97,47,Business,Bachelor,Married,Standard,East,0
CUST104139,56,69314.0,38520.0,25023.0,3128.0,22,5,64.96,36,Business,Diploma,Divorced,Standard,West,0
CUST104140,65,32050.0,18085.0,6729.0,1536.0,25,3,37.21,16,Student,High School,Single,Gold,North,0
CUST104141,43,105470.0,45864.0,17138.0,8673.0,16,2,37.37,26,Student,Master,Single,Standard,South,0
CUST104142,65,29541.0,8952.0,4383.0,1841.0,20,1,48.96,138,Salaried,Master,Single,Signature,North,0
CUST104143,65,77941.0,20179.0,7163.0,2344.0,20,1,35.5,65,Salaried,High School,Single,Standard,North,0
CUST104144,54,41541.0,13027.0,4556.0,1947.0,21,3,34.97,73,Self-Employed,Diploma,Divorced,Standard,South,0
CUST104145,29,53158.0,24678.0,16744.0,8280.0,22,0,67.85,106,Salaried,Bachelor,Married,Standard,Central,0
CUST104146,44,85776.0,20271.0,12409.0,9405.0,20,2,61.22,81,Student,Diploma,Married,Gold,North,0
CUST104147,28,86590.0,24186.0,11607.0,8188.0,25,1,47.99,20,Business,High School,Married,Platinum,East,0
CUST104148,27,135601.0,52075.0,35187.0,8852.0,21,1,67.57,95,Business,Bachelor,Married,Standard,West,0
CUST104149,56,62125.0,16558.0,14828.0,4732.0,27,5,89.55,32,Unemployed,Bachelor,Married,Gold,East,0
CUST104150,38,76933.0,34183.0,22402.0,8553.0,19,1,65.54,148,Student,Master,Married,Standard,East,0
CUST104151,23,51092.0,31247.0,13419.0,2063.0,22,1,42.94,77,Unemployed,Doctorate,Single,Platinum,Central,0
CUST104152,48,71843.0,37649.0,3719.0,1483.0,28,2,9.88,90,Business,Bachelor,Married,Gold,West,0
CUST104153,26,82773.0,39997.0,28324.0,11854.0,19,0,70.82,47,Salaried,Master,Single,Standard,West,0
CUST104154,64,61579.0,27179.0,4712.0,2334.0,18,1,17.34,69,Salaried,Doctorate,Married,Gold,North,0
CUST104155,64,24103.0,9496.0,5119.0,2084.0,19,2,53.91,109,Salaried,Diploma,Married,Gold,West,0
CUST104156,41,77999.0,18976.0,5556.0,4285.0,22,3,29.28,138,Business,Master,Single,Gold,South,0
CUST104157,48,79432.0,47449.0,12377.0,4944.0,17,3,26.08,90,Salaried,Bachelor,Single,Standard,North,0
CUST104158,60,44714.0,12264.0,7758.0,3950.0,25,0,63.26,68,Salaried,Diploma,Married,Platinum,West,0
CUST104159,21,32072.0,6275.0,2131.0,1074.0,17,2,33.96,38,Self-Employed,Diploma,Single,Standard,Central,0
CUST104160,56,146368.0,76844.0,25619.0,13586.0,25,2,33.34,79,Salaried,Bachelor,Single,Standard,East,0
CUST104161,41,85173.0,20255.0,13336.0,7804.0,22,1,65.84,25,Unemployed,Master,Single,Standard,Central,0
CUST104162,63,57305.0,19252.0,9949.0,5733.0,15,2,51.68,83,Business,High School,Single,Signature,North,0
CUST104163,55,34779.0,5709.0,2090.0,1349.0,23,2,36.61,96,Self-Employed,Bachelor,Single,Gold,East,0
CUST104164,33,41363.0,9039.0,1537.0,583.0,14,3,17.0,35,Student,Bachelor,Single,Standard,East,0
CUST104165,69,133062.0,31483.0,4022.0,2600.0,20,2,12.78,82,Self-Employed,Bachelor,Divorced,Signature,North,0
CUST104166,30,70113.0,12424.0,3137.0,2041.0,27,2,25.25,67,Student,Diploma,Married,Standard,West,0
CUST104167,64,48017.0,22968.0,9119.0,5964.0,28,3,39.7,125,Business,Master,Married,Standard,East,0
CUST104168,67,86032.0,48910.0,13604.0,6767.0,19,2,27.81,90,Salaried,Bachelor,Single,Standard,North,0
CUST104169,30,41532.0,13982.0,4330.0,2958.0,23,1,30.97,114,Business,Bachelor,Married,Gold,South,0
CUST104170,66,148391.0,87148.0,9627.0,1458.0,19,5,11.05,180,Business,Diploma,Single,Standard,South,0
CUST104171,33,136787.0,35110.0,21641.0,6528.0,16,1,61.64,74,Salaried,Bachelor,Single,Standard,North,0
CUST104172,57,50288.0,15725.0,,4906.0,25,1,63.23,50,Self-Employed,Bachelor,Single,Standard,West,0
CUST104173,58,45999.0,10367.0,4545.0,952.0,20,3,43.84,54,Salaried,Diploma,Married,Standard,East,0
CUST104174,44,18000.0,8285.0,,884.0,22,0,40.63,19,Self-Employed,Bachelor,Married,Standard,South,0
CUST104175,22,28775.0,10357.0,6745.0,3713.0,23,2,65.13,66,Self-Employed,Bachelor,Married,Standard,South,0
CUST104176,42,31115.0,14208.0,10647.0,2880.0,22,3,74.94,48,Unemployed,High School,Single,Standard,Central,0
CUST104177,37,,37168.0,7428.0,2515.0,19,1,19.98,60,Business,High School,Single,Gold,North,0
CUST104178,56,54324.0,22971.0,7202.0,3069.0,24,3,31.35,32,Salaried,Doctorate,Married,Gold,North,0
CUST104179,34,31014.0,14385.0,11772.0,7175.0,25,1,81.84,42,Salaried,Master,Married,Standard,East,0
CUST104180,30,55687.0,34394.0,22690.0,7769.0,32,3,65.97,33,Business,Bachelor,Married,Standard,Central,0
CUST104181,55,85826.0,25708.0,7819.0,1293.0,14,1,30.41,82,Salaried,Diploma,Married,Platinum,West,0
CUST104182,45,86895.0,28639.0,7657.0,4755.0,25,0,26.74,73,Unemployed,Diploma,Single,Standard,West,0
CUST104183,23,22864.0,11634.0,3771.0,2035.0,11,4,32.41,50,Salaried,Bachelor,Single,Gold,West,0
CUST104184,67,60573.0,27600.0,10213.0,3996.0,18,1,37.0,53,Salaried,Bachelor,Divorced,Gold,North,0
CUST104185,58,30373.0,7267.0,899.0,428.0,20,4,12.37,71,Self-Employed,Master,Married,Platinum,South,0
CUST104186,37,106734.0,36084.0,16363.0,5521.0,20,3,45.35,83,Unemployed,Bachelor,Widowed,Standard,East,0
CUST104187,32,100050.0,38411.0,14206.0,2795.0,26,0,36.98,57,Salaried,Doctorate,Divorced,Standard,North,0
CUST104188,44,39665.0,14267.0,5935.0,2920.0,22,0,41.6,11,Salaried,Diploma,Single,Signature,South,0
CUST104189,49,42651.0,10199.0,5178.0,3865.0,21,1,50.77,61,Unemployed,High School,Single,Gold,South,0
CUST104190,63,50435.0,30877.0,24132.0,3160.0,22,2,78.16,50,Salaried,Bachelor,Single,Standard,West,0
CUST104191,45,18828.0,10001.0,6809.0,1440.0,24,1,68.08,45,Self-Employed,Doctorate,Married,Standard,North,0
CUST104192,56,78192.0,30548.0,17856.0,11408.0,32,2,58.45,67,Salaried,Master,Married,Standard,West,0
CUST104193,46,55942.0,27413.0,13206.0,5362.0,20,1,48.17,17,Salaried,High School,Single,Standard,East,0
CUST104194,58,110828.0,66346.0,41412.0,14732.0,23,3,62.42,66,Salaried,Bachelor,Widowed,Gold,South,0
CUST104195,21,35526.0,7748.0,1128.0,556.0,21,2,14.56,83,Business,Bachelor,Married,Standard,North,0
CUST104196,40,46241.0,12725.0,8542.0,5357.0,25,2,67.13,108,Business,Master,Divorced,Standard,West,0
CUST104197,48,28383.0,11959.0,8559.0,3764.0,26,2,71.57,47,Salaried,Diploma,Single,Standard,West,1
CUST104198,36,37413.0,20559.0,9605.0,7199.0,19,2,46.72,79,Salaried,Diploma,Married,Gold,West,0
CUST104199,67,33930.0,5705.0,4176.0,1995.0,26,1,73.2,21,Unemployed,Bachelor,Widowed,Standard,North,1
CUST104200,37,112412.0,72170.0,53299.0,8605.0,23,3,73.85,89,Self-Employed,Diploma,Single,Standard,Central,0
CUST104201,60,44272.0,16711.0,4841.0,4108.0,23,3,28.97,103,Business,High School,Married,Gold,South,0
CUST104202,48,69594.0,22939.0,4657.0,1473.0,17,1,20.3,13,Salaried,Bachelor,Married,Standard,South,0
CUST104203,32,52719.0,15624.0,8266.0,2553.0,21,3,52.91,35,Salaried,Bachelor,Single,Standard,South,0
CUST104204,47,32336.0,7669.0,2297.0,826.0,21,2,29.95,35,Salaried,Master,Single,Platinum,South,0
CUST104205,62,59253.0,32340.0,21555.0,12439.0,20,1,66.65,29,Self-Employed,Bachelor,Single,Standard,East,0
CUST104206,67,90368.0,56725.0,23473.0,4144.0,17,4,41.38,82,Salaried,Bachelor,Single,Standard,East,0
CUST104207,50,33452.0,11936.0,6300.0,3932.0,23,5,52.78,14,Business,Diploma,Single,Signature,North,1
CUST104208,61,101433.0,63518.0,44344.0,26452.0,25,2,69.81,72,Self-Employed,Master,Married,Gold,South,0
CUST104209,54,40733.0,22888.0,9468.0,4734.0,27,2,41.37,42,Salaried,Master,Single,Standard,West,0
CUST104210,57,49836.0,19462.0,5301.0,2045.0,26,2,27.24,69,Salaried,Bachelor,Married,Standard,South,0
CUST104211,26,87031.0,42385.0,19755.0,12369.0,17,1,46.61,114,Self-Employed,Bachelor,Married,Signature,West,0
CUST104212,27,45128.0,16584.0,2696.0,293.0,26,3,16.26,72,Salaried,Master,Single,Standard,West,0
CUST104213,52,66357.0,28491.0,12067.0,5485.0,21,3,42.35,31,Salaried,Bachelor,Widowed,Standard,West,0
CUST104214,52,54670.0,9787.0,4773.0,821.0,21,1,48.77,95,Salaried,Bachelor,Married,Standard,West,0
CUST104215,45,513664.0,34766.0,,7794.0,16,1,34.58,45,Self-Employed,Diploma,Married,Standard,South,0
CUST104216,53,18000.0,3175.0,1682.0,589.0,20,0,52.98,32,Business,Bachelor,Married,Standard,South,0
CUST104217,27,23761.0,13272.0,3857.0,1706.0,21,2,29.06,138,Self-Employed,High School,Married,Standard,East,0
CUST104218,32,91210.0,51303.0,29272.0,19045.0,22,1,57.06,37,Business,Diploma,Married,Standard,Central,0
CUST104219,36,114989.0,30879.0,18437.0,12076.0,18,3,59.71,40,Unemployed,Master,Single,Signature,South,0
CUST104220,36,39394.0,12284.0,9258.0,4879.0,18,1,75.37,40,Self-Employed,Bachelor,Divorced,,Central,0
CUST104221,63,56836.0,22203.0,9128.0,2725.0,23,2,41.11,62,Salaried,Bachelor,Divorced,Platinum,Central,0
CUST104222,56,76438.0,34270.0,11871.0,6860.0,21,1,34.64,112,Self-Employed,Bachelor,Married,Standard,West,0
CUST104223,33,95169.0,27949.0,20620.0,6257.0,26,3,73.78,68,Salaried,High School,Married,Standard,West,0
CUST104224,27,21310.0,9509.0,3793.0,2106.0,19,1,39.89,76,Salaried,Bachelor,Married,Standard,East,0
CUST104225,56,39927.0,11934.0,4639.0,3617.0,22,1,38.87,20,Salaried,High School,Married,Standard,North,0
CUST104226,67,54134.0,9622.0,2700.0,916.0,18,1,28.06,14,Self-Employed,Master,Single,Platinum,East,0
CUST104227,29,95690.0,14474.0,11209.0,,17,1,77.44,119,Self-Employed,Bachelor,Single,Standard,North,0
CUST104228,52,256858.0,51519.0,29522.0,16407.0,19,3,57.3,71,Self-Employed,Diploma,Divorced,Gold,East,0
CUST104229,31,57339.0,31314.0,19203.0,12463.0,24,0,61.32,30,Salaried,Bachelor,Married,Platinum,West,0
CUST104230,28,29981.0,18909.0,15372.0,1731.0,22,0,81.29,148,Salaried,Bachelor,Divorced,Gold,South,0
CUST104231,53,81096.0,29477.0,11320.0,2240.0,20,3,38.4,33,Self-Employed,Bachelor,Divorced,Gold,North,0
CUST104232,43,134415.0,54618.0,40501.0,20419.0,16,2,74.15,63,Business,Master,Married,Gold,West,0
CUST104233,45,68979.0,15412.0,10619.0,6823.0,23,2,68.9,24,Business,Bachelor,Married,Standard,West,0
CUST104234,28,39477.0,16798.0,5862.0,1810.0,16,2,34.9,52,Salaried,Master,Married,Standard,West,0
CUST104235,65,110088.0,24476.0,12885.0,4667.0,19,3,52.64,66,Unemployed,Diploma,Married,Platinum,East,0
CUST104236,42,93629.0,42658.0,33742.0,9196.0,23,1,79.1,101,Salaried,Bachelor,Divorced,Standard,South,0
CUST104237,24,36968.0,22796.0,7321.0,5690.0,23,0,32.12,80,Self-Employed,Master,Single,Standard,West,0
CUST104238,60,80172.0,19871.0,12012.0,7759.0,17,3,60.45,26,Salaried,Master,Single,Standard,South,0
CUST104239,23,112492.0,59877.0,12182.0,4810.0,26,4,,74,Student,Doctorate,Married,Standard,East,0
CUST104240,49,124515.0,20140.0,15606.0,2297.0,22,2,77.49,104,Business,Bachelor,Married,Standard,South,0
CUST104241,61,62667.0,21166.0,7278.0,1247.0,22,1,34.39,135,Salaried,Bachelor,Divorced,Standard,East,0
CUST104242,49,53380.0,10963.0,4050.0,1427.0,25,4,36.94,107,Business,Bachelor,Married,Signature,East,0
CUST104243,54,127662.0,41648.0,15562.0,5867.0,22,3,37.37,48,Salaried,Bachelor,Married,Platinum,South,0
CUST104244,54,33408.0,7910.0,1803.0,527.0,15,2,22.79,109,Salaried,Bachelor,Divorced,Gold,South,0
CUST104245,48,82732.0,27852.0,14036.0,4986.0,24,0,50.39,33,Salaried,Diploma,Single,Gold,West,0
CUST104246,33,30596.0,10977.0,5044.0,2502.0,30,2,45.95,30,Self-Employed,Bachelor,Married,Standard,North,0
CUST104247,35,116786.0,35070.0,5222.0,1411.0,23,1,14.89,62,Salaried,Master,Single,Standard,South,0
CUST104248,43,56400.0,26977.0,11531.0,2806.0,19,4,42.74,49,Business,Bachelor,Single,Gold,West,0
CUST104249,64,130596.0,79589.0,26086.0,10090.0,20,1,32.78,75,Self-Employed,Bachelor,Single,Platinum,North,0
CUST104250,46,85171.0,29835.0,13875.0,9042.0,27,1,46.51,67,Salaried,High School,Single,Platinum,North,0
CUST104251,24,33169.0,8165.0,,1174.0,19,3,77.42,63,Self-Employed,Diploma,Single,Gold,South,0
CUST104252,46,142299.0,40607.0,20982.0,7460.0,23,6,51.67,69,Salaried,Master,Single,Signature,Central,0
CUST104253,60,152562.0,88028.0,21530.0,9325.0,23,3,24.46,75,Self-Employed,Bachelor,Married,Standard,North,0
CUST104254,29,105599.0,46022.0,12516.0,6440.0,18,2,27.2,40,Student,Master,Single,Gold,Central,0
CUST104255,25,42756.0,16141.0,11294.0,4601.0,23,0,69.97,25,Salaried,Diploma,Married,Standard,East,0
CUST104256,52,54931.0,12349.0,4949.0,1777.0,31,1,40.08,68,Self-Employed,Bachelor,Single,Signature,North,0
CUST104257,40,70413.0,26395.0,3950.0,905.0,22,4,14.96,102,Salaried,Doctorate,Single,Standard,West,0
CUST104258,70,44139.0,12767.0,1415.0,679.0,18,4,11.08,56,Salaried,Bachelor,Single,Standard,North,0
CUST104259,31,164873.0,102482.0,54156.0,34844.0,17,0,52.84,30,Unemployed,Diploma,Married,Standard,East,0
CUST104260,35,70370.0,41662.0,28868.0,15637.0,21,0,69.29,58,Student,Diploma,Married,Standard,East,0
CUST104261,52,18000.0,3455.0,448.0,,18,2,12.97,54,Self-Employed,Diploma,Married,Standard,West,0
CUST104262,48,78338.0,31988.0,17372.0,2331.0,22,1,54.31,90,Salaried,High School,Married,Standard,South,0
CUST104263,42,53672.0,14090.0,6325.0,4801.0,22,3,44.89,52,Salaried,Bachelor,Married,Platinum,South,0
CUST104264,61,62376.0,22168.0,9208.0,1249.0,22,1,41.54,9,Self-Employed,Master,Single,Gold,West,0
CUST104265,37,53072.0,31229.0,19755.0,9837.0,15,1,63.26,42,Self-Employed,Master,Single,Standard,South,0
CUST104266,46,101318.0,41921.0,4407.0,334.0,28,0,10.51,57,Business,High School,Single,Standard,East,0
CUST104267,64,120327.0,38157.0,11883.0,9190.0,34,3,31.14,33,Business,Master,Single,Standard,East,0
CUST104268,27,75949.0,19287.0,3126.0,348.0,20,2,16.21,53,Salaried,Bachelor,Single,Platinum,North,0
CUST104269,62,53934.0,29672.0,15391.0,8248.0,27,1,51.87,16,Salaried,High School,Divorced,Platinum,South,0
CUST104270,46,63539.0,29371.0,10699.0,6348.0,25,0,36.43,85,Salaried,High School,Single,Standard,North,0
CUST104271,45,65704.0,25232.0,13605.0,2735.0,15,2,53.92,10,Salaried,Bachelor,Married,Gold,North,0
CUST104272,30,41806.0,10817.0,200.0,100.0,26,6,1.85,86,Salaried,Diploma,Married,Platinum,West,0
CUST104273,65,89371.0,28342.0,6075.0,3189.0,23,1,21.43,31,Salaried,Diploma,Divorced,,Central,0
CUST104274,39,83714.0,52733.0,36617.0,18515.0,26,1,69.44,36,Self-Employed,High School,Widowed,Standard,North,0
CUST104275,31,151658.0,62187.0,27428.0,5297.0,21,0,44.11,44,Student,Bachelor,Single,Standard,South,0
CUST104276,33,129649.0,45422.0,10630.0,4393.0,18,4,23.4,120,Business,High School,Single,Standard,Central,0
CUST104277,28,44579.0,18309.0,4938.0,3211.0,23,1,26.97,23,Business,High School,Widowed,Gold,West,0
CUST104278,60,102059.0,55060.0,42875.0,12435.0,25,2,77.87,74,Self-Employed,Diploma,Single,Platinum,North,1
CUST104279,24,38527.0,12331.0,4825.0,1394.0,27,0,39.13,46,Business,High School,Single,Gold,North,0
CUST104280,67,,22813.0,7764.0,2859.0,19,0,34.03,31,Salaried,High School,Divorced,Standard,West,0
CUST104281,51,48923.0,21647.0,14711.0,3193.0,18,3,67.96,87,Self-Employed,Bachelor,Married,Platinum,West,0
CUST104282,48,37025.0,17868.0,4138.0,1076.0,22,2,23.16,32,Self-Employed,Diploma,Single,Standard,Central,0
CUST104283,31,75824.0,38394.0,15025.0,7942.0,26,2,39.13,37,Self-Employed,High School,Single,Standard,West,0
CUST104284,63,18000.0,10638.0,4058.0,1002.0,17,0,38.15,43,Business,High School,Married,Standard,Central,0
CUST104285,21,24813.0,8327.0,4039.0,1290.0,30,1,48.5,128,Unemployed,High School,Single,Gold,East,0
CUST104286,69,58955.0,11065.0,8898.0,4203.0,28,2,80.42,10,Business,Master,Divorced,Signature,South,0
CUST104287,67,68015.0,42793.0,3598.0,1707.0,19,1,8.41,37,Unemployed,Bachelor,Single,Gold,North,1
CUST104288,58,53051.0,19497.0,8567.0,1074.0,17,3,43.94,56,Self-Employed,Bachelor,Single,Standard,North,0
CUST104289,44,27268.0,12588.0,3219.0,1944.0,13,2,25.57,60,Salaried,Master,Single,Gold,North,0
CUST104290,67,41452.0,20028.0,9068.0,6488.0,25,0,45.28,45,Self-Employed,High School,Married,Signature,East,0
CUST104291,51,80604.0,34116.0,22499.0,11044.0,26,2,65.95,130,Unemployed,High School,Single,Gold,South,0
CUST104292,61,89512.0,22613.0,11844.0,8921.0,11,2,52.38,40,Business,Bachelor,Single,Standard,West,0
CUST104293,66,64423.0,33988.0,7030.0,2571.0,20,1,20.68,77,Unemployed,Diploma,Married,Gold,South,0
CUST104294,70,122811.0,67776.0,26618.0,5751.0,22,5,39.27,92,Salaried,Bachelor,Divorced,Standard,South,0
CUST104295,46,80879.0,34494.0,5280.0,3042.0,13,1,15.31,24,Salaried,Master,Married,Gold,East,0
CUST104296,69,43090.0,16990.0,1775.0,462.0,21,1,10.45,28,Salaried,Bachelor,Married,Signature,Central,0
CUST104297,70,55707.0,11530.0,1551.0,251.0,23,0,13.45,57,Salaried,Diploma,Married,Standard,East,0
CUST104298,25,30048.0,5768.0,3536.0,1303.0,25,4,61.3,52,Salaried,Master,Single,Standard,South,0
CUST104299,40,61247.0,19586.0,7053.0,1042.0,28,1,36.01,61,Unemployed,Bachelor,Divorced,Gold,South,0
CUST104300,61,119826.0,36598.0,23064.0,9344.0,21,0,63.02,35,Business,Master,Single,Gold,Central,0
CUST104301,31,94755.0,59395.0,21884.0,9338.0,16,1,36.84,53,Salaried,High School,Single,Standard,West,0
CUST104302,53,140540.0,76146.0,53237.0,32869.0,26,1,69.91,68,Salaried,Bachelor,Married,Standard,North,0
CUST104303,70,55026.0,26410.0,5245.0,3511.0,20,0,19.86,46,Self-Employed,High School,Single,Gold,South,0
CUST104304,58,136284.0,55716.0,31993.0,18239.0,23,2,57.42,88,Student,Diploma,Married,Standard,East,0
CUST104305,47,58444.0,13657.0,8272.0,1802.0,18,2,60.57,28,Salaried,Bachelor,Married,Standard,West,0
CUST104306,54,146022.0,93341.0,40690.0,12561.0,26,2,43.59,42,Salaried,,Married,Platinum,North,0
CUST104307,35,64223.0,21677.0,3347.0,,25,2,15.44,126,Salaried,High School,Widowed,Platinum,East,0
CUST104308,52,95906.0,19513.0,4195.0,1589.0,27,3,21.5,63,Salaried,High School,Married,Standard,East,0
CUST104309,41,146306.0,58069.0,17708.0,,22,3,30.49,65,Business,Bachelor,Married,Platinum,North,0
CUST104310,66,58440.0,34304.0,19345.0,5382.0,23,3,56.39,51,Business,High School,Married,Standard,South,0
CUST104311,25,73296.0,43512.0,35661.0,19769.0,29,2,81.96,119,Unemployed,Master,Single,Standard,North,0
CUST104312,26,132061.0,20533.0,2081.0,1034.0,28,4,10.13,40,Business,Bachelor,Single,Gold,West,0
CUST104313,58,60415.0,35835.0,14326.0,7946.0,18,2,39.98,80,Salaried,Bachelor,Married,Gold,North,0
CUST104314,42,31434.0,8982.0,2049.0,1365.0,25,1,22.81,128,Salaried,Bachelor,Married,Standard,North,0
CUST104315,38,211250.0,35804.0,16735.0,6713.0,15,1,46.74,85,Salaried,Bachelor,Single,Signature,West,0
CUST104316,34,50200.0,28810.0,10411.0,5177.0,20,1,36.14,90,Salaried,Doctorate,Divorced,Gold,South,0
CUST104317,30,70931.0,41277.0,23314.0,14272.0,28,1,56.48,149,Self-Employed,High School,Married,Platinum,West,0
CUST104318,66,122755.0,55008.0,25902.0,17526.0,17,2,47.09,81,Salaried,Master,Married,Standard,West,0
CUST104319,33,46512.0,20336.0,9224.0,2748.0,15,3,45.36,18,Student,Bachelor,Married,Gold,North,0
CUST104320,51,37340.0,20782.0,12223.0,6224.0,26,1,58.82,42,Salaried,Master,Married,Standard,North,0
CUST104321,50,74735.0,40593.0,17927.0,11084.0,27,1,44.16,79,Salaried,Bachelor,Single,Platinum,West,0
CUST104322,23,24245.0,14427.0,5479.0,3288.0,19,1,37.98,52,Salaried,Master,Single,Standard,South,0
CUST104323,50,55481.0,23656.0,14945.0,13818.0,12,1,63.18,55,Salaried,Master,Divorced,Gold,East,0
CUST104324,26,74378.0,47143.0,26054.0,9368.0,20,2,55.27,109,Self-Employed,High School,Single,Standard,West,0
CUST104325,49,56031.0,36312.0,14363.0,7278.0,25,1,39.55,56,Self-Employed,Master,Married,Platinum,South,0
CUST104326,28,27813.0,5793.0,2850.0,619.0,22,0,49.2,87,Salaried,Bachelor,Single,Standard,South,0
CUST104327,64,,89783.0,25031.0,11006.0,17,6,27.88,30,Business,Master,Married,Standard,South,0
CUST104328,65,68809.0,27517.0,19224.0,5933.0,27,3,69.86,58,Self-Employed,High School,Married,Platinum,West,0
CUST104329,63,142811.0,49096.0,14208.0,2698.0,25,3,28.94,75,Unemployed,Master,Married,Gold,South,0
CUST104330,64,56338.0,25720.0,6415.0,1043.0,21,0,24.94,49,Salaried,Master,Single,Standard,South,0
CUST104331,53,40060.0,7130.0,1750.0,1389.0,17,1,24.54,61,Salaried,Diploma,Married,Standard,East,0
CUST104332,37,75372.0,30392.0,18330.0,10211.0,20,2,60.31,39,Business,High School,Married,Standard,East,0
CUST104333,68,57726.0,33795.0,18253.0,3408.0,15,2,54.01,82,Self-Employed,Bachelor,Single,Gold,South,1
CUST104334,31,34009.0,8731.0,1366.0,292.0,14,0,15.65,21,Salaried,Bachelor,Married,Standard,East,0
CUST104335,33,145878.0,52982.0,26265.0,15476.0,23,5,49.57,56,,Master,Single,Gold,South,0
CUST104336,70,46161.0,28608.0,8929.0,2732.0,16,3,31.21,30,Self-Employed,Master,Single,Standard,East,0
CUST104337,31,23623.0,8605.0,6835.0,3362.0,26,1,79.43,157,Salaried,Bachelor,Single,Gold,South,0
CUST104338,51,134947.0,44422.0,4865.0,2297.0,21,4,10.95,40,Business,Diploma,Single,Standard,West,0
CUST104339,48,49256.0,18238.0,4203.0,998.0,28,3,23.05,78,Salaried,Master,Married,Standard,East,0
CUST104340,64,46529.0,19064.0,13738.0,4960.0,29,2,72.06,36,Salaried,Bachelor,Single,Gold,Central,0
CUST104341,26,24617.0,11471.0,6226.0,1077.0,18,2,54.28,49,Business,Bachelor,Married,Gold,East,0
CUST104342,61,169339.0,93195.0,39605.0,23514.0,21,0,42.5,76,Self-Employed,Bachelor,Single,Standard,Central,0
CUST104343,36,31982.0,12027.0,5006.0,3402.0,26,1,41.62,19,Business,Master,Single,Standard,East,0
CUST104344,24,67124.0,37505.0,16531.0,2544.0,17,2,44.08,39,Unemployed,Doctorate,Divorced,Standard,Central,1
CUST104345,55,107375.0,44760.0,6399.0,1417.0,31,0,14.3,30,Unemployed,Diploma,Married,Platinum,West,0
CUST104346,68,81968.0,26167.0,19439.0,10792.0,20,2,74.29,108,Salaried,High School,Married,Platinum,North,0
CUST104347,46,513664.0,30129.0,10984.0,8191.0,23,1,36.46,66,Salaried,Diploma,Married,Gold,North,0
CUST104348,32,25495.0,12973.0,315.0,120.0,15,0,2.43,119,Salaried,Master,Single,Standard,West,0
CUST104349,31,41639.0,17864.0,7296.0,1620.0,19,3,40.84,84,Business,Bachelor,Married,Gold,West,0
CUST104350,57,72073.0,12851.0,3264.0,1649.0,20,4,25.4,60,Salaried,High School,Single,Platinum,East,0
CUST104351,45,42159.0,9905.0,5695.0,4662.0,10,3,57.5,58,Salaried,Bachelor,Married,Platinum,South,0
CUST104352,38,72692.0,21273.0,12734.0,8636.0,25,0,59.86,137,Self-Employed,Bachelor,Married,Platinum,West,0
CUST104353,39,94571.0,27550.0,13894.0,5767.0,24,1,50.43,149,Unemployed,High School,Single,Standard,East,0
CUST104354,43,110362.0,53714.0,19754.0,10139.0,30,1,36.78,93,Salaried,High School,Divorced,Standard,South,0
CUST104355,58,33115.0,5271.0,2125.0,498.0,19,1,40.31,73,Salaried,High School,Married,Gold,Central,0
CUST104356,38,217575.0,114845.0,89363.0,47592.0,21,2,77.81,48,Salaried,Bachelor,Single,Standard,West,0
CUST104357,46,99137.0,28023.0,12538.0,6118.0,19,3,44.74,70,Salaried,Bachelor,Divorced,Gold,West,0
CUST104358,26,64939.0,19807.0,6390.0,3417.0,18,0,32.26,45,Unemployed,Bachelor,Married,Standard,East,0
CUST104359,24,118348.0,48991.0,8095.0,4630.0,24,0,16.52,71,Salaried,Bachelor,Married,Platinum,Central,0
CUST104360,64,238737.0,61585.0,19706.0,11218.0,33,1,32.0,99,Business,Bachelor,Married,Standard,North,0
CUST104361,49,29462.0,17448.0,8003.0,4557.0,21,2,45.87,85,Salaried,Bachelor,Married,Standard,West,0
CUST104362,54,57426.0,11065.0,6347.0,5281.0,21,2,57.36,58,Salaried,Doctorate,Married,Standard,Central,0
CUST104363,37,18000.0,6699.0,1781.0,1310.0,32,4,26.59,48,Salaried,Bachelor,Single,Platinum,East,0
CUST104364,63,72265.0,41532.0,31056.0,11761.0,27,1,74.78,61,Salaried,Diploma,Married,Signature,East,0
CUST104365,63,,36390.0,28722.0,7370.0,24,0,78.93,21,Salaried,Doctorate,Married,Standard,West,0
CUST104366,36,63615.0,18841.0,2866.0,1303.0,12,0,15.21,63,Salaried,High School,Single,Standard,North,0
CUST104367,22,45349.0,16343.0,7252.0,3747.0,15,6,44.37,14,Business,Bachelor,Single,Standard,North,0
CUST104368,54,21055.0,10598.0,,3083.0,26,2,37.66,92,Salaried,Master,Single,Platinum,West,0
CUST104369,28,79825.0,50819.0,14361.0,7418.0,15,1,28.26,72,Salaried,Master,Single,,West,0
CUST104370,33,144731.0,86342.0,47416.0,29091.0,21,0,54.92,85,Salaried,Bachelor,Married,Gold,Central,0
CUST104371,62,46961.0,15085.0,9033.0,5097.0,18,2,59.88,62,Business,High School,Married,Standard,South,0
CUST104372,28,82799.0,53745.0,16275.0,13115.0,25,2,30.28,180,Salaried,Bachelor,Married,Platinum,East,0
CUST104373,50,27437.0,4164.0,910.0,100.0,10,6,21.85,148,Self-Employed,Master,Divorced,Platinum,West,0
CUST104374,52,83584.0,13692.0,5216.0,494.0,23,1,38.1,69,Salaried,Master,Single,Platinum,North,0
CUST104375,56,52354.0,29419.0,11777.0,5207.0,25,2,40.03,59,Salaried,Master,Divorced,Standard,South,0
CUST104376,67,42737.0,10673.0,5622.0,581.0,16,2,52.67,45,Self-Employed,Diploma,Married,Standard,Central,0
CUST104377,50,42785.0,7718.0,3625.0,2322.0,25,1,46.97,22,Business,Master,Married,Gold,West,0
CUST104378,21,52347.0,14059.0,7390.0,2754.0,26,3,52.56,34,Salaried,Bachelor,Single,Standard,East,0
CUST104379,63,80216.0,29122.0,16063.0,3385.0,19,2,55.16,42,Salaried,Master,Married,Standard,South,0
CUST104380,59,31585.0,16275.0,5504.0,1385.0,22,0,33.82,79,Self-Employed,Bachelor,Married,Signature,West,0
CUST104381,37,52247.0,24147.0,14066.0,10817.0,22,1,58.25,104,Salaried,Bachelor,Single,Platinum,North,0
CUST104382,15,513664.0,17079.0,11085.0,5314.0,23,2,64.9,45,Salaried,Bachelor,Widowed,Standard,South,0
CUST104383,44,35514.0,14264.0,2874.0,1205.0,27,3,20.15,58,Self-Employed,,Divorced,Standard,East,0
CUST104384,70,174610.0,107055.0,59045.0,15165.0,26,1,55.15,55,Unemployed,High School,Divorced,Gold,East,0
CUST104385,42,40649.0,22662.0,6389.0,2409.0,15,2,28.19,85,Unemployed,Master,Married,Gold,South,0
CUST104386,49,44979.0,14015.0,3229.0,1335.0,28,4,23.04,9,Self-Employed,Master,Divorced,Standard,South,0
CUST104387,42,37952.0,24332.0,14187.0,5028.0,21,0,58.31,82,Salaried,Master,Single,Platinum,East,0
CUST104388,64,174784.0,88145.0,15465.0,2425.0,16,1,17.54,19,Self-Employed,Diploma,Divorced,Standard,South,0
CUST104389,29,88101.0,15966.0,11733.0,6002.0,19,1,73.49,35,Business,High School,Divorced,Gold,East,0
CUST104390,57,38833.0,6508.0,2521.0,288.0,23,2,38.74,58,Salaried,,Married,Gold,East,0
CUST104391,30,119440.0,27973.0,17601.0,13996.0,24,2,62.92,92,Business,Bachelor,Married,Standard,South,0
CUST104392,56,72586.0,37304.0,22033.0,9152.0,26,1,59.06,25,Self-Employed,Diploma,Single,Gold,West,1
CUST104393,57,74879.0,18111.0,5522.0,1908.0,28,0,30.49,68,Salaried,Master,Divorced,Platinum,North,0
CUST104394,48,53781.0,21821.0,8346.0,1950.0,24,2,38.25,43,Student,Bachelor,Single,Standard,South,0
CUST104395,48,43043.0,8464.0,3661.0,2559.0,17,4,43.25,31,Salaried,Bachelor,Divorced,Platinum,East,0
CUST104396,62,78270.0,47779.0,9064.0,7163.0,33,2,18.97,18,Unemployed,Master,Single,Standard,Central,0
CUST104397,63,48163.0,15508.0,5516.0,3090.0,23,0,35.57,40,Salaried,High School,Married,Gold,North,0
CUST104398,41,176550.0,106648.0,31400.0,15322.0,16,0,29.44,84,Business,Master,Single,Standard,East,0
CUST104399,44,32339.0,20129.0,10992.0,2280.0,19,2,54.61,58,Salaried,Master,Single,Signature,North,0
CUST104400,62,151301.0,23159.0,6887.0,2919.0,18,1,29.74,54,Self-Employed,Bachelor,Single,Standard,North,0
CUST104401,60,61140.0,23360.0,8830.0,2741.0,25,0,37.8,105,Salaried,High School,Widowed,Standard,Central,0
CUST104402,22,76622.0,12438.0,4014.0,732.0,27,1,32.27,73,Salaried,High School,Single,Platinum,Central,0
CUST104403,28,102783.0,62117.0,23706.0,13609.0,23,4,38.16,37,Business,Diploma,Single,Gold,South,0
CUST104404,68,45959.0,18807.0,8502.0,1534.0,25,2,45.21,97,Salaried,Diploma,Single,Standard,Central,0
CUST104405,47,104556.0,19601.0,9559.0,3419.0,26,3,48.77,72,Self-Employed,Bachelor,Widowed,Signature,South,0
CUST104406,42,18000.0,3692.0,1988.0,700.0,27,4,53.85,36,Business,High School,Married,Platinum,North,0
CUST104407,57,43746.0,14950.0,10556.0,3009.0,27,5,70.61,36,Self-Employed,Diploma,Single,Standard,South,1
CUST104408,47,39101.0,24247.0,15531.0,6936.0,20,2,64.05,49,Self-Employed,Diploma,Divorced,Gold,West,0
CUST104409,49,32621.0,16195.0,13861.0,5935.0,13,1,,24,Business,Bachelor,Married,Standard,South,0
CUST104410,23,57752.0,33716.0,9427.0,3919.0,16,2,27.96,145,Salaried,Bachelor,Married,Gold,East,0
CUST104411,64,80363.0,26779.0,13960.0,10002.0,24,2,52.13,52,Salaried,Diploma,Married,Platinum,North,0
CUST104412,33,95665.0,16417.0,7187.0,2780.0,16,0,43.78,50,Self-Employed,High School,Married,Gold,South,0
CUST104413,65,74208.0,47282.0,23048.0,11927.0,28,2,48.75,172,Unemployed,High School,Married,Standard,West,0
CUST104414,30,45072.0,7148.0,3742.0,1553.0,20,4,52.35,42,Self-Employed,Bachelor,Single,Gold,Central,0
CUST104415,56,79626.0,49673.0,12594.0,3075.0,24,2,25.35,23,Business,Bachelor,Married,Standard,,0
CUST104416,29,69599.0,23270.0,8631.0,5717.0,18,2,37.09,76,Self-Employed,Master,Widowed,Standard,North,0
CUST104417,47,108768.0,16864.0,1741.0,729.0,20,1,10.32,63,Self-Employed,Bachelor,Married,Standard,Central,0
CUST104418,54,99654.0,49287.0,27755.0,16543.0,21,2,56.31,62,Salaried,Diploma,Single,Standard,North,0
CUST104419,21,66099.0,42321.0,8585.0,3060.0,20,4,20.29,16,Student,Diploma,Single,Standard,West,0
CUST104420,52,39682.0,25111.0,6984.0,4223.0,22,1,27.81,11,Self-Employed,Bachelor,Single,Platinum,West,0
CUST104421,45,45389.0,10461.0,2643.0,762.0,18,5,25.27,17,Unemployed,Bachelor,Married,,East,0
CUST104422,49,48039.0,11559.0,6009.0,4156.0,22,0,51.99,91,Salaried,Diploma,Married,Signature,East,0
CUST104423,27,54652.0,23652.0,13538.0,3363.0,23,3,57.24,60,Salaried,High School,Widowed,Signature,North,0
CUST104424,69,75325.0,35301.0,6419.0,1466.0,23,4,18.18,25,Salaried,Diploma,Married,Standard,Central,0
CUST104425,23,96326.0,50061.0,1419.0,1257.0,27,2,2.83,55,Student,Master,Single,Platinum,North,0
CUST104426,40,63198.0,15201.0,8585.0,5567.0,24,0,56.48,37,Business,Bachelor,Single,Standard,Central,0
CUST104427,40,65579.0,41282.0,29119.0,11318.0,23,0,70.54,46,Business,High School,Married,Standard,South,0
CUST104428,50,70331.0,33011.0,19932.0,9342.0,24,0,60.38,53,Self-Employed,Bachelor,Married,Standard,South,0
CUST104429,55,48942.0,28069.0,17778.0,10260.0,26,2,63.34,29,Salaried,High School,Married,Standard,West,0
CUST104430,55,39073.0,16412.0,5474.0,2725.0,29,2,33.35,41,Salaried,Bachelor,Single,Gold,Central,0
CUST104431,69,24752.0,8840.0,5133.0,3740.0,22,2,58.07,178,Business,High School,Single,Gold,West,0
CUST104432,59,44347.0,28320.0,20457.0,6645.0,21,2,72.24,62,Salaried,Bachelor,Widowed,Standard,North,0
CUST104433,47,84320.0,37190.0,6163.0,2506.0,15,2,16.57,132,Business,Bachelor,Single,Gold,South,0
CUST104434,46,44159.0,25764.0,22006.0,12455.0,17,3,85.41,89,Salaried,Diploma,Single,Gold,East,0
CUST104435,34,57031.0,35738.0,16963.0,7120.0,17,3,47.46,45,Self-Employed,Doctorate,Married,Gold,Central,0
CUST104436,37,84009.0,40969.0,13276.0,4530.0,26,3,32.4,71,Salaried,Bachelor,Married,Platinum,South,0
CUST104437,38,86554.0,36740.0,26462.0,12447.0,23,2,72.03,69,Unemployed,Diploma,Single,Gold,South,0
CUST104438,65,35897.0,5448.0,1382.0,646.0,27,0,25.37,35,Salaried,Bachelor,Widowed,Standard,South,0
CUST104439,49,112479.0,19123.0,8155.0,5977.0,19,1,42.64,28,Salaried,Master,Single,Standard,Central,0
CUST104440,40,120835.0,30260.0,10049.0,3362.0,27,0,33.21,24,Salaried,Diploma,Single,Gold,North,0
CUST104441,47,34917.0,8485.0,1455.0,1061.0,20,1,,55,Salaried,Diploma,Single,Gold,West,0
CUST104442,38,41317.0,11460.0,7525.0,5237.0,20,3,65.66,49,Self-Employed,Bachelor,Married,Gold,West,0
CUST104443,24,125147.0,37853.0,12167.0,7498.0,24,2,32.14,48,Business,Bachelor,Single,Gold,Central,0
CUST104444,21,59956.0,19787.0,11619.0,2810.0,23,0,58.72,21,Unemployed,Bachelor,Single,Standard,North,0
CUST104445,70,19173.0,6907.0,3335.0,1592.0,28,2,48.28,16,Self-Employed,Bachelor,Married,Signature,,0
CUST104446,21,30101.0,6003.0,4615.0,2278.0,18,1,76.88,36,Business,Master,Married,Gold,Central,0
CUST104447,46,56669.0,9701.0,5475.0,3063.0,25,1,56.44,57,Self-Employed,Master,Married,Standard,West,0
CUST104448,65,34285.0,16696.0,3345.0,1962.0,16,1,20.03,48,Student,Bachelor,Married,Standard,West,0
CUST104449,40,51780.0,21679.0,1039.0,628.0,13,0,4.79,49,Salaried,Bachelor,Single,Gold,East,0
CUST104450,43,66169.0,24620.0,11229.0,3395.0,29,0,45.61,35,Self-Employed,High School,Widowed,Gold,West,0
CUST104451,30,145275.0,67875.0,20727.0,5560.0,22,0,30.54,49,Unemployed,Bachelor,Single,Standard,East,0
CUST104452,31,55403.0,31238.0,4894.0,1865.0,21,2,15.67,22,Salaried,Doctorate,Single,Standard,South,0
CUST104453,61,117247.0,42660.0,13010.0,6292.0,25,3,30.5,58,Salaried,Master,Single,Signature,East,0
CUST104454,61,142623.0,67113.0,31125.0,16905.0,30,2,46.38,65,Business,High School,Married,Gold,West,0
CUST104455,25,143059.0,89667.0,65785.0,,16,1,73.37,24,Salaried,Doctorate,Single,Platinum,East,0
CUST104456,21,76020.0,43317.0,27773.0,19405.0,22,4,64.12,62,,Diploma,Single,Standard,West,0
CUST104457,37,22078.0,8014.0,5059.0,3400.0,22,1,63.13,60,Self-Employed,High School,Single,Standard,Central,0
CUST104458,42,83750.0,39560.0,8336.0,6070.0,20,1,21.07,41,Self-Employed,Diploma,Married,Standard,South,0
CUST104459,54,115701.0,27599.0,11251.0,9845.0,23,3,40.77,95,Salaried,High School,Divorced,Standard,Central,0
CUST104460,65,62166.0,26748.0,9875.0,3500.0,29,0,36.92,26,Salaried,Diploma,Single,Gold,North,0
CUST104461,61,169679.0,108707.0,23725.0,14074.0,22,2,21.82,69,Salaried,Bachelor,Single,Standard,East,0
CUST104462,49,104303.0,42676.0,10765.0,4044.0,18,2,25.22,114,Self-Employed,Bachelor,Married,Gold,Central,0
CUST104463,24,88849.0,54537.0,27417.0,3089.0,22,1,50.27,27,Self-Employed,Bachelor,Single,Gold,North,0
CUST104464,25,118143.0,41783.0,15003.0,5340.0,25,3,35.91,34,Self-Employed,Bachelor,Widowed,Standard,Central,0
CUST104465,31,78081.0,50708.0,29066.0,24967.0,20,5,57.32,27,Salaried,Diploma,Divorced,Standard,Central,1
CUST104466,41,18000.0,7913.0,5429.0,4440.0,24,4,68.61,33,Salaried,Doctorate,Single,Standard,Central,0
CUST104467,55,49396.0,8453.0,6191.0,2157.0,20,5,73.24,77,Salaried,Diploma,Divorced,Signature,East,0
CUST104468,32,125566.0,55673.0,17082.0,6256.0,18,5,30.68,36,Salaried,Bachelor,Single,Standard,South,0
CUST104469,46,41688.0,11976.0,3526.0,1283.0,27,0,29.44,34,Business,Bachelor,Single,Standard,North,0
CUST104470,39,57482.0,9556.0,3434.0,1010.0,29,2,35.94,65,Salaried,High School,Single,Platinum,North,0
CUST104471,65,36588.0,20505.0,9307.0,4790.0,17,3,45.39,24,Business,Bachelor,Single,Gold,East,0
CUST104472,27,173390.0,49913.0,7662.0,4490.0,32,4,15.35,73,Salaried,Bachelor,Married,Standard,West,0
CUST104473,67,163892.0,89858.0,68824.0,31854.0,23,2,76.59,58,Business,High School,Single,Gold,South,0
CUST104474,27,39975.0,11757.0,3642.0,195.0,21,2,30.98,15,Student,Master,Single,Platinum,East,0
CUST104475,46,70485.0,17421.0,3214.0,679.0,16,2,18.45,53,Business,Master,Married,Gold,East,0
CUST104476,60,44706.0,28476.0,3049.0,1363.0,29,2,10.71,105,Business,Diploma,Single,Gold,Central,0
CUST104477,25,91159.0,30157.0,11466.0,2048.0,18,2,38.02,39,Salaried,Diploma,Single,Standard,North,0
CUST104478,41,86031.0,38773.0,7265.0,1743.0,20,2,18.74,59,Salaried,Master,Married,Standard,West,0
CUST104479,34,101578.0,46217.0,13480.0,5984.0,22,2,29.17,88,Salaried,Diploma,Single,Gold,West,0
CUST104480,24,78018.0,33566.0,18527.0,5668.0,16,3,55.2,67,Salaried,Master,Married,Standard,West,0
CUST104481,43,326641.0,150000.0,52170.0,3767.0,16,3,34.78,69,Salaried,High School,Single,Gold,South,0
CUST104482,62,36930.0,17993.0,7251.0,3680.0,16,3,40.3,74,Self-Employed,Master,Single,Standard,North,0
CUST104483,40,25370.0,8927.0,4602.0,1030.0,16,4,51.55,39,Self-Employed,Bachelor,Single,Standard,West,0
CUST104484,35,52362.0,30432.0,23745.0,4976.0,25,3,78.03,98,Salaried,Master,Single,Standard,East,0
CUST104485,70,27440.0,6600.0,2848.0,1056.0,24,3,43.15,41,Business,High School,Married,Standard,West,0
CUST104486,65,28604.0,12074.0,4156.0,1889.0,21,0,34.42,12,Salaried,Bachelor,Single,Standard,Central,0
CUST104487,49,37475.0,23432.0,5105.0,2814.0,21,3,21.79,87,Student,Bachelor,Single,Standard,North,0
CUST104488,28,39142.0,18111.0,6976.0,2693.0,22,0,38.52,132,Salaried,Bachelor,Divorced,Standard,South,0
CUST104489,61,38450.0,21474.0,2214.0,1282.0,20,3,10.31,61,Salaried,Bachelor,Divorced,,South,1
CUST104490,68,86436.0,41211.0,21438.0,9141.0,21,0,52.02,52,Student,Bachelor,Widowed,Standard,South,0
CUST104491,39,49204.0,28031.0,8446.0,2909.0,23,2,30.13,128,Salaried,Bachelor,Married,Platinum,Central,0
CUST104492,68,58889.0,36643.0,13229.0,8140.0,20,2,36.1,56,Business,Bachelor,Single,Standard,South,0
CUST104493,59,106295.0,30449.0,10256.0,2410.0,20,2,33.68,53,Salaried,Bachelor,Married,Standard,Central,1
CUST104494,66,42645.0,10014.0,6792.0,337.0,19,3,67.83,77,Student,Master,Divorced,Standard,East,0
CUST104495,48,56198.0,22029.0,12263.0,2100.0,20,2,55.67,5,Unemployed,High School,Single,Gold,North,1
CUST104496,66,79484.0,39816.0,25267.0,11663.0,24,2,63.46,54,Student,Diploma,Single,Platinum,West,0
CUST104497,47,22343.0,5890.0,4347.0,2492.0,19,0,73.8,34,Salaried,Diploma,Married,Gold,West,0
CUST104498,24,18000.0,3000.0,790.0,332.0,25,3,26.33,101,Salaried,Master,Single,Platinum,North,0
CUST104499,35,78630.0,25277.0,4426.0,349.0,24,1,17.51,46,Self-Employed,Bachelor,Married,Standard,South,0
CUST104500,55,85199.0,54053.0,26446.0,,15,0,48.93,52,Unemployed,High School,Single,Platinum,North,0
CUST104186,37,106734.0,36084.0,16363.0,5521.0,20,3,45.35,83,Unemployed,Bachelor,Widowed,Standard,East,0
CUST103080,41,41827.0,23696.0,,1608.0,29,2,15.17,14,Salaried,Bachelor,Married,Standard,North,0
CUST103193,22,50977.0,15193.0,8797.0,6080.0,26,4,57.9,58,Salaried,,Married,Gold,North,0
CUST101859,37,56878.0,19744.0,9170.0,225.0,20,4,46.44,110,Salaried,Bachelor,Divorced,Platinum,North,0
CUST102164,69,35768.0,16206.0,10228.0,6041.0,18,4,63.11,98,Salaried,Master,Married,Signature,North,0
CUST100434,26,56834.0,33292.0,13461.0,6552.0,26,1,40.43,55,Salaried,Master,Single,Standard,South,0
CUST102970,34,81704.0,45822.0,15410.0,4934.0,16,2,33.63,63,Unemployed,High School,Single,Platinum,West,0
CUST103134,53,71046.0,41372.0,18605.0,15116.0,25,2,44.97,61,Salaried,Master,Single,Standard,South,0
CUST100334,42,50545.0,8547.0,3515.0,1399.0,18,4,41.13,53,Salaried,High School,Married,Gold,South,0
CUST103348,48,73384.0,17818.0,6326.0,777.0,20,0,35.5,72,Unemployed,High School,Married,Gold,East,0
CUST103010,44,48088.0,10357.0,6714.0,3489.0,18,2,64.83,47,Salaried,Bachelor,Single,Standard,South,0
CUST101287,48,138582.0,62299.0,10696.0,3283.0,17,2,17.17,94,Salaried,High School,Married,Standard,East,0
CUST100608,56,54877.0,10791.0,5019.0,2155.0,23,1,46.51,180,Salaried,Master,Married,Signature,North,0
CUST100720,69,40809.0,21053.0,3518.0,2418.0,26,2,16.71,180,Business,Bachelor,Single,Gold,East,0
CUST102304,64,167312.0,32784.0,6211.0,4474.0,28,2,18.95,117,Student,Bachelor,Married,Platinum,North,0
CUST100959,35,26134.0,5823.0,3059.0,1985.0,22,3,52.53,76,Self-Employed,Bachelor,Married,Platinum,North,0
CUST104203,32,52719.0,15624.0,8266.0,2553.0,21,3,52.91,35,Salaried,Bachelor,Single,Standard,South,0
CUST104072,69,69097.0,37788.0,27410.0,7241.0,25,1,72.54,90,Business,Bachelor,Single,Gold,South,0
CUST100815,24,72651.0,31236.0,18871.0,6199.0,22,2,60.41,44,Self-Employed,Bachelor,Married,Standard,West,0
CUST102683,29,89782.0,20196.0,10272.0,4000.0,26,1,50.86,50,Salaried,Master,Single,Standard,East,0
CUST102220,25,98543.0,33130.0,21693.0,4990.0,25,1,65.48,96,Salaried,Master,Single,Standard,Central,0
CUST102460,22,124677.0,42790.0,23946.0,16056.0,23,0,55.96,36,Self-Employed,Master,Married,Platinum,West,0
CUST104195,21,35526.0,7748.0,1128.0,556.0,21,2,14.56,83,Business,Bachelor,Married,Standard,North,0
CUST101939,33,118855.0,52448.0,38115.0,21267.0,16,1,72.67,73,Salaried,Doctorate,Single,Standard,West,0
CUST100346,53,33787.0,16346.0,1396.0,805.0,29,0,8.54,64,Salaried,High School,Single,Signature,East,0
CUST100540,21,24341.0,10967.0,,385.0,20,1,18.01,19,Salaried,Master,Single,Platinum,South,0
CUST101505,45,41564.0,13965.0,4959.0,2088.0,25,3,35.51,38,Student,Diploma,Divorced,Standard,East,1
CUST104085,67,60062.0,26513.0,12474.0,8976.0,16,1,47.05,34,Unemployed,Bachelor,Married,Standard,East,0
CUST101519,64,23742.0,6662.0,474.0,157.0,26,3,7.11,88,Self-Employed,Diploma,Single,Gold,South,0
CUST103818,31,42540.0,7906.0,5438.0,352.0,20,0,68.78,72,Self-Employed,Doctorate,Single,Gold,North,0
