Transaction_ID,Customer_Age,Annual_Income,Transaction_Amount,Transactions_Last_30_Days,Distance_From_Home_Km,Online_Transaction,Device_Type,Merchant_Category,International_Transaction,Previous_Fraud_Count,Account_Age_Months,Fraud
TXN00001,31,51518.0,11.3,8,52.8,Yes,Desktop,Fuel,No,0,38,0
TXN00002,18,64307.0,78.97,20,1.1,Yes,Tablet,Healthcare,No,0,67,0
TXN00003,33,35259.0,59.99,23,2.2,No,Mobile,Clothing,No,0,21,0
TXN00004,48,51475.0,158.65,13,7.8,Yes,Mobile,Travel,No,0,102,0
TXN00005,44,50287.0,1662.49,14,24.1,Yes,Mobile,Travel,No,0,75,0
TXN00006,43,59770.0,209.27,9,5.3,No,Mobile,Dining,No,1,50,0
TXN00007,35,63884.0,1070.91,16,17.6,No,Mobile,Healthcare,No,0,47,0
TXN00008,24,70757.0,189.14,17,13.5,No,Mobile,Grocery,No,0,69,0
TXN00009,44,61208.0,72.5,26,12.2,Yes,Mobile,Clothing,No,0,55,0
TXN00010,29,31897.0,158.51,8,22.4,Yes,Desktop,Travel,No,0,30,0
TXN00011,62,36054.0,498.7,11,0.2,Yes,Mobile,Clothing,No,0,68,0
TXN00012,44,43011.0,518.6,9,31.8,Yes,Mobile,Dining,No,0,37,1
TXN00013,32,48440.0,75.73,10,21.2,Yes,Mobile,Healthcare,No,1,56,0
TXN00014,31,88251.0,146.94,10,33.3,No,Desktop,Electronics,No,0,60,0
TXN00015,37,32590.0,38.25,14,18.9,No,Desktop,Grocery,No,0,78,0
TXN00016,35,46829.0,232.11,12,25.3,Yes,Desktop,Clothing,No,2,74,0
TXN00017,50,84452.0,415.79,17,2.7,Yes,Tablet,Fuel,No,0,56,0
TXN00018,40,48057.0,123.88,16,4.6,No,Desktop,Grocery,No,0,73,0
TXN00019,30,67662.0,70.36,11,4.5,Yes,Mobile,Electronics,Yes,0,79,0
TXN00020,59,51653.0,160.07,10,1.4,No,Mobile,Healthcare,No,0,108,0
TXN00021,39,61737.0,167.58,11,15.7,No,Tablet,Healthcare,Yes,0,49,0
TXN00022,46,49626.0,128.05,14,1.8,No,Desktop,Travel,No,0,73,0
TXN00023,31,74256.0,138.44,9,0.6,No,Desktop,Travel,No,0,52,0
TXN00024,42,27442.0,104.42,12,17.9,Yes,Desktop,Clothing,No,0,47,0
TXN00025,41,46705.0,266.2,8,28.2,No,Mobile,Dining,No,0,33,0
TXN00026,18,62853.0,216.26,14,17.3,Yes,Desktop,Travel,No,0,45,0
TXN00027,60,69930.0,54.65,16,20.9,Yes,Mobile,Travel,No,0,79,0
TXN00028,52,107680.0,53.46,12,10.9,Yes,Mobile,Grocery,No,0,50,0
TXN00029,34,46126.0,97.9,9,26.2,Yes,Mobile,Electronics,No,0,69,0
TXN00030,26,107029.0,216.36,15,8.2,Yes,Mobile,Fuel,No,0,44,0
TXN00031,42,40885.0,135.09,8,53.4,Yes,Mobile,Fuel,No,0,60,0
TXN00032,39,100005.0,71.73,14,1.3,Yes,Mobile,Dining,No,0,56,0
TXN00033,42,79455.0,147.93,9,19.9,No,Mobile,Healthcare,No,0,20,0
TXN00034,40,36462.0,92.1,16,12.3,Yes,Mobile,Healthcare,No,0,67,0
TXN00035,44,63149.0,242.71,14,10.4,Yes,Mobile,Electronics,No,0,22,1
TXN00036,54,53746.0,156.64,20,15.5,Yes,Desktop,Grocery,No,0,67,0
TXN00037,44,72882.0,93.25,16,22.0,Yes,Desktop,Healthcare,No,0,54,0
TXN00038,26,49743.0,144.42,13,23.8,No,Mobile,Fuel,No,0,56,0
TXN00039,53,47898.0,343.62,13,2.3,No,Desktop,Healthcare,No,0,27,0
TXN00040,56,101842.0,76.08,12,2.6,Yes,Mobile,Dining,No,0,42,0
TXN00041,73,52610.0,165.61,14,0.2,Yes,Mobile,Travel,No,0,47,0
TXN00042,26,79776.0,113.42,17,1.7,No,Mobile,Travel,No,0,20,0
TXN00043,41,49696.0,168.86,11,3.7,Yes,Mobile,Healthcare,No,0,107,0
TXN00044,18,116435.0,71.08,12,15.3,Yes,Desktop,Clothing,No,1,67,0
TXN00045,44,40532.0,131.07,17,7.7,No,Mobile,Grocery,No,0,34,0
TXN00046,32,41719.0,291.12,14,17.0,No,Mobile,Fuel,No,1,17,0
TXN00047,59,109220.0,56.71,12,8.0,Yes,Mobile,Clothing,No,0,110,0
TXN00048,29,45020.0,41.43,22,9.7,Yes,Tablet,Clothing,No,0,75,0
TXN00049,19,113048.0,42.71,15,1.4,No,Mobile,Clothing,Yes,1,102,0
TXN00050,33,82159.0,47.04,16,18.0,Yes,Tablet,Travel,No,0,62,0
TXN00051,18,51303.0,193.2,13,17.0,No,Tablet,Dining,No,0,41,1
TXN00052,46,24321.0,38.97,8,4.4,Yes,Desktop,Healthcare,No,0,41,0
TXN00053,18,54524.0,94.55,7,4.8,Yes,Desktop,Dining,No,0,54,0
TXN00054,38,57574.0,196.79,13,3.0,Yes,Mobile,Fuel,No,0,54,0
TXN00055,18,92998.0,167.47,15,20.2,No,Mobile,Clothing,No,0,80,0
TXN00056,34,112408.0,88.15,18,16.5,No,Tablet,Grocery,No,1,56,0
TXN00057,56,40410.0,139.8,14,11.3,No,Mobile,Dining,No,1,92,0
TXN00058,42,78875.0,130.74,11,3.3,Yes,Mobile,Electronics,No,0,69,0
TXN00059,29,77615.0,100.29,13,2.3,No,Mobile,Dining,No,0,119,0
TXN00060,38,89154.0,101.37,15,0.6,No,Desktop,Grocery,No,0,35,0
TXN00061,38,68837.0,717.54,11,0.6,Yes,Mobile,Clothing,No,0,41,0
TXN00062,43,22948.0,229.28,9,2.5,No,Mobile,Dining,No,0,90,0
TXN00063,23,51285.0,873.07,9,1.3,No,Desktop,Clothing,No,0,64,0
TXN00064,45,32696.0,80.63,16,9.7,No,Mobile,Travel,No,0,52,0
TXN00065,18,50207.0,112.11,21,5.3,No,Mobile,Grocery,No,1,39,0
TXN00066,31,85485.0,41.34,12,7.1,No,Mobile,Travel,No,0,29,0
TXN00067,33,63096.0,62.79,12,10.8,No,Mobile,Travel,No,0,121,0
TXN00068,45,92201.0,549.51,12,12.9,Yes,Mobile,Fuel,Yes,0,127,0
TXN00069,38,64143.0,79.03,13,12.5,No,Mobile,Healthcare,No,1,33,0
TXN00070,23,30664.0,557.2,11,3.6,Yes,Desktop,Clothing,No,0,72,1
TXN00071,27,18000.0,44.38,12,19.9,No,Desktop,Clothing,No,2,85,0
TXN00072,40,58809.0,51.66,17,30.0,No,Mobile,Clothing,No,0,33,0
TXN00073,37,49952.0,91.33,15,4.6,No,Desktop,Clothing,No,0,114,0
TXN00074,32,35435.0,114.03,21,0.2,No,Mobile,Healthcare,No,0,62,0
TXN00075,33,25586.0,251.13,14,27.5,Yes,Mobile,Grocery,No,0,53,0
TXN00076,46,39516.0,172.11,12,30.9,Yes,Desktop,Travel,No,0,91,0
TXN00077,32,50391.0,86.01,19,0.6,Yes,Mobile,Fuel,No,0,62,0
TXN00078,37,74216.0,107.86,9,0.2,Yes,Desktop,Fuel,No,0,105,0
TXN00079,62,59872.0,92.97,15,20.3,No,Mobile,Travel,No,0,121,0
TXN00080,22,113405.0,57.73,13,4.3,Yes,Mobile,Travel,No,0,38,0
TXN00081,18,34512.0,58.98,12,29.5,Yes,Desktop,Electronics,No,0,87,0
TXN00082,47,81762.0,273.09,12,2.9,Yes,Mobile,Grocery,No,0,47,0
TXN00083,31,56183.0,27.8,10,23.7,Yes,Mobile,Fuel,No,0,49,0
TXN00084,34,75184.0,437.63,7,0.9,No,Mobile,Grocery,No,0,72,0
TXN00085,29,45191.0,91.2,14,3.6,Yes,Mobile,Clothing,No,0,66,0
TXN00086,35,89085.0,64.68,12,43.4,Yes,Desktop,Fuel,No,1,43,0
TXN00087,56,62814.0,216.87,11,3.2,No,Desktop,Dining,No,0,71,0
TXN00088,47,40511.0,393.73,11,1.7,Yes,Desktop,Dining,No,0,72,0
TXN00089,47,54703.0,293.42,16,23.3,No,Mobile,Fuel,No,0,58,0
TXN00090,22,49379.0,179.28,14,1.5,Yes,Mobile,Electronics,No,0,34,0
TXN00091,25,68543.0,286.28,11,1.2,No,Desktop,Dining,No,0,36,0
TXN00092,18,32344.0,30.4,13,4.7,Yes,Mobile,Healthcare,No,0,60,0
TXN00093,29,54278.0,79.05,18,12.1,No,Mobile,Clothing,No,0,52,0
TXN00094,49,65708.0,57.89,13,14.9,Yes,Desktop,Clothing,Yes,0,61,0
TXN00095,44,55823.0,319.64,7,25.6,Yes,Mobile,Healthcare,No,0,59,0
TXN00096,36,100832.0,88.3,16,9.3,Yes,Desktop,Grocery,No,0,50,0
TXN00097,38,77917.0,236.0,15,6.0,Yes,Mobile,Travel,No,1,49,0
TXN00098,30,54815.0,184.23,12,5.3,No,Desktop,Grocery,No,0,51,0
TXN00099,40,60633.0,60.2,12,22.5,Yes,Mobile,Clothing,No,0,91,0
TXN00100,46,62827.0,75.03,14,15.4,No,Desktop,Grocery,No,0,54,0
TXN00101,20,65945.0,337.83,13,28.3,No,Mobile,Clothing,Yes,0,63,0
TXN00102,41,24186.0,64.53,9,39.9,Yes,Tablet,Grocery,No,0,41,0
TXN00103,48,48021.0,132.61,15,4.3,Yes,Mobile,Clothing,No,0,31,0
TXN00104,33,28200.0,64.17,15,9.1,No,Desktop,Fuel,Yes,0,50,0
TXN00105,46,97764.0,93.35,11,12.0,Yes,Desktop,Fuel,No,1,61,0
TXN00106,69,53514.0,115.65,16,2.1,Yes,Mobile,Grocery,Yes,0,50,0
TXN00107,37,50417.0,64.15,14,0.7,No,Mobile,Travel,No,1,96,0
TXN00108,42,82343.0,55.65,10,24.3,Yes,Tablet,Electronics,No,0,83,0
TXN00109,30,66512.0,150.88,14,9.2,Yes,Mobile,Clothing,No,0,37,0
TXN00110,40,33097.0,61.05,16,10.1,Yes,Desktop,Electronics,No,0,71,0
TXN00111,43,53273.0,62.74,16,9.7,No,Mobile,Dining,No,0,28,0
TXN00112,40,47300.0,56.61,15,16.9,Yes,Desktop,Healthcare,No,0,50,0
TXN00113,27,25086.0,112.75,20,1.9,No,Mobile,Dining,No,0,119,0
TXN00114,40,40314.0,255.3,15,11.4,Yes,Desktop,Travel,Yes,0,56,0
TXN00115,54,50640.0,400.5,9,7.6,Yes,Mobile,Healthcare,No,0,43,0
TXN00116,43,52227.0,67.14,16,27.3,No,Mobile,Healthcare,No,0,69,0
TXN00117,49,28228.0,670.31,15,8.8,Yes,Mobile,Grocery,No,0,51,0
TXN00118,35,92350.0,53.72,14,34.4,Yes,Desktop,Clothing,No,0,50,0
TXN00119,46,52530.0,285.53,17,5.2,Yes,Mobile,Fuel,No,0,68,0
TXN00120,41,55937.0,67.37,14,40.9,No,Mobile,Dining,No,0,73,0
TXN00121,28,65866.0,59.78,17,25.0,Yes,Desktop,Healthcare,No,0,54,0
TXN00122,42,38579.0,66.13,19,10.5,No,Mobile,Healthcare,Yes,0,46,0
TXN00123,27,67538.0,115.07,14,5.2,Yes,Desktop,Grocery,No,0,35,0
TXN00124,31,46626.0,190.85,10,5.7,Yes,Desktop,Electronics,No,0,124,0
TXN00125,40,36740.0,205.08,13,17.8,Yes,Mobile,Travel,No,1,40,0
TXN00126,41,71192.0,56.39,15,10.4,No,Mobile,Fuel,No,0,93,0
TXN00127,25,107618.0,54.37,10,6.2,No,Desktop,Fuel,No,0,96,0
TXN00128,50,76211.0,57.64,8,12.1,No,Mobile,Dining,No,0,23,0
TXN00129,44,83319.0,109.77,9,15.9,Yes,Desktop,Grocery,No,0,94,0
TXN00130,30,43513.0,101.43,16,0.3,Yes,Mobile,Fuel,No,0,42,0
TXN00131,21,26800.0,56.11,10,1.1,No,Mobile,Electronics,No,0,52,0
TXN00132,36,107543.0,148.89,12,1.2,Yes,Mobile,Electronics,No,0,40,0
TXN00133,33,138638.0,733.29,16,3.2,No,Tablet,Travel,No,0,40,0
TXN00134,39,110123.0,80.14,16,6.7,Yes,Desktop,Travel,No,0,78,0
TXN00135,34,47287.0,84.83,16,19.5,No,Mobile,Electronics,No,0,9,0
TXN00136,18,32712.0,187.77,13,5.2,Yes,Tablet,Electronics,No,0,104,0
TXN00137,34,34048.0,76.74,20,0.2,Yes,Mobile,Grocery,No,0,51,0
TXN00138,35,25781.0,204.93,15,7.9,No,Desktop,Fuel,No,0,41,0
TXN00139,45,52406.0,67.54,14,68.3,No,Desktop,Grocery,No,0,24,0
TXN00140,30,113283.0,519.67,15,5.2,Yes,Desktop,Travel,No,0,83,1
TXN00141,56,51603.0,158.11,14,39.0,No,Mobile,Travel,No,0,33,1
TXN00142,18,63015.0,73.07,9,1.3,Yes,Mobile,Travel,No,0,20,0
TXN00143,52,102141.0,74.93,11,2.3,Yes,Desktop,Healthcare,No,0,50,0
TXN00144,36,45855.0,79.56,13,15.5,No,Mobile,Fuel,No,0,84,0
TXN00145,47,137459.0,359.85,10,8.3,Yes,Mobile,Dining,No,0,33,0
TXN00146,39,134798.0,43.49,8,17.4,Yes,Desktop,Travel,No,0,60,0
TXN00147,51,51849.0,70.33,12,23.9,Yes,Desktop,Travel,No,1,69,0
TXN00148,34,42412.0,76.57,8,3.5,Yes,Mobile,Grocery,No,0,69,0
TXN00149,26,75271.0,118.5,16,13.8,Yes,Mobile,Grocery,No,0,34,0
TXN00150,54,47038.0,96.6,9,11.2,No,Mobile,Dining,No,0,116,0
TXN00151,37,32684.0,36.4,14,23.7,Yes,Desktop,Clothing,No,0,16,0
TXN00152,40,97895.0,87.15,14,6.7,Yes,Desktop,Dining,No,0,57,0
TXN00153,52,95082.0,110.81,15,0.6,No,Desktop,Dining,Yes,0,94,0
TXN00154,27,58987.0,72.6,11,10.2,No,Desktop,Dining,No,0,19,0
TXN00155,45,31157.0,207.87,12,38.3,Yes,Desktop,Grocery,No,0,49,1
TXN00156,32,31628.0,250.39,14,0.2,Yes,Mobile,Travel,No,0,102,0
TXN00157,37,57719.0,112.71,14,3.3,Yes,Mobile,Grocery,No,1,51,0
TXN00158,39,43921.0,144.3,12,4.6,No,Desktop,Healthcare,No,0,29,0
TXN00159,21,47174.0,21.3,17,17.4,Yes,Mobile,Electronics,No,0,26,0
TXN00160,29,87114.0,85.68,18,4.7,Yes,Tablet,Electronics,No,0,35,0
TXN00161,53,76498.0,268.1,15,3.3,No,Desktop,Clothing,No,0,48,0
TXN00162,48,102258.0,85.52,13,12.5,Yes,Mobile,Travel,No,0,84,0
TXN00163,37,35218.0,66.53,19,0.6,No,Mobile,Dining,No,0,56,0
TXN00164,41,47129.0,742.22,10,2.2,No,Mobile,Travel,No,1,51,0
TXN00165,35,77391.0,514.27,10,6.3,Yes,Desktop,Electronics,No,0,46,0
TXN00166,53,67287.0,174.43,14,5.3,No,Desktop,Clothing,No,0,69,0
TXN00167,36,109607.0,298.46,14,5.1,Yes,Mobile,Travel,No,0,53,0
TXN00168,41,66458.0,20.22,10,1.4,No,Desktop,Dining,No,0,16,0
TXN00169,51,126341.0,63.91,21,5.4,No,Desktop,Healthcare,No,1,101,0
TXN00170,29,70129.0,82.4,8,19.2,Yes,Mobile,Healthcare,No,0,120,0
TXN00171,55,88704.0,99.36,17,6.4,No,Mobile,Healthcare,Yes,0,14,0
TXN00172,21,47549.0,81.09,11,10.6,No,Mobile,Clothing,No,0,41,0
TXN00173,56,55355.0,15.6,11,2.1,No,Mobile,Clothing,No,0,66,0
TXN00174,34,82869.0,163.42,13,0.9,No,Mobile,Grocery,No,0,100,0
TXN00175,35,113656.0,185.38,16,25.4,Yes,Mobile,Dining,No,1,55,0
TXN00176,18,76362.0,432.25,20,4.8,Yes,Tablet,Grocery,No,1,91,0
TXN00177,33,52980.0,63.87,10,5.2,Yes,Mobile,Healthcare,Yes,0,39,0
TXN00178,27,102221.0,59.82,13,25.2,Yes,Mobile,Electronics,Yes,1,47,0
TXN00179,31,20511.0,14.06,13,14.8,Yes,Mobile,Healthcare,No,0,43,0
TXN00180,36,29001.0,94.88,12,16.9,Yes,Desktop,Fuel,No,0,51,0
TXN00181,49,74744.0,246.75,9,13.7,No,Desktop,Travel,No,1,78,0
TXN00182,40,55350.0,73.56,11,1.3,Yes,Desktop,Fuel,No,0,76,0
TXN00183,41,72227.0,666.64,8,38.0,Yes,Desktop,Dining,No,0,78,0
TXN00184,26,56617.0,97.73,11,28.8,Yes,Desktop,Grocery,No,0,81,0
TXN00185,28,71112.0,134.97,12,3.2,No,Mobile,Dining,No,0,18,0
TXN00186,58,38124.0,40.33,20,19.6,No,Desktop,Dining,No,1,21,0
TXN00187,30,71097.0,151.0,14,6.3,No,Mobile,Electronics,No,0,48,0
TXN00188,56,86041.0,24.63,13,13.8,Yes,Desktop,Dining,Yes,1,20,0
TXN00189,35,95257.0,209.02,9,2.2,Yes,Mobile,Travel,No,0,91,0
TXN00190,38,136106.0,214.23,17,9.3,No,Desktop,Electronics,No,0,11,0
TXN00191,50,61386.0,356.0,11,1.6,Yes,Mobile,Fuel,No,0,81,0
TXN00192,52,62215.0,53.06,17,9.2,No,Mobile,Dining,No,0,80,0
TXN00193,37,27713.0,136.45,6,3.4,Yes,Desktop,Fuel,No,0,72,0
TXN00194,34,43302.0,188.4,12,7.2,Yes,Desktop,Travel,No,0,45,0
TXN00195,37,50423.0,170.94,11,13.2,Yes,Mobile,Travel,No,0,71,0
TXN00196,42,88233.0,60.05,7,25.2,No,Mobile,Travel,No,0,25,0
TXN00197,48,41779.0,17.71,13,2.2,Yes,Mobile,Healthcare,No,0,63,0
TXN00198,38,78703.0,158.39,12,26.8,Yes,Mobile,Fuel,No,0,81,0
TXN00199,45,54960.0,106.22,10,5.9,Yes,Mobile,Fuel,No,0,57,0
TXN00200,56,50785.0,76.26,11,22.3,Yes,Mobile,Grocery,No,0,50,0
TXN00201,42,61518.0,221.11,14,8.6,No,Desktop,Electronics,No,0,25,0
TXN00202,41,46123.0,115.76,12,23.8,Yes,Desktop,Clothing,No,0,53,0
TXN00203,21,45343.0,41.77,18,13.0,Yes,Mobile,Dining,No,0,42,0
TXN00204,18,25538.0,25.59,13,8.5,Yes,Mobile,Electronics,No,1,119,0
TXN00205,42,49193.0,48.63,13,4.5,Yes,Mobile,Travel,No,0,54,0
TXN00206,37,44316.0,813.95,14,41.7,Yes,Mobile,Dining,No,0,81,0
TXN00207,32,43604.0,213.94,13,19.4,Yes,Desktop,Grocery,No,0,81,0
TXN00208,41,66349.0,139.54,18,5.8,No,Mobile,Electronics,Yes,0,136,0
TXN00209,37,73974.0,103.77,12,2.2,No,Desktop,Travel,No,0,74,0
TXN00210,50,61058.0,98.45,15,18.1,Yes,Mobile,Dining,No,0,150,0
TXN00211,39,86079.0,305.29,13,55.2,No,Mobile,Healthcare,No,0,42,0
TXN00212,30,71260.0,81.05,14,3.9,No,Tablet,Dining,No,0,39,0
TXN00213,49,48161.0,190.38,9,29.7,Yes,Mobile,Travel,No,0,86,0
TXN00214,36,44659.0,90.81,11,1.6,Yes,Mobile,Fuel,No,0,47,0
TXN00215,44,63314.0,566.58,9,36.5,No,Mobile,Healthcare,Yes,0,45,0
TXN00216,33,71203.0,217.31,13,16.4,No,Mobile,Electronics,No,0,32,0
TXN00217,31,103168.0,325.04,20,5.1,Yes,Mobile,Healthcare,No,0,30,0
TXN00218,39,94006.0,75.19,12,4.4,Yes,Desktop,Dining,No,0,41,0
TXN00219,38,43106.0,279.78,12,12.4,Yes,Tablet,Fuel,No,0,52,0
TXN00220,43,52532.0,93.45,11,10.8,Yes,Desktop,Grocery,No,0,85,0
TXN00221,35,74388.0,131.04,9,30.2,No,Mobile,Dining,No,0,28,0
TXN00222,18,88937.0,443.87,5,17.4,No,Tablet,Dining,No,0,36,0
TXN00223,33,83920.0,52.11,10,9.3,No,Desktop,Healthcare,No,0,61,0
TXN00224,47,53442.0,141.19,11,31.5,Yes,Mobile,Grocery,No,0,67,0
TXN00225,35,31281.0,170.36,15,10.8,Yes,Mobile,Grocery,No,0,32,0
TXN00226,35,35086.0,181.91,14,22.7,Yes,Desktop,Clothing,No,0,74,0
TXN00227,49,62179.0,83.67,10,22.1,Yes,Desktop,Clothing,No,0,17,1
TXN00228,30,64157.0,636.83,9,30.2,No,Mobile,Dining,No,0,93,0
TXN00229,21,33546.0,42.59,14,0.8,No,Mobile,Travel,No,0,31,0
TXN00230,36,56114.0,385.52,8,10.5,No,Tablet,Grocery,No,0,22,0
TXN00231,33,73068.0,317.2,12,7.6,No,Mobile,Fuel,No,0,58,0
TXN00232,27,32762.0,549.06,13,8.1,No,Mobile,Grocery,No,0,52,0
TXN00233,36,90431.0,33.68,12,7.4,Yes,Tablet,Dining,No,0,41,0
TXN00234,43,46407.0,59.89,13,21.8,No,Mobile,Dining,No,0,36,0
TXN00235,38,96859.0,395.85,10,4.6,Yes,Tablet,Electronics,No,0,112,0
TXN00236,41,43262.0,26.73,13,7.5,No,Desktop,Fuel,No,0,37,0
TXN00237,58,34652.0,33.19,17,2.7,Yes,Mobile,Electronics,No,0,87,0
TXN00238,34,44754.0,81.19,9,3.5,Yes,Mobile,Grocery,Yes,0,63,0
TXN00239,41,52695.0,139.92,12,13.0,No,Mobile,Electronics,No,0,88,0
TXN00240,32,46179.0,428.92,10,1.5,No,Mobile,Dining,Yes,0,73,0
TXN00241,29,49906.0,103.47,11,2.5,No,Desktop,Healthcare,No,0,81,0
TXN00242,32,63919.0,73.77,15,9.0,Yes,Mobile,Travel,No,0,70,0
TXN00243,33,50922.0,153.95,15,0.5,No,Desktop,Grocery,No,0,38,0
TXN00244,42,53388.0,174.72,17,1.6,Yes,Desktop,Dining,No,0,33,0
TXN00245,64,25487.0,170.8,15,23.9,Yes,Mobile,Grocery,No,0,52,0
TXN00246,30,65601.0,104.07,15,22.5,No,Tablet,Electronics,No,0,28,0
TXN00247,33,52836.0,25.11,14,5.1,No,Desktop,Electronics,No,0,24,0
TXN00248,37,113518.0,57.59,12,5.1,Yes,Tablet,Clothing,No,0,50,1
TXN00249,42,36036.0,373.8,14,33.1,Yes,Mobile,Grocery,No,0,41,1
TXN00250,41,24376.0,139.37,12,0.3,No,Desktop,Clothing,No,0,62,0
TXN00251,52,72636.0,92.71,12,10.4,No,Desktop,Grocery,No,1,67,0
TXN00252,18,64281.0,293.54,13,10.9,Yes,Tablet,Electronics,Yes,0,54,0
TXN00253,18,34937.0,48.59,13,18.6,No,Mobile,Grocery,No,1,57,0
TXN00254,33,27631.0,100.2,13,36.4,No,Mobile,Clothing,No,0,81,0
TXN00255,50,109855.0,133.98,19,5.3,Yes,Mobile,Electronics,No,0,32,0
TXN00256,21,103926.0,84.3,21,6.9,Yes,Mobile,Clothing,Yes,1,42,0
TXN00257,18,18000.0,130.07,13,13.4,Yes,Mobile,Grocery,Yes,0,37,0
TXN00258,44,44752.0,103.27,13,41.0,No,Mobile,Healthcare,No,0,80,0
TXN00259,41,116305.0,39.17,17,26.6,Yes,Tablet,Travel,No,0,54,0
TXN00260,26,44394.0,138.75,13,13.2,No,Mobile,Grocery,No,0,65,0
TXN00261,27,44104.0,41.46,11,23.3,No,Mobile,Grocery,No,0,90,0
TXN00262,27,48429.0,137.0,15,1.1,No,Desktop,Healthcare,No,0,68,1
TXN00263,39,33213.0,360.25,14,5.7,Yes,Mobile,Dining,No,0,83,0
TXN00264,31,25538.0,95.84,12,0.2,Yes,Tablet,Travel,No,0,27,0
TXN00265,43,88321.0,47.01,15,2.3,No,Mobile,Electronics,No,0,77,0
TXN00266,18,23999.0,108.41,9,11.9,No,Mobile,Electronics,No,0,89,0
TXN00267,29,61473.0,61.68,10,26.0,Yes,Mobile,Fuel,No,0,50,0
TXN00268,26,81965.0,193.08,11,12.0,Yes,Tablet,Travel,No,0,69,0
TXN00269,35,28625.0,106.6,9,13.1,Yes,Tablet,Travel,No,0,39,0
TXN00270,32,36285.0,471.21,11,1.3,Yes,Desktop,Grocery,No,0,74,0
TXN00271,47,94942.0,304.26,13,13.1,No,Mobile,Dining,No,0,70,0
TXN00272,18,69905.0,106.17,15,7.3,Yes,Tablet,Healthcare,No,0,64,0
TXN00273,39,41661.0,212.72,15,12.6,Yes,Tablet,Electronics,No,0,43,0
TXN00274,44,94476.0,87.61,14,4.7,Yes,Mobile,Healthcare,No,0,95,0
TXN00275,58,94658.0,123.3,15,10.5,No,Desktop,Healthcare,No,0,52,0
TXN00276,33,62079.0,89.87,10,6.6,Yes,Tablet,Electronics,No,0,73,0
TXN00277,42,36681.0,221.55,12,9.8,Yes,Mobile,Healthcare,No,0,66,0
TXN00278,18,45663.0,377.62,12,1.9,Yes,Mobile,Dining,No,0,87,0
TXN00279,18,62565.0,227.33,10,6.0,No,Desktop,Clothing,Yes,0,68,0
TXN00280,47,50525.0,250.9,15,5.6,Yes,Mobile,Dining,No,0,17,0
TXN00281,38,83920.0,251.12,15,16.0,Yes,Tablet,Clothing,No,0,28,0
TXN00282,51,27631.0,186.51,14,14.7,No,Mobile,Clothing,No,0,48,0
TXN00283,23,28076.0,48.23,13,28.7,Yes,Mobile,Travel,No,0,21,0
TXN00284,44,59664.0,467.91,11,12.0,Yes,Mobile,Clothing,No,0,38,0
TXN00285,59,44086.0,508.27,6,4.5,No,Desktop,Dining,No,0,35,0
TXN00286,43,41478.0,99.52,12,18.3,No,Mobile,Dining,No,1,59,0
TXN00287,41,24821.0,89.2,14,8.2,Yes,Mobile,Grocery,No,1,43,0
TXN00288,38,55486.0,195.86,13,2.6,No,Mobile,Travel,No,1,66,0
TXN00289,21,53710.0,186.45,11,16.5,Yes,Desktop,Clothing,No,0,33,0
TXN00290,53,73803.0,102.1,13,1.7,Yes,Tablet,Fuel,No,0,89,0
TXN00291,31,56732.0,44.14,15,2.4,Yes,Desktop,Fuel,No,1,70,0
TXN00292,44,51814.0,153.25,12,17.1,Yes,Desktop,Electronics,No,0,33,0
TXN00293,21,93409.0,186.54,15,17.6,Yes,Mobile,Dining,No,0,94,0
TXN00294,25,30469.0,214.47,15,18.8,Yes,Mobile,Grocery,No,0,60,0
TXN00295,54,70015.0,158.69,10,4.2,Yes,Mobile,Dining,No,0,52,0
TXN00296,34,25928.0,96.6,17,24.2,Yes,Desktop,Electronics,No,0,91,0
TXN00297,54,37715.0,265.79,13,15.4,Yes,Desktop,Dining,Yes,0,20,0
TXN00298,37,31869.0,126.49,11,21.5,Yes,Desktop,Fuel,No,0,67,0
TXN00299,18,78195.0,82.73,17,14.8,Yes,Tablet,Travel,No,0,79,0
TXN00300,48,53405.0,103.85,13,10.4,Yes,Desktop,Dining,No,0,32,0
TXN00301,32,54667.0,29.69,8,1.4,No,Mobile,Clothing,No,0,115,0
TXN00302,46,33425.0,103.72,14,14.9,No,Mobile,Fuel,No,0,94,0
TXN00303,38,48061.0,208.15,10,14.1,No,Tablet,Fuel,No,1,35,0
TXN00304,21,39008.0,157.48,15,4.5,No,Tablet,Electronics,No,0,47,0
TXN00305,40,65359.0,405.06,7,16.0,Yes,Mobile,Travel,No,0,29,0
TXN00306,62,35210.0,97.23,6,9.6,No,Desktop,Electronics,No,0,34,1
TXN00307,43,100057.0,177.21,14,9.8,Yes,Mobile,Grocery,No,0,36,0
TXN00308,37,25876.0,226.26,15,5.5,Yes,Mobile,Clothing,No,0,26,0
TXN00309,50,38260.0,781.94,8,1.5,No,Tablet,Travel,No,0,87,0
TXN00310,40,116988.0,134.73,16,2.9,Yes,Tablet,Grocery,No,0,87,0
TXN00311,40,45219.0,52.05,10,17.6,Yes,Mobile,Healthcare,No,1,43,0
TXN00312,26,30436.0,236.47,15,3.8,Yes,Mobile,Travel,Yes,0,73,0
TXN00313,41,60698.0,533.83,9,0.2,No,Desktop,Fuel,No,0,23,0
TXN00314,49,44407.0,92.71,8,69.8,No,Mobile,Healthcare,Yes,0,74,1
TXN00315,29,37758.0,235.18,14,2.8,No,Mobile,Grocery,No,0,54,0
TXN00316,54,33589.0,320.69,8,12.8,Yes,Mobile,Travel,No,0,53,0
TXN00317,37,191158.0,270.74,16,31.4,No,Mobile,Travel,No,2,64,0
TXN00318,28,49114.0,132.68,7,11.0,Yes,Desktop,Grocery,No,0,70,0
TXN00319,49,23123.0,68.63,13,19.3,Yes,Mobile,Healthcare,No,1,59,0
TXN00320,35,107716.0,112.45,14,44.9,No,Mobile,Healthcare,No,0,16,0
TXN00321,46,72408.0,173.19,8,23.6,Yes,Tablet,Travel,No,0,44,0
TXN00322,35,38956.0,248.16,15,9.8,Yes,Tablet,Electronics,No,0,68,0
TXN00323,37,36141.0,156.75,14,5.4,Yes,Mobile,Healthcare,No,0,92,0
TXN00324,43,74470.0,88.55,16,7.9,Yes,Mobile,Electronics,Yes,0,78,0
TXN00325,41,49216.0,187.13,11,22.1,Yes,Desktop,Grocery,Yes,0,53,0
TXN00326,18,23119.0,238.78,14,23.0,Yes,Mobile,Fuel,No,0,63,0
TXN00327,26,122927.0,162.58,14,22.4,Yes,Mobile,Dining,No,0,91,0
TXN00328,48,45243.0,61.47,10,10.9,Yes,Mobile,Grocery,No,0,56,0
TXN00329,37,107807.0,103.79,9,7.8,Yes,Tablet,Clothing,No,0,37,0
TXN00330,32,97771.0,256.15,8,4.5,No,Tablet,Grocery,Yes,0,101,0
TXN00331,23,35054.0,39.69,9,0.2,No,Desktop,Grocery,No,0,90,0
TXN00332,26,87555.0,22.49,13,17.4,No,Desktop,Healthcare,No,0,65,0
TXN00333,18,41025.0,401.0,14,3.9,Yes,Desktop,Clothing,No,1,63,0
TXN00334,37,23744.0,180.66,7,4.8,Yes,Mobile,Clothing,No,0,33,0
TXN00335,31,45434.0,194.98,12,22.3,No,Mobile,Clothing,No,0,110,0
TXN00336,27,65777.0,50.71,12,0.6,No,Desktop,Grocery,No,0,56,0
TXN00337,37,44661.0,216.48,10,31.5,Yes,Desktop,Electronics,No,0,66,0
TXN00338,42,47902.0,149.56,12,0.2,Yes,Mobile,Grocery,No,0,42,0
TXN00339,61,92014.0,33.79,10,33.6,No,Mobile,Fuel,No,0,30,0
TXN00340,21,57700.0,375.0,17,7.3,Yes,Tablet,Dining,No,0,38,0
TXN00341,51,37632.0,136.24,18,1.3,No,Mobile,Dining,No,1,85,0
TXN00342,49,75433.0,87.41,13,13.5,No,Mobile,Fuel,No,0,47,0
TXN00343,29,60117.0,88.69,14,27.1,Yes,Mobile,Grocery,No,0,70,0
TXN00344,40,18000.0,23.93,15,6.9,Yes,Mobile,Healthcare,No,0,49,0
TXN00345,33,66692.0,192.9,11,14.1,No,Mobile,Dining,No,0,103,0
TXN00346,40,65605.0,147.97,15,46.6,Yes,Mobile,Electronics,No,1,46,0
TXN00347,55,55500.0,102.74,13,3.3,No,Desktop,Dining,No,0,59,0
TXN00348,45,82154.0,333.71,19,20.6,Yes,Mobile,Clothing,No,0,43,0
TXN00349,44,40640.0,39.66,5,4.2,No,Desktop,Fuel,No,0,69,0
TXN00350,33,63992.0,74.45,7,6.7,Yes,Mobile,Dining,No,0,30,0
TXN00351,22,27172.0,60.79,13,4.0,No,Mobile,Fuel,No,0,38,0
TXN00352,36,66057.0,96.01,10,7.1,Yes,Desktop,Grocery,No,0,49,0
TXN00353,51,132451.0,126.66,11,0.2,Yes,Desktop,Healthcare,No,1,76,0
TXN00354,21,35151.0,169.27,18,4.3,No,Desktop,Dining,No,1,18,0
TXN00355,26,39073.0,90.91,15,7.1,Yes,Mobile,Fuel,Yes,0,84,0
TXN00356,39,39958.0,59.48,6,12.0,Yes,Mobile,Electronics,No,0,33,0
TXN00357,27,58313.0,462.34,18,12.2,Yes,Desktop,Electronics,No,0,46,0
TXN00358,29,34089.0,826.17,7,10.5,Yes,Mobile,Travel,No,0,33,0
TXN00359,33,66480.0,134.57,15,4.2,Yes,Desktop,Dining,No,0,47,0
TXN00360,23,80512.0,65.5,11,35.3,No,Desktop,Grocery,Yes,0,43,0
TXN00361,27,69951.0,390.67,12,6.0,Yes,Desktop,Clothing,No,2,55,0
TXN00362,46,24817.0,37.72,8,2.9,Yes,Desktop,Travel,No,0,25,0
TXN00363,24,86070.0,91.81,13,9.7,Yes,Mobile,Dining,No,0,61,0
TXN00364,20,83860.0,68.76,16,16.6,No,Mobile,Electronics,No,0,102,0
TXN00365,31,79910.0,47.46,10,0.2,No,Desktop,Healthcare,Yes,0,121,0
TXN00366,46,65047.0,95.92,13,3.9,Yes,Desktop,Grocery,No,0,70,0
TXN00367,36,60729.0,60.11,7,20.9,No,Mobile,Electronics,No,0,50,1
TXN00368,33,87524.0,121.22,6,8.5,No,Mobile,Dining,No,0,80,0
TXN00369,38,130701.0,122.64,11,6.3,Yes,Mobile,Clothing,No,0,52,0
TXN00370,19,35819.0,73.0,13,32.1,Yes,Mobile,Grocery,No,0,64,0
TXN00371,43,89344.0,89.22,13,1.1,Yes,Mobile,Grocery,No,0,31,0
TXN00372,42,52907.0,99.76,21,11.5,Yes,Tablet,Travel,Yes,0,34,0
TXN00373,33,51882.0,229.38,20,5.0,No,Mobile,Grocery,No,0,39,0
TXN00374,49,27547.0,106.56,13,0.9,Yes,Tablet,Dining,No,0,169,0
TXN00375,26,48384.0,232.12,7,2.9,Yes,Desktop,Clothing,No,1,38,0
TXN00376,50,35113.0,191.74,16,11.9,Yes,Mobile,Clothing,No,0,68,0
TXN00377,40,44639.0,189.56,14,0.3,No,Mobile,Fuel,No,0,58,0
TXN00378,34,33554.0,364.22,12,10.8,Yes,Desktop,Fuel,No,0,31,0
TXN00379,38,44940.0,49.01,17,37.7,Yes,Mobile,Grocery,No,0,123,0
TXN00380,37,45814.0,82.18,10,19.0,No,Mobile,Fuel,No,0,26,0
TXN00381,51,57448.0,491.83,21,5.1,Yes,Tablet,Clothing,No,0,48,0
TXN00382,26,26594.0,97.67,17,1.8,Yes,Mobile,Dining,No,0,75,0
TXN00383,30,28699.0,12.62,11,7.5,No,Mobile,Travel,No,0,117,0
TXN00384,49,64728.0,102.01,15,6.0,No,Mobile,Electronics,No,0,17,0
TXN00385,31,38416.0,133.68,14,42.8,Yes,Desktop,Electronics,No,0,60,0
TXN00386,48,89199.0,14.79,17,55.1,No,Mobile,Dining,No,0,79,0
TXN00387,57,60868.0,348.85,14,6.3,No,Mobile,Travel,No,0,60,0
TXN00388,34,72268.0,67.8,11,1.9,Yes,Mobile,Dining,No,0,67,0
TXN00389,45,103767.0,156.08,12,29.0,Yes,Desktop,Grocery,No,0,31,0
TXN00390,25,47845.0,100.15,13,18.9,No,Desktop,Travel,No,0,59,0
TXN00391,46,42471.0,42.81,14,8.6,Yes,Mobile,Clothing,No,0,72,1
TXN00392,40,81418.0,50.96,14,5.5,Yes,Desktop,Fuel,No,0,37,0
TXN00393,43,69173.0,56.79,7,7.1,No,Mobile,Grocery,No,0,64,0
TXN00394,31,50554.0,286.01,19,27.9,Yes,Mobile,Fuel,No,0,58,0
TXN00395,20,102872.0,106.64,14,2.4,Yes,Tablet,Grocery,No,0,66,0
TXN00396,44,49990.0,79.04,11,19.7,Yes,Mobile,Grocery,No,0,43,0
TXN00397,18,55817.0,56.82,13,0.2,No,Tablet,Grocery,No,0,69,0
TXN00398,35,55528.0,312.44,11,30.4,Yes,Desktop,Healthcare,No,0,43,0
TXN00399,48,36117.0,387.17,13,8.3,No,Mobile,Grocery,No,0,44,0
TXN00400,40,56954.0,309.6,19,3.1,No,Desktop,Healthcare,No,2,62,0
TXN00401,59,103118.0,177.94,11,0.2,Yes,Mobile,Travel,No,0,40,0
TXN00402,49,67193.0,151.31,14,9.8,No,Mobile,Travel,No,0,109,0
TXN00403,31,55774.0,45.37,8,3.4,No,Desktop,Grocery,No,0,62,0
TXN00404,38,51139.0,98.58,11,12.0,Yes,Tablet,Dining,No,0,62,0
TXN00405,37,63830.0,69.44,8,4.0,Yes,Mobile,Grocery,No,0,45,0
TXN00406,21,77071.0,27.86,14,1.1,Yes,Desktop,Grocery,No,0,102,0
TXN00407,28,72348.0,279.53,9,8.4,Yes,Tablet,Dining,Yes,0,110,0
TXN00408,32,47370.0,68.77,13,10.0,Yes,Mobile,Dining,No,0,58,0
TXN00409,18,63655.0,312.39,15,7.2,Yes,Tablet,Grocery,No,0,55,0
TXN00410,39,68259.0,242.96,19,7.4,Yes,Mobile,Electronics,No,0,117,0
TXN00411,35,34956.0,187.33,12,10.7,Yes,Mobile,Electronics,No,0,90,0
TXN00412,20,59325.0,195.94,12,9.0,Yes,Tablet,Dining,No,0,60,0
TXN00413,42,20796.0,73.35,15,1.7,Yes,Mobile,Grocery,No,0,74,0
TXN00414,46,68339.0,530.47,15,2.6,Yes,Desktop,Clothing,No,0,34,0
TXN00415,40,74031.0,124.21,21,1.8,Yes,Mobile,Fuel,No,0,46,0
TXN00416,34,76994.0,152.79,11,14.2,No,Mobile,Fuel,No,0,111,0
TXN00417,45,46042.0,71.4,14,9.0,Yes,Desktop,Grocery,No,0,11,0
TXN00418,45,63206.0,56.97,13,6.7,No,Mobile,Grocery,No,0,73,0
TXN00419,41,104388.0,175.8,17,19.2,Yes,Mobile,Grocery,No,0,66,0
TXN00420,29,103910.0,142.81,16,4.7,Yes,Tablet,Fuel,Yes,0,42,0
TXN00421,41,54283.0,63.82,12,10.1,Yes,Tablet,Fuel,No,0,97,0
TXN00422,51,58559.0,37.97,15,0.9,No,Mobile,Dining,No,0,82,0
TXN00423,31,90672.0,43.45,11,16.4,Yes,Mobile,Travel,No,0,23,0
TXN00424,61,27993.0,312.44,10,14.3,No,Mobile,Dining,No,0,24,0
TXN00425,32,47558.0,73.47,15,19.5,Yes,Desktop,Dining,No,1,85,0
TXN00426,38,100317.0,91.5,16,25.9,Yes,Mobile,Healthcare,No,0,79,0
TXN00427,31,85300.0,382.9,13,17.0,Yes,Mobile,Electronics,No,0,62,0
TXN00428,40,64942.0,48.9,14,22.3,No,Tablet,Clothing,No,1,86,0
TXN00429,19,27930.0,67.08,13,5.1,No,Mobile,Dining,No,0,48,0
TXN00430,32,53778.0,64.88,13,5.0,Yes,Mobile,Dining,No,0,92,0
TXN00431,26,42177.0,437.88,15,34.7,No,Mobile,Dining,No,0,120,0
TXN00432,39,63835.0,591.23,12,29.5,No,Tablet,Healthcare,No,0,55,0
TXN00433,49,38211.0,218.93,10,9.5,Yes,Mobile,Healthcare,No,0,43,0
TXN00434,45,34666.0,224.57,7,5.5,No,Mobile,Dining,No,0,87,0
TXN00435,18,21718.0,75.43,15,24.1,Yes,Tablet,Travel,No,0,39,0
TXN00436,60,95311.0,569.84,11,4.7,Yes,Desktop,Electronics,No,0,55,0
TXN00437,41,45945.0,148.66,11,2.0,No,Mobile,Fuel,No,0,83,0
TXN00438,29,59030.0,237.46,13,12.2,Yes,Desktop,Clothing,No,0,32,0
TXN00439,40,54945.0,110.29,16,0.5,No,Mobile,Grocery,No,0,36,0
TXN00440,40,34021.0,96.84,16,5.7,No,Mobile,Fuel,No,0,37,0
TXN00441,31,31210.0,453.92,8,19.8,No,Mobile,Electronics,No,0,53,0
TXN00442,40,34986.0,184.8,20,4.2,Yes,Mobile,Dining,No,0,101,1
TXN00443,31,39722.0,383.21,14,32.1,Yes,Desktop,Fuel,No,0,61,0
TXN00444,34,64865.0,147.19,8,37.4,Yes,Mobile,Dining,Yes,0,67,0
TXN00445,30,38446.0,60.87,9,20.3,No,Mobile,Clothing,No,0,83,0
TXN00446,22,120693.0,75.25,7,52.7,Yes,Mobile,Travel,No,0,62,0
TXN00447,40,87318.0,130.3,12,9.1,Yes,Tablet,Travel,No,0,57,1
TXN00448,44,79130.0,72.7,10,10.1,Yes,Mobile,Clothing,No,0,42,0
TXN00449,44,52117.0,49.48,11,21.7,Yes,Desktop,Clothing,No,1,63,0
TXN00450,47,108718.0,313.76,13,8.1,Yes,Mobile,Electronics,No,1,49,0
TXN00451,42,49861.0,77.6,10,6.3,Yes,Desktop,Clothing,No,0,76,0
TXN00452,32,54232.0,134.03,15,11.4,Yes,Mobile,Fuel,Yes,0,72,0
TXN00453,47,59372.0,152.08,14,12.9,No,Mobile,Travel,No,0,38,0
TXN00454,23,75426.0,74.96,9,16.7,No,Desktop,Clothing,No,0,114,0
TXN00455,28,73255.0,383.04,11,13.2,No,Mobile,Electronics,No,0,43,0
TXN00456,27,44413.0,49.1,11,16.4,Yes,Mobile,Healthcare,No,1,87,0
TXN00457,50,43271.0,147.94,11,13.5,No,Mobile,Electronics,No,1,109,0
TXN00458,48,73353.0,146.11,10,7.9,No,Mobile,Healthcare,No,0,43,0
TXN00459,43,75883.0,114.9,13,1.7,No,Desktop,Healthcare,No,0,73,0
TXN00460,50,46078.0,42.52,13,18.5,Yes,Mobile,Electronics,No,0,41,0
TXN00461,28,26926.0,240.84,15,0.4,No,Mobile,Fuel,No,0,103,0
TXN00462,42,50101.0,217.52,11,58.7,Yes,Mobile,Clothing,No,0,46,0
TXN00463,37,72815.0,69.9,16,21.2,Yes,Mobile,Fuel,No,0,83,0
TXN00464,47,123937.0,211.34,10,13.3,Yes,Mobile,Electronics,No,0,70,0
TXN00465,37,32081.0,161.97,17,40.8,No,Mobile,Grocery,No,0,99,1
TXN00466,34,45394.0,43.08,11,11.4,Yes,Mobile,Healthcare,No,0,60,0
TXN00467,44,46159.0,60.6,14,0.7,Yes,Desktop,Healthcare,No,1,82,0
TXN00468,48,101235.0,298.31,18,9.8,No,Mobile,Clothing,No,0,40,0
TXN00469,31,54142.0,153.7,16,3.9,Yes,Desktop,Clothing,Yes,1,59,0
TXN00470,37,36563.0,76.41,14,5.5,Yes,Desktop,Fuel,No,0,33,1
TXN00471,26,70721.0,60.38,12,7.4,Yes,Mobile,Fuel,No,0,46,0
TXN00472,18,45844.0,79.45,17,17.9,Yes,Mobile,Grocery,No,0,157,1
TXN00473,40,31701.0,84.09,14,8.4,Yes,Mobile,Fuel,No,1,49,0
TXN00474,45,36803.0,60.99,8,7.7,Yes,Desktop,Fuel,No,0,29,0
TXN00475,41,120019.0,29.79,8,4.3,No,Desktop,Clothing,No,0,16,0
TXN00476,18,65381.0,298.72,7,9.3,No,Desktop,Travel,No,0,33,1
TXN00477,34,57733.0,260.86,12,3.4,Yes,Mobile,Grocery,No,0,48,0
TXN00478,18,49150.0,43.33,14,3.6,Yes,Mobile,Healthcare,No,0,128,0
TXN00479,53,62728.0,133.83,5,17.0,Yes,Desktop,Travel,No,0,36,1
TXN00480,26,62392.0,58.31,6,5.0,Yes,Mobile,Clothing,No,0,77,0
TXN00481,52,62728.0,97.34,13,0.6,Yes,Tablet,Grocery,No,0,57,0
TXN00482,48,57917.0,91.07,16,5.1,Yes,Mobile,Grocery,No,1,32,0
TXN00483,28,81312.0,85.22,12,12.2,Yes,Mobile,Grocery,No,0,64,0
TXN00484,26,55575.0,595.77,12,20.2,Yes,Tablet,Fuel,No,0,61,0
TXN00485,42,35419.0,84.37,10,39.2,Yes,Mobile,Electronics,No,0,34,0
TXN00486,29,41752.0,62.86,15,16.5,No,Desktop,Dining,No,0,75,0
TXN00487,39,22573.0,65.2,10,6.7,No,Mobile,Electronics,Yes,0,37,0
TXN00488,33,136921.0,276.58,13,4.3,No,Tablet,Fuel,No,0,85,0
TXN00489,18,81091.0,32.0,8,1.7,No,Tablet,Fuel,No,0,40,0
TXN00490,18,37856.0,65.2,11,11.9,Yes,Mobile,Healthcare,Yes,0,72,0
TXN00491,40,48449.0,381.82,13,8.6,No,Mobile,Healthcare,No,0,73,0
TXN00492,32,41295.0,145.86,12,13.6,Yes,Desktop,Dining,No,0,34,0
TXN00493,32,110110.0,139.91,14,3.2,No,Tablet,Fuel,No,0,61,0
TXN00494,46,29032.0,660.64,14,4.7,No,Desktop,Grocery,No,0,35,0
TXN00495,51,57908.0,146.14,12,4.1,Yes,Tablet,Travel,No,0,37,0
TXN00496,35,52378.0,68.1,15,19.2,Yes,Mobile,Travel,No,0,83,0
TXN00497,34,79791.0,95.76,12,2.3,Yes,Tablet,Grocery,No,2,48,0
TXN00498,44,52485.0,48.38,14,11.3,Yes,Mobile,Healthcare,Yes,0,50,0
TXN00499,23,24932.0,327.75,15,0.6,No,Mobile,Electronics,No,0,45,1
TXN00500,40,49123.0,190.02,9,9.6,No,Mobile,Travel,No,0,36,1
TXN00501,44,35512.0,295.01,11,0.8,Yes,Desktop,Grocery,No,0,39,0
TXN00502,45,57005.0,316.68,15,2.3,Yes,Mobile,Electronics,No,0,96,0
TXN00503,18,104869.0,86.15,13,1.4,Yes,Tablet,Clothing,No,0,48,0
TXN00504,30,25143.0,56.36,15,5.1,No,Tablet,Travel,No,0,33,0
TXN00505,28,38368.0,115.14,12,5.1,No,Desktop,Grocery,No,0,53,0
TXN00506,39,42889.0,59.7,17,21.0,Yes,Mobile,Travel,No,0,67,0
TXN00507,43,46321.0,136.93,14,3.1,No,Mobile,Travel,No,0,55,0
TXN00508,54,76737.0,296.83,12,1.1,No,Mobile,Travel,No,0,55,0
TXN00509,33,50868.0,104.9,18,11.1,Yes,Desktop,Dining,No,0,54,0
TXN00510,33,66317.0,135.3,20,14.0,No,Mobile,Electronics,No,0,26,0
TXN00511,51,41502.0,111.32,4,4.2,Yes,Desktop,Travel,Yes,0,27,0
TXN00512,41,60995.0,228.07,11,11.1,Yes,Mobile,Healthcare,Yes,0,42,0
TXN00513,52,78049.0,70.33,12,18.0,Yes,Desktop,Healthcare,No,0,40,0
TXN00514,41,39559.0,20.7,13,5.1,Yes,Mobile,Healthcare,No,0,68,0
TXN00515,25,78175.0,174.9,16,8.9,Yes,Desktop,Grocery,No,0,43,0
TXN00516,23,56312.0,264.48,10,1.9,No,Mobile,Dining,No,0,93,0
TXN00517,21,88040.0,171.5,11,0.3,No,Mobile,Fuel,No,1,68,0
TXN00518,45,50234.0,71.9,13,47.8,No,Tablet,Fuel,No,0,118,0
TXN00519,51,65294.0,48.4,12,4.3,No,Mobile,Electronics,No,0,38,1
TXN00520,58,54004.0,178.23,24,3.9,Yes,Tablet,Grocery,No,0,66,0
TXN00521,47,52670.0,134.38,16,43.5,Yes,Mobile,Healthcare,No,1,41,0
TXN00522,51,61797.0,108.51,12,15.6,Yes,Mobile,Dining,No,0,43,0
TXN00523,32,70028.0,515.67,10,10.6,Yes,Mobile,Healthcare,Yes,0,47,1
TXN00524,25,31344.0,56.26,9,14.4,No,Tablet,Grocery,No,0,35,0
TXN00525,47,104843.0,496.47,16,14.9,No,Tablet,Dining,No,0,30,0
TXN00526,43,23819.0,123.09,12,17.3,Yes,Mobile,Clothing,No,0,19,0
TXN00527,39,40414.0,27.63,7,0.8,No,Mobile,Clothing,No,0,46,0
TXN00528,42,52716.0,103.97,9,6.4,No,Desktop,Clothing,No,0,39,0
TXN00529,42,66214.0,258.55,17,4.2,No,Tablet,Dining,No,0,140,0
TXN00530,52,111789.0,89.61,12,0.9,Yes,Desktop,Healthcare,No,2,38,0
TXN00531,52,23834.0,36.88,11,6.4,No,Desktop,Fuel,Yes,0,78,0
TXN00532,44,43767.0,105.2,10,11.5,Yes,Mobile,Clothing,No,0,62,1
TXN00533,47,21121.0,60.45,13,2.4,Yes,Desktop,Healthcare,No,0,57,1
TXN00534,44,55788.0,177.85,12,4.4,Yes,Desktop,Electronics,No,0,49,0
TXN00535,33,62152.0,222.79,12,12.2,Yes,Mobile,Electronics,No,0,41,0
TXN00536,46,112527.0,51.55,18,10.4,Yes,Desktop,Grocery,No,0,27,0
TXN00537,23,58068.0,68.23,7,24.4,Yes,Tablet,Dining,No,0,31,0
TXN00538,50,87983.0,219.82,15,18.8,No,Tablet,Healthcare,No,0,59,0
TXN00539,25,71526.0,60.37,16,40.4,No,Mobile,Clothing,Yes,0,63,0
TXN00540,41,45217.0,50.49,15,10.9,No,Mobile,Dining,No,0,43,0
TXN00541,29,29175.0,46.74,22,14.4,Yes,Mobile,Travel,Yes,1,55,0
TXN00542,44,62245.0,159.03,14,23.6,No,Mobile,Electronics,No,0,124,0
TXN00543,38,28103.0,153.67,16,22.0,Yes,Tablet,Dining,No,0,138,0
TXN00544,20,98512.0,69.43,12,15.2,Yes,Mobile,Grocery,No,0,59,0
TXN00545,43,51132.0,120.49,14,8.3,No,Desktop,Clothing,No,0,85,0
TXN00546,32,94176.0,407.16,9,3.8,No,Mobile,Fuel,No,0,69,0
TXN00547,48,44311.0,55.05,21,25.2,Yes,Mobile,Clothing,No,0,14,0
TXN00548,38,62073.0,25.18,12,18.0,No,Mobile,Fuel,No,0,103,0
TXN00549,42,60433.0,172.7,13,21.8,No,Mobile,Electronics,No,0,64,0
TXN00550,27,53896.0,109.86,10,1.8,No,Mobile,Clothing,No,1,73,0
TXN00551,32,45270.0,68.0,17,4.5,No,Desktop,Electronics,No,0,16,0
TXN00552,33,65624.0,202.18,10,6.6,No,Desktop,Travel,No,0,43,0
TXN00553,47,36254.0,234.83,8,21.9,No,Mobile,Healthcare,No,0,126,0
TXN00554,56,31915.0,20.51,10,26.8,No,Mobile,Electronics,No,0,39,0
TXN00555,29,96217.0,71.19,12,4.0,No,Desktop,Dining,No,0,35,0
TXN00556,50,76291.0,766.25,14,13.9,No,Desktop,Dining,No,0,126,0
TXN00557,18,56655.0,191.37,15,1.0,No,Mobile,Dining,No,0,102,0
TXN00558,25,116355.0,206.1,13,6.3,Yes,Mobile,Healthcare,No,0,103,0
TXN00559,27,48757.0,306.68,14,8.0,No,Mobile,Dining,Yes,0,45,0
TXN00560,23,99738.0,121.65,15,17.4,Yes,Mobile,Travel,Yes,0,71,0
TXN00561,21,59522.0,226.97,9,26.7,Yes,Mobile,Electronics,Yes,0,43,0
TXN00562,43,34681.0,213.14,16,4.9,Yes,Desktop,Electronics,No,0,48,0
TXN00563,36,126337.0,184.7,10,9.0,Yes,Tablet,Electronics,No,0,64,0
TXN00564,42,85897.0,92.75,8,12.5,Yes,Mobile,Healthcare,Yes,0,43,0
TXN00565,46,52085.0,137.71,12,4.8,No,Desktop,Travel,No,0,105,0
TXN00566,41,76291.0,74.95,16,50.8,No,Mobile,Travel,No,0,55,0
TXN00567,45,45863.0,121.24,16,25.0,Yes,Tablet,Dining,No,1,76,0
TXN00568,37,79874.0,47.12,11,4.2,No,Desktop,Clothing,No,1,53,0
TXN00569,25,18753.0,63.75,11,8.5,No,Desktop,Travel,No,0,64,0
TXN00570,50,34758.0,95.74,11,3.1,Yes,Desktop,Travel,No,0,67,0
TXN00571,32,85456.0,56.4,12,8.7,Yes,Desktop,Grocery,No,0,58,0
TXN00572,28,49155.0,80.12,14,13.8,Yes,Mobile,Dining,No,0,37,0
TXN00573,36,60384.0,105.25,10,1.1,No,Mobile,Dining,No,1,60,0
TXN00574,28,30002.0,165.55,10,24.5,Yes,Tablet,Grocery,No,0,27,0
TXN00575,33,126327.0,256.44,8,10.8,No,Desktop,Electronics,No,0,34,0
TXN00576,42,93979.0,82.8,8,54.8,Yes,Mobile,Clothing,Yes,0,60,0
TXN00577,42,50251.0,349.18,8,0.3,Yes,Desktop,Healthcare,No,0,35,0
TXN00578,28,45843.0,254.27,7,21.4,Yes,Mobile,Grocery,No,0,36,0
TXN00579,33,87414.0,179.61,15,18.8,Yes,Mobile,Grocery,Yes,0,20,0
TXN00580,50,134215.0,135.7,18,1.7,No,Desktop,Clothing,No,0,31,0
TXN00581,43,84481.0,154.9,9,4.9,Yes,Mobile,Healthcare,No,0,68,0
TXN00582,61,146152.0,310.17,11,25.9,Yes,Mobile,Clothing,No,0,59,1
TXN00583,51,36317.0,319.37,8,8.8,Yes,Mobile,Healthcare,No,0,57,0
TXN00584,51,38039.0,349.13,14,6.2,No,Tablet,Grocery,No,0,116,0
TXN00585,23,32211.0,124.03,15,28.3,No,Tablet,Travel,Yes,1,74,0
TXN00586,46,67096.0,187.07,19,1.2,No,Mobile,Grocery,No,0,56,0
TXN00587,37,59523.0,351.54,10,7.7,No,Mobile,Fuel,No,0,104,0
TXN00588,32,51365.0,72.86,13,12.7,Yes,Mobile,Grocery,No,0,103,0
TXN00589,40,79162.0,93.01,11,11.3,Yes,Desktop,Electronics,No,0,82,0
TXN00590,48,95763.0,121.55,8,3.7,Yes,Tablet,Electronics,Yes,0,31,0
TXN00591,44,27682.0,246.45,13,9.9,Yes,Mobile,Clothing,No,0,54,0
TXN00592,28,42043.0,249.54,17,14.8,Yes,Desktop,Healthcare,No,0,97,0
TXN00593,46,79551.0,99.76,13,10.6,No,Desktop,Electronics,No,0,75,0
TXN00594,31,44561.0,35.9,9,13.8,No,Mobile,Grocery,No,0,26,0
TXN00595,40,38403.0,146.12,16,3.5,Yes,Mobile,Dining,Yes,0,35,0
TXN00596,35,86980.0,57.56,16,21.5,Yes,Mobile,Electronics,No,0,31,0
TXN00597,36,30786.0,36.44,9,7.2,No,Mobile,Grocery,No,0,42,0
TXN00598,46,48020.0,43.66,12,52.3,No,Mobile,Electronics,No,0,26,0
TXN00599,27,63766.0,155.8,7,0.3,Yes,Mobile,Travel,Yes,0,63,0
TXN00600,59,42483.0,356.5,12,5.7,Yes,Mobile,Travel,No,0,28,0
TXN00601,18,78238.0,123.79,13,2.4,No,Mobile,Grocery,No,0,31,0
TXN00602,31,42578.0,142.11,20,9.7,No,Desktop,Electronics,No,0,42,0
TXN00603,42,103670.0,309.14,17,3.3,Yes,Tablet,Electronics,No,1,40,0
TXN00604,44,51974.0,34.88,12,16.0,Yes,Tablet,Fuel,Yes,0,28,0
TXN00605,37,74396.0,181.93,7,25.6,Yes,Desktop,Healthcare,No,0,80,0
TXN00606,37,76941.0,118.89,11,2.8,No,Desktop,Clothing,No,1,98,0
TXN00607,43,41469.0,188.73,17,2.1,Yes,Mobile,Clothing,No,0,66,0
TXN00608,35,21830.0,81.51,9,25.0,No,Mobile,Electronics,No,0,88,0
TXN00609,53,64694.0,62.37,13,5.4,Yes,Mobile,Dining,No,0,59,0
TXN00610,47,56819.0,134.28,13,6.8,Yes,Mobile,Travel,No,0,87,0
TXN00611,48,70630.0,448.92,15,3.0,No,Desktop,Electronics,No,0,36,0
TXN00612,27,49670.0,238.94,10,6.6,Yes,Mobile,Healthcare,No,0,21,0
TXN00613,37,45315.0,79.94,12,3.2,Yes,Desktop,Dining,No,0,76,0
TXN00614,35,135795.0,41.05,9,13.2,Yes,Mobile,Clothing,No,0,55,0
TXN00615,27,28354.0,31.24,11,8.3,No,Mobile,Healthcare,No,0,99,0
TXN00616,42,76524.0,343.91,15,18.6,Yes,Tablet,Grocery,No,0,46,0
TXN00617,32,42468.0,55.89,17,4.5,No,Mobile,Travel,No,0,52,0
TXN00618,45,47287.0,92.49,22,8.5,No,Mobile,Grocery,No,0,71,0
TXN00619,26,47686.0,345.32,10,3.6,Yes,Mobile,Clothing,No,0,57,0
TXN00620,57,38313.0,33.0,15,32.7,No,Mobile,Clothing,No,0,40,0
TXN00621,28,71121.0,395.96,14,8.9,Yes,Desktop,Electronics,No,0,99,0
TXN00622,40,102835.0,97.96,15,2.3,No,Desktop,Grocery,No,0,83,0
TXN00623,47,67955.0,47.88,16,3.8,Yes,Mobile,Clothing,No,1,115,0
TXN00624,32,57619.0,98.46,12,1.0,No,Desktop,Healthcare,No,0,18,0
TXN00625,47,35284.0,67.32,14,0.3,Yes,Desktop,Travel,No,1,43,0
TXN00626,24,69401.0,170.74,12,9.0,No,Mobile,Grocery,No,0,13,0
TXN00627,54,145139.0,71.45,11,4.9,Yes,Mobile,Healthcare,No,0,63,0
TXN00628,38,46341.0,26.0,9,39.8,No,Desktop,Grocery,No,0,65,0
TXN00629,31,46439.0,100.59,12,2.3,Yes,Desktop,Grocery,No,0,55,0
TXN00630,35,42728.0,40.54,10,19.0,Yes,Mobile,Dining,No,0,85,0
TXN00631,47,44128.0,141.31,11,4.6,Yes,Mobile,Dining,Yes,0,46,0
TXN00632,32,18000.0,46.42,5,3.0,Yes,Mobile,Electronics,Yes,1,107,0
TXN00633,30,65996.0,81.21,14,41.9,Yes,Mobile,Grocery,No,0,66,0
TXN00634,36,37594.0,138.87,10,19.5,No,Mobile,Dining,No,0,39,0
TXN00635,25,26648.0,101.24,13,12.0,No,Tablet,Travel,No,0,46,0
TXN00636,58,77190.0,146.62,11,14.3,Yes,Desktop,Travel,Yes,0,86,0
TXN00637,32,33799.0,206.79,10,57.0,Yes,Desktop,Clothing,No,0,34,0
TXN00638,47,47225.0,47.52,15,10.8,No,Mobile,Grocery,No,0,35,0
TXN00639,40,106403.0,113.97,14,1.3,Yes,Mobile,Electronics,No,0,66,0
TXN00640,27,29171.0,8.36,7,0.8,No,Mobile,Clothing,No,0,27,0
TXN00641,38,27596.0,146.26,14,13.2,Yes,Mobile,Dining,No,0,40,0
TXN00642,47,62086.0,94.33,24,12.9,No,Mobile,Clothing,No,0,74,0
TXN00643,36,92259.0,54.64,18,16.5,Yes,Mobile,Dining,Yes,0,22,0
TXN00644,51,27082.0,154.48,20,1.4,Yes,Mobile,Dining,Yes,0,52,0
TXN00645,49,66075.0,306.63,16,34.8,Yes,Desktop,Clothing,No,0,50,0
TXN00646,48,71435.0,82.0,18,9.6,No,Desktop,Electronics,No,0,50,0
TXN00647,33,21774.0,56.35,12,12.6,Yes,Mobile,Fuel,No,0,43,0
TXN00648,26,78780.0,136.94,17,0.4,Yes,Desktop,Dining,No,3,89,0
TXN00649,31,81598.0,41.22,11,38.9,Yes,Desktop,Healthcare,No,0,46,0
TXN00650,40,47800.0,70.75,17,9.9,Yes,Mobile,Grocery,No,1,61,0
TXN00651,44,96630.0,319.07,12,9.9,Yes,Mobile,Dining,No,0,145,0
TXN00652,18,91720.0,126.12,10,34.5,Yes,Desktop,Dining,No,0,40,0
TXN00653,38,57612.0,26.68,10,31.8,Yes,Mobile,Fuel,No,1,117,0
TXN00654,40,44889.0,28.5,18,3.0,Yes,Desktop,Clothing,No,0,40,0
TXN00655,35,35501.0,136.61,17,32.1,No,Mobile,Healthcare,No,0,59,0
TXN00656,52,54078.0,239.22,15,16.0,No,Mobile,Grocery,No,0,129,0
TXN00657,43,71074.0,32.9,15,0.2,No,Mobile,Grocery,No,0,145,0
TXN00658,52,47534.0,171.96,9,3.3,Yes,Desktop,Healthcare,No,0,90,0
TXN00659,36,20460.0,347.85,17,6.4,Yes,Tablet,Grocery,No,0,47,0
TXN00660,48,97344.0,543.36,17,10.5,Yes,Mobile,Dining,No,0,77,0
TXN00661,56,59915.0,156.41,11,14.5,Yes,Mobile,Dining,No,0,29,0
TXN00662,52,46363.0,180.0,11,2.8,Yes,Mobile,Travel,No,0,101,1
TXN00663,26,80887.0,21.78,16,21.7,Yes,Tablet,Fuel,No,0,153,0
TXN00664,35,109226.0,643.74,16,22.4,Yes,Desktop,Clothing,No,0,49,0
TXN00665,34,18000.0,75.72,13,12.1,Yes,Mobile,Healthcare,No,0,56,0
TXN00666,43,66870.0,56.87,13,30.5,Yes,Tablet,Grocery,No,1,42,0
TXN00667,46,28943.0,97.84,11,20.1,Yes,Desktop,Grocery,No,0,98,0
TXN00668,29,68850.0,402.15,17,3.0,Yes,Mobile,Travel,No,0,80,0
TXN00669,39,58259.0,702.0,15,19.2,No,Mobile,Dining,No,0,85,0
TXN00670,18,73216.0,132.66,16,36.7,Yes,Mobile,Healthcare,No,0,31,0
TXN00671,54,43933.0,266.66,10,1.8,Yes,Desktop,Healthcare,No,0,15,0
TXN00672,32,23674.0,124.22,15,46.2,Yes,Mobile,Travel,No,0,92,0
TXN00673,39,44910.0,52.31,14,0.3,Yes,Desktop,Healthcare,No,0,53,0
TXN00674,35,66050.0,391.07,10,8.9,No,Desktop,Travel,No,0,42,0
TXN00675,51,86857.0,72.95,11,17.8,Yes,Desktop,Dining,No,0,54,0
TXN00676,18,32460.0,409.9,13,18.8,Yes,Mobile,Electronics,No,1,27,1
TXN00677,38,87314.0,339.11,19,15.9,No,Tablet,Clothing,No,0,130,0
TXN00678,37,41091.0,196.12,12,9.0,Yes,Mobile,Healthcare,No,0,52,0
TXN00679,33,64744.0,518.36,16,12.6,No,Tablet,Fuel,No,0,89,1
TXN00680,57,43723.0,715.78,15,14.4,No,Mobile,Electronics,No,0,96,0
TXN00681,28,59699.0,104.3,17,8.2,Yes,Tablet,Electronics,No,0,80,0
TXN00682,46,82161.0,62.83,20,10.9,Yes,Desktop,Fuel,No,0,72,0
TXN00683,42,31664.0,27.01,13,22.5,No,Tablet,Electronics,No,0,80,0
TXN00684,52,40503.0,722.88,14,4.5,No,Mobile,Dining,Yes,0,38,0
TXN00685,31,59774.0,84.42,24,8.9,No,Mobile,Electronics,No,0,32,0
TXN00686,30,162073.0,297.53,10,0.2,Yes,Mobile,Healthcare,No,1,55,0
TXN00687,50,37296.0,66.32,13,14.0,Yes,Mobile,Electronics,No,1,80,0
TXN00688,43,137744.0,410.8,12,2.6,No,Mobile,Clothing,No,0,69,0
TXN00689,21,135548.0,68.54,13,7.9,Yes,Tablet,Electronics,No,0,48,0
TXN00690,32,52644.0,46.25,12,2.8,Yes,Desktop,Dining,No,1,64,0
TXN00691,42,48094.0,101.56,18,0.3,Yes,Mobile,Travel,No,0,56,0
TXN00692,47,40282.0,78.42,10,7.9,Yes,Tablet,Grocery,No,0,25,0
TXN00693,31,53338.0,193.36,10,6.6,No,Desktop,Fuel,No,0,53,0
TXN00694,18,29204.0,115.17,15,6.6,No,Tablet,Fuel,No,0,61,0
TXN00695,44,53145.0,198.27,16,2.8,Yes,Tablet,Dining,No,0,31,0
TXN00696,25,107870.0,95.08,13,35.3,No,Desktop,Grocery,No,0,59,0
TXN00697,18,41777.0,70.49,14,0.2,No,Mobile,Electronics,No,0,77,0
TXN00698,18,49353.0,75.24,15,26.7,Yes,Tablet,Healthcare,No,0,37,0
TXN00699,47,25580.0,616.12,12,16.0,Yes,Mobile,Healthcare,No,0,54,0
TXN00700,39,65083.0,143.69,11,2.3,Yes,Desktop,Clothing,No,0,30,0
TXN00701,36,61951.0,24.54,8,7.7,No,Desktop,Fuel,No,0,80,0
TXN00702,53,56599.0,79.15,13,54.0,Yes,Mobile,Healthcare,No,0,50,0
TXN00703,45,49887.0,129.67,12,12.4,Yes,Desktop,Electronics,No,0,68,0
TXN00704,56,48211.0,525.22,4,1.6,Yes,Mobile,Clothing,Yes,0,26,0
TXN00705,23,68937.0,273.27,11,7.3,Yes,Mobile,Dining,No,0,45,0
TXN00706,38,54291.0,57.4,17,7.6,Yes,Mobile,Clothing,No,0,44,1
TXN00707,20,63375.0,830.62,14,19.4,Yes,Desktop,Dining,No,0,91,0
TXN00708,35,60587.0,117.05,13,29.7,Yes,Mobile,Clothing,No,0,55,0
TXN00709,35,91184.0,325.24,14,1.0,Yes,Desktop,Dining,No,0,82,0
TXN00710,45,74588.0,47.63,9,4.5,No,Desktop,Travel,No,0,44,0
TXN00711,39,59987.0,17.62,14,4.3,No,Desktop,Dining,No,1,58,0
TXN00712,45,108921.0,38.89,12,66.4,Yes,Desktop,Electronics,No,1,34,0
TXN00713,46,66450.0,8.91,10,9.8,No,Mobile,Travel,No,0,50,0
TXN00714,62,98945.0,650.12,14,25.4,Yes,Mobile,Electronics,No,0,42,0
TXN00715,35,72273.0,142.47,12,6.7,Yes,Mobile,Clothing,No,0,37,0
TXN00716,28,24010.0,57.27,10,15.4,Yes,Mobile,Dining,No,0,51,0
TXN00717,41,98940.0,172.36,8,4.1,Yes,Mobile,Travel,No,2,61,0
TXN00718,29,58449.0,139.62,15,29.1,Yes,Mobile,Clothing,No,0,55,1
TXN00719,54,53729.0,197.2,10,7.3,Yes,Desktop,Grocery,No,0,38,0
TXN00720,35,62423.0,315.8,13,19.5,Yes,Mobile,Dining,No,0,37,0
TXN00721,32,47091.0,95.16,12,3.5,Yes,Desktop,Healthcare,No,0,44,0
TXN00722,33,60916.0,59.36,6,14.2,Yes,Mobile,Travel,No,1,70,0
TXN00723,46,42140.0,232.69,16,6.2,No,Tablet,Clothing,No,0,43,0
TXN00724,36,97588.0,228.0,9,0.4,Yes,Mobile,Travel,No,0,43,0
TXN00725,31,52259.0,130.07,11,6.4,No,Tablet,Travel,No,0,30,0
TXN00726,56,46301.0,685.08,11,9.6,Yes,Mobile,Fuel,No,0,146,0
TXN00727,29,36275.0,84.54,17,2.0,Yes,Mobile,Travel,No,0,40,0
TXN00728,38,62071.0,58.42,12,2.4,No,Mobile,Grocery,No,0,64,0
TXN00729,45,59831.0,167.66,12,7.5,No,Mobile,Dining,No,0,63,0
TXN00730,20,65505.0,69.93,12,5.0,Yes,Tablet,Dining,No,0,123,0
TXN00731,43,34642.0,178.38,11,7.0,Yes,Mobile,Dining,No,0,173,0
TXN00732,26,26757.0,61.63,12,7.4,Yes,Mobile,Travel,No,1,69,0
TXN00733,47,72883.0,87.12,21,1.8,No,Desktop,Dining,No,0,65,0
TXN00734,27,107278.0,544.66,11,2.4,Yes,Mobile,Grocery,No,0,49,0
TXN00735,46,34656.0,86.75,17,22.6,No,Mobile,Healthcare,No,0,49,0
TXN00736,50,112458.0,63.33,12,2.1,No,Mobile,Healthcare,No,0,50,0
TXN00737,47,62495.0,306.14,7,13.2,Yes,Mobile,Fuel,Yes,0,98,0
TXN00738,41,54825.0,51.76,6,6.5,No,Desktop,Grocery,No,0,30,0
TXN00739,35,45991.0,68.93,13,41.4,No,Desktop,Fuel,No,0,34,0
TXN00740,32,29497.0,190.33,12,0.8,Yes,Mobile,Dining,No,0,45,0
TXN00741,54,85782.0,254.23,12,21.3,Yes,Desktop,Healthcare,No,0,88,0
TXN00742,30,38796.0,318.58,9,8.1,No,Desktop,Clothing,No,0,28,0
TXN00743,27,38722.0,66.0,15,0.2,Yes,Desktop,Electronics,No,0,117,0
TXN00744,45,85944.0,193.31,13,3.7,Yes,Mobile,Healthcare,No,0,22,0
TXN00745,29,23570.0,82.65,13,6.3,Yes,Mobile,Healthcare,No,1,18,0
TXN00746,28,27708.0,73.92,14,4.5,Yes,Desktop,Fuel,No,0,84,0
TXN00747,22,54553.0,314.21,9,5.4,No,Tablet,Grocery,Yes,0,37,0
TXN00748,33,62760.0,77.31,10,29.8,Yes,Desktop,Grocery,No,0,44,0
TXN00749,37,68406.0,149.91,12,5.4,Yes,Desktop,Clothing,No,0,72,0
TXN00750,41,48015.0,135.9,14,6.5,No,Tablet,Healthcare,No,0,21,0
TXN00751,48,171743.0,50.95,13,17.2,No,Mobile,Healthcare,No,0,89,0
TXN00752,44,49639.0,259.92,13,18.9,Yes,Desktop,Electronics,No,0,61,0
TXN00753,36,49575.0,187.86,9,1.1,No,Desktop,Fuel,No,0,23,0
TXN00754,36,38424.0,24.49,11,14.6,Yes,Tablet,Fuel,No,0,42,0
TXN00755,44,58154.0,149.82,11,7.9,Yes,Tablet,Grocery,No,0,30,0
TXN00756,52,72535.0,64.66,10,1.7,Yes,Mobile,Fuel,No,0,82,0
TXN00757,39,94532.0,288.63,12,3.7,Yes,Mobile,Electronics,No,0,53,0
TXN00758,33,28139.0,37.76,13,0.6,No,Mobile,Fuel,No,0,82,0
TXN00759,27,49237.0,90.23,10,5.4,No,Desktop,Fuel,No,0,59,0
TXN00760,22,67245.0,160.31,14,3.5,No,Desktop,Electronics,No,0,36,0
TXN00761,45,71630.0,125.33,10,5.8,Yes,Mobile,Dining,No,0,49,0
TXN00762,44,55162.0,220.93,7,10.4,No,Mobile,Fuel,No,0,54,0
TXN00763,44,70205.0,35.61,13,15.8,Yes,Mobile,Clothing,No,0,54,0
TXN00764,37,38218.0,449.9,21,11.2,Yes,Mobile,Grocery,No,0,75,0
TXN00765,53,110874.0,182.66,8,13.6,No,Mobile,Travel,No,0,75,0
TXN00766,33,85971.0,356.12,16,24.1,Yes,Desktop,Grocery,No,0,39,0
TXN00767,49,30028.0,241.5,12,24.8,Yes,Mobile,Healthcare,No,0,61,0
TXN00768,38,33904.0,118.89,15,23.7,No,Desktop,Clothing,No,0,70,0
TXN00769,31,34337.0,42.95,17,2.0,No,Mobile,Grocery,No,0,76,0
TXN00770,45,74621.0,76.45,11,3.5,No,Desktop,Dining,No,0,46,0
TXN00771,43,30852.0,428.01,13,8.4,Yes,Desktop,Dining,No,0,50,0
TXN00772,42,47388.0,363.52,12,5.3,Yes,Mobile,Grocery,No,0,92,0
TXN00773,39,67488.0,73.1,11,1.7,Yes,Desktop,Fuel,No,0,46,0
TXN00774,38,53387.0,12.59,13,4.1,Yes,Mobile,Healthcare,No,0,61,0
TXN00775,64,61796.0,101.22,13,44.5,Yes,Tablet,Grocery,No,0,18,0
TXN00776,51,34046.0,95.33,14,5.1,Yes,Desktop,Clothing,No,0,84,0
TXN00777,46,71881.0,98.27,12,6.5,Yes,Desktop,Fuel,No,0,78,0
TXN00778,39,41737.0,183.15,7,0.2,Yes,Mobile,Electronics,No,0,43,0
TXN00779,49,47525.0,241.88,8,15.3,No,Mobile,Healthcare,Yes,0,103,0
TXN00780,44,61210.0,265.0,10,6.4,Yes,Desktop,Electronics,No,0,114,0
TXN00781,38,57611.0,171.41,15,1.3,No,Mobile,Healthcare,No,0,51,0
TXN00782,35,55597.0,28.41,14,41.5,Yes,Desktop,Dining,No,0,36,0
TXN00783,37,39234.0,91.33,9,18.0,Yes,Mobile,Travel,No,1,77,0
TXN00784,18,48064.0,758.06,10,15.5,Yes,Mobile,Travel,No,0,64,0
TXN00785,40,55054.0,161.88,14,38.0,Yes,Mobile,Clothing,No,0,119,0
TXN00786,33,29623.0,161.06,11,6.3,Yes,Tablet,Dining,No,0,61,0
TXN00787,56,44665.0,159.99,17,15.2,No,Tablet,Electronics,No,0,31,0
TXN00788,38,65483.0,167.3,8,2.8,Yes,Mobile,Dining,No,0,61,0
TXN00789,25,30954.0,17.83,14,14.3,No,Mobile,Electronics,No,0,72,0
TXN00790,37,92554.0,99.07,15,0.2,Yes,Mobile,Fuel,No,0,60,0
TXN00791,26,97384.0,116.42,12,1.6,Yes,Mobile,Clothing,No,0,60,0
TXN00792,43,31407.0,334.52,11,6.6,Yes,Tablet,Healthcare,No,0,57,0
TXN00793,41,101318.0,124.66,10,0.2,No,Desktop,Electronics,No,0,62,0
TXN00794,49,51559.0,32.15,11,7.4,No,Tablet,Healthcare,No,0,79,0
TXN00795,29,66398.0,169.28,10,8.9,No,Desktop,Electronics,No,0,70,0
TXN00796,38,43985.0,63.08,9,11.7,No,Desktop,Electronics,No,0,49,0
TXN00797,23,83321.0,45.33,16,1.3,Yes,Desktop,Travel,No,0,38,0
TXN00798,46,66028.0,61.57,13,2.4,Yes,Desktop,Electronics,No,0,48,0
TXN00799,44,38129.0,185.21,15,11.4,No,Desktop,Grocery,No,0,46,0
TXN00800,43,32557.0,328.49,11,12.9,Yes,Mobile,Fuel,No,0,51,0
TXN00801,38,28508.0,176.59,19,0.3,Yes,Desktop,Healthcare,No,0,54,0
TXN00802,43,59854.0,198.96,12,9.3,No,Mobile,Travel,No,0,35,0
TXN00803,56,71161.0,175.2,7,18.4,Yes,Tablet,Healthcare,No,1,82,0
TXN00804,35,73720.0,130.13,9,0.9,Yes,Mobile,Grocery,No,0,35,0
TXN00805,40,52156.0,209.57,12,6.4,No,Mobile,Travel,No,0,75,0
TXN00806,26,32677.0,17.33,15,4.7,Yes,Mobile,Travel,No,0,74,0
TXN00807,28,40463.0,131.15,14,29.4,No,Tablet,Grocery,No,0,49,0
TXN00808,39,92378.0,52.02,14,2.5,No,Tablet,Healthcare,No,0,78,0
TXN00809,50,44223.0,304.24,16,4.6,Yes,Desktop,Dining,No,0,56,0
TXN00810,35,58667.0,106.67,15,27.4,Yes,Mobile,Clothing,Yes,0,27,0
TXN00811,35,33896.0,123.01,14,4.8,No,Mobile,Clothing,No,0,56,1
TXN00812,34,63994.0,36.0,17,9.1,Yes,Mobile,Clothing,No,0,35,0
TXN00813,32,44763.0,270.69,14,0.4,Yes,Tablet,Dining,No,0,120,0
TXN00814,41,88090.0,198.22,18,50.3,No,Desktop,Electronics,No,1,41,0
TXN00815,22,77901.0,187.36,9,20.9,No,Tablet,Grocery,No,0,43,0
TXN00816,52,44003.0,62.62,14,12.1,Yes,Desktop,Electronics,No,0,52,0
TXN00817,31,51953.0,64.62,19,0.8,Yes,Desktop,Clothing,No,0,34,0
TXN00818,46,42920.0,143.51,10,0.9,No,Mobile,Dining,No,0,50,0
TXN00819,24,29038.0,68.85,16,9.4,No,Mobile,Grocery,No,1,37,0
TXN00820,45,37393.0,169.93,14,4.0,Yes,Tablet,Grocery,No,0,32,0
TXN00821,45,60131.0,21.3,14,11.7,No,Mobile,Grocery,No,0,97,0
TXN00822,42,63669.0,81.24,9,10.9,Yes,Desktop,Electronics,No,1,53,0
TXN00823,27,58802.0,505.17,16,21.9,Yes,Desktop,Travel,No,0,68,0
TXN00824,41,48017.0,170.56,11,4.0,Yes,Mobile,Travel,No,0,38,0
TXN00825,25,83698.0,137.13,16,10.3,Yes,Mobile,Clothing,No,1,41,0
TXN00826,35,56595.0,587.38,11,18.0,No,Mobile,Travel,No,0,45,0
TXN00827,49,75475.0,18.52,13,8.1,Yes,Desktop,Healthcare,No,0,46,0
TXN00828,47,24758.0,62.5,16,21.3,No,Mobile,Grocery,No,0,63,0
TXN00829,38,18000.0,87.06,15,1.7,Yes,Mobile,Dining,No,0,52,0
TXN00830,27,62492.0,238.45,11,15.9,Yes,Desktop,Electronics,No,1,132,0
TXN00831,45,28968.0,241.78,18,34.4,Yes,Mobile,Electronics,No,2,59,0
TXN00832,38,49985.0,60.02,15,4.8,Yes,Mobile,Dining,No,0,44,0
TXN00833,18,48009.0,266.63,17,5.5,Yes,Mobile,Travel,No,0,44,0
TXN00834,47,112355.0,86.91,11,1.0,Yes,Mobile,Clothing,No,0,67,0
TXN00835,38,65847.0,316.34,8,12.3,No,Desktop,Fuel,No,0,68,0
TXN00836,51,59262.0,52.53,10,9.6,No,Tablet,Dining,No,0,143,0
TXN00837,26,80156.0,108.73,14,0.5,No,Mobile,Travel,No,0,39,0
TXN00838,18,64920.0,81.07,11,16.7,No,Tablet,Grocery,No,2,77,0
TXN00839,41,44763.0,279.31,13,21.2,No,Mobile,Dining,No,0,79,0
TXN00840,41,89077.0,78.99,10,28.5,Yes,Desktop,Travel,No,0,36,0
TXN00841,19,33380.0,115.99,9,9.5,No,Desktop,Electronics,No,0,46,0
TXN00842,27,63612.0,180.0,6,7.2,Yes,Mobile,Fuel,No,0,45,0
TXN00843,68,27411.0,185.62,11,25.1,No,Mobile,Fuel,No,1,56,0
TXN00844,35,60286.0,243.97,13,6.1,No,Mobile,Fuel,No,0,98,1
TXN00845,46,59990.0,142.08,16,12.8,Yes,Desktop,Travel,No,0,87,0
TXN00846,31,116949.0,85.87,20,11.5,No,Mobile,Travel,No,0,60,0
TXN00847,18,27197.0,90.72,13,5.6,Yes,Mobile,Grocery,No,0,78,0
TXN00848,36,41969.0,122.49,11,1.1,Yes,Mobile,Fuel,No,0,114,1
TXN00849,35,79642.0,146.52,11,0.3,Yes,Mobile,Healthcare,No,0,101,0
TXN00850,34,63958.0,106.67,10,6.7,Yes,Desktop,Electronics,Yes,0,62,0
TXN00851,37,59649.0,121.86,16,7.9,No,Desktop,Clothing,No,0,54,0
TXN00852,41,35769.0,35.65,15,20.8,Yes,Desktop,Fuel,No,0,74,0
TXN00853,36,42160.0,204.67,14,6.4,No,Mobile,Dining,No,0,42,0
TXN00854,24,96313.0,138.71,14,4.0,No,Mobile,Dining,No,0,11,0
TXN00855,43,53740.0,267.46,15,7.4,Yes,Mobile,Electronics,No,0,64,0
TXN00856,18,65121.0,120.02,12,3.3,Yes,Desktop,Travel,No,0,50,0
TXN00857,18,52222.0,29.87,8,1.1,Yes,Mobile,Clothing,No,0,37,0
TXN00858,46,32296.0,90.08,10,1.4,No,Tablet,Healthcare,No,1,55,0
TXN00859,44,83726.0,102.26,8,4.6,No,Mobile,Fuel,Yes,0,47,0
TXN00860,37,68978.0,217.42,14,0.2,Yes,Tablet,Clothing,No,0,50,0
TXN00861,23,155224.0,22.9,9,3.0,Yes,Desktop,Dining,No,0,37,0
TXN00862,30,34825.0,124.02,11,18.6,Yes,Desktop,Electronics,No,0,63,0
TXN00863,35,79638.0,180.99,17,3.2,Yes,Mobile,Healthcare,No,0,57,0
TXN00864,20,30482.0,70.69,11,1.4,No,Mobile,Healthcare,No,0,100,0
TXN00865,30,59036.0,127.38,10,35.7,No,Desktop,Grocery,No,0,53,0
TXN00866,45,85350.0,72.67,13,11.7,Yes,Desktop,Dining,No,0,48,0
TXN00867,54,21647.0,66.94,11,0.7,No,Mobile,Dining,No,0,115,0
TXN00868,33,50155.0,86.55,13,0.8,Yes,Mobile,Fuel,No,0,72,0
TXN00869,46,42687.0,67.96,17,11.4,Yes,Desktop,Travel,No,1,41,0
TXN00870,18,40103.0,207.35,14,9.3,No,Tablet,Dining,No,0,60,0
TXN00871,45,65410.0,66.66,12,0.8,Yes,Mobile,Dining,No,0,59,0
TXN00872,29,91071.0,58.27,18,3.0,Yes,Mobile,Healthcare,No,0,36,0
TXN00873,41,51798.0,493.65,10,31.7,Yes,Tablet,Fuel,No,0,52,0
TXN00874,35,60328.0,258.81,19,10.2,Yes,Desktop,Travel,No,0,67,0
TXN00875,53,57903.0,27.07,14,7.0,Yes,Mobile,Clothing,No,0,23,0
TXN00876,28,55045.0,65.08,12,3.5,Yes,Mobile,Grocery,Yes,0,71,0
TXN00877,45,33688.0,145.69,20,1.7,Yes,Desktop,Clothing,No,0,31,0
TXN00878,35,90571.0,155.48,8,6.2,Yes,Mobile,Healthcare,No,0,78,0
TXN00879,36,62814.0,36.42,11,30.7,Yes,Mobile,Grocery,No,0,31,0
TXN00880,36,65695.0,303.19,12,0.6,Yes,Desktop,Grocery,No,0,34,0
TXN00881,29,38260.0,232.22,16,56.5,Yes,Mobile,Grocery,No,0,45,0
TXN00882,38,44732.0,176.45,11,2.8,No,Mobile,Travel,No,0,28,0
TXN00883,37,50809.0,355.27,17,6.3,No,Mobile,Grocery,No,0,24,0
TXN00884,41,27577.0,172.31,11,0.6,Yes,Desktop,Fuel,No,1,111,0
TXN00885,39,25732.0,171.8,7,10.5,No,Mobile,Fuel,No,0,55,0
TXN00886,47,41972.0,417.23,12,7.9,Yes,Mobile,Fuel,No,0,67,0
TXN00887,48,69579.0,289.59,9,13.2,Yes,Mobile,Healthcare,No,0,100,0
TXN00888,26,40994.0,61.21,26,9.4,Yes,Mobile,Grocery,No,0,72,0
TXN00889,48,34774.0,199.15,10,6.1,No,Desktop,Fuel,No,0,47,0
TXN00890,25,38119.0,70.53,13,16.1,Yes,Tablet,Healthcare,No,0,43,0
TXN00891,44,44810.0,179.61,10,0.3,Yes,Desktop,Fuel,No,0,65,0
TXN00892,45,46904.0,175.7,12,9.3,Yes,Mobile,Electronics,No,0,52,0
TXN00893,18,145739.0,39.67,22,1.5,Yes,Mobile,Grocery,No,1,46,0
TXN00894,39,88404.0,108.85,12,6.9,Yes,Mobile,Fuel,No,0,28,0
TXN00895,33,87224.0,148.37,15,18.8,No,Mobile,Clothing,No,0,39,0
TXN00896,30,93055.0,84.64,11,1.8,Yes,Mobile,Travel,No,0,39,0
TXN00897,53,35088.0,154.36,14,33.0,Yes,Mobile,Fuel,No,0,134,0
TXN00898,31,31730.0,228.65,13,26.3,Yes,Tablet,Electronics,No,0,110,0
TXN00899,29,33423.0,117.1,13,6.4,No,Tablet,Travel,No,0,48,0
TXN00900,39,100269.0,143.62,13,0.2,Yes,Desktop,Travel,No,0,93,0
TXN00901,46,42996.0,362.94,14,18.7,Yes,Mobile,Clothing,No,0,27,0
TXN00902,36,31319.0,175.22,14,25.5,Yes,Desktop,Healthcare,No,0,65,0
TXN00903,51,45304.0,140.91,14,2.3,No,Mobile,Healthcare,No,1,66,0
TXN00904,44,49401.0,55.76,12,29.8,Yes,Mobile,Clothing,No,0,50,0
TXN00905,18,62061.0,205.27,8,29.5,Yes,Mobile,Healthcare,No,0,62,0
TXN00906,32,61575.0,156.27,12,7.6,Yes,Mobile,Clothing,No,0,68,0
TXN00907,32,37889.0,335.12,10,19.2,Yes,Mobile,Healthcare,No,0,121,0
TXN00908,43,74879.0,124.59,10,7.1,Yes,Mobile,Dining,No,1,83,0
TXN00909,18,41252.0,28.06,17,10.0,Yes,Mobile,Electronics,No,1,61,0
TXN00910,66,51265.0,30.8,8,4.6,Yes,Desktop,Healthcare,No,0,79,0
TXN00911,44,74917.0,216.16,12,2.1,Yes,Mobile,Electronics,No,0,52,0
TXN00912,40,41203.0,76.05,10,16.5,Yes,Mobile,Fuel,No,0,58,0
TXN00913,51,42569.0,170.19,18,0.2,No,Mobile,Healthcare,No,0,72,0
TXN00914,64,71778.0,131.48,17,10.4,Yes,Mobile,Electronics,No,0,27,0
TXN00915,48,37388.0,105.01,14,24.0,No,Desktop,Travel,No,0,41,0
TXN00916,48,46255.0,111.1,18,3.0,No,Mobile,Travel,No,0,18,0
TXN00917,39,70627.0,60.05,11,4.9,No,Desktop,Fuel,No,0,65,0
TXN00918,36,138611.0,118.49,14,10.6,No,Desktop,Travel,No,0,81,0
TXN00919,33,72223.0,75.18,12,3.4,Yes,Desktop,Healthcare,No,0,78,0
TXN00920,29,68035.0,89.09,20,22.6,No,Mobile,Fuel,Yes,1,45,0
TXN00921,30,69839.0,92.63,15,5.5,Yes,Mobile,Clothing,No,1,19,0
TXN00922,23,33933.0,100.1,7,10.5,No,Tablet,Dining,No,1,78,0
TXN00923,37,57937.0,250.94,9,3.1,Yes,Desktop,Electronics,No,0,39,0
TXN00924,19,54268.0,108.17,13,0.5,Yes,Tablet,Electronics,No,0,65,0
TXN00925,40,63564.0,272.18,10,2.3,No,Tablet,Electronics,No,0,112,0
TXN00926,38,57961.0,410.66,11,0.6,Yes,Desktop,Dining,No,0,21,0
TXN00927,40,65248.0,237.8,12,7.6,No,Mobile,Electronics,No,0,68,0
TXN00928,32,47807.0,184.02,16,10.6,No,Desktop,Clothing,No,0,77,0
TXN00929,72,56470.0,155.86,13,0.5,Yes,Desktop,Dining,No,0,64,0
TXN00930,53,31652.0,239.79,8,1.1,Yes,Desktop,Dining,No,0,47,0
TXN00931,24,47626.0,128.89,14,8.0,Yes,Desktop,Fuel,No,0,85,0
TXN00932,41,102843.0,263.79,21,19.3,No,Desktop,Clothing,No,0,26,0
TXN00933,31,63485.0,196.13,12,11.9,No,Mobile,Grocery,No,0,54,1
TXN00934,27,54485.0,89.98,13,1.3,No,Mobile,Healthcare,No,0,30,0
TXN00935,23,129100.0,245.72,7,26.2,No,Mobile,Grocery,No,0,101,0
TXN00936,43,29813.0,129.11,12,29.9,Yes,Desktop,Fuel,No,0,54,0
TXN00937,31,33384.0,110.23,12,4.7,Yes,Desktop,Fuel,No,0,69,0
TXN00938,49,118873.0,81.98,12,11.5,Yes,Desktop,Fuel,No,0,48,0
TXN00939,49,56149.0,137.04,17,8.1,Yes,Mobile,Electronics,No,0,81,0
TXN00940,53,49312.0,266.31,13,34.2,Yes,Mobile,Healthcare,No,0,53,0
TXN00941,29,32063.0,244.36,11,8.5,Yes,Mobile,Healthcare,No,0,43,0
TXN00942,43,67276.0,159.21,11,38.6,No,Mobile,Travel,No,0,46,0
TXN00943,45,70270.0,193.87,9,2.7,Yes,Mobile,Fuel,No,0,101,0
TXN00944,33,33610.0,331.91,19,5.1,Yes,Mobile,Dining,No,0,89,0
TXN00945,30,51635.0,106.43,14,18.2,Yes,Mobile,Grocery,No,0,70,0
TXN00946,56,47292.0,49.16,8,18.4,No,Desktop,Electronics,No,0,58,0
TXN00947,41,61715.0,339.81,9,15.8,Yes,Tablet,Clothing,No,0,43,0
TXN00948,45,33237.0,78.54,13,23.6,Yes,Mobile,Travel,No,0,59,0
TXN00949,29,96613.0,69.08,12,14.5,No,Mobile,Grocery,No,0,45,0
TXN00950,25,83051.0,28.52,10,12.1,Yes,Tablet,Grocery,No,0,76,0
TXN00951,32,46707.0,189.52,19,7.4,Yes,Tablet,Grocery,No,0,57,0
TXN00952,37,49896.0,32.8,13,7.6,No,Mobile,Dining,No,0,78,0
TXN00953,26,51725.0,65.84,19,6.3,Yes,Mobile,Dining,No,0,81,0
TXN00954,38,38749.0,192.11,17,11.6,Yes,Mobile,Dining,No,0,26,0
TXN00955,19,45051.0,213.8,16,6.3,Yes,Mobile,Travel,No,0,156,0
TXN00956,26,48702.0,71.25,15,1.9,Yes,Mobile,Healthcare,No,0,49,0
TXN00957,45,113650.0,107.79,9,1.4,Yes,Mobile,Grocery,No,0,65,0
TXN00958,45,84210.0,59.71,14,31.0,Yes,Desktop,Fuel,Yes,0,53,0
TXN00959,34,83758.0,77.38,12,0.3,No,Mobile,Travel,No,0,97,0
TXN00960,27,64962.0,148.48,16,1.3,Yes,Desktop,Dining,No,0,50,0
TXN00961,27,33266.0,80.33,13,7.1,Yes,Mobile,Dining,Yes,0,29,0
TXN00962,34,53983.0,98.7,16,3.7,Yes,Desktop,Dining,No,0,74,0
TXN00963,45,85119.0,37.18,19,6.2,No,Desktop,Healthcare,No,0,90,0
TXN00964,48,31222.0,297.04,16,1.5,No,Desktop,Clothing,No,0,41,0
TXN00965,33,73243.0,180.47,16,1.7,Yes,Mobile,Electronics,No,0,74,0
TXN00966,25,156414.0,226.29,10,19.4,Yes,Mobile,Clothing,No,0,64,0
TXN00967,41,88690.0,336.92,17,17.1,Yes,Mobile,Grocery,No,0,74,0
TXN00968,29,103923.0,62.01,18,1.3,Yes,Mobile,Fuel,No,0,98,0
TXN00969,32,60678.0,90.09,18,13.2,Yes,Mobile,Grocery,No,0,89,0
TXN00970,53,85021.0,26.35,13,11.3,Yes,Mobile,Travel,No,1,59,0
TXN00971,47,39817.0,1480.05,19,15.0,Yes,Mobile,Electronics,No,1,58,0
TXN00972,40,78687.0,106.47,20,7.7,Yes,Mobile,Travel,Yes,0,83,0
TXN00973,24,73833.0,275.47,17,3.8,Yes,Desktop,Healthcare,No,0,69,0
TXN00974,40,62664.0,44.57,14,13.1,Yes,Mobile,Healthcare,No,0,66,0
TXN00975,50,99438.0,266.29,11,5.6,Yes,Mobile,Dining,No,0,52,0
TXN00976,34,43159.0,530.36,15,3.0,No,Desktop,Dining,No,0,64,0
TXN00977,53,50560.0,114.35,13,6.3,Yes,Desktop,Fuel,No,0,67,0
TXN00978,52,57414.0,53.45,7,17.3,No,Mobile,Grocery,No,0,36,0
TXN00979,56,34605.0,107.39,15,7.8,Yes,Mobile,Travel,No,0,64,0
TXN00980,41,60913.0,20.21,16,4.3,Yes,Desktop,Clothing,No,0,69,0
TXN00981,44,25376.0,116.42,17,21.4,No,Tablet,Dining,No,0,37,0
TXN00982,54,88099.0,231.43,17,25.6,Yes,Mobile,Fuel,No,0,39,0
TXN00983,43,56166.0,116.62,12,6.8,Yes,Desktop,Fuel,No,0,91,0
TXN00984,32,43507.0,95.6,2,5.6,Yes,Tablet,Travel,No,0,46,0
TXN00985,33,37783.0,183.01,11,11.4,Yes,Mobile,Grocery,Yes,0,67,0
TXN00986,41,49490.0,194.55,14,0.7,No,Mobile,Electronics,No,1,93,0
TXN00987,24,74967.0,31.8,15,14.1,No,Desktop,Healthcare,Yes,0,50,0
TXN00988,36,70373.0,128.84,11,18.3,No,Mobile,Fuel,No,0,23,0
TXN00989,50,40038.0,842.42,13,6.1,No,Mobile,Healthcare,No,0,95,0
TXN00990,18,37585.0,41.24,8,2.3,Yes,Mobile,Travel,No,0,32,0
TXN00991,55,73917.0,112.07,10,0.4,Yes,Mobile,Dining,No,0,26,0
TXN00992,50,39737.0,567.3,15,12.2,Yes,Mobile,Electronics,No,0,30,0
TXN00993,33,56503.0,290.28,15,3.8,Yes,Desktop,Electronics,No,1,79,0
TXN00994,44,58150.0,79.58,15,7.5,Yes,Tablet,Grocery,No,0,131,0
TXN00995,38,63292.0,141.51,18,5.9,Yes,Mobile,Travel,Yes,0,50,0
TXN00996,52,80928.0,119.8,14,2.3,Yes,Mobile,Grocery,Yes,0,49,0
TXN00997,49,31156.0,65.96,12,8.5,No,Desktop,Fuel,Yes,1,71,0
TXN00998,23,23273.0,113.08,18,7.4,Yes,Mobile,Fuel,No,0,35,0
TXN00999,44,42605.0,95.92,13,11.7,Yes,Desktop,Clothing,No,0,83,0
TXN01000,36,123720.0,131.33,21,3.5,Yes,Desktop,Healthcare,No,0,35,0
TXN01001,39,136635.0,65.94,23,2.9,No,Tablet,Travel,No,0,69,0
TXN01002,30,125382.0,43.22,15,20.2,No,Mobile,Dining,No,0,39,0
TXN01003,57,50425.0,116.1,16,14.5,Yes,Mobile,Clothing,No,1,43,0
TXN01004,49,24665.0,473.23,7,17.8,No,Mobile,Clothing,No,0,58,0
TXN01005,30,19163.0,128.16,11,1.6,Yes,Mobile,Fuel,No,0,20,0
TXN01006,23,41721.0,92.04,15,3.0,No,Tablet,Fuel,No,0,70,0
TXN01007,34,50310.0,219.37,13,10.3,Yes,Tablet,Dining,No,0,86,0
TXN01008,43,98752.0,105.72,14,23.4,Yes,Desktop,Clothing,No,0,90,0
TXN01009,41,81276.0,534.81,17,26.7,Yes,Mobile,Electronics,No,0,104,0
TXN01010,52,60926.0,119.62,9,21.4,Yes,Desktop,Healthcare,No,0,137,0
TXN01011,47,36852.0,210.16,7,0.5,No,Mobile,Travel,No,0,37,0
TXN01012,49,35694.0,65.62,6,20.6,Yes,Tablet,Healthcare,No,0,30,1
TXN01013,42,61663.0,179.46,10,27.5,Yes,Mobile,Electronics,No,1,45,0
TXN01014,23,75264.0,149.54,15,0.7,Yes,Mobile,Grocery,No,0,44,0
TXN01015,36,65607.0,114.7,11,6.5,Yes,Desktop,Dining,No,0,55,0
TXN01016,50,34528.0,80.33,12,9.2,Yes,Desktop,Travel,No,0,58,0
TXN01017,37,73710.0,72.03,13,3.2,No,Desktop,Dining,No,0,41,0
TXN01018,44,66619.0,150.41,10,8.7,Yes,Mobile,Dining,No,0,104,0
TXN01019,34,33972.0,198.47,9,26.1,Yes,Tablet,Electronics,No,0,70,0
TXN01020,27,38644.0,108.39,12,24.2,No,Desktop,Electronics,No,0,28,0
TXN01021,37,74975.0,151.0,9,33.7,Yes,Desktop,Grocery,No,0,112,0
TXN01022,41,49492.0,116.41,17,7.9,Yes,Desktop,Travel,No,0,96,0
TXN01023,31,112443.0,129.84,12,6.3,Yes,Desktop,Dining,No,0,30,0
TXN01024,35,68913.0,102.22,14,13.2,Yes,Mobile,Healthcare,No,0,99,1
TXN01025,28,44183.0,121.74,13,6.5,Yes,Mobile,Clothing,No,0,46,0
TXN01026,50,54748.0,1038.91,14,0.5,Yes,Mobile,Healthcare,No,0,43,0
TXN01027,35,56591.0,153.98,12,15.3,No,Desktop,Grocery,No,0,70,0
TXN01028,54,39629.0,201.09,15,4.0,No,Mobile,Dining,No,0,56,0
TXN01029,55,36477.0,170.36,13,0.6,Yes,Mobile,Healthcare,No,0,98,0
TXN01030,37,75411.0,97.25,13,0.3,No,Desktop,Grocery,No,0,44,0
TXN01031,27,80456.0,337.88,11,32.1,Yes,Mobile,Dining,No,0,43,0
TXN01032,18,72171.0,95.06,12,3.5,Yes,Mobile,Electronics,No,0,81,0
TXN01033,22,108769.0,279.09,11,7.1,No,Tablet,Fuel,No,0,36,0
TXN01034,23,43101.0,91.85,15,36.1,Yes,Mobile,Grocery,No,0,61,0
TXN01035,53,116834.0,55.67,14,7.6,Yes,Mobile,Grocery,No,0,99,0
TXN01036,39,36669.0,160.74,16,1.0,Yes,Mobile,Fuel,No,0,57,0
TXN01037,42,34870.0,49.59,14,9.6,No,Mobile,Electronics,No,0,56,0
TXN01038,18,24912.0,184.2,11,1.1,Yes,Mobile,Grocery,Yes,0,66,0
TXN01039,25,45003.0,46.16,9,1.2,Yes,Tablet,Electronics,No,2,53,0
TXN01040,48,43845.0,92.97,14,22.9,Yes,Desktop,Healthcare,No,0,57,0
TXN01041,41,69686.0,38.17,11,4.1,No,Mobile,Healthcare,No,0,56,0
TXN01042,36,61380.0,1149.2,20,13.6,Yes,Mobile,Healthcare,No,1,22,0
TXN01043,44,32153.0,31.95,9,8.5,Yes,Mobile,Healthcare,No,0,86,0
TXN01044,56,46090.0,120.95,13,3.0,No,Mobile,Clothing,Yes,0,55,0
TXN01045,36,46534.0,299.51,11,8.8,No,Tablet,Dining,No,0,108,0
TXN01046,39,24733.0,274.95,14,0.9,Yes,Mobile,Clothing,No,0,41,0
TXN01047,40,35372.0,237.12,15,5.1,Yes,Desktop,Healthcare,No,0,124,0
TXN01048,64,38879.0,93.1,14,8.9,Yes,Desktop,Dining,No,0,46,0
TXN01049,18,104843.0,353.67,11,3.1,No,Desktop,Fuel,No,0,60,0
TXN01050,46,59949.0,249.19,9,13.0,Yes,Mobile,Healthcare,No,0,29,0
TXN01051,37,74092.0,142.21,15,0.6,Yes,Mobile,Travel,No,0,65,0
TXN01052,44,28021.0,145.47,7,8.0,Yes,Mobile,Healthcare,No,0,36,0
TXN01053,31,94135.0,94.1,9,15.1,No,Desktop,Electronics,No,0,23,0
TXN01054,37,98773.0,57.96,13,6.7,No,Mobile,Healthcare,No,0,55,0
TXN01055,46,22378.0,322.86,9,24.9,Yes,Mobile,Travel,No,1,40,1
TXN01056,72,40042.0,342.84,14,12.0,Yes,Desktop,Travel,No,0,58,0
TXN01057,47,68747.0,59.16,16,38.2,No,Mobile,Electronics,No,1,29,0
TXN01058,29,73502.0,106.11,16,4.0,No,Mobile,Healthcare,No,0,43,0
TXN01059,33,40529.0,106.99,15,33.5,No,Mobile,Travel,No,1,33,0
TXN01060,33,47936.0,116.91,10,11.2,No,Mobile,Grocery,No,0,85,0
TXN01061,18,42035.0,126.33,11,16.4,Yes,Tablet,Healthcare,No,2,59,0
TXN01062,34,57802.0,255.95,19,27.9,Yes,Mobile,Dining,No,0,44,1
TXN01063,46,94261.0,66.0,17,9.6,No,Mobile,Clothing,No,0,102,0
TXN01064,24,38875.0,60.97,8,23.8,Yes,Tablet,Fuel,No,1,53,0
TXN01065,50,86289.0,322.72,12,9.4,Yes,Mobile,Healthcare,No,0,32,0
TXN01066,43,38690.0,82.88,16,11.0,Yes,Mobile,Electronics,No,1,72,0
TXN01067,30,37559.0,43.69,9,7.1,No,Mobile,Fuel,No,0,27,0
TXN01068,36,79496.0,81.4,10,1.9,Yes,Tablet,Clothing,No,0,64,0
TXN01069,56,83280.0,92.15,19,9.7,Yes,Desktop,Dining,No,0,73,0
TXN01070,46,80678.0,416.32,16,45.5,Yes,Mobile,Fuel,No,1,51,0
TXN01071,38,30424.0,251.48,11,18.6,No,Mobile,Electronics,No,0,75,0
TXN01072,35,44596.0,300.52,13,16.5,No,Tablet,Fuel,No,0,57,0
TXN01073,39,79653.0,231.24,12,12.4,Yes,Mobile,Travel,No,0,86,0
TXN01074,32,56038.0,255.82,10,5.1,Yes,Mobile,Travel,No,0,27,0
TXN01075,18,33926.0,69.2,16,2.2,Yes,Desktop,Dining,No,0,86,1
TXN01076,60,67598.0,102.37,11,3.1,No,Desktop,Healthcare,Yes,0,70,0
TXN01077,40,39872.0,54.36,16,0.2,Yes,Tablet,Travel,No,0,64,0
TXN01078,42,123331.0,101.4,10,13.4,No,Desktop,Fuel,No,0,20,0
TXN01079,37,110224.0,207.43,15,20.0,Yes,Tablet,Grocery,No,0,71,0
TXN01080,30,72181.0,133.64,14,3.8,Yes,Desktop,Fuel,No,0,72,0
TXN01081,36,101472.0,342.64,12,1.2,Yes,Mobile,Grocery,No,0,25,0
TXN01082,20,56627.0,48.15,14,4.9,No,Mobile,Fuel,No,0,29,0
TXN01083,63,77617.0,179.05,14,4.1,No,Tablet,Grocery,No,0,71,0
TXN01084,24,106944.0,44.21,15,7.2,No,Mobile,Healthcare,No,0,45,0
TXN01085,27,61424.0,129.39,8,3.7,Yes,Desktop,Grocery,No,0,77,0
TXN01086,33,49033.0,216.97,14,5.0,Yes,Desktop,Electronics,No,1,19,0
TXN01087,52,25540.0,101.08,14,28.6,No,Mobile,Electronics,No,0,57,0
TXN01088,38,52980.0,186.49,10,4.9,Yes,Mobile,Clothing,No,0,72,0
TXN01089,24,79668.0,55.68,13,18.5,No,Mobile,Fuel,No,0,54,1
TXN01090,52,84172.0,31.71,13,11.8,Yes,Mobile,Travel,No,0,74,0
TXN01091,46,69013.0,187.38,12,4.9,No,Desktop,Electronics,No,0,90,0
TXN01092,44,43110.0,484.3,4,20.4,No,Mobile,Grocery,Yes,0,43,0
TXN01093,46,22596.0,54.09,11,10.8,Yes,Tablet,Fuel,No,0,37,0
TXN01094,64,44013.0,319.02,16,0.2,Yes,Mobile,Travel,No,0,88,0
TXN01095,62,47961.0,124.24,10,0.9,Yes,Desktop,Fuel,No,0,35,0
TXN01096,30,47776.0,41.22,11,16.8,Yes,Mobile,Grocery,No,0,73,0
TXN01097,56,72652.0,48.54,11,7.1,Yes,Mobile,Electronics,No,0,48,0
TXN01098,42,134409.0,121.52,14,6.2,Yes,Mobile,Electronics,No,0,54,0
TXN01099,43,58144.0,86.83,14,1.9,Yes,Mobile,Dining,Yes,0,35,0
TXN01100,19,49889.0,41.98,13,2.1,Yes,Desktop,Dining,No,1,44,0
TXN01101,36,48944.0,30.95,17,19.2,No,Tablet,Clothing,No,0,58,0
TXN01102,29,58166.0,60.95,10,21.2,Yes,Mobile,Clothing,No,0,86,1
TXN01103,47,37887.0,140.13,13,9.9,No,Mobile,Clothing,No,0,85,0
TXN01104,50,58057.0,119.39,12,4.2,Yes,Desktop,Fuel,No,0,43,0
TXN01105,18,67370.0,80.36,10,32.4,No,Desktop,Fuel,No,0,23,1
TXN01106,38,60442.0,141.03,17,11.7,Yes,Mobile,Travel,No,0,85,0
TXN01107,50,67574.0,275.76,14,19.1,No,Mobile,Clothing,No,0,24,0
TXN01108,36,66855.0,164.48,13,0.2,No,Mobile,Electronics,No,0,28,0
TXN01109,46,24779.0,108.9,9,7.2,No,Mobile,Clothing,No,0,34,0
TXN01110,42,73253.0,252.13,10,24.6,Yes,Mobile,Electronics,No,0,102,0
TXN01111,42,40665.0,55.68,14,5.0,Yes,Mobile,Clothing,No,0,18,0
TXN01112,35,33589.0,100.24,5,15.6,No,Mobile,Dining,No,0,131,0
TXN01113,25,33459.0,102.17,14,12.9,Yes,Mobile,Grocery,No,0,43,0
TXN01114,26,66848.0,44.61,10,2.0,Yes,Mobile,Grocery,No,0,76,0
TXN01115,46,49758.0,85.76,13,17.9,Yes,Mobile,Clothing,No,0,42,0
TXN01116,38,25802.0,22.82,12,1.4,Yes,Mobile,Dining,Yes,1,158,0
TXN01117,36,68200.0,554.04,8,15.6,Yes,Mobile,Fuel,No,0,107,0
TXN01118,33,28775.0,56.69,11,56.5,Yes,Mobile,Clothing,No,0,77,0
TXN01119,35,58572.0,426.83,19,38.0,Yes,Mobile,Healthcare,No,1,59,0
TXN01120,50,61231.0,123.71,9,19.3,Yes,Desktop,Clothing,No,0,63,0
TXN01121,34,81928.0,188.55,16,9.2,Yes,Mobile,Healthcare,Yes,0,63,0
TXN01122,23,122620.0,81.16,14,13.5,No,Desktop,Healthcare,No,0,48,0
TXN01123,46,29762.0,141.72,15,15.6,No,Mobile,Electronics,No,1,43,0
TXN01124,36,53716.0,201.92,11,0.2,Yes,Mobile,Electronics,No,0,80,0
TXN01125,38,48569.0,204.21,8,1.3,No,Desktop,Clothing,No,0,95,0
TXN01126,56,66855.0,223.03,15,10.9,No,Mobile,Electronics,No,0,73,0
TXN01127,38,60605.0,89.37,15,0.2,No,Mobile,Grocery,No,0,90,0
TXN01128,41,46931.0,81.71,17,28.8,No,Mobile,Fuel,No,1,54,0
TXN01129,25,45102.0,33.52,12,8.1,Yes,Mobile,Healthcare,No,0,60,0
TXN01130,36,33279.0,182.38,13,3.6,No,Mobile,Clothing,No,0,70,0
TXN01131,45,85787.0,285.26,10,6.0,No,Desktop,Grocery,No,0,102,0
TXN01132,21,67625.0,437.15,17,22.8,Yes,Mobile,Fuel,No,0,20,0
TXN01133,40,83124.0,153.18,19,31.4,No,Tablet,Dining,No,0,47,0
TXN01134,39,47830.0,64.99,13,1.5,Yes,Mobile,Fuel,No,0,67,0
TXN01135,38,40926.0,30.87,18,18.1,Yes,Mobile,Healthcare,No,0,11,0
TXN01136,49,33855.0,276.12,19,10.4,Yes,Tablet,Grocery,No,1,40,0
TXN01137,42,64641.0,28.52,9,10.6,No,Mobile,Electronics,No,0,75,0
TXN01138,54,34447.0,91.38,13,18.1,No,Tablet,Grocery,No,0,136,0
TXN01139,27,126372.0,100.29,19,3.0,Yes,Mobile,Dining,No,0,43,0
TXN01140,39,30536.0,113.51,9,9.1,Yes,Mobile,Electronics,No,0,125,0
TXN01141,39,62208.0,123.49,12,4.6,Yes,Mobile,Grocery,No,0,113,0
TXN01142,26,111321.0,134.02,11,1.2,Yes,Mobile,Electronics,No,0,81,0
TXN01143,49,72019.0,17.38,17,1.3,No,Mobile,Healthcare,No,0,41,0
TXN01144,64,59524.0,121.42,17,1.8,No,Mobile,Dining,No,1,56,0
TXN01145,38,35570.0,20.16,12,11.5,No,Mobile,Fuel,No,2,41,0
TXN01146,44,29534.0,215.57,8,1.3,No,Mobile,Fuel,No,0,50,0
TXN01147,39,77778.0,76.97,12,10.1,No,Mobile,Healthcare,No,0,26,0
TXN01148,30,108321.0,21.37,11,10.6,Yes,Tablet,Healthcare,No,0,21,0
TXN01149,18,45144.0,62.56,13,28.1,Yes,Mobile,Travel,No,0,78,0
TXN01150,30,32942.0,76.05,15,11.8,Yes,Desktop,Electronics,No,0,81,0
TXN01151,23,18195.0,311.08,14,50.9,Yes,Mobile,Clothing,No,0,41,0
TXN01152,57,35374.0,140.44,12,0.4,No,Mobile,Dining,No,0,27,0
TXN01153,37,52258.0,158.07,16,14.6,Yes,Mobile,Grocery,No,0,28,0
TXN01154,34,112949.0,308.73,9,0.3,No,Desktop,Clothing,No,1,52,0
TXN01155,48,74459.0,111.12,13,15.7,Yes,Tablet,Grocery,No,0,48,0
TXN01156,26,63094.0,219.39,13,5.9,No,Mobile,Travel,No,0,114,0
TXN01157,30,45937.0,207.39,12,11.3,Yes,Mobile,Grocery,No,0,58,0
TXN01158,39,42305.0,42.88,11,4.4,Yes,Mobile,Healthcare,No,0,21,0
TXN01159,49,103531.0,389.9,14,2.1,No,Desktop,Dining,No,0,108,0
TXN01160,44,60200.0,38.52,15,15.4,No,Mobile,Dining,No,1,39,0
TXN01161,41,21352.0,249.98,16,28.2,No,Desktop,Healthcare,No,0,17,0
TXN01162,39,40619.0,35.65,13,2.4,No,Desktop,Fuel,No,0,84,0
TXN01163,42,37380.0,194.12,10,30.4,Yes,Desktop,Electronics,No,0,46,0
TXN01164,40,43014.0,532.2,14,1.8,Yes,Mobile,Electronics,No,0,144,0
TXN01165,27,70856.0,101.2,12,16.0,No,Desktop,Grocery,No,0,42,0
TXN01166,39,52404.0,97.75,11,38.5,Yes,Mobile,Electronics,Yes,0,73,0
TXN01167,26,53130.0,195.56,6,1.9,No,Mobile,Healthcare,No,0,85,0
TXN01168,39,99325.0,92.2,16,6.9,Yes,Mobile,Travel,No,0,34,0
TXN01169,33,40202.0,513.94,17,4.9,Yes,Desktop,Electronics,No,0,41,0
TXN01170,66,127259.0,139.94,8,5.9,Yes,Mobile,Clothing,No,0,36,0
TXN01171,38,40660.0,92.88,12,16.8,No,Desktop,Healthcare,No,1,56,0
TXN01172,23,57253.0,77.89,17,13.0,No,Desktop,Grocery,No,0,76,1
TXN01173,37,48463.0,56.89,6,41.6,No,Desktop,Electronics,No,0,40,0
TXN01174,44,58141.0,72.62,15,2.5,Yes,Mobile,Clothing,No,0,27,0
TXN01175,56,67182.0,90.65,13,9.4,Yes,Tablet,Dining,No,0,58,0
TXN01176,32,66857.0,81.24,16,7.2,No,Mobile,Dining,No,0,63,0
TXN01177,21,39190.0,70.88,19,30.1,Yes,Desktop,Fuel,No,0,61,0
TXN01178,47,33182.0,643.27,18,0.2,Yes,Mobile,Healthcare,No,0,42,0
TXN01179,23,169654.0,52.64,12,54.3,Yes,Desktop,Fuel,No,0,138,0
TXN01180,33,44236.0,134.94,11,7.8,Yes,Mobile,Fuel,No,0,73,0
TXN01181,35,75338.0,192.77,10,11.8,Yes,Desktop,Fuel,No,0,35,1
TXN01182,37,26679.0,198.66,14,5.4,No,Mobile,Electronics,Yes,0,72,0
TXN01183,46,48497.0,114.5,20,23.0,No,Desktop,Healthcare,No,0,26,0
TXN01184,30,51940.0,98.98,16,9.9,Yes,Mobile,Healthcare,No,0,57,0
TXN01185,35,68040.0,172.21,17,13.0,Yes,Desktop,Clothing,No,0,80,0
TXN01186,38,18000.0,148.52,15,12.6,No,Mobile,Grocery,No,0,42,0
TXN01187,40,59270.0,97.55,13,5.4,Yes,Desktop,Electronics,Yes,0,58,0
TXN01188,39,32784.0,34.4,14,0.9,No,Mobile,Grocery,No,0,43,0
TXN01189,43,63643.0,82.53,12,19.8,Yes,Mobile,Grocery,No,1,28,0
TXN01190,47,34501.0,47.95,13,4.1,Yes,Desktop,Grocery,No,0,62,0
TXN01191,42,37426.0,70.37,21,22.7,No,Desktop,Grocery,Yes,0,69,0
TXN01192,43,48628.0,123.23,18,11.3,No,Desktop,Dining,No,0,45,0
TXN01193,21,34253.0,159.89,14,5.2,Yes,Tablet,Clothing,No,0,57,0
TXN01194,39,44405.0,498.62,8,10.8,Yes,Mobile,Grocery,No,1,31,0
TXN01195,43,32147.0,78.07,12,12.4,Yes,Mobile,Electronics,No,0,70,0
TXN01196,46,24105.0,223.0,13,14.7,Yes,Mobile,Grocery,No,0,32,0
TXN01197,30,86957.0,153.28,24,20.7,Yes,Mobile,Dining,No,0,43,1
TXN01198,31,30695.0,338.42,12,2.1,No,Mobile,Electronics,No,0,107,1
TXN01199,32,50751.0,190.28,11,34.6,Yes,Desktop,Healthcare,No,0,76,0
TXN01200,44,77180.0,53.55,16,6.3,Yes,Mobile,Clothing,No,0,75,0
TXN01201,49,41704.0,30.24,12,23.6,No,Mobile,Travel,No,0,21,0
TXN01202,34,37940.0,153.93,13,3.0,Yes,Mobile,Electronics,No,0,79,0
TXN01203,48,60894.0,78.63,10,0.4,No,Mobile,Healthcare,No,0,44,0
TXN01204,39,90959.0,54.78,16,10.2,No,Mobile,Dining,No,0,47,0
TXN01205,37,32497.0,43.53,21,4.7,Yes,Mobile,Clothing,No,0,61,0
TXN01206,36,51407.0,136.49,7,50.0,No,Tablet,Dining,Yes,0,36,0
TXN01207,46,25222.0,400.88,12,1.3,Yes,Mobile,Fuel,No,0,16,0
TXN01208,42,46081.0,86.54,11,0.6,No,Desktop,Travel,Yes,1,25,0
TXN01209,63,55853.0,192.43,20,0.6,No,Mobile,Grocery,No,0,83,0
TXN01210,29,37440.0,110.57,14,2.9,No,Mobile,Healthcare,No,0,57,1
TXN01211,44,44777.0,42.78,16,10.4,Yes,Mobile,Dining,No,0,81,0
TXN01212,32,29184.0,216.01,12,8.5,Yes,Desktop,Fuel,No,0,82,0
TXN01213,28,56941.0,49.99,12,5.2,Yes,Tablet,Fuel,No,0,25,0
TXN01214,38,88446.0,122.09,15,1.1,No,Mobile,Clothing,No,0,26,0
TXN01215,40,33570.0,91.31,19,3.2,No,Mobile,Grocery,No,0,40,0
TXN01216,70,41560.0,245.17,14,2.4,Yes,Mobile,Healthcare,No,1,51,0
TXN01217,36,68957.0,51.47,7,16.4,Yes,Mobile,Healthcare,No,1,63,0
TXN01218,26,94895.0,164.05,13,18.2,No,Desktop,Healthcare,No,0,87,0
TXN01219,41,28090.0,61.29,9,18.0,Yes,Mobile,Clothing,No,1,133,0
TXN01220,18,50977.0,79.73,15,41.7,Yes,Mobile,Electronics,No,0,39,0
TXN01221,37,62473.0,6.55,10,25.9,Yes,Tablet,Travel,No,0,78,0
TXN01222,38,52531.0,639.81,14,8.3,Yes,Mobile,Grocery,No,0,79,0
TXN01223,47,18043.0,186.41,5,6.4,No,Desktop,Clothing,No,0,47,0
TXN01224,49,68912.0,64.95,11,29.7,No,Desktop,Grocery,No,1,89,0
TXN01225,32,108966.0,48.8,6,11.3,Yes,Mobile,Electronics,No,0,20,0
TXN01226,36,57965.0,80.72,11,4.2,No,Mobile,Electronics,No,0,50,0
TXN01227,30,34582.0,212.94,20,10.0,Yes,Mobile,Dining,No,0,36,0
TXN01228,26,43660.0,26.41,13,58.2,No,Tablet,Electronics,No,0,50,0
TXN01229,41,121972.0,107.15,8,22.7,Yes,Desktop,Electronics,No,0,68,1
TXN01230,24,82832.0,494.73,12,4.0,No,Mobile,Travel,No,1,35,0
TXN01231,33,73358.0,48.44,7,36.7,Yes,Desktop,Clothing,No,0,76,0
TXN01232,27,64568.0,127.97,9,47.9,Yes,Desktop,Clothing,No,0,48,0
TXN01233,44,40847.0,699.34,14,3.2,No,Mobile,Healthcare,No,0,81,0
TXN01234,58,50253.0,198.98,12,27.1,Yes,Mobile,Healthcare,No,0,54,0
TXN01235,24,53105.0,132.72,16,25.8,No,Desktop,Travel,Yes,0,60,0
TXN01236,18,70432.0,179.97,11,0.5,Yes,Mobile,Travel,No,1,57,0
TXN01237,37,108456.0,87.08,14,13.3,Yes,Desktop,Grocery,No,0,23,0
TXN01238,38,90975.0,339.41,11,4.4,No,Desktop,Healthcare,No,0,86,0
TXN01239,40,29038.0,87.18,10,13.5,Yes,Mobile,Travel,No,0,46,1
TXN01240,33,60833.0,25.03,11,29.4,Yes,Desktop,Travel,No,0,24,0
TXN01241,36,76621.0,87.75,11,8.3,Yes,Mobile,Fuel,No,0,21,0
TXN01242,42,72662.0,55.37,19,6.4,Yes,Tablet,Travel,No,0,95,0
TXN01243,49,41437.0,95.83,16,30.5,Yes,Mobile,Grocery,No,0,116,0
TXN01244,18,204115.0,97.54,17,43.8,Yes,Desktop,Clothing,No,0,67,0
TXN01245,34,30958.0,312.76,7,0.8,No,Desktop,Fuel,No,0,53,0
TXN01246,40,33781.0,209.29,18,30.7,No,Mobile,Healthcare,No,1,51,0
TXN01247,28,61096.0,148.13,13,1.0,No,Mobile,Grocery,No,0,45,0
TXN01248,57,142579.0,119.72,10,4.9,No,Mobile,Grocery,No,0,72,0
TXN01249,31,37752.0,51.44,15,17.3,Yes,Desktop,Fuel,No,0,54,0
TXN01250,38,48799.0,20.96,17,18.0,Yes,Mobile,Fuel,No,0,62,0
TXN01251,44,89310.0,131.37,8,15.5,Yes,Tablet,Fuel,No,0,36,0
TXN01252,31,54560.0,226.6,21,0.5,Yes,Desktop,Fuel,No,0,56,0
TXN01253,18,47312.0,110.04,15,1.7,Yes,Mobile,Grocery,No,0,71,0
TXN01254,33,70942.0,78.23,8,33.0,No,Desktop,Fuel,No,0,51,0
TXN01255,49,62176.0,174.01,19,1.0,No,Mobile,Electronics,No,0,80,0
TXN01256,34,87447.0,112.26,11,1.0,No,Desktop,Clothing,Yes,0,67,0
TXN01257,29,98346.0,462.24,13,21.7,Yes,Mobile,Healthcare,No,0,45,0
TXN01258,48,63148.0,321.72,18,12.3,Yes,Mobile,Travel,No,0,28,0
TXN01259,34,62716.0,258.55,15,5.2,No,Mobile,Healthcare,No,1,62,0
TXN01260,32,60563.0,220.01,13,2.2,No,Tablet,Healthcare,Yes,0,62,0
TXN01261,40,68542.0,42.75,7,25.9,No,Mobile,Healthcare,No,1,30,0
TXN01262,46,56383.0,203.95,10,53.6,Yes,Mobile,Travel,No,0,114,0
TXN01263,64,54985.0,162.15,15,0.6,No,Mobile,Clothing,No,0,75,0
TXN01264,47,94237.0,194.93,13,9.7,No,Mobile,Electronics,No,0,98,0
TXN01265,51,108808.0,177.96,14,3.6,Yes,Mobile,Clothing,No,0,32,0
TXN01266,32,27909.0,172.38,14,21.4,Yes,Desktop,Grocery,No,0,64,0
TXN01267,27,55249.0,1041.26,11,5.1,No,Mobile,Grocery,No,1,101,0
TXN01268,39,40343.0,112.9,10,15.0,Yes,Mobile,Travel,No,0,52,0
TXN01269,39,47818.0,253.8,11,9.3,No,Mobile,Dining,No,0,122,0
TXN01270,26,65922.0,82.33,15,9.4,Yes,Mobile,Clothing,No,1,71,0
TXN01271,36,74335.0,225.88,9,23.4,Yes,Mobile,Healthcare,No,0,52,0
TXN01272,42,52294.0,254.41,15,7.6,Yes,Mobile,Electronics,No,0,16,0
TXN01273,42,23251.0,160.62,12,22.4,Yes,Mobile,Electronics,No,0,71,0
TXN01274,44,35626.0,456.18,5,5.4,Yes,Mobile,Travel,No,0,76,0
TXN01275,41,82332.0,59.15,21,2.3,No,Mobile,Healthcare,No,0,72,0
TXN01276,32,18000.0,81.26,14,7.3,No,Mobile,Fuel,No,0,99,0
TXN01277,32,93848.0,142.22,11,8.3,No,Mobile,Clothing,No,0,92,0
TXN01278,25,69539.0,242.78,9,7.8,Yes,Desktop,Dining,No,1,54,1
TXN01279,58,99446.0,138.52,7,19.8,Yes,Desktop,Grocery,Yes,0,69,0
TXN01280,38,50299.0,335.66,17,10.0,Yes,Mobile,Grocery,No,0,91,0
TXN01281,36,21752.0,70.68,17,26.3,Yes,Mobile,Grocery,No,0,75,0
TXN01282,28,66753.0,48.18,13,8.7,Yes,Desktop,Grocery,No,0,125,0
TXN01283,70,97605.0,153.55,19,3.1,No,Tablet,Electronics,No,0,34,0
TXN01284,26,83384.0,112.81,15,1.7,Yes,Mobile,Electronics,No,0,60,0
TXN01285,33,40818.0,185.26,12,24.3,Yes,Mobile,Fuel,No,0,78,0
TXN01286,43,57190.0,117.4,12,0.7,Yes,Mobile,Electronics,No,0,42,0
TXN01287,45,43274.0,91.42,11,1.5,Yes,Mobile,Fuel,No,0,68,0
TXN01288,49,38041.0,113.02,11,0.8,No,Mobile,Healthcare,No,0,88,0
TXN01289,58,84543.0,122.8,18,6.6,No,Desktop,Fuel,No,0,87,0
TXN01290,44,32087.0,94.02,14,9.1,Yes,Mobile,Healthcare,No,0,43,0
TXN01291,26,36786.0,102.0,14,0.2,No,Mobile,Grocery,No,0,27,0
TXN01292,35,33466.0,86.89,14,8.7,Yes,Tablet,Grocery,No,0,32,0
TXN01293,41,28127.0,238.13,14,6.0,Yes,Mobile,Electronics,No,1,45,0
TXN01294,61,58746.0,140.15,16,17.8,Yes,Mobile,Healthcare,No,0,23,0
TXN01295,23,92759.0,729.89,16,21.3,No,Mobile,Electronics,No,1,58,0
TXN01296,51,50609.0,136.46,12,13.9,Yes,Mobile,Fuel,No,1,43,0
TXN01297,40,27931.0,77.23,9,7.7,Yes,Desktop,Travel,No,0,30,0
TXN01298,47,80263.0,1016.41,11,2.9,Yes,Mobile,Grocery,No,0,27,0
TXN01299,37,117437.0,167.07,13,22.5,Yes,Desktop,Healthcare,No,0,56,0
TXN01300,29,41121.0,264.96,15,5.0,No,Desktop,Dining,No,0,109,0
TXN01301,46,44344.0,192.71,16,5.3,No,Mobile,Travel,No,0,117,0
TXN01302,45,69365.0,197.53,11,29.7,No,Mobile,Grocery,No,0,44,0
TXN01303,49,114112.0,184.2,6,44.6,No,Mobile,Grocery,No,0,66,0
TXN01304,38,43528.0,49.69,14,27.4,No,Desktop,Electronics,No,0,55,0
TXN01305,31,30197.0,161.02,15,76.1,Yes,Mobile,Dining,Yes,0,60,0
TXN01306,21,73074.0,41.58,14,24.4,Yes,Mobile,Clothing,No,0,123,0
TXN01307,47,78800.0,104.38,18,14.6,Yes,Tablet,Dining,No,0,59,0
TXN01308,43,55152.0,67.15,8,4.2,Yes,Mobile,Grocery,No,0,31,0
TXN01309,27,42784.0,159.73,17,36.7,Yes,Mobile,Clothing,No,0,26,0
TXN01310,32,86039.0,156.77,9,25.1,No,Mobile,Clothing,No,0,115,0
TXN01311,33,69752.0,176.34,13,3.3,Yes,Mobile,Fuel,No,0,56,0
TXN01312,22,38921.0,151.01,11,8.1,No,Mobile,Dining,No,0,49,0
TXN01313,29,56229.0,73.85,11,0.9,Yes,Desktop,Travel,No,0,84,0
TXN01314,26,29936.0,97.39,11,36.8,Yes,Mobile,Fuel,Yes,0,54,0
TXN01315,33,74887.0,250.59,15,10.2,Yes,Mobile,Electronics,No,0,61,0
TXN01316,30,48878.0,281.96,8,3.4,Yes,Mobile,Grocery,No,0,71,0
TXN01317,20,45208.0,47.95,15,4.2,Yes,Desktop,Grocery,Yes,0,44,0
TXN01318,60,54192.0,35.26,10,47.3,Yes,Desktop,Travel,No,0,90,0
TXN01319,52,56007.0,67.09,12,11.5,Yes,Mobile,Travel,No,0,114,0
TXN01320,29,82274.0,276.9,8,6.6,Yes,Mobile,Clothing,Yes,0,109,0
TXN01321,41,71760.0,317.16,11,8.3,No,Desktop,Electronics,No,0,100,0
TXN01322,43,51262.0,57.27,16,1.2,Yes,Mobile,Electronics,No,0,48,0
TXN01323,51,77555.0,153.44,14,0.9,No,Mobile,Clothing,No,0,14,0
TXN01324,29,65869.0,520.63,13,10.8,Yes,Mobile,Clothing,No,0,57,0
TXN01325,50,45393.0,167.29,13,8.6,Yes,Mobile,Dining,No,0,58,1
TXN01326,32,51998.0,374.16,10,5.3,No,Mobile,Fuel,No,0,52,0
TXN01327,23,51451.0,266.79,12,10.0,No,Desktop,Grocery,No,0,24,0
TXN01328,46,69041.0,57.94,24,0.9,No,Mobile,Dining,No,0,68,0
TXN01329,52,46627.0,103.08,18,34.6,Yes,Mobile,Electronics,Yes,0,65,0
TXN01330,66,46139.0,123.38,13,4.2,Yes,Mobile,Travel,Yes,0,71,0
TXN01331,25,133390.0,130.43,13,0.9,Yes,Mobile,Dining,No,0,56,0
TXN01332,46,83949.0,249.77,12,2.2,Yes,Mobile,Travel,No,0,65,0
TXN01333,33,39059.0,166.41,7,1.2,No,Mobile,Clothing,No,0,56,0
TXN01334,47,71112.0,11.46,12,2.4,Yes,Mobile,Fuel,No,0,30,1
TXN01335,22,58009.0,41.98,10,6.5,Yes,Mobile,Healthcare,No,0,42,1
TXN01336,24,65597.0,20.85,14,16.1,Yes,Mobile,Travel,Yes,0,63,0
TXN01337,29,58506.0,138.07,12,3.8,No,Tablet,Healthcare,No,0,97,0
TXN01338,39,93942.0,145.46,10,6.9,Yes,Mobile,Healthcare,No,0,49,0
TXN01339,31,64255.0,150.52,21,31.7,No,Desktop,Grocery,No,0,39,0
TXN01340,45,53485.0,55.72,18,4.2,Yes,Mobile,Fuel,Yes,0,43,0
TXN01341,49,87910.0,205.78,20,19.0,No,Mobile,Travel,No,0,35,0
TXN01342,45,61088.0,212.83,12,2.1,Yes,Mobile,Dining,No,0,16,0
TXN01343,56,58090.0,43.96,15,2.4,No,Mobile,Grocery,No,1,74,0
TXN01344,43,63348.0,37.14,13,7.3,Yes,Mobile,Grocery,No,0,77,0
TXN01345,25,52731.0,119.99,11,3.2,No,Mobile,Electronics,No,0,54,0
TXN01346,53,55229.0,503.16,14,28.0,Yes,Mobile,Electronics,No,0,58,0
TXN01347,31,42238.0,467.45,15,0.6,Yes,Mobile,Dining,No,0,40,0
TXN01348,48,39225.0,188.33,16,10.9,Yes,Desktop,Clothing,No,1,59,0
TXN01349,55,35092.0,66.92,15,11.1,No,Mobile,Electronics,No,0,93,1
TXN01350,43,29398.0,243.95,15,0.8,Yes,Mobile,Travel,No,1,105,0
TXN01351,22,37020.0,83.56,12,15.8,Yes,Desktop,Clothing,No,0,35,0
TXN01352,28,50852.0,64.94,14,7.6,Yes,Mobile,Electronics,No,0,90,0
TXN01353,53,57612.0,21.59,12,15.4,Yes,Desktop,Grocery,No,0,36,0
TXN01354,36,48679.0,130.24,13,21.0,No,Tablet,Dining,No,0,21,0
TXN01355,39,19054.0,72.5,12,4.7,Yes,Mobile,Travel,No,0,50,0
TXN01356,46,111709.0,129.62,13,8.0,Yes,Mobile,Grocery,No,0,90,0
TXN01357,46,89680.0,19.07,10,3.6,Yes,Tablet,Grocery,Yes,1,38,0
TXN01358,41,67217.0,137.46,15,2.7,Yes,Mobile,Fuel,No,0,60,0
TXN01359,36,129762.0,17.16,13,0.2,Yes,Mobile,Electronics,No,0,83,0
TXN01360,35,35429.0,286.53,11,39.8,Yes,Mobile,Healthcare,No,0,65,0
TXN01361,47,128607.0,182.18,11,7.0,Yes,Mobile,Clothing,No,0,50,0
TXN01362,44,35623.0,96.02,16,0.2,Yes,Tablet,Travel,No,0,88,0
TXN01363,35,61238.0,188.23,22,0.2,No,Mobile,Dining,No,0,63,0
TXN01364,50,31004.0,54.87,10,4.1,Yes,Mobile,Dining,No,1,56,0
TXN01365,37,55365.0,127.15,10,0.2,No,Mobile,Dining,No,0,53,0
TXN01366,29,65438.0,226.63,19,5.6,Yes,Mobile,Fuel,No,1,81,0
TXN01367,30,51302.0,10.1,13,0.8,No,Mobile,Travel,Yes,0,138,0
TXN01368,27,75836.0,83.91,10,0.5,Yes,Tablet,Grocery,No,0,52,0
TXN01369,35,57506.0,117.85,12,13.3,Yes,Desktop,Clothing,No,0,54,0
TXN01370,52,43478.0,102.56,11,28.5,Yes,Mobile,Fuel,No,0,49,0
TXN01371,29,42618.0,384.97,9,6.3,No,Mobile,Clothing,No,0,85,1
TXN01372,40,79221.0,48.83,15,21.8,Yes,Mobile,Clothing,Yes,0,70,0
TXN01373,31,40983.0,73.01,7,0.4,Yes,Mobile,Electronics,No,0,101,0
TXN01374,35,83035.0,25.91,14,18.0,Yes,Mobile,Grocery,No,1,67,0
TXN01375,21,95350.0,401.71,12,0.8,No,Desktop,Dining,No,1,57,0
TXN01376,36,25956.0,98.54,9,21.9,No,Mobile,Electronics,No,0,63,0
TXN01377,36,91574.0,84.5,21,25.7,Yes,Desktop,Travel,No,0,131,0
TXN01378,44,139007.0,115.07,13,18.5,No,Mobile,Travel,No,0,69,0
TXN01379,40,61604.0,199.63,5,20.6,Yes,Tablet,Healthcare,Yes,0,10,0
TXN01380,25,72018.0,158.44,12,9.9,No,Mobile,Healthcare,No,0,52,0
TXN01381,50,87706.0,998.05,16,3.7,Yes,Desktop,Clothing,No,0,67,0
TXN01382,40,48587.0,172.54,8,12.4,Yes,Desktop,Healthcare,No,0,47,0
TXN01383,40,59702.0,82.71,12,6.9,Yes,Tablet,Fuel,No,0,55,1
TXN01384,38,30446.0,76.59,13,0.2,No,Desktop,Travel,No,0,45,0
TXN01385,32,58541.0,87.64,13,7.8,No,Desktop,Healthcare,Yes,0,76,0
TXN01386,40,68819.0,36.09,12,12.6,No,Mobile,Dining,Yes,0,55,0
TXN01387,43,69381.0,123.89,6,0.2,Yes,Mobile,Fuel,No,0,89,0
TXN01388,19,88834.0,224.59,12,11.7,Yes,Mobile,Fuel,No,0,59,0
TXN01389,32,38810.0,73.46,20,12.7,Yes,Mobile,Dining,No,0,87,1
TXN01390,35,43279.0,62.9,11,2.1,No,Desktop,Travel,Yes,0,84,0
TXN01391,41,129064.0,403.53,12,6.8,No,Mobile,Electronics,No,1,64,0
TXN01392,51,51402.0,38.33,10,40.0,Yes,Mobile,Fuel,No,0,105,0
TXN01393,30,60181.0,22.95,5,25.9,Yes,Mobile,Electronics,No,0,104,0
TXN01394,33,53366.0,47.71,10,6.3,No,Mobile,Electronics,No,0,102,0
TXN01395,32,38000.0,34.99,15,5.2,Yes,Mobile,Healthcare,Yes,0,74,0
TXN01396,29,114197.0,163.44,19,1.6,Yes,Mobile,Electronics,No,0,29,0
TXN01397,34,43374.0,89.92,9,0.4,Yes,Mobile,Clothing,No,0,75,0
TXN01398,46,33117.0,100.66,12,4.2,No,Mobile,Electronics,No,0,69,0
TXN01399,26,44903.0,301.82,10,33.8,No,Mobile,Dining,No,0,67,0
TXN01400,43,22344.0,69.02,12,38.2,No,Tablet,Healthcare,No,1,45,0
TXN01401,19,41028.0,223.09,15,20.1,No,Tablet,Grocery,No,0,70,0
TXN01402,32,35576.0,402.04,10,5.2,Yes,Mobile,Travel,No,0,57,0
TXN01403,34,72615.0,83.34,15,1.9,No,Mobile,Grocery,No,0,60,0
TXN01404,56,40621.0,216.4,14,10.9,No,Mobile,Clothing,No,0,50,0
TXN01405,35,82010.0,98.89,11,12.5,No,Tablet,Grocery,No,0,55,0
TXN01406,18,103198.0,251.33,19,6.6,Yes,Desktop,Fuel,No,0,75,0
TXN01407,18,78168.0,34.13,17,14.1,No,Desktop,Grocery,No,1,53,0
TXN01408,38,49919.0,32.17,15,16.5,No,Tablet,Grocery,No,0,38,0
TXN01409,45,58606.0,87.75,9,18.3,No,Tablet,Dining,No,0,31,0
TXN01410,42,27691.0,58.93,13,8.4,No,Desktop,Electronics,No,0,106,0
TXN01411,40,51787.0,79.37,15,18.8,Yes,Desktop,Grocery,Yes,0,119,0
TXN01412,51,37343.0,100.67,9,0.3,No,Desktop,Grocery,No,0,37,0
TXN01413,32,75172.0,213.47,14,13.7,Yes,Desktop,Clothing,No,0,68,0
TXN01414,48,175050.0,86.61,17,3.2,Yes,Mobile,Fuel,No,0,86,0
TXN01415,20,68872.0,62.08,8,3.8,No,Tablet,Travel,No,0,44,0
TXN01416,28,22451.0,90.58,13,1.1,Yes,Desktop,Fuel,No,0,63,0
TXN01417,18,46748.0,64.86,12,2.6,Yes,Mobile,Travel,Yes,0,52,0
TXN01418,35,58117.0,56.84,17,58.0,No,Mobile,Travel,No,0,68,0
TXN01419,37,57205.0,33.02,11,6.4,Yes,Desktop,Travel,No,0,74,0
TXN01420,39,39586.0,126.86,9,31.5,No,Mobile,Dining,No,0,25,0
TXN01421,39,61419.0,76.14,17,2.1,Yes,Desktop,Dining,No,0,93,0
TXN01422,28,31444.0,259.96,16,2.7,Yes,Mobile,Electronics,No,0,72,0
TXN01423,36,35950.0,37.7,11,9.8,Yes,Tablet,Travel,Yes,0,67,0
TXN01424,22,73548.0,77.78,12,5.2,No,Mobile,Dining,No,0,7,0
TXN01425,53,34823.0,511.74,18,12.4,Yes,Mobile,Healthcare,No,0,82,1
TXN01426,35,70072.0,56.59,7,6.6,No,Desktop,Dining,Yes,0,90,1
TXN01427,33,29698.0,99.31,9,20.0,No,Mobile,Clothing,No,0,36,0
TXN01428,55,121693.0,45.37,17,6.8,No,Desktop,Clothing,No,0,38,0
TXN01429,24,38819.0,40.8,8,10.2,Yes,Mobile,Healthcare,No,0,46,0
TXN01430,26,49734.0,413.78,9,4.6,Yes,Tablet,Clothing,No,0,89,0
TXN01431,26,63823.0,137.6,11,14.6,No,Mobile,Grocery,No,0,30,0
TXN01432,37,42646.0,133.54,17,12.8,Yes,Mobile,Healthcare,No,0,18,0
TXN01433,43,58666.0,30.89,14,6.1,Yes,Tablet,Travel,No,0,65,0
TXN01434,46,71253.0,159.89,11,3.9,Yes,Mobile,Fuel,No,0,72,0
TXN01435,66,84742.0,302.91,16,11.4,No,Tablet,Clothing,No,0,68,0
TXN01436,18,78532.0,300.99,11,34.4,Yes,Desktop,Grocery,No,1,55,0
TXN01437,45,50908.0,204.83,14,1.7,Yes,Mobile,Dining,No,0,162,0
TXN01438,32,51488.0,48.61,12,19.3,No,Mobile,Dining,Yes,0,45,0
TXN01439,32,158291.0,154.16,13,9.4,No,Mobile,Dining,No,0,26,0
TXN01440,31,84334.0,204.7,9,8.9,Yes,Mobile,Dining,No,0,26,0
TXN01441,28,36325.0,28.56,14,39.1,Yes,Mobile,Fuel,No,0,43,1
TXN01442,57,57531.0,48.93,15,11.2,Yes,Desktop,Electronics,No,0,49,0
TXN01443,47,47300.0,244.21,14,21.3,Yes,Tablet,Electronics,No,0,45,0
TXN01444,38,51750.0,241.85,6,8.7,Yes,Mobile,Travel,No,0,49,0
TXN01445,53,31629.0,34.77,16,3.4,Yes,Mobile,Healthcare,No,0,85,0
TXN01446,21,45694.0,226.67,9,14.2,Yes,Desktop,Healthcare,No,0,91,0
TXN01447,23,124280.0,129.51,17,30.8,Yes,Mobile,Clothing,Yes,0,133,0
TXN01448,18,71373.0,224.15,9,22.1,Yes,Desktop,Dining,No,0,65,0
TXN01449,30,18000.0,72.23,12,2.7,No,Mobile,Travel,No,0,57,0
TXN01450,40,95093.0,201.07,11,4.6,Yes,Tablet,Fuel,No,0,33,0
TXN01451,39,89807.0,235.7,11,8.7,Yes,Desktop,Travel,No,0,40,0
TXN01452,40,46789.0,90.6,13,10.2,Yes,Mobile,Electronics,No,0,47,0
TXN01453,22,75952.0,121.72,12,2.6,Yes,Desktop,Electronics,No,0,69,0
TXN01454,47,37360.0,71.43,11,3.1,No,Desktop,Healthcare,No,0,11,0
TXN01455,41,44510.0,449.8,15,17.1,No,Desktop,Clothing,No,2,56,0
TXN01456,46,107951.0,108.99,16,15.7,Yes,Mobile,Electronics,No,0,53,0
TXN01457,18,48670.0,57.39,9,21.9,No,Mobile,Travel,No,0,89,0
TXN01458,41,23711.0,67.68,14,32.4,No,Mobile,Healthcare,No,0,54,0
TXN01459,25,53455.0,132.81,16,4.4,Yes,Mobile,Dining,No,0,49,0
TXN01460,34,53089.0,219.24,7,23.6,Yes,Mobile,Grocery,Yes,0,53,0
TXN01461,44,94311.0,41.22,7,13.2,No,Desktop,Electronics,No,0,52,0
TXN01462,39,55356.0,526.17,13,38.0,No,Mobile,Travel,No,0,51,0
TXN01463,29,45496.0,153.61,15,3.8,Yes,Mobile,Grocery,No,0,49,0
TXN01464,38,88024.0,174.28,11,3.8,Yes,Mobile,Electronics,Yes,0,55,0
TXN01465,21,58072.0,111.02,9,14.6,No,Mobile,Electronics,No,0,61,1
TXN01466,51,39245.0,121.86,15,31.6,Yes,Mobile,Fuel,No,0,37,0
TXN01467,36,92488.0,106.58,14,20.9,No,Desktop,Electronics,No,0,31,1
TXN01468,50,60008.0,270.89,15,15.6,Yes,Tablet,Healthcare,No,0,41,0
TXN01469,32,55072.0,119.24,16,5.9,Yes,Mobile,Grocery,No,0,33,0
TXN01470,32,59584.0,221.66,14,15.2,Yes,Mobile,Grocery,No,0,35,0
TXN01471,30,33972.0,84.81,9,19.4,No,Desktop,Dining,No,0,62,0
TXN01472,48,43375.0,140.33,16,16.8,Yes,Mobile,Healthcare,No,0,43,0
TXN01473,30,55089.0,63.08,12,13.6,No,Mobile,Grocery,Yes,0,75,0
TXN01474,45,50387.0,317.58,11,0.6,Yes,Mobile,Travel,No,0,44,0
TXN01475,34,97507.0,61.59,8,12.9,Yes,Mobile,Travel,No,0,76,0
TXN01476,18,60653.0,92.53,17,7.8,Yes,Desktop,Clothing,No,0,43,0
TXN01477,32,80805.0,93.27,9,39.1,No,Tablet,Clothing,No,0,31,0
TXN01478,25,55233.0,90.41,10,11.2,No,Mobile,Clothing,No,0,52,0
TXN01479,38,88470.0,213.9,10,11.2,Yes,Mobile,Electronics,No,0,95,0
TXN01480,25,65774.0,93.15,6,61.5,Yes,Mobile,Dining,No,0,48,0
TXN01481,48,55333.0,366.0,7,1.2,No,Mobile,Electronics,No,0,147,0
TXN01482,37,54672.0,62.35,15,3.9,Yes,Tablet,Dining,No,0,29,0
TXN01483,36,35796.0,137.41,6,12.8,Yes,Mobile,Healthcare,No,0,131,0
TXN01484,45,69092.0,64.51,11,4.5,Yes,Mobile,Fuel,No,0,59,0
TXN01485,49,54014.0,168.05,11,5.1,No,Mobile,Dining,No,0,81,0
TXN01486,38,43879.0,118.48,14,26.8,No,Mobile,Fuel,No,0,129,0
TXN01487,30,90490.0,106.0,12,10.4,Yes,Desktop,Clothing,No,0,106,0
TXN01488,18,31335.0,310.53,9,1.3,Yes,Mobile,Healthcare,No,0,35,0
TXN01489,30,45477.0,71.1,9,4.5,No,Desktop,Healthcare,No,0,28,0
TXN01490,31,87340.0,191.85,8,0.9,Yes,Desktop,Healthcare,No,0,56,0
TXN01491,39,63391.0,64.87,16,9.7,Yes,Desktop,Fuel,No,0,87,0
TXN01492,34,53828.0,131.32,14,2.3,Yes,Desktop,Healthcare,No,0,29,0
TXN01493,46,61577.0,46.11,14,23.3,Yes,Desktop,Electronics,No,0,97,0
TXN01494,31,59625.0,70.63,16,10.3,No,Mobile,Travel,No,0,64,0
TXN01495,37,27794.0,112.37,9,0.7,Yes,Desktop,Dining,No,1,48,0
TXN01496,51,47001.0,512.45,17,4.3,Yes,Desktop,Electronics,No,0,58,0
TXN01497,42,113837.0,130.08,12,11.5,Yes,Mobile,Fuel,No,0,57,0
TXN01498,37,40880.0,450.89,19,4.9,No,Desktop,Fuel,No,1,86,0
TXN01499,31,47660.0,143.13,13,8.6,No,Mobile,Healthcare,No,0,65,0
TXN01500,31,43103.0,88.04,13,28.8,Yes,Desktop,Grocery,No,0,55,0
TXN01501,29,52888.0,411.16,11,5.2,No,Mobile,Grocery,No,0,39,0
TXN01502,32,42306.0,170.22,19,4.9,Yes,Desktop,Dining,No,1,36,0
TXN01503,46,68468.0,71.76,16,20.6,No,Mobile,Travel,Yes,0,59,0
TXN01504,36,60107.0,174.85,9,4.6,Yes,Mobile,Grocery,No,0,87,0
TXN01505,23,77900.0,94.96,15,1.0,Yes,Mobile,Clothing,Yes,0,80,0
TXN01506,57,34275.0,24.44,15,2.4,Yes,Mobile,Healthcare,No,0,114,0
TXN01507,42,47190.0,253.73,13,35.7,Yes,Tablet,Clothing,No,0,34,0
TXN01508,23,49688.0,288.14,11,32.5,No,Mobile,Fuel,No,0,64,0
TXN01509,33,67517.0,522.09,13,3.1,No,Mobile,Healthcare,No,0,39,0
TXN01510,39,38489.0,168.21,16,9.7,No,Desktop,Electronics,Yes,1,38,0
TXN01511,57,83045.0,98.35,14,1.8,Yes,Mobile,Travel,No,0,49,0
TXN01512,26,93805.0,234.04,12,13.5,No,Mobile,Dining,No,0,142,0
TXN01513,49,35246.0,236.83,14,2.5,Yes,Mobile,Electronics,No,0,73,0
TXN01514,53,44099.0,445.02,13,0.6,Yes,Desktop,Dining,No,0,29,0
TXN01515,31,43292.0,115.79,14,20.9,No,Tablet,Electronics,No,0,73,0
TXN01516,35,179811.0,105.11,13,4.7,Yes,Desktop,Healthcare,No,0,87,0
TXN01517,27,45326.0,67.7,10,1.4,No,Tablet,Electronics,No,1,57,0
TXN01518,36,117011.0,184.47,18,21.5,Yes,Mobile,Travel,No,1,30,0
TXN01519,38,31104.0,34.77,14,17.2,Yes,Tablet,Dining,No,0,57,0
TXN01520,45,35233.0,223.27,16,13.8,No,Mobile,Grocery,No,0,65,0
TXN01521,50,40381.0,192.05,9,29.1,Yes,Mobile,Electronics,No,0,64,0
TXN01522,30,37591.0,191.63,14,8.1,Yes,Mobile,Clothing,No,0,52,0
TXN01523,18,48754.0,134.03,12,1.6,Yes,Mobile,Electronics,Yes,0,12,0
TXN01524,38,39980.0,409.07,11,0.8,Yes,Desktop,Clothing,No,0,44,0
TXN01525,41,38040.0,241.07,10,4.6,Yes,Mobile,Grocery,No,0,73,0
TXN01526,41,92633.0,73.83,17,1.1,No,Desktop,Travel,No,0,105,0
TXN01527,34,95396.0,74.9,17,9.2,Yes,Mobile,Travel,No,0,42,0
TXN01528,39,84311.0,59.37,4,0.2,No,Mobile,Travel,No,1,30,0
TXN01529,55,69626.0,186.52,16,7.0,No,Mobile,Fuel,No,0,73,0
TXN01530,42,57344.0,53.91,15,2.4,Yes,Mobile,Fuel,No,0,76,0
TXN01531,34,43977.0,285.49,11,5.5,No,Tablet,Travel,Yes,0,43,0
TXN01532,32,35817.0,345.8,12,13.5,Yes,Desktop,Travel,No,1,79,0
TXN01533,36,64760.0,59.4,11,5.2,Yes,Mobile,Grocery,No,0,35,0
TXN01534,56,32434.0,103.45,11,5.0,Yes,Mobile,Fuel,No,0,34,0
TXN01535,36,35166.0,121.61,18,56.2,Yes,Mobile,Clothing,No,0,56,0
TXN01536,38,92402.0,243.39,12,15.2,No,Mobile,Healthcare,Yes,0,50,0
TXN01537,33,129363.0,434.83,19,8.7,Yes,Desktop,Healthcare,No,0,26,0
TXN01538,50,65649.0,31.16,12,10.4,No,Mobile,Dining,No,1,69,0
TXN01539,60,90490.0,93.03,11,11.6,No,Desktop,Travel,No,0,48,0
TXN01540,43,49240.0,97.0,18,0.3,Yes,Desktop,Travel,No,0,56,0
TXN01541,39,30126.0,39.13,10,1.0,No,Mobile,Travel,No,0,132,0
TXN01542,38,72444.0,81.4,13,12.6,No,Desktop,Electronics,Yes,0,40,0
TXN01543,18,71059.0,168.97,15,5.4,No,Desktop,Fuel,No,1,77,0
TXN01544,46,56803.0,96.02,14,0.7,Yes,Mobile,Dining,Yes,0,31,0
TXN01545,39,49317.0,34.88,12,4.2,Yes,Desktop,Electronics,No,0,46,1
TXN01546,43,84803.0,1196.02,15,1.7,Yes,Desktop,Electronics,No,0,60,0
TXN01547,30,35295.0,148.48,11,29.8,Yes,Mobile,Healthcare,No,0,36,0
TXN01548,34,38828.0,131.22,9,2.7,Yes,Mobile,Dining,No,0,116,0
TXN01549,33,34942.0,49.86,10,1.9,No,Mobile,Dining,No,0,86,0
TXN01550,49,57144.0,147.83,10,11.8,No,Tablet,Dining,No,0,87,0
TXN01551,34,33710.0,105.23,15,8.9,Yes,Mobile,Dining,No,0,50,0
TXN01552,61,40424.0,26.49,14,10.3,Yes,Mobile,Clothing,No,1,52,0
TXN01553,43,40035.0,50.97,11,6.9,No,Mobile,Dining,No,0,78,0
TXN01554,24,48914.0,226.66,13,7.6,Yes,Mobile,Clothing,Yes,0,69,0
TXN01555,37,28163.0,568.33,17,18.1,Yes,Mobile,Travel,No,0,59,0
TXN01556,31,57201.0,160.97,8,3.0,Yes,Mobile,Clothing,No,0,10,0
TXN01557,18,96411.0,290.02,14,6.1,Yes,Mobile,Clothing,No,0,70,0
TXN01558,56,58458.0,105.94,21,38.0,Yes,Desktop,Dining,No,0,43,0
TXN01559,46,110049.0,111.97,16,2.5,Yes,Tablet,Dining,Yes,0,15,0
TXN01560,44,100247.0,287.23,7,4.2,Yes,Mobile,Fuel,No,1,46,0
TXN01561,40,78047.0,453.83,10,2.6,Yes,Tablet,Travel,No,1,49,0
TXN01562,23,56880.0,339.8,11,0.2,Yes,Mobile,Healthcare,No,0,23,0
TXN01563,33,55560.0,51.13,10,3.8,Yes,Desktop,Electronics,No,0,84,0
TXN01564,47,77559.0,113.74,17,0.6,No,Mobile,Travel,No,0,60,0
TXN01565,26,46112.0,149.83,6,2.0,Yes,Mobile,Grocery,No,1,47,0
TXN01566,18,23575.0,97.49,17,5.4,Yes,Mobile,Dining,No,0,55,0
TXN01567,36,68630.0,163.66,9,0.3,No,Mobile,Electronics,No,0,38,0
TXN01568,36,33061.0,231.35,10,16.8,Yes,Desktop,Grocery,No,0,65,0
TXN01569,39,35672.0,267.67,14,19.1,Yes,Mobile,Clothing,No,1,56,0
TXN01570,46,55006.0,462.29,9,6.4,No,Mobile,Electronics,No,0,44,0
TXN01571,45,52695.0,92.2,12,50.1,Yes,Tablet,Travel,Yes,0,43,0
TXN01572,41,29134.0,40.3,8,13.6,No,Desktop,Healthcare,No,1,58,0
TXN01573,51,59252.0,159.82,12,16.3,No,Mobile,Clothing,No,1,61,0
TXN01574,21,84953.0,541.61,10,2.6,Yes,Mobile,Grocery,No,0,59,0
TXN01575,44,33102.0,81.93,17,21.8,Yes,Desktop,Clothing,No,0,101,0
TXN01576,45,97510.0,207.88,14,34.8,Yes,Mobile,Clothing,No,0,67,0
TXN01577,24,27256.0,209.37,15,3.2,Yes,Desktop,Clothing,No,0,32,0
TXN01578,21,142612.0,139.86,12,13.9,No,Desktop,Dining,No,0,34,0
TXN01579,30,45708.0,120.67,15,16.5,Yes,Mobile,Dining,No,0,105,0
TXN01580,31,58725.0,57.33,14,4.4,Yes,Tablet,Grocery,No,0,120,0
TXN01581,46,23475.0,19.34,8,7.7,Yes,Mobile,Travel,No,0,79,0
TXN01582,31,53483.0,49.3,11,1.2,Yes,Desktop,Healthcare,No,0,45,0
TXN01583,29,60956.0,87.82,12,2.3,Yes,Mobile,Grocery,No,0,54,0
TXN01584,31,52908.0,288.71,14,0.8,Yes,Desktop,Travel,No,0,138,0
TXN01585,50,42689.0,110.5,8,9.9,No,Tablet,Electronics,No,1,27,1
TXN01586,38,35923.0,79.22,12,11.8,Yes,Desktop,Healthcare,No,0,45,0
TXN01587,36,91475.0,58.83,16,29.7,Yes,Desktop,Travel,No,0,41,0
TXN01588,37,55768.0,202.95,19,9.4,Yes,Mobile,Grocery,No,0,42,0
TXN01589,52,110021.0,355.73,11,3.6,Yes,Desktop,Grocery,No,0,49,0
TXN01590,30,43398.0,280.97,11,0.7,Yes,Desktop,Electronics,No,0,63,0
TXN01591,52,45226.0,194.89,13,25.9,Yes,Tablet,Clothing,No,0,73,0
TXN01592,40,79388.0,36.86,8,7.8,Yes,Tablet,Healthcare,No,0,107,1
TXN01593,36,26496.0,90.57,10,16.0,Yes,Mobile,Grocery,No,0,48,0
TXN01594,66,31858.0,569.83,13,0.2,Yes,Mobile,Fuel,No,0,76,0
TXN01595,26,90125.0,294.43,10,8.0,No,Tablet,Clothing,No,0,44,0
TXN01596,34,32459.0,35.08,17,4.7,Yes,Desktop,Healthcare,No,1,60,0
TXN01597,24,24258.0,114.78,17,0.4,No,Mobile,Healthcare,No,0,85,0
TXN01598,48,127507.0,160.45,11,17.9,Yes,Mobile,Grocery,No,0,36,0
TXN01599,57,29374.0,65.22,10,8.6,No,Mobile,Fuel,No,1,56,0
TXN01600,56,59751.0,18.92,17,4.9,Yes,Desktop,Grocery,No,0,39,0
TXN01601,51,56737.0,129.87,9,19.7,Yes,Desktop,Grocery,Yes,0,74,0
TXN01602,36,18000.0,63.9,12,7.1,No,Mobile,Electronics,Yes,0,33,0
TXN01603,34,48766.0,64.1,18,0.2,No,Mobile,Clothing,No,1,27,0
TXN01604,20,67297.0,90.36,10,34.7,No,Desktop,Fuel,No,0,42,0
TXN01605,60,64507.0,107.83,16,3.5,Yes,Tablet,Healthcare,No,0,84,0
TXN01606,43,82592.0,119.13,13,21.3,Yes,Mobile,Electronics,No,0,43,0
TXN01607,33,46199.0,59.16,7,20.3,Yes,Tablet,Fuel,No,0,30,0
TXN01608,53,75790.0,100.62,13,2.1,No,Mobile,Fuel,No,0,49,0
TXN01609,27,40332.0,29.42,13,7.7,No,Tablet,Healthcare,No,0,41,0
TXN01610,42,29155.0,153.9,14,0.5,Yes,Desktop,Healthcare,No,0,73,0
TXN01611,36,30672.0,12.21,12,5.3,No,Tablet,Dining,No,0,34,0
TXN01612,45,28485.0,95.19,10,15.8,Yes,Desktop,Fuel,No,1,47,0
TXN01613,37,86630.0,250.35,10,3.2,Yes,Mobile,Electronics,No,0,78,0
TXN01614,22,27821.0,51.42,11,1.5,Yes,Tablet,Electronics,No,0,61,0
TXN01615,39,62218.0,212.86,8,8.5,Yes,Desktop,Travel,No,0,31,0
TXN01616,50,48797.0,302.5,10,9.2,Yes,Mobile,Clothing,No,0,69,0
TXN01617,38,52517.0,8.51,9,13.5,Yes,Mobile,Clothing,No,0,64,1
TXN01618,47,101591.0,106.31,14,17.1,Yes,Mobile,Clothing,No,0,33,0
TXN01619,26,45152.0,12.02,12,14.3,Yes,Desktop,Grocery,No,0,94,0
TXN01620,38,72425.0,109.17,10,22.4,No,Desktop,Dining,No,0,60,0
TXN01621,31,55938.0,119.31,14,3.0,Yes,Mobile,Grocery,No,0,33,0
TXN01622,46,51363.0,16.47,9,10.1,Yes,Mobile,Electronics,Yes,0,93,0
TXN01623,38,154829.0,559.68,10,5.4,Yes,Mobile,Dining,No,0,54,0
TXN01624,46,28753.0,150.85,13,39.3,No,Mobile,Fuel,No,0,53,0
TXN01625,50,98243.0,60.84,16,7.0,Yes,Mobile,Healthcare,No,0,75,0
TXN01626,46,73900.0,387.53,24,38.5,No,Tablet,Clothing,No,0,63,0
TXN01627,41,44325.0,28.53,16,17.6,Yes,Desktop,Electronics,No,1,54,0
TXN01628,27,114494.0,44.89,17,15.2,Yes,Mobile,Healthcare,No,0,80,0
TXN01629,38,23943.0,19.07,12,8.1,Yes,Desktop,Electronics,No,0,94,0
TXN01630,32,43490.0,506.91,9,7.0,Yes,Mobile,Electronics,No,0,38,0
TXN01631,34,31929.0,156.55,13,9.0,Yes,Mobile,Electronics,No,0,97,0
TXN01632,34,66206.0,203.37,12,4.2,Yes,Tablet,Dining,Yes,1,174,0
TXN01633,27,33330.0,152.67,10,28.2,Yes,Mobile,Healthcare,No,0,37,0
TXN01634,18,66834.0,189.9,13,19.0,Yes,Mobile,Grocery,No,0,28,0
TXN01635,31,50574.0,127.73,12,19.4,No,Desktop,Grocery,No,0,117,0
TXN01636,40,44328.0,149.04,11,6.8,No,Mobile,Clothing,No,0,79,0
TXN01637,23,65511.0,130.79,18,0.9,Yes,Mobile,Fuel,No,0,55,0
TXN01638,38,48738.0,73.75,16,13.8,Yes,Mobile,Electronics,No,0,35,0
TXN01639,59,33698.0,115.61,13,5.6,Yes,Mobile,Healthcare,Yes,0,30,1
TXN01640,49,194018.0,149.36,11,24.5,Yes,Mobile,Healthcare,No,0,52,0
TXN01641,56,44173.0,131.1,15,18.2,No,Tablet,Clothing,No,0,70,0
TXN01642,42,20275.0,36.79,14,1.9,No,Desktop,Electronics,Yes,0,38,0
TXN01643,51,37652.0,40.92,14,11.0,Yes,Tablet,Clothing,No,0,43,0
TXN01644,30,31095.0,285.36,8,14.1,Yes,Desktop,Grocery,No,0,120,0
TXN01645,31,79766.0,93.87,12,10.1,Yes,Desktop,Healthcare,No,0,9,0
TXN01646,18,63566.0,191.57,11,8.7,No,Mobile,Clothing,No,0,69,0
TXN01647,51,65809.0,50.09,15,3.1,Yes,Desktop,Fuel,No,0,53,0
TXN01648,55,46564.0,36.93,17,3.2,No,Mobile,Clothing,No,0,103,0
TXN01649,32,48503.0,61.11,14,17.5,No,Mobile,Travel,No,0,33,0
TXN01650,35,46545.0,100.43,13,0.2,No,Desktop,Dining,No,1,26,0
TXN01651,30,53027.0,70.48,10,18.1,Yes,Desktop,Healthcare,No,1,32,0
TXN01652,42,80097.0,337.86,9,9.0,Yes,Mobile,Healthcare,No,0,50,0
TXN01653,50,63980.0,138.53,11,33.0,Yes,Mobile,Clothing,No,0,18,0
TXN01654,19,68881.0,526.71,12,71.1,No,Mobile,Healthcare,No,0,57,0
TXN01655,43,68864.0,165.84,15,13.1,Yes,Desktop,Clothing,No,0,93,0
TXN01656,35,81886.0,17.42,14,6.4,No,Tablet,Grocery,No,0,53,0
TXN01657,39,62615.0,279.31,16,7.7,No,Desktop,Dining,No,0,37,0
TXN01658,43,64639.0,35.87,15,2.7,No,Desktop,Grocery,No,0,54,0
TXN01659,36,93906.0,144.3,10,1.3,Yes,Mobile,Fuel,No,0,33,0
TXN01660,37,40775.0,64.57,12,10.4,Yes,Mobile,Electronics,No,0,76,0
TXN01661,36,37422.0,666.25,20,19.6,Yes,Desktop,Travel,No,0,49,0
TXN01662,49,32255.0,379.62,11,3.6,Yes,Mobile,Dining,No,0,77,0
TXN01663,43,59719.0,66.29,13,6.5,No,Mobile,Travel,No,2,63,0
TXN01664,40,23883.0,108.38,8,9.7,No,Desktop,Electronics,No,0,122,0
TXN01665,24,67715.0,145.94,13,28.6,Yes,Tablet,Grocery,No,0,79,1
TXN01666,34,52363.0,239.42,11,1.8,Yes,Mobile,Fuel,No,0,32,0
TXN01667,48,91645.0,122.83,12,3.2,Yes,Tablet,Electronics,No,0,46,0
TXN01668,38,40649.0,52.86,14,30.1,Yes,Mobile,Travel,No,0,34,0
TXN01669,45,50191.0,67.59,20,0.5,Yes,Mobile,Healthcare,No,0,18,0
TXN01670,57,91133.0,119.57,13,12.8,Yes,Mobile,Travel,No,0,48,0
TXN01671,49,102488.0,322.16,17,12.2,No,Desktop,Travel,No,0,53,0
TXN01672,39,40498.0,168.98,10,5.8,No,Mobile,Grocery,No,1,25,0
TXN01673,32,59688.0,64.64,14,7.6,Yes,Desktop,Healthcare,No,1,75,0
TXN01674,18,62792.0,201.58,21,23.2,No,Mobile,Clothing,Yes,0,105,0
TXN01675,36,65071.0,88.05,13,2.2,Yes,Mobile,Travel,No,0,63,0
TXN01676,34,48871.0,244.65,6,3.2,No,Mobile,Grocery,No,0,97,0
TXN01677,42,97901.0,906.06,11,8.6,Yes,Mobile,Healthcare,No,1,38,0
TXN01678,36,23499.0,90.06,10,6.3,Yes,Mobile,Travel,No,0,58,0
TXN01679,34,45505.0,227.87,11,10.3,Yes,Mobile,Dining,No,0,64,0
TXN01680,18,67283.0,66.1,14,30.4,Yes,Desktop,Clothing,No,0,58,0
TXN01681,28,67565.0,109.69,15,29.9,No,Desktop,Healthcare,No,0,15,0
TXN01682,43,101096.0,122.87,11,3.1,No,Mobile,Healthcare,No,0,37,1
TXN01683,57,94305.0,102.78,10,4.3,No,Mobile,Dining,No,1,29,0
TXN01684,37,48368.0,860.83,18,2.1,No,Mobile,Clothing,No,0,52,0
TXN01685,42,98719.0,93.9,7,31.5,Yes,Mobile,Electronics,Yes,0,25,0
TXN01686,48,39886.0,191.9,9,6.1,Yes,Desktop,Electronics,No,0,57,0
TXN01687,29,83616.0,25.62,12,7.2,No,Mobile,Clothing,No,0,42,0
TXN01688,42,124222.0,169.54,11,19.5,Yes,Tablet,Fuel,No,1,51,0
TXN01689,30,95017.0,299.21,12,8.6,Yes,Tablet,Travel,No,0,51,0
TXN01690,48,57681.0,78.68,19,1.5,No,Mobile,Travel,No,0,33,0
TXN01691,40,47372.0,16.11,10,6.9,Yes,Desktop,Grocery,No,0,64,0
TXN01692,41,27646.0,116.35,17,11.9,Yes,Mobile,Clothing,No,0,102,0
TXN01693,29,63249.0,121.66,10,15.2,Yes,Mobile,Healthcare,No,1,60,0
TXN01694,46,33298.0,214.17,11,12.4,Yes,Tablet,Electronics,No,0,29,0
TXN01695,61,38491.0,599.57,11,1.5,No,Desktop,Clothing,No,1,70,0
TXN01696,27,32185.0,88.54,17,4.4,No,Mobile,Dining,Yes,0,37,0
TXN01697,34,44708.0,60.49,11,15.9,Yes,Desktop,Grocery,No,0,87,0
TXN01698,41,54312.0,47.18,14,25.5,No,Desktop,Dining,No,0,68,0
TXN01699,47,62207.0,140.61,11,0.6,No,Desktop,Grocery,No,0,53,1
TXN01700,32,41976.0,176.09,12,0.5,Yes,Mobile,Electronics,No,0,51,0
TXN01701,18,88989.0,77.55,9,12.4,No,Desktop,Travel,No,0,59,1
TXN01702,53,50081.0,223.73,12,9.5,Yes,Desktop,Clothing,No,0,26,0
TXN01703,46,38585.0,174.13,8,2.0,No,Desktop,Travel,No,0,33,0
TXN01704,19,60896.0,124.22,12,9.5,No,Mobile,Electronics,No,0,48,0
TXN01705,31,133078.0,58.3,15,44.0,Yes,Mobile,Clothing,No,0,61,0
TXN01706,55,63953.0,81.61,20,12.0,No,Mobile,Healthcare,No,1,90,0
TXN01707,54,46714.0,17.18,13,7.2,No,Mobile,Dining,No,0,68,0
TXN01708,48,27660.0,144.91,12,21.1,Yes,Desktop,Fuel,No,0,56,0
TXN01709,36,49829.0,122.56,14,2.9,Yes,Desktop,Fuel,No,0,18,0
TXN01710,39,61133.0,139.53,12,6.4,Yes,Mobile,Electronics,No,0,92,0
TXN01711,37,46197.0,179.64,7,9.0,Yes,Desktop,Healthcare,No,0,41,0
TXN01712,50,25995.0,163.39,14,8.4,Yes,Desktop,Grocery,No,0,79,0
TXN01713,28,37509.0,109.86,12,30.5,Yes,Mobile,Travel,Yes,0,90,0
TXN01714,29,105834.0,124.76,7,4.2,Yes,Mobile,Dining,No,0,69,0
TXN01715,49,104861.0,39.02,18,0.7,Yes,Mobile,Fuel,No,0,89,0
TXN01716,38,36905.0,75.23,17,29.8,No,Mobile,Travel,No,1,57,1
TXN01717,53,74446.0,124.94,13,2.9,No,Mobile,Electronics,No,0,25,0
TXN01718,31,32362.0,66.61,15,5.7,No,Mobile,Travel,No,0,49,0
TXN01719,37,103469.0,238.8,12,9.1,Yes,Desktop,Clothing,No,0,46,1
TXN01720,28,61417.0,70.85,13,44.7,No,Mobile,Fuel,No,0,102,0
TXN01721,38,84324.0,142.67,14,9.2,No,Mobile,Healthcare,No,0,110,0
TXN01722,22,25420.0,131.73,9,7.1,No,Tablet,Dining,No,0,60,0
TXN01723,33,74610.0,218.0,16,10.5,No,Desktop,Grocery,No,0,48,0
TXN01724,22,54810.0,246.69,9,42.4,No,Desktop,Grocery,No,0,52,0
TXN01725,46,80697.0,209.08,14,20.4,Yes,Mobile,Clothing,No,1,71,0
TXN01726,46,83015.0,22.26,19,2.2,Yes,Desktop,Healthcare,No,0,45,0
TXN01727,19,56653.0,311.94,15,19.5,Yes,Mobile,Clothing,No,1,127,0
TXN01728,53,41970.0,407.21,12,22.1,Yes,Desktop,Travel,Yes,1,16,1
TXN01729,65,78116.0,81.6,10,14.1,No,Mobile,Grocery,No,0,31,0
TXN01730,39,53531.0,145.01,9,12.8,Yes,Mobile,Fuel,No,0,61,0
TXN01731,31,37136.0,58.84,13,7.0,No,Tablet,Healthcare,No,0,55,0
TXN01732,69,36353.0,25.25,10,12.3,No,Mobile,Dining,No,0,29,0
TXN01733,23,28293.0,66.45,10,16.1,Yes,Mobile,Grocery,No,1,78,0
TXN01734,38,43715.0,77.9,13,1.6,Yes,Mobile,Grocery,No,0,60,0
TXN01735,40,90337.0,90.34,21,3.6,Yes,Mobile,Electronics,No,0,73,0
TXN01736,53,59582.0,55.72,9,2.6,No,Mobile,Grocery,No,1,38,0
TXN01737,42,43334.0,66.74,10,22.1,No,Desktop,Grocery,No,0,75,0
TXN01738,33,79006.0,118.95,11,13.7,No,Mobile,Fuel,No,0,90,0
TXN01739,28,37815.0,64.8,15,7.2,Yes,Mobile,Healthcare,Yes,1,61,0
TXN01740,34,57411.0,185.36,15,21.0,Yes,Desktop,Grocery,No,0,29,0
TXN01741,27,50729.0,207.02,8,15.1,Yes,Desktop,Electronics,No,0,89,0
TXN01742,39,78096.0,805.77,9,29.4,Yes,Tablet,Electronics,No,0,30,0
TXN01743,32,27047.0,295.31,13,1.0,No,Mobile,Clothing,No,0,25,0
TXN01744,22,37515.0,145.76,16,8.5,Yes,Mobile,Electronics,No,0,82,0
TXN01745,52,26315.0,73.06,6,14.7,Yes,Mobile,Grocery,No,0,20,0
TXN01746,33,48936.0,151.79,14,2.8,Yes,Tablet,Clothing,No,0,21,0
TXN01747,24,94867.0,155.83,13,4.8,Yes,Mobile,Travel,No,0,139,0
TXN01748,36,43811.0,79.59,12,6.5,Yes,Desktop,Travel,No,0,62,0
TXN01749,39,43708.0,224.63,20,19.0,Yes,Tablet,Fuel,Yes,0,28,0
TXN01750,19,81419.0,39.21,6,8.2,Yes,Mobile,Healthcare,No,0,45,0
TXN01751,42,88959.0,98.69,17,8.1,No,Mobile,Travel,No,0,90,0
TXN01752,26,52851.0,187.2,17,6.8,Yes,Mobile,Fuel,No,1,67,0
TXN01753,57,74848.0,95.34,9,3.1,No,Mobile,Fuel,No,0,14,0
TXN01754,44,33876.0,101.71,14,30.8,No,Desktop,Clothing,No,2,114,0
TXN01755,34,102250.0,107.48,14,4.6,No,Mobile,Electronics,No,0,49,1
TXN01756,30,144640.0,61.5,14,10.1,Yes,Desktop,Dining,Yes,0,45,0
TXN01757,37,69538.0,306.93,9,1.9,No,Mobile,Fuel,No,0,37,0
TXN01758,45,21529.0,53.15,17,6.8,No,Mobile,Healthcare,No,0,36,0
TXN01759,38,42783.0,154.78,14,28.1,Yes,Mobile,Grocery,Yes,1,76,0
TXN01760,36,72465.0,167.07,12,64.8,No,Mobile,Electronics,No,0,75,0
TXN01761,39,45498.0,56.18,14,5.4,Yes,Mobile,Grocery,No,0,60,0
TXN01762,31,97497.0,127.23,14,2.0,No,Desktop,Grocery,No,0,21,0
TXN01763,34,71665.0,57.96,14,4.5,Yes,Desktop,Travel,No,0,63,0
TXN01764,18,40022.0,365.16,15,4.8,No,Tablet,Grocery,No,0,51,0
TXN01765,49,55804.0,48.25,14,12.4,Yes,Tablet,Clothing,No,0,21,0
TXN01766,41,36786.0,71.12,11,8.2,Yes,Mobile,Fuel,No,0,67,0
TXN01767,29,50662.0,45.07,13,17.6,Yes,Desktop,Healthcare,No,0,121,0
TXN01768,59,42853.0,40.5,7,14.5,Yes,Mobile,Grocery,No,0,142,0
TXN01769,39,93315.0,428.57,17,3.5,Yes,Desktop,Healthcare,No,0,119,0
TXN01770,27,142528.0,185.25,15,18.4,Yes,Mobile,Grocery,No,1,49,0
TXN01771,47,28884.0,134.25,7,22.6,Yes,Mobile,Travel,No,0,18,0
TXN01772,42,23147.0,70.97,10,10.9,Yes,Desktop,Grocery,No,0,39,0
TXN01773,42,49255.0,248.04,14,31.5,Yes,Mobile,Fuel,No,0,31,0
TXN01774,33,27772.0,62.06,13,18.3,Yes,Mobile,Fuel,No,0,97,0
TXN01775,43,56156.0,226.42,10,10.9,Yes,Mobile,Grocery,No,0,90,0
TXN01776,35,77042.0,59.71,9,28.4,Yes,Desktop,Fuel,No,0,41,0
TXN01777,44,107737.0,71.66,12,11.0,Yes,Mobile,Clothing,No,0,44,0
TXN01778,18,60217.0,220.11,13,8.8,Yes,Mobile,Clothing,No,0,42,0
TXN01779,33,50421.0,239.5,16,5.3,Yes,Tablet,Fuel,No,0,32,0
TXN01780,57,22580.0,193.54,16,25.7,Yes,Mobile,Travel,No,0,99,0
TXN01781,30,55652.0,51.82,14,1.6,Yes,Tablet,Healthcare,No,0,45,0
TXN01782,31,56793.0,83.94,18,7.7,Yes,Tablet,Electronics,No,0,45,0
TXN01783,33,73322.0,136.05,14,9.3,Yes,Mobile,Clothing,No,1,44,0
TXN01784,25,39985.0,60.83,12,9.7,Yes,Desktop,Electronics,No,0,68,0
TXN01785,18,45221.0,359.34,16,12.7,Yes,Tablet,Dining,No,0,64,0
TXN01786,35,28282.0,17.57,17,8.5,No,Mobile,Healthcare,No,0,72,0
TXN01787,39,19614.0,64.36,14,3.6,No,Mobile,Electronics,No,0,22,0
TXN01788,37,33398.0,79.83,17,23.3,No,Desktop,Clothing,No,0,90,0
TXN01789,36,27131.0,12.33,16,12.9,Yes,Mobile,Clothing,No,0,98,0
TXN01790,38,63998.0,39.27,17,23.4,Yes,Mobile,Grocery,Yes,0,69,0
TXN01791,49,43561.0,197.89,16,3.9,No,Desktop,Fuel,No,0,58,0
TXN01792,36,43169.0,122.94,14,12.2,Yes,Mobile,Electronics,No,0,32,0
TXN01793,32,35316.0,422.42,14,15.0,Yes,Desktop,Travel,No,0,51,0
TXN01794,35,18000.0,413.09,10,5.8,Yes,Mobile,Dining,No,0,45,0
TXN01795,44,108427.0,169.68,8,20.1,Yes,Desktop,Grocery,No,0,38,0
TXN01796,54,35065.0,154.17,18,0.2,Yes,Mobile,Electronics,No,0,25,0
TXN01797,31,45684.0,126.5,13,10.8,No,Mobile,Fuel,No,0,25,0
TXN01798,39,28578.0,14.35,10,11.4,No,Mobile,Travel,No,0,60,0
TXN01799,42,85174.0,39.32,7,9.2,Yes,Mobile,Clothing,No,0,110,0
TXN01800,27,58667.0,130.06,16,11.9,No,Mobile,Electronics,No,0,96,0
TXN01801,38,37920.0,196.43,13,2.2,Yes,Mobile,Fuel,No,0,35,0
TXN01802,22,46101.0,151.29,21,13.9,Yes,Tablet,Electronics,No,0,35,0
TXN01803,19,117040.0,58.76,13,4.9,No,Mobile,Grocery,No,1,124,0
TXN01804,42,53223.0,254.02,12,7.2,Yes,Mobile,Dining,Yes,0,96,0
TXN01805,34,50681.0,392.86,15,4.9,Yes,Mobile,Healthcare,No,0,44,0
TXN01806,40,36007.0,254.14,13,7.7,Yes,Tablet,Fuel,No,1,84,0
TXN01807,38,23448.0,264.85,12,11.7,Yes,Desktop,Dining,No,0,54,0
TXN01808,27,51178.0,76.72,11,21.9,Yes,Desktop,Dining,No,0,97,0
TXN01809,38,63676.0,283.79,8,7.9,No,Mobile,Clothing,No,0,62,0
TXN01810,24,90211.0,134.84,13,4.7,No,Mobile,Healthcare,No,0,58,0
TXN01811,53,19996.0,180.68,10,8.0,Yes,Mobile,Travel,No,0,74,0
TXN01812,23,33150.0,160.75,17,14.0,Yes,Desktop,Healthcare,No,0,45,0
TXN01813,36,42351.0,108.89,10,5.1,No,Mobile,Fuel,No,0,30,0
TXN01814,27,54914.0,60.31,17,6.4,No,Desktop,Travel,No,0,170,0
TXN01815,44,51525.0,112.37,15,9.9,Yes,Mobile,Clothing,No,0,34,0
TXN01816,34,52069.0,264.25,15,4.2,Yes,Mobile,Healthcare,No,0,11,1
TXN01817,32,66087.0,84.29,5,2.8,Yes,Mobile,Dining,No,0,147,0
TXN01818,47,36629.0,245.22,8,1.8,Yes,Mobile,Healthcare,No,0,67,0
TXN01819,38,83738.0,216.4,11,5.2,No,Mobile,Grocery,No,0,57,0
TXN01820,44,66846.0,94.48,13,0.6,Yes,Mobile,Grocery,No,0,28,0
TXN01821,27,47627.0,364.5,15,10.5,No,Mobile,Electronics,No,0,55,0
TXN01822,23,113040.0,90.29,11,2.3,Yes,Desktop,Electronics,No,0,59,0
TXN01823,39,110799.0,401.47,16,5.7,Yes,Mobile,Fuel,No,0,69,0
TXN01824,34,83691.0,169.83,9,3.8,Yes,Mobile,Healthcare,No,0,64,0
TXN01825,45,18000.0,118.49,11,11.9,Yes,Mobile,Grocery,No,0,35,0
TXN01826,37,111928.0,58.98,9,22.8,Yes,Mobile,Dining,Yes,0,46,0
TXN01827,40,78647.0,111.82,12,12.0,Yes,Mobile,Grocery,No,0,64,0
TXN01828,20,135669.0,101.95,9,9.4,No,Mobile,Fuel,No,0,43,1
TXN01829,59,95985.0,43.85,14,13.3,Yes,Mobile,Electronics,No,0,21,0
TXN01830,36,111898.0,100.83,9,0.4,Yes,Mobile,Clothing,No,0,70,0
TXN01831,46,81673.0,63.08,14,1.6,Yes,Desktop,Electronics,Yes,0,54,1
TXN01832,29,100912.0,191.77,10,1.2,Yes,Mobile,Clothing,No,0,75,0
TXN01833,41,134921.0,341.22,10,1.2,Yes,Mobile,Travel,No,1,75,0
TXN01834,24,60630.0,44.97,13,3.6,Yes,Mobile,Clothing,No,0,87,0
TXN01835,43,27108.0,472.17,16,9.1,Yes,Mobile,Electronics,No,0,51,0
TXN01836,34,47893.0,108.27,18,1.5,No,Mobile,Healthcare,Yes,0,76,0
TXN01837,38,65550.0,55.01,11,32.8,Yes,Mobile,Dining,No,0,63,0
TXN01838,46,56885.0,220.01,11,23.1,Yes,Mobile,Healthcare,No,1,91,0
TXN01839,24,31387.0,83.96,14,42.8,Yes,Desktop,Fuel,No,0,22,0
TXN01840,30,26400.0,112.4,19,0.5,Yes,Mobile,Healthcare,No,0,98,0
TXN01841,43,39402.0,86.84,11,22.9,Yes,Desktop,Healthcare,No,0,66,0
TXN01842,61,79108.0,62.43,14,19.5,Yes,Desktop,Electronics,No,0,79,0
TXN01843,36,111999.0,214.15,14,27.9,Yes,Desktop,Electronics,No,0,52,0
TXN01844,45,83079.0,95.44,12,9.0,Yes,Tablet,Clothing,No,0,54,0
TXN01845,37,88515.0,38.02,11,18.6,No,Mobile,Dining,Yes,0,64,0
TXN01846,59,53036.0,186.48,15,0.6,No,Mobile,Electronics,No,0,57,0
TXN01847,19,25113.0,45.74,14,0.9,Yes,Desktop,Healthcare,No,0,57,0
TXN01848,39,44812.0,47.7,12,1.5,Yes,Mobile,Dining,No,0,61,0
TXN01849,20,48954.0,311.56,16,29.6,Yes,Tablet,Electronics,No,0,53,0
TXN01850,18,43977.0,46.08,18,0.8,Yes,Mobile,Dining,No,0,76,0
TXN01851,41,56370.0,18.81,15,1.3,No,Mobile,Electronics,No,0,36,0
TXN01852,40,67086.0,197.51,11,32.0,No,Desktop,Fuel,No,0,49,0
TXN01853,35,80736.0,94.1,11,1.4,Yes,Mobile,Travel,No,0,37,0
TXN01854,37,48530.0,100.82,12,24.5,Yes,Mobile,Travel,No,0,33,0
TXN01855,72,23351.0,93.31,10,18.7,Yes,Tablet,Healthcare,No,0,83,0
TXN01856,35,44258.0,144.43,11,0.5,No,Mobile,Grocery,No,1,54,0
TXN01857,44,56093.0,65.71,8,0.3,Yes,Mobile,Travel,No,0,46,0
TXN01858,31,95354.0,390.87,16,9.2,No,Mobile,Healthcare,Yes,0,92,0
TXN01859,41,42599.0,36.84,9,70.4,No,Mobile,Dining,No,0,65,0
TXN01860,35,69268.0,171.3,15,25.3,No,Mobile,Dining,No,0,59,0
TXN01861,33,62669.0,200.58,11,4.5,Yes,Mobile,Clothing,No,0,30,0
TXN01862,58,56097.0,65.35,13,5.9,Yes,Mobile,Travel,No,1,77,0
TXN01863,51,83602.0,52.91,11,5.9,No,Tablet,Clothing,No,1,83,0
TXN01864,40,40852.0,270.76,15,15.9,No,Desktop,Dining,No,0,56,0
TXN01865,18,42457.0,54.32,19,5.0,Yes,Desktop,Fuel,No,0,68,1
TXN01866,34,54706.0,73.86,10,1.9,No,Mobile,Dining,No,0,56,0
TXN01867,68,41234.0,244.04,14,16.5,No,Mobile,Clothing,No,0,42,0
TXN01868,35,69127.0,123.38,11,7.4,Yes,Desktop,Fuel,No,0,55,0
TXN01869,50,39901.0,28.5,11,1.0,Yes,Desktop,Fuel,No,0,40,0
TXN01870,54,60896.0,485.48,15,18.7,Yes,Mobile,Fuel,No,0,35,0
TXN01871,40,52576.0,78.53,12,10.6,No,Mobile,Electronics,Yes,0,37,0
TXN01872,29,60585.0,86.95,11,8.1,No,Mobile,Grocery,No,0,73,0
TXN01873,18,44721.0,147.25,10,13.4,Yes,Mobile,Clothing,No,0,49,0
TXN01874,46,47217.0,197.86,13,8.4,Yes,Desktop,Dining,No,1,35,0
TXN01875,29,57428.0,576.15,12,12.5,Yes,Mobile,Electronics,No,0,93,0
TXN01876,40,60236.0,31.8,18,24.3,Yes,Mobile,Clothing,No,0,68,0
TXN01877,24,54896.0,232.35,14,11.4,Yes,Desktop,Grocery,No,0,54,0
TXN01878,35,118480.0,217.43,15,12.9,No,Mobile,Electronics,No,1,19,0
TXN01879,38,35216.0,107.53,13,11.4,No,Desktop,Dining,No,0,81,0
TXN01880,41,53434.0,225.27,12,9.1,Yes,Tablet,Clothing,No,0,53,0
TXN01881,26,27091.0,253.39,12,2.3,Yes,Mobile,Fuel,No,1,40,0
TXN01882,51,65025.0,39.72,16,4.9,Yes,Desktop,Electronics,No,0,113,0
TXN01883,31,33297.0,486.53,19,14.2,Yes,Mobile,Grocery,No,0,49,0
TXN01884,20,48526.0,34.48,18,6.7,No,Mobile,Grocery,No,0,57,0
TXN01885,37,46521.0,48.39,12,6.3,Yes,Desktop,Grocery,No,0,41,0
TXN01886,38,62411.0,97.33,14,17.1,Yes,Desktop,Clothing,No,0,52,0
TXN01887,40,42887.0,559.72,15,0.2,Yes,Desktop,Electronics,Yes,0,78,0
TXN01888,53,42075.0,93.77,10,13.6,Yes,Desktop,Healthcare,No,0,35,0
TXN01889,35,104948.0,116.97,10,8.1,No,Mobile,Healthcare,No,1,35,0
TXN01890,37,62514.0,377.34,12,5.7,Yes,Desktop,Healthcare,No,0,115,1
TXN01891,26,42728.0,94.37,13,5.0,Yes,Desktop,Grocery,No,0,26,0
TXN01892,47,49129.0,46.75,15,2.3,No,Mobile,Travel,No,0,62,0
TXN01893,40,115324.0,85.94,12,4.9,Yes,Tablet,Clothing,No,0,21,0
TXN01894,33,49477.0,359.29,11,6.0,Yes,Mobile,Grocery,No,0,68,0
TXN01895,18,40333.0,127.0,12,6.9,Yes,Desktop,Grocery,No,0,80,0
TXN01896,54,40410.0,562.29,10,13.4,No,Desktop,Electronics,No,1,22,0
TXN01897,24,42958.0,216.55,12,7.3,No,Mobile,Healthcare,No,0,72,0
TXN01898,31,42090.0,71.64,13,19.1,Yes,Mobile,Healthcare,No,0,49,0
TXN01899,42,30923.0,125.0,13,12.3,No,Mobile,Dining,No,0,93,0
TXN01900,25,33163.0,60.64,19,2.5,Yes,Mobile,Electronics,No,0,84,0
TXN01901,22,37869.0,70.3,9,3.9,Yes,Mobile,Electronics,No,1,83,0
TXN01902,18,71775.0,4318.91,14,1.0,No,Mobile,Travel,No,0,81,0
TXN01903,46,46329.0,271.07,15,35.0,Yes,Mobile,Dining,No,0,63,0
TXN01904,32,50104.0,238.98,13,26.1,No,Mobile,Electronics,No,0,22,0
TXN01905,70,97405.0,72.89,13,1.1,Yes,Mobile,Travel,No,0,17,0
TXN01906,27,98503.0,421.22,8,10.2,Yes,Mobile,Electronics,No,0,57,0
TXN01907,28,48442.0,289.17,15,38.7,Yes,Desktop,Travel,No,1,108,0
TXN01908,32,41407.0,540.66,13,16.5,Yes,Desktop,Clothing,No,0,87,0
TXN01909,41,37276.0,520.08,14,8.1,Yes,Mobile,Fuel,No,0,30,0
TXN01910,33,75120.0,36.75,8,3.3,Yes,Mobile,Grocery,No,0,72,0
TXN01911,45,50160.0,49.38,14,3.9,No,Tablet,Grocery,No,0,36,0
TXN01912,27,46220.0,53.76,13,16.0,Yes,Mobile,Electronics,No,0,62,0
TXN01913,23,38137.0,56.39,14,18.2,Yes,Desktop,Healthcare,Yes,1,51,1
TXN01914,18,38900.0,155.44,18,9.0,Yes,Mobile,Travel,No,0,36,0
TXN01915,18,63520.0,76.25,8,1.5,Yes,Mobile,Healthcare,No,1,36,0
TXN01916,32,30429.0,629.91,15,32.6,No,Desktop,Fuel,No,1,29,0
TXN01917,35,86058.0,550.73,11,22.4,Yes,Tablet,Grocery,No,0,53,0
TXN01918,31,43255.0,119.38,9,1.8,No,Tablet,Healthcare,No,0,59,0
TXN01919,52,51418.0,573.5,14,0.7,No,Desktop,Electronics,Yes,1,54,0
TXN01920,52,30135.0,394.65,7,9.2,Yes,Mobile,Clothing,No,0,48,0
TXN01921,34,54695.0,83.67,13,4.0,No,Mobile,Healthcare,No,1,89,0
TXN01922,18,47446.0,24.05,10,4.0,No,Mobile,Healthcare,Yes,0,41,0
TXN01923,32,53774.0,100.8,8,1.1,No,Mobile,Electronics,No,0,77,0
TXN01924,31,106655.0,71.65,15,36.8,Yes,Tablet,Travel,No,0,33,0
TXN01925,31,59579.0,141.56,10,21.3,Yes,Mobile,Dining,No,0,76,0
TXN01926,30,38465.0,128.88,9,1.5,Yes,Mobile,Clothing,No,0,41,0
TXN01927,31,39934.0,126.2,11,25.1,Yes,Mobile,Electronics,No,0,46,0
TXN01928,34,71890.0,182.44,13,13.8,No,Mobile,Fuel,No,0,90,0
TXN01929,31,98666.0,45.49,13,4.7,No,Mobile,Fuel,No,1,47,0
TXN01930,40,62439.0,166.76,11,24.6,Yes,Mobile,Dining,No,0,34,0
TXN01931,42,74982.0,84.42,7,10.9,No,Mobile,Fuel,No,0,44,0
TXN01932,28,72364.0,140.82,14,22.7,No,Desktop,Travel,No,0,39,0
TXN01933,52,104158.0,258.12,14,7.6,Yes,Mobile,Electronics,Yes,0,41,0
TXN01934,27,22874.0,45.06,10,8.3,No,Mobile,Travel,No,0,51,0
TXN01935,20,74261.0,95.82,16,4.1,Yes,Desktop,Healthcare,No,0,52,0
TXN01936,42,85628.0,109.14,10,5.9,Yes,Desktop,Dining,Yes,0,39,0
TXN01937,29,30112.0,79.53,16,10.1,No,Mobile,Dining,Yes,0,77,0
TXN01938,42,36921.0,246.5,11,35.3,No,Mobile,Travel,Yes,0,28,0
TXN01939,18,37505.0,67.44,15,11.0,No,Desktop,Clothing,No,0,80,0
TXN01940,53,39622.0,76.95,13,1.9,Yes,Mobile,Grocery,No,0,32,0
TXN01941,45,44281.0,68.0,13,0.2,No,Mobile,Dining,No,0,56,0
TXN01942,21,61344.0,287.48,13,22.8,Yes,Mobile,Electronics,No,0,47,0
TXN01943,22,81198.0,80.93,12,5.4,Yes,Desktop,Clothing,No,0,58,0
TXN01944,56,89472.0,173.39,16,4.5,Yes,Desktop,Dining,No,0,44,0
TXN01945,30,37725.0,582.92,8,19.4,Yes,Tablet,Travel,No,0,57,0
TXN01946,29,37608.0,113.03,11,34.9,Yes,Mobile,Travel,No,0,16,0
TXN01947,18,99430.0,292.11,14,16.5,No,Mobile,Fuel,No,0,85,0
TXN01948,34,73580.0,456.95,9,2.3,Yes,Desktop,Clothing,No,1,80,0
TXN01949,35,57090.0,272.94,16,6.0,No,Mobile,Grocery,No,0,28,0
TXN01950,46,68056.0,118.4,14,17.1,Yes,Mobile,Travel,No,0,84,0
TXN01951,23,54267.0,200.57,11,28.5,Yes,Mobile,Healthcare,No,0,105,0
TXN01952,21,69644.0,42.84,12,78.9,Yes,Mobile,Fuel,No,0,61,0
TXN01953,43,47281.0,64.29,12,8.6,No,Desktop,Fuel,No,0,55,0
TXN01954,49,62072.0,73.98,12,20.7,No,Mobile,Electronics,No,1,86,0
TXN01955,21,27871.0,720.53,14,0.6,Yes,Mobile,Fuel,No,0,52,1
TXN01956,50,40360.0,62.64,16,4.0,Yes,Desktop,Grocery,No,0,49,0
TXN01957,38,40556.0,61.9,13,5.6,No,Desktop,Electronics,No,0,51,0
TXN01958,50,46472.0,52.06,14,44.5,Yes,Tablet,Travel,No,0,68,0
TXN01959,37,36249.0,187.79,8,0.2,Yes,Desktop,Clothing,No,0,64,0
TXN01960,18,43260.0,134.5,12,4.4,Yes,Mobile,Healthcare,Yes,0,52,0
TXN01961,36,27823.0,286.26,17,32.0,Yes,Desktop,Travel,No,1,40,0
TXN01962,50,70404.0,205.31,9,4.4,Yes,Mobile,Fuel,No,1,72,0
TXN01963,28,52995.0,39.77,18,3.1,Yes,Mobile,Dining,No,0,79,0
TXN01964,34,25533.0,62.91,11,15.7,Yes,Mobile,Grocery,Yes,0,31,0
TXN01965,36,37775.0,357.72,12,16.4,Yes,Mobile,Grocery,No,0,49,0
TXN01966,18,63995.0,101.99,9,7.7,Yes,Desktop,Fuel,No,0,60,0
TXN01967,56,43076.0,310.31,21,35.2,No,Desktop,Grocery,No,0,113,0
TXN01968,28,40194.0,106.46,9,2.7,Yes,Desktop,Healthcare,No,0,68,0
TXN01969,44,53184.0,55.33,17,29.4,Yes,Tablet,Electronics,No,0,82,0
TXN01970,37,64197.0,94.15,17,16.9,Yes,Mobile,Fuel,No,0,21,0
TXN01971,52,28817.0,55.32,14,5.5,Yes,Mobile,Dining,No,0,78,0
TXN01972,42,70449.0,76.33,12,19.7,Yes,Desktop,Travel,No,0,78,0
TXN01973,35,38367.0,140.93,11,1.7,Yes,Desktop,Grocery,No,0,67,0
TXN01974,28,54558.0,180.69,9,1.7,No,Tablet,Clothing,No,0,110,0
TXN01975,47,54130.0,33.63,11,31.9,No,Mobile,Travel,No,0,72,0
TXN01976,18,43387.0,118.34,16,1.2,No,Desktop,Dining,No,0,31,0
TXN01977,45,34698.0,75.05,8,0.2,Yes,Desktop,Dining,No,0,18,0
TXN01978,26,48365.0,71.43,17,5.9,Yes,Mobile,Electronics,No,0,92,0
TXN01979,52,114289.0,133.44,12,1.3,Yes,Desktop,Dining,No,0,66,0
TXN01980,40,29802.0,77.26,10,23.9,No,Mobile,Dining,No,0,23,0
TXN01981,45,117787.0,362.56,10,30.7,Yes,Mobile,Grocery,No,0,44,0
TXN01982,39,48933.0,310.42,17,7.9,No,Desktop,Travel,No,0,26,0
TXN01983,19,55882.0,308.88,17,6.7,Yes,Desktop,Clothing,No,0,63,0
TXN01984,29,33727.0,80.77,12,9.3,Yes,Mobile,Grocery,No,0,33,0
TXN01985,45,38872.0,55.56,17,3.1,Yes,Desktop,Grocery,No,0,41,0
TXN01986,40,43861.0,128.14,13,4.2,Yes,Mobile,Healthcare,No,0,26,0
TXN01987,51,34356.0,106.4,18,1.3,Yes,Mobile,Fuel,No,0,25,0
TXN01988,42,50065.0,73.73,12,7.1,Yes,Mobile,Clothing,No,0,38,0
TXN01989,27,45795.0,46.85,11,11.4,Yes,Desktop,Fuel,No,0,50,0
TXN01990,29,126493.0,116.08,7,31.9,No,Tablet,Electronics,No,0,41,0
TXN01991,39,32546.0,86.85,20,16.1,Yes,Mobile,Clothing,No,0,71,0
TXN01992,18,57601.0,208.13,15,15.4,Yes,Tablet,Electronics,Yes,0,77,0
TXN01993,56,61489.0,204.3,11,4.4,Yes,Desktop,Dining,No,0,34,0
TXN01994,43,33977.0,289.49,11,26.3,No,Mobile,Electronics,No,0,41,0
TXN01995,51,74919.0,43.82,11,35.2,Yes,Desktop,Healthcare,No,0,36,0
TXN01996,21,45974.0,165.4,14,32.3,No,Desktop,Electronics,No,1,82,0
TXN01997,52,18000.0,67.06,10,0.5,Yes,Mobile,Dining,No,0,72,0
TXN01998,63,74015.0,45.2,8,11.1,No,Mobile,Travel,No,0,40,0
TXN01999,23,33272.0,85.17,14,12.4,Yes,Mobile,Healthcare,No,0,60,0
TXN02000,46,34324.0,282.15,13,4.2,Yes,Tablet,Dining,No,0,47,0
TXN02001,38,74955.0,89.09,6,58.6,No,Tablet,Dining,No,0,44,0
TXN02002,21,47045.0,419.83,13,4.1,No,Mobile,Travel,No,0,69,0
TXN02003,43,83124.0,186.16,14,2.9,No,Tablet,Dining,No,0,97,0
TXN02004,47,94813.0,87.55,14,7.9,Yes,Mobile,Fuel,No,1,35,0
TXN02005,31,41146.0,303.55,13,4.7,Yes,Mobile,Electronics,No,1,42,0
TXN02006,51,78594.0,171.37,11,30.9,Yes,Desktop,Dining,No,0,66,0
TXN02007,20,39149.0,56.91,18,7.0,Yes,Mobile,Grocery,No,0,17,0
TXN02008,22,150240.0,530.88,11,6.3,Yes,Mobile,Electronics,No,0,23,0
TXN02009,40,40266.0,147.68,9,11.8,Yes,Mobile,Healthcare,No,0,85,0
TXN02010,38,87276.0,121.82,8,1.0,Yes,Mobile,Fuel,No,0,65,0
TXN02011,30,80402.0,60.53,11,17.0,No,Desktop,Fuel,No,0,59,0
TXN02012,47,63407.0,308.32,12,17.6,Yes,Mobile,Healthcare,No,0,26,0
TXN02013,44,40674.0,181.51,11,7.7,Yes,Desktop,Healthcare,Yes,0,34,0
TXN02014,47,51378.0,198.52,8,37.4,Yes,Desktop,Dining,No,0,53,0
TXN02015,37,20868.0,79.96,6,10.4,Yes,Mobile,Travel,No,0,49,0
TXN02016,45,60845.0,233.87,10,14.3,Yes,Desktop,Grocery,No,0,55,0
TXN02017,33,64371.0,248.87,12,31.0,Yes,Tablet,Dining,No,0,64,0
TXN02018,61,58405.0,70.28,13,13.2,No,Mobile,Travel,No,0,26,0
TXN02019,29,18000.0,38.62,8,6.8,Yes,Mobile,Fuel,No,0,57,0
TXN02020,61,31118.0,191.06,14,0.3,Yes,Desktop,Electronics,Yes,0,29,0
TXN02021,38,39279.0,34.08,13,15.6,Yes,Mobile,Healthcare,No,0,53,1
TXN02022,23,62714.0,135.52,13,40.2,Yes,Mobile,Fuel,No,0,73,0
TXN02023,53,62648.0,83.91,13,7.6,Yes,Mobile,Dining,Yes,0,32,0
TXN02024,39,50944.0,318.12,16,5.0,Yes,Mobile,Travel,No,1,103,0
TXN02025,47,73200.0,87.64,14,8.8,Yes,Mobile,Healthcare,No,0,92,0
TXN02026,51,34658.0,291.0,12,15.6,No,Mobile,Dining,No,0,52,0
TXN02027,42,72381.0,79.53,4,0.2,No,Mobile,Fuel,No,0,147,0
TXN02028,31,68099.0,267.06,10,26.2,Yes,Mobile,Grocery,No,0,60,1
TXN02029,49,65185.0,623.76,18,26.1,No,Desktop,Fuel,No,0,76,0
TXN02030,38,50674.0,51.06,10,9.4,Yes,Desktop,Dining,No,0,56,0
TXN02031,46,125357.0,151.58,5,1.6,Yes,Mobile,Travel,Yes,0,74,0
TXN02032,18,68667.0,1081.95,16,13.4,Yes,Mobile,Dining,No,0,40,0
TXN02033,43,35573.0,126.57,13,1.8,Yes,Desktop,Electronics,Yes,0,54,0
TXN02034,31,61502.0,126.08,13,8.5,Yes,Mobile,Electronics,No,0,34,1
TXN02035,56,77165.0,225.49,10,1.2,No,Desktop,Travel,No,0,66,0
TXN02036,45,42211.0,124.01,14,10.7,No,Mobile,Healthcare,Yes,0,35,0
TXN02037,41,89793.0,30.62,10,4.6,No,Mobile,Fuel,No,0,75,0
TXN02038,43,65317.0,296.88,17,21.3,Yes,Mobile,Dining,No,0,50,0
TXN02039,27,19168.0,24.17,9,19.3,Yes,Desktop,Clothing,No,0,47,0
TXN02040,56,62940.0,85.98,17,77.8,Yes,Mobile,Clothing,No,0,57,0
TXN02041,60,45815.0,315.27,15,3.6,No,Desktop,Electronics,No,0,40,0
TXN02042,42,70040.0,90.22,12,0.8,No,Mobile,Grocery,No,0,68,0
TXN02043,55,84119.0,68.89,14,7.0,No,Mobile,Electronics,Yes,0,54,0
TXN02044,32,60049.0,242.48,12,1.0,Yes,Mobile,Fuel,No,0,87,0
TXN02045,29,116361.0,60.74,11,2.4,Yes,Mobile,Travel,No,0,50,0
TXN02046,38,50750.0,45.14,11,10.9,Yes,Mobile,Grocery,Yes,0,97,0
TXN02047,43,72857.0,149.47,10,10.8,No,Mobile,Dining,No,0,67,0
TXN02048,34,79009.0,103.66,17,0.5,No,Mobile,Dining,No,0,42,0
TXN02049,44,52643.0,44.37,13,7.0,Yes,Mobile,Healthcare,No,0,54,0
TXN02050,41,78084.0,199.75,14,9.1,Yes,Desktop,Clothing,No,0,52,0
TXN02051,27,42087.0,174.0,14,3.7,No,Desktop,Healthcare,No,0,46,0
TXN02052,44,45476.0,89.99,12,24.7,Yes,Mobile,Healthcare,No,0,86,0
TXN02053,47,30469.0,95.05,15,2.1,No,Mobile,Travel,No,0,165,0
TXN02054,40,61311.0,174.83,14,3.5,Yes,Mobile,Grocery,No,0,63,0
TXN02055,51,63669.0,311.0,10,2.0,Yes,Mobile,Grocery,No,0,145,0
TXN02056,25,93504.0,95.7,18,1.5,No,Mobile,Grocery,No,0,79,0
TXN02057,43,78519.0,202.6,15,25.3,No,Mobile,Travel,No,0,35,0
TXN02058,25,48384.0,188.6,12,3.9,Yes,Desktop,Travel,No,0,91,0
TXN02059,26,32367.0,242.48,15,15.4,No,Desktop,Dining,No,0,106,0
TXN02060,31,66828.0,123.83,9,6.7,No,Mobile,Healthcare,Yes,0,51,0
TXN02061,28,90665.0,57.84,17,12.1,Yes,Desktop,Electronics,No,0,82,0
TXN02062,32,77259.0,82.89,11,31.6,Yes,Mobile,Fuel,No,0,49,0
TXN02063,36,89599.0,157.87,7,22.3,Yes,Mobile,Dining,Yes,0,55,0
TXN02064,47,49998.0,514.02,8,0.9,Yes,Desktop,Clothing,No,0,40,0
TXN02065,34,44583.0,81.47,14,22.4,No,Mobile,Clothing,No,0,11,0
TXN02066,21,39477.0,228.45,15,7.2,Yes,Desktop,Clothing,No,0,57,0
TXN02067,51,53634.0,92.3,10,5.2,Yes,Mobile,Healthcare,No,0,75,0
TXN02068,29,53089.0,131.09,10,13.4,No,Desktop,Grocery,No,0,75,0
TXN02069,37,60361.0,403.35,15,36.0,Yes,Mobile,Electronics,No,0,50,0
TXN02070,43,51891.0,221.17,11,1.2,No,Desktop,Fuel,No,0,56,0
TXN02071,40,51790.0,44.45,8,17.5,Yes,Mobile,Grocery,No,0,47,0
TXN02072,50,38777.0,75.91,8,2.7,No,Mobile,Travel,No,1,70,0
TXN02073,43,84021.0,327.82,18,5.7,No,Tablet,Electronics,No,0,58,0
TXN02074,29,56927.0,134.42,14,24.8,No,Desktop,Travel,No,0,39,0
TXN02075,62,50848.0,47.87,12,9.5,No,Desktop,Fuel,No,0,60,0
TXN02076,40,39291.0,62.32,10,0.8,Yes,Mobile,Clothing,No,0,68,0
TXN02077,36,30204.0,210.67,15,8.5,Yes,Mobile,Fuel,No,0,81,0
TXN02078,49,99079.0,265.87,13,18.7,No,Mobile,Grocery,No,1,38,0
TXN02079,41,70592.0,121.73,11,9.0,No,Mobile,Travel,No,0,23,1
TXN02080,42,26485.0,869.35,10,2.2,Yes,Desktop,Dining,No,0,37,0
TXN02081,65,77536.0,232.02,11,7.1,No,Desktop,Clothing,No,0,26,0
TXN02082,35,83300.0,98.76,8,31.0,Yes,Tablet,Healthcare,No,1,57,0
TXN02083,35,58166.0,62.49,12,12.9,No,Mobile,Dining,Yes,0,82,0
TXN02084,39,112898.0,55.01,12,15.7,Yes,Mobile,Travel,No,0,36,0
TXN02085,50,60634.0,156.93,6,18.5,Yes,Desktop,Fuel,No,1,99,0
TXN02086,21,29072.0,81.16,13,1.1,Yes,Desktop,Clothing,No,0,60,0
TXN02087,18,64823.0,457.82,10,10.5,Yes,Desktop,Electronics,No,0,77,0
TXN02088,32,61408.0,387.82,7,5.7,Yes,Desktop,Clothing,No,0,72,0
TXN02089,20,41924.0,199.13,14,1.8,Yes,Tablet,Travel,No,0,15,0
TXN02090,33,71196.0,46.73,11,2.7,Yes,Mobile,Healthcare,No,0,147,0
TXN02091,44,25968.0,70.09,10,18.2,No,Desktop,Healthcare,Yes,1,111,0
TXN02092,28,85892.0,327.68,13,2.1,Yes,Mobile,Grocery,No,0,62,1
TXN02093,22,37047.0,76.48,9,4.5,Yes,Desktop,Dining,No,0,108,0
TXN02094,39,35308.0,294.48,10,4.0,No,Desktop,Healthcare,No,0,74,0
TXN02095,47,52254.0,175.42,15,0.6,No,Mobile,Clothing,No,0,118,0
TXN02096,19,66831.0,125.07,14,7.4,Yes,Desktop,Grocery,No,0,52,0
TXN02097,47,59211.0,68.39,12,17.4,No,Mobile,Electronics,No,0,47,0
TXN02098,47,39375.0,111.29,12,0.3,No,Mobile,Dining,Yes,0,61,0
TXN02099,48,43798.0,139.66,16,1.4,No,Mobile,Dining,Yes,0,45,0
TXN02100,51,33032.0,274.11,4,15.3,No,Mobile,Healthcare,No,0,41,0
TXN02101,62,49711.0,59.08,12,10.8,No,Mobile,Dining,No,1,44,0
TXN02102,34,89219.0,97.25,10,15.1,Yes,Mobile,Clothing,No,0,57,0
TXN02103,39,54895.0,124.38,15,3.1,No,Mobile,Grocery,Yes,0,98,0
TXN02104,33,80969.0,203.9,15,19.5,No,Mobile,Healthcare,No,0,64,0
TXN02105,38,105875.0,58.02,15,7.8,Yes,Mobile,Fuel,No,0,28,0
TXN02106,55,42213.0,41.86,13,11.3,Yes,Desktop,Healthcare,No,0,82,0
TXN02107,23,50571.0,205.75,9,1.2,Yes,Desktop,Grocery,No,0,41,0
TXN02108,29,146111.0,35.63,15,2.8,No,Tablet,Fuel,No,0,63,0
TXN02109,53,105350.0,335.45,13,17.8,Yes,Mobile,Clothing,No,0,32,0
TXN02110,49,25913.0,105.93,10,3.0,Yes,Desktop,Travel,No,0,40,1
TXN02111,34,65467.0,34.79,10,1.2,No,Mobile,Dining,No,0,73,0
TXN02112,47,55014.0,81.71,13,10.9,Yes,Mobile,Healthcare,No,0,56,0
TXN02113,42,79777.0,162.52,6,9.5,No,Mobile,Healthcare,No,0,80,0
TXN02114,55,39334.0,78.36,14,11.2,Yes,Mobile,Grocery,No,0,59,0
TXN02115,39,37694.0,121.94,14,11.6,Yes,Mobile,Electronics,No,0,29,0
TXN02116,49,40573.0,216.93,9,8.3,Yes,Desktop,Electronics,No,1,28,0
TXN02117,67,42520.0,102.08,11,8.2,Yes,Desktop,Healthcare,No,0,49,0
TXN02118,45,79379.0,56.7,13,31.0,Yes,Tablet,Healthcare,No,0,26,0
TXN02119,39,32323.0,94.47,16,9.2,No,Desktop,Fuel,No,0,47,0
TXN02120,46,41561.0,372.17,13,11.5,No,Desktop,Fuel,No,0,52,0
TXN02121,34,24588.0,461.99,13,3.7,No,Mobile,Dining,No,0,61,0
TXN02122,64,86534.0,23.84,13,24.6,Yes,Desktop,Fuel,No,0,97,0
TXN02123,40,97446.0,287.24,16,0.3,Yes,Desktop,Electronics,No,0,119,1
TXN02124,35,47472.0,146.59,14,9.8,Yes,Mobile,Grocery,No,0,74,0
TXN02125,29,48099.0,251.31,13,5.8,Yes,Desktop,Grocery,No,0,94,1
TXN02126,50,67443.0,77.25,17,11.1,Yes,Mobile,Fuel,No,0,56,0
TXN02127,48,106788.0,29.16,14,5.4,Yes,Desktop,Healthcare,No,1,59,0
TXN02128,33,66103.0,191.54,17,15.2,No,Tablet,Fuel,No,0,48,0
TXN02129,44,40183.0,56.53,10,0.2,No,Desktop,Healthcare,No,0,68,0
TXN02130,21,26546.0,39.52,15,6.2,No,Tablet,Clothing,No,0,50,0
TXN02131,40,33299.0,41.79,11,21.4,No,Desktop,Electronics,No,0,43,0
TXN02132,43,56842.0,194.07,12,3.5,Yes,Mobile,Travel,No,0,49,0
TXN02133,57,40953.0,134.16,16,0.7,No,Mobile,Healthcare,No,0,17,0
TXN02134,30,60043.0,224.41,15,8.2,Yes,Mobile,Grocery,No,0,69,0
TXN02135,24,42885.0,204.95,11,45.0,Yes,Desktop,Fuel,No,0,74,0
TXN02136,28,34164.0,85.69,18,0.8,Yes,Mobile,Clothing,No,0,114,0
TXN02137,23,32384.0,113.42,11,0.9,Yes,Desktop,Clothing,No,0,31,0
TXN02138,53,111096.0,79.71,10,10.8,Yes,Mobile,Clothing,No,0,47,0
TXN02139,55,82054.0,101.42,9,3.5,Yes,Desktop,Clothing,No,0,33,0
TXN02140,42,119829.0,55.35,10,6.3,Yes,Mobile,Dining,Yes,0,92,0
TXN02141,51,70127.0,164.0,12,21.3,No,Mobile,Fuel,No,0,39,0
TXN02142,39,45324.0,283.61,16,2.7,Yes,Mobile,Fuel,No,0,29,0
TXN02143,37,99767.0,62.44,17,15.2,Yes,Mobile,Clothing,Yes,0,53,0
TXN02144,34,54188.0,334.46,15,8.4,Yes,Mobile,Grocery,No,0,86,0
TXN02145,35,60747.0,131.41,18,28.2,No,Desktop,Fuel,No,1,44,0
TXN02146,21,53950.0,145.53,12,43.3,Yes,Mobile,Healthcare,No,0,29,0
TXN02147,41,18000.0,30.81,8,8.0,Yes,Desktop,Dining,No,0,37,0
TXN02148,38,113235.0,28.27,14,10.5,Yes,Tablet,Healthcare,No,0,48,0
TXN02149,46,68599.0,134.66,13,16.4,No,Desktop,Dining,No,0,97,0
TXN02150,39,63800.0,225.72,21,4.6,Yes,Mobile,Clothing,No,0,49,0
TXN02151,36,53492.0,70.13,6,3.1,Yes,Desktop,Dining,No,1,24,0
TXN02152,28,59197.0,456.49,14,40.1,Yes,Mobile,Electronics,No,0,34,0
TXN02153,39,42037.0,216.04,9,6.8,No,Mobile,Dining,No,1,56,0
TXN02154,46,72588.0,58.02,11,0.2,Yes,Mobile,Clothing,No,0,67,0
TXN02155,25,30543.0,123.0,11,21.8,No,Mobile,Clothing,No,0,35,0
TXN02156,39,59803.0,870.47,8,11.0,Yes,Desktop,Clothing,No,0,39,0
TXN02157,41,70813.0,44.41,16,2.2,Yes,Mobile,Grocery,No,1,56,0
TXN02158,30,50296.0,183.11,10,0.4,Yes,Mobile,Travel,No,0,32,0
TXN02159,32,64989.0,92.69,11,4.1,No,Mobile,Healthcare,No,1,91,0
TXN02160,41,35207.0,211.24,12,31.6,Yes,Mobile,Healthcare,No,0,24,0
TXN02161,26,35613.0,330.73,14,32.5,Yes,Mobile,Fuel,No,1,20,0
TXN02162,42,61182.0,88.1,13,4.5,No,Mobile,Fuel,No,0,95,0
TXN02163,28,74640.0,293.72,14,21.7,Yes,Mobile,Fuel,No,0,27,0
TXN02164,50,23657.0,709.42,11,7.0,Yes,Desktop,Dining,No,0,68,0
TXN02165,64,69564.0,126.53,10,12.7,Yes,Desktop,Dining,No,0,71,0
TXN02166,29,43073.0,224.84,11,4.9,No,Mobile,Dining,No,1,80,1
TXN02167,44,50429.0,74.82,12,8.7,No,Tablet,Travel,No,0,180,0
TXN02168,30,30101.0,121.86,7,4.2,No,Mobile,Travel,No,0,42,0
TXN02169,49,37491.0,104.18,14,0.8,Yes,Desktop,Travel,No,0,30,0
TXN02170,24,84952.0,227.02,12,1.8,Yes,Mobile,Travel,No,0,66,0
TXN02171,43,55819.0,314.58,11,4.1,Yes,Desktop,Travel,No,0,46,0
TXN02172,28,46297.0,109.92,18,44.9,Yes,Mobile,Fuel,No,0,47,0
TXN02173,36,52191.0,409.28,16,40.5,Yes,Mobile,Fuel,No,0,71,0
TXN02174,27,68544.0,408.11,11,21.1,No,Mobile,Travel,No,0,90,0
TXN02175,47,67058.0,236.27,11,3.2,Yes,Mobile,Fuel,No,0,27,0
TXN02176,29,53174.0,79.41,12,7.0,No,Desktop,Travel,No,1,180,0
TXN02177,44,89942.0,73.55,10,7.0,Yes,Desktop,Travel,No,0,52,0
TXN02178,34,85118.0,62.65,6,5.9,No,Mobile,Travel,No,0,56,0
TXN02179,37,66244.0,256.42,12,0.6,Yes,Mobile,Fuel,No,0,75,0
TXN02180,40,56368.0,45.52,12,9.2,Yes,Mobile,Electronics,No,0,104,0
TXN02181,30,73931.0,206.22,13,0.9,Yes,Mobile,Electronics,No,0,47,0
TXN02182,40,63355.0,50.53,12,19.4,No,Mobile,Clothing,No,0,42,0
TXN02183,55,88650.0,231.91,8,14.1,No,Mobile,Clothing,No,0,51,0
TXN02184,29,82445.0,121.66,11,5.2,Yes,Desktop,Electronics,No,0,96,0
TXN02185,51,34783.0,348.77,19,12.5,Yes,Mobile,Grocery,No,0,93,0
TXN02186,54,33739.0,299.06,10,3.2,Yes,Desktop,Healthcare,No,0,86,0
TXN02187,29,40116.0,378.25,9,3.7,Yes,Desktop,Electronics,No,0,67,0
TXN02188,22,85336.0,386.12,17,4.5,No,Desktop,Electronics,No,0,52,0
TXN02189,41,27058.0,134.61,8,19.1,Yes,Mobile,Electronics,No,0,80,0
TXN02190,32,65692.0,47.49,14,2.8,Yes,Tablet,Dining,No,0,56,0
TXN02191,59,64746.0,51.7,14,9.9,No,Mobile,Travel,No,0,49,0
TXN02192,38,92807.0,22.6,13,2.7,Yes,Mobile,Clothing,No,0,113,0
TXN02193,29,59649.0,50.43,19,4.0,No,Desktop,Fuel,No,1,49,0
TXN02194,25,30051.0,126.79,15,3.2,Yes,Mobile,Healthcare,No,0,136,0
TXN02195,50,35717.0,76.69,10,12.4,No,Desktop,Healthcare,No,0,21,0
TXN02196,32,32312.0,103.9,17,9.0,Yes,Mobile,Healthcare,No,0,32,0
TXN02197,38,43175.0,177.98,18,15.3,Yes,Desktop,Dining,No,0,43,0
TXN02198,49,50654.0,94.09,12,3.0,No,Desktop,Travel,No,0,81,0
TXN02199,33,32553.0,48.91,12,0.2,Yes,Mobile,Electronics,No,0,101,0
TXN02200,37,106605.0,115.0,13,13.7,No,Desktop,Electronics,No,0,70,0
TXN02201,38,30294.0,58.48,13,1.5,No,Desktop,Dining,No,0,55,1
TXN02202,46,100794.0,96.63,16,3.4,No,Mobile,Fuel,Yes,0,60,0
TXN02203,44,93752.0,351.33,17,4.4,Yes,Tablet,Dining,No,0,46,0
TXN02204,36,82399.0,96.65,7,16.5,Yes,Mobile,Dining,No,0,59,0
TXN02205,39,40251.0,494.85,14,11.8,No,Tablet,Clothing,No,0,73,0
TXN02206,34,64164.0,377.21,9,2.4,No,Desktop,Travel,No,0,40,0
TXN02207,22,30954.0,75.49,14,10.9,Yes,Mobile,Grocery,No,0,67,0
TXN02208,41,82867.0,49.33,16,14.8,Yes,Mobile,Clothing,No,0,49,0
TXN02209,59,53199.0,115.06,11,5.9,No,Mobile,Healthcare,No,0,105,0
TXN02210,28,45748.0,301.92,15,3.4,Yes,Desktop,Fuel,No,1,101,0
TXN02211,29,31711.0,81.07,8,13.6,Yes,Mobile,Fuel,No,0,101,0
TXN02212,28,18038.0,248.13,15,11.3,Yes,Mobile,Dining,No,0,37,0
TXN02213,46,34467.0,315.53,15,1.0,Yes,Mobile,Dining,No,0,66,0
TXN02214,43,90749.0,64.6,12,13.2,Yes,Mobile,Electronics,No,0,58,1
TXN02215,36,45881.0,69.87,17,8.0,No,Mobile,Dining,No,0,37,0
TXN02216,28,50965.0,212.22,19,16.8,No,Mobile,Travel,Yes,0,60,0
TXN02217,39,73872.0,135.5,19,2.5,No,Tablet,Electronics,No,0,92,0
TXN02218,21,123951.0,69.31,16,3.6,Yes,Mobile,Grocery,No,0,56,0
TXN02219,40,99842.0,90.54,10,9.4,Yes,Desktop,Travel,No,1,79,0
TXN02220,48,35509.0,113.42,20,7.9,Yes,Desktop,Fuel,No,0,58,0
TXN02221,24,22947.0,34.32,15,5.9,Yes,Mobile,Fuel,No,0,31,0
TXN02222,21,159041.0,221.41,14,16.4,Yes,Desktop,Travel,No,0,70,0
TXN02223,55,152685.0,81.82,16,10.0,Yes,Mobile,Clothing,No,0,83,0
TXN02224,31,59868.0,12.94,8,14.9,Yes,Mobile,Dining,No,0,44,0
TXN02225,50,31050.0,117.73,12,2.0,Yes,Mobile,Dining,No,1,57,0
TXN02226,36,84842.0,66.3,11,15.7,Yes,Mobile,Dining,No,0,87,0
TXN02227,36,52391.0,463.38,13,7.4,No,Mobile,Fuel,No,0,38,0
TXN02228,43,52274.0,75.12,8,0.4,No,Desktop,Travel,No,0,70,0
TXN02229,28,82256.0,49.87,14,3.2,No,Tablet,Dining,Yes,1,79,0
TXN02230,39,63931.0,180.16,15,0.3,No,Desktop,Clothing,No,0,87,0
TXN02231,34,32256.0,70.75,19,7.3,Yes,Mobile,Electronics,No,0,56,0
TXN02232,23,47522.0,64.32,16,4.7,No,Desktop,Fuel,No,0,74,0
TXN02233,42,74058.0,180.38,18,52.5,No,Tablet,Healthcare,No,0,44,0
TXN02234,35,69196.0,52.2,18,24.3,Yes,Mobile,Clothing,No,0,41,0
TXN02235,36,61883.0,37.4,15,21.0,No,Mobile,Travel,No,0,98,0
TXN02236,25,83711.0,477.37,16,8.3,Yes,Mobile,Clothing,No,0,47,0
TXN02237,56,46738.0,190.77,11,19.7,Yes,Mobile,Travel,No,1,58,0
TXN02238,48,59605.0,97.14,17,3.7,No,Desktop,Travel,No,0,61,0
TXN02239,49,18000.0,119.67,21,9.9,No,Desktop,Travel,No,0,23,0
TXN02240,35,44925.0,179.86,12,6.0,Yes,Mobile,Grocery,No,0,25,0
TXN02241,19,77563.0,261.43,17,2.3,Yes,Desktop,Electronics,No,0,67,0
TXN02242,59,46139.0,65.54,11,0.9,Yes,Desktop,Clothing,No,0,60,0
TXN02243,37,44591.0,160.84,9,9.8,Yes,Desktop,Grocery,No,0,68,0
TXN02244,30,34421.0,80.01,12,1.2,No,Mobile,Clothing,No,0,47,1
TXN02245,43,86388.0,103.16,11,15.2,No,Mobile,Dining,No,0,51,0
TXN02246,51,70396.0,136.46,13,30.5,No,Mobile,Clothing,No,1,62,0
TXN02247,38,79740.0,119.36,15,2.1,Yes,Desktop,Grocery,No,0,70,0
TXN02248,52,25293.0,216.14,10,7.6,Yes,Desktop,Grocery,No,1,33,0
TXN02249,50,51169.0,177.18,12,16.1,Yes,Mobile,Fuel,No,0,50,0
TXN02250,26,48486.0,35.91,10,4.1,Yes,Mobile,Travel,Yes,0,76,0
TXN02251,31,48476.0,40.5,17,30.4,Yes,Desktop,Grocery,No,0,33,0
TXN02252,49,41684.0,89.27,15,26.3,Yes,Mobile,Travel,No,0,48,0
TXN02253,18,47068.0,518.22,13,1.3,Yes,Mobile,Electronics,No,0,84,0
TXN02254,36,80614.0,60.72,7,0.3,Yes,Mobile,Grocery,No,0,65,0
TXN02255,22,23256.0,101.59,13,45.0,Yes,Mobile,Fuel,No,0,39,0
TXN02256,33,122378.0,78.13,7,37.6,Yes,Mobile,Fuel,No,0,41,0
TXN02257,35,68379.0,77.03,12,6.6,No,Mobile,Dining,No,0,55,0
TXN02258,34,53962.0,138.39,8,0.6,Yes,Desktop,Grocery,No,0,43,0
TXN02259,32,82716.0,368.01,10,11.6,No,Tablet,Electronics,No,0,30,0
TXN02260,26,28617.0,172.82,11,4.2,No,Mobile,Travel,No,0,75,0
TXN02261,63,40781.0,63.1,15,33.1,No,Mobile,Clothing,No,0,63,0
TXN02262,59,52084.0,1085.8,11,19.0,Yes,Mobile,Healthcare,No,0,52,0
TXN02263,25,101680.0,127.79,10,12.6,Yes,Mobile,Clothing,No,0,91,0
TXN02264,55,53861.0,75.62,10,4.0,Yes,Desktop,Clothing,No,0,39,0
TXN02265,34,67347.0,371.36,15,14.5,No,Mobile,Clothing,No,0,69,0
TXN02266,39,42183.0,82.45,12,4.1,No,Mobile,Grocery,No,0,71,0
TXN02267,37,68471.0,453.88,11,0.5,Yes,Desktop,Dining,No,0,43,0
TXN02268,31,116990.0,59.8,9,8.5,Yes,Desktop,Fuel,No,0,42,0
TXN02269,49,86084.0,376.73,9,8.0,Yes,Mobile,Healthcare,No,0,60,0
TXN02270,39,53020.0,140.94,16,17.3,Yes,Mobile,Clothing,No,0,66,0
TXN02271,33,74538.0,337.08,18,24.1,No,Mobile,Grocery,No,0,63,0
TXN02272,24,71323.0,549.44,13,5.3,Yes,Mobile,Dining,Yes,0,10,0
TXN02273,28,69082.0,48.49,8,7.2,Yes,Mobile,Electronics,No,0,63,0
TXN02274,20,90714.0,332.99,10,7.6,Yes,Desktop,Clothing,No,0,60,0
TXN02275,38,90409.0,38.88,14,4.7,Yes,Mobile,Healthcare,No,0,32,0
TXN02276,25,51941.0,51.92,16,16.3,Yes,Desktop,Travel,Yes,0,74,0
TXN02277,35,73419.0,63.1,17,8.9,Yes,Desktop,Electronics,No,0,60,0
TXN02278,53,46291.0,179.54,9,29.4,Yes,Mobile,Electronics,No,1,43,0
TXN02279,51,36305.0,123.21,10,12.6,No,Mobile,Clothing,No,0,61,0
TXN02280,38,48719.0,104.98,11,2.9,Yes,Desktop,Travel,No,0,31,0
TXN02281,37,53144.0,134.89,15,2.2,Yes,Mobile,Healthcare,No,1,82,0
TXN02282,59,26040.0,192.58,15,5.6,No,Mobile,Grocery,No,1,58,0
TXN02283,44,81003.0,204.81,16,5.1,Yes,Mobile,Travel,No,0,72,0
TXN02284,34,18000.0,287.96,14,6.3,Yes,Desktop,Dining,No,0,49,0
TXN02285,22,186606.0,514.67,13,2.4,Yes,Mobile,Electronics,Yes,1,45,0
TXN02286,42,108113.0,117.97,16,45.9,Yes,Mobile,Clothing,No,0,67,0
TXN02287,47,48905.0,79.09,12,1.9,Yes,Tablet,Travel,No,0,41,1
TXN02288,31,55234.0,196.04,19,12.7,Yes,Desktop,Fuel,Yes,0,40,0
TXN02289,41,63034.0,48.04,9,0.2,Yes,Desktop,Travel,No,0,59,0
TXN02290,34,42191.0,69.72,17,6.3,No,Desktop,Travel,No,0,115,0
TXN02291,36,59980.0,266.93,18,4.4,Yes,Mobile,Dining,No,1,59,0
TXN02292,18,51549.0,108.66,9,5.8,No,Tablet,Clothing,No,0,129,0
TXN02293,36,52716.0,45.65,20,8.3,No,Mobile,Electronics,No,0,23,0
TXN02294,49,59680.0,36.44,6,11.0,No,Desktop,Dining,No,0,12,0
TXN02295,31,30455.0,124.77,11,10.5,No,Mobile,Dining,No,0,48,0
TXN02296,39,55988.0,299.17,10,12.0,Yes,Tablet,Fuel,Yes,1,52,0
TXN02297,30,59198.0,295.99,6,22.3,Yes,Desktop,Dining,No,0,72,0
TXN02298,42,58283.0,131.13,14,26.1,No,Mobile,Clothing,No,1,95,0
TXN02299,36,49909.0,598.62,11,16.0,Yes,Tablet,Dining,Yes,0,110,0
TXN02300,28,91778.0,110.35,8,1.0,Yes,Tablet,Fuel,No,0,36,0
TXN02301,53,46908.0,107.41,12,39.0,Yes,Mobile,Healthcare,Yes,1,34,0
TXN02302,48,60924.0,15.39,11,35.3,Yes,Mobile,Grocery,No,0,45,0
TXN02303,31,98605.0,83.9,8,14.9,Yes,Desktop,Dining,No,0,47,0
TXN02304,43,53070.0,237.25,10,8.7,Yes,Tablet,Travel,No,0,32,0
TXN02305,44,60573.0,419.33,10,3.5,No,Mobile,Dining,No,0,90,0
TXN02306,45,52665.0,61.76,17,16.9,Yes,Mobile,Healthcare,No,0,55,0
TXN02307,19,95981.0,173.69,9,25.2,No,Desktop,Electronics,No,0,48,0
TXN02308,49,48977.0,277.27,14,13.1,Yes,Mobile,Travel,No,1,34,0
TXN02309,32,97988.0,121.08,13,11.9,Yes,Mobile,Travel,No,0,32,0
TXN02310,34,52495.0,19.31,13,2.6,Yes,Mobile,Grocery,No,0,127,0
TXN02311,67,37359.0,146.25,9,5.3,No,Mobile,Electronics,No,0,75,0
TXN02312,41,74668.0,220.66,16,15.4,No,Tablet,Electronics,No,0,63,0
TXN02313,34,47954.0,56.24,12,0.2,Yes,Mobile,Electronics,Yes,0,48,0
TXN02314,18,72716.0,97.92,14,12.3,Yes,Mobile,Dining,Yes,1,30,0
TXN02315,53,18000.0,47.61,22,17.5,No,Desktop,Healthcare,No,0,32,1
TXN02316,23,55129.0,15.35,14,4.9,No,Mobile,Dining,No,1,24,0
TXN02317,27,44724.0,272.9,17,1.0,Yes,Desktop,Travel,No,0,64,0
TXN02318,34,34085.0,119.64,15,20.5,Yes,Mobile,Grocery,No,0,51,0
TXN02319,54,42879.0,430.79,12,1.8,No,Desktop,Dining,No,0,108,0
TXN02320,47,42486.0,238.26,12,5.6,Yes,Tablet,Clothing,No,0,63,0
TXN02321,36,53825.0,90.39,15,14.7,Yes,Mobile,Clothing,No,0,32,0
TXN02322,41,29726.0,112.27,21,20.4,Yes,Tablet,Dining,No,1,36,0
TXN02323,31,63412.0,188.75,12,23.8,No,Mobile,Healthcare,No,0,40,0
TXN02324,40,101710.0,260.08,16,9.1,Yes,Desktop,Grocery,No,0,105,0
TXN02325,39,62412.0,155.34,10,7.8,No,Mobile,Healthcare,No,0,60,0
TXN02326,49,79153.0,290.61,11,22.6,No,Mobile,Electronics,No,0,58,0
TXN02327,49,90007.0,94.65,14,9.9,Yes,Desktop,Travel,No,0,80,0
TXN02328,43,95943.0,54.04,23,10.4,Yes,Mobile,Dining,No,0,44,0
TXN02329,34,127599.0,113.94,4,6.8,No,Mobile,Grocery,No,0,44,0
TXN02330,46,43934.0,141.41,13,5.6,Yes,Mobile,Grocery,No,0,85,0
TXN02331,37,39806.0,45.89,13,7.9,Yes,Mobile,Healthcare,No,0,43,0
TXN02332,26,78249.0,41.19,11,5.4,No,Mobile,Electronics,No,0,48,0
TXN02333,34,75645.0,171.64,9,5.1,No,Mobile,Healthcare,No,1,53,0
TXN02334,39,77975.0,86.7,17,60.7,Yes,Desktop,Healthcare,No,1,48,0
TXN02335,48,128703.0,105.09,14,4.9,Yes,Mobile,Fuel,No,0,49,0
TXN02336,36,55282.0,89.99,14,3.6,Yes,Mobile,Healthcare,No,1,123,0
TXN02337,25,66627.0,405.03,15,5.2,No,Desktop,Fuel,No,0,40,0
TXN02338,39,35380.0,329.28,17,10.7,No,Desktop,Fuel,No,0,82,0
TXN02339,39,143772.0,44.59,8,29.0,Yes,Mobile,Healthcare,No,0,27,0
TXN02340,40,47271.0,78.36,8,18.6,No,Desktop,Fuel,No,0,36,0
TXN02341,48,47877.0,236.87,12,22.2,No,Mobile,Dining,No,0,72,0
TXN02342,49,47054.0,194.23,13,23.5,Yes,Desktop,Healthcare,No,0,72,0
TXN02343,31,41146.0,116.09,14,30.4,Yes,Mobile,Clothing,No,0,40,0
TXN02344,31,39610.0,48.3,12,3.2,Yes,Mobile,Clothing,No,0,21,0
TXN02345,27,43452.0,69.51,16,7.4,No,Mobile,Grocery,No,0,74,0
TXN02346,46,29747.0,79.37,13,5.8,Yes,Desktop,Clothing,No,0,58,0
TXN02347,54,38627.0,149.77,16,5.8,No,Mobile,Clothing,Yes,0,44,0
TXN02348,35,132207.0,468.94,18,12.7,Yes,Tablet,Travel,No,0,81,0
TXN02349,35,76583.0,69.27,16,6.2,Yes,Tablet,Healthcare,No,0,48,0
TXN02350,54,83429.0,52.81,10,11.5,Yes,Tablet,Clothing,No,0,75,0
TXN02351,44,93417.0,110.02,15,5.8,No,Mobile,Clothing,No,0,137,0
TXN02352,43,125549.0,273.93,11,4.5,Yes,Desktop,Healthcare,No,0,110,0
TXN02353,25,24784.0,37.71,8,5.2,No,Mobile,Healthcare,Yes,0,52,0
TXN02354,45,31623.0,383.91,16,19.5,Yes,Mobile,Clothing,No,0,146,0
TXN02355,28,38308.0,104.57,13,11.0,No,Mobile,Dining,No,0,44,0
TXN02356,26,44521.0,66.69,5,43.8,Yes,Mobile,Fuel,No,0,33,0
TXN02357,34,48042.0,33.36,15,21.5,Yes,Desktop,Travel,No,0,36,0
TXN02358,32,44979.0,211.18,14,8.0,Yes,Tablet,Travel,No,0,71,0
TXN02359,36,60705.0,104.64,9,3.3,Yes,Mobile,Clothing,No,1,17,0
TXN02360,22,55881.0,137.56,8,13.4,No,Mobile,Clothing,No,0,59,0
TXN02361,49,39728.0,58.37,11,15.6,No,Tablet,Fuel,No,0,34,0
TXN02362,50,20663.0,92.96,16,7.5,Yes,Mobile,Travel,No,0,27,0
TXN02363,18,35182.0,81.31,16,3.1,No,Tablet,Dining,Yes,0,77,0
TXN02364,49,42956.0,110.72,17,9.8,Yes,Desktop,Electronics,No,0,20,0
TXN02365,29,49212.0,70.24,8,3.5,Yes,Mobile,Dining,No,1,43,0
TXN02366,47,33082.0,35.17,20,33.8,Yes,Desktop,Dining,No,1,36,0
TXN02367,37,44100.0,1064.53,19,11.9,Yes,Desktop,Electronics,No,0,47,0
TXN02368,38,33062.0,40.32,18,4.1,No,Desktop,Fuel,Yes,0,39,0
TXN02369,36,51972.0,138.75,19,2.9,No,Mobile,Fuel,No,0,58,0
TXN02370,51,33935.0,29.07,11,15.1,Yes,Desktop,Healthcare,No,0,41,0
TXN02371,24,37537.0,24.28,15,14.8,Yes,Mobile,Electronics,No,1,83,0
TXN02372,45,30521.0,129.77,16,10.9,No,Desktop,Clothing,No,0,47,0
TXN02373,50,51329.0,137.96,13,11.4,Yes,Mobile,Healthcare,No,0,51,0
TXN02374,46,37242.0,329.21,11,11.1,Yes,Mobile,Dining,No,0,51,0
TXN02375,64,82714.0,165.2,17,5.4,Yes,Desktop,Grocery,No,0,43,0
TXN02376,32,66021.0,106.45,13,33.3,No,Mobile,Travel,No,0,59,0
TXN02377,49,53298.0,56.14,10,7.8,No,Mobile,Travel,No,0,75,0
TXN02378,37,38416.0,398.1,21,0.2,No,Mobile,Travel,Yes,0,25,0
TXN02379,52,65272.0,252.29,17,5.1,Yes,Mobile,Grocery,No,0,28,0
TXN02380,38,75050.0,44.28,13,1.7,No,Mobile,Dining,No,0,15,0
TXN02381,34,58647.0,123.7,12,5.4,Yes,Mobile,Fuel,No,0,55,0
TXN02382,52,113182.0,134.66,10,11.2,No,Mobile,Clothing,No,0,51,0
TXN02383,33,67638.0,91.01,14,0.3,Yes,Mobile,Electronics,No,0,63,0
TXN02384,22,82968.0,222.51,9,24.5,Yes,Mobile,Travel,No,0,41,0
TXN02385,32,58407.0,233.43,14,11.3,No,Mobile,Clothing,No,1,54,0
TXN02386,45,74543.0,103.04,6,4.2,No,Mobile,Grocery,No,0,80,0
TXN02387,53,38428.0,95.85,16,4.5,No,Mobile,Clothing,Yes,0,50,0
TXN02388,39,44748.0,398.08,11,7.5,Yes,Desktop,Electronics,No,0,35,0
TXN02389,53,64364.0,253.09,14,3.4,No,Mobile,Dining,No,0,75,0
TXN02390,23,64153.0,127.15,14,0.2,Yes,Desktop,Grocery,No,0,61,0
TXN02391,33,69114.0,32.59,13,0.3,No,Desktop,Clothing,No,0,41,0
TXN02392,35,90243.0,158.02,18,5.3,No,Mobile,Grocery,No,0,31,0
TXN02393,37,28965.0,209.76,19,1.6,Yes,Mobile,Electronics,No,2,55,0
TXN02394,39,35475.0,13.25,18,0.3,Yes,Desktop,Electronics,No,0,59,0
TXN02395,46,60986.0,146.79,18,23.5,No,Mobile,Travel,No,0,98,0
TXN02396,33,39701.0,85.98,9,3.8,Yes,Mobile,Dining,No,0,61,0
TXN02397,40,250000.0,100.57,17,8.4,Yes,Desktop,Electronics,No,1,94,0
TXN02398,38,69367.0,58.07,12,2.4,Yes,Mobile,Travel,No,0,57,0
TXN02399,28,53095.0,106.58,13,0.6,Yes,Mobile,Clothing,No,0,64,0
TXN02400,37,43614.0,365.43,8,16.4,Yes,Desktop,Travel,No,2,36,0
TXN02401,36,44312.0,83.96,10,1.6,Yes,Desktop,Electronics,Yes,0,29,0
TXN02402,36,55751.0,259.81,16,0.3,Yes,Mobile,Grocery,No,0,38,0
TXN02403,38,57843.0,62.96,16,10.6,Yes,Mobile,Clothing,No,0,73,0
TXN02404,39,44783.0,220.19,13,0.2,Yes,Desktop,Grocery,No,0,35,0
TXN02405,33,48638.0,120.16,17,6.9,Yes,Mobile,Grocery,No,0,47,0
TXN02406,52,100712.0,159.03,18,4.1,No,Desktop,Travel,No,0,57,0
TXN02407,25,102551.0,120.69,15,4.6,Yes,Mobile,Grocery,No,0,33,0
TXN02408,30,61605.0,200.5,17,0.2,No,Mobile,Dining,No,0,17,0
TXN02409,69,30077.0,15.39,13,40.0,No,Mobile,Grocery,No,0,63,1
TXN02410,27,70082.0,38.54,15,8.7,Yes,Tablet,Healthcare,No,0,59,0
TXN02411,23,110693.0,167.53,21,10.2,Yes,Desktop,Clothing,No,0,38,0
TXN02412,46,101874.0,23.4,18,13.2,No,Mobile,Clothing,Yes,0,31,0
TXN02413,18,76541.0,78.49,9,19.2,Yes,Mobile,Grocery,No,0,68,0
TXN02414,35,104316.0,114.9,13,11.2,Yes,Mobile,Travel,No,0,55,0
TXN02415,62,56337.0,61.87,15,17.2,Yes,Desktop,Clothing,No,1,50,0
TXN02416,21,72965.0,69.01,17,7.1,Yes,Mobile,Healthcare,No,0,68,1
TXN02417,18,40487.0,149.12,14,5.6,Yes,Desktop,Healthcare,No,0,75,0
TXN02418,22,62731.0,269.06,8,20.8,Yes,Desktop,Fuel,No,0,39,0
TXN02419,48,100045.0,55.74,15,24.1,Yes,Mobile,Dining,Yes,0,63,0
TXN02420,50,42186.0,75.75,11,1.8,No,Desktop,Travel,No,0,29,0
TXN02421,32,37326.0,66.85,10,9.4,No,Mobile,Dining,No,0,48,0
TXN02422,46,57467.0,17.29,18,13.8,Yes,Mobile,Dining,No,0,39,0
TXN02423,53,49667.0,134.41,10,1.0,Yes,Desktop,Grocery,No,0,74,0
TXN02424,58,73659.0,253.48,11,31.8,No,Mobile,Dining,No,0,65,0
TXN02425,35,44852.0,270.64,10,8.8,Yes,Desktop,Healthcare,Yes,0,62,0
TXN02426,18,119180.0,59.79,11,12.4,Yes,Mobile,Grocery,No,0,64,0
TXN02427,29,30784.0,44.09,17,2.4,No,Mobile,Dining,No,0,52,0
TXN02428,33,96690.0,122.09,11,3.7,No,Tablet,Clothing,No,0,38,0
TXN02429,35,38984.0,232.97,13,1.5,Yes,Desktop,Healthcare,No,0,41,0
TXN02430,36,24511.0,135.83,12,3.7,Yes,Desktop,Fuel,Yes,0,48,0
TXN02431,50,61214.0,151.25,12,8.1,Yes,Mobile,Dining,No,0,34,0
TXN02432,52,49046.0,299.15,12,21.5,Yes,Mobile,Electronics,No,0,24,0
TXN02433,36,33382.0,66.43,17,9.2,Yes,Tablet,Grocery,No,0,43,1
TXN02434,50,25809.0,100.64,10,3.4,Yes,Mobile,Fuel,No,0,52,0
TXN02435,42,54793.0,443.71,16,0.5,Yes,Tablet,Grocery,No,1,64,1
TXN02436,39,85324.0,102.52,12,11.7,Yes,Mobile,Fuel,No,0,62,0
TXN02437,48,71562.0,43.54,14,6.5,Yes,Mobile,Grocery,No,0,48,0
TXN02438,39,56422.0,70.25,7,49.9,No,Mobile,Healthcare,No,0,78,0
TXN02439,61,68225.0,56.65,10,18.2,No,Mobile,Electronics,No,0,32,0
TXN02440,22,54331.0,159.69,15,19.8,No,Desktop,Clothing,No,0,34,0
TXN02441,32,28903.0,58.6,9,0.2,Yes,Tablet,Electronics,No,0,25,0
TXN02442,37,29018.0,149.06,11,18.0,Yes,Mobile,Healthcare,No,0,45,0
TXN02443,43,50195.0,66.6,10,2.6,No,Mobile,Fuel,No,0,92,0
TXN02444,52,51164.0,21.95,14,10.6,Yes,Desktop,Travel,No,0,80,0
TXN02445,38,80663.0,153.36,7,7.1,Yes,Desktop,Grocery,No,0,48,0
TXN02446,22,77333.0,135.13,13,10.2,Yes,Mobile,Travel,No,0,75,0
TXN02447,47,72215.0,181.58,12,1.7,Yes,Mobile,Dining,No,0,48,0
TXN02448,46,48483.0,70.04,13,7.3,No,Mobile,Electronics,No,0,29,0
TXN02449,18,29549.0,64.32,11,0.5,Yes,Desktop,Healthcare,No,1,56,0
TXN02450,38,66206.0,165.45,13,0.5,Yes,Mobile,Grocery,No,0,100,0
TXN02451,21,69662.0,404.52,10,12.9,Yes,Desktop,Electronics,No,1,148,0
TXN02452,31,18774.0,121.08,16,36.4,No,Mobile,Dining,No,0,32,1
TXN02453,28,37784.0,168.54,12,18.0,Yes,Desktop,Clothing,No,0,32,0
TXN02454,47,40300.0,92.78,17,7.6,No,Mobile,Fuel,No,0,18,0
TXN02455,39,58009.0,34.9,15,0.7,Yes,Mobile,Grocery,No,0,51,0
TXN02456,24,38314.0,260.2,12,0.6,No,Desktop,Healthcare,No,0,74,0
TXN02457,48,54064.0,248.2,17,2.1,Yes,Desktop,Grocery,No,0,67,0
TXN02458,22,50028.0,211.9,18,44.7,Yes,Mobile,Grocery,No,1,141,0
TXN02459,42,51199.0,103.74,13,6.1,No,Tablet,Fuel,No,0,36,0
TXN02460,29,39843.0,193.47,10,22.2,No,Desktop,Electronics,No,0,59,0
TXN02461,34,41256.0,245.3,12,14.7,No,Mobile,Fuel,No,0,62,1
TXN02462,44,33825.0,438.61,8,11.2,Yes,Desktop,Clothing,No,0,63,0
TXN02463,44,65259.0,264.62,11,35.4,Yes,Desktop,Electronics,No,0,115,0
TXN02464,53,71117.0,126.29,10,3.1,Yes,Desktop,Clothing,No,0,90,0
TXN02465,37,38883.0,42.14,10,7.3,Yes,Tablet,Grocery,No,0,18,0
TXN02466,41,109030.0,135.91,13,24.0,Yes,Desktop,Fuel,No,0,88,0
TXN02467,33,47740.0,147.34,14,9.6,Yes,Mobile,Clothing,No,0,72,0
TXN02468,40,109499.0,211.6,17,3.4,No,Desktop,Healthcare,No,0,72,0
TXN02469,43,41197.0,354.46,19,2.8,Yes,Desktop,Healthcare,No,0,63,0
TXN02470,37,22095.0,111.2,17,16.8,No,Mobile,Healthcare,No,0,36,0
TXN02471,18,65912.0,644.38,10,0.2,No,Mobile,Dining,No,0,42,0
TXN02472,42,61509.0,29.37,14,29.5,Yes,Tablet,Fuel,No,0,83,1
TXN02473,42,55858.0,167.83,11,0.2,No,Mobile,Electronics,No,0,52,0
TXN02474,31,41195.0,63.35,6,12.0,Yes,Desktop,Grocery,No,0,63,0
TXN02475,24,54151.0,26.09,14,11.1,No,Mobile,Electronics,No,0,57,0
TXN02476,54,43696.0,102.11,16,10.4,No,Desktop,Travel,No,1,17,0
TXN02477,43,48004.0,37.4,18,7.7,No,Mobile,Grocery,No,0,36,0
TXN02478,35,80324.0,105.46,8,23.0,No,Desktop,Dining,No,0,41,0
TXN02479,25,59754.0,123.38,17,12.9,Yes,Mobile,Dining,No,0,20,0
TXN02480,29,72371.0,293.63,15,18.3,Yes,Desktop,Travel,No,0,34,0
TXN02481,52,49551.0,35.92,8,1.5,Yes,Mobile,Electronics,No,2,18,0
TXN02482,40,47154.0,248.2,9,0.6,Yes,Desktop,Healthcare,No,0,57,0
TXN02483,32,32729.0,129.79,10,0.3,No,Mobile,Dining,No,0,72,0
TXN02484,44,46563.0,273.3,5,1.9,No,Mobile,Electronics,No,0,74,0
TXN02485,29,18000.0,84.95,14,13.2,Yes,Mobile,Grocery,No,0,49,0
TXN02486,55,42171.0,41.33,15,8.2,Yes,Tablet,Fuel,No,0,48,1
TXN02487,53,53010.0,45.31,7,16.7,Yes,Desktop,Healthcare,No,0,121,0
TXN02488,33,70880.0,42.69,14,2.6,Yes,Mobile,Grocery,No,0,76,0
TXN02489,31,48736.0,175.87,12,5.5,Yes,Tablet,Electronics,No,0,35,0
TXN02490,18,64315.0,391.13,11,26.3,No,Desktop,Clothing,No,0,38,0
TXN02491,22,20623.0,76.37,14,32.9,No,Mobile,Travel,Yes,0,54,0
TXN02492,23,53611.0,198.5,9,30.6,Yes,Desktop,Clothing,No,0,57,0
TXN02493,39,25831.0,35.47,15,20.5,Yes,Mobile,Grocery,No,1,85,0
TXN02494,34,31932.0,138.62,10,14.0,Yes,Mobile,Healthcare,No,0,60,0
TXN02495,23,50557.0,204.86,12,29.4,Yes,Desktop,Dining,No,0,35,0
TXN02496,35,97676.0,37.67,13,15.0,No,Mobile,Healthcare,No,0,98,0
TXN02497,44,64999.0,101.94,11,36.9,Yes,Mobile,Grocery,No,0,46,0
TXN02498,44,55453.0,212.77,13,0.3,Yes,Desktop,Grocery,No,0,65,0
TXN02499,18,54519.0,11.48,9,30.6,No,Tablet,Grocery,No,0,82,1
TXN02500,37,39893.0,349.27,16,9.7,Yes,Mobile,Travel,No,0,34,0
TXN02501,23,43058.0,159.24,13,1.4,Yes,Mobile,Healthcare,No,0,120,0
TXN02502,48,66663.0,212.91,15,2.9,No,Desktop,Electronics,No,0,74,0
TXN02503,47,29486.0,86.26,9,22.9,No,Desktop,Travel,No,0,52,0
TXN02504,28,71823.0,30.24,12,8.5,Yes,Tablet,Dining,No,0,55,0
TXN02505,30,46178.0,183.96,16,48.8,Yes,Mobile,Healthcare,No,0,81,0
TXN02506,33,79745.0,112.33,16,1.5,Yes,Desktop,Electronics,Yes,0,16,0
TXN02507,18,84760.0,123.12,12,6.4,No,Mobile,Dining,No,1,79,0
TXN02508,42,25905.0,286.45,16,4.8,Yes,Desktop,Healthcare,No,0,54,0
TXN02509,35,42335.0,220.77,7,8.7,No,Mobile,Electronics,No,0,20,0
TXN02510,49,37425.0,558.07,14,12.0,No,Tablet,Electronics,No,0,61,0
TXN02511,26,24327.0,135.72,10,13.0,Yes,Mobile,Clothing,No,0,33,0
TXN02512,31,34560.0,69.03,10,0.2,Yes,Desktop,Grocery,No,1,18,0
TXN02513,21,164992.0,103.21,13,1.1,Yes,Mobile,Grocery,No,0,99,0
TXN02514,27,72357.0,167.34,9,0.4,Yes,Mobile,Travel,No,0,29,0
TXN02515,25,130336.0,270.47,7,24.0,No,Desktop,Electronics,No,0,30,0
TXN02516,49,79872.0,37.11,15,4.5,Yes,Mobile,Dining,No,0,40,0
TXN02517,30,39390.0,120.82,13,5.5,Yes,Mobile,Grocery,No,0,38,0
TXN02518,39,46318.0,434.9,11,7.2,No,Mobile,Clothing,No,1,47,0
TXN02519,34,71674.0,99.02,14,22.7,Yes,Mobile,Dining,No,0,97,0
TXN02520,24,66968.0,252.72,16,0.2,Yes,Mobile,Clothing,No,0,47,0
TXN02521,36,42416.0,178.04,10,1.5,Yes,Mobile,Grocery,No,0,43,0
TXN02522,45,27878.0,257.8,22,13.9,Yes,Desktop,Electronics,No,0,34,0
TXN02523,25,241489.0,62.78,9,39.9,Yes,Desktop,Dining,No,0,44,0
TXN02524,47,51615.0,63.0,14,12.4,No,Mobile,Travel,No,0,88,0
TXN02525,29,47501.0,121.96,19,3.6,Yes,Mobile,Healthcare,No,0,27,0
TXN02526,33,57878.0,35.22,18,8.8,No,Desktop,Travel,No,0,22,0
TXN02527,44,49309.0,96.71,17,44.3,Yes,Mobile,Travel,No,0,42,0
TXN02528,31,58123.0,146.91,13,9.0,No,Mobile,Grocery,No,0,53,0
TXN02529,38,98146.0,500.3,9,5.6,No,Mobile,Grocery,Yes,0,57,0
TXN02530,35,52002.0,165.62,12,5.8,Yes,Mobile,Travel,No,0,108,1
TXN02531,39,32594.0,197.88,12,40.9,Yes,Mobile,Dining,No,0,69,0
TXN02532,18,51141.0,304.62,11,15.2,Yes,Desktop,Grocery,No,0,50,0
TXN02533,18,44628.0,55.47,22,13.9,No,Mobile,Travel,No,0,79,0
TXN02534,45,104385.0,105.15,14,3.2,No,Tablet,Grocery,No,0,29,0
TXN02535,49,93162.0,835.33,15,9.8,No,Tablet,Fuel,No,0,92,0
TXN02536,28,57727.0,112.64,13,5.3,No,Desktop,Dining,No,0,11,0
TXN02537,35,30935.0,293.14,7,3.3,Yes,Mobile,Electronics,No,0,40,0
TXN02538,41,31680.0,259.43,12,27.1,Yes,Mobile,Dining,No,0,33,0
TXN02539,46,55376.0,36.78,19,5.8,Yes,Mobile,Healthcare,No,0,66,0
TXN02540,18,63987.0,153.83,16,4.0,Yes,Mobile,Electronics,No,1,36,0
TXN02541,28,46467.0,134.95,9,32.2,No,Tablet,Travel,No,1,84,0
TXN02542,34,44312.0,156.25,10,2.6,No,Mobile,Grocery,No,0,76,0
TXN02543,46,42122.0,65.64,17,16.4,No,Desktop,Travel,No,0,55,0
TXN02544,65,54424.0,49.1,14,12.7,Yes,Desktop,Clothing,No,0,61,0
TXN02545,35,18823.0,82.0,11,30.4,Yes,Desktop,Electronics,No,1,17,0
TXN02546,23,33506.0,110.97,13,21.4,No,Mobile,Fuel,No,0,46,0
TXN02547,42,41478.0,309.66,16,14.7,Yes,Desktop,Electronics,No,0,42,0
TXN02548,53,94700.0,513.55,17,4.5,Yes,Tablet,Grocery,No,0,85,0
TXN02549,39,38134.0,366.78,12,8.2,Yes,Mobile,Fuel,No,0,43,0
TXN02550,28,59653.0,238.8,19,34.7,Yes,Mobile,Grocery,No,0,42,0
TXN02551,49,60903.0,53.73,10,0.3,No,Mobile,Fuel,No,0,59,0
TXN02552,45,98632.0,86.52,14,19.0,Yes,Mobile,Grocery,No,0,47,0
TXN02553,27,97076.0,141.94,14,3.5,No,Mobile,Electronics,No,1,97,0
TXN02554,42,53595.0,72.35,18,2.5,No,Mobile,Electronics,Yes,1,51,0
TXN02555,49,44406.0,190.42,13,3.2,Yes,Mobile,Electronics,No,0,38,0
TXN02556,51,40797.0,213.55,14,0.7,No,Desktop,Electronics,No,0,44,0
TXN02557,37,49346.0,184.29,18,57.9,Yes,Mobile,Fuel,No,0,30,0
TXN02558,34,45242.0,272.49,15,24.5,Yes,Desktop,Healthcare,No,0,45,0
TXN02559,52,70560.0,58.2,8,8.8,No,Mobile,Dining,No,0,27,0
TXN02560,25,66452.0,253.09,13,15.1,Yes,Desktop,Dining,No,0,64,0
TXN02561,43,71783.0,68.78,18,9.8,Yes,Mobile,Healthcare,No,0,120,0
TXN02562,23,96932.0,56.53,7,20.0,Yes,Desktop,Travel,Yes,0,51,0
TXN02563,50,127183.0,183.68,15,22.4,Yes,Mobile,Dining,No,0,35,0
TXN02564,35,58174.0,317.41,15,3.2,Yes,Mobile,Travel,No,1,34,0
TXN02565,52,90206.0,177.31,10,7.4,Yes,Tablet,Electronics,No,0,40,0
TXN02566,43,46950.0,122.01,7,12.1,Yes,Desktop,Grocery,No,0,57,0
TXN02567,25,93746.0,153.79,7,46.0,No,Mobile,Dining,Yes,1,81,0
TXN02568,54,88678.0,133.84,12,13.8,Yes,Tablet,Dining,No,0,77,0
TXN02569,55,86584.0,48.75,11,27.4,Yes,Mobile,Electronics,No,0,30,0
TXN02570,48,57378.0,44.41,12,22.5,Yes,Mobile,Electronics,No,0,122,0
TXN02571,30,40714.0,112.67,15,10.5,No,Desktop,Dining,No,0,32,0
TXN02572,35,29365.0,127.92,20,26.9,Yes,Mobile,Electronics,No,0,44,0
TXN02573,40,54018.0,121.09,8,5.7,No,Mobile,Dining,No,0,44,0
TXN02574,30,109639.0,206.1,10,5.7,No,Mobile,Grocery,No,0,21,0
TXN02575,57,47842.0,101.0,11,18.2,Yes,Mobile,Clothing,No,0,80,0
TXN02576,40,78307.0,188.27,10,1.7,Yes,Mobile,Grocery,No,0,126,0
TXN02577,18,80408.0,106.89,12,4.4,Yes,Mobile,Travel,Yes,1,38,1
TXN02578,42,48408.0,516.04,16,11.3,No,Tablet,Dining,No,0,75,0
TXN02579,34,99453.0,128.0,22,6.5,Yes,Mobile,Clothing,No,0,50,0
TXN02580,37,18000.0,780.61,20,33.9,Yes,Mobile,Grocery,No,0,57,0
TXN02581,34,31725.0,159.03,11,38.2,No,Desktop,Clothing,No,0,80,0
TXN02582,47,36427.0,101.14,9,8.4,No,Mobile,Healthcare,No,0,73,0
TXN02583,50,38033.0,58.44,16,9.3,No,Mobile,Grocery,No,1,113,0
TXN02584,41,63985.0,37.83,20,15.5,No,Tablet,Healthcare,No,0,64,0
TXN02585,34,62668.0,54.29,16,7.3,Yes,Tablet,Healthcare,No,0,33,0
TXN02586,38,65669.0,59.37,9,2.5,Yes,Mobile,Fuel,No,0,69,0
TXN02587,38,71921.0,164.57,14,16.5,Yes,Tablet,Clothing,No,0,60,0
TXN02588,29,35866.0,78.77,14,16.1,Yes,Tablet,Grocery,No,0,44,0
TXN02589,44,31790.0,139.36,13,3.4,No,Desktop,Travel,No,0,175,0
TXN02590,43,65738.0,334.65,10,21.5,Yes,Mobile,Grocery,No,0,67,0
TXN02591,55,41419.0,111.86,14,11.4,No,Mobile,Electronics,Yes,0,44,0
TXN02592,52,27129.0,633.22,12,3.2,No,Mobile,Fuel,No,0,58,0
TXN02593,30,85152.0,46.84,17,12.7,No,Desktop,Dining,Yes,0,66,0
TXN02594,47,103041.0,106.38,15,3.2,Yes,Desktop,Travel,No,0,48,0
TXN02595,28,110836.0,77.95,10,3.7,Yes,Desktop,Clothing,No,0,50,0
TXN02596,46,59829.0,253.84,15,22.6,Yes,Mobile,Clothing,No,0,66,0
TXN02597,32,72894.0,20.0,16,31.8,No,Mobile,Grocery,No,0,48,0
TXN02598,27,101878.0,37.83,15,3.6,Yes,Mobile,Dining,No,0,72,0
TXN02599,41,41211.0,110.12,10,31.6,Yes,Desktop,Grocery,No,0,27,0
TXN02600,18,90662.0,415.13,13,3.3,Yes,Mobile,Fuel,No,0,66,0
TXN02601,19,62256.0,143.76,7,1.5,Yes,Desktop,Healthcare,No,0,68,0
TXN02602,36,82972.0,40.7,17,0.7,Yes,Desktop,Dining,No,0,35,0
TXN02603,39,59804.0,46.05,13,3.3,No,Mobile,Electronics,No,0,82,0
TXN02604,34,98558.0,457.55,13,5.8,No,Mobile,Clothing,No,0,37,0
TXN02605,21,60820.0,73.01,13,31.5,No,Mobile,Electronics,No,0,56,0
TXN02606,29,28206.0,56.44,21,3.3,Yes,Tablet,Clothing,No,0,41,0
TXN02607,42,105710.0,391.27,16,5.5,Yes,Mobile,Dining,No,0,38,0
TXN02608,44,35907.0,269.45,12,15.9,No,Mobile,Electronics,No,0,55,0
TXN02609,38,96661.0,332.53,10,4.3,No,Desktop,Travel,No,0,29,0
TXN02610,51,52811.0,56.12,9,13.8,Yes,Mobile,Clothing,No,0,100,0
TXN02611,42,93367.0,35.42,12,6.8,No,Mobile,Fuel,No,1,119,0
TXN02612,30,91650.0,133.49,13,2.6,No,Desktop,Travel,No,0,29,0
TXN02613,35,66746.0,156.9,9,15.9,Yes,Desktop,Dining,No,0,41,0
TXN02614,23,69143.0,160.64,18,0.3,Yes,Mobile,Travel,No,0,35,0
TXN02615,37,66521.0,391.52,9,4.1,Yes,Mobile,Clothing,No,0,45,0
TXN02616,50,22223.0,29.98,9,5.3,No,Desktop,Fuel,No,0,77,0
TXN02617,46,58008.0,238.71,14,7.4,Yes,Desktop,Fuel,No,1,101,0
TXN02618,53,33285.0,49.91,11,13.7,Yes,Mobile,Clothing,No,0,96,0
TXN02619,35,59404.0,237.95,13,7.4,No,Desktop,Healthcare,Yes,1,45,0
TXN02620,53,32885.0,82.07,9,10.8,Yes,Tablet,Dining,No,0,32,0
TXN02621,36,32269.0,62.57,12,10.9,Yes,Mobile,Clothing,No,0,51,0
TXN02622,54,113245.0,73.67,15,5.6,Yes,Mobile,Travel,No,0,68,0
TXN02623,38,88995.0,37.75,9,32.6,No,Desktop,Clothing,No,0,79,0
TXN02624,46,54898.0,123.94,20,37.4,No,Mobile,Fuel,Yes,0,59,0
TXN02625,54,59769.0,64.67,14,10.5,No,Desktop,Dining,No,1,73,0
TXN02626,36,49194.0,225.1,15,0.9,Yes,Desktop,Clothing,No,0,54,1
TXN02627,40,71078.0,200.24,9,8.1,Yes,Desktop,Fuel,No,0,60,0
TXN02628,52,40573.0,463.13,15,2.4,No,Mobile,Clothing,No,0,22,0
TXN02629,37,86015.0,160.86,15,7.9,Yes,Desktop,Grocery,No,0,44,0
TXN02630,23,49080.0,182.0,10,2.5,Yes,Mobile,Grocery,No,0,57,0
TXN02631,62,45531.0,367.81,9,14.6,Yes,Mobile,Fuel,No,0,31,0
TXN02632,33,55540.0,72.63,13,1.0,Yes,Mobile,Dining,No,0,52,0
TXN02633,40,42153.0,36.48,13,36.8,Yes,Tablet,Grocery,No,0,80,0
TXN02634,51,63767.0,140.83,21,2.6,Yes,Mobile,Fuel,No,0,86,0
TXN02635,31,43186.0,38.45,17,13.0,No,Desktop,Clothing,No,0,61,0
TXN02636,27,67909.0,854.61,10,29.9,Yes,Mobile,Electronics,No,0,48,0
TXN02637,41,95063.0,384.48,15,3.4,No,Desktop,Clothing,No,0,18,1
TXN02638,18,39791.0,677.68,16,32.7,Yes,Mobile,Travel,No,0,77,0
TXN02639,35,51861.0,126.15,19,5.9,Yes,Mobile,Fuel,No,0,67,0
TXN02640,41,67690.0,186.41,14,38.8,Yes,Tablet,Healthcare,No,0,59,0
TXN02641,35,45205.0,83.09,10,42.6,No,Mobile,Grocery,No,0,60,0
TXN02642,21,67781.0,243.19,13,2.5,No,Mobile,Fuel,No,0,52,0
TXN02643,56,70616.0,45.38,18,21.3,Yes,Desktop,Clothing,No,0,79,0
TXN02644,39,89550.0,15.69,16,2.6,Yes,Desktop,Healthcare,No,0,54,0
TXN02645,54,41873.0,63.75,13,3.1,Yes,Mobile,Dining,No,0,32,0
TXN02646,35,35984.0,37.45,14,1.1,No,Desktop,Grocery,No,0,71,0
TXN02647,28,47891.0,391.44,9,2.0,No,Desktop,Dining,No,0,79,0
TXN02648,41,35582.0,512.88,6,12.0,No,Mobile,Dining,No,0,84,0
TXN02649,36,70906.0,39.06,15,7.2,Yes,Mobile,Clothing,No,0,80,0
TXN02650,25,32608.0,337.26,11,18.8,Yes,Mobile,Dining,No,0,54,0
TXN02651,54,157148.0,256.88,14,4.8,No,Mobile,Healthcare,No,0,74,0
TXN02652,31,98544.0,34.18,15,41.5,No,Mobile,Healthcare,No,0,84,0
TXN02653,18,55312.0,87.82,14,0.6,Yes,Mobile,Fuel,No,0,40,0
TXN02654,53,81261.0,75.44,13,0.8,Yes,Mobile,Grocery,Yes,0,27,0
TXN02655,32,26332.0,218.3,18,14.5,No,Mobile,Dining,No,0,71,0
TXN02656,31,171203.0,44.9,13,26.2,Yes,Mobile,Electronics,No,0,57,0
TXN02657,19,42171.0,110.87,7,19.0,Yes,Mobile,Travel,No,0,59,0
TXN02658,57,52097.0,69.32,14,8.1,Yes,Desktop,Healthcare,No,0,59,0
TXN02659,24,23859.0,175.24,15,3.8,Yes,Desktop,Fuel,No,0,43,0
TXN02660,39,68454.0,100.89,12,0.2,Yes,Mobile,Electronics,No,0,79,0
TXN02661,48,33431.0,78.2,16,8.5,No,Mobile,Healthcare,No,2,74,0
TXN02662,43,57574.0,101.18,17,7.7,Yes,Desktop,Grocery,No,0,54,0
TXN02663,37,43052.0,611.75,10,5.1,Yes,Tablet,Travel,No,0,58,0
TXN02664,19,33864.0,85.97,8,10.4,No,Mobile,Healthcare,No,0,52,0
TXN02665,29,38297.0,52.18,9,15.7,No,Mobile,Healthcare,No,0,123,0
TXN02666,40,60882.0,191.38,14,14.5,No,Mobile,Dining,Yes,0,56,0
TXN02667,29,30897.0,106.98,13,3.7,No,Desktop,Electronics,No,0,47,0
TXN02668,40,39266.0,38.68,15,10.6,No,Tablet,Electronics,No,0,85,0
TXN02669,45,74129.0,715.29,14,1.9,No,Desktop,Dining,No,0,53,0
TXN02670,49,177407.0,90.51,13,1.6,No,Mobile,Clothing,No,0,59,0
TXN02671,25,68187.0,88.69,16,18.5,No,Desktop,Clothing,No,0,28,0
TXN02672,62,36400.0,136.37,15,14.2,No,Mobile,Dining,No,0,36,0
TXN02673,46,46625.0,478.94,12,17.5,No,Desktop,Healthcare,No,0,37,0
TXN02674,38,55787.0,31.3,23,2.0,No,Mobile,Electronics,No,0,39,0
TXN02675,50,46997.0,149.65,11,29.5,No,Mobile,Grocery,No,0,50,0
TXN02676,64,82575.0,637.34,11,1.7,No,Mobile,Fuel,No,0,58,0
TXN02677,22,60655.0,133.02,17,24.5,Yes,Desktop,Grocery,No,1,51,0
TXN02678,36,82754.0,44.67,7,5.2,No,Desktop,Grocery,No,0,46,0
TXN02679,18,47743.0,73.17,11,1.3,Yes,Desktop,Fuel,No,0,14,0
TXN02680,40,99864.0,141.6,13,4.1,Yes,Mobile,Grocery,No,0,26,0
TXN02681,42,51030.0,347.98,14,2.4,No,Mobile,Travel,No,0,38,0
TXN02682,38,35527.0,91.47,13,8.1,Yes,Mobile,Dining,No,0,79,0
TXN02683,31,146515.0,232.48,9,35.9,Yes,Mobile,Electronics,No,0,50,0
TXN02684,18,24194.0,38.06,15,4.8,Yes,Mobile,Fuel,No,0,31,0
TXN02685,42,39445.0,37.81,8,11.4,Yes,Mobile,Grocery,No,1,72,0
TXN02686,54,41478.0,81.55,10,26.7,Yes,Desktop,Electronics,No,0,39,0
TXN02687,31,170046.0,379.14,9,11.9,Yes,Desktop,Clothing,No,0,30,0
TXN02688,43,124017.0,126.8,16,5.4,No,Mobile,Travel,No,0,98,0
TXN02689,21,107727.0,151.31,12,56.3,Yes,Mobile,Grocery,No,0,51,0
TXN02690,43,47396.0,149.9,15,2.5,No,Mobile,Grocery,No,0,34,0
TXN02691,34,163877.0,291.45,11,8.9,No,Mobile,Grocery,No,0,72,0
TXN02692,30,64916.0,73.65,10,19.1,Yes,Desktop,Travel,No,0,50,0
TXN02693,30,85379.0,208.12,10,0.2,No,Desktop,Dining,No,0,20,0
TXN02694,34,59632.0,61.73,10,14.5,Yes,Mobile,Electronics,No,0,42,0
TXN02695,42,53789.0,586.46,9,3.7,No,Desktop,Healthcare,No,0,45,1
TXN02696,24,49109.0,63.26,12,2.2,Yes,Desktop,Healthcare,No,0,95,0
TXN02697,34,50049.0,59.24,19,3.8,No,Mobile,Grocery,No,0,75,0
TXN02698,38,72324.0,186.28,16,40.9,Yes,Desktop,Clothing,No,0,45,0
TXN02699,26,64882.0,127.91,12,26.7,Yes,Mobile,Grocery,No,0,25,0
TXN02700,58,54227.0,155.86,16,2.9,Yes,Mobile,Travel,No,0,46,0
TXN02701,29,108486.0,143.93,17,1.5,Yes,Desktop,Travel,No,0,35,0
TXN02702,31,18000.0,50.16,14,5.4,Yes,Tablet,Electronics,No,0,104,1
TXN02703,27,69185.0,436.23,18,10.8,Yes,Mobile,Electronics,No,0,83,0
TXN02704,58,75968.0,245.26,17,24.2,Yes,Mobile,Clothing,No,0,56,0
TXN02705,44,92154.0,355.9,11,40.6,Yes,Tablet,Grocery,No,0,55,0
TXN02706,28,53418.0,78.64,8,16.7,No,Mobile,Healthcare,No,0,97,0
TXN02707,50,60394.0,167.45,10,11.0,Yes,Desktop,Clothing,No,0,55,0
TXN02708,40,85713.0,140.53,5,1.8,No,Mobile,Clothing,No,0,25,0
TXN02709,41,107593.0,295.86,11,0.9,Yes,Mobile,Clothing,No,0,114,0
TXN02710,34,48043.0,303.59,12,10.9,Yes,Mobile,Grocery,No,0,30,0
TXN02711,30,62021.0,140.04,12,9.3,Yes,Desktop,Grocery,No,0,38,0
TXN02712,42,117061.0,35.63,13,22.5,No,Mobile,Grocery,No,0,28,0
TXN02713,32,21147.0,498.31,16,4.7,Yes,Mobile,Grocery,No,0,87,0
TXN02714,58,40319.0,187.22,15,0.5,Yes,Mobile,Clothing,No,0,169,0
TXN02715,24,106374.0,73.75,9,6.6,No,Mobile,Travel,No,0,51,0
TXN02716,55,89925.0,166.12,13,41.8,No,Mobile,Healthcare,No,0,125,0
TXN02717,37,69577.0,35.82,9,19.1,Yes,Mobile,Dining,Yes,1,51,0
TXN02718,41,44946.0,279.16,20,0.4,Yes,Mobile,Electronics,No,0,47,1
TXN02719,47,36985.0,36.99,11,24.9,Yes,Mobile,Travel,No,1,61,0
TXN02720,31,42152.0,100.57,10,7.7,Yes,Desktop,Fuel,No,0,50,0
TXN02721,48,110381.0,145.92,12,5.4,Yes,Mobile,Fuel,Yes,0,45,0
TXN02722,18,41452.0,275.49,8,5.1,No,Mobile,Fuel,Yes,0,49,0
TXN02723,30,57568.0,130.68,12,10.9,Yes,Mobile,Electronics,No,1,72,0
TXN02724,28,39180.0,199.43,12,9.1,Yes,Mobile,Grocery,No,1,34,0
TXN02725,24,80365.0,117.33,9,12.8,Yes,Desktop,Fuel,No,0,83,0
TXN02726,36,43160.0,116.95,13,10.2,Yes,Tablet,Fuel,No,0,49,0
TXN02727,42,52637.0,128.49,15,1.9,Yes,Mobile,Dining,No,0,93,0
TXN02728,46,25785.0,103.16,19,3.6,Yes,Desktop,Travel,No,0,72,0
TXN02729,41,26611.0,31.13,8,22.1,Yes,Desktop,Clothing,No,1,62,0
TXN02730,31,55190.0,64.9,23,13.1,No,Desktop,Electronics,No,0,45,0
TXN02731,42,30296.0,145.96,12,7.1,Yes,Tablet,Electronics,No,1,38,0
TXN02732,39,141829.0,98.32,11,2.4,No,Mobile,Dining,No,0,40,0
TXN02733,48,21751.0,105.94,14,0.2,Yes,Tablet,Healthcare,Yes,0,31,0
TXN02734,47,38369.0,92.65,17,4.5,No,Tablet,Fuel,No,0,25,0
TXN02735,38,55415.0,60.14,14,0.7,No,Mobile,Clothing,No,0,35,0
TXN02736,28,46666.0,80.88,11,7.9,Yes,Mobile,Clothing,No,0,53,0
TXN02737,31,33464.0,93.88,13,20.7,No,Desktop,Dining,No,0,41,1
TXN02738,32,35740.0,120.49,14,4.0,Yes,Mobile,Grocery,No,0,52,0
TXN02739,35,35217.0,164.38,10,22.6,Yes,Desktop,Fuel,No,1,59,1
TXN02740,41,48342.0,103.86,14,14.6,No,Mobile,Healthcare,No,0,83,0
TXN02741,46,132383.0,52.66,11,1.6,Yes,Mobile,Clothing,No,0,66,0
TXN02742,37,56963.0,39.21,13,12.4,Yes,Desktop,Electronics,Yes,0,56,0
TXN02743,38,93657.0,958.57,15,2.0,Yes,Tablet,Clothing,No,0,35,0
TXN02744,40,69094.0,48.6,15,12.8,Yes,Mobile,Travel,No,0,46,0
TXN02745,32,90792.0,79.25,11,1.8,No,Desktop,Dining,No,0,48,0
TXN02746,28,18000.0,181.47,15,6.0,Yes,Mobile,Clothing,No,0,74,0
TXN02747,19,47958.0,160.16,12,10.0,Yes,Desktop,Clothing,No,0,69,0
TXN02748,30,99042.0,182.03,13,0.6,Yes,Mobile,Clothing,No,0,122,0
TXN02749,43,42523.0,84.21,18,2.0,Yes,Mobile,Healthcare,No,1,49,0
TXN02750,30,121565.0,145.23,16,4.6,Yes,Mobile,Dining,No,0,22,0
TXN02751,35,107242.0,126.04,11,7.4,Yes,Desktop,Electronics,No,0,139,0
TXN02752,43,44533.0,93.48,15,23.5,Yes,Desktop,Clothing,No,0,23,0
TXN02753,44,43856.0,146.03,13,2.5,No,Mobile,Healthcare,No,0,96,0
TXN02754,26,34855.0,279.16,13,5.1,Yes,Desktop,Clothing,No,0,92,0
TXN02755,49,41430.0,117.89,5,7.8,Yes,Tablet,Fuel,No,0,41,0
TXN02756,50,31585.0,118.52,14,4.2,No,Mobile,Healthcare,No,0,61,0
TXN02757,26,66706.0,282.03,10,11.8,No,Mobile,Fuel,No,0,76,0
TXN02758,29,28563.0,258.94,18,3.6,No,Desktop,Fuel,No,0,26,0
TXN02759,51,72169.0,426.09,17,17.8,Yes,Desktop,Clothing,No,0,16,0
TXN02760,36,72964.0,29.44,13,8.4,Yes,Tablet,Clothing,No,0,51,0
TXN02761,18,26044.0,247.54,15,1.1,No,Mobile,Clothing,No,0,30,0
TXN02762,23,110471.0,194.17,8,11.8,Yes,Desktop,Travel,Yes,0,60,0
TXN02763,35,69301.0,59.08,13,10.1,No,Desktop,Healthcare,No,0,60,0
TXN02764,25,77069.0,146.75,9,5.0,Yes,Desktop,Travel,No,0,74,0
TXN02765,33,39093.0,278.21,16,0.2,No,Desktop,Fuel,No,0,102,0
TXN02766,38,72777.0,61.82,14,2.7,No,Mobile,Travel,No,0,60,0
TXN02767,54,91305.0,170.98,12,6.2,Yes,Mobile,Dining,No,0,17,0
TXN02768,35,52613.0,240.95,14,2.7,Yes,Mobile,Healthcare,Yes,0,39,0
TXN02769,50,135395.0,50.94,14,10.3,Yes,Mobile,Clothing,No,0,60,0
TXN02770,54,56101.0,107.09,15,15.0,No,Desktop,Fuel,No,0,58,0
TXN02771,54,91899.0,152.67,14,23.3,Yes,Desktop,Travel,No,0,40,0
TXN02772,41,62752.0,63.47,10,12.5,Yes,Mobile,Clothing,No,0,84,0
TXN02773,18,71580.0,59.39,9,14.0,No,Desktop,Clothing,No,0,91,0
TXN02774,43,25926.0,107.71,13,11.3,No,Mobile,Dining,No,0,109,0
TXN02775,50,64995.0,227.88,15,50.8,No,Mobile,Dining,No,0,35,0
TXN02776,37,39512.0,200.83,6,3.6,Yes,Mobile,Travel,No,0,55,0
TXN02777,57,37579.0,60.24,12,3.7,No,Desktop,Fuel,No,0,55,0
TXN02778,47,120564.0,202.19,10,1.6,No,Desktop,Fuel,No,0,66,0
TXN02779,44,49956.0,61.48,9,8.0,Yes,Mobile,Healthcare,No,0,34,0
TXN02780,50,35017.0,33.09,18,1.2,Yes,Desktop,Travel,No,0,31,0
TXN02781,42,46793.0,89.46,15,3.8,No,Mobile,Travel,No,0,17,0
TXN02782,18,30635.0,294.67,11,7.9,No,Tablet,Grocery,No,2,36,0
TXN02783,33,104855.0,202.81,20,37.9,No,Tablet,Dining,No,0,21,1
TXN02784,51,40216.0,119.85,15,39.8,Yes,Desktop,Fuel,No,0,86,0
TXN02785,29,69792.0,85.98,9,16.3,Yes,Mobile,Electronics,No,1,90,0
TXN02786,36,101249.0,87.85,11,5.9,No,Mobile,Dining,No,0,75,0
TXN02787,27,43915.0,130.91,11,24.0,Yes,Mobile,Clothing,No,0,66,1
TXN02788,58,69877.0,51.05,11,25.0,No,Desktop,Fuel,No,2,44,0
TXN02789,56,34598.0,90.83,9,28.9,Yes,Mobile,Clothing,No,0,56,0
TXN02790,28,165328.0,100.99,15,12.3,Yes,Mobile,Grocery,No,0,72,1
TXN02791,40,83823.0,40.72,8,2.7,Yes,Mobile,Dining,No,1,63,0
TXN02792,31,50434.0,61.36,10,1.1,Yes,Mobile,Dining,No,0,34,1
TXN02793,45,38844.0,166.65,15,29.5,Yes,Mobile,Clothing,No,0,44,0
TXN02794,44,52250.0,120.92,13,0.7,Yes,Mobile,Healthcare,No,0,80,0
TXN02795,47,47197.0,93.74,17,4.2,No,Desktop,Fuel,No,0,71,0
TXN02796,42,132444.0,57.88,11,8.0,No,Mobile,Electronics,No,0,39,0
TXN02797,70,31685.0,423.68,15,0.3,Yes,Desktop,Travel,No,0,89,0
TXN02798,27,58440.0,61.38,13,28.5,No,Desktop,Electronics,No,0,95,0
TXN02799,19,54548.0,146.76,10,4.1,No,Mobile,Clothing,No,0,84,1
TXN02800,34,52170.0,81.22,13,0.3,No,Mobile,Healthcare,No,0,61,0
TXN02801,21,52376.0,123.53,13,60.6,No,Mobile,Healthcare,No,0,36,0
TXN02802,22,52201.0,173.05,11,4.5,Yes,Tablet,Grocery,No,0,38,0
TXN02803,27,81468.0,40.1,11,25.1,Yes,Mobile,Dining,No,0,89,0
TXN02804,28,72340.0,119.37,10,7.3,Yes,Mobile,Clothing,No,0,57,1
TXN02805,27,66410.0,311.09,15,13.1,Yes,Desktop,Healthcare,No,0,66,0
TXN02806,44,18000.0,491.12,10,3.3,Yes,Desktop,Clothing,No,0,50,1
TXN02807,32,62944.0,108.15,12,8.4,Yes,Tablet,Healthcare,No,0,70,0
TXN02808,36,26109.0,124.07,13,3.6,Yes,Mobile,Fuel,Yes,0,81,0
TXN02809,48,73566.0,703.85,7,36.2,Yes,Mobile,Dining,No,0,56,0
TXN02810,30,106789.0,297.51,12,0.8,Yes,Desktop,Travel,No,0,84,0
TXN02811,35,36253.0,73.23,14,3.9,Yes,Mobile,Electronics,No,1,51,0
TXN02812,42,48888.0,73.13,12,26.8,No,Mobile,Electronics,No,1,53,0
TXN02813,18,41998.0,257.94,11,7.8,No,Desktop,Grocery,No,0,41,0
TXN02814,18,95897.0,53.45,14,11.0,Yes,Desktop,Fuel,No,0,32,0
TXN02815,42,57403.0,286.48,13,12.7,Yes,Desktop,Travel,No,0,82,0
TXN02816,43,119711.0,156.79,20,0.9,Yes,Mobile,Healthcare,No,0,55,0
TXN02817,61,66256.0,181.57,14,0.2,No,Tablet,Clothing,No,0,19,0
TXN02818,40,61340.0,97.72,7,33.3,No,Mobile,Travel,No,0,79,0
TXN02819,47,56714.0,72.5,9,3.8,Yes,Mobile,Fuel,No,0,61,0
TXN02820,36,79474.0,386.48,12,5.7,No,Desktop,Healthcare,No,0,98,0
TXN02821,41,25163.0,98.5,17,13.8,No,Tablet,Grocery,No,1,101,0
TXN02822,56,57153.0,86.38,12,3.2,Yes,Mobile,Clothing,No,1,44,0
TXN02823,18,53293.0,112.55,14,15.8,No,Desktop,Travel,No,0,147,0
TXN02824,43,76231.0,140.04,13,7.4,Yes,Mobile,Grocery,No,0,39,0
TXN02825,61,50545.0,52.61,16,23.3,No,Mobile,Healthcare,No,0,116,0
TXN02826,41,34464.0,76.37,10,3.9,Yes,Desktop,Fuel,No,0,49,0
TXN02827,56,55182.0,73.19,19,2.7,Yes,Mobile,Fuel,No,0,118,0
TXN02828,31,33786.0,235.97,18,21.4,No,Tablet,Fuel,No,0,44,0
TXN02829,38,23126.0,59.07,7,4.7,Yes,Mobile,Travel,Yes,0,38,0
TXN02830,38,76290.0,29.46,9,6.4,No,Mobile,Fuel,No,1,66,0
TXN02831,18,71372.0,24.87,8,18.9,Yes,Mobile,Travel,No,0,53,0
TXN02832,25,67865.0,37.01,11,12.1,No,Mobile,Grocery,No,0,32,0
TXN02833,26,98855.0,356.64,15,7.0,Yes,Mobile,Dining,No,0,30,0
TXN02834,47,40775.0,121.57,11,3.5,No,Mobile,Grocery,No,0,43,0
TXN02835,48,28885.0,179.2,16,17.3,Yes,Mobile,Healthcare,No,0,117,0
TXN02836,42,53294.0,184.32,19,2.4,Yes,Desktop,Travel,No,1,74,0
TXN02837,47,47038.0,125.52,11,31.6,No,Mobile,Healthcare,No,0,50,1
TXN02838,36,37649.0,113.03,8,2.0,No,Mobile,Electronics,No,0,43,0
TXN02839,51,53059.0,276.75,13,19.6,Yes,Mobile,Electronics,No,1,59,0
TXN02840,38,41767.0,134.87,9,6.6,Yes,Mobile,Clothing,No,0,122,0
TXN02841,39,24074.0,367.52,7,2.5,Yes,Desktop,Dining,No,0,83,0
TXN02842,35,45096.0,197.19,18,6.2,Yes,Desktop,Fuel,No,0,53,0
TXN02843,46,32982.0,73.2,10,3.0,No,Mobile,Grocery,No,0,61,0
TXN02844,33,61043.0,80.62,16,1.8,Yes,Mobile,Grocery,No,0,69,0
TXN02845,49,40940.0,67.06,12,3.3,No,Mobile,Travel,No,0,95,0
TXN02846,26,90701.0,317.83,15,24.2,Yes,Desktop,Clothing,No,0,73,0
TXN02847,26,113191.0,86.79,12,1.3,Yes,Mobile,Dining,No,0,48,0
TXN02848,46,74668.0,63.35,13,43.1,Yes,Mobile,Fuel,No,0,56,0
TXN02849,37,27368.0,154.98,21,0.2,No,Desktop,Dining,No,1,114,0
TXN02850,33,108275.0,111.03,17,12.9,Yes,Mobile,Healthcare,No,0,46,0
TXN02851,48,111766.0,151.89,8,23.3,Yes,Tablet,Electronics,No,0,122,0
TXN02852,31,55467.0,544.21,17,32.6,Yes,Mobile,Clothing,No,1,54,0
TXN02853,36,99748.0,249.12,12,1.9,No,Tablet,Dining,No,0,37,0
TXN02854,53,42909.0,122.62,18,14.4,Yes,Mobile,Healthcare,No,0,67,0
TXN02855,55,23749.0,38.89,12,1.4,No,Mobile,Fuel,No,0,133,0
TXN02856,55,39064.0,80.44,5,5.2,Yes,Mobile,Clothing,No,0,74,0
TXN02857,35,119763.0,211.95,13,15.8,Yes,Mobile,Fuel,No,0,58,0
TXN02858,52,28116.0,47.02,13,5.1,Yes,Mobile,Grocery,No,1,44,0
TXN02859,28,54988.0,665.32,16,4.5,Yes,Mobile,Grocery,No,0,27,0
TXN02860,28,55852.0,121.39,20,1.5,No,Mobile,Fuel,No,1,18,0
TXN02861,18,43663.0,124.78,9,0.8,Yes,Mobile,Grocery,No,0,63,0
TXN02862,56,45049.0,70.4,5,1.5,Yes,Mobile,Grocery,No,0,145,0
TXN02863,28,56818.0,178.55,13,25.0,Yes,Mobile,Grocery,No,0,82,0
TXN02864,37,42707.0,47.52,13,0.2,No,Desktop,Healthcare,No,0,160,0
TXN02865,28,29003.0,678.18,8,14.2,No,Mobile,Fuel,No,0,44,0
TXN02866,46,60588.0,344.25,15,17.6,No,Tablet,Grocery,No,0,29,0
TXN02867,34,89152.0,263.73,12,10.1,Yes,Mobile,Electronics,No,0,65,0
TXN02868,24,81340.0,39.45,13,15.7,Yes,Desktop,Clothing,No,1,55,0
TXN02869,43,38204.0,141.43,13,12.7,Yes,Mobile,Fuel,No,0,40,0
TXN02870,22,31321.0,315.69,16,7.3,No,Mobile,Dining,No,1,52,0
TXN02871,29,48398.0,192.86,11,5.8,No,Mobile,Clothing,No,0,145,0
TXN02872,18,111368.0,53.83,9,34.0,No,Tablet,Healthcare,No,0,88,0
TXN02873,22,73542.0,71.34,15,42.9,Yes,Tablet,Healthcare,No,0,38,0
TXN02874,40,75499.0,83.59,18,12.6,Yes,Desktop,Travel,No,0,130,0
TXN02875,18,82086.0,74.05,17,2.6,Yes,Desktop,Clothing,No,0,76,0
TXN02876,22,66465.0,407.69,13,7.1,Yes,Desktop,Healthcare,No,0,60,0
TXN02877,38,58068.0,25.81,14,8.2,Yes,Mobile,Travel,No,0,58,0
TXN02878,32,74097.0,202.8,13,17.0,Yes,Desktop,Electronics,No,0,49,0
TXN02879,60,43015.0,42.68,9,13.2,Yes,Mobile,Fuel,No,1,40,0
TXN02880,58,29103.0,55.62,15,8.7,Yes,Desktop,Dining,No,0,48,0
TXN02881,28,76148.0,24.04,15,13.7,Yes,Mobile,Fuel,Yes,0,83,0
TXN02882,44,95997.0,77.34,14,0.3,Yes,Mobile,Dining,No,0,41,0
TXN02883,46,33252.0,401.85,13,18.0,No,Mobile,Dining,No,0,24,0
TXN02884,31,79615.0,148.32,10,2.9,Yes,Mobile,Fuel,No,0,50,0
TXN02885,22,117176.0,46.01,13,12.8,No,Desktop,Clothing,No,0,56,0
TXN02886,38,54944.0,270.75,13,1.5,Yes,Mobile,Grocery,No,0,76,0
TXN02887,36,38063.0,321.35,13,1.5,No,Tablet,Travel,No,0,84,0
TXN02888,33,58131.0,130.42,11,0.4,Yes,Mobile,Grocery,No,0,74,0
TXN02889,43,42931.0,611.12,10,28.9,Yes,Desktop,Travel,No,0,48,0
TXN02890,30,41671.0,231.54,17,11.1,No,Desktop,Grocery,No,0,10,0
TXN02891,25,66838.0,207.19,14,5.4,No,Mobile,Fuel,No,0,41,0
TXN02892,39,26726.0,63.1,12,18.6,Yes,Desktop,Fuel,No,0,54,0
TXN02893,42,28719.0,198.23,13,11.8,Yes,Mobile,Dining,No,0,76,0
TXN02894,25,55480.0,142.73,17,11.6,No,Mobile,Electronics,No,0,62,0
TXN02895,48,54451.0,181.88,13,8.0,Yes,Mobile,Fuel,No,1,23,0
TXN02896,19,64195.0,69.4,15,0.2,Yes,Desktop,Travel,No,0,72,0
TXN02897,32,127892.0,132.95,16,3.6,No,Mobile,Dining,Yes,0,43,0
TXN02898,35,57649.0,62.43,18,1.4,No,Mobile,Travel,No,0,42,0
TXN02899,31,71989.0,21.54,11,13.0,Yes,Mobile,Grocery,No,1,19,0
TXN02900,32,35458.0,266.7,11,3.4,No,Mobile,Electronics,No,0,32,0
TXN02901,59,77704.0,36.07,18,7.2,Yes,Desktop,Fuel,No,0,62,0
TXN02902,29,43400.0,130.74,14,5.2,Yes,Mobile,Grocery,No,1,53,0
TXN02903,65,56796.0,156.63,10,1.9,No,Mobile,Dining,No,1,63,0
TXN02904,43,52371.0,155.83,12,38.1,Yes,Mobile,Travel,No,0,33,0
TXN02905,39,87547.0,95.68,11,32.5,Yes,Mobile,Clothing,No,0,59,0
TXN02906,43,30504.0,149.08,11,1.1,No,Desktop,Healthcare,Yes,0,67,0
TXN02907,66,19685.0,174.91,17,21.1,Yes,Desktop,Electronics,No,1,72,1
TXN02908,27,49963.0,216.04,18,8.0,No,Tablet,Fuel,No,0,62,0
TXN02909,26,67909.0,480.22,12,17.8,Yes,Mobile,Travel,No,0,76,0
TXN02910,30,58901.0,144.73,15,2.0,Yes,Desktop,Fuel,Yes,0,62,0
TXN02911,38,95758.0,126.31,11,1.7,No,Desktop,Fuel,No,0,20,0
TXN02912,19,66964.0,58.1,10,26.6,No,Desktop,Travel,No,0,38,0
TXN02913,38,42674.0,170.08,19,27.4,No,Tablet,Fuel,No,0,36,0
TXN02914,57,19315.0,204.67,10,7.5,No,Mobile,Dining,No,0,31,1
TXN02915,40,49429.0,102.89,21,24.5,Yes,Mobile,Electronics,No,0,32,0
TXN02916,35,87349.0,185.52,17,13.2,Yes,Desktop,Grocery,No,0,65,0
TXN02917,31,46105.0,94.96,21,2.5,Yes,Mobile,Electronics,No,0,71,0
TXN02918,48,55705.0,205.26,21,4.8,Yes,Mobile,Grocery,No,1,80,0
TXN02919,29,66483.0,249.03,13,1.8,Yes,Mobile,Dining,No,1,53,0
TXN02920,58,34829.0,246.26,15,17.8,Yes,Mobile,Electronics,No,1,40,0
TXN02921,59,72805.0,131.86,12,50.6,No,Mobile,Dining,No,0,55,0
TXN02922,41,114897.0,52.22,20,9.5,Yes,Tablet,Travel,No,0,33,0
TXN02923,38,50885.0,73.55,14,12.8,No,Mobile,Grocery,No,0,65,0
TXN02924,49,33091.0,193.18,18,16.4,Yes,Desktop,Travel,No,0,95,0
TXN02925,50,53376.0,851.11,7,3.0,Yes,Mobile,Travel,No,1,94,0
TXN02926,29,20214.0,91.37,14,4.9,No,Mobile,Electronics,Yes,0,54,0
TXN02927,32,64004.0,172.8,11,6.4,Yes,Mobile,Fuel,No,1,56,0
TXN02928,23,67414.0,76.91,11,10.8,Yes,Mobile,Healthcare,Yes,0,46,1
TXN02929,42,116906.0,55.05,12,22.8,Yes,Mobile,Fuel,Yes,0,48,0
TXN02930,45,50402.0,69.86,12,3.5,Yes,Desktop,Dining,No,0,77,0
TXN02931,23,66099.0,22.68,15,7.6,No,Desktop,Electronics,No,0,30,0
TXN02932,33,37328.0,354.33,10,16.7,No,Mobile,Travel,No,1,70,0
TXN02933,23,46850.0,20.15,13,1.1,Yes,Mobile,Clothing,No,0,29,0
TXN02934,28,27688.0,97.17,12,8.6,Yes,Mobile,Dining,No,0,43,0
TXN02935,44,50384.0,46.76,13,1.9,Yes,Mobile,Travel,No,0,77,0
TXN02936,30,47940.0,59.14,19,9.3,Yes,Desktop,Dining,No,0,42,0
TXN02937,35,62927.0,360.94,9,17.5,Yes,Desktop,Clothing,No,0,46,0
TXN02938,20,41542.0,140.94,12,3.2,Yes,Mobile,Grocery,No,0,68,0
TXN02939,40,57102.0,55.43,17,22.7,Yes,Tablet,Dining,No,1,56,0
TXN02940,38,47338.0,74.88,15,4.9,Yes,Mobile,Dining,No,0,49,0
TXN02941,30,47378.0,65.05,18,2.5,Yes,Mobile,Travel,No,0,68,0
TXN02942,36,57025.0,115.89,12,7.5,Yes,Mobile,Healthcare,No,0,45,0
TXN02943,40,56012.0,137.8,15,25.1,No,Mobile,Fuel,No,0,80,0
TXN02944,29,77468.0,546.73,18,0.9,No,Tablet,Travel,No,0,54,0
TXN02945,22,52094.0,25.91,13,4.8,Yes,Mobile,Electronics,No,0,44,0
TXN02946,58,46988.0,116.7,14,12.7,Yes,Mobile,Travel,No,0,110,0
TXN02947,31,50702.0,93.23,8,5.3,Yes,Mobile,Healthcare,No,0,40,0
TXN02948,37,39874.0,255.89,8,0.9,Yes,Mobile,Healthcare,No,0,67,0
TXN02949,49,46776.0,159.39,18,4.8,Yes,Mobile,Clothing,No,0,54,0
TXN02950,75,137188.0,192.44,9,20.6,No,Tablet,Fuel,No,0,60,0
TXN02951,24,36475.0,158.15,13,41.3,Yes,Desktop,Electronics,No,0,59,0
TXN02952,43,48518.0,56.93,12,0.5,Yes,Desktop,Clothing,No,0,64,0
TXN02953,30,46199.0,316.24,9,10.1,No,Mobile,Healthcare,No,0,59,0
TXN02954,32,49210.0,227.31,9,1.3,Yes,Mobile,Healthcare,No,0,13,0
TXN02955,30,47384.0,249.61,16,13.7,Yes,Desktop,Fuel,No,0,78,0
TXN02956,26,62364.0,329.88,10,0.2,No,Desktop,Healthcare,No,1,38,0
TXN02957,38,25476.0,167.61,10,0.2,Yes,Desktop,Electronics,No,0,43,0
TXN02958,22,87712.0,392.4,11,18.0,No,Mobile,Healthcare,No,0,98,0
TXN02959,48,73112.0,162.33,8,0.9,No,Mobile,Travel,Yes,0,87,0
TXN02960,39,31439.0,100.71,11,4.4,No,Mobile,Fuel,No,0,80,0
TXN02961,43,19811.0,119.37,7,38.1,Yes,Mobile,Clothing,No,0,50,0
TXN02962,33,35433.0,117.73,9,50.6,Yes,Desktop,Clothing,Yes,0,70,0
TXN02963,34,49310.0,79.2,10,2.1,Yes,Mobile,Fuel,No,0,43,0
TXN02964,41,175645.0,442.75,12,9.9,No,Mobile,Clothing,No,0,80,1
TXN02965,25,70232.0,152.1,11,9.8,No,Mobile,Clothing,No,0,84,0
TXN02966,34,24384.0,129.45,10,7.2,Yes,Mobile,Healthcare,No,0,91,0
TXN02967,29,40326.0,163.71,12,31.0,No,Mobile,Grocery,No,0,113,0
TXN02968,28,53699.0,1301.63,7,16.8,Yes,Desktop,Grocery,No,0,25,0
TXN02969,18,61651.0,48.53,11,17.4,Yes,Mobile,Dining,No,0,68,0
TXN02970,53,30438.0,61.04,11,3.8,Yes,Desktop,Healthcare,No,0,84,0
TXN02971,30,51758.0,39.77,12,6.8,Yes,Mobile,Grocery,No,0,56,0
TXN02972,51,39821.0,99.62,14,8.0,No,Desktop,Fuel,No,0,61,0
TXN02973,50,33470.0,146.04,12,4.3,Yes,Desktop,Dining,No,1,90,0
TXN02974,24,61815.0,82.7,8,1.2,No,Mobile,Travel,No,0,24,0
TXN02975,26,77912.0,77.92,12,1.6,No,Mobile,Healthcare,No,0,89,0
TXN02976,66,80303.0,134.48,12,2.4,No,Desktop,Dining,No,0,43,0
TXN02977,57,71222.0,80.3,11,2.7,Yes,Mobile,Clothing,No,0,34,0
TXN02978,38,43970.0,153.8,12,3.3,No,Desktop,Electronics,Yes,0,31,0
TXN02979,41,75859.0,292.62,15,3.5,Yes,Mobile,Healthcare,No,1,31,0
TXN02980,31,63207.0,206.26,11,7.3,No,Desktop,Dining,No,0,31,1
TXN02981,43,58417.0,242.82,16,8.5,Yes,Mobile,Grocery,No,0,32,0
TXN02982,30,41766.0,286.07,14,4.4,No,Mobile,Healthcare,No,0,56,0
TXN02983,18,43980.0,150.47,15,28.5,No,Tablet,Healthcare,Yes,0,36,0
TXN02984,23,56859.0,105.7,16,9.7,No,Mobile,Travel,No,0,39,0
TXN02985,38,164890.0,64.7,14,18.6,No,Desktop,Electronics,Yes,0,29,0
TXN02986,26,62985.0,87.76,20,31.0,Yes,Desktop,Dining,No,0,80,1
TXN02987,37,41775.0,78.93,7,2.1,Yes,Mobile,Travel,No,1,32,0
TXN02988,26,37817.0,215.47,15,6.7,Yes,Desktop,Grocery,No,0,51,0
TXN02989,29,44081.0,158.37,16,6.8,Yes,Mobile,Healthcare,No,0,58,0
TXN02990,47,146513.0,209.54,15,5.3,Yes,Desktop,Travel,No,0,32,0
TXN02991,41,45955.0,47.43,14,0.2,Yes,Desktop,Travel,No,0,39,0
TXN02992,38,82717.0,377.24,15,20.3,No,Mobile,Electronics,No,0,33,0
TXN02993,48,46440.0,85.28,11,1.4,No,Mobile,Fuel,No,0,61,0
TXN02994,43,61860.0,49.77,18,64.8,Yes,Desktop,Grocery,No,0,58,0
TXN02995,54,78541.0,84.45,8,17.8,Yes,Mobile,Electronics,No,0,50,0
TXN02996,33,42520.0,875.25,13,10.4,Yes,Desktop,Electronics,No,0,94,0
TXN02997,33,41216.0,88.0,12,2.0,Yes,Mobile,Electronics,No,0,42,0
TXN02998,24,116027.0,92.52,13,8.7,No,Desktop,Fuel,No,0,65,0
TXN02999,33,85661.0,102.91,13,3.6,Yes,Mobile,Fuel,No,0,92,0
TXN03000,49,78503.0,106.55,11,3.5,No,Desktop,Healthcare,No,0,132,0
TXN03001,52,78383.0,64.22,11,21.2,Yes,Mobile,Dining,No,0,86,0
TXN03002,49,67636.0,134.57,8,5.7,No,Mobile,Dining,No,0,92,0
TXN03003,18,136365.0,283.71,16,7.2,No,Desktop,Grocery,No,0,55,0
TXN03004,50,56098.0,154.3,13,22.2,No,Mobile,Clothing,No,0,82,0
TXN03005,18,71315.0,49.33,11,1.1,Yes,Tablet,Grocery,No,3,82,0
TXN03006,48,28629.0,91.11,11,10.8,Yes,Desktop,Fuel,No,0,43,0
TXN03007,34,37944.0,77.19,16,10.4,Yes,Desktop,Fuel,No,0,76,0
TXN03008,46,32039.0,125.19,16,6.6,Yes,Mobile,Fuel,No,0,50,0
TXN03009,23,97579.0,347.88,13,21.2,Yes,Mobile,Healthcare,No,1,41,0
TXN03010,51,18000.0,106.53,9,34.4,No,Mobile,Electronics,No,0,38,0
TXN03011,22,45892.0,111.83,15,7.5,No,Mobile,Fuel,No,0,58,0
TXN03012,31,18000.0,497.51,13,7.3,Yes,Mobile,Electronics,No,0,43,0
TXN03013,27,37836.0,241.88,13,8.4,No,Desktop,Electronics,No,0,52,0
TXN03014,19,44098.0,189.95,16,15.4,Yes,Desktop,Grocery,No,0,85,0
TXN03015,39,102568.0,574.79,12,13.2,Yes,Mobile,Healthcare,No,0,93,0
TXN03016,58,65747.0,177.57,18,3.0,No,Desktop,Travel,No,0,125,0
TXN03017,67,37804.0,24.49,13,0.8,No,Mobile,Dining,No,0,102,0
TXN03018,39,88856.0,233.6,11,35.8,Yes,Mobile,Dining,No,0,6,0
TXN03019,50,55443.0,33.58,7,3.6,No,Mobile,Healthcare,No,0,78,0
TXN03020,41,55938.0,172.28,10,12.2,No,Mobile,Grocery,No,0,52,0
TXN03021,43,32013.0,30.46,19,21.2,Yes,Desktop,Grocery,No,0,47,0
TXN03022,34,35227.0,82.6,12,4.3,No,Desktop,Fuel,No,0,31,0
TXN03023,40,37941.0,89.7,10,12.1,Yes,Mobile,Fuel,No,0,57,0
TXN03024,44,56162.0,64.81,13,1.4,Yes,Desktop,Fuel,No,0,44,0
TXN03025,32,56962.0,90.78,12,42.1,Yes,Mobile,Electronics,No,0,50,0
TXN03026,37,110187.0,274.11,11,0.7,Yes,Desktop,Electronics,No,0,64,0
TXN03027,37,65406.0,67.78,13,6.9,Yes,Desktop,Fuel,No,0,38,0
TXN03028,47,18000.0,185.6,13,9.2,Yes,Desktop,Healthcare,No,0,52,0
TXN03029,26,61900.0,55.42,17,18.8,Yes,Mobile,Electronics,No,0,58,0
TXN03030,37,28641.0,103.12,16,1.5,Yes,Mobile,Grocery,No,0,58,0
TXN03031,59,35611.0,155.49,15,7.0,Yes,Mobile,Fuel,No,2,73,0
TXN03032,51,38163.0,54.07,18,4.3,No,Mobile,Dining,No,0,62,0
TXN03033,53,40806.0,42.02,6,4.5,Yes,Mobile,Dining,No,0,77,0
TXN03034,38,29622.0,177.86,12,18.1,Yes,Mobile,Clothing,No,0,87,0
TXN03035,42,60274.0,294.7,9,0.2,Yes,Desktop,Electronics,Yes,0,97,0
TXN03036,49,29151.0,112.64,20,16.6,Yes,Mobile,Dining,No,1,87,0
TXN03037,55,64575.0,83.23,14,20.0,No,Tablet,Fuel,No,0,51,0
TXN03038,18,150501.0,135.92,15,27.8,No,Mobile,Healthcare,No,0,50,1
TXN03039,24,30239.0,125.45,11,11.8,No,Tablet,Dining,No,0,21,0
TXN03040,52,48391.0,145.74,20,4.9,Yes,Tablet,Grocery,No,0,63,0
TXN03041,35,18000.0,15.88,12,6.7,Yes,Mobile,Electronics,No,1,47,0
TXN03042,31,48034.0,51.02,12,42.0,Yes,Tablet,Dining,No,0,61,1
TXN03043,24,73446.0,61.03,12,25.6,Yes,Desktop,Electronics,No,0,42,0
TXN03044,32,76067.0,135.39,9,7.5,No,Mobile,Grocery,No,0,56,0
TXN03045,23,56948.0,139.24,9,34.4,No,Tablet,Dining,Yes,0,36,0
TXN03046,61,82064.0,199.62,7,20.8,Yes,Mobile,Clothing,No,0,127,0
TXN03047,38,172960.0,147.46,15,27.8,Yes,Mobile,Fuel,No,0,93,0
TXN03048,37,118851.0,42.39,10,13.8,Yes,Desktop,Travel,No,0,44,0
TXN03049,44,43476.0,381.88,14,23.4,No,Mobile,Healthcare,No,0,70,0
TXN03050,49,28627.0,331.96,11,26.7,Yes,Mobile,Dining,No,0,57,0
TXN03051,48,45813.0,43.86,11,1.2,Yes,Tablet,Grocery,No,0,27,0
TXN03052,50,35916.0,156.59,14,40.3,No,Tablet,Clothing,No,0,67,0
TXN03053,31,67386.0,74.53,14,4.9,No,Desktop,Clothing,No,0,63,0
TXN03054,35,32324.0,134.1,13,7.0,Yes,Mobile,Travel,No,0,56,0
TXN03055,46,53227.0,278.7,12,18.8,Yes,Tablet,Clothing,No,0,114,0
TXN03056,32,80193.0,659.56,11,13.1,No,Mobile,Dining,No,1,44,1
TXN03057,38,52563.0,218.88,13,26.8,Yes,Tablet,Electronics,No,0,108,0
TXN03058,42,35927.0,151.93,15,6.1,No,Mobile,Grocery,No,0,60,0
TXN03059,47,93317.0,91.44,16,5.6,Yes,Desktop,Dining,No,0,103,0
TXN03060,18,23613.0,138.82,16,0.4,No,Desktop,Healthcare,No,0,93,0
TXN03061,46,47457.0,356.13,18,7.5,No,Tablet,Healthcare,Yes,0,107,0
TXN03062,35,53979.0,115.78,17,15.5,No,Desktop,Grocery,No,0,77,0
TXN03063,46,55395.0,59.06,8,4.3,Yes,Tablet,Fuel,No,0,94,0
TXN03064,47,59654.0,32.84,15,7.5,Yes,Desktop,Travel,No,1,62,0
TXN03065,56,72387.0,180.9,13,3.0,Yes,Desktop,Travel,No,1,77,0
TXN03066,53,54131.0,146.25,14,17.8,No,Desktop,Fuel,No,0,32,0
TXN03067,53,46605.0,71.58,16,0.7,Yes,Mobile,Travel,No,0,55,0
TXN03068,54,45783.0,272.68,13,14.7,Yes,Desktop,Travel,No,0,151,1
TXN03069,41,41769.0,85.63,15,5.7,Yes,Mobile,Clothing,No,0,79,0
TXN03070,38,78392.0,107.75,14,0.5,No,Desktop,Healthcare,No,0,77,0
TXN03071,48,41116.0,118.41,12,23.0,No,Mobile,Fuel,No,0,65,0
TXN03072,46,80510.0,90.62,8,8.0,No,Tablet,Electronics,Yes,0,47,0
TXN03073,35,55472.0,144.92,2,11.0,Yes,Mobile,Clothing,Yes,0,66,0
TXN03074,42,43500.0,301.48,10,15.8,No,Mobile,Travel,No,0,74,0
TXN03075,38,72647.0,48.11,18,12.8,Yes,Tablet,Electronics,No,0,21,0
TXN03076,29,39646.0,177.38,14,15.8,No,Mobile,Grocery,No,0,134,0
TXN03077,52,73297.0,137.72,6,17.2,Yes,Mobile,Grocery,No,0,81,0
TXN03078,39,60525.0,135.71,15,10.7,Yes,Desktop,Healthcare,No,1,66,0
TXN03079,61,42055.0,241.04,17,5.5,Yes,Mobile,Travel,No,0,31,0
TXN03080,20,69771.0,124.83,8,3.3,Yes,Mobile,Grocery,No,0,82,0
TXN03081,32,70337.0,176.21,5,28.0,Yes,Desktop,Fuel,No,0,19,0
TXN03082,38,92593.0,212.76,14,42.0,Yes,Tablet,Travel,No,0,55,0
TXN03083,51,84953.0,80.16,16,5.3,Yes,Mobile,Fuel,No,0,27,0
TXN03084,42,68608.0,152.45,10,1.4,Yes,Mobile,Healthcare,No,0,60,0
TXN03085,41,33113.0,98.19,12,3.0,Yes,Mobile,Electronics,No,0,99,0
TXN03086,26,165537.0,107.92,15,13.3,No,Mobile,Dining,No,0,71,0
TXN03087,25,29245.0,92.74,18,2.3,No,Mobile,Dining,Yes,0,40,0
TXN03088,42,84310.0,174.92,17,18.2,No,Mobile,Clothing,No,0,145,0
TXN03089,23,66780.0,128.1,15,30.8,No,Mobile,Healthcare,No,0,53,0
TXN03090,32,32426.0,164.54,15,39.8,No,Tablet,Travel,No,0,61,0
TXN03091,44,52008.0,118.33,12,0.2,No,Mobile,Healthcare,No,0,55,0
TXN03092,27,53085.0,33.25,17,38.1,No,Mobile,Fuel,No,1,98,0
TXN03093,56,98973.0,123.05,9,16.2,Yes,Desktop,Dining,No,0,64,0
TXN03094,51,39899.0,126.26,15,1.1,Yes,Mobile,Travel,No,0,61,0
TXN03095,21,48884.0,145.7,6,6.4,Yes,Desktop,Healthcare,No,0,40,0
TXN03096,28,19223.0,74.63,17,14.4,No,Mobile,Clothing,No,0,33,0
TXN03097,18,120058.0,46.11,11,37.7,No,Mobile,Healthcare,No,1,28,1
TXN03098,29,33975.0,197.78,8,2.2,Yes,Mobile,Dining,No,1,42,0
TXN03099,46,63716.0,96.41,11,1.6,Yes,Mobile,Healthcare,No,0,42,0
TXN03100,33,52547.0,137.62,12,7.7,Yes,Desktop,Clothing,No,0,95,0
TXN03101,43,52627.0,95.81,7,41.3,No,Tablet,Dining,Yes,0,124,0
TXN03102,21,79184.0,119.42,15,42.6,Yes,Mobile,Grocery,No,0,35,0
TXN03103,47,116676.0,83.77,12,3.1,Yes,Desktop,Healthcare,No,1,84,0
TXN03104,32,61590.0,55.31,14,4.6,Yes,Mobile,Healthcare,No,0,31,0
TXN03105,38,73856.0,175.3,17,28.6,Yes,Desktop,Healthcare,No,0,76,0
TXN03106,37,63773.0,74.07,19,15.9,No,Desktop,Travel,No,0,33,0
TXN03107,24,86940.0,136.82,14,43.0,No,Mobile,Clothing,No,0,49,0
TXN03108,25,44657.0,166.64,9,26.8,Yes,Mobile,Clothing,Yes,0,37,0
TXN03109,49,89234.0,75.04,13,2.9,Yes,Mobile,Dining,No,0,32,0
TXN03110,42,90655.0,45.8,14,17.1,Yes,Mobile,Clothing,No,0,58,0
TXN03111,50,89521.0,835.78,13,0.6,Yes,Desktop,Travel,No,0,79,0
TXN03112,42,40865.0,78.67,6,20.4,Yes,Tablet,Grocery,No,1,50,0
TXN03113,40,50988.0,197.6,11,11.0,Yes,Desktop,Travel,No,0,84,0
TXN03114,19,61258.0,566.27,15,37.5,No,Mobile,Healthcare,No,0,55,0
TXN03115,35,29679.0,225.75,10,38.6,Yes,Mobile,Grocery,No,0,180,0
TXN03116,38,112736.0,94.36,12,0.6,No,Mobile,Healthcare,Yes,0,21,0
TXN03117,59,54697.0,113.73,17,2.1,Yes,Desktop,Dining,No,1,96,0
TXN03118,46,62496.0,61.65,12,7.9,Yes,Mobile,Clothing,No,0,49,0
TXN03119,55,42423.0,242.95,13,25.4,No,Mobile,Clothing,No,1,72,0
TXN03120,45,30272.0,188.77,10,20.2,No,Desktop,Dining,No,0,34,0
TXN03121,30,41910.0,79.52,14,40.0,Yes,Mobile,Dining,Yes,0,32,0
TXN03122,39,60702.0,52.13,7,11.6,No,Mobile,Grocery,No,0,48,0
TXN03123,41,74468.0,41.7,10,3.6,Yes,Mobile,Electronics,No,0,73,0
TXN03124,28,59154.0,264.2,10,0.3,Yes,Mobile,Grocery,No,0,37,0
TXN03125,34,64287.0,132.13,14,3.0,No,Mobile,Grocery,No,0,96,0
TXN03126,36,47260.0,142.52,22,13.5,Yes,Mobile,Healthcare,No,0,56,0
TXN03127,56,68762.0,62.12,11,31.3,Yes,Mobile,Clothing,No,1,69,0
TXN03128,18,107191.0,37.21,17,4.6,No,Mobile,Fuel,No,0,58,0
TXN03129,51,75527.0,259.2,10,25.0,Yes,Mobile,Dining,No,0,73,0
TXN03130,28,79172.0,124.1,9,6.0,Yes,Tablet,Dining,No,0,98,0
TXN03131,23,62780.0,247.96,12,4.4,Yes,Mobile,Healthcare,No,0,51,0
TXN03132,51,27964.0,88.12,13,8.5,Yes,Mobile,Fuel,No,1,46,0
TXN03133,46,34372.0,99.29,12,7.0,Yes,Desktop,Clothing,No,0,53,0
TXN03134,52,67493.0,212.33,12,29.4,No,Mobile,Electronics,No,0,90,0
TXN03135,47,54730.0,215.59,21,7.6,Yes,Mobile,Travel,No,0,83,0
TXN03136,61,67038.0,227.13,10,3.9,Yes,Mobile,Dining,No,1,25,0
TXN03137,44,116947.0,94.76,11,22.2,No,Tablet,Dining,No,0,33,0
TXN03138,36,76252.0,196.2,6,80.2,No,Tablet,Grocery,No,0,39,0
TXN03139,42,96915.0,291.42,7,12.5,No,Desktop,Electronics,No,0,47,0
TXN03140,52,57394.0,110.35,15,3.5,Yes,Desktop,Electronics,No,0,25,0
TXN03141,29,38248.0,79.58,18,3.3,No,Mobile,Clothing,No,0,47,0
TXN03142,31,53586.0,351.32,11,0.7,Yes,Tablet,Electronics,No,0,104,0
TXN03143,35,38290.0,71.09,14,1.0,Yes,Mobile,Electronics,No,0,73,0
TXN03144,18,110893.0,198.56,14,29.6,No,Mobile,Fuel,No,0,70,0
TXN03145,40,78493.0,114.52,15,1.2,Yes,Mobile,Grocery,No,0,52,0
TXN03146,18,69516.0,27.5,13,7.9,No,Mobile,Healthcare,No,0,38,0
TXN03147,39,95919.0,296.0,11,14.4,Yes,Mobile,Clothing,Yes,0,52,0
TXN03148,48,22160.0,13.21,11,22.8,No,Mobile,Healthcare,No,0,117,0
TXN03149,33,71664.0,24.54,12,2.3,Yes,Desktop,Fuel,No,0,54,0
TXN03150,56,30494.0,182.98,12,6.9,No,Mobile,Fuel,No,0,92,0
TXN03151,22,54821.0,182.94,17,3.5,No,Tablet,Travel,No,0,86,0
TXN03152,51,47802.0,72.05,11,3.5,Yes,Mobile,Grocery,No,0,32,0
TXN03153,45,74078.0,135.06,19,4.3,Yes,Desktop,Electronics,No,0,45,0
TXN03154,19,60948.0,15.84,18,10.6,No,Mobile,Clothing,No,0,71,0
TXN03155,68,100749.0,211.26,10,0.2,Yes,Tablet,Grocery,No,0,80,0
TXN03156,37,41950.0,146.54,18,6.3,Yes,Mobile,Electronics,No,0,63,0
TXN03157,28,75674.0,115.7,6,2.5,No,Mobile,Travel,No,0,55,0
TXN03158,23,59165.0,122.02,10,41.0,Yes,Desktop,Dining,No,0,157,0
TXN03159,36,26350.0,178.06,13,10.5,Yes,Desktop,Fuel,No,0,42,0
TXN03160,37,36378.0,117.26,19,24.3,No,Mobile,Travel,No,0,157,0
TXN03161,39,51413.0,26.8,14,2.6,Yes,Mobile,Fuel,Yes,0,93,0
TXN03162,35,90728.0,695.45,13,19.9,No,Mobile,Clothing,No,0,36,0
TXN03163,45,67762.0,313.6,15,6.4,No,Mobile,Electronics,No,0,127,0
TXN03164,34,32523.0,42.93,12,2.3,Yes,Tablet,Clothing,No,0,48,0
TXN03165,18,51635.0,91.05,15,17.2,Yes,Mobile,Electronics,No,0,28,0
TXN03166,36,136366.0,99.35,10,17.2,No,Desktop,Healthcare,No,0,55,0
TXN03167,18,57823.0,284.45,8,65.9,No,Desktop,Travel,No,3,21,0
TXN03168,42,47467.0,21.33,14,18.2,Yes,Mobile,Dining,No,0,55,0
TXN03169,27,68622.0,80.5,15,1.9,Yes,Mobile,Dining,No,0,50,0
TXN03170,40,77545.0,29.34,9,4.7,Yes,Mobile,Fuel,No,0,134,0
TXN03171,52,44793.0,95.53,10,7.2,No,Desktop,Electronics,No,0,82,0
TXN03172,28,68958.0,82.23,14,1.6,No,Mobile,Electronics,Yes,0,76,0
TXN03173,50,47434.0,127.9,16,18.6,Yes,Mobile,Dining,No,0,51,0
TXN03174,33,76023.0,73.97,11,9.0,No,Mobile,Healthcare,No,0,59,0
TXN03175,57,59364.0,65.8,13,34.7,No,Mobile,Electronics,No,0,64,0
TXN03176,34,68321.0,197.0,9,10.7,Yes,Mobile,Clothing,No,0,72,0
TXN03177,29,39084.0,172.64,17,8.9,No,Mobile,Electronics,No,0,30,0
TXN03178,46,38006.0,186.53,14,0.9,No,Mobile,Travel,No,0,10,0
TXN03179,33,84167.0,104.16,14,1.9,No,Desktop,Dining,No,0,26,0
TXN03180,29,53070.0,75.95,23,22.7,Yes,Mobile,Healthcare,No,0,66,0
TXN03181,33,62527.0,109.12,10,56.1,Yes,Desktop,Dining,No,2,69,0
TXN03182,38,47916.0,179.19,15,6.4,No,Desktop,Clothing,Yes,0,78,0
TXN03183,53,82414.0,21.03,8,19.9,Yes,Tablet,Healthcare,Yes,0,39,0
TXN03184,18,41839.0,164.48,9,11.9,Yes,Mobile,Clothing,No,0,76,0
TXN03185,38,51744.0,153.67,16,38.3,Yes,Mobile,Grocery,No,0,39,0
TXN03186,45,78338.0,126.12,16,3.3,Yes,Desktop,Clothing,No,0,87,0
TXN03187,40,93239.0,106.49,10,9.4,Yes,Desktop,Dining,No,1,77,0
TXN03188,52,43451.0,15.4,14,6.3,No,Mobile,Dining,No,0,59,0
TXN03189,37,132846.0,84.4,9,9.4,Yes,Mobile,Clothing,No,0,120,0
TXN03190,36,63326.0,502.22,11,3.8,No,Desktop,Grocery,No,0,41,0
TXN03191,45,34399.0,121.24,19,8.3,Yes,Mobile,Electronics,Yes,0,79,0
TXN03192,39,64936.0,93.85,15,11.8,Yes,Desktop,Electronics,No,0,51,0
TXN03193,34,46293.0,121.63,12,1.0,Yes,Tablet,Fuel,No,0,44,0
TXN03194,44,66864.0,159.38,11,16.3,No,Mobile,Electronics,Yes,0,79,0
TXN03195,31,53949.0,203.27,8,14.7,Yes,Desktop,Dining,No,0,28,0
TXN03196,31,56869.0,99.92,13,25.5,Yes,Mobile,Fuel,No,1,75,0
TXN03197,32,36493.0,168.58,15,6.7,No,Desktop,Fuel,No,0,46,0
TXN03198,53,85872.0,458.89,17,0.8,Yes,Mobile,Clothing,No,0,45,0
TXN03199,18,32690.0,268.4,12,7.4,No,Mobile,Clothing,No,1,32,0
TXN03200,42,33394.0,780.34,14,1.8,Yes,Desktop,Electronics,No,0,77,0
TXN03201,38,64887.0,70.96,17,12.5,No,Mobile,Fuel,No,1,31,0
TXN03202,20,113139.0,458.72,13,0.6,Yes,Tablet,Grocery,No,0,71,0
TXN03203,41,46930.0,63.75,13,5.6,No,Mobile,Healthcare,Yes,0,25,0
TXN03204,43,75397.0,159.23,11,1.0,No,Mobile,Fuel,Yes,0,60,0
TXN03205,44,89151.0,215.61,15,0.2,Yes,Mobile,Travel,No,0,50,0
TXN03206,18,79356.0,79.75,7,38.8,Yes,Desktop,Grocery,No,0,88,0
TXN03207,53,47813.0,128.75,16,66.6,Yes,Mobile,Dining,No,0,33,0
TXN03208,30,33662.0,248.6,13,9.7,No,Desktop,Electronics,No,0,159,0
TXN03209,46,20367.0,67.98,16,3.3,Yes,Mobile,Electronics,Yes,0,20,0
TXN03210,46,48865.0,456.23,8,29.0,Yes,Mobile,Clothing,No,0,77,0
TXN03211,28,93454.0,39.64,16,30.8,Yes,Desktop,Travel,No,0,44,0
TXN03212,45,33164.0,566.37,12,23.1,No,Mobile,Electronics,No,0,96,0
TXN03213,34,75371.0,267.35,20,9.4,Yes,Mobile,Dining,No,0,33,0
TXN03214,18,35865.0,111.69,7,0.9,Yes,Tablet,Fuel,Yes,0,62,0
TXN03215,51,57689.0,86.95,10,1.1,No,Desktop,Electronics,No,0,52,0
TXN03216,29,75629.0,79.99,13,27.2,No,Desktop,Dining,No,0,31,0
TXN03217,29,40877.0,107.65,14,25.0,Yes,Desktop,Clothing,No,0,64,0
TXN03218,34,59386.0,115.43,19,6.8,Yes,Mobile,Grocery,No,1,46,0
TXN03219,41,45629.0,327.56,10,4.8,Yes,Desktop,Healthcare,No,0,106,0
TXN03220,37,75539.0,579.64,13,12.4,Yes,Desktop,Dining,No,0,141,0
TXN03221,44,61144.0,140.75,15,19.7,Yes,Desktop,Clothing,No,0,88,0
TXN03222,23,56416.0,61.01,15,15.8,Yes,Mobile,Travel,No,0,14,0
TXN03223,30,110896.0,77.55,15,11.5,No,Tablet,Dining,No,0,40,0
TXN03224,37,74097.0,103.65,15,3.2,No,Desktop,Healthcare,No,0,48,0
TXN03225,59,40313.0,52.64,16,3.7,No,Mobile,Electronics,No,0,44,0
TXN03226,37,52915.0,46.73,17,15.5,Yes,Mobile,Fuel,Yes,0,48,0
TXN03227,50,53153.0,642.39,13,19.5,No,Mobile,Dining,No,0,52,0
TXN03228,38,57024.0,152.87,10,1.5,Yes,Desktop,Travel,No,0,74,0
TXN03229,33,171291.0,61.62,14,2.5,Yes,Tablet,Grocery,No,0,75,0
TXN03230,35,64989.0,230.62,14,13.7,Yes,Mobile,Travel,No,0,56,0
TXN03231,36,22003.0,46.75,12,5.9,Yes,Tablet,Clothing,No,0,48,0
TXN03232,45,43081.0,49.93,23,9.9,Yes,Mobile,Grocery,Yes,0,59,0
TXN03233,53,23052.0,63.12,14,11.4,Yes,Mobile,Dining,No,0,54,0
TXN03234,42,47414.0,450.84,13,18.0,Yes,Mobile,Fuel,No,0,49,0
TXN03235,51,22489.0,98.02,15,19.7,Yes,Mobile,Travel,Yes,1,85,0
TXN03236,27,37156.0,17.02,14,3.9,Yes,Mobile,Fuel,No,0,25,0
TXN03237,33,27744.0,315.94,16,9.4,No,Desktop,Clothing,No,0,36,0
TXN03238,30,65379.0,93.91,17,1.6,No,Mobile,Dining,No,0,60,0
TXN03239,41,55013.0,27.33,14,22.1,No,Mobile,Fuel,No,0,42,0
TXN03240,34,63033.0,93.14,14,22.4,No,Desktop,Fuel,No,0,53,0
TXN03241,46,52472.0,182.05,10,4.3,No,Desktop,Travel,No,0,38,0
TXN03242,28,29368.0,165.79,21,2.1,No,Tablet,Dining,No,0,54,0
TXN03243,38,69298.0,505.84,11,0.9,No,Mobile,Fuel,No,1,33,0
TXN03244,46,130625.0,60.66,12,10.3,No,Tablet,Grocery,No,0,62,0
TXN03245,18,66121.0,124.57,19,1.2,No,Mobile,Electronics,No,0,48,0
TXN03246,61,45407.0,68.57,10,13.7,Yes,Mobile,Grocery,No,0,58,0
TXN03247,35,28925.0,34.94,11,13.6,No,Tablet,Clothing,No,0,10,0
TXN03248,18,36551.0,243.69,14,11.4,No,Mobile,Fuel,No,0,53,0
TXN03249,40,67437.0,173.84,10,25.1,Yes,Desktop,Dining,No,0,81,0
TXN03250,38,89143.0,150.57,16,5.7,Yes,Desktop,Grocery,No,0,65,0
TXN03251,37,61851.0,168.84,16,27.9,Yes,Mobile,Dining,No,0,69,0
TXN03252,49,78829.0,69.35,8,0.5,No,Desktop,Clothing,No,0,65,0
TXN03253,46,75625.0,53.67,13,1.4,No,Mobile,Grocery,No,0,37,0
TXN03254,41,69081.0,123.67,15,6.4,Yes,Mobile,Dining,No,1,88,0
TXN03255,43,40896.0,303.83,10,10.8,Yes,Desktop,Fuel,No,1,62,0
TXN03256,37,59478.0,434.39,8,0.4,No,Tablet,Travel,Yes,1,20,0
TXN03257,58,37546.0,226.75,15,10.1,No,Mobile,Healthcare,No,0,33,0
TXN03258,22,55433.0,122.83,17,4.4,Yes,Tablet,Grocery,No,0,80,0
TXN03259,40,63830.0,148.91,11,26.2,No,Mobile,Clothing,No,0,112,0
TXN03260,39,117072.0,121.12,15,9.1,Yes,Mobile,Healthcare,No,0,30,0
TXN03261,47,30507.0,52.81,13,10.6,Yes,Desktop,Dining,No,0,61,0
TXN03262,29,68307.0,122.39,7,34.9,No,Mobile,Grocery,Yes,0,82,0
TXN03263,19,107114.0,41.25,13,17.3,No,Tablet,Dining,No,0,64,0
TXN03264,40,77387.0,108.66,10,6.9,Yes,Desktop,Dining,No,1,53,0
TXN03265,41,80011.0,444.24,15,7.8,Yes,Desktop,Travel,No,0,66,0
TXN03266,54,71650.0,231.78,15,12.5,Yes,Desktop,Dining,No,0,38,0
TXN03267,24,98651.0,57.34,17,2.7,No,Tablet,Grocery,No,0,61,0
TXN03268,51,33716.0,113.24,13,1.1,No,Desktop,Clothing,No,0,138,0
TXN03269,64,29479.0,61.56,12,4.5,Yes,Mobile,Healthcare,No,0,67,0
TXN03270,34,54843.0,114.15,15,18.1,Yes,Tablet,Healthcare,No,1,34,0
TXN03271,24,20797.0,275.99,15,3.6,Yes,Mobile,Fuel,No,0,44,0
TXN03272,34,95691.0,202.33,14,1.7,No,Mobile,Clothing,No,0,93,0
TXN03273,38,95264.0,875.51,12,3.0,Yes,Mobile,Electronics,Yes,0,84,0
TXN03274,44,45256.0,311.52,14,13.6,Yes,Tablet,Dining,No,0,77,0
TXN03275,31,46548.0,141.27,14,11.4,No,Mobile,Electronics,No,0,55,0
TXN03276,55,53238.0,206.28,15,14.0,Yes,Mobile,Fuel,No,0,48,0
TXN03277,26,56303.0,102.06,13,4.7,Yes,Mobile,Clothing,No,1,21,0
TXN03278,19,58239.0,48.69,15,27.7,Yes,Mobile,Electronics,No,0,24,0
TXN03279,50,70707.0,341.08,10,7.2,No,Mobile,Dining,No,0,78,0
TXN03280,18,50889.0,268.99,13,8.7,No,Desktop,Grocery,No,0,58,0
TXN03281,36,84080.0,98.95,15,35.7,Yes,Mobile,Clothing,No,1,41,0
TXN03282,72,67223.0,149.4,11,46.5,Yes,Desktop,Clothing,No,0,110,0
TXN03283,38,41855.0,323.84,14,13.0,Yes,Mobile,Travel,No,0,75,0
TXN03284,26,100297.0,236.17,8,34.8,Yes,Mobile,Clothing,No,0,79,0
TXN03285,37,29848.0,37.23,23,9.4,Yes,Desktop,Healthcare,No,0,42,0
TXN03286,37,52766.0,145.82,11,4.4,Yes,Mobile,Dining,No,0,48,0
TXN03287,40,84983.0,104.94,16,4.5,No,Mobile,Dining,No,0,55,0
TXN03288,45,39724.0,292.33,10,9.8,No,Tablet,Travel,No,0,83,0
TXN03289,27,63221.0,273.78,12,11.1,No,Mobile,Travel,No,0,38,0
TXN03290,57,70234.0,344.6,16,6.9,No,Mobile,Healthcare,No,0,39,0
TXN03291,41,37341.0,49.07,9,25.8,No,Mobile,Clothing,No,0,90,0
TXN03292,46,53235.0,64.08,11,6.7,No,Mobile,Travel,No,0,30,0
TXN03293,31,51260.0,292.59,19,3.8,No,Mobile,Travel,No,0,77,0
TXN03294,52,42908.0,74.75,13,0.2,Yes,Desktop,Travel,No,0,113,0
TXN03295,35,154948.0,35.53,22,42.3,Yes,Mobile,Dining,No,0,28,1
TXN03296,41,39015.0,183.75,8,20.9,Yes,Mobile,Electronics,No,0,65,0
TXN03297,28,86449.0,77.46,17,11.5,No,Desktop,Grocery,No,1,48,0
TXN03298,27,46089.0,502.36,8,21.3,Yes,Mobile,Healthcare,No,0,145,0
TXN03299,46,33729.0,152.08,17,19.9,Yes,Mobile,Dining,No,0,86,0
TXN03300,33,57604.0,136.41,15,32.2,No,Desktop,Healthcare,No,0,74,0
TXN03301,29,73657.0,89.31,11,5.9,Yes,Mobile,Fuel,No,0,94,0
TXN03302,31,83226.0,428.44,9,9.7,No,Mobile,Clothing,No,0,18,1
TXN03303,46,111091.0,159.87,15,1.2,Yes,Desktop,Healthcare,No,1,39,0
TXN03304,31,206995.0,86.55,11,40.3,No,Tablet,Dining,No,0,122,0
TXN03305,37,61563.0,63.58,11,50.5,No,Mobile,Clothing,No,0,49,0
TXN03306,38,40811.0,113.15,19,18.7,No,Desktop,Dining,Yes,0,42,0
TXN03307,18,67432.0,54.89,16,7.3,Yes,Mobile,Healthcare,No,1,142,0
TXN03308,22,48791.0,273.31,10,8.2,No,Mobile,Electronics,No,0,92,0
TXN03309,42,83431.0,28.24,14,6.9,Yes,Mobile,Clothing,No,1,19,0
TXN03310,30,30680.0,107.33,14,4.2,Yes,Mobile,Healthcare,No,0,48,0
TXN03311,50,159666.0,195.51,13,9.0,Yes,Mobile,Travel,No,1,76,0
TXN03312,49,80847.0,157.78,13,0.7,Yes,Tablet,Clothing,No,2,39,0
TXN03313,46,25778.0,67.6,14,57.8,Yes,Tablet,Healthcare,No,0,48,0
TXN03314,58,39976.0,203.51,13,6.6,Yes,Desktop,Fuel,No,0,67,0
TXN03315,37,79406.0,59.07,11,31.5,Yes,Mobile,Electronics,No,0,89,0
TXN03316,45,93381.0,117.87,15,15.5,Yes,Mobile,Grocery,No,0,61,0
TXN03317,32,31026.0,202.14,12,4.1,Yes,Desktop,Healthcare,No,0,47,0
TXN03318,65,75807.0,173.79,13,3.0,Yes,Mobile,Fuel,No,0,95,0
TXN03319,60,22898.0,69.93,15,65.3,No,Mobile,Fuel,No,0,54,0
TXN03320,38,52833.0,312.78,9,17.7,Yes,Mobile,Electronics,No,0,77,0
TXN03321,42,90718.0,128.62,15,3.4,Yes,Mobile,Fuel,No,1,16,0
TXN03322,53,42912.0,217.43,10,0.8,No,Mobile,Dining,No,0,89,0
TXN03323,36,27917.0,407.8,14,14.3,Yes,Tablet,Dining,No,0,60,0
TXN03324,31,58741.0,293.39,14,4.3,Yes,Mobile,Travel,No,0,64,0
TXN03325,48,41897.0,294.0,10,3.0,Yes,Mobile,Electronics,No,0,61,0
TXN03326,39,73013.0,140.0,8,15.9,No,Tablet,Healthcare,Yes,0,52,0
TXN03327,40,36927.0,226.48,14,13.6,No,Mobile,Dining,No,0,63,0
TXN03328,29,38848.0,142.36,12,7.9,Yes,Desktop,Healthcare,No,0,44,0
TXN03329,19,22151.0,45.61,9,34.3,Yes,Mobile,Fuel,No,0,82,0
TXN03330,41,59371.0,152.89,19,13.7,Yes,Mobile,Healthcare,No,0,68,0
TXN03331,48,51158.0,147.32,15,26.9,Yes,Mobile,Fuel,No,0,67,0
TXN03332,36,32219.0,191.42,10,2.5,Yes,Mobile,Dining,No,0,36,0
TXN03333,54,60012.0,108.32,6,4.2,No,Mobile,Electronics,Yes,0,80,0
TXN03334,30,87314.0,65.26,12,1.3,Yes,Mobile,Electronics,No,0,47,0
TXN03335,26,49915.0,202.9,12,4.4,Yes,Mobile,Grocery,No,0,10,0
TXN03336,37,62054.0,41.97,15,42.8,Yes,Desktop,Electronics,No,0,45,0
TXN03337,37,62198.0,385.5,11,39.5,No,Mobile,Clothing,No,0,74,0
TXN03338,46,31989.0,99.72,15,17.1,Yes,Desktop,Clothing,No,0,26,0
TXN03339,29,138767.0,146.04,16,8.8,No,Mobile,Clothing,No,0,53,0
TXN03340,53,44498.0,187.6,9,18.2,No,Desktop,Dining,No,0,23,0
TXN03341,60,73891.0,192.49,10,9.7,No,Mobile,Grocery,No,0,55,0
TXN03342,38,77749.0,38.87,19,0.2,Yes,Mobile,Fuel,No,1,52,0
TXN03343,52,51651.0,232.01,10,8.4,Yes,Mobile,Dining,No,0,83,0
TXN03344,26,72269.0,152.94,14,11.0,No,Tablet,Travel,No,0,47,0
TXN03345,50,61433.0,72.19,7,3.7,No,Tablet,Travel,No,0,67,0
TXN03346,50,29061.0,65.87,8,2.7,Yes,Mobile,Electronics,No,0,82,0
TXN03347,47,47362.0,91.86,13,3.8,Yes,Desktop,Grocery,No,0,78,0
TXN03348,38,41749.0,42.46,12,11.7,Yes,Mobile,Grocery,No,0,38,0
TXN03349,18,44681.0,475.95,14,1.9,Yes,Mobile,Fuel,No,0,110,0
TXN03350,31,30586.0,394.02,10,15.3,No,Desktop,Healthcare,No,0,147,0
TXN03351,31,91307.0,172.23,14,6.6,No,Mobile,Electronics,No,0,58,0
TXN03352,27,113095.0,100.36,12,5.2,Yes,Mobile,Grocery,No,0,30,0
TXN03353,39,85408.0,102.49,17,19.8,Yes,Desktop,Healthcare,No,0,68,0
TXN03354,33,97424.0,220.07,13,8.5,No,Desktop,Dining,Yes,0,56,0
TXN03355,29,47099.0,489.68,19,5.7,Yes,Mobile,Fuel,No,1,118,0
TXN03356,26,41306.0,76.03,10,25.3,Yes,Mobile,Grocery,No,0,83,0
TXN03357,30,38744.0,49.08,12,5.5,Yes,Mobile,Travel,No,0,81,0
TXN03358,50,73491.0,413.89,11,23.5,Yes,Mobile,Travel,No,0,69,0
TXN03359,31,60917.0,28.73,17,8.4,No,Mobile,Grocery,No,0,32,0
TXN03360,32,53122.0,53.55,19,2.8,Yes,Tablet,Clothing,No,0,41,0
TXN03361,33,98509.0,98.49,10,11.4,Yes,Mobile,Clothing,No,0,71,0
TXN03362,42,65994.0,34.44,12,4.0,Yes,Desktop,Travel,No,0,49,0
TXN03363,43,37710.0,292.13,15,1.9,No,Tablet,Dining,No,0,50,0
TXN03364,18,40485.0,238.18,19,1.1,Yes,Desktop,Fuel,No,0,51,0
TXN03365,49,74756.0,75.77,13,3.3,No,Mobile,Dining,No,0,42,0
TXN03366,54,87892.0,334.01,12,16.0,Yes,Desktop,Travel,No,0,60,0
TXN03367,26,70498.0,382.58,15,21.8,Yes,Tablet,Grocery,No,0,44,0
TXN03368,27,129145.0,109.61,13,23.7,Yes,Mobile,Grocery,No,0,35,0
TXN03369,33,114788.0,83.68,14,3.8,No,Mobile,Fuel,No,0,68,0
TXN03370,30,67074.0,731.56,16,13.0,Yes,Mobile,Travel,No,0,68,0
TXN03371,40,37712.0,213.67,12,3.1,No,Mobile,Travel,No,0,27,0
TXN03372,18,30503.0,147.31,11,11.7,No,Mobile,Travel,No,0,60,0
TXN03373,26,46201.0,357.21,7,26.2,Yes,Desktop,Healthcare,No,0,94,0
TXN03374,55,77191.0,152.79,11,0.5,No,Desktop,Electronics,No,0,40,0
TXN03375,28,125126.0,80.08,9,50.6,Yes,Mobile,Grocery,No,1,69,0
TXN03376,52,66366.0,127.95,14,21.1,Yes,Desktop,Travel,No,0,47,0
TXN03377,42,93061.0,275.45,17,17.2,Yes,Mobile,Fuel,No,0,28,0
TXN03378,18,49252.0,24.38,8,14.1,No,Desktop,Clothing,No,0,40,0
TXN03379,45,72790.0,95.3,5,17.7,Yes,Desktop,Healthcare,No,0,107,0
TXN03380,37,79666.0,362.83,13,62.6,Yes,Desktop,Electronics,No,0,57,0
TXN03381,33,22568.0,79.68,16,17.6,Yes,Mobile,Travel,No,0,47,0
TXN03382,41,45663.0,413.38,14,5.2,Yes,Desktop,Grocery,No,0,42,0
TXN03383,43,84327.0,372.15,10,11.4,No,Mobile,Clothing,No,0,59,0
TXN03384,46,62230.0,113.87,15,4.9,Yes,Mobile,Electronics,No,0,49,0
TXN03385,51,32101.0,76.15,13,42.1,No,Mobile,Healthcare,No,0,62,0
TXN03386,42,18426.0,95.35,9,27.6,No,Mobile,Dining,No,0,58,0
TXN03387,23,46653.0,1011.49,11,10.1,No,Mobile,Fuel,No,2,79,0
TXN03388,33,53256.0,537.56,8,18.2,Yes,Mobile,Grocery,No,1,56,0
TXN03389,70,36950.0,132.66,15,28.9,Yes,Mobile,Dining,No,0,58,0
TXN03390,46,58658.0,73.77,18,3.4,Yes,Desktop,Grocery,No,0,49,0
TXN03391,64,69076.0,131.78,13,10.4,Yes,Mobile,Fuel,No,0,86,0
TXN03392,53,74377.0,145.85,11,7.9,Yes,Mobile,Travel,No,0,37,0
TXN03393,41,19052.0,44.38,10,17.7,Yes,Mobile,Dining,No,0,60,0
TXN03394,41,30444.0,127.94,10,5.7,No,Desktop,Dining,No,0,13,0
TXN03395,38,47955.0,345.65,18,14.8,Yes,Mobile,Electronics,No,0,105,0
TXN03396,19,71151.0,28.45,13,6.2,Yes,Tablet,Travel,No,0,35,1
TXN03397,38,68545.0,232.47,12,1.4,No,Desktop,Fuel,No,0,68,0
TXN03398,51,68011.0,360.44,11,1.4,Yes,Mobile,Clothing,No,0,156,0
TXN03399,31,46284.0,76.63,13,1.5,Yes,Mobile,Electronics,No,0,50,0
TXN03400,43,47461.0,465.37,9,0.4,Yes,Mobile,Dining,Yes,0,81,0
TXN03401,47,39630.0,69.08,18,9.1,Yes,Mobile,Grocery,No,0,107,0
TXN03402,28,77713.0,170.78,8,13.4,Yes,Tablet,Healthcare,Yes,0,66,0
TXN03403,33,36347.0,93.89,9,1.6,Yes,Mobile,Healthcare,No,1,47,1
TXN03404,27,80628.0,93.87,15,11.4,Yes,Desktop,Fuel,No,0,30,0
TXN03405,29,60393.0,73.23,15,10.9,Yes,Tablet,Electronics,No,0,30,0
TXN03406,24,53896.0,209.84,14,1.9,Yes,Mobile,Clothing,No,0,45,0
TXN03407,28,40928.0,236.64,11,6.2,Yes,Mobile,Travel,No,0,62,0
TXN03408,54,29884.0,113.97,19,16.9,Yes,Mobile,Clothing,No,0,96,1
TXN03409,28,41095.0,40.43,8,0.2,Yes,Mobile,Grocery,No,0,51,0
TXN03410,39,47410.0,165.67,11,1.9,No,Mobile,Electronics,No,0,52,0
TXN03411,32,18940.0,168.19,13,65.8,No,Tablet,Healthcare,No,0,62,0
TXN03412,51,50326.0,100.9,15,15.9,Yes,Tablet,Healthcare,No,0,132,0
TXN03413,52,83370.0,534.47,15,7.5,No,Desktop,Fuel,No,0,85,0
TXN03414,48,70993.0,34.34,15,11.9,No,Desktop,Healthcare,No,0,46,0
TXN03415,41,43993.0,20.36,13,22.5,Yes,Mobile,Grocery,No,0,111,0
TXN03416,35,56174.0,66.87,13,22.2,No,Desktop,Electronics,No,0,99,0
TXN03417,25,42822.0,211.84,9,4.7,Yes,Mobile,Electronics,No,0,27,0
TXN03418,59,58808.0,51.56,12,8.1,No,Mobile,Clothing,No,0,28,0
TXN03419,30,109989.0,54.75,12,12.2,Yes,Mobile,Fuel,No,0,62,0
TXN03420,45,85043.0,256.8,9,0.9,Yes,Desktop,Travel,No,0,48,0
TXN03421,50,69525.0,173.73,18,35.0,No,Mobile,Grocery,No,0,90,0
TXN03422,32,44059.0,162.25,14,6.8,Yes,Mobile,Clothing,No,0,54,0
TXN03423,49,77077.0,224.22,15,5.6,Yes,Desktop,Electronics,No,0,33,0
TXN03424,46,25745.0,85.4,14,28.5,No,Desktop,Clothing,Yes,0,103,0
TXN03425,57,49096.0,88.62,13,1.5,Yes,Mobile,Clothing,No,1,66,0
TXN03426,33,71522.0,229.37,21,0.5,No,Mobile,Clothing,No,1,64,0
TXN03427,24,76748.0,40.92,14,13.9,Yes,Tablet,Fuel,No,0,46,0
TXN03428,32,74350.0,21.61,16,5.8,No,Mobile,Electronics,Yes,0,39,0
TXN03429,40,62803.0,84.85,15,17.4,Yes,Desktop,Fuel,No,0,21,0
TXN03430,39,50363.0,252.7,12,0.9,Yes,Mobile,Fuel,No,0,15,0
TXN03431,34,70065.0,147.22,20,5.8,Yes,Desktop,Electronics,No,0,40,0
TXN03432,18,35821.0,238.25,14,3.2,No,Desktop,Clothing,No,0,52,1
TXN03433,43,37608.0,23.91,16,16.1,Yes,Desktop,Clothing,No,0,55,0
TXN03434,60,56549.0,154.45,16,3.1,Yes,Mobile,Fuel,No,0,69,0
TXN03435,43,59458.0,202.47,16,7.3,Yes,Mobile,Healthcare,No,0,66,0
TXN03436,45,24187.0,40.73,14,20.5,Yes,Desktop,Grocery,No,0,99,0
TXN03437,44,67501.0,239.16,11,29.6,Yes,Mobile,Clothing,Yes,0,97,0
TXN03438,42,77872.0,109.76,13,15.4,No,Desktop,Fuel,No,0,59,0
TXN03439,48,53120.0,1400.47,14,6.7,Yes,Desktop,Travel,No,0,59,0
TXN03440,42,160107.0,21.02,12,10.2,Yes,Mobile,Healthcare,No,0,141,0
TXN03441,35,40448.0,358.81,18,14.0,No,Tablet,Travel,No,0,66,0
TXN03442,29,46751.0,87.55,14,24.9,No,Mobile,Fuel,No,1,88,0
TXN03443,35,46042.0,32.91,14,26.3,No,Desktop,Healthcare,No,2,55,0
TXN03444,41,53146.0,78.72,9,32.1,No,Desktop,Healthcare,No,0,65,1
TXN03445,35,47437.0,149.83,13,20.0,Yes,Mobile,Grocery,No,0,54,1
TXN03446,41,29203.0,275.19,12,1.9,No,Desktop,Clothing,No,0,23,0
TXN03447,43,43008.0,475.83,12,16.5,Yes,Desktop,Healthcare,Yes,0,93,0
TXN03448,47,52636.0,374.28,15,20.2,No,Mobile,Dining,No,0,43,0
TXN03449,52,95602.0,55.43,13,25.2,Yes,Mobile,Dining,No,0,43,0
TXN03450,39,148167.0,296.37,19,31.1,Yes,Desktop,Grocery,No,0,47,0
TXN03451,24,100313.0,164.11,11,8.5,No,Mobile,Travel,No,0,78,0
TXN03452,34,38800.0,71.08,11,12.8,No,Mobile,Fuel,No,0,135,0
TXN03453,38,40214.0,101.29,12,0.2,Yes,Mobile,Electronics,No,0,28,0
TXN03454,18,51195.0,68.01,14,10.2,Yes,Mobile,Fuel,No,0,66,0
TXN03455,53,122779.0,123.61,14,7.7,Yes,Desktop,Fuel,No,0,51,0
TXN03456,40,51054.0,66.94,12,39.3,No,Desktop,Dining,Yes,0,86,0
TXN03457,42,30264.0,52.73,17,27.8,Yes,Tablet,Healthcare,No,0,37,0
TXN03458,53,43895.0,176.05,14,19.2,No,Mobile,Fuel,No,0,77,0
TXN03459,31,77324.0,198.44,10,0.7,Yes,Desktop,Dining,No,0,62,0
TXN03460,44,75024.0,103.28,16,6.2,Yes,Mobile,Electronics,No,0,42,0
TXN03461,37,50261.0,358.39,15,14.3,Yes,Mobile,Fuel,No,0,22,0
TXN03462,36,74804.0,97.43,11,0.4,No,Desktop,Grocery,Yes,0,54,0
TXN03463,30,19775.0,94.19,12,3.2,No,Mobile,Fuel,No,0,53,0
TXN03464,56,57631.0,203.54,19,26.2,Yes,Mobile,Clothing,Yes,0,142,0
TXN03465,34,81016.0,107.94,15,1.7,No,Mobile,Clothing,No,1,96,0
TXN03466,46,37809.0,128.42,17,0.6,No,Desktop,Grocery,No,0,46,0
TXN03467,18,37750.0,15.98,15,10.4,No,Desktop,Dining,No,0,92,0
TXN03468,51,23746.0,121.61,16,35.1,No,Mobile,Fuel,No,0,61,0
TXN03469,50,112481.0,27.82,18,21.6,No,Mobile,Dining,No,0,30,0
TXN03470,39,39776.0,45.18,11,44.2,Yes,Mobile,Grocery,No,0,37,0
TXN03471,36,61301.0,41.23,10,16.8,Yes,Mobile,Dining,Yes,0,65,0
TXN03472,42,72175.0,52.11,11,6.9,No,Desktop,Travel,No,0,51,0
TXN03473,63,108610.0,77.36,13,35.2,No,Tablet,Clothing,No,0,106,0
TXN03474,19,51320.0,81.31,15,6.7,Yes,Tablet,Grocery,No,0,57,0
TXN03475,47,43146.0,204.16,20,5.2,No,Desktop,Dining,No,0,49,0
TXN03476,28,59455.0,143.37,14,7.1,No,Tablet,Fuel,No,0,44,0
TXN03477,38,98020.0,26.22,11,20.2,Yes,Desktop,Dining,No,0,78,1
TXN03478,35,50945.0,128.27,11,30.0,Yes,Tablet,Electronics,No,1,38,0
TXN03479,33,35789.0,154.79,13,5.3,No,Desktop,Healthcare,No,0,38,0
TXN03480,38,27495.0,92.26,9,7.4,Yes,Mobile,Grocery,No,0,44,0
TXN03481,26,31745.0,114.3,12,27.4,Yes,Mobile,Dining,No,0,19,0
TXN03482,49,81151.0,139.73,8,0.6,No,Desktop,Clothing,No,0,22,0
TXN03483,18,47610.0,221.22,7,18.4,No,Desktop,Travel,No,0,49,0
TXN03484,44,41844.0,34.04,14,7.3,Yes,Mobile,Clothing,No,0,53,0
TXN03485,34,39851.0,98.7,16,5.7,No,Desktop,Electronics,Yes,0,32,0
TXN03486,25,57146.0,401.08,6,7.1,Yes,Desktop,Grocery,No,0,29,0
TXN03487,40,49382.0,372.72,11,6.5,Yes,Mobile,Electronics,Yes,0,57,0
TXN03488,21,48639.0,237.04,11,17.0,No,Mobile,Fuel,No,0,34,0
TXN03489,38,100940.0,184.37,9,31.6,No,Tablet,Travel,No,0,58,0
TXN03490,22,109886.0,450.88,14,8.1,Yes,Desktop,Fuel,No,0,82,0
TXN03491,43,26651.0,556.56,13,21.5,Yes,Mobile,Clothing,No,0,34,0
TXN03492,28,63736.0,108.23,11,15.8,No,Desktop,Clothing,No,0,27,0
TXN03493,33,38774.0,55.25,8,4.8,No,Mobile,Dining,No,0,37,0
TXN03494,41,49187.0,96.67,8,10.6,Yes,Mobile,Electronics,No,0,38,0
TXN03495,30,63213.0,1429.17,8,13.2,Yes,Mobile,Fuel,Yes,0,56,0
TXN03496,37,49979.0,34.19,17,0.3,Yes,Desktop,Healthcare,No,0,57,0
TXN03497,21,61010.0,82.36,10,6.0,Yes,Desktop,Dining,Yes,0,53,0
TXN03498,45,74453.0,38.76,12,58.9,Yes,Mobile,Travel,No,1,91,0
TXN03499,57,62796.0,132.6,15,12.2,Yes,Tablet,Clothing,No,0,33,0
TXN03500,69,41110.0,45.85,16,4.9,Yes,Tablet,Fuel,No,0,60,0
TXN03501,39,41438.0,110.0,15,3.5,Yes,Desktop,Electronics,No,0,111,0
TXN03502,47,28774.0,25.21,14,2.8,Yes,Tablet,Fuel,No,0,57,0
TXN03503,18,37452.0,196.68,11,6.2,Yes,Desktop,Travel,No,0,72,1
TXN03504,55,132989.0,319.06,9,2.6,No,Desktop,Dining,No,0,25,0
TXN03505,47,38511.0,88.26,10,1.7,Yes,Mobile,Fuel,No,0,101,0
TXN03506,33,32147.0,107.7,19,5.4,No,Mobile,Fuel,No,0,89,0
TXN03507,52,63517.0,105.3,11,11.2,No,Mobile,Clothing,No,1,79,1
TXN03508,35,52335.0,138.69,12,1.9,Yes,Desktop,Grocery,No,0,84,0
TXN03509,33,50366.0,116.39,13,0.5,Yes,Mobile,Dining,No,0,40,0
TXN03510,43,103690.0,221.85,14,0.4,No,Mobile,Healthcare,Yes,0,53,0
TXN03511,26,70417.0,321.8,16,3.7,Yes,Mobile,Healthcare,No,0,50,0
TXN03512,49,43330.0,62.57,17,2.5,Yes,Mobile,Healthcare,No,0,35,0
TXN03513,26,45437.0,93.69,13,9.3,No,Mobile,Clothing,No,0,95,1
TXN03514,26,43867.0,246.85,16,7.3,Yes,Desktop,Grocery,No,0,44,0
TXN03515,28,81530.0,38.48,15,4.7,Yes,Tablet,Grocery,No,0,89,0
TXN03516,46,47879.0,24.8,16,21.5,No,Tablet,Clothing,No,0,45,0
TXN03517,31,24543.0,143.82,10,8.4,Yes,Desktop,Travel,No,0,51,0
TXN03518,23,53817.0,178.5,9,1.2,Yes,Tablet,Travel,No,0,59,0
TXN03519,31,27541.0,67.33,14,4.2,Yes,Mobile,Electronics,No,0,48,0
TXN03520,38,146971.0,75.53,10,43.5,No,Mobile,Clothing,No,0,93,0
TXN03521,25,35616.0,65.32,11,45.3,Yes,Mobile,Dining,No,0,21,0
TXN03522,25,51136.0,59.98,9,3.5,Yes,Tablet,Dining,No,0,76,0
TXN03523,61,61777.0,208.99,15,2.2,Yes,Mobile,Travel,No,0,105,0
TXN03524,29,48300.0,46.67,13,8.2,Yes,Desktop,Travel,No,0,34,0
TXN03525,34,48270.0,97.04,7,7.9,Yes,Desktop,Grocery,No,0,14,0
TXN03526,34,66497.0,58.16,15,6.3,Yes,Desktop,Travel,Yes,0,25,0
TXN03527,33,109304.0,37.46,11,9.0,Yes,Mobile,Healthcare,No,0,29,1
TXN03528,45,77689.0,240.72,11,3.2,No,Desktop,Fuel,No,0,92,0
TXN03529,48,106982.0,79.17,10,1.5,No,Desktop,Dining,No,0,33,1
TXN03530,35,34342.0,139.53,10,10.1,No,Mobile,Electronics,No,0,42,0
TXN03531,24,63443.0,35.91,13,32.4,Yes,Desktop,Grocery,No,0,43,0
TXN03532,52,58980.0,66.28,11,1.8,Yes,Desktop,Fuel,No,0,59,0
TXN03533,37,64414.0,219.72,12,14.6,Yes,Tablet,Travel,No,0,77,0
TXN03534,57,102170.0,950.8,12,6.9,Yes,Mobile,Electronics,No,0,93,0
TXN03535,18,49798.0,24.69,13,4.2,Yes,Mobile,Travel,No,0,25,0
TXN03536,40,45826.0,102.17,11,23.0,Yes,Mobile,Clothing,No,0,62,0
TXN03537,59,69939.0,166.89,14,7.3,Yes,Desktop,Fuel,No,0,85,0
TXN03538,34,24708.0,73.3,16,10.5,Yes,Tablet,Clothing,No,0,105,0
TXN03539,36,49440.0,236.77,11,7.0,Yes,Tablet,Healthcare,No,0,68,0
TXN03540,41,51777.0,59.99,11,1.0,Yes,Tablet,Clothing,No,0,42,0
TXN03541,32,36349.0,135.72,16,10.8,No,Desktop,Electronics,No,0,17,0
TXN03542,35,88501.0,79.03,9,6.5,Yes,Desktop,Clothing,No,0,64,0
TXN03543,34,34101.0,318.31,10,1.1,No,Mobile,Travel,No,0,52,0
TXN03544,31,51738.0,69.85,11,10.9,No,Mobile,Fuel,No,1,65,0
TXN03545,52,62756.0,90.56,15,0.2,No,Tablet,Fuel,No,0,25,0
TXN03546,43,101128.0,255.71,11,2.8,No,Desktop,Electronics,No,0,104,0
TXN03547,41,54739.0,52.72,12,18.2,Yes,Mobile,Clothing,No,0,91,0
TXN03548,47,83814.0,126.78,9,0.5,No,Mobile,Clothing,No,0,30,0
TXN03549,35,75384.0,27.92,12,12.5,No,Mobile,Fuel,No,0,63,0
TXN03550,29,58142.0,50.26,15,35.9,Yes,Mobile,Travel,Yes,0,39,0
TXN03551,31,33685.0,162.91,17,2.3,Yes,Tablet,Electronics,No,0,78,0
TXN03552,38,28840.0,54.32,20,6.5,Yes,Mobile,Clothing,No,0,31,0
TXN03553,26,57700.0,77.62,15,10.3,Yes,Mobile,Clothing,No,0,43,0
TXN03554,32,43083.0,178.03,19,7.2,No,Desktop,Grocery,No,0,142,0
TXN03555,32,83179.0,75.5,19,11.6,Yes,Mobile,Fuel,No,0,85,0
TXN03556,61,76936.0,231.77,20,6.2,Yes,Mobile,Travel,Yes,1,77,0
TXN03557,18,50616.0,142.6,10,1.9,No,Mobile,Electronics,No,0,62,0
TXN03558,36,32667.0,170.04,9,1.1,Yes,Mobile,Clothing,No,0,63,0
TXN03559,57,69211.0,323.84,11,16.4,No,Desktop,Grocery,Yes,0,38,0
TXN03560,39,34787.0,154.99,13,3.3,No,Tablet,Grocery,No,0,82,0
TXN03561,46,39096.0,410.99,19,22.6,No,Mobile,Dining,No,0,23,0
TXN03562,39,35396.0,248.76,17,16.3,No,Desktop,Clothing,No,0,77,0
TXN03563,31,51677.0,78.94,25,0.6,No,Mobile,Dining,Yes,0,26,0
TXN03564,18,93123.0,337.65,15,2.7,No,Desktop,Clothing,No,1,64,0
TXN03565,40,54875.0,148.2,9,4.1,Yes,Desktop,Electronics,No,0,95,0
TXN03566,29,45055.0,87.51,11,10.8,Yes,Mobile,Fuel,No,0,73,0
TXN03567,29,27683.0,149.93,14,19.9,Yes,Desktop,Clothing,No,0,70,0
TXN03568,33,70512.0,292.18,4,0.7,No,Mobile,Travel,No,0,44,0
TXN03569,57,38712.0,172.7,18,3.4,No,Desktop,Fuel,No,0,92,0
TXN03570,64,57987.0,515.64,13,5.7,Yes,Desktop,Travel,No,0,49,0
TXN03571,40,46896.0,286.21,15,2.4,No,Desktop,Travel,No,1,25,0
TXN03572,33,80199.0,182.37,16,9.5,No,Tablet,Dining,No,0,39,0
TXN03573,25,51243.0,52.81,20,7.8,No,Tablet,Dining,Yes,0,46,0
TXN03574,43,53561.0,103.93,13,4.6,Yes,Desktop,Fuel,No,0,106,1
TXN03575,58,68437.0,127.08,13,8.7,Yes,Desktop,Electronics,No,0,39,0
TXN03576,35,141947.0,209.52,10,5.3,Yes,Mobile,Travel,No,0,94,0
TXN03577,18,82034.0,199.81,7,5.0,Yes,Mobile,Dining,No,0,52,0
TXN03578,45,52850.0,137.43,11,3.7,Yes,Mobile,Electronics,No,0,53,0
TXN03579,49,55079.0,132.13,8,9.3,No,Mobile,Dining,No,0,80,0
TXN03580,21,43430.0,213.55,12,7.0,Yes,Mobile,Travel,No,0,111,0
TXN03581,40,35868.0,60.38,10,2.6,Yes,Desktop,Grocery,No,0,51,0
TXN03582,43,42888.0,465.87,15,0.2,No,Mobile,Dining,No,0,47,0
TXN03583,37,38856.0,23.33,14,2.0,Yes,Desktop,Electronics,No,0,27,0
TXN03584,29,73799.0,384.45,15,0.5,No,Mobile,Healthcare,No,0,74,0
TXN03585,49,33964.0,115.74,7,6.8,No,Desktop,Healthcare,No,0,61,0
TXN03586,34,100211.0,267.62,14,3.1,Yes,Desktop,Fuel,No,0,33,0
TXN03587,22,77150.0,160.54,14,6.5,No,Mobile,Healthcare,Yes,0,43,0
TXN03588,18,55510.0,158.27,16,4.8,No,Tablet,Fuel,No,1,43,0
TXN03589,52,55008.0,186.96,18,9.3,Yes,Mobile,Travel,No,0,47,0
TXN03590,45,42801.0,229.23,17,15.4,Yes,Tablet,Clothing,No,0,50,0
TXN03591,39,62108.0,92.24,9,7.8,Yes,Mobile,Grocery,No,0,45,0
TXN03592,33,89745.0,274.6,14,0.8,Yes,Mobile,Healthcare,No,0,32,0
TXN03593,32,40081.0,50.4,8,0.2,Yes,Tablet,Healthcare,No,0,44,0
TXN03594,26,27586.0,119.49,15,2.9,Yes,Desktop,Dining,No,0,148,0
TXN03595,33,75473.0,234.22,15,6.6,No,Mobile,Clothing,No,0,53,0
TXN03596,18,63644.0,266.0,11,0.6,No,Desktop,Dining,No,0,94,0
TXN03597,30,33223.0,173.49,18,4.8,Yes,Mobile,Healthcare,No,0,98,0
TXN03598,35,39540.0,87.6,12,26.2,Yes,Mobile,Grocery,Yes,0,55,0
TXN03599,45,37365.0,245.88,11,1.1,No,Mobile,Travel,No,0,50,0
TXN03600,38,39698.0,70.25,12,35.6,No,Mobile,Travel,No,0,105,0
TXN03601,47,47545.0,487.17,10,23.3,Yes,Tablet,Electronics,No,0,53,0
TXN03602,53,48783.0,112.14,8,21.4,Yes,Desktop,Electronics,No,0,31,0
TXN03603,50,41037.0,35.02,12,23.9,Yes,Mobile,Healthcare,No,0,54,0
TXN03604,43,39101.0,46.14,15,1.0,Yes,Desktop,Electronics,No,0,93,0
TXN03605,38,49619.0,124.26,19,2.0,No,Mobile,Healthcare,No,0,49,0
TXN03606,27,59311.0,134.2,14,1.7,Yes,Mobile,Travel,No,0,79,0
TXN03607,46,47703.0,580.11,14,1.4,Yes,Desktop,Dining,No,0,50,0
TXN03608,56,92641.0,52.28,9,4.8,Yes,Mobile,Fuel,Yes,0,39,0
TXN03609,42,69129.0,123.85,15,21.3,No,Mobile,Travel,No,0,64,0
TXN03610,59,26882.0,51.42,15,3.5,Yes,Desktop,Grocery,No,0,42,1
TXN03611,21,69617.0,80.91,8,3.4,Yes,Tablet,Fuel,No,0,169,0
TXN03612,25,72228.0,461.59,14,13.5,No,Mobile,Travel,No,0,65,0
TXN03613,47,45227.0,48.35,9,1.2,No,Mobile,Clothing,No,0,131,0
TXN03614,41,28064.0,191.93,10,5.4,Yes,Mobile,Healthcare,No,1,19,0
TXN03615,52,55200.0,164.32,9,4.2,Yes,Desktop,Travel,No,1,82,0
TXN03616,38,54810.0,117.7,8,22.6,No,Desktop,Electronics,No,0,45,0
TXN03617,28,33201.0,181.82,10,8.7,Yes,Tablet,Dining,No,0,65,0
TXN03618,36,28625.0,47.44,18,12.5,Yes,Tablet,Clothing,No,0,30,0
TXN03619,21,52875.0,451.49,13,1.7,Yes,Desktop,Dining,No,0,82,0
TXN03620,26,49524.0,559.68,10,31.7,Yes,Desktop,Fuel,No,0,32,0
TXN03621,49,45584.0,124.61,12,4.7,Yes,Mobile,Travel,No,0,32,0
TXN03622,48,52974.0,833.79,11,14.7,No,Desktop,Electronics,No,0,55,0
TXN03623,42,33485.0,87.21,9,37.1,Yes,Desktop,Clothing,No,0,24,0
TXN03624,19,45226.0,165.31,12,8.5,No,Mobile,Grocery,No,1,39,0
TXN03625,34,69918.0,377.29,15,8.5,No,Mobile,Travel,No,0,66,0
TXN03626,25,46986.0,83.12,11,1.5,No,Mobile,Electronics,No,0,100,0
TXN03627,51,25918.0,39.74,17,5.9,No,Tablet,Grocery,No,0,61,0
TXN03628,32,44461.0,33.05,12,23.0,No,Mobile,Grocery,No,0,42,0
TXN03629,26,33980.0,624.0,8,1.7,No,Desktop,Fuel,No,0,18,0
TXN03630,38,62025.0,78.59,8,29.9,No,Mobile,Dining,No,0,48,0
TXN03631,31,63485.0,103.43,19,13.2,Yes,Desktop,Dining,No,0,22,0
TXN03632,54,26073.0,49.27,12,6.6,Yes,Mobile,Fuel,No,0,33,0
TXN03633,30,77392.0,256.25,16,9.5,Yes,Desktop,Travel,No,0,41,0
TXN03634,23,33343.0,64.22,15,2.0,No,Mobile,Healthcare,No,0,51,0
TXN03635,18,110937.0,81.0,18,2.9,Yes,Mobile,Clothing,Yes,0,63,0
TXN03636,38,53806.0,152.49,13,4.0,Yes,Mobile,Electronics,No,0,51,0
TXN03637,32,31389.0,51.23,13,5.8,Yes,Mobile,Clothing,No,0,93,0
TXN03638,22,32899.0,104.02,11,29.7,No,Desktop,Clothing,Yes,0,39,0
TXN03639,51,64327.0,368.43,12,5.5,No,Desktop,Dining,Yes,0,68,0
TXN03640,45,46120.0,169.03,8,8.9,No,Mobile,Clothing,No,0,60,0
TXN03641,38,52659.0,133.21,18,2.1,Yes,Mobile,Fuel,No,0,89,0
TXN03642,53,113646.0,142.51,10,16.0,Yes,Desktop,Dining,No,0,103,0
TXN03643,45,40152.0,87.9,15,9.9,Yes,Desktop,Dining,No,0,24,0
TXN03644,29,56504.0,592.54,12,7.0,Yes,Mobile,Dining,No,1,32,0
TXN03645,27,104195.0,62.66,14,35.3,Yes,Mobile,Travel,No,0,112,0
TXN03646,47,62120.0,142.06,14,26.6,Yes,Mobile,Fuel,No,0,16,0
TXN03647,42,26692.0,131.57,11,12.9,No,Mobile,Dining,Yes,0,82,0
TXN03648,40,69045.0,268.94,16,30.6,Yes,Desktop,Healthcare,Yes,0,46,0
TXN03649,29,32589.0,290.04,11,10.0,Yes,Desktop,Dining,No,0,20,0
TXN03650,45,103585.0,116.97,13,21.0,No,Mobile,Fuel,No,0,46,1
TXN03651,30,37979.0,151.42,14,6.3,Yes,Mobile,Grocery,No,0,68,0
TXN03652,37,209267.0,156.07,7,1.1,Yes,Desktop,Clothing,No,0,41,0
TXN03653,54,106448.0,19.49,13,61.7,Yes,Mobile,Travel,No,1,49,0
TXN03654,31,38431.0,33.66,14,2.2,Yes,Mobile,Travel,No,1,87,0
TXN03655,21,55498.0,73.95,10,3.5,No,Desktop,Healthcare,No,0,38,0
TXN03656,26,77206.0,76.57,7,2.1,Yes,Mobile,Clothing,No,0,78,0
TXN03657,49,78256.0,45.97,16,4.9,No,Desktop,Electronics,No,0,70,0
TXN03658,41,67113.0,218.58,13,4.1,No,Tablet,Electronics,No,0,100,0
TXN03659,37,96622.0,120.2,13,11.0,Yes,Tablet,Clothing,No,1,73,0
TXN03660,32,52039.0,101.06,14,67.7,Yes,Mobile,Grocery,No,0,15,0
TXN03661,43,46633.0,43.93,14,0.6,No,Desktop,Healthcare,No,0,70,0
TXN03662,29,47052.0,115.8,14,18.1,Yes,Desktop,Electronics,No,0,49,0
TXN03663,41,80931.0,14.67,16,1.6,Yes,Mobile,Dining,No,0,95,0
TXN03664,30,64823.0,105.33,18,0.2,No,Mobile,Dining,No,0,95,0
TXN03665,28,62703.0,126.22,17,12.2,Yes,Mobile,Clothing,No,0,50,0
TXN03666,31,78664.0,145.62,18,24.8,No,Tablet,Electronics,No,1,63,0
TXN03667,34,21853.0,34.34,15,2.3,Yes,Mobile,Clothing,No,0,59,0
TXN03668,37,63235.0,143.65,15,5.0,Yes,Mobile,Travel,No,0,80,0
TXN03669,41,60685.0,52.16,9,2.2,No,Desktop,Grocery,Yes,0,57,0
TXN03670,18,116547.0,62.65,10,28.4,Yes,Mobile,Dining,No,0,38,0
TXN03671,29,27646.0,213.12,16,3.8,Yes,Mobile,Grocery,No,0,71,0
TXN03672,34,110838.0,601.11,13,7.1,No,Mobile,Electronics,No,0,39,0
TXN03673,55,56898.0,125.03,13,27.0,Yes,Desktop,Fuel,No,1,11,0
TXN03674,26,68537.0,62.42,8,9.7,Yes,Desktop,Clothing,No,0,50,0
TXN03675,40,116921.0,139.55,12,32.4,Yes,Desktop,Clothing,No,0,64,0
TXN03676,54,70787.0,254.35,14,31.3,Yes,Mobile,Healthcare,No,0,47,0
TXN03677,24,65858.0,197.21,16,7.4,No,Tablet,Grocery,No,0,10,0
TXN03678,42,61336.0,1077.05,9,10.5,Yes,Mobile,Grocery,No,0,59,0
TXN03679,29,44246.0,67.71,14,3.1,No,Mobile,Electronics,No,0,36,0
TXN03680,32,54299.0,146.83,10,55.9,Yes,Desktop,Healthcare,Yes,0,43,0
TXN03681,29,39859.0,414.31,15,3.9,No,Desktop,Electronics,No,0,19,0
TXN03682,30,53908.0,394.03,12,18.4,Yes,Desktop,Dining,No,1,77,0
TXN03683,68,19224.0,25.21,13,4.5,No,Mobile,Healthcare,No,1,33,0
TXN03684,47,66713.0,119.68,13,4.5,No,Mobile,Fuel,No,0,51,0
TXN03685,50,52068.0,393.51,10,1.3,Yes,Mobile,Healthcare,No,1,91,0
TXN03686,43,47278.0,1211.97,12,9.8,Yes,Mobile,Fuel,No,0,94,0
TXN03687,20,60717.0,210.72,4,3.4,Yes,Mobile,Grocery,No,0,20,0
TXN03688,42,28853.0,89.41,18,1.9,No,Desktop,Fuel,No,0,53,0
TXN03689,50,131040.0,53.52,11,3.1,No,Desktop,Electronics,No,0,78,0
TXN03690,29,52514.0,708.03,13,3.5,No,Mobile,Clothing,No,1,23,0
TXN03691,49,51506.0,214.97,9,8.4,No,Mobile,Healthcare,No,0,85,0
TXN03692,46,35620.0,60.89,9,5.9,Yes,Mobile,Electronics,No,0,63,0
TXN03693,58,55596.0,102.0,15,0.9,Yes,Desktop,Electronics,Yes,1,45,0
TXN03694,33,102664.0,153.8,15,9.2,No,Desktop,Healthcare,No,2,40,0
TXN03695,26,87663.0,185.4,16,18.6,Yes,Tablet,Grocery,Yes,0,104,0
TXN03696,34,80788.0,58.43,12,10.2,Yes,Tablet,Travel,No,0,51,0
TXN03697,54,70331.0,73.42,12,44.0,Yes,Mobile,Electronics,No,0,47,1
TXN03698,18,46805.0,31.98,15,1.3,Yes,Desktop,Fuel,No,0,81,0
TXN03699,18,28639.0,275.7,11,20.7,Yes,Mobile,Healthcare,No,1,39,0
TXN03700,39,50243.0,91.3,12,8.5,No,Mobile,Fuel,No,0,78,0
TXN03701,33,49461.0,174.26,11,8.8,Yes,Mobile,Electronics,No,0,55,0
TXN03702,38,88172.0,374.39,12,8.8,Yes,Mobile,Clothing,No,0,69,0
TXN03703,48,63216.0,143.08,12,4.7,Yes,Mobile,Travel,No,0,66,0
TXN03704,32,113622.0,109.63,8,4.7,No,Desktop,Grocery,No,0,79,0
TXN03705,18,94274.0,140.14,18,12.0,Yes,Mobile,Electronics,No,0,97,0
TXN03706,60,44787.0,126.22,13,0.5,Yes,Desktop,Grocery,No,0,17,0
TXN03707,27,24521.0,325.19,18,10.7,No,Tablet,Healthcare,No,0,146,0
TXN03708,26,102600.0,153.88,14,15.5,Yes,Tablet,Healthcare,No,0,49,0
TXN03709,50,101398.0,77.63,9,5.3,Yes,Tablet,Travel,No,0,36,0
TXN03710,34,29741.0,277.49,8,2.9,Yes,Desktop,Electronics,No,0,56,1
TXN03711,37,108472.0,321.14,17,2.9,Yes,Mobile,Clothing,No,2,55,0
TXN03712,43,65319.0,41.13,11,1.0,Yes,Desktop,Electronics,No,0,143,0
TXN03713,50,59124.0,409.0,14,1.1,No,Desktop,Electronics,No,0,57,0
TXN03714,34,113748.0,160.66,16,2.2,Yes,Tablet,Dining,No,0,58,0
TXN03715,55,100730.0,150.52,16,0.2,No,Tablet,Healthcare,No,0,23,1
TXN03716,18,73732.0,268.48,13,3.7,No,Desktop,Electronics,No,0,33,0
TXN03717,46,68053.0,76.24,7,4.4,Yes,Mobile,Electronics,No,0,76,0
TXN03718,29,72582.0,257.45,9,64.1,Yes,Tablet,Clothing,No,0,64,0
TXN03719,53,45939.0,88.77,13,57.5,No,Tablet,Travel,No,0,46,0
TXN03720,40,53653.0,36.87,16,2.5,Yes,Mobile,Travel,No,0,34,0
TXN03721,31,36645.0,54.02,8,2.9,No,Desktop,Dining,No,0,56,0
TXN03722,45,47345.0,188.88,9,8.1,No,Desktop,Electronics,No,0,42,0
TXN03723,48,46635.0,56.32,14,1.9,Yes,Mobile,Fuel,No,0,53,0
TXN03724,45,41324.0,435.09,15,8.4,Yes,Desktop,Grocery,No,0,29,0
TXN03725,27,58491.0,310.73,7,6.1,Yes,Mobile,Clothing,No,0,47,0
TXN03726,33,47539.0,348.71,14,4.7,Yes,Mobile,Electronics,Yes,1,55,0
TXN03727,38,68947.0,132.6,11,20.8,Yes,Mobile,Clothing,No,0,26,0
TXN03728,38,26504.0,147.49,9,21.1,No,Desktop,Healthcare,No,0,80,0
TXN03729,46,52265.0,46.18,20,53.0,Yes,Mobile,Dining,No,0,42,0
TXN03730,18,58354.0,266.17,16,3.0,No,Mobile,Fuel,No,0,56,0
TXN03731,42,47825.0,162.61,11,26.3,Yes,Tablet,Travel,Yes,0,67,0
TXN03732,35,50895.0,188.92,17,9.3,No,Mobile,Grocery,No,0,42,1
TXN03733,29,26950.0,463.19,11,10.7,No,Mobile,Dining,No,0,60,0
TXN03734,30,64570.0,73.9,11,27.2,No,Desktop,Travel,No,0,115,0
TXN03735,36,73608.0,108.48,11,34.3,Yes,Mobile,Healthcare,No,0,50,0
TXN03736,18,68678.0,155.84,12,15.6,Yes,Desktop,Electronics,No,0,60,0
TXN03737,30,87774.0,56.78,5,5.1,Yes,Mobile,Dining,No,0,47,0
TXN03738,28,60221.0,103.28,11,8.1,Yes,Desktop,Electronics,No,0,30,0
TXN03739,44,68220.0,178.01,15,11.5,No,Mobile,Dining,No,0,65,0
TXN03740,29,59002.0,92.5,14,21.2,Yes,Tablet,Dining,No,0,75,0
TXN03741,36,74943.0,341.96,10,12.9,No,Mobile,Electronics,No,0,85,0
TXN03742,55,27047.0,35.83,9,5.5,No,Mobile,Dining,No,0,36,0
TXN03743,49,36790.0,294.63,14,6.5,Yes,Tablet,Healthcare,No,0,81,0
TXN03744,48,112330.0,203.66,9,0.6,Yes,Desktop,Clothing,No,0,52,0
TXN03745,33,18177.0,76.13,27,31.0,Yes,Desktop,Travel,No,0,64,0
TXN03746,44,51638.0,57.28,13,1.1,Yes,Mobile,Healthcare,Yes,1,79,0
TXN03747,35,93210.0,22.72,26,10.4,No,Mobile,Clothing,No,1,40,0
TXN03748,36,52740.0,63.52,17,24.6,No,Mobile,Clothing,No,0,45,0
TXN03749,43,45836.0,277.34,9,6.6,Yes,Mobile,Travel,No,0,87,0
TXN03750,31,58298.0,114.73,7,19.3,Yes,Mobile,Grocery,No,0,20,0
TXN03751,54,46919.0,304.26,13,19.5,Yes,Tablet,Grocery,No,0,37,0
TXN03752,36,55769.0,73.08,9,0.7,Yes,Mobile,Dining,No,0,45,0
TXN03753,45,40440.0,211.28,9,6.4,Yes,Mobile,Travel,No,0,77,0
TXN03754,54,90580.0,67.59,9,14.1,No,Mobile,Clothing,No,1,59,0
TXN03755,49,104355.0,55.43,11,6.6,Yes,Desktop,Electronics,No,0,79,0
TXN03756,23,51796.0,110.14,13,9.5,Yes,Mobile,Dining,No,0,74,0
TXN03757,43,29471.0,70.49,15,10.8,Yes,Mobile,Clothing,No,0,86,0
TXN03758,47,43450.0,34.93,13,2.0,No,Desktop,Healthcare,No,0,41,0
TXN03759,48,50630.0,103.71,17,6.4,Yes,Mobile,Electronics,No,0,45,0
TXN03760,26,69050.0,130.67,11,0.3,Yes,Mobile,Fuel,No,0,137,0
TXN03761,31,34943.0,331.02,15,1.9,Yes,Mobile,Grocery,No,0,113,0
TXN03762,49,38908.0,253.9,15,8.6,Yes,Mobile,Dining,No,0,79,0
TXN03763,30,69209.0,318.44,8,10.2,Yes,Mobile,Dining,No,0,38,0
TXN03764,35,83918.0,213.53,14,1.9,No,Mobile,Electronics,No,0,68,0
TXN03765,55,41580.0,156.58,16,16.9,Yes,Mobile,Healthcare,No,0,54,0
TXN03766,37,30186.0,44.9,9,5.6,Yes,Mobile,Grocery,No,0,69,0
TXN03767,30,241094.0,135.29,13,30.4,Yes,Mobile,Electronics,No,0,61,0
TXN03768,28,78243.0,193.43,12,5.9,Yes,Mobile,Electronics,No,0,34,0
TXN03769,42,48773.0,385.08,4,1.9,Yes,Mobile,Grocery,No,0,61,0
TXN03770,23,81320.0,207.79,14,17.0,No,Mobile,Healthcare,No,0,48,0
TXN03771,35,52004.0,323.69,10,10.1,No,Mobile,Healthcare,No,0,22,0
TXN03772,42,81252.0,52.56,8,5.9,Yes,Tablet,Fuel,No,0,62,0
TXN03773,52,59090.0,92.42,9,5.3,No,Desktop,Travel,No,0,72,0
TXN03774,45,57306.0,169.18,12,2.0,Yes,Desktop,Clothing,No,0,46,0
TXN03775,30,52259.0,303.76,10,5.0,Yes,Desktop,Travel,No,2,53,0
TXN03776,51,28675.0,106.84,15,0.4,Yes,Desktop,Fuel,No,0,74,0
TXN03777,35,131562.0,112.34,11,8.4,No,Desktop,Grocery,No,0,71,0
TXN03778,24,36004.0,207.93,11,27.2,No,Desktop,Dining,No,0,15,0
TXN03779,36,29824.0,48.75,11,19.0,No,Desktop,Grocery,No,1,81,0
TXN03780,54,49976.0,434.16,11,0.3,Yes,Tablet,Clothing,No,0,32,0
TXN03781,40,35683.0,59.39,14,25.6,Yes,Mobile,Electronics,No,0,31,0
TXN03782,38,53735.0,25.86,10,7.2,Yes,Mobile,Clothing,No,0,96,0
TXN03783,56,74950.0,120.97,14,2.5,No,Mobile,Grocery,No,0,62,0
TXN03784,22,86075.0,466.97,10,16.8,Yes,Desktop,Travel,No,0,87,0
TXN03785,24,79357.0,191.84,18,4.7,Yes,Mobile,Dining,No,0,56,0
TXN03786,20,47933.0,218.85,12,3.5,No,Tablet,Clothing,No,1,33,0
TXN03787,42,56241.0,124.04,14,2.1,No,Mobile,Fuel,No,2,81,0
TXN03788,40,66081.0,106.23,10,8.0,No,Mobile,Grocery,Yes,0,59,0
TXN03789,55,24936.0,34.87,14,1.2,Yes,Mobile,Dining,No,1,113,0
TXN03790,41,71101.0,19.69,9,18.5,No,Desktop,Clothing,No,0,78,1
TXN03791,34,28547.0,140.4,11,7.6,No,Desktop,Dining,Yes,0,55,0
TXN03792,38,137757.0,342.93,9,7.1,No,Mobile,Travel,No,0,41,0
TXN03793,39,45847.0,158.03,15,0.2,No,Desktop,Electronics,No,1,26,0
TXN03794,20,50610.0,197.63,15,20.4,No,Mobile,Healthcare,No,0,92,0
TXN03795,68,38899.0,426.01,20,8.1,Yes,Mobile,Dining,No,1,50,0
TXN03796,44,41423.0,156.1,17,7.0,Yes,Mobile,Dining,No,0,40,0
TXN03797,40,153036.0,108.78,11,17.2,No,Tablet,Grocery,No,0,94,0
TXN03798,45,83973.0,62.34,15,0.8,Yes,Tablet,Fuel,No,0,52,0
TXN03799,46,27390.0,605.02,20,5.5,Yes,Mobile,Grocery,No,0,43,0
TXN03800,36,108227.0,182.86,9,10.3,No,Mobile,Travel,No,0,59,0
TXN03801,31,94094.0,56.41,18,7.4,Yes,Desktop,Dining,No,0,44,0
TXN03802,45,48462.0,47.02,17,2.4,Yes,Mobile,Electronics,No,1,75,0
TXN03803,42,63140.0,326.99,16,4.3,Yes,Mobile,Dining,Yes,0,89,0
TXN03804,29,54631.0,52.33,15,4.3,Yes,Mobile,Electronics,No,0,49,1
TXN03805,54,133619.0,528.77,13,57.9,No,Mobile,Healthcare,No,0,27,0
TXN03806,41,38436.0,13.23,19,4.7,No,Desktop,Electronics,No,0,90,1
TXN03807,46,58735.0,374.49,22,2.8,No,Mobile,Healthcare,No,0,68,0
TXN03808,53,45362.0,177.15,13,20.8,No,Tablet,Clothing,No,0,53,0
TXN03809,38,28860.0,131.94,11,6.6,Yes,Desktop,Clothing,No,1,47,0
TXN03810,41,147462.0,104.28,12,7.0,Yes,Desktop,Healthcare,No,0,67,0
TXN03811,47,32318.0,544.61,12,9.6,No,Mobile,Electronics,No,0,89,0
TXN03812,30,60727.0,211.27,12,10.9,No,Mobile,Fuel,No,0,33,0
TXN03813,39,25129.0,58.26,13,10.7,Yes,Desktop,Grocery,No,0,87,0
TXN03814,39,45959.0,30.34,12,0.4,No,Desktop,Healthcare,No,0,76,0
TXN03815,27,66501.0,138.29,10,20.5,No,Mobile,Clothing,No,0,20,0
TXN03816,63,37947.0,119.9,9,2.6,Yes,Mobile,Healthcare,No,1,99,0
TXN03817,23,71621.0,35.57,14,4.1,Yes,Mobile,Travel,No,0,45,0
TXN03818,24,48729.0,114.8,12,2.3,Yes,Desktop,Clothing,No,1,60,0
TXN03819,52,92700.0,75.82,9,17.5,Yes,Desktop,Fuel,No,1,42,0
TXN03820,46,101507.0,120.9,15,10.5,No,Desktop,Fuel,Yes,0,45,0
TXN03821,27,42237.0,214.48,9,16.9,No,Tablet,Electronics,No,0,77,0
TXN03822,45,56932.0,396.07,17,12.7,No,Desktop,Fuel,Yes,0,50,0
TXN03823,54,59733.0,248.29,9,1.3,No,Mobile,Travel,No,0,24,0
TXN03824,38,72678.0,67.38,12,4.3,No,Desktop,Travel,No,0,106,0
TXN03825,67,55357.0,161.2,13,8.5,Yes,Desktop,Healthcare,Yes,0,109,0
TXN03826,19,59915.0,126.21,8,4.4,No,Mobile,Dining,No,0,79,0
TXN03827,46,49294.0,41.34,8,2.8,No,Mobile,Fuel,No,0,26,0
TXN03828,51,57927.0,165.02,21,24.5,No,Desktop,Clothing,No,0,73,0
TXN03829,48,98633.0,529.97,11,16.5,Yes,Desktop,Dining,No,0,34,0
TXN03830,36,73558.0,123.15,13,5.1,Yes,Tablet,Clothing,No,0,103,0
TXN03831,35,75407.0,33.52,8,17.4,Yes,Desktop,Travel,No,0,34,0
TXN03832,43,76151.0,122.94,11,11.9,No,Mobile,Healthcare,Yes,0,75,0
TXN03833,47,51322.0,45.45,15,0.2,Yes,Desktop,Healthcare,Yes,0,78,0
TXN03834,45,63485.0,239.46,16,5.7,Yes,Desktop,Fuel,No,0,43,0
TXN03835,49,33751.0,182.62,13,4.1,No,Mobile,Electronics,Yes,0,85,0
TXN03836,27,97348.0,104.66,11,2.9,Yes,Mobile,Electronics,No,0,90,0
TXN03837,35,18000.0,92.07,17,3.5,Yes,Mobile,Fuel,No,0,102,0
TXN03838,28,52885.0,101.26,15,34.2,No,Mobile,Clothing,No,0,96,0
TXN03839,34,91903.0,120.8,7,8.0,Yes,Desktop,Dining,No,1,52,0
TXN03840,49,29773.0,64.7,19,22.6,Yes,Mobile,Dining,No,1,45,0
TXN03841,39,65840.0,39.54,17,2.9,Yes,Mobile,Healthcare,No,0,73,0
TXN03842,67,40487.0,298.4,17,2.3,Yes,Mobile,Electronics,No,1,55,0
TXN03843,40,46589.0,88.16,11,26.4,Yes,Desktop,Dining,Yes,0,57,0
TXN03844,39,84184.0,137.16,16,8.2,No,Mobile,Electronics,No,0,47,0
TXN03845,39,60127.0,150.76,8,27.1,Yes,Mobile,Grocery,No,0,87,0
TXN03846,31,22018.0,155.26,11,0.8,Yes,Mobile,Electronics,No,0,28,0
TXN03847,37,35444.0,46.92,11,29.8,Yes,Mobile,Healthcare,Yes,0,68,1
TXN03848,50,85305.0,31.4,7,6.4,Yes,Mobile,Grocery,Yes,1,59,0
TXN03849,39,67313.0,74.93,12,2.0,Yes,Desktop,Fuel,No,0,74,0
TXN03850,29,120783.0,164.69,15,13.8,Yes,Mobile,Grocery,Yes,0,51,0
TXN03851,28,117275.0,67.03,17,19.1,Yes,Mobile,Travel,No,0,38,0
TXN03852,33,47149.0,90.34,13,0.6,Yes,Mobile,Clothing,No,0,57,0
TXN03853,39,169659.0,658.08,11,52.3,Yes,Tablet,Dining,No,0,31,0
TXN03854,51,55609.0,27.42,10,14.3,Yes,Mobile,Grocery,No,1,63,0
TXN03855,23,35664.0,65.59,14,4.7,No,Tablet,Travel,No,0,89,0
TXN03856,34,41355.0,547.18,13,2.0,Yes,Desktop,Healthcare,No,0,68,0
TXN03857,40,19922.0,115.79,20,6.0,Yes,Mobile,Travel,No,0,36,0
TXN03858,18,113351.0,68.22,11,3.0,Yes,Desktop,Dining,Yes,0,51,0
TXN03859,29,112728.0,305.67,19,8.2,Yes,Mobile,Electronics,No,0,69,0
TXN03860,31,34826.0,125.42,12,18.3,Yes,Mobile,Travel,No,0,67,0
TXN03861,29,49639.0,90.82,13,13.0,Yes,Desktop,Clothing,No,0,34,0
TXN03862,40,57418.0,139.96,20,6.9,No,Desktop,Grocery,No,0,67,0
TXN03863,36,35701.0,70.88,11,1.5,No,Mobile,Dining,No,0,58,0
TXN03864,32,24967.0,53.17,16,37.8,Yes,Desktop,Grocery,No,0,47,0
TXN03865,43,50032.0,109.58,9,3.8,Yes,Desktop,Electronics,No,0,70,0
TXN03866,57,47601.0,53.45,11,3.9,Yes,Mobile,Dining,No,0,70,0
TXN03867,56,46180.0,121.03,17,12.4,No,Tablet,Travel,No,0,45,0
TXN03868,18,60798.0,159.34,17,17.7,Yes,Mobile,Grocery,No,0,102,0
TXN03869,44,104650.0,237.45,13,49.7,Yes,Tablet,Clothing,No,0,117,0
TXN03870,36,47988.0,295.84,20,41.7,Yes,Desktop,Healthcare,No,0,74,0
TXN03871,40,59384.0,86.74,13,29.4,No,Desktop,Grocery,No,0,70,0
TXN03872,34,76281.0,178.94,17,6.9,Yes,Desktop,Clothing,No,1,45,0
TXN03873,39,70577.0,177.95,14,2.2,Yes,Desktop,Travel,No,0,49,0
TXN03874,40,41714.0,155.98,20,10.5,No,Mobile,Healthcare,No,0,34,0
TXN03875,32,57438.0,81.77,10,0.2,Yes,Desktop,Travel,No,0,45,0
TXN03876,28,70367.0,52.72,9,2.6,Yes,Mobile,Electronics,No,0,38,0
TXN03877,33,33101.0,179.31,11,0.2,No,Mobile,Electronics,No,0,79,0
TXN03878,41,97118.0,30.63,14,2.4,No,Tablet,Healthcare,No,0,24,0
TXN03879,45,104747.0,96.86,24,7.7,No,Mobile,Travel,No,0,36,0
TXN03880,47,39729.0,15.56,12,6.0,Yes,Mobile,Healthcare,No,0,42,0
TXN03881,33,60008.0,41.2,14,5.5,No,Desktop,Dining,Yes,0,98,0
TXN03882,41,73432.0,59.49,8,21.3,No,Mobile,Travel,No,0,34,0
TXN03883,49,43026.0,288.55,12,13.5,Yes,Mobile,Travel,No,0,49,0
TXN03884,51,68310.0,208.09,12,33.1,Yes,Desktop,Healthcare,No,1,82,0
TXN03885,37,59193.0,77.04,8,7.1,No,Desktop,Fuel,No,1,31,0
TXN03886,36,28411.0,215.08,9,3.8,Yes,Mobile,Healthcare,No,0,74,0
TXN03887,40,67624.0,244.1,12,1.6,Yes,Mobile,Dining,No,0,36,0
TXN03888,25,33524.0,105.53,14,13.4,Yes,Tablet,Dining,No,0,115,0
TXN03889,36,83929.0,39.65,22,22.1,Yes,Tablet,Clothing,No,0,113,0
TXN03890,46,40662.0,101.61,15,2.4,No,Desktop,Electronics,No,1,28,0
TXN03891,45,51150.0,110.96,17,25.3,Yes,Mobile,Electronics,No,0,94,0
TXN03892,35,101988.0,44.77,11,9.0,Yes,Mobile,Electronics,No,0,32,0
TXN03893,40,68766.0,160.96,14,1.9,No,Tablet,Grocery,No,1,34,0
TXN03894,29,33838.0,150.11,8,12.4,No,Mobile,Dining,No,0,56,0
TXN03895,46,34835.0,171.32,14,8.8,No,Tablet,Fuel,No,0,29,0
TXN03896,37,41999.0,150.0,8,0.3,Yes,Mobile,Electronics,No,0,91,0
TXN03897,35,65688.0,215.16,10,6.1,Yes,Desktop,Electronics,No,0,19,0
TXN03898,34,64623.0,103.96,15,18.4,Yes,Mobile,Electronics,No,0,73,0
TXN03899,37,37635.0,141.02,8,9.7,Yes,Mobile,Electronics,No,0,46,0
TXN03900,33,32528.0,87.3,9,4.0,Yes,Desktop,Electronics,No,0,77,0
TXN03901,45,62430.0,75.18,9,31.7,No,Desktop,Grocery,No,0,49,0
TXN03902,34,50678.0,350.06,15,3.3,Yes,Desktop,Fuel,No,0,101,0
TXN03903,56,145195.0,23.39,7,3.5,Yes,Mobile,Dining,No,0,40,0
TXN03904,54,55913.0,241.99,6,5.3,No,Tablet,Fuel,No,0,22,0
TXN03905,28,124430.0,73.04,16,27.0,Yes,Mobile,Travel,No,0,141,0
TXN03906,39,32481.0,65.86,9,8.5,Yes,Mobile,Clothing,No,0,28,0
TXN03907,31,27096.0,147.93,7,13.8,Yes,Mobile,Dining,No,0,118,0
TXN03908,34,33225.0,36.44,12,44.9,Yes,Desktop,Electronics,No,0,54,0
TXN03909,60,93920.0,62.47,11,18.4,No,Mobile,Travel,No,0,42,0
TXN03910,35,121217.0,60.84,11,2.3,No,Desktop,Clothing,No,0,71,0
TXN03911,42,38681.0,100.52,17,18.6,Yes,Mobile,Travel,No,0,33,0
TXN03912,44,44705.0,63.07,19,16.6,Yes,Desktop,Healthcare,No,0,66,0
TXN03913,27,32502.0,431.98,15,3.2,Yes,Mobile,Travel,No,0,73,0
TXN03914,29,24339.0,505.28,10,4.7,No,Mobile,Travel,No,0,55,1
TXN03915,25,75991.0,23.81,11,14.9,No,Mobile,Electronics,No,0,35,1
TXN03916,28,60806.0,185.48,10,3.3,Yes,Mobile,Healthcare,No,0,110,0
TXN03917,18,55260.0,238.51,16,2.8,No,Mobile,Clothing,No,0,71,0
TXN03918,44,29292.0,185.28,15,14.6,Yes,Mobile,Travel,Yes,0,56,0
TXN03919,61,115044.0,70.88,12,25.5,Yes,Mobile,Fuel,No,0,92,0
TXN03920,40,43852.0,98.71,16,0.9,Yes,Mobile,Electronics,No,0,34,0
TXN03921,22,69928.0,65.95,17,7.1,No,Mobile,Travel,No,0,33,0
TXN03922,31,28582.0,85.74,10,11.2,Yes,Mobile,Travel,Yes,0,67,0
TXN03923,33,50481.0,45.58,16,13.5,No,Tablet,Healthcare,No,1,101,0
TXN03924,27,62706.0,109.47,12,66.9,Yes,Mobile,Fuel,No,0,52,0
TXN03925,47,63721.0,36.06,13,13.8,No,Mobile,Clothing,No,0,39,1
TXN03926,47,58964.0,102.25,12,11.6,Yes,Mobile,Grocery,No,0,88,0
TXN03927,25,68708.0,44.2,12,54.9,Yes,Mobile,Grocery,No,0,44,0
TXN03928,46,33069.0,141.59,9,0.8,Yes,Desktop,Fuel,No,0,131,0
TXN03929,55,60108.0,69.68,12,0.9,No,Mobile,Clothing,No,0,45,0
TXN03930,59,57889.0,151.4,14,9.9,No,Mobile,Grocery,No,0,95,0
TXN03931,70,61043.0,285.08,12,5.3,Yes,Desktop,Dining,No,0,47,0
TXN03932,28,56820.0,427.97,10,1.2,Yes,Tablet,Clothing,No,0,29,0
TXN03933,69,31012.0,15.88,11,4.4,No,Desktop,Dining,No,0,85,0
TXN03934,34,30396.0,61.57,12,13.5,Yes,Mobile,Clothing,No,0,107,0
TXN03935,31,20306.0,94.16,12,25.5,No,Desktop,Dining,No,0,31,0
TXN03936,42,79458.0,173.43,10,1.2,No,Mobile,Healthcare,No,2,83,0
TXN03937,32,79820.0,32.05,13,9.3,Yes,Desktop,Grocery,No,0,53,0
TXN03938,42,80393.0,54.7,6,4.2,No,Mobile,Dining,No,0,86,0
TXN03939,23,63142.0,133.19,13,13.2,No,Mobile,Dining,No,0,89,0
TXN03940,35,21061.0,128.43,18,9.6,Yes,Desktop,Grocery,Yes,0,58,0
TXN03941,52,34651.0,162.32,11,31.4,Yes,Desktop,Fuel,No,1,50,0
TXN03942,37,59384.0,171.13,13,0.5,Yes,Desktop,Clothing,No,0,49,0
TXN03943,40,58458.0,157.33,15,7.6,No,Mobile,Electronics,No,0,62,0
TXN03944,43,49754.0,140.11,10,2.6,No,Desktop,Dining,No,0,127,0
TXN03945,51,64932.0,125.47,16,9.2,Yes,Desktop,Clothing,No,0,36,0
TXN03946,20,55289.0,204.24,17,23.1,Yes,Mobile,Grocery,No,0,61,0
TXN03947,44,58072.0,20.01,15,29.1,Yes,Mobile,Electronics,No,0,44,0
TXN03948,35,41254.0,412.8,11,6.1,No,Desktop,Electronics,No,0,66,0
TXN03949,40,85562.0,20.57,17,20.0,Yes,Mobile,Clothing,No,0,71,0
TXN03950,50,45308.0,50.61,16,4.0,No,Desktop,Travel,No,0,15,0
TXN03951,25,30221.0,100.09,11,0.2,Yes,Mobile,Electronics,No,0,38,0
TXN03952,27,38876.0,205.53,13,23.2,Yes,Tablet,Dining,No,0,29,0
TXN03953,18,47018.0,10.93,13,1.5,Yes,Tablet,Fuel,No,0,39,1
TXN03954,32,86025.0,117.33,17,0.2,Yes,Mobile,Clothing,No,0,32,0
TXN03955,53,53964.0,226.2,17,5.2,Yes,Mobile,Dining,No,0,116,0
TXN03956,37,50581.0,265.9,9,5.7,No,Mobile,Travel,Yes,1,80,0
TXN03957,23,31357.0,68.69,7,1.0,No,Mobile,Electronics,No,0,74,0
TXN03958,33,78320.0,94.33,7,20.2,No,Mobile,Clothing,No,1,63,0
TXN03959,22,41016.0,73.3,15,6.2,Yes,Desktop,Travel,No,0,62,0
TXN03960,26,52579.0,87.65,9,8.1,No,Desktop,Dining,No,0,69,0
TXN03961,42,107063.0,52.56,11,3.7,No,Tablet,Dining,No,0,60,0
TXN03962,25,69150.0,58.91,14,8.6,Yes,Mobile,Dining,Yes,1,41,0
TXN03963,50,26433.0,169.86,15,17.5,Yes,Desktop,Fuel,No,0,83,0
TXN03964,37,24805.0,133.32,12,28.4,No,Mobile,Dining,No,0,143,0
TXN03965,39,53431.0,177.82,18,42.3,Yes,Mobile,Healthcare,No,1,30,0
TXN03966,35,31868.0,142.41,12,6.7,No,Mobile,Dining,No,0,50,0
TXN03967,47,73639.0,210.81,12,55.3,Yes,Desktop,Electronics,No,0,38,0
TXN03968,47,56056.0,242.27,13,4.2,No,Mobile,Clothing,No,0,60,0
TXN03969,42,59249.0,29.79,12,0.2,Yes,Tablet,Clothing,No,1,81,0
TXN03970,44,40017.0,60.58,16,17.5,Yes,Desktop,Clothing,No,0,107,0
TXN03971,36,120416.0,99.72,10,2.4,No,Mobile,Fuel,No,0,75,1
TXN03972,44,197651.0,117.84,13,0.6,No,Mobile,Clothing,No,0,42,0
TXN03973,34,48520.0,70.2,13,30.9,Yes,Mobile,Electronics,No,0,49,0
TXN03974,38,64470.0,248.91,15,18.8,Yes,Desktop,Travel,No,0,34,0
TXN03975,35,57465.0,584.91,14,1.3,Yes,Mobile,Grocery,No,1,90,0
TXN03976,33,48934.0,139.27,12,18.0,Yes,Mobile,Healthcare,No,0,18,0
TXN03977,30,37822.0,128.38,8,22.3,Yes,Mobile,Clothing,No,0,14,0
TXN03978,43,33754.0,236.76,16,28.3,Yes,Desktop,Electronics,No,1,78,0
TXN03979,52,32994.0,26.97,10,9.4,Yes,Mobile,Clothing,Yes,1,33,0
TXN03980,51,66002.0,122.76,10,14.6,No,Mobile,Fuel,No,0,118,0
TXN03981,24,43531.0,262.62,10,17.2,Yes,Desktop,Electronics,No,0,47,0
TXN03982,52,18000.0,71.73,9,14.0,Yes,Mobile,Healthcare,No,0,53,0
TXN03983,35,67190.0,44.98,8,12.5,No,Tablet,Healthcare,No,0,35,0
TXN03984,45,54061.0,103.43,15,9.5,No,Desktop,Grocery,No,0,105,0
TXN03985,28,100820.0,114.31,18,7.8,Yes,Mobile,Electronics,No,1,52,0
TXN03986,40,65055.0,58.01,11,66.6,Yes,Desktop,Clothing,No,0,24,0
TXN03987,41,28274.0,641.89,10,4.9,No,Tablet,Clothing,No,0,39,0
TXN03988,22,20166.0,81.82,11,1.1,Yes,Desktop,Grocery,No,0,70,0
TXN03989,45,39788.0,47.68,8,17.4,No,Mobile,Fuel,No,1,49,0
TXN03990,53,41514.0,111.34,10,2.9,Yes,Tablet,Electronics,No,0,53,0
TXN03991,36,84079.0,248.09,7,9.1,No,Mobile,Healthcare,No,0,8,0
TXN03992,53,54781.0,121.68,11,1.2,No,Mobile,Fuel,No,0,52,0
TXN03993,36,91606.0,176.97,12,11.6,Yes,Mobile,Fuel,No,0,86,0
TXN03994,47,30300.0,59.76,9,34.6,Yes,Mobile,Travel,No,0,28,0
TXN03995,18,84919.0,394.51,14,15.4,Yes,Tablet,Travel,No,0,61,0
TXN03996,65,76079.0,188.08,9,2.9,Yes,Desktop,Electronics,No,0,67,0
TXN03997,54,22179.0,277.45,11,42.5,Yes,Desktop,Electronics,No,0,49,0
TXN03998,35,99734.0,160.71,12,4.4,Yes,Mobile,Clothing,No,0,47,0
TXN03999,18,57362.0,232.15,14,6.9,Yes,Tablet,Clothing,No,0,16,0
TXN04000,41,65612.0,59.68,11,8.3,No,Mobile,Fuel,No,0,19,0
TXN04001,22,37268.0,80.99,11,56.2,Yes,Mobile,Travel,No,0,63,0
TXN04002,43,97631.0,352.37,10,0.9,No,Desktop,Electronics,No,0,81,0
TXN04003,43,32256.0,417.92,16,14.3,Yes,Mobile,Healthcare,No,0,34,0
TXN04004,28,79980.0,47.93,18,5.4,No,Mobile,Electronics,No,0,125,0
TXN04005,50,79568.0,146.54,13,1.0,No,Tablet,Healthcare,No,1,31,0
TXN04006,47,35480.0,85.01,13,32.8,No,Desktop,Electronics,No,1,51,0
TXN04007,49,134270.0,68.71,14,10.7,No,Tablet,Travel,No,1,75,0
TXN04008,38,61039.0,150.71,18,16.8,Yes,Desktop,Electronics,No,0,54,0
TXN04009,22,73817.0,298.95,8,3.3,Yes,Mobile,Fuel,No,0,78,0
TXN04010,49,27664.0,172.23,18,17.2,Yes,Mobile,Electronics,No,0,56,0
TXN04011,35,142638.0,92.93,14,21.2,Yes,Tablet,Healthcare,No,0,103,0
TXN04012,23,31699.0,181.16,15,6.8,Yes,Mobile,Dining,No,0,37,0
TXN04013,53,87229.0,89.97,17,10.2,No,Desktop,Clothing,No,0,55,0
TXN04014,61,35152.0,166.86,8,42.9,Yes,Mobile,Grocery,No,0,40,0
TXN04015,38,41629.0,366.74,13,22.5,Yes,Desktop,Fuel,No,0,87,0
TXN04016,62,78435.0,22.78,15,7.1,Yes,Mobile,Electronics,No,0,73,0
TXN04017,39,87333.0,227.08,11,13.1,No,Mobile,Dining,No,0,41,0
TXN04018,34,31039.0,35.03,17,18.4,Yes,Desktop,Travel,No,1,167,0
TXN04019,31,89841.0,320.59,10,0.3,No,Mobile,Healthcare,Yes,0,66,0
TXN04020,56,88021.0,72.09,15,10.7,Yes,Mobile,Healthcare,No,0,52,0
TXN04021,29,36063.0,45.3,15,50.0,No,Desktop,Healthcare,No,0,19,0
TXN04022,46,112925.0,209.29,11,35.3,Yes,Desktop,Fuel,No,0,41,0
TXN04023,32,28553.0,160.59,9,21.4,Yes,Mobile,Fuel,No,0,39,0
TXN04024,33,41520.0,53.95,13,1.3,No,Desktop,Electronics,No,0,80,0
TXN04025,49,68230.0,44.04,11,61.5,Yes,Tablet,Travel,No,0,27,0
TXN04026,34,37458.0,103.29,9,11.3,Yes,Desktop,Electronics,No,0,67,0
TXN04027,34,61933.0,45.8,12,3.0,Yes,Desktop,Dining,No,1,56,0
TXN04028,50,61302.0,51.33,8,13.5,No,Desktop,Grocery,Yes,0,40,0
TXN04029,56,50559.0,131.63,12,23.3,No,Desktop,Clothing,Yes,1,114,0
TXN04030,45,79991.0,55.41,15,1.4,No,Mobile,Clothing,No,0,43,0
TXN04031,31,49629.0,168.8,11,29.8,Yes,Tablet,Travel,No,0,28,0
TXN04032,32,61040.0,395.28,14,30.3,Yes,Mobile,Grocery,No,0,40,0
TXN04033,39,92134.0,106.55,19,0.2,Yes,Tablet,Dining,No,1,98,0
TXN04034,42,78503.0,133.17,16,27.7,Yes,Mobile,Fuel,No,0,41,1
TXN04035,27,78339.0,603.03,10,35.2,Yes,Mobile,Dining,No,0,29,0
TXN04036,46,32793.0,46.41,15,0.5,No,Tablet,Clothing,No,0,61,1
TXN04037,39,69650.0,311.21,14,4.2,Yes,Mobile,Grocery,No,0,96,1
TXN04038,19,37040.0,282.64,17,5.6,Yes,Mobile,Travel,No,0,83,0
TXN04039,28,30898.0,237.68,15,5.1,Yes,Desktop,Electronics,No,0,127,0
TXN04040,32,53254.0,337.27,18,17.1,Yes,Desktop,Grocery,No,2,43,0
TXN04041,37,36613.0,150.2,14,5.3,Yes,Mobile,Travel,No,0,74,0
TXN04042,59,78501.0,75.28,9,37.6,Yes,Mobile,Grocery,No,0,68,0
TXN04043,41,79350.0,288.05,19,63.6,Yes,Mobile,Healthcare,Yes,0,53,0
TXN04044,29,23363.0,297.01,9,4.6,Yes,Mobile,Clothing,No,0,55,0
TXN04045,40,37887.0,290.54,8,8.5,Yes,Mobile,Healthcare,No,2,23,0
TXN04046,34,28515.0,124.35,11,9.8,Yes,Mobile,Fuel,No,0,120,0
TXN04047,42,44663.0,67.66,14,10.4,No,Mobile,Clothing,Yes,0,76,0
TXN04048,44,67502.0,139.85,15,5.6,Yes,Desktop,Fuel,No,0,46,0
TXN04049,51,49319.0,255.0,3,2.2,Yes,Desktop,Electronics,No,1,64,0
TXN04050,38,42180.0,272.32,11,0.7,No,Desktop,Fuel,No,0,39,0
TXN04051,56,98732.0,85.09,11,1.3,No,Mobile,Dining,No,0,54,0
TXN04052,48,19495.0,154.44,16,27.8,Yes,Desktop,Clothing,No,0,41,0
TXN04053,30,95959.0,42.12,13,3.9,No,Tablet,Clothing,No,1,64,0
TXN04054,62,43052.0,263.87,11,1.0,No,Mobile,Healthcare,No,0,75,0
TXN04055,42,53100.0,64.13,21,11.7,Yes,Mobile,Clothing,No,0,71,0
TXN04056,29,43381.0,224.91,19,0.9,No,Tablet,Electronics,Yes,0,45,0
TXN04057,56,110127.0,47.85,14,0.9,Yes,Desktop,Healthcare,No,0,99,0
TXN04058,61,31607.0,273.86,10,11.7,Yes,Desktop,Clothing,No,0,127,0
TXN04059,38,55291.0,155.24,18,10.7,Yes,Desktop,Grocery,No,0,112,0
TXN04060,32,69733.0,64.23,14,0.5,No,Mobile,Healthcare,No,0,47,1
TXN04061,36,26639.0,208.63,8,7.4,No,Mobile,Healthcare,No,0,94,0
TXN04062,46,36357.0,74.83,11,6.9,Yes,Desktop,Clothing,No,0,31,0
TXN04063,52,51452.0,218.58,9,9.5,Yes,Mobile,Dining,No,0,45,0
TXN04064,44,36905.0,96.37,8,16.1,Yes,Mobile,Travel,No,0,86,0
TXN04065,39,38104.0,30.29,15,4.0,Yes,Mobile,Grocery,No,0,92,0
TXN04066,54,46988.0,54.68,12,6.8,No,Tablet,Clothing,No,0,108,0
TXN04067,35,73674.0,85.04,16,18.9,Yes,Tablet,Clothing,No,0,49,0
TXN04068,49,47139.0,358.54,8,30.7,Yes,Mobile,Clothing,No,0,34,1
TXN04069,35,89356.0,246.76,8,26.6,Yes,Desktop,Fuel,No,0,71,0
TXN04070,43,35105.0,439.91,13,7.8,No,Mobile,Grocery,Yes,0,36,0
TXN04071,37,31311.0,450.52,19,8.8,No,Mobile,Fuel,Yes,0,35,0
TXN04072,37,130868.0,78.23,15,9.0,Yes,Mobile,Healthcare,No,0,49,0
TXN04073,34,40905.0,103.2,15,24.4,Yes,Desktop,Dining,No,0,56,0
TXN04074,53,30491.0,86.36,17,22.0,Yes,Mobile,Healthcare,No,1,11,0
TXN04075,30,25114.0,70.13,13,4.5,No,Mobile,Clothing,No,0,54,0
TXN04076,30,89222.0,27.5,11,2.1,Yes,Mobile,Dining,No,0,54,0
TXN04077,61,47169.0,118.59,13,5.7,Yes,Mobile,Dining,No,0,54,0
TXN04078,49,49066.0,42.91,12,4.1,Yes,Tablet,Clothing,No,0,72,0
TXN04079,18,51198.0,116.76,12,36.1,Yes,Mobile,Electronics,No,0,97,0
TXN04080,32,86761.0,652.04,10,3.7,Yes,Mobile,Healthcare,No,0,69,0
TXN04081,18,50731.0,79.84,13,2.4,Yes,Mobile,Fuel,No,0,27,0
TXN04082,28,157931.0,140.23,20,27.6,Yes,Mobile,Grocery,No,0,70,0
TXN04083,18,58412.0,247.85,16,1.1,Yes,Mobile,Clothing,No,0,65,0
TXN04084,36,88689.0,150.16,18,3.6,Yes,Mobile,Grocery,No,0,28,0
TXN04085,25,79019.0,151.64,9,6.9,Yes,Mobile,Healthcare,No,0,21,0
TXN04086,39,54105.0,89.8,9,10.8,No,Mobile,Grocery,No,0,72,0
TXN04087,20,42233.0,99.68,14,4.8,Yes,Mobile,Electronics,No,1,74,0
TXN04088,39,63862.0,55.67,16,8.2,Yes,Mobile,Electronics,No,1,52,0
TXN04089,33,69191.0,236.12,15,2.7,No,Desktop,Fuel,No,1,119,0
TXN04090,55,42507.0,29.79,12,10.2,No,Mobile,Electronics,No,0,95,0
TXN04091,54,59275.0,260.96,9,6.3,Yes,Desktop,Clothing,No,0,21,0
TXN04092,47,95931.0,39.04,11,22.7,Yes,Desktop,Dining,Yes,0,32,0
TXN04093,34,139604.0,259.19,9,6.4,No,Mobile,Healthcare,No,0,59,0
TXN04094,60,80786.0,90.42,13,7.0,Yes,Desktop,Healthcare,No,0,123,0
TXN04095,21,127176.0,44.79,16,10.8,No,Desktop,Grocery,No,0,49,0
TXN04096,23,41435.0,190.74,13,1.6,No,Desktop,Dining,No,0,24,0
TXN04097,37,75428.0,252.27,12,2.0,Yes,Tablet,Electronics,No,0,26,0
TXN04098,63,100451.0,84.52,13,18.7,Yes,Mobile,Grocery,No,0,83,0
TXN04099,36,36744.0,213.57,16,3.8,Yes,Mobile,Healthcare,No,1,64,0
TXN04100,36,44204.0,19.29,8,13.9,No,Mobile,Travel,No,0,40,0
TXN04101,22,120228.0,41.72,11,1.2,No,Mobile,Dining,No,0,33,0
TXN04102,48,35465.0,337.45,9,20.7,Yes,Mobile,Travel,No,0,36,0
TXN04103,48,30079.0,100.34,11,53.3,Yes,Tablet,Fuel,No,0,57,0
TXN04104,47,109391.0,27.05,17,5.6,No,Mobile,Healthcare,No,1,52,0
TXN04105,31,94243.0,68.61,8,8.5,No,Mobile,Clothing,No,0,45,0
TXN04106,30,66806.0,57.33,11,7.0,No,Mobile,Dining,No,1,45,0
TXN04107,24,53880.0,105.08,13,27.0,Yes,Mobile,Healthcare,No,0,67,1
TXN04108,39,45150.0,89.2,17,0.2,Yes,Mobile,Grocery,No,0,47,0
TXN04109,26,62440.0,138.47,13,12.7,Yes,Desktop,Healthcare,No,0,103,0
TXN04110,25,111972.0,113.51,12,12.7,No,Tablet,Grocery,No,0,34,0
TXN04111,33,61233.0,356.13,13,5.8,Yes,Mobile,Clothing,No,0,52,0
TXN04112,33,145833.0,168.53,14,3.0,No,Mobile,Travel,No,0,63,0
TXN04113,32,36718.0,173.06,16,3.3,Yes,Desktop,Grocery,No,0,50,0
TXN04114,43,54515.0,304.79,8,19.3,Yes,Desktop,Clothing,No,0,117,0
TXN04115,39,46500.0,87.92,15,0.8,No,Tablet,Dining,No,0,79,0
TXN04116,35,33751.0,43.73,16,10.0,No,Desktop,Electronics,No,0,44,0
TXN04117,40,51339.0,315.16,14,4.4,Yes,Mobile,Healthcare,No,1,46,0
TXN04118,27,66362.0,133.78,14,3.7,Yes,Desktop,Electronics,No,0,55,0
TXN04119,39,69633.0,134.15,11,8.5,Yes,Mobile,Clothing,No,0,53,0
TXN04120,40,146063.0,72.3,14,27.4,No,Desktop,Grocery,No,0,95,0
TXN04121,21,67785.0,73.26,13,11.6,No,Desktop,Fuel,No,0,32,0
TXN04122,49,92286.0,236.25,19,18.6,Yes,Desktop,Dining,No,0,82,0
TXN04123,28,56660.0,263.81,13,11.0,Yes,Mobile,Fuel,No,0,58,0
TXN04124,39,117033.0,224.65,13,14.4,No,Desktop,Travel,No,0,58,0
TXN04125,51,161844.0,226.3,12,6.8,No,Desktop,Clothing,No,0,103,0
TXN04126,48,69848.0,189.18,10,31.2,Yes,Mobile,Healthcare,No,0,55,0
TXN04127,38,35186.0,133.31,8,8.4,No,Tablet,Healthcare,No,0,31,0
TXN04128,34,42964.0,104.29,7,9.6,Yes,Desktop,Grocery,No,0,53,0
TXN04129,48,62440.0,316.0,11,8.9,Yes,Desktop,Clothing,No,0,69,0
TXN04130,45,67543.0,88.99,5,4.6,No,Mobile,Healthcare,No,0,36,0
TXN04131,31,75311.0,161.33,12,3.2,Yes,Tablet,Travel,No,1,65,0
TXN04132,29,67655.0,63.07,11,0.9,No,Mobile,Healthcare,No,0,95,0
TXN04133,18,55173.0,70.81,10,15.2,Yes,Desktop,Healthcare,No,1,83,0
TXN04134,40,41307.0,99.34,12,4.1,Yes,Tablet,Fuel,No,0,80,0
TXN04135,37,65881.0,63.08,11,5.9,Yes,Tablet,Healthcare,No,0,36,0
TXN04136,50,126732.0,227.19,13,30.3,Yes,Desktop,Dining,No,0,122,0
TXN04137,42,87034.0,40.82,8,10.0,Yes,Mobile,Fuel,No,0,39,0
TXN04138,53,69962.0,129.91,16,1.2,Yes,Tablet,Electronics,No,0,17,0
TXN04139,30,87413.0,133.42,13,19.3,Yes,Tablet,Healthcare,No,0,26,0
TXN04140,51,46542.0,28.19,15,3.6,No,Mobile,Fuel,Yes,0,115,0
TXN04141,32,43755.0,84.32,14,9.7,Yes,Mobile,Fuel,No,0,34,0
TXN04142,47,39284.0,147.24,10,8.6,No,Mobile,Healthcare,No,0,81,0
TXN04143,22,51985.0,169.1,19,3.3,Yes,Mobile,Fuel,No,0,49,0
TXN04144,41,45487.0,101.91,9,1.5,Yes,Mobile,Healthcare,No,0,26,0
TXN04145,18,94732.0,206.23,12,2.8,Yes,Mobile,Fuel,No,0,68,0
TXN04146,35,44409.0,109.95,11,1.2,Yes,Tablet,Dining,No,0,41,0
TXN04147,43,38325.0,121.32,18,3.9,No,Mobile,Grocery,No,1,79,0
TXN04148,32,131827.0,146.76,12,71.0,No,Tablet,Dining,No,1,65,0
TXN04149,26,44890.0,251.91,16,6.2,Yes,Tablet,Clothing,No,0,69,0
TXN04150,47,58934.0,69.89,17,23.9,Yes,Desktop,Travel,No,0,39,0
TXN04151,37,67385.0,81.29,18,9.6,Yes,Mobile,Electronics,Yes,0,85,0
TXN04152,33,32977.0,70.27,10,13.2,No,Mobile,Grocery,No,0,50,0
TXN04153,38,95900.0,91.99,13,2.0,No,Mobile,Healthcare,No,0,58,0
TXN04154,67,73262.0,375.58,18,3.9,Yes,Tablet,Clothing,No,0,63,0
TXN04155,51,110897.0,189.74,15,8.6,Yes,Mobile,Healthcare,No,0,35,0
TXN04156,51,40515.0,48.55,18,25.6,Yes,Mobile,Healthcare,Yes,1,79,0
TXN04157,43,57509.0,74.23,8,0.5,No,Mobile,Clothing,No,0,55,0
TXN04158,40,55983.0,161.69,16,8.5,No,Mobile,Electronics,No,0,24,0
TXN04159,18,61935.0,58.11,15,0.6,No,Tablet,Electronics,No,0,66,0
TXN04160,31,28581.0,67.17,12,7.3,Yes,Mobile,Grocery,No,0,66,0
TXN04161,33,57813.0,351.94,14,11.9,No,Desktop,Clothing,No,0,28,0
TXN04162,18,28946.0,73.46,10,16.4,Yes,Mobile,Clothing,No,0,34,0
TXN04163,25,64624.0,257.55,10,1.8,Yes,Desktop,Grocery,No,2,29,0
TXN04164,18,21104.0,327.59,12,2.2,Yes,Mobile,Clothing,No,0,77,0
TXN04165,38,23906.0,66.73,8,7.6,No,Tablet,Travel,Yes,0,51,0
TXN04166,47,79494.0,58.88,15,74.8,Yes,Mobile,Dining,No,0,64,0
TXN04167,50,43002.0,96.22,13,5.3,Yes,Desktop,Healthcare,No,0,42,0
TXN04168,43,35262.0,50.23,11,6.7,No,Mobile,Healthcare,No,0,31,0
TXN04169,27,97438.0,132.2,14,6.8,No,Mobile,Grocery,No,0,95,0
TXN04170,18,63737.0,101.8,11,1.0,No,Mobile,Clothing,Yes,0,16,0
TXN04171,19,81432.0,160.13,10,17.9,No,Mobile,Travel,No,1,52,0
TXN04172,24,51036.0,366.88,12,3.5,No,Mobile,Fuel,No,0,128,1
TXN04173,28,183675.0,230.78,17,14.6,Yes,Desktop,Grocery,No,0,53,0
TXN04174,36,41901.0,177.48,6,7.7,Yes,Mobile,Dining,No,0,46,0
TXN04175,27,120585.0,24.89,10,11.4,No,Mobile,Fuel,Yes,0,49,0
TXN04176,42,53502.0,171.09,14,0.7,No,Mobile,Fuel,No,1,64,1
TXN04177,35,26123.0,476.08,20,26.5,Yes,Mobile,Fuel,No,0,121,0
TXN04178,38,68348.0,10.79,9,3.4,Yes,Mobile,Healthcare,No,0,47,0
TXN04179,51,63369.0,208.3,14,13.3,No,Mobile,Fuel,No,0,32,0
TXN04180,25,34269.0,105.64,19,19.2,No,Mobile,Electronics,No,0,35,0
TXN04181,43,36319.0,60.8,15,9.3,Yes,Mobile,Dining,Yes,0,50,0
TXN04182,38,54392.0,227.78,13,4.9,Yes,Desktop,Travel,No,0,82,0
TXN04183,34,64375.0,471.19,15,45.7,No,Mobile,Grocery,No,0,36,0
TXN04184,48,18093.0,223.11,17,3.9,Yes,Tablet,Travel,No,1,54,0
TXN04185,48,88344.0,89.17,12,35.6,Yes,Tablet,Healthcare,No,0,69,0
TXN04186,28,44027.0,56.41,14,2.0,Yes,Desktop,Electronics,No,0,88,0
TXN04187,36,30206.0,134.72,14,5.9,Yes,Mobile,Fuel,No,0,62,0
TXN04188,41,84000.0,241.3,14,1.8,Yes,Desktop,Clothing,No,0,47,0
TXN04189,35,54419.0,88.05,17,0.2,Yes,Desktop,Grocery,No,0,48,0
TXN04190,44,95069.0,95.12,11,3.6,Yes,Mobile,Dining,No,0,79,0
TXN04191,41,66981.0,1147.21,15,1.1,No,Mobile,Grocery,No,0,51,0
TXN04192,58,54963.0,284.41,11,51.5,Yes,Mobile,Healthcare,No,0,42,0
TXN04193,21,51347.0,301.15,10,17.2,Yes,Mobile,Grocery,No,0,91,0
TXN04194,37,68344.0,37.31,14,0.2,Yes,Desktop,Travel,No,0,52,0
TXN04195,28,45661.0,68.15,12,3.0,Yes,Tablet,Clothing,No,0,69,0
TXN04196,45,37475.0,127.39,15,13.3,Yes,Mobile,Fuel,No,0,33,0
TXN04197,20,72370.0,53.87,11,6.1,No,Mobile,Dining,No,0,121,0
TXN04198,42,51538.0,431.73,15,21.4,Yes,Mobile,Grocery,No,0,14,0
TXN04199,31,55837.0,370.83,17,8.4,Yes,Mobile,Electronics,No,0,52,0
TXN04200,30,89797.0,78.31,15,12.7,No,Mobile,Electronics,No,1,62,0
TXN04201,22,52253.0,500.01,12,10.9,Yes,Mobile,Healthcare,No,0,75,0
TXN04202,33,55373.0,119.59,16,12.2,Yes,Mobile,Clothing,No,0,48,0
TXN04203,50,41992.0,952.42,7,3.1,No,Desktop,Fuel,Yes,1,50,0
TXN04204,38,66764.0,134.73,13,5.6,No,Desktop,Healthcare,No,1,57,1
TXN04205,45,64377.0,190.27,16,0.6,No,Tablet,Clothing,No,0,91,0
TXN04206,56,82490.0,367.75,8,10.6,Yes,Desktop,Grocery,No,0,66,0
TXN04207,41,42382.0,333.49,10,7.4,No,Mobile,Fuel,No,0,128,0
TXN04208,32,44760.0,180.56,9,17.2,No,Desktop,Grocery,No,0,74,0
TXN04209,43,78555.0,107.19,15,2.8,Yes,Mobile,Dining,No,1,55,0
TXN04210,32,61610.0,181.05,21,6.9,No,Mobile,Electronics,No,1,60,0
TXN04211,32,36581.0,62.46,12,2.4,Yes,Mobile,Healthcare,No,1,55,0
TXN04212,21,99016.0,135.53,15,11.4,Yes,Mobile,Clothing,No,0,48,0
TXN04213,48,25611.0,49.4,18,22.6,Yes,Mobile,Travel,No,0,107,0
TXN04214,34,78278.0,28.87,10,17.4,Yes,Mobile,Clothing,No,0,52,0
TXN04215,40,31124.0,124.94,15,34.6,Yes,Mobile,Fuel,No,0,84,0
TXN04216,27,128501.0,329.41,12,42.8,Yes,Mobile,Dining,No,1,22,0
TXN04217,43,27447.0,251.67,9,17.7,Yes,Desktop,Electronics,No,0,71,0
TXN04218,30,92374.0,112.39,12,4.1,Yes,Mobile,Healthcare,No,0,70,0
TXN04219,36,53016.0,485.45,11,3.0,Yes,Mobile,Dining,No,0,72,0
TXN04220,48,46635.0,76.11,10,7.1,No,Desktop,Clothing,No,0,105,0
TXN04221,47,59785.0,25.87,13,61.2,Yes,Mobile,Healthcare,No,0,45,0
TXN04222,38,73090.0,20.94,14,6.4,No,Desktop,Clothing,No,0,44,0
TXN04223,19,36611.0,46.64,14,2.7,Yes,Desktop,Travel,No,0,54,0
TXN04224,71,38101.0,230.62,15,34.7,No,Tablet,Grocery,No,0,86,0
TXN04225,57,73674.0,72.22,12,5.9,No,Mobile,Grocery,No,1,100,0
TXN04226,46,25509.0,173.51,14,14.1,No,Mobile,Dining,Yes,0,86,0
TXN04227,30,42285.0,447.88,19,18.6,Yes,Desktop,Dining,Yes,0,17,0
TXN04228,37,216079.0,49.77,9,22.2,Yes,Mobile,Healthcare,No,0,84,0
TXN04229,32,35578.0,175.97,10,20.7,Yes,Mobile,Fuel,Yes,0,42,0
TXN04230,52,92189.0,184.69,14,21.7,Yes,Mobile,Healthcare,No,0,62,0
TXN04231,41,42252.0,60.27,14,13.2,Yes,Desktop,Dining,No,0,47,0
TXN04232,29,69159.0,354.55,8,6.2,No,Mobile,Healthcare,Yes,0,22,0
TXN04233,33,73832.0,95.33,5,13.2,Yes,Desktop,Grocery,Yes,0,52,0
TXN04234,50,91411.0,88.28,17,21.7,Yes,Mobile,Clothing,No,0,31,0
TXN04235,56,50260.0,649.88,14,5.2,No,Desktop,Healthcare,No,0,54,0
TXN04236,55,134603.0,182.31,16,4.2,Yes,Mobile,Dining,Yes,0,58,0
TXN04237,46,42188.0,251.57,9,5.1,Yes,Mobile,Electronics,No,0,44,0
TXN04238,35,61113.0,354.75,9,9.6,Yes,Mobile,Electronics,No,0,92,0
TXN04239,18,61418.0,71.32,12,0.6,Yes,Mobile,Grocery,No,0,73,0
TXN04240,41,33197.0,326.15,8,18.1,Yes,Mobile,Dining,No,1,142,0
TXN04241,38,48361.0,80.32,13,1.8,Yes,Mobile,Healthcare,Yes,0,63,0
TXN04242,40,59146.0,77.62,7,1.7,Yes,Tablet,Clothing,No,0,43,0
TXN04243,39,45281.0,96.53,13,2.6,No,Desktop,Dining,No,0,47,0
TXN04244,23,164968.0,72.95,9,10.3,No,Desktop,Dining,No,0,41,0
TXN04245,44,37711.0,231.65,10,4.0,Yes,Tablet,Electronics,No,0,38,0
TXN04246,45,93511.0,148.6,15,5.5,No,Mobile,Grocery,No,0,41,0
TXN04247,46,80862.0,81.01,11,32.2,Yes,Mobile,Fuel,No,0,63,0
TXN04248,48,54658.0,205.84,16,22.5,Yes,Tablet,Clothing,No,0,49,0
TXN04249,45,37263.0,96.29,15,22.9,No,Desktop,Electronics,No,0,30,0
TXN04250,33,38924.0,92.3,14,10.3,Yes,Tablet,Grocery,No,1,71,1
TXN04251,37,43565.0,124.77,14,24.2,No,Desktop,Grocery,Yes,0,75,0
TXN04252,39,24625.0,173.86,13,18.1,No,Desktop,Fuel,No,0,51,0
TXN04253,39,35015.0,163.92,14,36.8,No,Tablet,Travel,No,0,58,0
TXN04254,49,28225.0,89.74,6,0.8,Yes,Desktop,Fuel,No,0,81,0
TXN04255,45,100784.0,236.32,12,0.3,No,Mobile,Fuel,No,1,38,0
TXN04256,61,72649.0,100.44,15,2.3,No,Mobile,Grocery,No,0,79,0
TXN04257,62,78337.0,71.06,15,31.8,Yes,Desktop,Travel,No,0,80,1
TXN04258,39,71687.0,37.08,8,11.2,Yes,Desktop,Travel,No,0,74,0
TXN04259,18,59292.0,263.5,22,6.7,No,Mobile,Dining,No,0,47,0
TXN04260,52,106127.0,121.2,19,8.6,Yes,Mobile,Fuel,No,0,53,0
TXN04261,32,41783.0,142.05,14,21.2,Yes,Desktop,Fuel,No,0,72,0
TXN04262,29,57704.0,277.03,16,31.8,Yes,Mobile,Travel,No,1,65,0
TXN04263,34,76977.0,81.91,15,15.7,Yes,Mobile,Travel,No,0,58,0
TXN04264,33,30350.0,39.96,13,17.1,Yes,Mobile,Clothing,No,0,64,0
TXN04265,45,221583.0,126.89,9,4.6,Yes,Tablet,Healthcare,No,0,34,0
TXN04266,21,55712.0,153.52,17,7.6,Yes,Mobile,Travel,No,0,41,0
TXN04267,26,58629.0,97.24,12,26.0,Yes,Mobile,Grocery,No,0,52,0
TXN04268,42,96827.0,390.13,17,18.5,Yes,Desktop,Grocery,No,0,105,0
TXN04269,45,83018.0,16.42,17,13.8,Yes,Mobile,Grocery,No,0,74,0
TXN04270,45,55951.0,293.99,10,0.8,No,Mobile,Healthcare,No,0,68,0
TXN04271,29,58317.0,225.97,13,0.5,No,Tablet,Clothing,No,0,54,0
TXN04272,27,27951.0,172.93,9,1.7,Yes,Desktop,Fuel,No,0,71,0
TXN04273,32,42817.0,8.32,14,10.4,Yes,Mobile,Clothing,No,0,71,0
TXN04274,41,69413.0,335.16,13,9.2,Yes,Desktop,Clothing,No,1,75,0
TXN04275,54,67160.0,52.79,15,34.3,Yes,Desktop,Travel,No,0,56,0
TXN04276,18,95284.0,79.94,15,14.2,No,Desktop,Healthcare,No,0,37,0
TXN04277,36,52097.0,104.69,10,4.2,Yes,Mobile,Grocery,No,0,56,0
TXN04278,23,29461.0,166.24,15,2.1,Yes,Mobile,Dining,No,0,36,0
TXN04279,20,88488.0,200.14,14,22.7,Yes,Desktop,Travel,No,1,71,0
TXN04280,49,104959.0,245.12,9,7.4,Yes,Mobile,Clothing,Yes,0,99,0
TXN04281,44,82397.0,230.48,22,12.7,Yes,Mobile,Healthcare,No,0,65,0
TXN04282,43,51096.0,146.91,6,10.0,No,Mobile,Travel,No,0,26,0
TXN04283,48,87997.0,167.37,12,1.4,No,Desktop,Clothing,No,0,27,0
TXN04284,33,250000.0,50.14,18,0.7,Yes,Mobile,Healthcare,No,0,41,0
TXN04285,33,57925.0,65.8,11,5.7,Yes,Mobile,Travel,No,0,42,0
TXN04286,62,30479.0,245.64,15,5.4,Yes,Desktop,Grocery,No,0,49,0
TXN04287,35,42246.0,234.45,10,13.4,Yes,Mobile,Electronics,No,0,92,0
TXN04288,46,72879.0,214.12,16,12.0,Yes,Mobile,Dining,No,0,44,0
TXN04289,38,26714.0,79.52,13,41.7,No,Desktop,Dining,No,0,124,0
TXN04290,18,59357.0,248.61,17,23.4,Yes,Mobile,Healthcare,No,0,42,0
TXN04291,18,65267.0,47.39,14,8.2,Yes,Desktop,Electronics,No,1,95,0
TXN04292,32,109743.0,284.12,10,8.3,Yes,Mobile,Dining,No,0,32,0
TXN04293,50,99178.0,97.4,10,13.5,Yes,Mobile,Healthcare,No,0,26,0
TXN04294,47,81158.0,461.66,11,1.5,No,Mobile,Grocery,No,0,40,0
TXN04295,48,20783.0,35.53,18,100.0,Yes,Tablet,Healthcare,No,0,50,0
TXN04296,27,83247.0,491.87,14,8.8,No,Mobile,Travel,No,1,164,0
TXN04297,56,75551.0,89.87,11,28.9,Yes,Desktop,Electronics,No,0,60,0
TXN04298,27,61714.0,88.58,16,41.1,Yes,Mobile,Travel,No,0,79,0
TXN04299,40,25248.0,140.24,9,10.5,Yes,Mobile,Clothing,No,0,81,0
TXN04300,38,38775.0,68.71,11,1.3,Yes,Mobile,Dining,No,0,49,0
TXN04301,36,32533.0,113.25,15,10.2,No,Tablet,Fuel,No,0,38,0
TXN04302,53,22211.0,66.51,10,10.9,Yes,Mobile,Dining,No,0,64,0
TXN04303,30,54928.0,68.49,10,18.7,Yes,Mobile,Dining,No,0,47,0
TXN04304,23,38410.0,177.15,14,0.6,Yes,Desktop,Electronics,No,1,41,0
TXN04305,38,179239.0,58.34,14,7.5,Yes,Mobile,Travel,No,0,56,0
TXN04306,34,50978.0,64.91,10,30.7,No,Mobile,Electronics,No,0,104,0
TXN04307,75,98447.0,40.02,7,56.9,No,Mobile,Grocery,No,0,51,0
TXN04308,45,27146.0,80.19,15,2.5,Yes,Tablet,Travel,No,1,38,0
TXN04309,33,43328.0,342.67,16,24.5,No,Mobile,Grocery,No,0,44,0
TXN04310,26,57451.0,60.99,7,1.9,No,Tablet,Grocery,No,0,43,0
TXN04311,18,36549.0,66.83,12,22.1,Yes,Mobile,Healthcare,No,0,30,0
TXN04312,27,45483.0,140.14,16,3.9,Yes,Mobile,Healthcare,No,1,90,0
TXN04313,39,49862.0,89.2,17,38.5,Yes,Tablet,Electronics,Yes,1,53,0
TXN04314,54,49505.0,713.38,12,14.3,Yes,Desktop,Healthcare,No,0,70,0
TXN04315,50,126740.0,105.37,19,6.1,Yes,Mobile,Dining,No,0,48,1
TXN04316,41,65205.0,156.91,14,4.0,Yes,Mobile,Clothing,No,0,41,0
TXN04317,34,68246.0,255.32,14,3.2,Yes,Mobile,Fuel,No,0,85,0
TXN04318,41,70118.0,251.43,11,13.7,No,Desktop,Clothing,No,0,52,0
TXN04319,32,72459.0,144.62,16,27.1,Yes,Desktop,Dining,No,0,55,0
TXN04320,57,52986.0,105.49,14,16.9,No,Mobile,Dining,No,0,43,0
TXN04321,36,47608.0,605.9,16,21.6,No,Tablet,Travel,No,0,47,0
TXN04322,37,59288.0,110.8,11,18.2,No,Mobile,Electronics,No,0,60,0
TXN04323,18,92564.0,84.28,9,46.4,Yes,Mobile,Travel,No,0,66,0
TXN04324,36,91299.0,71.58,13,17.0,Yes,Mobile,Fuel,No,1,53,0
TXN04325,47,49361.0,30.15,18,2.8,Yes,Desktop,Electronics,No,0,86,0
TXN04326,26,77701.0,231.55,6,18.8,No,Mobile,Clothing,No,0,64,0
TXN04327,30,50389.0,18.34,14,4.7,No,Mobile,Clothing,No,0,69,0
TXN04328,47,55845.0,119.45,9,65.7,Yes,Tablet,Clothing,No,0,41,1
TXN04329,22,44445.0,101.86,14,5.7,Yes,Desktop,Dining,No,0,61,0
TXN04330,50,50683.0,720.15,12,4.2,No,Desktop,Grocery,No,0,54,0
TXN04331,32,100578.0,27.72,14,3.3,No,Mobile,Healthcare,No,0,84,0
TXN04332,34,57336.0,58.36,13,12.9,No,Desktop,Dining,Yes,0,80,0
TXN04333,26,58452.0,107.62,10,1.4,Yes,Mobile,Dining,No,0,53,0
TXN04334,42,28677.0,102.46,7,36.8,Yes,Tablet,Electronics,No,0,37,0
TXN04335,65,47855.0,77.31,19,4.2,Yes,Mobile,Dining,No,0,58,0
TXN04336,47,49340.0,112.47,8,4.2,No,Mobile,Fuel,No,0,51,0
TXN04337,28,37872.0,43.81,17,0.6,No,Mobile,Healthcare,No,0,49,0
TXN04338,50,55539.0,159.69,9,3.4,Yes,Mobile,Dining,No,0,38,0
TXN04339,35,45341.0,18.73,15,6.5,No,Mobile,Grocery,No,0,33,0
TXN04340,53,57016.0,117.55,18,5.5,No,Desktop,Electronics,Yes,0,56,0
TXN04341,47,58091.0,74.23,9,3.8,Yes,Tablet,Clothing,Yes,0,63,0
TXN04342,18,35775.0,270.57,10,0.5,Yes,Desktop,Fuel,No,0,93,0
TXN04343,27,45967.0,488.7,9,4.3,No,Mobile,Clothing,No,0,48,0
TXN04344,48,56949.0,92.08,11,18.1,No,Mobile,Electronics,No,0,58,0
TXN04345,40,93716.0,365.06,16,6.9,Yes,Tablet,Grocery,No,0,92,0
TXN04346,27,61735.0,93.19,16,4.1,No,Mobile,Travel,No,0,88,0
TXN04347,31,40832.0,55.4,10,4.4,Yes,Mobile,Fuel,No,0,29,0
TXN04348,18,65817.0,485.03,11,9.7,No,Mobile,Grocery,No,0,45,0
TXN04349,37,118597.0,182.02,15,4.3,No,Tablet,Clothing,No,0,73,0
TXN04350,62,83084.0,120.43,8,12.0,Yes,Mobile,Travel,No,0,40,0
TXN04351,47,70367.0,207.94,10,54.6,No,Mobile,Clothing,No,1,46,0
TXN04352,62,76237.0,149.44,13,0.5,Yes,Desktop,Grocery,No,0,70,0
TXN04353,48,105142.0,113.54,9,2.2,No,Mobile,Travel,No,0,45,0
TXN04354,49,89243.0,41.53,11,2.4,Yes,Desktop,Travel,No,0,106,0
TXN04355,60,70978.0,96.65,10,7.1,Yes,Mobile,Electronics,No,1,75,0
TXN04356,42,88963.0,197.57,14,0.5,No,Mobile,Healthcare,No,0,71,0
TXN04357,36,33804.0,108.77,15,7.8,No,Mobile,Dining,No,0,51,0
TXN04358,49,27975.0,246.99,17,31.7,Yes,Mobile,Dining,No,0,29,0
TXN04359,54,59029.0,163.11,16,0.2,Yes,Desktop,Grocery,Yes,0,84,0
TXN04360,33,56726.0,59.44,12,5.4,Yes,Tablet,Travel,No,0,83,0
TXN04361,30,43059.0,41.77,13,17.2,No,Desktop,Dining,No,0,66,0
TXN04362,40,79756.0,105.82,9,2.0,Yes,Desktop,Grocery,No,0,41,0
TXN04363,47,23785.0,78.89,15,1.0,Yes,Mobile,Grocery,No,0,38,0
TXN04364,47,43237.0,157.05,14,12.0,No,Mobile,Fuel,No,0,49,0
TXN04365,22,44217.0,67.56,13,0.2,No,Desktop,Electronics,No,0,92,0
TXN04366,59,26338.0,73.35,10,19.4,Yes,Mobile,Electronics,No,0,22,0
TXN04367,31,107766.0,278.65,14,0.8,No,Mobile,Clothing,No,0,65,0
TXN04368,35,29835.0,135.11,20,8.9,No,Desktop,Healthcare,No,0,69,0
TXN04369,28,42207.0,68.4,15,16.2,Yes,Desktop,Travel,No,1,62,0
TXN04370,68,82758.0,121.71,12,3.3,No,Mobile,Dining,No,0,76,0
TXN04371,41,73556.0,361.63,8,1.3,No,Desktop,Travel,No,0,53,0
TXN04372,29,33403.0,151.79,13,2.3,Yes,Tablet,Dining,No,0,114,0
TXN04373,48,74773.0,192.84,15,23.1,Yes,Mobile,Dining,No,0,77,0
TXN04374,46,62661.0,65.74,9,14.7,No,Desktop,Dining,No,0,30,0
TXN04375,36,157150.0,272.77,12,2.6,Yes,Mobile,Clothing,No,0,91,0
TXN04376,47,65964.0,766.61,10,15.1,Yes,Tablet,Dining,No,0,58,0
TXN04377,29,51613.0,63.71,8,14.8,Yes,Mobile,Dining,Yes,0,91,0
TXN04378,33,37409.0,46.62,14,73.0,Yes,Tablet,Fuel,No,0,84,0
TXN04379,18,39347.0,138.09,17,6.0,Yes,Tablet,Fuel,Yes,1,69,0
TXN04380,23,37930.0,241.75,14,24.0,Yes,Desktop,Dining,No,0,50,0
TXN04381,58,101934.0,111.54,12,7.1,Yes,Desktop,Clothing,Yes,0,78,0
TXN04382,56,55447.0,51.67,7,27.4,Yes,Mobile,Grocery,No,0,59,0
TXN04383,39,70930.0,110.02,18,1.2,Yes,Tablet,Grocery,No,0,91,0
TXN04384,56,108717.0,193.63,7,2.3,No,Desktop,Electronics,No,2,80,0
TXN04385,36,19030.0,86.65,15,22.8,No,Mobile,Dining,No,0,114,0
TXN04386,35,97790.0,195.06,13,20.5,Yes,Mobile,Grocery,No,0,47,0
TXN04387,39,56388.0,304.68,14,4.4,No,Mobile,Electronics,Yes,1,80,0
TXN04388,37,66894.0,145.43,10,10.9,No,Desktop,Healthcare,No,1,29,0
TXN04389,36,37885.0,117.35,14,5.8,Yes,Desktop,Grocery,No,0,81,0
TXN04390,51,39155.0,232.98,11,0.2,Yes,Desktop,Electronics,No,0,34,0
TXN04391,40,68533.0,60.5,14,0.3,Yes,Mobile,Travel,No,0,79,0
TXN04392,46,160839.0,55.91,11,0.7,No,Mobile,Grocery,No,0,50,0
TXN04393,49,86386.0,96.95,11,10.8,Yes,Desktop,Dining,Yes,0,45,0
TXN04394,42,97205.0,80.96,17,3.9,No,Desktop,Healthcare,No,0,32,0
TXN04395,27,50447.0,63.11,13,1.9,Yes,Mobile,Dining,No,1,58,0
TXN04396,23,41982.0,518.98,15,34.0,No,Desktop,Fuel,No,0,50,0
TXN04397,40,38705.0,682.04,16,1.6,Yes,Desktop,Travel,No,0,35,0
TXN04398,36,44151.0,90.43,8,13.4,Yes,Mobile,Travel,No,0,40,0
TXN04399,39,21836.0,129.14,17,26.9,No,Desktop,Grocery,Yes,0,50,0
TXN04400,38,39691.0,103.26,15,2.1,Yes,Desktop,Electronics,No,1,49,0
TXN04401,66,42742.0,291.05,9,2.9,Yes,Mobile,Healthcare,No,0,89,0
TXN04402,23,50827.0,341.04,14,10.2,Yes,Desktop,Clothing,No,1,97,0
TXN04403,18,58359.0,28.95,8,8.5,Yes,Mobile,Healthcare,Yes,0,60,0
TXN04404,42,64744.0,175.62,23,8.8,Yes,Desktop,Healthcare,No,1,43,0
TXN04405,34,54632.0,42.18,18,9.7,No,Mobile,Fuel,No,0,35,1
TXN04406,41,42338.0,489.86,7,35.9,No,Desktop,Travel,No,0,46,0
TXN04407,44,22733.0,170.66,12,0.7,No,Tablet,Travel,No,0,147,0
TXN04408,52,42455.0,62.1,8,17.1,Yes,Mobile,Clothing,No,0,41,0
TXN04409,21,35507.0,98.93,10,3.2,Yes,Tablet,Dining,No,0,32,0
TXN04410,32,67834.0,95.23,9,5.6,No,Mobile,Clothing,No,0,20,0
TXN04411,43,82807.0,182.65,17,1.1,No,Mobile,Dining,No,0,44,0
TXN04412,46,83905.0,276.17,8,7.1,No,Desktop,Electronics,No,0,112,0
TXN04413,62,77321.0,47.89,14,19.6,Yes,Desktop,Grocery,No,0,85,0
TXN04414,49,51793.0,522.43,13,1.2,No,Mobile,Electronics,No,0,31,0
TXN04415,37,43487.0,433.57,13,3.9,Yes,Tablet,Grocery,No,0,28,0
TXN04416,28,39297.0,59.57,13,5.6,Yes,Desktop,Fuel,No,0,39,0
TXN04417,32,27909.0,127.2,12,1.3,No,Mobile,Clothing,No,0,45,0
TXN04418,31,85942.0,471.6,17,17.2,Yes,Desktop,Travel,No,0,83,0
TXN04419,45,50842.0,321.77,14,18.6,Yes,Mobile,Healthcare,No,0,48,0
TXN04420,41,31390.0,91.66,16,21.7,No,Mobile,Electronics,No,1,91,0
TXN04421,23,37917.0,230.2,12,10.5,No,Desktop,Healthcare,No,0,88,0
TXN04422,33,37233.0,1319.82,19,8.5,No,Desktop,Grocery,No,0,94,0
TXN04423,48,56075.0,130.53,16,3.7,Yes,Desktop,Clothing,No,0,65,0
TXN04424,42,88916.0,72.34,10,12.8,Yes,Tablet,Fuel,Yes,0,36,0
TXN04425,44,47028.0,137.75,15,7.1,Yes,Desktop,Electronics,No,0,37,0
TXN04426,42,19959.0,146.16,10,42.4,No,Mobile,Healthcare,No,1,10,0
TXN04427,56,50512.0,78.87,10,41.4,Yes,Desktop,Travel,No,0,61,0
TXN04428,41,51267.0,170.85,12,28.3,Yes,Mobile,Fuel,No,0,29,0
TXN04429,34,49706.0,43.99,19,5.4,Yes,Mobile,Dining,No,0,27,0
TXN04430,28,41470.0,70.46,12,5.5,Yes,Tablet,Travel,No,0,43,0
TXN04431,41,60654.0,220.1,13,23.0,No,Desktop,Healthcare,Yes,0,73,0
TXN04432,18,56662.0,29.48,10,15.7,Yes,Mobile,Dining,No,0,33,0
TXN04433,36,54389.0,247.16,13,14.6,No,Desktop,Fuel,No,0,92,0
TXN04434,36,66223.0,24.0,14,3.9,Yes,Mobile,Fuel,No,0,94,0
TXN04435,23,45327.0,30.04,10,21.5,Yes,Mobile,Dining,Yes,0,52,0
TXN04436,28,44184.0,80.5,16,10.4,No,Tablet,Grocery,No,0,109,0
TXN04437,47,102349.0,150.96,8,7.1,No,Desktop,Clothing,No,1,72,0
TXN04438,41,70742.0,346.44,21,24.1,No,Desktop,Fuel,No,0,37,0
TXN04439,39,79795.0,125.66,13,6.0,No,Mobile,Electronics,No,0,30,1
TXN04440,41,95496.0,98.52,14,12.7,Yes,Mobile,Clothing,No,1,85,0
TXN04441,39,69687.0,190.79,16,7.5,Yes,Tablet,Electronics,No,0,74,0
TXN04442,52,83522.0,59.79,15,10.8,Yes,Mobile,Fuel,No,0,51,0
TXN04443,39,27021.0,134.16,8,0.5,No,Mobile,Clothing,No,0,42,0
TXN04444,22,60292.0,45.97,9,7.4,Yes,Tablet,Dining,No,0,125,0
TXN04445,56,50659.0,128.2,11,9.8,Yes,Desktop,Dining,No,0,73,0
TXN04446,42,117014.0,108.16,11,8.1,No,Desktop,Travel,No,0,83,1
TXN04447,32,83494.0,63.06,12,22.6,Yes,Mobile,Dining,No,0,29,0
TXN04448,24,41415.0,136.94,9,4.5,Yes,Mobile,Grocery,No,0,132,0
TXN04449,42,65046.0,136.23,13,25.9,Yes,Mobile,Grocery,No,0,74,0
TXN04450,37,59311.0,307.31,11,6.2,No,Desktop,Electronics,Yes,0,74,0
TXN04451,55,67477.0,33.21,10,14.2,No,Desktop,Fuel,No,0,38,0
TXN04452,34,34773.0,112.92,11,1.1,Yes,Desktop,Electronics,No,1,44,0
TXN04453,29,64673.0,65.32,18,2.7,Yes,Mobile,Fuel,No,0,42,0
TXN04454,48,49633.0,240.64,13,17.2,Yes,Desktop,Electronics,No,0,64,0
TXN04455,48,62454.0,219.34,13,0.2,Yes,Desktop,Fuel,No,1,64,0
TXN04456,40,39700.0,180.15,14,41.5,Yes,Desktop,Fuel,No,0,48,0
TXN04457,45,42269.0,68.34,10,2.5,Yes,Tablet,Electronics,No,0,38,0
TXN04458,38,93276.0,243.68,9,27.8,No,Desktop,Travel,No,0,58,0
TXN04459,41,34265.0,35.28,11,8.7,Yes,Mobile,Grocery,No,0,80,0
TXN04460,51,35422.0,29.94,15,10.0,No,Tablet,Dining,No,0,33,0
TXN04461,45,53738.0,43.24,15,1.1,Yes,Mobile,Healthcare,No,0,57,0
TXN04462,36,38861.0,116.83,15,5.5,Yes,Tablet,Healthcare,No,0,74,0
TXN04463,53,36932.0,205.95,12,2.0,Yes,Desktop,Grocery,No,0,45,1
TXN04464,18,57663.0,11.1,6,9.0,No,Desktop,Dining,No,0,24,0
TXN04465,61,27940.0,345.74,12,9.6,No,Mobile,Fuel,No,0,57,0
TXN04466,19,34944.0,133.27,13,14.8,Yes,Mobile,Clothing,No,0,46,0
TXN04467,31,138612.0,34.24,13,25.3,Yes,Mobile,Electronics,No,0,42,0
TXN04468,38,67633.0,130.09,12,7.6,No,Desktop,Healthcare,No,0,53,0
TXN04469,36,39306.0,287.58,17,3.2,No,Mobile,Electronics,No,0,36,0
TXN04470,49,66389.0,193.84,10,4.9,No,Mobile,Dining,No,0,55,0
TXN04471,26,70997.0,289.09,7,22.5,Yes,Tablet,Electronics,No,0,83,0
TXN04472,41,86041.0,40.23,11,1.9,No,Mobile,Electronics,No,0,51,1
TXN04473,32,51941.0,86.17,16,11.8,Yes,Desktop,Electronics,No,0,75,0
TXN04474,41,85350.0,57.27,12,0.2,Yes,Mobile,Grocery,No,0,34,0
TXN04475,37,21978.0,474.17,9,3.4,Yes,Mobile,Electronics,No,0,74,0
TXN04476,39,34192.0,200.13,11,10.7,Yes,Desktop,Travel,No,0,74,0
TXN04477,32,59209.0,1170.4,17,7.3,Yes,Desktop,Dining,No,0,82,0
TXN04478,32,63795.0,82.55,11,8.2,Yes,Mobile,Grocery,No,0,73,0
TXN04479,41,36490.0,67.21,16,13.0,Yes,Mobile,Grocery,No,0,28,0
TXN04480,48,61810.0,107.04,13,3.2,No,Desktop,Healthcare,No,0,100,0
TXN04481,31,41538.0,361.47,14,4.0,No,Mobile,Fuel,No,0,85,0
TXN04482,28,48555.0,89.53,12,13.8,Yes,Mobile,Fuel,No,0,113,0
TXN04483,45,87224.0,132.56,14,9.3,Yes,Desktop,Healthcare,No,0,37,0
TXN04484,38,82794.0,129.65,12,0.2,Yes,Desktop,Electronics,No,0,140,0
TXN04485,47,35116.0,123.85,14,13.3,Yes,Desktop,Grocery,No,0,79,0
TXN04486,28,34178.0,71.21,8,11.6,Yes,Mobile,Clothing,No,0,51,0
TXN04487,18,45709.0,107.52,13,1.0,Yes,Mobile,Healthcare,No,1,37,0
TXN04488,32,54342.0,103.9,11,16.5,Yes,Desktop,Grocery,No,0,47,0
TXN04489,30,40906.0,119.28,21,8.9,No,Mobile,Electronics,No,0,51,0
TXN04490,37,87849.0,255.27,8,2.7,No,Desktop,Healthcare,No,0,45,0
TXN04491,31,64306.0,490.78,16,9.8,No,Desktop,Dining,No,1,50,0
TXN04492,46,66028.0,61.26,8,10.9,Yes,Desktop,Grocery,No,0,74,0
TXN04493,35,31106.0,87.7,16,30.3,No,Mobile,Fuel,No,0,60,0
TXN04494,40,93001.0,62.02,11,16.3,Yes,Mobile,Electronics,No,0,30,0
TXN04495,40,18000.0,139.38,11,4.3,Yes,Mobile,Grocery,No,0,21,0
TXN04496,40,80051.0,78.01,9,1.5,No,Desktop,Clothing,No,0,31,0
TXN04497,38,83745.0,145.38,11,23.0,No,Desktop,Clothing,No,0,60,0
TXN04498,44,45275.0,290.15,14,22.5,No,Mobile,Fuel,No,0,68,0
TXN04499,29,97528.0,15.91,17,2.3,Yes,Mobile,Travel,No,1,25,0
TXN04500,53,53460.0,177.85,17,0.8,No,Desktop,Grocery,No,0,46,0
TXN04501,35,56567.0,83.04,8,14.9,No,Tablet,Healthcare,No,0,121,0
TXN04502,24,64079.0,173.44,13,15.4,Yes,Desktop,Clothing,No,1,55,0
TXN04503,40,230740.0,58.58,20,2.3,Yes,Desktop,Electronics,No,0,63,0
TXN04504,29,100718.0,312.47,11,13.2,Yes,Tablet,Fuel,Yes,0,95,0
TXN04505,45,75403.0,249.17,10,3.9,Yes,Mobile,Grocery,No,1,29,0
TXN04506,62,36473.0,189.08,15,3.6,No,Mobile,Fuel,No,0,85,0
TXN04507,29,58671.0,226.35,14,4.7,Yes,Mobile,Electronics,No,0,38,0
TXN04508,42,38146.0,66.09,11,8.8,No,Tablet,Grocery,No,0,68,0
TXN04509,19,79621.0,73.1,16,19.6,No,Desktop,Healthcare,No,0,26,0
TXN04510,43,58589.0,219.08,13,8.3,Yes,Mobile,Healthcare,No,0,45,0
TXN04511,28,33158.0,64.93,12,4.2,Yes,Mobile,Clothing,No,0,62,0
TXN04512,31,57045.0,381.46,11,25.8,Yes,Mobile,Electronics,No,0,38,0
TXN04513,26,37528.0,92.63,16,0.7,Yes,Mobile,Dining,No,1,81,0
TXN04514,46,58873.0,179.29,10,19.1,Yes,Mobile,Grocery,No,0,15,0
TXN04515,49,37366.0,643.48,19,18.4,Yes,Tablet,Grocery,No,0,95,0
TXN04516,38,55685.0,68.2,15,3.5,No,Mobile,Healthcare,No,0,59,0
TXN04517,28,77095.0,126.79,16,2.7,No,Mobile,Healthcare,No,1,87,0
TXN04518,55,53703.0,278.9,15,24.9,No,Mobile,Clothing,No,0,24,0
TXN04519,30,46129.0,256.86,21,9.8,No,Desktop,Fuel,Yes,0,23,0
TXN04520,18,60268.0,92.32,11,0.6,No,Mobile,Grocery,No,0,91,0
TXN04521,43,75269.0,79.37,18,26.6,Yes,Mobile,Dining,No,0,106,0
TXN04522,26,33418.0,99.58,13,5.2,Yes,Desktop,Fuel,No,0,68,0
TXN04523,49,61845.0,382.14,13,5.0,No,Desktop,Fuel,No,1,62,0
TXN04524,34,99507.0,95.99,11,12.4,No,Tablet,Travel,No,0,82,0
TXN04525,45,71199.0,127.74,16,13.0,Yes,Mobile,Grocery,Yes,1,52,0
TXN04526,53,56448.0,85.29,14,5.2,Yes,Mobile,Travel,No,0,40,0
TXN04527,25,73348.0,211.02,8,1.9,Yes,Tablet,Clothing,No,0,65,0
TXN04528,32,67421.0,135.9,17,9.6,Yes,Desktop,Dining,No,0,42,0
TXN04529,37,77204.0,53.77,8,11.8,Yes,Desktop,Grocery,No,1,61,0
TXN04530,55,22122.0,55.28,10,23.6,Yes,Desktop,Travel,No,0,66,0
TXN04531,31,27338.0,24.25,10,8.0,No,Desktop,Travel,No,1,52,0
TXN04532,31,86445.0,61.71,13,12.5,No,Desktop,Healthcare,No,0,77,0
TXN04533,43,27937.0,226.48,12,0.7,No,Mobile,Fuel,No,0,64,0
TXN04534,32,65893.0,346.02,13,27.0,Yes,Desktop,Travel,No,0,36,0
TXN04535,40,46942.0,207.67,10,4.8,Yes,Desktop,Travel,No,1,26,0
TXN04536,21,35130.0,187.02,10,12.0,Yes,Mobile,Clothing,No,0,63,0
TXN04537,62,64372.0,108.45,10,29.7,No,Mobile,Grocery,No,0,83,0
TXN04538,23,60208.0,223.06,15,20.0,Yes,Mobile,Healthcare,No,0,33,0
TXN04539,34,142165.0,150.88,17,12.2,Yes,Desktop,Healthcare,No,0,8,0
TXN04540,38,41520.0,508.29,19,14.6,Yes,Desktop,Grocery,No,0,52,0
TXN04541,59,105149.0,110.91,19,30.4,Yes,Desktop,Fuel,No,0,54,0
TXN04542,23,64452.0,351.39,16,20.1,Yes,Desktop,Healthcare,No,0,46,0
TXN04543,60,40849.0,241.48,11,11.3,No,Mobile,Grocery,No,0,72,0
TXN04544,46,78806.0,216.12,14,12.9,Yes,Desktop,Dining,No,0,59,0
TXN04545,43,70946.0,24.01,13,1.9,Yes,Mobile,Fuel,No,0,50,0
TXN04546,27,55894.0,252.36,10,7.6,Yes,Desktop,Dining,Yes,0,50,0
TXN04547,44,62002.0,108.36,11,4.3,No,Mobile,Grocery,No,1,103,0
TXN04548,30,42043.0,84.13,20,6.8,Yes,Mobile,Grocery,No,0,51,0
TXN04549,52,37929.0,36.64,20,13.0,No,Mobile,Fuel,No,0,70,0
TXN04550,27,77407.0,119.46,9,1.9,Yes,Mobile,Healthcare,No,0,33,0
TXN04551,37,49728.0,123.26,10,0.2,Yes,Desktop,Travel,No,0,136,0
TXN04552,32,53053.0,42.31,14,6.1,Yes,Mobile,Electronics,No,0,90,0
TXN04553,27,62381.0,36.92,16,4.7,Yes,Mobile,Electronics,No,0,40,0
TXN04554,46,61974.0,177.11,24,6.5,No,Tablet,Grocery,No,0,45,0
TXN04555,44,28909.0,241.01,18,32.1,No,Mobile,Dining,No,0,38,0
TXN04556,51,98116.0,139.73,12,14.7,No,Tablet,Fuel,No,0,26,0
TXN04557,18,58083.0,301.32,10,4.8,Yes,Tablet,Travel,No,0,51,0
TXN04558,50,50206.0,111.99,13,2.4,Yes,Mobile,Clothing,No,0,52,0
TXN04559,66,66767.0,114.89,13,11.6,No,Mobile,Grocery,No,0,93,0
TXN04560,33,61177.0,57.62,13,12.9,Yes,Desktop,Dining,No,0,75,1
TXN04561,59,77673.0,34.44,13,7.9,No,Desktop,Grocery,No,0,73,0
TXN04562,35,70065.0,529.12,27,2.9,No,Mobile,Clothing,Yes,0,87,0
TXN04563,23,75972.0,296.64,13,0.3,Yes,Mobile,Electronics,Yes,0,54,0
TXN04564,35,101016.0,39.39,9,3.7,Yes,Desktop,Grocery,No,1,63,0
TXN04565,50,81856.0,135.92,10,7.3,No,Mobile,Dining,No,0,33,0
TXN04566,29,51168.0,110.77,13,18.6,Yes,Mobile,Electronics,No,0,70,0
TXN04567,31,33183.0,96.38,13,23.1,Yes,Tablet,Clothing,No,0,35,0
TXN04568,45,116494.0,86.51,17,6.4,Yes,Tablet,Clothing,No,0,26,0
TXN04569,38,49420.0,162.8,10,19.1,Yes,Mobile,Healthcare,No,1,62,0
TXN04570,44,44453.0,230.91,14,60.2,Yes,Mobile,Grocery,No,0,40,0
TXN04571,41,25174.0,165.57,11,15.1,Yes,Desktop,Electronics,No,0,63,0
TXN04572,43,64049.0,108.97,8,15.6,No,Mobile,Clothing,No,0,45,0
TXN04573,33,58811.0,105.82,14,28.8,No,Mobile,Fuel,No,0,40,0
TXN04574,41,27814.0,253.9,10,5.0,Yes,Tablet,Healthcare,No,0,95,0
TXN04575,28,67445.0,173.86,12,0.2,No,Tablet,Dining,Yes,0,77,0
TXN04576,52,43954.0,127.19,17,52.1,Yes,Mobile,Dining,No,0,42,0
TXN04577,31,184560.0,116.6,8,8.1,No,Desktop,Fuel,No,0,98,0
TXN04578,50,42569.0,158.18,14,18.5,No,Mobile,Clothing,No,0,35,0
TXN04579,35,45218.0,82.5,10,20.1,Yes,Mobile,Clothing,No,0,42,1
TXN04580,40,37102.0,231.53,16,6.1,Yes,Mobile,Dining,No,0,36,0
TXN04581,33,97747.0,50.74,16,9.4,Yes,Mobile,Dining,No,1,43,0
TXN04582,27,46506.0,86.34,15,9.3,No,Desktop,Grocery,No,0,65,0
TXN04583,19,39691.0,195.66,15,3.0,No,Desktop,Travel,No,0,94,0
TXN04584,26,75601.0,48.48,14,1.5,No,Mobile,Grocery,No,2,53,0
TXN04585,34,29553.0,34.09,15,9.4,Yes,Mobile,Fuel,No,0,51,0
TXN04586,40,72867.0,126.21,9,1.5,No,Mobile,Fuel,No,0,87,1
TXN04587,49,122604.0,30.89,17,5.1,Yes,Desktop,Travel,No,1,131,0
TXN04588,33,70974.0,42.46,8,2.5,Yes,Mobile,Grocery,No,2,35,0
TXN04589,28,73287.0,219.81,12,14.7,Yes,Mobile,Grocery,No,0,23,0
TXN04590,22,81358.0,101.87,9,24.7,Yes,Mobile,Grocery,No,0,36,0
TXN04591,43,118712.0,335.59,15,10.4,Yes,Mobile,Electronics,No,0,63,0
TXN04592,53,94802.0,45.77,12,6.3,Yes,Mobile,Healthcare,No,0,75,0
TXN04593,52,67033.0,111.31,9,68.4,Yes,Mobile,Clothing,Yes,0,79,0
TXN04594,46,82606.0,165.2,5,0.3,No,Desktop,Electronics,No,0,78,0
TXN04595,45,36917.0,47.04,20,4.4,No,Tablet,Grocery,No,0,34,0
TXN04596,57,77997.0,273.94,13,3.9,No,Mobile,Electronics,No,0,86,0
TXN04597,42,34982.0,180.55,16,5.3,No,Mobile,Grocery,No,0,48,0
TXN04598,45,46627.0,33.12,16,3.1,Yes,Mobile,Fuel,No,0,56,0
TXN04599,34,18000.0,116.43,13,3.7,Yes,Tablet,Grocery,No,0,52,0
TXN04600,23,65889.0,163.41,11,3.6,No,Mobile,Electronics,No,1,26,0
TXN04601,30,41165.0,74.85,10,8.5,No,Desktop,Travel,No,0,89,0
TXN04602,38,90681.0,36.73,17,6.0,Yes,Mobile,Fuel,No,0,180,0
TXN04603,39,65557.0,149.94,12,12.2,Yes,Mobile,Dining,No,0,50,0
TXN04604,59,91211.0,703.79,12,8.7,Yes,Mobile,Travel,No,0,42,0
TXN04605,39,33775.0,88.05,12,2.4,Yes,Mobile,Travel,No,0,145,0
TXN04606,51,87760.0,421.11,18,19.9,Yes,Mobile,Clothing,No,0,79,0
TXN04607,33,141878.0,65.74,22,7.7,No,Mobile,Dining,No,0,63,0
TXN04608,35,77572.0,142.58,18,2.0,No,Mobile,Fuel,No,1,48,0
TXN04609,23,78491.0,222.45,10,2.2,Yes,Desktop,Clothing,No,0,20,0
TXN04610,30,59362.0,119.2,11,19.1,Yes,Desktop,Healthcare,No,0,75,0
TXN04611,44,43434.0,94.57,18,14.6,No,Mobile,Healthcare,No,0,86,0
TXN04612,38,77468.0,214.52,22,8.5,Yes,Mobile,Healthcare,No,0,12,0
TXN04613,48,27927.0,544.93,8,4.4,Yes,Mobile,Dining,No,0,53,0
TXN04614,40,45574.0,152.62,10,7.4,Yes,Desktop,Fuel,No,2,87,0
TXN04615,34,24788.0,79.41,13,12.1,Yes,Mobile,Fuel,No,0,44,0
TXN04616,62,40072.0,103.1,11,25.4,Yes,Tablet,Clothing,No,0,63,0
TXN04617,37,73424.0,900.78,19,9.7,No,Desktop,Healthcare,No,0,31,0
TXN04618,51,69045.0,133.68,10,3.9,Yes,Mobile,Fuel,No,0,23,0
TXN04619,34,56275.0,74.59,9,0.5,Yes,Tablet,Travel,No,0,34,0
TXN04620,46,59383.0,48.01,11,2.3,Yes,Desktop,Fuel,No,0,36,0
TXN04621,48,23540.0,27.85,12,12.6,No,Desktop,Clothing,No,0,53,0
TXN04622,40,46511.0,160.51,18,2.1,No,Desktop,Dining,No,0,55,0
TXN04623,18,40477.0,202.59,15,7.9,Yes,Mobile,Travel,No,1,126,0
TXN04624,38,40885.0,87.37,13,14.4,Yes,Desktop,Fuel,No,0,70,0
TXN04625,52,72034.0,118.57,15,4.4,No,Desktop,Electronics,No,0,54,0
TXN04626,44,37341.0,47.05,13,13.3,No,Desktop,Electronics,No,0,64,0
TXN04627,43,41898.0,133.46,14,10.4,No,Desktop,Fuel,No,0,101,0
TXN04628,19,21502.0,176.39,16,6.9,No,Mobile,Electronics,Yes,0,105,0
TXN04629,30,48182.0,78.21,11,27.3,No,Mobile,Grocery,No,0,130,0
TXN04630,43,33710.0,463.99,14,14.1,Yes,Tablet,Healthcare,No,0,76,0
TXN04631,43,56996.0,61.42,14,5.4,Yes,Mobile,Clothing,No,0,103,0
TXN04632,51,35850.0,150.55,14,19.6,No,Mobile,Travel,No,0,73,0
TXN04633,36,57649.0,236.55,12,16.1,Yes,Mobile,Grocery,No,1,47,0
TXN04634,42,51533.0,112.8,10,18.8,Yes,Mobile,Travel,No,1,49,0
TXN04635,38,116717.0,103.2,13,12.3,No,Mobile,Dining,No,0,72,0
TXN04636,27,68792.0,38.26,16,5.7,Yes,Mobile,Electronics,No,0,95,0
TXN04637,18,24035.0,355.44,10,5.1,No,Mobile,Electronics,No,0,45,0
TXN04638,43,31129.0,104.75,10,12.7,Yes,Desktop,Clothing,No,0,93,0
TXN04639,40,56384.0,184.45,9,1.7,Yes,Mobile,Electronics,No,0,57,0
TXN04640,31,36194.0,205.55,11,20.6,Yes,Desktop,Fuel,No,0,56,0
TXN04641,20,18000.0,72.59,12,5.6,No,Mobile,Travel,No,0,45,0
TXN04642,45,100950.0,102.46,11,11.9,No,Desktop,Fuel,No,0,72,0
TXN04643,35,76053.0,349.0,13,8.3,Yes,Desktop,Electronics,No,0,44,0
TXN04644,44,69531.0,49.09,16,8.8,Yes,Mobile,Healthcare,No,0,180,0
TXN04645,59,41848.0,658.41,9,16.1,Yes,Mobile,Dining,No,0,90,0
TXN04646,18,66672.0,66.13,12,11.8,Yes,Desktop,Electronics,Yes,0,31,0
TXN04647,30,40060.0,46.71,14,3.5,Yes,Desktop,Healthcare,No,0,42,0
TXN04648,36,60311.0,133.4,7,0.9,Yes,Tablet,Healthcare,No,0,129,0
TXN04649,54,36346.0,702.17,15,22.0,No,Mobile,Clothing,No,0,30,0
TXN04650,20,108817.0,26.02,11,25.9,No,Tablet,Fuel,No,1,38,0
TXN04651,59,27132.0,107.2,12,2.2,Yes,Mobile,Electronics,No,0,44,0
TXN04652,39,95762.0,175.65,7,4.4,No,Mobile,Healthcare,No,0,32,0
TXN04653,37,55972.0,123.27,15,4.0,Yes,Mobile,Grocery,No,0,62,0
TXN04654,36,44127.0,162.88,11,33.3,Yes,Mobile,Grocery,No,0,41,0
TXN04655,33,59293.0,67.56,11,2.7,No,Desktop,Fuel,No,0,28,0
TXN04656,50,76504.0,74.27,10,2.2,Yes,Tablet,Grocery,No,0,86,0
TXN04657,26,101735.0,106.56,14,2.4,Yes,Tablet,Travel,No,0,51,0
TXN04658,42,63323.0,48.6,12,15.7,Yes,Desktop,Healthcare,Yes,0,40,0
TXN04659,34,36838.0,115.79,12,26.3,No,Mobile,Clothing,No,0,64,0
TXN04660,30,56394.0,87.93,21,6.0,No,Tablet,Travel,No,0,67,0
TXN04661,66,124573.0,82.39,16,1.8,Yes,Mobile,Clothing,No,0,63,0
TXN04662,43,100866.0,155.07,12,10.6,No,Tablet,Healthcare,No,0,22,0
TXN04663,45,82787.0,27.97,13,2.8,Yes,Tablet,Clothing,No,0,80,0
TXN04664,51,78680.0,99.9,10,0.8,No,Mobile,Fuel,Yes,1,67,0
TXN04665,22,75346.0,766.15,13,26.1,No,Mobile,Grocery,No,1,113,0
TXN04666,57,92645.0,50.33,18,24.6,Yes,Mobile,Travel,No,0,66,0
TXN04667,18,44784.0,335.59,9,44.7,No,Desktop,Grocery,No,0,56,0
TXN04668,30,29891.0,125.36,17,7.7,No,Desktop,Electronics,No,0,44,0
TXN04669,33,56735.0,74.08,13,4.2,No,Desktop,Clothing,No,0,52,0
TXN04670,44,38070.0,41.72,10,17.6,No,Mobile,Grocery,No,1,38,0
TXN04671,40,34212.0,134.19,11,2.4,Yes,Mobile,Grocery,No,0,40,0
TXN04672,36,39774.0,383.83,10,3.3,Yes,Tablet,Fuel,No,0,29,0
TXN04673,38,168296.0,87.89,18,3.5,Yes,Mobile,Healthcare,No,0,51,0
TXN04674,27,58474.0,112.47,16,36.3,Yes,Desktop,Electronics,No,0,43,0
TXN04675,22,64728.0,269.29,13,15.7,Yes,Tablet,Healthcare,No,1,64,0
TXN04676,46,31730.0,157.62,11,1.7,Yes,Desktop,Travel,No,0,83,0
TXN04677,46,23990.0,34.11,14,1.2,Yes,Mobile,Clothing,No,0,32,0
TXN04678,55,38045.0,129.88,17,22.2,No,Mobile,Clothing,No,0,87,1
TXN04679,29,105059.0,402.33,10,19.5,No,Desktop,Clothing,No,0,74,0
TXN04680,46,63928.0,116.51,6,13.3,Yes,Mobile,Travel,No,0,62,0
TXN04681,35,72003.0,13.39,11,2.6,Yes,Desktop,Clothing,No,0,60,0
TXN04682,51,76684.0,163.7,10,7.9,Yes,Mobile,Grocery,No,0,78,0
TXN04683,49,42150.0,102.38,11,11.1,No,Desktop,Dining,No,0,37,0
TXN04684,40,102711.0,27.78,13,32.3,Yes,Tablet,Dining,No,0,48,0
TXN04685,34,41371.0,31.32,12,2.2,No,Tablet,Clothing,No,0,39,0
TXN04686,49,103559.0,261.8,18,8.7,No,Mobile,Travel,No,0,47,0
TXN04687,45,67112.0,66.79,13,2.1,No,Mobile,Grocery,No,1,59,0
TXN04688,30,24588.0,58.06,14,7.0,Yes,Mobile,Grocery,No,0,49,0
TXN04689,23,39281.0,116.63,13,2.7,Yes,Mobile,Healthcare,No,0,50,0
TXN04690,35,24634.0,71.67,15,21.7,No,Mobile,Healthcare,No,0,72,1
TXN04691,55,92834.0,130.0,8,3.5,Yes,Desktop,Electronics,No,0,49,0
TXN04692,51,54391.0,102.03,13,6.5,Yes,Mobile,Fuel,No,0,75,0
TXN04693,26,20178.0,45.95,12,6.3,Yes,Mobile,Dining,No,0,79,0
TXN04694,25,65132.0,79.72,13,24.1,Yes,Mobile,Clothing,No,0,71,0
TXN04695,52,43190.0,171.01,11,17.0,No,Mobile,Grocery,No,1,98,0
TXN04696,26,28208.0,124.09,18,0.7,Yes,Mobile,Travel,No,0,48,0
TXN04697,44,117029.0,112.39,15,0.8,No,Mobile,Dining,No,0,57,0
TXN04698,31,57720.0,565.32,13,9.6,No,Desktop,Fuel,No,0,25,0
TXN04699,56,48197.0,215.36,12,6.7,Yes,Desktop,Grocery,No,0,88,0
TXN04700,30,45952.0,237.33,10,3.9,No,Mobile,Dining,No,0,37,1
TXN04701,51,27837.0,105.08,14,18.9,No,Mobile,Grocery,No,0,30,0
TXN04702,40,30578.0,143.11,10,1.7,No,Mobile,Clothing,No,1,58,0
TXN04703,41,98057.0,85.0,12,43.8,No,Mobile,Fuel,No,0,53,0
TXN04704,18,44438.0,223.53,16,0.3,Yes,Mobile,Electronics,Yes,0,36,0
TXN04705,18,55549.0,109.86,9,1.5,Yes,Desktop,Dining,No,0,57,0
TXN04706,36,21920.0,143.37,13,4.5,Yes,Mobile,Fuel,No,0,97,0
TXN04707,41,30392.0,136.45,10,8.5,Yes,Mobile,Electronics,No,0,41,0
TXN04708,26,72367.0,118.27,11,2.9,Yes,Mobile,Electronics,No,0,47,0
TXN04709,26,65190.0,1258.96,13,16.0,Yes,Mobile,Fuel,No,0,91,0
TXN04710,44,121068.0,70.4,15,5.3,Yes,Mobile,Travel,No,0,83,0
TXN04711,44,100651.0,69.89,14,0.5,Yes,Mobile,Healthcare,No,0,49,0
TXN04712,36,49576.0,209.09,11,25.2,Yes,Mobile,Fuel,Yes,0,98,0
TXN04713,47,68045.0,74.54,8,34.6,Yes,Tablet,Grocery,No,0,34,0
TXN04714,25,47697.0,95.05,11,11.6,No,Tablet,Travel,No,0,85,0
TXN04715,34,138656.0,50.32,14,19.7,Yes,Desktop,Electronics,No,0,46,0
TXN04716,56,92240.0,177.81,9,1.5,No,Mobile,Healthcare,No,1,55,0
TXN04717,39,59364.0,179.63,22,3.8,No,Mobile,Healthcare,Yes,1,27,0
TXN04718,39,60190.0,93.26,12,4.7,Yes,Desktop,Healthcare,No,0,87,1
TXN04719,63,105374.0,212.59,10,38.9,No,Mobile,Dining,No,0,44,0
TXN04720,23,71389.0,27.14,15,8.6,No,Mobile,Electronics,Yes,1,36,0
TXN04721,47,110910.0,68.17,9,0.2,Yes,Desktop,Dining,No,0,44,0
TXN04722,56,20495.0,104.74,11,5.7,Yes,Mobile,Healthcare,No,0,75,0
TXN04723,34,67686.0,46.98,9,0.2,No,Mobile,Dining,No,0,110,0
TXN04724,47,43614.0,29.62,17,3.3,Yes,Mobile,Fuel,No,0,38,0
TXN04725,27,121232.0,93.8,13,7.3,Yes,Desktop,Fuel,No,0,58,0
TXN04726,30,110301.0,209.08,10,4.7,No,Desktop,Electronics,No,0,20,0
TXN04727,42,55819.0,334.68,13,0.4,No,Desktop,Fuel,Yes,0,67,0
TXN04728,47,109768.0,77.45,10,1.5,No,Mobile,Electronics,No,0,52,0
TXN04729,50,122699.0,215.74,11,9.6,No,Desktop,Healthcare,No,0,50,0
TXN04730,55,56873.0,199.68,8,14.3,No,Tablet,Healthcare,No,0,52,0
TXN04731,37,167286.0,318.1,15,6.2,Yes,Desktop,Fuel,No,0,49,0
TXN04732,51,54230.0,90.68,9,15.8,Yes,Mobile,Fuel,No,0,56,0
TXN04733,34,49939.0,28.47,10,2.1,No,Desktop,Healthcare,No,0,62,0
TXN04734,48,81205.0,126.93,14,1.6,Yes,Desktop,Dining,No,0,46,0
TXN04735,40,46905.0,53.33,16,22.0,Yes,Desktop,Travel,No,0,84,0
TXN04736,43,57153.0,67.27,12,5.0,Yes,Desktop,Fuel,No,0,38,0
TXN04737,43,103708.0,94.3,9,6.8,Yes,Desktop,Clothing,No,0,35,0
TXN04738,20,55478.0,91.5,15,35.4,Yes,Desktop,Clothing,No,0,55,0
TXN04739,26,25651.0,134.39,15,6.6,No,Mobile,Clothing,No,0,30,0
TXN04740,39,64886.0,210.61,11,0.2,No,Mobile,Fuel,Yes,0,73,0
TXN04741,19,40205.0,89.42,12,33.4,Yes,Mobile,Electronics,No,0,30,0
TXN04742,47,81183.0,164.69,8,0.2,No,Mobile,Dining,No,0,16,0
TXN04743,48,75235.0,121.43,14,13.0,No,Desktop,Clothing,No,0,49,0
TXN04744,42,106640.0,253.63,14,4.7,Yes,Mobile,Healthcare,Yes,0,40,1
TXN04745,26,82742.0,103.19,9,7.6,Yes,Mobile,Dining,No,0,96,0
TXN04746,53,89832.0,112.66,9,9.5,Yes,Mobile,Travel,No,0,44,0
TXN04747,60,40700.0,88.94,17,6.3,No,Mobile,Travel,No,1,47,0
TXN04748,40,78975.0,105.39,8,17.9,Yes,Desktop,Travel,No,0,135,0
TXN04749,44,133371.0,64.12,13,32.0,Yes,Desktop,Healthcare,No,0,68,0
TXN04750,40,40344.0,59.23,13,1.1,Yes,Desktop,Fuel,No,0,51,0
TXN04751,44,123620.0,223.21,13,19.3,No,Mobile,Electronics,No,0,29,0
TXN04752,37,42954.0,50.45,13,1.7,No,Mobile,Clothing,No,0,99,0
TXN04753,38,37485.0,92.96,13,1.0,Yes,Tablet,Grocery,No,0,35,0
TXN04754,48,62842.0,270.36,13,37.4,No,Mobile,Clothing,No,0,90,0
TXN04755,64,75906.0,90.5,9,8.1,Yes,Desktop,Clothing,Yes,0,47,0
TXN04756,23,82899.0,232.87,15,2.0,No,Desktop,Electronics,No,0,36,0
TXN04757,37,35678.0,74.79,13,10.1,Yes,Mobile,Healthcare,No,0,25,0
TXN04758,25,66878.0,51.76,10,3.7,Yes,Mobile,Dining,No,0,84,0
TXN04759,56,40400.0,33.5,11,7.5,No,Mobile,Travel,No,0,46,0
TXN04760,32,28144.0,342.98,11,11.8,No,Tablet,Grocery,No,0,28,1
TXN04761,22,36212.0,48.33,22,24.4,Yes,Mobile,Dining,No,0,32,0
TXN04762,45,39229.0,218.16,12,0.2,Yes,Mobile,Travel,No,0,55,1
TXN04763,57,69550.0,53.92,13,2.9,Yes,Mobile,Clothing,No,0,28,0
TXN04764,45,92373.0,344.26,14,1.2,No,Mobile,Grocery,No,1,55,0
TXN04765,40,28343.0,701.29,10,1.2,Yes,Desktop,Electronics,No,0,48,0
TXN04766,43,64439.0,31.13,8,35.0,No,Mobile,Clothing,No,0,44,1
TXN04767,54,32389.0,50.38,12,33.0,No,Mobile,Dining,No,1,25,0
TXN04768,28,72997.0,222.74,17,16.6,Yes,Mobile,Fuel,No,0,70,0
TXN04769,37,41559.0,180.9,14,12.4,No,Mobile,Clothing,No,0,56,0
TXN04770,33,34269.0,223.41,10,22.6,Yes,Mobile,Grocery,No,0,42,0
TXN04771,25,78821.0,75.83,14,0.7,No,Mobile,Grocery,No,0,77,0
TXN04772,34,42234.0,588.47,7,1.5,No,Desktop,Clothing,No,0,76,0
TXN04773,50,47710.0,131.89,16,4.6,Yes,Mobile,Clothing,No,0,54,0
TXN04774,44,20254.0,45.33,10,21.4,Yes,Mobile,Electronics,No,0,39,0
TXN04775,45,84207.0,98.0,13,7.7,No,Mobile,Electronics,No,0,26,0
TXN04776,40,79578.0,45.82,13,8.4,Yes,Mobile,Dining,No,0,33,0
TXN04777,44,55135.0,428.48,9,3.1,Yes,Desktop,Fuel,No,0,71,0
TXN04778,29,27658.0,70.76,10,12.5,Yes,Tablet,Travel,No,0,52,0
TXN04779,35,94779.0,177.95,10,26.3,Yes,Mobile,Clothing,No,0,44,0
TXN04780,40,40752.0,82.35,11,4.8,Yes,Mobile,Grocery,No,0,167,0
TXN04781,41,44850.0,73.35,17,11.6,Yes,Mobile,Healthcare,No,0,99,0
TXN04782,42,155672.0,26.03,11,4.8,Yes,Mobile,Grocery,No,0,143,0
TXN04783,36,40073.0,193.65,11,18.9,No,Desktop,Dining,No,0,120,0
TXN04784,34,76809.0,339.28,19,7.7,Yes,Desktop,Travel,No,1,54,0
TXN04785,73,70829.0,57.67,13,5.0,Yes,Mobile,Healthcare,No,0,63,0
TXN04786,48,65556.0,34.86,16,6.5,Yes,Desktop,Travel,No,0,59,0
TXN04787,43,62442.0,228.18,14,1.1,Yes,Desktop,Clothing,No,0,90,0
TXN04788,35,65151.0,32.15,13,24.1,Yes,Tablet,Travel,No,0,95,0
TXN04789,33,62160.0,318.34,10,38.1,Yes,Mobile,Dining,No,1,63,0
TXN04790,37,53730.0,58.21,18,7.8,Yes,Mobile,Healthcare,No,0,30,0
TXN04791,41,108572.0,49.64,14,3.0,Yes,Mobile,Grocery,No,0,29,0
TXN04792,18,30467.0,146.39,12,13.1,No,Mobile,Electronics,No,0,109,0
TXN04793,21,87094.0,52.3,17,7.2,No,Mobile,Grocery,No,0,148,0
TXN04794,31,79630.0,68.16,14,3.5,Yes,Desktop,Electronics,No,0,84,0
TXN04795,40,75310.0,159.28,10,0.5,No,Mobile,Electronics,No,1,41,0
TXN04796,35,90919.0,17.19,11,26.5,Yes,Desktop,Dining,No,0,53,0
TXN04797,54,52755.0,446.49,10,19.1,No,Desktop,Clothing,No,0,56,0
TXN04798,22,23719.0,124.26,11,21.2,No,Mobile,Travel,No,0,80,0
TXN04799,30,53240.0,42.65,20,7.0,No,Mobile,Clothing,No,0,69,0
TXN04800,55,35209.0,53.18,10,16.8,No,Desktop,Dining,No,0,92,0
TXN04801,39,39567.0,265.29,17,10.4,Yes,Desktop,Clothing,No,0,59,0
TXN04802,48,31445.0,194.09,22,5.6,Yes,Tablet,Clothing,No,1,41,0
TXN04803,61,44368.0,363.91,10,22.2,Yes,Desktop,Electronics,No,0,38,0
TXN04804,30,42050.0,69.5,8,80.3,No,Desktop,Grocery,No,0,64,0
TXN04805,37,18867.0,152.13,17,27.5,No,Desktop,Healthcare,No,0,68,0
TXN04806,35,75372.0,168.81,13,18.0,Yes,Mobile,Electronics,No,0,82,0
TXN04807,18,149378.0,209.29,6,16.5,Yes,Desktop,Healthcare,Yes,0,54,0
TXN04808,35,72251.0,295.69,13,12.6,No,Tablet,Dining,No,0,43,0
TXN04809,48,50200.0,67.6,13,23.1,Yes,Mobile,Healthcare,No,0,86,0
TXN04810,44,53662.0,109.53,8,8.2,Yes,Mobile,Clothing,Yes,0,31,0
TXN04811,45,45508.0,73.65,9,2.4,Yes,Mobile,Clothing,No,0,42,0
TXN04812,34,57274.0,115.05,16,17.5,Yes,Tablet,Healthcare,No,0,35,0
TXN04813,31,54092.0,209.82,17,30.2,Yes,Mobile,Healthcare,No,0,54,0
TXN04814,52,37670.0,31.95,10,5.0,Yes,Desktop,Grocery,No,0,58,0
TXN04815,33,117288.0,291.49,16,18.3,Yes,Desktop,Travel,No,0,51,0
TXN04816,41,28166.0,48.24,13,3.8,No,Desktop,Dining,No,0,57,0
TXN04817,40,75989.0,93.84,19,34.3,Yes,Mobile,Clothing,No,0,32,0
TXN04818,54,52552.0,324.62,10,13.8,No,Tablet,Healthcare,No,0,75,0
TXN04819,49,129374.0,156.01,12,10.1,No,Mobile,Clothing,No,0,37,0
TXN04820,24,64118.0,157.45,8,18.2,No,Mobile,Fuel,No,0,51,0
TXN04821,25,46776.0,46.66,19,20.1,No,Mobile,Clothing,No,0,26,0
TXN04822,44,49199.0,52.05,13,26.7,No,Mobile,Electronics,No,0,93,0
TXN04823,37,55997.0,254.8,9,27.8,No,Mobile,Travel,No,0,21,0
TXN04824,33,32887.0,74.9,11,0.6,Yes,Mobile,Travel,No,0,56,0
TXN04825,49,38949.0,80.77,10,1.6,Yes,Desktop,Clothing,No,0,28,0
TXN04826,40,24634.0,259.47,21,21.0,Yes,Mobile,Grocery,No,0,37,0
TXN04827,39,36306.0,51.81,17,35.0,Yes,Desktop,Dining,No,0,32,0
TXN04828,47,57374.0,148.84,21,4.4,Yes,Mobile,Clothing,No,0,71,0
TXN04829,34,62954.0,124.19,12,0.2,Yes,Mobile,Clothing,No,0,18,0
TXN04830,55,22570.0,119.74,12,4.7,Yes,Mobile,Electronics,No,0,78,0
TXN04831,29,51707.0,79.26,22,5.8,No,Mobile,Clothing,No,0,50,0
TXN04832,45,70871.0,75.46,15,17.2,No,Mobile,Fuel,No,0,86,0
TXN04833,54,51112.0,50.64,17,0.6,Yes,Mobile,Electronics,No,0,125,0
TXN04834,23,41352.0,176.55,9,2.9,Yes,Mobile,Clothing,No,0,38,0
TXN04835,34,45689.0,70.31,16,26.9,No,Mobile,Clothing,No,0,25,0
TXN04836,51,43120.0,260.47,16,2.0,No,Mobile,Healthcare,Yes,0,40,0
TXN04837,51,41298.0,100.27,8,17.1,No,Mobile,Dining,No,0,44,0
TXN04838,36,59475.0,51.46,15,5.4,Yes,Tablet,Travel,No,0,42,0
TXN04839,30,155367.0,99.21,15,13.0,No,Mobile,Fuel,No,0,60,0
TXN04840,49,39357.0,86.38,15,0.9,No,Mobile,Grocery,No,0,51,0
TXN04841,51,47664.0,269.02,14,4.1,Yes,Mobile,Dining,No,0,42,0
TXN04842,25,53735.0,89.33,12,6.6,Yes,Desktop,Electronics,Yes,0,29,0
TXN04843,25,40367.0,96.21,11,23.4,Yes,Mobile,Dining,No,0,128,0
TXN04844,40,90156.0,371.2,16,9.9,Yes,Mobile,Grocery,No,0,55,0
TXN04845,45,18924.0,180.21,7,0.6,No,Desktop,Electronics,No,0,75,0
TXN04846,35,43309.0,453.8,13,19.4,Yes,Desktop,Fuel,No,0,50,0
TXN04847,45,79485.0,328.56,18,0.7,No,Mobile,Healthcare,No,0,35,0
TXN04848,30,48182.0,59.01,16,32.7,No,Mobile,Electronics,No,0,83,0
TXN04849,18,38014.0,264.93,10,2.9,Yes,Tablet,Electronics,No,1,75,0
TXN04850,33,67066.0,406.56,9,8.0,No,Mobile,Healthcare,Yes,0,45,0
TXN04851,39,82697.0,409.01,13,0.9,Yes,Mobile,Grocery,Yes,0,44,1
TXN04852,35,60468.0,264.53,13,9.9,Yes,Mobile,Electronics,No,1,58,0
TXN04853,25,38351.0,260.22,10,8.3,No,Desktop,Dining,No,0,49,0
TXN04854,18,67534.0,94.19,11,6.3,Yes,Mobile,Travel,No,0,26,0
TXN04855,32,45898.0,61.41,14,0.4,Yes,Mobile,Grocery,No,0,37,0
TXN04856,48,76912.0,90.53,10,25.3,No,Mobile,Grocery,No,1,50,0
TXN04857,52,107211.0,31.68,16,19.5,No,Mobile,Grocery,No,1,43,0
TXN04858,51,18000.0,351.33,10,12.0,No,Tablet,Dining,No,0,19,0
TXN04859,29,57819.0,95.67,18,10.2,No,Mobile,Dining,No,0,35,0
TXN04860,25,25185.0,337.16,9,14.2,Yes,Mobile,Dining,No,0,53,0
TXN04861,43,165032.0,44.8,16,1.9,No,Mobile,Clothing,No,0,22,0
TXN04862,45,44553.0,285.31,12,32.4,No,Desktop,Dining,No,1,34,0
TXN04863,42,76953.0,80.77,11,4.0,Yes,Mobile,Healthcare,No,0,45,0
TXN04864,18,54133.0,42.95,15,12.8,Yes,Desktop,Electronics,No,0,69,0
TXN04865,28,38319.0,441.06,10,11.2,Yes,Mobile,Grocery,No,0,71,0
TXN04866,38,36321.0,291.01,14,12.1,Yes,Mobile,Clothing,No,0,21,0
TXN04867,43,112268.0,142.16,11,25.3,Yes,Mobile,Grocery,Yes,0,71,0
TXN04868,46,84564.0,123.3,9,4.2,No,Mobile,Fuel,No,0,38,0
TXN04869,40,131887.0,170.56,16,16.6,No,Mobile,Travel,No,1,100,0
TXN04870,42,56390.0,140.22,10,10.9,No,Mobile,Electronics,No,1,58,0
TXN04871,39,62608.0,63.67,7,0.9,No,Desktop,Travel,No,0,53,0
TXN04872,46,48769.0,86.3,10,6.4,Yes,Mobile,Electronics,No,0,26,0
TXN04873,41,48335.0,575.98,16,21.8,Yes,Tablet,Electronics,No,0,60,0
TXN04874,39,34415.0,1017.62,13,4.5,No,Mobile,Electronics,No,0,101,0
TXN04875,35,57119.0,418.9,13,7.9,No,Mobile,Grocery,No,0,105,0
TXN04876,39,38558.0,175.93,10,8.0,Yes,Mobile,Travel,Yes,1,88,0
TXN04877,43,67101.0,91.59,12,11.5,No,Mobile,Travel,No,0,75,0
TXN04878,41,59373.0,63.37,11,25.9,Yes,Mobile,Dining,No,0,29,0
TXN04879,42,62602.0,66.8,14,2.3,Yes,Mobile,Travel,No,0,79,0
TXN04880,53,116879.0,77.08,15,8.4,No,Desktop,Dining,No,0,40,0
TXN04881,41,54074.0,670.77,14,6.6,No,Mobile,Fuel,No,0,66,0
TXN04882,31,77313.0,509.04,10,4.2,Yes,Mobile,Dining,No,0,69,0
TXN04883,48,138450.0,218.0,12,30.3,Yes,Desktop,Clothing,No,0,12,0
TXN04884,23,99019.0,55.65,13,0.2,Yes,Mobile,Electronics,No,0,121,0
TXN04885,26,92412.0,245.17,16,1.6,No,Desktop,Grocery,No,0,79,0
TXN04886,42,47910.0,99.15,6,15.9,Yes,Mobile,Clothing,No,0,22,0
TXN04887,44,60988.0,21.44,12,3.7,No,Mobile,Electronics,No,1,21,0
TXN04888,24,30390.0,150.98,15,15.4,No,Desktop,Healthcare,Yes,0,56,0
TXN04889,34,68844.0,61.19,8,21.4,Yes,Mobile,Fuel,No,0,57,0
TXN04890,31,62230.0,62.87,11,3.5,No,Desktop,Clothing,No,0,57,0
TXN04891,33,55582.0,98.22,10,2.6,Yes,Tablet,Grocery,Yes,0,31,0
TXN04892,48,87319.0,80.55,9,1.9,Yes,Tablet,Fuel,No,0,54,0
TXN04893,46,31939.0,116.76,10,2.7,Yes,Tablet,Clothing,No,0,69,0
TXN04894,38,114780.0,112.35,12,3.7,No,Mobile,Electronics,No,0,100,0
TXN04895,32,82527.0,26.76,9,24.4,Yes,Desktop,Grocery,Yes,0,68,0
TXN04896,23,53279.0,404.93,18,17.6,No,Mobile,Fuel,No,2,18,0
TXN04897,54,51439.0,54.64,8,0.2,Yes,Desktop,Clothing,No,0,28,0
TXN04898,45,68279.0,56.01,21,24.9,Yes,Mobile,Dining,No,0,72,0
TXN04899,30,109040.0,92.26,12,1.0,No,Mobile,Travel,No,0,69,0
TXN04900,46,57573.0,110.04,15,12.8,No,Tablet,Electronics,No,1,43,0
TXN04901,37,58683.0,385.55,10,2.0,Yes,Desktop,Dining,No,1,51,0
TXN04902,35,55450.0,148.86,8,0.8,Yes,Tablet,Fuel,No,0,54,0
TXN04903,43,122639.0,188.8,14,17.1,Yes,Mobile,Fuel,No,0,59,0
TXN04904,30,46588.0,149.47,7,7.6,Yes,Mobile,Clothing,No,0,39,0
TXN04905,34,54275.0,144.41,12,11.0,No,Tablet,Clothing,No,0,36,0
TXN04906,39,106259.0,153.74,13,6.6,Yes,Mobile,Grocery,No,0,29,0
TXN04907,33,58762.0,25.57,9,0.8,No,Tablet,Dining,No,0,98,1
TXN04908,45,91745.0,98.25,10,16.1,Yes,Desktop,Fuel,No,0,60,0
TXN04909,59,36498.0,304.08,13,20.6,Yes,Desktop,Grocery,No,0,42,0
TXN04910,30,50147.0,2811.17,12,0.5,Yes,Desktop,Travel,No,0,77,0
TXN04911,20,107268.0,45.79,13,5.7,Yes,Desktop,Travel,No,0,29,0
TXN04912,18,40568.0,168.33,14,9.8,Yes,Mobile,Grocery,No,0,82,0
TXN04913,36,51380.0,75.99,16,11.2,No,Tablet,Dining,No,0,39,0
TXN04914,31,61734.0,617.46,15,10.4,Yes,Mobile,Grocery,No,0,45,0
TXN04915,40,35241.0,40.63,12,14.2,No,Mobile,Clothing,No,1,26,0
TXN04916,39,45655.0,197.84,12,40.9,Yes,Mobile,Grocery,No,0,51,0
TXN04917,20,57860.0,38.93,5,5.9,Yes,Desktop,Dining,No,0,77,0
TXN04918,18,56168.0,93.0,15,9.8,Yes,Desktop,Travel,No,0,22,0
TXN04919,41,97855.0,116.75,7,14.4,No,Mobile,Fuel,No,0,59,0
TXN04920,39,110056.0,282.38,19,10.8,Yes,Desktop,Travel,No,1,55,0
TXN04921,33,37416.0,50.69,12,5.9,No,Desktop,Clothing,No,0,76,0
TXN04922,20,57824.0,204.02,15,11.7,Yes,Desktop,Dining,No,1,112,0
TXN04923,43,74496.0,121.82,9,12.6,Yes,Mobile,Healthcare,No,0,49,0
TXN04924,52,108819.0,149.27,21,10.6,Yes,Desktop,Electronics,No,0,56,0
TXN04925,41,75994.0,258.31,22,2.8,Yes,Desktop,Dining,No,0,62,0
TXN04926,29,62693.0,43.01,19,8.5,No,Tablet,Travel,No,0,107,0
TXN04927,38,74238.0,229.51,19,25.9,Yes,Mobile,Travel,No,0,55,0
TXN04928,23,74480.0,76.12,17,24.4,Yes,Mobile,Healthcare,No,0,93,0
TXN04929,50,36229.0,288.35,11,16.7,No,Mobile,Dining,No,0,43,0
TXN04930,39,59985.0,156.83,12,14.3,Yes,Mobile,Dining,No,0,43,0
TXN04931,19,106055.0,101.48,9,2.0,Yes,Mobile,Dining,No,0,48,0
TXN04932,35,50100.0,74.85,14,7.4,No,Mobile,Travel,No,0,43,0
TXN04933,43,58299.0,231.86,12,1.4,Yes,Desktop,Healthcare,No,0,35,1
TXN04934,34,49314.0,329.06,12,20.4,No,Mobile,Clothing,No,0,29,0
TXN04935,35,19416.0,78.35,17,4.1,Yes,Mobile,Grocery,No,1,63,0
TXN04936,25,55512.0,48.48,12,17.5,Yes,Mobile,Electronics,No,1,65,0
TXN04937,44,63000.0,209.11,16,20.2,No,Mobile,Grocery,No,1,101,0
TXN04938,31,43672.0,37.66,8,26.8,No,Desktop,Clothing,No,0,49,0
TXN04939,18,32712.0,42.23,10,16.8,Yes,Mobile,Travel,No,0,81,0
TXN04940,34,37005.0,51.28,13,10.0,Yes,Desktop,Grocery,No,0,28,0
TXN04941,49,77573.0,86.07,12,10.9,Yes,Mobile,Dining,No,0,9,0
TXN04942,34,133616.0,41.2,14,4.6,Yes,Desktop,Fuel,No,0,60,0
TXN04943,57,102455.0,25.44,16,2.3,No,Mobile,Dining,No,0,33,0
TXN04944,43,30035.0,48.38,22,1.7,Yes,Mobile,Electronics,No,0,101,0
TXN04945,42,80795.0,200.63,14,2.4,Yes,Desktop,Dining,No,0,30,0
TXN04946,37,40809.0,43.39,12,32.6,Yes,Mobile,Fuel,No,0,41,0
TXN04947,37,42322.0,91.4,15,2.2,Yes,Mobile,Travel,No,0,82,0
TXN04948,35,44676.0,569.55,14,15.4,Yes,Desktop,Grocery,No,0,77,0
TXN04949,35,75570.0,115.37,9,2.4,Yes,Mobile,Dining,No,0,35,0
TXN04950,44,84690.0,157.83,11,44.4,No,Desktop,Clothing,No,0,38,0
TXN04951,28,52626.0,56.3,11,5.5,Yes,Mobile,Grocery,No,0,55,0
TXN04952,26,53030.0,677.41,14,6.4,Yes,Mobile,Electronics,No,0,18,0
TXN04953,26,67779.0,77.82,15,6.2,No,Mobile,Healthcare,No,0,83,0
TXN04954,61,71018.0,99.98,10,20.3,No,Mobile,Clothing,No,0,51,0
TXN04955,44,93376.0,344.17,13,3.0,Yes,Mobile,Clothing,No,0,72,0
TXN04956,41,30857.0,103.76,10,21.3,No,Mobile,Grocery,No,2,83,0
TXN04957,26,55498.0,124.69,14,12.8,No,Desktop,Electronics,No,0,67,0
TXN04958,45,34012.0,95.79,23,3.0,Yes,Desktop,Electronics,No,0,21,0
TXN04959,37,53754.0,96.32,15,0.8,No,Desktop,Clothing,No,1,67,0
TXN04960,40,49678.0,161.4,11,17.9,Yes,Mobile,Dining,Yes,1,64,0
TXN04961,27,53855.0,186.76,16,3.0,Yes,Mobile,Clothing,Yes,0,91,0
TXN04962,40,38377.0,71.73,18,26.4,Yes,Mobile,Clothing,No,0,91,0
TXN04963,33,28164.0,65.02,14,1.7,Yes,Mobile,Clothing,No,0,75,0
TXN04964,30,21431.0,73.71,14,11.5,Yes,Desktop,Fuel,No,0,80,0
TXN04965,46,51847.0,39.11,8,14.1,No,Desktop,Grocery,No,1,77,0
TXN04966,21,45303.0,33.62,5,12.9,Yes,Mobile,Electronics,No,0,105,0
TXN04967,44,40575.0,152.2,12,4.6,No,Mobile,Electronics,No,0,24,1
TXN04968,46,99731.0,254.26,13,25.0,No,Tablet,Electronics,No,0,25,0
TXN04969,28,37359.0,240.89,14,17.6,No,Mobile,Travel,No,0,56,0
TXN04970,29,104054.0,17.85,15,8.6,Yes,Tablet,Clothing,No,1,48,0
TXN04971,36,114213.0,98.64,10,11.1,No,Desktop,Grocery,No,0,41,0
TXN04972,41,22861.0,49.69,14,10.0,Yes,Mobile,Grocery,No,1,75,0
TXN04973,36,57335.0,134.62,10,35.2,No,Mobile,Electronics,No,1,54,0
TXN04974,43,45946.0,85.9,16,27.2,Yes,Tablet,Grocery,Yes,0,53,0
TXN04975,57,18000.0,192.68,15,3.2,No,Desktop,Grocery,No,0,60,0
TXN04976,32,28710.0,118.18,10,3.7,Yes,Mobile,Travel,Yes,0,92,0
TXN04977,19,77949.0,26.33,13,47.8,No,Mobile,Electronics,No,0,43,0
TXN04978,47,136452.0,55.36,14,3.2,No,Desktop,Grocery,No,0,36,0
TXN04979,57,82561.0,120.56,12,36.8,No,Mobile,Fuel,No,1,40,0
TXN04980,42,63623.0,128.97,7,12.6,Yes,Mobile,Electronics,No,0,73,0
TXN04981,26,54475.0,38.98,13,0.6,Yes,Mobile,Grocery,Yes,0,47,1
TXN04982,37,117276.0,35.1,20,4.9,Yes,Mobile,Travel,No,0,43,0
TXN04983,26,144610.0,125.52,10,7.8,Yes,Mobile,Clothing,No,0,72,0
TXN04984,45,42235.0,39.04,15,21.5,Yes,Mobile,Fuel,No,0,41,0
TXN04985,23,22361.0,31.58,18,4.8,Yes,Mobile,Dining,No,1,28,0
TXN04986,35,21395.0,84.05,10,4.5,No,Mobile,Dining,No,0,93,0
TXN04987,27,99701.0,81.19,8,30.3,Yes,Tablet,Clothing,No,1,54,0
TXN04988,39,53848.0,59.43,10,1.0,No,Mobile,Fuel,No,0,84,0
TXN04989,34,59727.0,68.34,14,9.6,Yes,Mobile,Dining,No,2,66,0
TXN04990,40,24570.0,121.34,16,8.4,No,Mobile,Healthcare,No,0,131,0
TXN04991,38,39189.0,67.45,15,0.7,Yes,Mobile,Fuel,No,0,82,1
TXN04992,27,48152.0,126.98,13,1.1,No,Tablet,Healthcare,No,0,60,0
TXN04993,45,60392.0,88.51,16,5.8,Yes,Mobile,Clothing,No,0,70,0
TXN04994,37,45969.0,137.22,10,1.7,Yes,Mobile,Healthcare,No,0,63,0
TXN04995,27,34485.0,242.27,12,7.8,Yes,Tablet,Clothing,No,0,66,0
TXN04996,63,38640.0,234.84,14,11.3,Yes,Desktop,Grocery,No,0,55,0
TXN04997,43,94735.0,336.32,16,14.1,Yes,Mobile,Dining,No,0,61,0
TXN04998,36,61405.0,234.63,12,9.5,No,Tablet,Dining,No,0,37,0
TXN04999,54,72443.0,145.23,15,5.7,Yes,Desktop,Fuel,No,0,51,0
TXN05000,58,36702.0,84.84,12,1.7,No,Tablet,Grocery,No,0,57,0
