Transaction_ID,Customer_Age,Annual_Income,Purchase_Amount,Transaction_Count,Discount_Percentage,Customer_Tenure_Months,Delivery_Distance_Km,Product_Rating,Customer_Support_Calls,Monthly_Spend,Returns_Count
TXN00001,41,31376.6,2430.8,3,5.67,56,17.08,3.86,2,4574.18,3
TXN00002,35,53895.71,1629.36,6,4.79,61,7.17,3.08,2,3735.58,1
TXN00003,42,55647.89,2159.27,3,59.3,1,18.04,3.88,9,2840.82,1
TXN00004,51,74779.43,4589.69,6,20.05,51,26.12,3.6,3,1232.47,1
TXN00005,34,22620.92,7407.32,8,31.43,58,3.45,3.61,3,4888.35,0
TXN00006,34,80842.43,4060.09,3,19.35,27,3.27,2.7,1,12184.06,0
TXN00007,52,9482.79,2725.78,7,15.46,20,6.8,3.64,3,3942.89,1
TXN00008,44,36521.76,8931.65,15,15.17,4,0.63,5.0,1,2833.17,2
TXN00009,31,40043.05,1916.27,7,8.4,8,13.89,4.12,5,2587.23,2
TXN00010,41,83012.87,6004.88,6,15.58,20,16.62,3.58,5,4956.04,2
TXN00011,31,55815.03,1957.05,3,5.25,60,5.09,4.18,0,7834.5,0
TXN00012,31,22058.92,3606.22,2,18.29,49,7.51,4.79,1,5081.64,0
TXN00013,38,28993.96,2269.96,5,12.54,21,10.71,3.3,1,945.54,1
TXN00014,18,62581.84,2384.09,6,2.52,46,0.92,4.98,2,11851.15,1
TXN00015,19,52244.75,1813.96,6,4.55,44,14.91,3.05,2,6271.71,1
TXN00016,30,37746.87,7841.39,4,40.1,26,8.98,3.53,3,3085.42,2
TXN00017,26,40237.17,1340.85,1,7.8,7,11.75,3.47,2,2414.62,2
TXN00018,39,86473.88,1332.55,6,19.55,13,15.44,4.65,3,2560.09,3
TXN00019,27,39284.62,15167.2,8,5.32,5,13.51,3.03,3,6402.03,0
TXN00020,22,51939.2,5740.01,2,15.15,1,1.2,4.54,2,878.04,0
TXN00021,51,225380.92,329.21,2,14.17,3,18.31,3.67,2,5014.62,1
TXN00022,34,21800.64,1546.23,2,10.19,43,11.3,3.9,2,4259.47,0
TXN00023,37,16504.54,535.85,5,7.58,1,15.06,4.63,5,4218.06,1
TXN00024,22,91529.97,1114.27,7,12.62,15,3.64,4.14,4,1550.86,0
TXN00025,31,35382.42,173.52,7,12.42,128,3.0,4.69,0,1061.75,1
TXN00026,37,44722.59,2225.21,9,16.41,48,20.99,4.53,3,16841.29,2
TXN00027,24,33101.6,947.09,4,19.21,42,5.94,5.0,4,3841.32,0
TXN00028,40,46454.02,2630.6,7,14.37,10,10.28,4.61,2,13570.96,2
TXN00029,30,155459.14,628.1,5,14.61,31,9.62,3.89,2,6587.04,1
TXN00030,33,92639.6,2682.54,7,26.58,21,10.56,3.84,3,3786.54,1
TXN00031,30,96329.87,1757.01,7,29.95,29,0.86,5.0,3,4116.86,3
TXN00032,55,21906.55,8961.62,3,35.72,17,4.32,4.03,5,7455.84,2
TXN00033,36,26025.67,8297.42,5,17.48,23,0.83,4.17,1,8066.48,0
TXN00034,25,8687.91,4873.61,5,24.04,134,7.85,4.65,0,4883.97,2
TXN00035,44,32499.86,1893.96,5,17.58,12,27.89,3.59,5,7521.03,0
TXN00036,24,102431.09,13515.86,5,6.21,7,5.92,3.21,3,7775.65,0
TXN00037,38,76964.82,667.78,8,8.84,18,18.3,4.24,2,4408.42,1
TXN00038,18,47624.61,758.26,2,4.82,22,4.06,3.49,6,2293.56,0
TXN00039,23,54208.52,2328.15,6,19.22,3,23.28,4.9,5,4956.75,0
TXN00040,38,35147.64,16983.17,6,15.67,49,6.53,2.12,1,2072.92,0
TXN00041,43,62829.61,2104.97,6,5.78,16,5.27,3.49,1,2681.79,0
TXN00042,38,90482.28,2139.41,1,14.45,16,14.35,4.05,4,4623.01,1
TXN00043,35,19240.29,733.94,10,16.97,32,8.63,3.4,0,3311.18,5
TXN00044,33,66826.8,5586.38,5,13.11,45,4.94,4.87,2,8790.18,2
TXN00045,21,100827.98,5620.89,3,15.06,128,0.72,4.04,1,2204.43,1
TXN00046,29,41993.63,4889.08,0,1.58,6,2.19,3.42,3,789.05,1
TXN00047,31,86729.02,1464.41,7,5.51,13,17.76,4.06,1,8756.43,1
TXN00048,47,342701.08,1371.07,4,3.57,6,30.42,2.9,1,3618.37,1
TXN00049,39,51393.43,832.88,6,13.65,64,2.22,4.26,1,3740.83,0
TXN00050,18,71021.51,2684.74,4,13.3,24,10.11,4.82,2,2015.51,4
TXN00051,39,34042.03,997.95,2,17.85,57,0.5,3.79,0,936.34,2
TXN00052,32,61876.87,918.96,4,13.25,126,4.12,3.89,3,1973.05,1
TXN00053,29,74181.13,1743.95,9,17.03,24,7.15,3.1,1,5216.2,1
TXN00054,42,62425.93,1649.56,4,12.18,4,15.98,3.36,6,3040.29,0
TXN00055,46,28347.28,1582.5,5,16.55,13,0.54,4.63,3,2773.12,1
TXN00056,45,62895.1,3716.45,8,3.28,1,18.24,3.81,2,1065.29,1
TXN00057,28,142274.82,2673.75,2,10.83,57,2.72,5.0,0,12436.8,1
TXN00058,33,73622.19,1956.89,2,22.88,1,17.1,4.29,0,3357.7,2
TXN00059,39,102783.5,2920.78,5,20.05,27,11.79,3.09,0,18031.28,0
TXN00060,46,47147.24,1076.26,4,6.97,3,4.98,5.0,2,4524.49,1
TXN00061,31,89547.42,2734.03,8,18.74,1,15.44,2.88,2,10365.83,1
TXN00062,34,65947.39,2841.42,6,22.95,9,3.24,3.62,0,2117.66,3
TXN00063,25,29643.45,696.77,9,7.72,24,2.98,4.01,2,1212.52,2
TXN00064,24,67651.66,5827.75,7,22.06,2,0.76,4.1,3,3071.65,0
TXN00065,44,28867.9,1181.84,2,13.67,29,5.99,3.45,2,5179.82,1
TXN00066,50,36450.71,2699.47,8,26.56,33,1.23,3.89,4,5588.95,2
TXN00067,35,62202.59,6726.4,3,17.3,105,6.53,4.82,2,4613.24,1
TXN00068,46,66722.48,5491.03,5,16.85,69,0.5,4.83,2,17409.28,0
TXN00069,40,25389.41,2574.03,4,14.53,25,2.02,5.0,5,4604.55,1
TXN00070,30,109117.35,1837.06,5,13.47,47,32.32,3.28,2,2817.09,0
TXN00071,40,79769.18,5593.9,4,15.81,14,19.05,4.09,3,2972.13,0
TXN00072,51,34787.55,4436.13,8,27.21,26,3.23,4.2,3,1991.8,0
TXN00073,36,20244.9,1477.99,0,29.67,15,15.2,2.61,3,4297.29,1
TXN00074,52,50056.14,1272.05,7,8.46,12,13.25,3.67,2,7462.26,0
TXN00075,18,41160.12,429.47,4,3.91,39,2.34,4.27,3,9384.41,1
TXN00076,44,59197.21,2849.71,5,39.82,11,5.56,3.78,3,2843.36,2
TXN00077,37,43436.82,2330.3,2,60.0,14,29.4,3.4,3,3372.87,1
TXN00078,33,14916.77,6566.98,3,15.18,14,16.11,4.14,4,2233.67,2
TXN00079,37,42730.27,3392.23,3,19.7,61,17.14,4.73,0,6893.54,2
TXN00080,18,45090.91,7770.9,1,7.1,6,9.96,4.02,5,1474.85,1
TXN00081,34,83030.9,1382.0,3,17.08,14,13.14,2.36,3,2111.43,3
TXN00082,40,34935.5,6577.92,4,27.01,66,8.53,4.72,1,190.59,2
TXN00083,51,163771.43,1594.74,4,6.98,1,16.21,2.98,3,1533.11,0
TXN00084,31,15875.34,4841.61,7,6.34,89,15.83,3.04,3,2314.1,2
TXN00085,28,128971.58,723.5,9,15.25,69,0.5,4.05,2,2447.88,3
TXN00086,31,47537.83,3053.09,1,11.92,16,11.99,4.06,3,1413.89,0
TXN00087,45,96164.8,462.69,3,20.63,32,11.92,3.41,0,1587.03,0
TXN00088,39,57928.19,1992.17,5,11.41,142,0.84,4.38,1,8464.34,1
TXN00089,31,115358.46,3634.94,1,6.19,24,6.34,3.85,2,2027.52,0
TXN00090,41,42757.64,1605.55,3,26.18,3,27.49,2.78,4,986.37,1
TXN00091,37,26929.7,1023.7,5,20.06,58,36.8,3.15,1,1686.7,1
TXN00092,46,138471.01,5131.98,7,6.71,4,18.29,3.64,6,1702.46,0
TXN00093,29,51089.08,2289.53,4,8.04,9,1.97,3.88,3,3331.82,2
TXN00094,33,63519.45,1648.98,6,1.5,62,5.63,3.47,3,4501.88,0
TXN00095,32,122722.04,2590.63,4,35.74,9,2.42,2.56,2,1356.97,2
TXN00096,21,28122.28,23510.79,3,35.27,41,12.67,3.36,0,4318.79,3
TXN00097,39,80996.2,6664.32,5,14.02,18,17.8,4.31,3,9323.89,4
TXN00098,39,37483.53,6715.9,4,19.0,43,25.83,3.89,3,7127.64,1
TXN00099,36,50472.22,3620.11,4,12.39,8,23.65,4.49,2,5249.95,1
TXN00100,34,57645.63,2880.04,4,3.93,16,1.25,4.39,1,4656.06,0
TXN00101,22,450000.0,75000.0,5,19.31,11,150.0,2.63,6,60000.0,1
TXN00102,32,33151.54,1403.76,4,5.22,9,28.85,3.38,2,9449.63,0
TXN00103,33,132360.67,1661.64,8,11.56,11,22.28,4.32,0,4726.72,0
TXN00104,28,97842.34,507.95,3,20.19,12,7.4,4.19,1,1993.11,1
TXN00105,34,52805.61,934.72,5,17.83,93,6.75,4.19,5,3149.44,3
TXN00106,40,64416.09,464.21,4,9.43,23,9.66,4.54,3,2180.98,2
TXN00107,55,45425.59,2419.87,3,6.78,19,10.89,4.73,0,3175.79,1
TXN00108,38,132835.61,5014.04,5,45.13,21,3.52,2.62,2,8195.54,0
TXN00109,39,48284.18,6404.81,5,14.7,167,6.2,3.55,1,3093.69,1
TXN00110,35,63945.46,3556.79,5,9.95,32,11.6,4.29,5,2006.81,0
TXN00111,18,115844.96,1102.31,2,2.43,36,2.77,4.39,4,7251.72,0
TXN00112,36,33183.13,483.86,4,12.34,11,81.04,5.0,1,8553.43,0
TXN00113,37,151494.02,561.55,4,1.46,19,3.99,4.88,3,2019.83,0
TXN00114,61,20338.86,850.15,7,10.14,6,9.65,4.64,5,9862.33,1
TXN00115,34,158634.14,1174.4,2,5.36,35,9.69,3.51,2,6865.55,3
TXN00116,39,43167.77,2182.57,3,23.61,13,7.21,4.44,1,2378.39,2
TXN00117,36,46973.28,1055.75,4,15.9,41,3.32,5.0,1,8215.22,1
TXN00118,24,16100.12,3334.83,5,9.86,7,10.0,4.89,0,1477.62,2
TXN00119,47,40924.0,2052.09,7,6.97,16,1.15,4.11,3,2498.19,0
TXN00120,44,27979.13,2522.51,5,10.48,19,5.87,4.86,2,1626.29,2
TXN00121,44,37053.51,6589.67,3,20.32,5,3.05,4.0,1,1766.71,1
TXN00122,27,50303.82,916.76,2,12.94,2,1.59,4.01,0,6350.45,4
TXN00123,50,102503.58,3568.66,5,15.89,11,31.16,3.69,3,3464.3,0
TXN00124,22,62945.88,2470.48,7,22.74,24,14.45,2.88,2,1608.03,1
TXN00125,42,67176.47,1882.93,5,14.06,32,2.22,4.52,3,2316.46,1
TXN00126,58,26984.04,5305.58,5,3.89,17,35.8,3.78,2,2197.93,4
TXN00127,26,31026.54,5277.5,7,5.38,21,2.92,3.95,2,4171.85,1
TXN00128,30,177062.8,1118.26,7,23.82,24,3.22,4.21,3,17183.44,1
TXN00129,37,34105.29,2141.39,10,10.09,22,1.72,3.44,0,4042.16,1
TXN00130,31,161397.22,3175.04,4,10.79,3,15.62,4.47,4,4233.87,1
TXN00131,20,46962.22,1982.25,4,19.38,16,10.15,3.75,3,10294.13,2
TXN00132,37,55081.85,4110.56,0,32.61,7,0.72,3.77,3,2393.52,2
TXN00133,25,110285.29,3174.99,3,24.35,23,0.5,1.63,1,8897.57,1
TXN00134,41,125720.76,11869.45,3,50.27,43,9.13,3.96,5,2600.26,1
TXN00135,27,51177.76,680.83,2,12.26,26,12.65,3.2,2,2719.97,2
TXN00136,51,42733.16,2252.9,9,8.71,8,20.77,3.6,1,2778.68,1
TXN00137,28,53036.74,1154.96,8,1.26,7,7.81,3.31,2,3247.39,0
TXN00138,33,68511.77,4177.79,8,9.11,1,13.54,3.36,5,3096.61,0
TXN00139,44,98168.03,632.35,4,45.15,17,15.88,3.69,1,4497.59,2
TXN00140,24,55151.43,3355.69,10,17.39,17,11.39,4.19,2,2600.65,1
TXN00141,38,82237.33,1463.38,3,20.8,8,5.21,4.9,4,3754.97,2
TXN00142,49,159535.59,1339.44,2,8.93,43,1.7,3.96,4,1132.7,0
TXN00143,20,70469.81,731.08,2,10.08,15,12.51,3.53,3,6052.4,2
TXN00144,38,67350.31,1683.67,2,11.74,33,17.57,3.63,4,7730.56,2
TXN00145,39,20492.13,6284.69,6,21.83,31,2.53,4.52,1,4087.21,0
TXN00146,44,9947.87,2447.04,2,9.05,28,8.2,4.15,3,5907.73,0
TXN00147,24,70794.22,4262.34,9,5.75,72,6.07,2.97,2,1947.53,0
TXN00148,23,51712.39,10290.66,8,17.36,1,2.76,3.36,2,10125.64,1
TXN00149,41,39358.99,3128.28,4,28.79,2,3.38,3.86,2,3998.42,0
TXN00150,39,64433.12,1554.74,4,1.77,38,3.26,3.69,2,1137.89,2
TXN00151,39,52882.41,3719.0,3,9.52,13,6.51,3.43,1,8195.09,4
TXN00152,39,114478.88,1574.03,9,1.86,129,5.94,3.68,1,5784.47,1
TXN00153,29,58166.25,1628.29,10,10.08,7,9.69,4.01,1,12973.45,4
TXN00154,38,33846.41,686.86,5,1.42,6,1.17,4.08,3,11217.49,1
TXN00155,39,104683.47,5493.74,5,22.8,27,10.45,3.84,4,8953.41,0
TXN00156,29,47760.45,1800.72,9,7.15,10,0.5,4.46,2,4877.09,1
TXN00157,55,77446.09,2918.51,2,26.15,12,3.57,4.13,2,5765.45,3
TXN00158,41,40326.8,1036.37,5,42.11,76,8.37,3.1,1,1644.96,1
TXN00159,24,36051.4,3621.35,5,9.52,1,13.94,3.57,3,2883.09,1
TXN00160,43,58092.85,1308.18,8,4.15,23,17.7,3.71,6,28267.9,0
TXN00161,26,55460.54,2216.3,6,21.55,12,0.5,3.7,2,1044.35,0
TXN00162,44,75130.06,5272.17,6,17.78,13,9.25,3.26,1,4348.94,1
TXN00163,48,46187.7,4896.09,7,14.45,9,5.25,3.43,0,3404.68,2
TXN00164,28,16671.48,2453.62,5,13.37,4,14.25,4.44,3,6360.49,1
TXN00165,46,41513.98,556.2,5,12.68,1,4.01,3.12,3,4022.06,2
TXN00166,40,92140.56,31822.7,7,5.23,132,16.34,3.61,4,8190.4,2
TXN00167,44,45333.16,11026.16,4,19.59,32,11.06,4.69,1,3537.31,2
TXN00168,55,46860.92,4620.78,4,12.85,45,18.71,3.76,3,6017.96,0
TXN00169,34,104425.92,1317.94,6,25.08,2,49.92,5.0,2,4521.04,1
TXN00170,28,34624.12,2269.9,6,10.39,1,28.71,4.94,5,2853.75,3
TXN00171,27,20176.35,1575.2,4,4.77,28,10.8,2.29,2,2582.97,0
TXN00172,28,49547.06,7319.69,3,19.05,39,26.9,3.05,1,8561.42,1
TXN00173,35,40149.91,3124.95,3,11.92,15,1.99,3.85,2,5420.7,0
TXN00174,39,29349.43,1283.71,10,10.65,15,0.53,3.59,3,7029.42,0
TXN00175,39,49074.38,1675.56,6,10.65,15,9.14,4.3,3,8424.29,1
TXN00176,44,75702.55,6483.76,6,18.66,5,43.97,4.26,1,2435.89,1
TXN00177,36,54668.93,9741.29,4,21.5,42,14.84,2.75,1,2895.58,2
TXN00178,51,67146.1,9164.82,1,9.83,7,4.37,4.62,0,2757.16,1
TXN00179,33,178760.73,4757.72,5,13.24,12,13.26,5.0,3,7203.4,1
TXN00180,63,44011.98,2016.9,7,12.09,33,0.5,2.85,5,3729.87,2
TXN00181,42,65908.0,158.98,4,11.21,1,7.63,3.54,4,3979.06,1
TXN00182,27,39501.73,3218.38,3,36.61,44,3.25,3.58,4,1672.7,1
TXN00183,25,31727.99,2496.12,5,26.79,69,0.61,4.68,2,6231.32,0
TXN00184,41,37605.23,2815.88,7,12.11,2,3.45,4.86,1,6377.43,1
TXN00185,34,40291.48,2617.2,9,15.04,27,15.38,3.5,0,5183.45,0
TXN00186,43,69476.77,809.75,2,22.1,16,9.61,3.48,2,3922.51,0
TXN00187,41,253213.36,4015.2,6,6.28,2,0.5,4.51,2,7264.76,1
TXN00188,35,34532.64,4278.81,2,6.33,34,6.33,3.65,1,3381.96,1
TXN00189,28,41952.03,4465.04,3,7.73,28,16.74,3.96,1,9454.37,2
TXN00190,21,52789.02,5589.45,5,30.52,31,37.11,4.47,4,5772.93,0
TXN00191,32,71136.63,4177.59,3,9.59,50,24.89,4.31,1,1446.59,1
TXN00192,45,65277.1,1764.32,4,22.57,10,0.5,4.0,6,3187.63,1
TXN00193,38,126721.97,2353.91,5,6.97,34,2.96,2.88,1,4393.9,0
TXN00194,24,11360.91,2701.34,4,16.82,41,2.79,4.22,3,2149.25,2
TXN00195,38,11656.09,2739.66,5,9.51,6,6.39,4.5,2,7451.8,2
TXN00196,40,39845.62,5840.26,2,3.85,94,12.45,4.33,5,877.66,2
TXN00197,27,112233.14,4320.66,4,8.99,12,1.99,2.84,1,6143.64,2
TXN00198,38,19878.96,14614.77,5,23.86,38,29.68,4.37,2,5674.64,3
TXN00199,37,7786.35,16310.18,6,17.33,42,18.01,3.31,5,870.68,1
TXN00200,25,79726.32,2675.12,10,7.86,21,6.52,2.12,3,3763.0,3
TXN00201,40,64438.44,95.86,5,16.4,4,10.52,3.69,3,2581.27,1
TXN00202,42,27077.35,7153.48,6,4.1,10,9.37,3.0,1,9440.73,0
TXN00203,47,28983.67,1579.28,7,5.2,8,10.47,3.8,4,1947.44,0
TXN00204,47,29282.78,1264.95,4,17.01,22,23.6,2.93,0,6123.81,2
TXN00205,22,59097.06,1781.78,7,33.12,9,2.68,3.65,0,7039.85,3
TXN00206,27,36606.59,1710.26,6,6.61,24,13.81,2.66,5,2658.99,1
TXN00207,41,75828.54,4206.87,2,5.03,10,1.36,3.33,2,8681.39,3
TXN00208,41,8600.55,664.16,3,19.17,1,7.38,4.04,3,2616.65,0
TXN00209,41,31512.35,1000.23,4,21.76,14,12.12,5.0,1,8895.46,1
TXN00210,75,26453.75,3346.7,4,27.72,28,0.5,3.6,2,21667.54,3
TXN00211,42,46558.6,4245.22,5,19.93,45,1.37,3.79,4,6712.23,0
TXN00212,47,38768.27,4312.86,7,4.91,1,1.15,4.36,4,5372.44,5
TXN00213,46,92381.95,1280.58,3,2.81,9,5.63,4.08,4,2513.27,1
TXN00214,43,16424.34,1088.46,3,28.93,127,11.67,4.12,3,12841.73,2
TXN00215,33,56650.6,1625.23,6,10.77,9,66.15,4.29,1,6517.74,2
TXN00216,44,79063.54,3065.41,3,51.37,45,3.52,3.53,2,2535.67,2
TXN00217,28,183856.22,8836.99,9,16.3,21,1.75,3.25,8,9995.59,1
TXN00218,34,40212.8,438.66,7,7.1,4,6.43,4.0,1,3779.84,2
TXN00219,31,67913.26,2072.33,5,5.97,31,1.89,2.17,3,5621.26,2
TXN00220,37,17027.38,805.34,6,9.7,102,0.5,2.36,2,2626.05,2
TXN00221,59,11618.07,613.78,6,34.2,65,9.96,4.85,3,1814.4,0
TXN00222,18,95243.48,5687.12,3,12.45,35,25.4,4.59,0,1881.64,1
TXN00223,43,54801.58,3971.81,8,26.42,22,23.67,3.32,2,2679.94,1
TXN00224,20,118316.88,3663.1,10,12.13,12,1.27,2.94,3,5012.77,2
TXN00225,31,22524.9,5469.37,6,6.54,13,1.91,4.18,0,2840.84,0
TXN00226,47,77112.82,1662.84,7,9.63,13,8.11,4.29,3,2011.45,1
TXN00227,37,185316.43,1730.74,2,43.72,77,5.5,3.18,1,1798.56,1
TXN00228,25,72250.69,16025.19,5,19.74,7,14.57,3.71,1,8493.49,1
TXN00229,29,65832.34,2027.3,8,5.99,14,8.2,2.54,4,3212.38,2
TXN00230,43,55306.73,4669.97,6,2.45,17,0.5,3.49,1,889.06,2
TXN00231,29,19811.45,2513.6,2,11.27,16,4.02,3.63,3,3481.08,2
TXN00232,38,132748.4,519.58,3,2.73,1,27.81,3.91,1,2616.9,3
TXN00233,36,36976.25,439.71,10,4.79,9,8.6,5.0,4,4038.56,2
TXN00234,29,76343.84,1528.3,3,13.48,21,19.19,2.97,5,2353.03,0
TXN00235,57,19912.76,6134.8,4,19.49,43,6.18,4.85,0,8615.61,1
TXN00236,42,25551.2,4885.83,9,9.3,25,13.56,3.39,1,3143.66,2
TXN00237,18,139789.82,5437.16,2,25.98,15,2.22,3.32,3,3020.69,1
TXN00238,38,43885.62,1080.37,5,12.16,33,16.01,4.53,1,2805.36,2
TXN00239,29,141452.26,9872.79,1,4.29,33,18.53,3.31,1,4876.1,2
TXN00240,45,52273.17,1100.9,5,30.99,9,1.13,3.18,8,4614.56,1
TXN00241,28,16611.57,2995.74,9,13.84,3,2.43,4.23,5,2662.25,3
TXN00242,35,98216.78,2478.1,2,8.63,49,7.46,4.13,3,3558.94,2
TXN00243,41,37483.59,2156.52,5,14.28,23,12.17,3.43,3,2931.91,0
TXN00244,45,86615.68,7799.77,6,12.57,6,12.18,5.0,4,6344.31,2
TXN00245,24,55908.71,1372.93,7,40.06,9,13.24,3.45,3,1419.94,0
TXN00246,33,20172.22,793.84,3,41.18,44,15.04,2.68,3,2757.54,1
TXN00247,31,61198.63,2542.85,7,22.35,32,8.46,2.98,3,3052.25,0
TXN00248,29,229264.93,1779.69,7,21.92,87,10.26,2.96,1,9290.95,0
TXN00249,54,75775.45,44126.75,6,2.01,19,0.5,3.54,4,7968.56,0
TXN00250,40,52981.7,4442.97,4,11.96,2,2.19,4.8,3,4605.59,1
TXN00251,23,110642.73,1765.35,10,8.81,36,8.28,2.53,3,1744.86,3
TXN00252,45,63071.42,1018.77,6,8.52,9,16.43,4.99,4,3643.09,1
TXN00253,57,63024.93,505.63,8,20.38,12,19.86,3.3,7,13046.45,2
TXN00254,46,27052.43,1045.88,3,32.26,7,15.67,3.39,3,3154.02,2
TXN00255,21,64028.89,2756.58,6,15.78,11,8.0,3.23,3,3829.74,2
TXN00256,31,107810.11,8410.83,9,2.51,53,3.96,3.42,3,3987.84,0
TXN00257,49,31941.07,6486.52,3,2.1,26,7.06,3.61,1,1930.78,0
TXN00258,29,138830.74,3037.46,7,4.9,3,0.5,3.69,1,1986.71,0
TXN00259,40,51817.31,1899.51,4,15.76,27,10.93,3.99,9,1985.28,2
TXN00260,44,30885.38,3141.75,3,21.0,30,0.93,2.32,2,2840.48,1
TXN00261,27,105192.71,1608.74,9,8.64,65,1.89,3.69,1,4769.8,1
TXN00262,35,45646.04,10771.46,4,33.48,59,11.8,4.13,5,3942.12,3
TXN00263,18,90108.8,2128.63,4,39.48,2,0.5,3.74,2,4992.46,0
TXN00264,26,45498.99,2323.1,3,12.56,60,10.23,3.6,2,15879.84,0
TXN00265,33,52902.27,380.16,2,20.78,2,12.21,3.43,1,21523.9,0
TXN00266,24,75803.72,2117.36,3,23.96,5,18.63,4.53,1,3737.63,1
TXN00267,52,66447.77,5090.12,6,28.53,4,0.85,4.12,2,6679.18,1
TXN00268,22,15032.85,1008.76,12,26.23,6,0.5,3.64,4,5551.88,1
TXN00269,32,26536.6,1320.72,7,17.89,49,17.47,4.15,1,7438.14,3
TXN00270,37,100629.92,4904.22,4,12.19,35,4.11,4.44,2,7256.86,1
TXN00271,50,50473.3,712.58,7,7.66,35,26.19,2.83,5,2418.18,0
TXN00272,22,39130.72,6143.67,5,11.6,77,2.45,4.15,6,14008.87,2
TXN00273,48,22743.06,1590.37,8,5.55,15,10.57,3.2,3,10221.89,1
TXN00274,36,27262.29,1796.8,4,21.57,1,1.39,4.7,2,6885.15,2
TXN00275,26,14778.36,961.75,7,19.66,31,6.18,3.13,4,5656.07,1
TXN00276,41,51495.82,3447.43,5,6.78,61,25.65,3.78,1,4625.77,1
TXN00277,38,37275.97,20230.31,2,2.18,112,11.25,3.99,3,4040.73,2
TXN00278,30,29342.91,4857.69,4,20.75,14,14.04,2.49,3,6074.62,3
TXN00279,37,52617.72,1199.19,6,12.54,52,3.07,2.33,1,4180.33,0
TXN00280,32,69680.05,6563.79,6,22.76,57,30.73,3.5,2,4560.11,0
TXN00281,37,214414.67,1910.02,4,17.58,5,11.72,4.97,3,3558.29,0
TXN00282,43,20585.95,8041.4,3,12.38,30,1.34,3.67,3,3187.74,0
TXN00283,52,116854.65,4962.78,4,15.13,6,0.5,4.13,3,13380.23,1
TXN00284,24,103528.73,204.87,5,21.46,18,0.5,1.61,5,4056.11,0
TXN00285,57,33146.03,1064.84,7,16.25,63,0.63,4.38,4,2867.64,1
TXN00286,18,62767.45,5579.05,10,12.69,47,29.11,4.14,3,4290.29,0
TXN00287,34,40848.56,2843.97,7,8.86,25,5.33,4.26,0,1640.23,2
TXN00288,42,62055.6,1047.18,5,3.35,50,4.25,3.83,4,7383.59,0
TXN00289,39,146682.2,1458.98,3,11.26,5,6.47,2.9,2,3854.87,1
TXN00290,30,81530.5,494.6,4,6.36,7,6.32,3.27,2,3039.1,1
TXN00291,34,76548.81,2319.09,4,33.0,7,3.27,3.16,1,2828.79,2
TXN00292,31,41580.53,16368.8,8,54.96,45,1.16,4.18,2,1265.88,4
TXN00293,30,20961.69,4955.43,8,10.31,66,1.38,3.64,0,13717.07,1
TXN00294,44,48030.15,16089.15,4,23.68,25,10.97,4.38,6,4393.19,0
TXN00295,40,120497.44,5292.7,4,22.19,95,6.07,4.24,1,13581.08,1
TXN00296,29,20382.45,5987.35,8,16.81,39,27.93,5.0,3,3206.58,2
TXN00297,45,27702.57,13386.65,4,11.0,25,7.48,3.87,3,5288.47,1
TXN00298,39,59704.49,3445.14,6,10.78,28,8.4,3.64,1,6431.14,1
TXN00299,44,29000.34,2132.19,6,9.96,57,31.61,3.87,1,5417.35,1
TXN00300,42,32857.92,6013.76,1,11.58,3,8.36,1.93,4,2802.82,1
TXN00301,28,41762.3,8602.52,5,6.86,6,8.37,3.54,4,1112.79,0
TXN00302,30,22639.18,1662.5,3,18.53,9,5.41,4.23,6,18659.92,0
TXN00303,43,29199.57,1353.86,9,12.78,68,14.87,3.59,2,2304.31,1
TXN00304,42,86882.91,2813.19,4,19.9,87,5.98,3.62,2,22695.13,1
TXN00305,36,23512.75,5068.6,8,10.63,13,10.65,3.58,1,2518.41,1
TXN00306,37,19466.91,4926.69,8,11.24,77,7.12,4.9,2,10085.67,1
TXN00307,49,36518.43,745.09,2,15.91,24,9.03,3.98,2,5786.79,2
TXN00308,30,88509.0,12694.34,6,17.13,19,21.06,3.68,1,5975.09,1
TXN00309,41,48391.98,1449.62,9,28.42,54,6.41,5.0,1,2474.89,1
TXN00310,34,40664.5,1995.68,4,25.87,24,3.14,2.87,0,2890.36,1
TXN00311,34,56608.91,1160.71,4,12.65,18,10.14,3.31,2,2919.23,2
TXN00312,47,17683.35,24775.87,6,3.69,1,33.27,3.03,2,4242.28,4
TXN00313,44,75860.18,3071.15,13,20.76,1,14.18,3.25,0,3298.44,1
TXN00314,44,70567.24,1212.84,6,18.79,30,4.42,4.66,0,2632.84,0
TXN00315,49,42152.02,5210.24,8,15.25,2,39.56,3.09,3,1977.62,2
TXN00316,36,105761.24,4806.92,8,2.98,40,5.04,3.81,2,2118.85,1
TXN00317,43,26428.97,2131.28,1,6.36,29,49.08,4.12,8,5085.45,2
TXN00318,33,114488.46,5107.99,8,12.45,18,2.56,4.27,3,2141.41,0
TXN00319,39,60809.99,1239.6,4,23.15,37,95.47,3.33,4,1621.63,0
TXN00320,35,44193.34,1644.29,4,6.66,149,0.95,4.18,1,3863.1,2
TXN00321,37,54294.09,452.76,2,6.89,8,14.99,3.47,5,759.86,0
TXN00322,42,51295.91,811.34,6,41.27,24,16.19,3.8,5,3484.36,0
TXN00323,28,121573.26,11620.57,6,11.67,56,13.66,3.04,4,3698.58,4
TXN00324,57,27316.52,10089.6,3,3.01,1,18.04,2.87,5,5190.3,2
TXN00325,26,33505.03,2643.78,5,9.62,7,7.66,4.04,1,4443.91,1
TXN00326,24,107870.35,10275.71,8,10.72,22,0.67,5.0,2,1430.78,2
TXN00327,48,37346.36,2181.97,9,13.52,24,5.31,3.56,2,3072.25,3
TXN00328,44,98758.72,2032.75,3,13.85,3,12.34,3.77,1,5527.35,1
TXN00329,42,165996.48,2623.02,2,17.88,16,12.47,4.22,2,4689.81,0
TXN00330,42,42358.39,2248.15,7,9.98,22,2.61,4.54,0,2024.77,4
TXN00331,36,85645.67,2082.09,6,29.55,16,3.5,4.57,1,4682.8,2
TXN00332,27,25982.76,6607.33,6,8.88,36,8.0,4.17,5,6640.49,1
TXN00333,37,89829.18,2840.29,6,17.19,44,15.65,3.68,3,1767.12,0
TXN00334,29,62612.11,4580.92,4,16.1,19,22.99,4.28,4,887.45,0
TXN00335,46,74799.27,6007.23,6,9.73,17,1.09,4.07,3,12116.97,1
TXN00336,35,36151.24,3477.27,10,20.27,37,31.18,3.76,2,4364.47,0
TXN00337,28,18683.28,1095.88,4,55.0,24,31.53,4.44,1,2541.26,2
TXN00338,33,76282.76,791.64,3,29.56,61,0.5,4.1,6,2481.03,3
TXN00339,40,14384.07,2837.02,0,9.99,20,8.47,3.31,4,3878.76,4
TXN00340,30,44748.39,2161.33,8,15.81,26,10.62,3.05,0,7253.44,0
TXN00341,28,101402.87,2692.78,3,3.08,4,9.68,2.69,2,1216.42,2
TXN00342,38,62306.56,2466.12,4,12.9,54,11.48,3.14,4,2643.49,0
TXN00343,38,195147.54,22473.31,5,2.44,16,8.4,3.82,0,11139.98,3
TXN00344,31,107088.34,807.02,3,23.26,38,4.17,4.52,2,6233.86,1
TXN00345,31,35956.12,460.63,2,25.48,17,1.21,3.72,1,5872.49,2
TXN00346,38,55985.17,3316.17,8,12.48,1,2.8,4.01,2,4655.97,5
TXN00347,22,53332.3,1815.45,4,7.37,15,16.18,4.22,0,4349.67,3
TXN00348,22,19666.53,3270.52,3,11.83,5,3.31,2.95,2,2521.97,1
TXN00349,29,29846.69,4106.58,8,9.0,15,21.24,3.5,3,2367.92,3
TXN00350,34,38200.12,7446.77,5,3.14,12,6.2,2.99,4,6153.71,2
TXN00351,39,14640.47,694.3,6,16.48,7,6.42,3.56,3,2398.97,1
TXN00352,51,56724.37,1557.5,7,14.49,4,24.34,3.99,1,4269.28,1
TXN00353,45,46779.1,3599.29,10,27.45,39,2.89,3.85,2,3892.21,0
TXN00354,34,18540.4,4812.35,7,2.11,42,2.52,3.22,2,16233.62,0
TXN00355,36,71526.75,16130.68,3,7.36,9,50.73,4.18,3,3128.23,2
TXN00356,26,87588.57,5632.98,3,21.29,21,9.33,3.98,5,7930.27,4
TXN00357,36,63745.95,2382.19,7,32.45,19,2.54,4.1,3,5742.4,2
TXN00358,33,44553.42,1172.83,3,23.08,13,2.18,3.91,1,3224.23,1
TXN00359,39,80783.33,1547.51,3,20.11,10,23.74,3.27,2,1465.17,1
TXN00360,28,85582.12,1510.58,3,5.81,6,10.99,2.95,3,3372.62,2
TXN00361,41,67164.55,4363.35,8,34.72,62,1.47,4.07,5,6568.13,3
TXN00362,51,32179.68,3110.36,2,20.36,54,26.15,4.1,2,1484.96,1
TXN00363,35,65833.16,811.55,5,19.56,16,7.04,3.85,2,6282.45,2
TXN00364,40,119629.04,1725.94,4,9.02,38,54.51,5.0,2,8960.12,2
TXN00365,43,37319.81,5270.93,2,22.58,21,3.97,3.48,3,3743.3,1
TXN00366,32,215076.5,3370.98,3,6.52,3,9.03,4.04,5,6634.95,1
TXN00367,38,39082.43,4053.73,2,14.61,52,2.28,3.88,2,3861.06,1
TXN00368,36,56170.84,3461.75,6,24.24,7,6.95,3.78,1,5221.21,1
TXN00369,37,35524.32,9961.79,3,15.97,37,2.33,3.05,2,9956.93,2
TXN00370,28,63590.19,3055.45,6,37.06,22,4.4,3.61,1,1179.37,2
TXN00371,36,17723.46,1800.69,5,2.99,35,3.77,4.47,3,2048.5,1
TXN00372,41,38567.35,1147.86,4,20.74,19,3.99,4.21,5,8400.07,0
TXN00373,51,27043.71,3090.89,6,10.08,36,42.01,4.4,3,9557.7,2
TXN00374,46,60057.54,314.02,6,5.65,1,0.5,3.37,1,1306.32,0
TXN00375,58,104975.18,2137.52,6,0.56,1,8.24,4.45,0,10447.63,2
TXN00376,28,83699.85,2098.72,7,10.71,68,11.91,3.03,0,578.26,4
TXN00377,45,11772.36,783.87,10,8.31,42,12.97,3.66,4,5423.14,2
TXN00378,38,207406.05,1135.72,12,10.15,53,16.86,3.09,1,4079.27,0
TXN00379,58,66637.34,4975.37,5,9.33,18,17.17,5.0,3,2095.06,0
TXN00380,28,33201.95,3041.64,7,5.05,18,37.35,3.91,1,2187.33,1
TXN00381,28,60914.2,2725.93,10,27.88,23,16.91,4.46,3,2244.5,3
TXN00382,30,61673.64,3243.61,2,20.39,8,20.83,4.08,0,3033.92,0
TXN00383,18,35654.72,2704.79,4,13.26,40,9.12,4.17,3,14055.13,0
TXN00384,31,62550.8,7190.24,6,13.67,53,12.86,3.07,2,6227.25,0
TXN00385,28,37057.7,2776.54,4,20.56,71,7.8,3.76,3,9552.91,3
TXN00386,38,42287.77,723.84,5,44.78,22,3.88,3.04,5,2793.54,3
TXN00387,39,35207.24,9993.16,3,27.72,16,4.51,3.47,3,4112.14,3
TXN00388,55,21673.64,3424.93,3,2.82,53,5.37,3.82,1,1653.09,1
TXN00389,46,60468.76,1515.01,3,8.62,42,5.0,3.14,0,2880.18,5
TXN00390,30,80461.42,861.48,6,17.39,61,9.14,2.89,2,2377.41,1
TXN00391,27,76861.69,3500.19,5,27.45,32,3.41,2.94,1,4927.39,1
TXN00392,41,93717.47,2263.01,9,11.49,64,8.72,4.23,2,2133.93,1
TXN00393,23,67908.03,9528.77,1,20.32,3,29.76,3.57,3,1948.3,1
TXN00394,54,38902.62,1863.15,5,10.99,34,6.25,2.88,1,4619.14,2
TXN00395,48,94927.62,1226.93,6,32.34,3,3.02,3.74,3,3371.31,2
TXN00396,31,22758.68,5353.32,5,15.6,41,5.11,4.28,1,2143.39,1
TXN00397,19,30627.45,5489.19,8,21.51,30,25.14,3.7,4,1935.01,2
TXN00398,50,29388.49,2885.34,4,11.85,1,34.11,2.78,6,2142.89,2
TXN00399,35,110982.18,4442.4,6,7.17,27,26.13,3.65,4,6190.36,1
TXN00400,48,101508.82,2421.18,5,22.43,5,4.07,3.21,4,4688.12,1
TXN00401,20,75496.14,3049.8,7,5.6,5,5.89,3.94,3,2062.95,2
TXN00402,30,110397.51,6729.72,4,7.36,5,44.23,3.51,2,2121.22,1
TXN00403,36,31056.23,4253.79,7,20.9,20,4.7,3.91,3,1567.73,0
TXN00404,36,68987.13,2164.97,4,12.79,4,1.78,2.56,2,2657.76,3
TXN00405,31,50702.23,7891.6,5,8.11,4,3.98,3.81,0,3814.58,1
TXN00406,42,95374.05,334.93,5,6.12,9,39.88,3.57,2,1891.75,2
TXN00407,25,51031.21,14304.2,5,14.35,1,6.45,3.14,4,16181.72,1
TXN00408,35,42824.93,586.39,6,35.23,10,32.6,3.8,3,5416.29,1
TXN00409,37,78172.95,1467.06,5,13.07,29,1.32,3.54,5,3422.05,0
TXN00410,41,97207.04,2414.54,3,11.53,28,17.43,3.71,2,3714.76,3
TXN00411,43,35620.05,2207.33,3,7.74,105,1.18,3.07,4,1321.52,0
TXN00412,25,52859.32,5881.08,5,6.44,4,2.64,3.86,3,1512.02,1
TXN00413,21,27642.29,1017.28,4,8.28,60,11.49,2.46,1,8835.59,1
TXN00414,49,10843.8,3120.34,5,35.99,15,6.84,3.61,3,10993.81,0
TXN00415,39,62654.28,1529.3,2,14.23,15,13.18,3.72,1,742.29,2
TXN00416,29,81705.53,3212.86,8,13.2,13,43.52,4.92,3,4864.83,1
TXN00417,52,65214.16,2366.08,4,27.45,4,0.65,3.56,0,9206.5,1
TXN00418,37,15488.81,2705.5,1,7.15,20,2.55,4.86,7,2755.35,0
TXN00419,48,43784.55,1566.52,3,9.18,46,12.27,4.53,3,10138.13,0
TXN00420,37,13005.95,1620.5,6,21.21,62,27.22,3.65,3,5988.89,1
TXN00421,57,133973.08,3191.44,7,18.49,99,19.17,3.75,3,4798.96,3
TXN00422,54,27150.56,5575.87,5,4.76,46,7.52,2.98,1,2949.11,1
TXN00423,34,124380.51,1503.44,3,20.96,29,16.42,3.33,3,3733.1,5
TXN00424,46,101712.32,1194.63,5,18.77,21,2.8,3.9,1,2558.89,2
TXN00425,42,30629.07,4211.13,4,20.41,62,0.5,3.52,3,4307.18,1
TXN00426,50,26338.27,2431.87,4,28.35,40,10.13,4.36,4,4177.55,0
TXN00427,26,69066.78,5064.29,2,14.58,5,20.14,4.2,2,2582.51,1
TXN00428,43,31770.0,1157.62,3,23.72,34,6.82,3.95,0,895.69,0
TXN00429,47,58788.61,550.88,4,18.06,17,10.11,4.22,3,3053.45,1
TXN00430,18,40185.06,1589.21,6,3.31,27,6.58,4.04,1,1716.44,5
TXN00431,24,17280.53,1303.29,8,32.89,69,8.66,3.79,4,1597.04,0
TXN00432,18,12903.89,2338.06,5,6.48,32,25.89,3.26,2,2159.26,0
TXN00433,33,63731.44,1454.95,2,13.41,84,7.8,5.0,2,6243.75,1
TXN00434,43,38180.34,4693.39,3,8.79,60,0.5,4.23,1,1607.97,1
TXN00435,51,38391.07,1956.9,6,32.42,4,19.3,4.03,5,1880.57,0
TXN00436,37,86456.78,2841.11,6,36.23,1,11.54,3.24,3,5740.26,0
TXN00437,52,117927.58,2858.45,9,10.71,15,15.73,5.0,1,2047.89,2
TXN00438,22,46070.79,2950.58,5,37.22,60,27.76,3.29,4,1589.98,0
TXN00439,19,44077.26,2449.25,3,9.09,8,4.05,3.82,4,6165.37,0
TXN00440,35,76128.76,3858.59,6,23.87,35,8.39,3.85,0,3196.76,1
TXN00441,40,22767.29,1271.23,4,5.5,19,11.07,2.85,0,3663.8,2
TXN00442,36,63585.32,8213.64,5,13.67,41,5.08,4.11,3,2992.34,3
TXN00443,18,78732.74,2044.66,4,11.63,5,22.45,4.03,0,4707.13,2
TXN00444,35,85582.67,819.94,7,11.47,8,14.35,3.05,2,5655.3,2
TXN00445,23,15618.31,2933.37,9,7.8,8,15.86,4.31,4,3211.29,1
TXN00446,43,33530.39,1212.62,6,10.95,24,19.8,3.12,1,1226.37,2
TXN00447,40,31076.82,4400.97,5,3.24,10,3.58,3.57,3,4310.27,1
TXN00448,27,58689.43,16353.72,2,8.63,50,16.43,3.25,4,2758.7,0
TXN00449,31,75174.88,1281.08,7,36.29,13,17.84,4.22,4,6378.05,2
TXN00450,25,145502.74,3316.16,2,17.76,32,22.17,4.15,1,1869.81,3
TXN00451,35,39869.26,562.2,5,7.93,89,8.05,3.01,1,2808.6,0
TXN00452,46,39801.76,3677.05,5,13.23,28,8.42,3.38,4,1240.43,0
TXN00453,26,116119.52,1177.55,4,22.4,8,1.24,3.39,2,6055.53,1
TXN00454,41,66693.55,1469.88,2,5.96,53,22.94,4.25,6,8252.43,1
TXN00455,31,125374.68,980.39,11,35.58,1,9.15,3.3,2,2487.22,1
TXN00456,28,66354.16,4658.15,5,6.74,9,10.83,3.71,2,3055.39,0
TXN00457,35,25924.99,5885.55,8,14.12,15,1.55,3.64,3,1985.73,0
TXN00458,26,23122.35,2550.19,10,8.14,7,11.05,3.57,2,2124.39,3
TXN00459,30,20062.46,1199.05,10,20.14,28,0.51,5.0,1,5687.41,2
TXN00460,24,84577.38,9654.13,5,12.23,24,30.8,3.33,3,2459.25,1
TXN00461,56,119094.96,1321.07,2,30.3,16,23.9,3.64,5,4881.09,4
TXN00462,36,182987.63,397.95,7,11.08,10,2.59,4.05,0,3462.88,2
TXN00463,29,95140.21,3691.09,7,24.28,17,10.81,3.5,0,5918.94,2
TXN00464,38,117117.57,977.49,10,12.23,10,11.08,3.39,3,2659.36,1
TXN00465,35,37724.98,5792.76,3,1.37,8,19.52,4.04,4,7481.85,1
TXN00466,34,25936.8,1808.19,7,6.79,13,16.97,4.35,0,13008.18,3
TXN00467,42,95572.46,4176.39,6,13.82,28,59.97,4.71,5,1064.51,2
TXN00468,44,72155.66,8228.19,2,13.51,31,5.18,3.66,1,3281.32,0
TXN00469,31,58978.44,894.72,2,6.34,11,1.6,3.26,3,3279.91,3
TXN00470,30,70748.03,1545.34,3,28.28,88,10.22,3.26,2,2120.74,2
TXN00471,33,67857.08,2344.26,4,12.43,9,17.33,4.78,4,4655.36,2
TXN00472,18,126698.99,9236.93,2,10.34,37,4.04,4.03,1,7668.96,1
TXN00473,21,127622.13,1428.56,9,4.66,3,3.23,3.23,4,878.93,1
TXN00474,50,78341.42,1508.27,7,6.87,33,19.46,3.32,3,833.59,1
TXN00475,52,95307.17,3753.58,8,10.12,18,16.82,3.02,1,11167.0,0
TXN00476,34,76820.68,1530.58,3,10.55,25,2.73,3.74,0,2959.56,4
TXN00477,42,40754.77,2846.07,7,14.79,6,24.42,4.14,2,3726.18,0
TXN00478,39,89936.17,668.64,3,3.89,17,1.74,4.88,4,1656.71,1
TXN00479,67,22218.19,16419.53,10,13.25,44,1.39,4.56,2,3610.32,2
TXN00480,47,109110.67,795.12,4,29.4,44,5.19,3.83,2,9124.62,1
TXN00481,35,25302.25,1901.8,7,7.44,8,26.11,3.32,6,4954.32,1
TXN00482,26,66228.13,2431.92,2,8.72,13,14.27,4.12,1,4005.56,2
TXN00483,20,31752.87,12706.02,2,22.33,1,6.02,2.56,2,1013.86,4
TXN00484,38,78809.7,810.72,5,0.85,3,2.05,3.25,2,5886.42,3
TXN00485,28,53800.45,13496.62,10,21.19,4,15.0,4.24,6,3523.57,0
TXN00486,22,19506.38,4758.3,6,14.21,10,10.97,4.41,3,2286.83,1
TXN00487,30,72297.38,3563.78,4,2.43,43,52.76,4.72,4,5487.75,1
TXN00488,25,37776.4,1082.59,1,8.62,21,17.41,3.72,3,1933.37,0
TXN00489,53,97522.05,4062.35,8,3.62,47,1.29,4.71,2,5182.59,2
TXN00490,45,55047.41,1351.65,5,44.95,42,15.63,3.53,3,8203.68,1
TXN00491,36,71119.16,7337.17,3,6.73,27,3.57,3.48,5,3898.97,2
TXN00492,51,29515.44,1095.15,4,11.6,21,39.21,4.02,4,2601.18,0
TXN00493,37,37497.24,2270.74,3,20.16,80,0.5,4.6,3,2344.93,1
TXN00494,27,40821.87,1559.41,3,7.71,25,3.27,4.46,4,4575.16,1
TXN00495,51,95984.8,1079.93,4,35.99,20,8.29,4.52,2,2586.6,1
TXN00496,41,163633.36,4694.6,4,2.28,61,0.99,4.17,2,18344.06,3
TXN00497,26,32588.89,3940.98,5,5.19,2,5.06,4.47,1,1299.76,2
TXN00498,34,110751.0,6986.29,3,10.43,32,8.25,3.82,3,3196.09,1
TXN00499,27,13423.98,550.68,6,19.65,4,7.11,4.02,3,4235.76,0
TXN00500,22,25307.73,6177.02,4,9.22,51,7.41,5.0,1,3897.07,0
TXN00501,45,600000.0,95000.0,6,7.83,47,180.0,4.42,2,80000.0,1
TXN00502,55,22832.9,1703.01,6,6.07,21,8.45,3.81,2,8292.46,2
TXN00503,22,19648.49,12517.99,5,4.83,32,33.97,4.36,2,5582.07,2
TXN00504,42,71936.41,1998.91,7,9.2,44,1.92,3.06,4,5874.46,1
TXN00505,29,47855.65,778.6,5,14.9,20,3.95,3.57,2,2192.88,2
TXN00506,31,70382.64,1928.04,6,1.78,71,12.82,3.66,2,2640.18,1
TXN00507,30,86154.35,6093.75,4,16.07,17,3.99,3.3,4,4926.05,3
TXN00508,27,65364.82,1226.1,8,2.63,67,5.12,5.0,3,1619.97,4
TXN00509,36,84341.94,1500.81,11,12.29,26,27.76,4.13,3,5577.05,1
TXN00510,28,52569.56,4140.43,6,8.45,17,9.28,4.21,5,3261.21,0
TXN00511,39,25426.39,2506.51,3,17.81,1,4.89,3.73,5,7374.14,1
TXN00512,35,109389.23,4109.17,4,1.75,11,17.99,2.99,3,2594.59,0
TXN00513,34,37502.6,3060.09,8,9.87,61,0.88,3.76,2,12462.04,0
TXN00514,27,29940.01,3758.32,6,3.73,17,9.95,3.5,4,4665.13,1
TXN00515,30,48993.45,1731.23,5,14.91,16,1.26,3.09,4,5038.28,2
TXN00516,44,30386.73,3044.27,6,14.74,20,2.34,4.33,4,2155.37,0
TXN00517,41,41930.08,1136.58,4,24.6,10,0.77,3.61,2,4179.12,1
TXN00518,26,68783.8,7474.22,5,8.83,20,27.83,2.55,1,2382.86,2
TXN00519,37,68975.77,1458.13,14,7.74,14,0.59,3.8,3,1190.67,0
TXN00520,44,30684.07,6526.11,4,16.0,72,8.72,3.81,1,3052.02,2
TXN00521,19,40057.85,2049.76,6,13.55,25,3.06,4.33,1,7898.99,2
TXN00522,41,110570.09,2968.3,2,28.31,54,5.81,3.88,2,3346.38,0
TXN00523,29,75943.77,1641.44,5,11.17,35,8.17,3.37,3,2848.7,0
TXN00524,42,211902.33,1054.11,5,18.5,7,7.18,4.15,1,2822.35,1
TXN00525,28,118441.18,567.36,4,55.84,61,16.54,3.35,1,16808.27,2
TXN00526,18,115714.24,1019.45,3,60.0,3,29.15,4.29,3,5358.36,1
TXN00527,20,22314.1,1898.32,6,15.52,18,4.28,4.61,7,1150.0,1
TXN00528,36,90363.68,2993.33,5,19.74,8,0.5,2.06,1,2393.03,2
TXN00529,39,53133.83,5900.95,7,9.52,23,26.93,3.28,7,2643.73,1
TXN00530,27,38443.71,1711.55,8,8.79,11,46.24,4.13,2,2112.6,1
TXN00531,42,61346.81,1181.31,6,11.03,38,6.82,3.86,1,3661.28,2
TXN00532,19,101668.82,733.43,5,21.03,83,7.3,4.71,3,2342.07,1
TXN00533,35,76162.84,3759.72,8,17.51,37,1.87,4.68,2,2444.49,0
TXN00534,24,31072.56,8101.15,9,35.93,13,7.74,4.45,4,3897.07,0
TXN00535,29,89115.34,7335.1,3,16.28,27,4.34,2.62,7,1190.36,2
TXN00536,36,36339.35,4571.01,5,21.8,66,62.18,3.69,4,776.48,0
TXN00537,27,63318.48,4301.88,2,10.14,9,2.45,4.25,2,8353.98,2
TXN00538,32,45157.47,10583.23,6,8.77,4,5.71,3.78,0,6289.13,1
TXN00539,46,47706.62,3315.34,9,7.54,4,11.5,3.71,2,4531.2,0
TXN00540,30,90503.73,4329.71,5,21.69,20,5.08,4.67,3,4332.01,1
TXN00541,44,27972.09,1903.37,7,3.06,40,7.72,4.05,1,3065.73,3
TXN00542,25,194748.69,785.49,7,9.34,32,43.56,3.62,1,28902.82,0
TXN00543,41,16837.81,1397.97,3,16.42,18,8.51,2.97,1,4006.15,1
TXN00544,50,37294.62,2480.61,5,11.75,39,28.94,5.0,6,21724.28,1
TXN00545,18,69963.31,2632.56,5,14.7,30,0.53,4.01,3,14831.13,1
TXN00546,28,80409.91,12853.73,4,10.76,30,1.53,3.47,4,4835.18,0
TXN00547,42,51522.78,2678.82,5,17.93,7,34.7,4.45,1,3021.55,1
TXN00548,34,52986.08,6809.42,4,21.42,11,1.65,2.68,3,3539.45,1
TXN00549,40,71821.99,1727.15,8,13.94,13,16.01,5.0,1,2643.71,0
TXN00550,30,47329.7,1918.16,7,17.77,50,7.09,4.23,2,4832.99,0
TXN00551,37,136033.48,807.86,6,7.54,45,6.27,5.0,1,5609.26,1
TXN00552,34,94908.2,1330.18,7,25.73,9,12.92,4.24,2,1485.62,6
TXN00553,48,96995.93,3912.69,10,3.09,2,15.61,3.97,0,21821.36,0
TXN00554,39,29351.14,2516.12,4,16.9,44,32.25,3.38,2,2026.02,2
TXN00555,39,52233.85,5572.19,9,13.33,16,3.56,3.49,2,533.84,3
TXN00556,32,45242.2,2916.42,9,2.72,7,14.37,2.93,1,3305.22,2
TXN00557,31,28608.17,1852.81,9,32.68,4,5.03,5.0,4,1566.52,1
TXN00558,32,69507.86,15523.31,3,14.9,1,15.17,3.89,3,3371.52,0
TXN00559,40,38778.4,2308.21,3,60.0,17,1.84,4.41,1,3678.15,1
TXN00560,32,84212.69,6718.34,8,23.69,12,7.34,4.52,3,4780.09,2
TXN00561,39,27431.96,1777.6,6,26.51,36,2.43,3.64,0,7077.08,2
TXN00562,57,168125.31,4569.71,9,3.52,113,4.92,3.24,1,1728.98,2
TXN00563,45,30713.95,5501.96,2,6.48,7,15.09,3.3,2,2714.01,1
TXN00564,33,63426.37,2984.73,6,30.46,8,3.19,2.72,2,5627.95,1
TXN00565,48,92023.29,337.9,2,6.2,12,13.86,3.02,2,2209.07,1
TXN00566,32,37955.59,2539.09,9,8.51,19,8.22,4.17,3,940.43,1
TXN00567,18,95721.01,7114.83,6,8.16,36,1.16,4.52,1,5399.67,1
TXN00568,26,24738.58,3914.35,1,0.73,13,5.87,3.8,1,2356.28,2
TXN00569,18,141345.85,3651.92,3,14.06,3,24.41,4.45,5,2249.02,1
TXN00570,32,55508.17,578.32,4,16.75,39,54.44,4.46,1,3806.88,5
TXN00571,36,37325.09,1355.14,4,10.8,47,5.52,3.58,4,3510.15,0
TXN00572,53,45279.98,3546.44,6,6.41,9,0.68,4.56,3,7034.43,2
TXN00573,39,93049.42,3543.51,8,29.72,4,1.67,3.69,4,1459.98,0
TXN00574,34,37616.29,7019.96,5,18.3,23,18.62,3.5,3,17052.05,2
TXN00575,44,33792.9,2210.36,11,25.34,7,12.8,3.86,3,1300.65,1
TXN00576,18,47623.88,3529.8,9,14.65,14,4.03,2.81,3,2668.03,0
TXN00577,38,25592.72,2535.04,5,6.67,45,5.96,3.77,2,1905.6,0
TXN00578,44,179591.84,1080.46,4,19.25,7,20.0,2.18,1,3638.75,0
TXN00579,21,38060.49,367.46,3,19.16,49,6.4,4.27,5,3546.3,1
TXN00580,47,94432.39,3606.18,12,7.39,34,16.92,2.89,2,3932.28,2
TXN00581,39,63022.31,2898.36,5,37.84,7,4.2,3.8,3,4202.56,0
TXN00582,32,29002.62,1478.22,12,10.56,22,15.48,4.84,4,8734.15,2
TXN00583,42,54787.53,631.28,4,5.05,29,7.54,3.85,2,3905.6,0
TXN00584,59,91554.55,4269.81,5,60.0,7,9.46,2.47,4,9249.92,0
TXN00585,38,48665.16,1994.23,3,17.9,5,10.96,3.89,5,1027.87,4
TXN00586,38,119445.07,4013.38,3,20.81,23,7.19,3.62,0,758.6,4
TXN00587,31,106838.48,12191.41,5,11.18,36,7.53,4.45,3,3825.49,0
TXN00588,28,99945.78,404.98,3,17.31,19,3.71,3.72,4,4400.25,0
TXN00589,44,40794.87,1379.37,8,33.9,2,51.02,4.58,2,2408.64,4
TXN00590,27,27260.41,2092.42,6,9.4,78,28.35,4.1,1,3475.25,2
TXN00591,37,36910.69,8609.73,4,6.0,36,8.99,4.41,0,7429.76,1
TXN00592,31,62482.7,622.1,2,14.3,29,0.5,3.73,3,5595.74,0
TXN00593,41,78421.22,12958.77,8,14.73,31,2.21,4.7,4,2778.16,2
TXN00594,39,13407.47,2806.02,7,3.92,15,23.08,3.44,1,4019.96,1
TXN00595,46,54710.72,2304.1,3,11.17,125,32.05,2.52,5,5953.51,4
TXN00596,31,60952.28,2112.64,3,7.58,4,2.11,3.03,3,1480.06,2
TXN00597,33,45921.32,1725.41,8,8.88,40,15.91,3.88,2,1992.27,0
TXN00598,26,127314.6,6093.3,5,11.66,16,11.71,3.99,2,6679.95,1
TXN00599,32,72348.18,1008.08,6,32.98,64,4.34,3.91,3,1042.89,1
TXN00600,40,128889.82,3353.13,9,12.78,38,6.87,4.65,3,1631.53,4
TXN00601,44,47796.81,1803.51,4,30.62,25,13.57,3.93,2,1496.92,1
TXN00602,27,101159.0,1307.97,5,11.46,83,1.28,4.03,4,6654.21,1
TXN00603,45,159194.44,22519.23,6,8.31,73,2.51,4.49,2,1637.84,0
TXN00604,50,129015.68,3569.71,7,8.35,2,0.5,2.63,2,6092.68,1
TXN00605,40,27043.35,4210.44,3,6.2,6,27.9,4.31,1,2733.11,1
TXN00606,55,46639.31,6575.83,4,5.32,34,10.24,4.72,2,12156.41,3
TXN00607,28,43946.64,746.88,4,7.95,76,8.89,4.3,2,3828.95,1
TXN00608,24,75591.86,11086.62,1,39.2,17,14.7,4.02,3,7386.26,1
TXN00609,18,85923.98,296.32,5,1.56,1,53.43,4.36,3,4830.81,0
TXN00610,51,31882.36,1300.62,4,7.99,31,2.27,2.3,4,2552.77,2
TXN00611,43,57479.49,1692.34,1,6.15,6,1.71,3.71,1,3469.4,1
TXN00612,35,14796.35,4099.05,3,33.27,24,4.19,2.89,3,3520.59,0
TXN00613,39,140414.31,3010.79,7,18.35,15,28.11,4.07,2,2533.16,2
TXN00614,25,39420.66,2169.5,0,13.75,24,6.36,3.1,1,6516.25,1
TXN00615,60,57033.84,2474.64,9,1.96,81,18.93,4.39,2,20291.21,2
TXN00616,37,44972.94,1088.69,5,17.04,20,2.72,3.51,1,3795.67,2
TXN00617,37,115844.77,700.22,4,19.27,1,8.17,2.9,4,5779.93,2
TXN00618,43,8696.79,4635.88,0,3.4,26,1.64,3.14,3,5067.89,0
TXN00619,41,54409.37,4508.39,6,6.52,12,6.39,2.88,4,563.11,3
TXN00620,38,51344.15,9612.95,6,12.86,45,3.65,3.78,0,4937.51,0
TXN00621,28,40954.82,1277.34,2,20.95,19,9.57,4.23,4,4767.53,1
TXN00622,41,168912.43,4504.98,3,24.71,41,18.19,3.35,4,1460.46,0
TXN00623,55,30894.22,1964.31,5,12.97,72,33.44,2.78,1,1000.81,1
TXN00624,49,90831.01,6877.08,7,4.93,13,4.01,3.79,0,4719.8,2
TXN00625,52,69331.37,5959.34,5,10.58,136,16.31,3.78,3,11072.49,0
TXN00626,31,124875.93,2991.63,5,5.29,5,26.02,3.45,3,2702.64,3
TXN00627,26,35646.83,1873.28,6,27.87,31,1.6,3.25,4,2774.85,1
TXN00628,35,34154.81,5658.07,3,12.76,1,10.58,4.7,3,17611.99,0
TXN00629,37,112143.42,4332.56,5,3.24,7,11.36,3.39,4,6553.21,2
TXN00630,47,72514.9,1397.26,4,5.64,30,3.82,2.79,4,1495.97,0
TXN00631,19,20148.38,808.69,3,11.52,1,0.5,3.74,4,2124.76,0
TXN00632,51,38736.6,1956.27,7,23.3,3,3.56,4.17,4,16090.96,0
TXN00633,34,70702.57,9064.74,4,4.52,10,10.55,4.12,2,2200.4,2
TXN00634,32,94810.48,6624.7,7,10.93,26,2.62,2.68,2,2409.69,1
TXN00635,26,35368.91,971.23,6,12.09,1,4.07,4.65,3,5596.88,1
TXN00636,19,8273.58,926.54,4,4.03,20,14.77,3.95,2,2910.42,3
TXN00637,44,77279.46,7387.37,4,18.49,29,6.1,4.2,3,4773.89,2
TXN00638,37,24881.5,952.18,3,24.44,15,0.81,5.0,2,4281.39,0
TXN00639,23,14821.26,3854.31,5,8.07,2,6.11,4.33,4,3161.87,1
TXN00640,23,8726.12,1480.87,4,9.86,28,100.0,4.2,3,8160.51,2
TXN00641,33,93356.06,9882.63,10,14.83,28,3.63,3.64,2,1433.43,2
TXN00642,53,59795.75,1298.79,8,11.71,21,3.7,3.8,4,3800.04,1
TXN00643,33,47496.52,6607.12,2,16.26,35,2.23,2.96,4,2331.7,1
TXN00644,21,135666.41,2925.37,3,47.6,7,3.8,3.86,1,11046.84,0
TXN00645,34,83228.87,3097.69,7,15.95,34,10.26,4.94,1,3097.65,0
TXN00646,33,157264.36,468.38,4,32.39,5,40.09,4.1,0,13444.67,2
TXN00647,18,22243.62,384.36,6,6.9,15,11.23,5.0,3,2605.27,0
TXN00648,35,53778.58,2072.61,4,6.61,2,6.33,4.17,5,3777.88,0
TXN00649,34,19229.96,3083.79,5,13.89,51,5.92,4.0,5,7496.5,1
TXN00650,43,47381.63,960.67,5,18.31,23,0.5,3.7,4,1792.96,2
TXN00651,54,46792.97,990.94,9,8.45,106,0.5,5.0,0,10065.69,0
TXN00652,47,82651.42,4029.1,4,28.16,86,19.15,3.47,1,3564.58,0
TXN00653,33,56653.27,4033.83,1,5.68,180,8.08,3.29,3,4668.58,1
TXN00654,25,82479.34,2223.79,4,20.67,3,0.5,3.18,2,5129.34,2
TXN00655,62,86883.6,4852.35,6,16.84,28,4.04,5.0,1,3318.54,3
TXN00656,37,223192.99,921.47,3,24.82,16,5.29,3.9,3,1985.57,0
TXN00657,36,44808.16,1847.34,4,1.77,23,18.35,3.86,4,3738.65,1
TXN00658,36,29834.59,10145.06,10,23.09,11,6.84,4.16,2,856.29,2
TXN00659,38,64540.15,2649.48,9,21.85,1,18.69,3.62,1,1398.34,3
TXN00660,35,32650.21,2783.35,6,16.72,37,12.05,3.27,0,3173.04,3
TXN00661,30,144114.44,17749.29,7,25.37,101,0.5,3.23,2,10338.86,2
TXN00662,31,45752.27,760.98,0,4.45,23,41.57,3.21,2,10122.05,1
TXN00663,36,38080.74,4919.74,6,12.73,12,2.4,2.4,3,6947.55,1
TXN00664,31,40486.88,10284.92,2,8.47,84,3.87,3.84,0,1191.75,0
TXN00665,29,87733.56,1896.79,3,28.79,14,19.88,2.71,4,4320.18,2
TXN00666,37,49640.03,5191.26,13,9.58,74,2.53,4.18,4,1916.19,1
TXN00667,33,36243.13,1084.99,5,7.52,58,6.15,4.39,3,3339.15,1
TXN00668,51,162359.32,1394.54,2,11.27,23,24.03,3.38,2,6827.2,0
TXN00669,18,31526.32,3467.77,6,2.51,34,12.17,4.04,0,5547.13,2
TXN00670,47,56286.3,4928.69,6,12.37,36,4.32,4.31,1,8593.35,0
TXN00671,48,84043.3,6482.37,4,14.95,31,12.4,4.85,1,1305.14,2
TXN00672,18,19048.06,9492.24,8,12.8,5,20.1,3.53,0,1710.5,0
TXN00673,33,75151.23,2360.71,10,7.79,35,6.21,2.81,2,10046.93,1
TXN00674,32,27702.24,6895.44,9,18.94,1,10.17,3.17,2,10155.47,2
TXN00675,22,93891.7,1868.87,4,11.32,37,53.0,2.64,3,3460.57,0
TXN00676,28,29418.1,5382.04,3,14.46,24,40.08,4.13,4,3443.22,0
TXN00677,25,86283.04,2982.18,6,14.02,9,8.54,1.55,6,7954.44,0
TXN00678,54,112857.36,3651.42,7,23.68,49,1.21,3.1,2,5079.71,1
TXN00679,45,96280.61,3583.26,5,25.98,16,14.47,3.81,1,5350.54,0
TXN00680,49,64760.06,639.09,4,30.79,20,3.75,3.05,2,1831.97,2
TXN00681,43,47322.58,961.55,6,14.62,1,13.28,3.2,3,7824.94,2
TXN00682,25,37813.28,2727.68,5,10.88,15,5.2,4.38,1,3043.48,1
TXN00683,31,143094.57,595.77,5,15.44,5,15.22,3.02,3,1320.64,3
TXN00684,41,34906.09,5067.36,1,6.85,10,5.49,3.48,2,2025.51,1
TXN00685,24,28029.02,5244.15,6,8.18,9,34.0,4.45,1,2304.37,1
TXN00686,43,84759.94,3301.53,4,14.99,1,1.76,3.54,8,9849.04,2
TXN00687,34,32780.84,963.99,4,9.44,19,0.85,5.0,0,2149.25,0
TXN00688,32,29659.78,8080.14,2,14.44,22,18.24,4.57,2,4581.59,1
TXN00689,43,21520.17,14124.63,5,20.63,25,6.16,4.6,2,798.98,0
TXN00690,40,40182.91,2832.91,4,20.37,19,7.52,2.83,1,6743.14,0
TXN00691,32,52121.03,3858.37,9,18.7,61,32.58,3.73,3,2011.04,4
TXN00692,48,64414.76,2967.64,4,42.01,1,10.7,3.6,2,4601.3,0
TXN00693,25,102072.39,3923.97,0,7.76,29,12.95,3.51,3,4600.04,0
TXN00694,42,77464.27,2258.42,11,15.52,60,0.5,3.42,1,5451.3,1
TXN00695,42,48582.64,2427.62,8,13.49,1,13.32,3.71,1,4416.63,0
TXN00696,33,48351.92,5398.66,7,3.99,21,5.9,2.12,3,13368.93,1
TXN00697,39,76625.93,18358.11,6,18.81,27,7.4,3.15,3,4050.66,1
TXN00698,23,125776.16,760.51,3,3.42,6,19.81,4.98,0,16890.2,2
TXN00699,45,59706.29,2288.85,5,4.43,9,8.9,3.42,3,5469.44,4
TXN00700,34,40544.42,916.58,6,14.01,46,52.0,3.34,1,4242.12,0
TXN00701,31,28845.97,9674.68,3,1.75,25,19.12,3.75,5,6532.7,1
TXN00702,46,21497.78,1516.97,5,5.19,11,15.65,3.82,2,4016.73,1
TXN00703,29,84809.58,733.13,8,9.53,43,10.66,2.22,2,4793.08,1
TXN00704,22,80079.45,4300.58,6,10.52,41,6.38,3.9,1,4463.21,1
TXN00705,20,80047.44,11011.67,7,18.74,13,0.65,4.18,1,4162.11,0
TXN00706,42,50587.5,4394.48,4,30.04,20,0.5,4.21,2,15420.96,0
TXN00707,23,137255.04,2975.37,3,37.85,33,0.57,3.14,5,17174.47,1
TXN00708,54,40151.35,3539.77,8,35.03,13,38.28,4.88,1,4400.36,0
TXN00709,18,102335.66,8322.02,1,1.31,30,4.68,4.8,3,8451.84,2
TXN00710,53,53632.24,1189.13,5,31.4,9,14.47,4.74,4,8112.67,1
TXN00711,38,37036.55,2273.27,6,10.24,10,10.83,4.35,1,7520.93,2
TXN00712,35,80840.48,1701.49,5,49.26,11,10.17,3.56,1,5125.86,1
TXN00713,31,71779.34,926.45,5,8.94,82,10.39,3.8,6,5568.59,2
TXN00714,40,69363.83,1891.12,5,23.39,54,4.32,4.8,5,5220.59,1
TXN00715,36,57983.83,6409.96,5,14.2,25,26.11,2.2,1,2116.53,1
TXN00716,47,53661.87,4046.7,6,12.56,25,30.19,3.29,1,3343.59,3
TXN00717,37,259764.38,4323.02,5,9.5,2,12.41,4.12,0,1514.38,1
TXN00718,38,118759.45,2831.47,5,2.87,31,23.94,3.64,10,5239.74,1
TXN00719,32,87985.38,3900.54,8,3.63,12,0.74,3.52,6,4733.12,0
TXN00720,35,59145.63,1265.91,3,12.9,28,1.27,4.94,1,5710.4,1
TXN00721,39,105846.02,1921.69,5,10.65,55,9.83,4.38,1,2034.83,2
TXN00722,19,77017.28,2943.19,3,26.94,1,22.49,4.47,1,6875.09,1
TXN00723,23,55944.84,3165.08,3,7.58,28,4.55,3.26,1,4868.0,3
TXN00724,43,45151.18,3281.99,7,23.31,25,9.53,3.41,0,16707.09,1
TXN00725,38,52181.96,2222.66,4,14.07,7,0.5,4.08,2,6153.36,2
TXN00726,34,7004.53,1813.9,4,4.65,31,51.78,4.1,2,2303.26,1
TXN00727,36,63068.64,36612.74,2,34.15,24,17.48,5.0,4,1360.13,1
TXN00728,39,40037.79,5403.57,6,2.3,44,5.38,4.06,3,4077.45,1
TXN00729,31,154867.31,3551.84,3,19.62,4,48.9,4.96,2,1702.86,1
TXN00730,28,55695.92,2050.46,7,15.56,18,1.16,4.26,3,2093.01,2
TXN00731,38,25393.85,1703.62,7,22.69,180,7.49,3.64,2,1779.97,1
TXN00732,26,53245.38,2236.94,8,8.1,35,0.73,3.26,2,2330.25,1
TXN00733,40,27864.53,3206.55,6,38.31,35,4.89,4.36,3,9699.81,1
TXN00734,19,74817.21,505.56,7,29.49,11,2.97,3.54,3,1778.24,1
TXN00735,46,66449.95,658.57,4,58.32,3,4.57,3.72,0,2599.92,3
TXN00736,41,102506.78,1454.91,7,14.97,90,35.34,3.22,3,1285.79,0
TXN00737,39,32893.0,2981.3,2,9.83,3,6.69,3.8,1,1060.01,1
TXN00738,46,56229.33,2039.92,5,14.31,148,4.71,4.22,5,2878.21,0
TXN00739,53,22647.94,8781.91,3,22.25,4,12.29,3.52,5,4047.11,0
TXN00740,46,86773.81,709.11,7,16.73,6,13.8,3.3,1,1564.42,2
TXN00741,18,77061.16,1320.02,5,2.86,11,49.45,3.85,3,1208.23,0
TXN00742,23,75914.4,9100.86,7,10.91,22,9.48,4.13,0,944.43,1
TXN00743,30,55057.91,2794.75,9,10.26,47,16.76,3.79,4,3875.09,0
TXN00744,36,72019.4,5303.71,6,14.54,106,5.78,5.0,7,6734.35,1
TXN00745,41,156046.43,14294.15,5,26.68,13,2.25,3.87,1,1287.83,0
TXN00746,29,45696.51,1386.19,7,13.87,1,6.74,4.16,2,2224.06,2
TXN00747,38,60186.77,2297.62,1,2.36,29,6.51,4.42,3,7465.96,0
TXN00748,28,27149.3,1983.23,3,7.75,37,6.55,4.08,1,3014.03,1
TXN00749,30,31279.52,474.68,3,13.16,15,14.27,3.12,2,3262.5,2
TXN00750,22,58610.38,1920.25,11,8.06,6,6.25,3.22,4,4567.55,3
TXN00751,27,112718.1,5286.7,4,17.43,11,36.99,3.03,5,2566.51,0
TXN00752,22,46560.41,3958.21,2,2.51,32,48.72,2.88,2,2030.68,4
TXN00753,26,47180.82,4231.31,5,2.13,20,8.89,3.99,1,4340.11,1
TXN00754,47,42218.47,1816.86,7,23.0,41,9.81,4.67,9,1330.94,1
TXN00755,27,38851.29,1431.34,2,5.48,7,6.28,4.3,2,1132.26,1
TXN00756,62,66623.98,7353.37,5,21.92,55,5.27,4.29,3,2156.17,0
TXN00757,41,20782.59,1638.16,2,4.81,5,50.66,3.08,3,5761.53,2
TXN00758,38,126462.26,3209.97,1,10.0,12,0.5,4.15,2,7897.05,0
TXN00759,27,35687.79,2872.33,6,5.19,27,6.33,4.17,5,2510.11,2
TXN00760,43,87932.59,8660.31,4,9.82,40,1.97,4.97,1,6258.66,2
TXN00761,30,24090.9,5708.7,7,11.11,9,15.55,4.04,2,9206.92,0
TXN00762,37,84951.4,831.37,7,5.73,89,2.59,5.0,2,3593.73,0
TXN00763,62,85122.99,911.08,6,36.11,37,25.92,3.89,3,5464.43,1
TXN00764,35,70602.43,4089.26,6,26.27,7,5.63,4.11,3,12927.49,4
TXN00765,47,28816.69,2366.95,6,37.02,39,29.89,4.62,2,2137.02,3
TXN00766,29,64685.66,1697.9,7,8.82,36,51.72,3.98,2,2955.37,0
TXN00767,36,25491.54,5927.33,4,11.75,42,17.7,2.74,3,10730.82,0
TXN00768,54,46666.99,2931.84,9,7.22,74,11.71,3.11,1,1812.31,1
TXN00769,30,107388.35,2613.99,4,20.36,37,1.95,5.0,4,3902.54,0
TXN00770,54,92313.41,4850.81,6,26.06,13,32.45,3.87,3,2254.58,1
TXN00771,43,55545.48,1817.47,7,16.68,47,18.0,4.29,3,9091.65,0
TXN00772,30,29186.58,9483.3,4,5.97,36,4.08,3.05,1,1527.15,0
TXN00773,42,83677.09,1279.48,6,7.35,26,7.58,4.04,3,3339.3,2
TXN00774,46,55697.26,4369.64,2,4.1,13,0.84,4.73,3,1681.84,1
TXN00775,42,12171.88,8457.46,6,9.75,76,12.91,2.49,0,1253.79,2
TXN00776,20,91472.88,775.37,4,25.35,22,1.61,3.95,1,926.9,1
TXN00777,29,54140.46,1867.23,3,20.59,30,12.65,3.94,0,3118.95,3
TXN00778,34,120172.29,6600.64,3,18.18,16,13.36,4.03,2,4910.22,2
TXN00779,35,26988.41,6685.55,5,24.52,46,4.71,5.0,2,3545.17,1
TXN00780,42,6976.0,2160.89,3,9.23,13,35.63,3.62,2,4124.68,0
TXN00781,38,65939.5,1338.86,4,25.31,50,18.11,3.47,3,2582.3,1
TXN00782,23,66476.57,5634.09,3,7.84,3,8.24,3.68,3,6971.48,5
TXN00783,40,18327.39,6836.72,6,13.78,37,30.1,5.0,1,5825.37,1
TXN00784,42,29116.6,928.98,9,10.53,19,23.24,3.91,4,3821.46,3
TXN00785,42,329713.71,898.49,5,10.04,36,14.14,4.21,0,4041.31,3
TXN00786,47,45091.16,3027.57,6,19.84,23,1.99,2.19,3,2526.21,1
TXN00787,44,88451.69,4268.44,4,11.36,4,8.25,3.88,3,13661.23,1
TXN00788,41,36031.89,1938.82,3,25.92,19,23.98,3.68,1,6162.67,0
TXN00789,35,14134.75,4453.5,9,15.31,100,11.27,3.86,1,3256.97,1
TXN00790,19,49237.98,1367.08,3,4.0,42,9.46,3.57,4,3101.62,2
TXN00791,40,46279.09,414.29,9,41.13,11,37.27,2.89,3,2664.38,2
TXN00792,38,42411.19,1743.64,4,14.6,87,0.5,3.61,3,2839.69,1
TXN00793,39,51050.57,2638.04,8,16.03,45,0.5,4.86,1,4158.87,1
TXN00794,23,65307.54,1977.49,3,25.31,14,26.8,3.89,2,1059.81,3
TXN00795,25,49886.84,933.77,3,12.26,28,0.5,2.54,2,2939.94,0
TXN00796,47,24184.92,534.19,5,15.36,17,4.85,2.98,1,3193.11,0
TXN00797,36,75441.18,1614.97,8,5.48,3,30.93,4.0,4,3479.7,1
TXN00798,43,15490.73,5361.79,3,5.14,49,14.1,3.06,3,3955.04,1
TXN00799,36,14506.56,7272.2,4,25.67,6,12.53,3.96,2,3578.99,0
TXN00800,36,88925.64,6860.96,8,44.59,18,12.84,4.68,4,4647.52,1
TXN00801,45,76469.84,1249.53,3,8.52,36,4.59,4.13,2,3184.47,1
TXN00802,31,52985.92,937.67,3,11.64,81,9.07,3.11,3,6989.19,0
TXN00803,37,22204.43,3813.05,2,8.42,2,11.93,3.92,3,5546.93,0
TXN00804,31,34715.67,4289.31,7,16.26,15,4.38,4.32,3,16859.59,1
TXN00805,32,46365.14,3512.88,2,13.92,29,19.04,3.29,6,5720.07,1
TXN00806,33,19491.96,451.28,6,44.2,45,4.66,3.04,2,2077.46,1
TXN00807,38,34020.54,1196.55,5,13.07,76,0.89,3.74,6,3136.21,1
TXN00808,31,84044.62,2437.7,6,23.53,1,2.7,4.89,1,2453.82,2
TXN00809,49,139084.5,3782.66,2,13.46,30,6.3,3.11,4,3519.57,0
TXN00810,27,41875.49,4799.45,10,14.75,1,28.64,3.49,4,7547.88,0
TXN00811,34,89931.71,2826.12,3,6.15,46,6.45,2.97,2,2790.07,2
TXN00812,32,15850.39,3311.68,6,12.63,5,1.13,3.27,4,2350.91,0
TXN00813,50,84434.53,2687.0,5,7.94,68,2.62,3.71,3,5023.69,1
TXN00814,38,32614.82,4477.51,7,16.06,5,9.44,3.7,0,1977.99,0
TXN00815,46,67162.02,3261.63,6,10.88,43,2.35,1.87,2,1897.87,2
TXN00816,21,46819.23,2643.67,7,6.62,10,0.79,3.64,2,4572.89,2
TXN00817,39,129749.06,1990.08,4,35.31,24,15.06,5.0,3,998.68,1
TXN00818,45,31154.23,2678.85,7,20.68,28,18.41,3.9,7,2496.42,2
TXN00819,37,82704.77,3774.22,2,16.26,7,22.82,3.63,5,6371.59,0
TXN00820,47,45862.75,3138.19,6,7.11,11,22.29,3.4,4,969.71,2
TXN00821,31,49622.02,3455.59,7,20.58,3,5.72,3.15,2,1020.37,5
TXN00822,50,48804.77,7827.2,5,5.66,1,15.91,3.87,1,1282.71,0
TXN00823,59,31742.16,3132.03,4,6.86,8,10.51,4.12,6,517.34,0
TXN00824,32,54498.26,1440.0,5,12.58,22,0.5,5.0,1,13202.8,0
TXN00825,32,52805.31,5298.14,2,14.19,38,6.16,3.28,3,3807.99,0
TXN00826,51,64337.29,782.72,8,8.98,47,0.65,4.71,2,2189.0,2
TXN00827,52,58105.57,997.09,5,3.29,2,1.04,4.68,2,1418.58,2
TXN00828,31,92391.01,3325.97,6,10.22,10,0.69,3.52,5,16339.95,1
TXN00829,32,100244.66,3877.64,5,32.67,44,38.91,3.29,2,5536.02,0
TXN00830,33,27783.1,867.62,6,2.24,20,22.31,2.8,1,3199.17,4
TXN00831,23,96740.81,1805.61,8,18.47,6,6.94,3.82,2,8218.82,1
TXN00832,27,25437.25,1493.5,7,11.13,15,3.42,3.6,3,4594.66,0
TXN00833,26,80595.23,1653.04,0,4.19,9,0.9,4.55,3,2462.99,2
TXN00834,28,82282.91,5575.32,4,29.78,2,6.77,4.05,5,2289.36,0
TXN00835,36,15878.68,4557.71,7,7.65,43,11.01,2.41,7,2315.17,1
TXN00836,38,58426.51,2459.69,7,36.96,10,19.14,3.75,5,1718.66,1
TXN00837,52,40561.15,1571.8,2,14.78,87,0.64,4.01,0,7620.68,0
TXN00838,26,33586.89,793.81,3,16.08,66,6.49,3.64,3,2435.56,2
TXN00839,46,132341.7,8359.91,9,10.67,38,45.19,4.42,2,9024.94,2
TXN00840,34,35961.24,4135.41,7,25.56,12,1.54,3.4,0,1959.49,1
TXN00841,36,32563.37,1371.11,8,11.59,10,6.14,4.53,2,2301.24,1
TXN00842,43,57773.77,4608.72,4,26.54,19,3.86,3.41,4,2549.95,2
TXN00843,25,85881.34,2355.14,2,16.32,13,1.73,3.57,3,1865.28,2
TXN00844,40,50162.19,1958.63,6,10.46,69,21.91,5.0,0,2321.62,2
TXN00845,38,117386.75,3619.08,2,2.68,4,14.33,2.88,3,5145.72,1
TXN00846,41,77669.87,1331.12,4,31.36,39,6.36,3.87,2,8118.6,2
TXN00847,39,13349.73,1866.56,9,14.31,28,5.53,4.04,0,4315.05,3
TXN00848,61,38985.11,2771.9,4,8.15,49,21.11,3.37,1,1520.87,2
TXN00849,30,38173.28,1635.19,3,21.05,23,1.14,4.13,0,2300.46,4
TXN00850,31,75107.3,4415.02,4,16.28,30,1.91,4.32,1,2334.34,1
TXN00851,30,9986.18,12243.53,2,16.31,99,28.44,4.0,0,11508.86,0
TXN00852,30,288354.17,1316.71,7,60.0,3,20.39,3.94,4,6977.23,0
TXN00853,30,77672.41,607.1,7,6.97,3,17.89,4.17,1,8188.33,0
TXN00854,48,60588.38,456.03,2,21.69,15,11.74,3.27,1,2130.8,2
TXN00855,50,118552.06,2199.86,4,30.96,19,4.15,3.36,5,1435.26,1
TXN00856,30,252322.57,1422.76,4,10.87,7,32.76,4.12,7,5228.51,0
TXN00857,28,96865.02,2983.13,5,6.71,3,8.12,3.54,2,2536.07,3
TXN00858,41,101907.11,2798.26,6,10.72,1,3.95,3.76,0,4292.52,1
TXN00859,30,59876.36,639.9,6,16.08,43,5.46,2.03,3,4671.55,2
TXN00860,42,50166.2,534.53,8,27.86,20,0.5,4.27,4,2654.31,0
TXN00861,38,40369.16,3215.02,4,7.39,56,3.54,4.73,2,7068.45,0
TXN00862,21,32148.33,2805.0,1,10.77,13,2.5,4.23,3,1259.21,2
TXN00863,51,35190.42,1740.8,4,21.52,36,1.75,4.34,1,3778.55,1
TXN00864,54,22861.9,611.23,6,24.13,20,0.5,4.45,2,5627.73,1
TXN00865,30,52353.39,3732.11,3,25.79,28,3.09,3.67,3,11523.05,3
TXN00866,32,18399.05,7369.91,4,3.6,14,1.31,3.18,2,3846.38,1
TXN00867,39,62266.83,3166.34,1,46.04,3,0.55,4.16,1,8439.84,1
TXN00868,39,53716.4,1216.45,7,9.11,88,1.77,4.55,0,8060.66,0
TXN00869,43,60511.97,2596.49,2,45.15,54,2.71,3.04,0,17966.77,1
TXN00870,56,39171.43,782.78,9,50.23,11,6.45,4.3,1,4390.21,1
TXN00871,34,406381.52,6144.5,6,2.97,96,10.52,4.0,1,14720.17,3
TXN00872,28,133140.97,2680.11,5,21.07,11,4.67,3.72,1,6170.68,2
TXN00873,22,24492.83,556.19,10,10.01,18,1.83,3.62,4,1195.86,0
TXN00874,29,63988.12,1936.18,7,13.43,42,33.83,3.99,2,3571.11,1
TXN00875,36,37044.84,3706.53,5,24.21,11,8.68,3.35,3,1842.6,2
TXN00876,54,28443.55,1883.63,4,5.51,12,16.25,5.0,1,10215.87,1
TXN00877,31,23018.23,1977.39,11,9.59,16,14.23,2.87,3,3938.37,0
TXN00878,38,72840.64,882.98,4,20.53,19,4.02,2.02,5,1389.68,2
TXN00879,36,35319.53,4046.49,3,16.93,4,9.85,4.0,3,6492.86,1
TXN00880,48,103174.33,1440.65,1,24.02,1,11.06,3.86,2,8827.29,0
TXN00881,61,104929.81,399.84,7,9.28,75,5.2,4.17,3,2639.37,1
TXN00882,31,134340.49,1823.43,5,5.18,13,13.33,1.8,3,2559.56,0
TXN00883,31,31603.94,5756.15,7,49.28,3,18.77,2.52,4,4030.66,1
TXN00884,46,74912.5,1799.31,5,6.95,43,5.43,3.49,5,985.4,1
TXN00885,43,82965.8,10952.61,2,5.97,10,0.5,4.41,2,5752.11,2
TXN00886,54,40411.62,3599.93,5,7.46,6,5.16,2.53,2,11435.03,0
TXN00887,42,33304.13,3334.21,9,15.07,99,1.49,4.11,4,2219.49,2
TXN00888,32,156572.88,2241.52,11,15.94,76,2.03,3.63,1,12716.55,1
TXN00889,42,63765.07,2359.02,6,3.75,3,5.47,3.91,2,7022.65,2
TXN00890,47,83155.49,1998.47,6,6.4,69,2.79,3.78,5,3316.29,0
TXN00891,44,32232.77,1933.56,3,26.05,66,32.78,3.79,2,5458.36,3
TXN00892,41,24898.27,3925.63,8,10.3,30,12.69,3.78,3,10709.65,1
TXN00893,47,37984.98,1128.44,3,16.52,23,8.77,4.57,3,3865.29,0
TXN00894,48,50740.24,1001.78,8,6.74,7,0.5,3.82,1,4606.94,2
TXN00895,50,27538.64,962.3,7,19.18,4,1.31,4.51,1,2405.91,2
TXN00896,42,54649.17,14226.37,6,6.48,28,18.64,3.49,0,3218.29,1
TXN00897,34,18353.22,3923.88,6,4.79,52,5.93,4.58,1,5716.31,4
TXN00898,37,26557.24,3238.5,3,2.01,35,0.56,3.63,3,3084.89,1
TXN00899,48,85065.84,1017.56,7,12.94,6,20.95,3.64,1,2460.48,2
TXN00900,28,81434.34,4246.66,4,19.83,10,4.33,2.56,3,7833.85,1
TXN00901,40,42632.35,2264.16,4,20.18,24,5.86,3.17,3,4906.28,1
TXN00902,32,28382.89,2999.17,10,14.69,29,43.97,3.31,5,2500.98,1
TXN00903,36,28205.61,1089.98,6,25.73,2,0.5,2.53,0,11937.98,1
TXN00904,49,43151.14,2864.86,2,4.09,29,15.33,3.2,7,15368.11,3
TXN00905,38,83618.95,1743.74,4,4.35,40,35.68,4.28,0,7120.54,1
TXN00906,36,100553.8,1304.11,3,5.97,6,0.79,4.36,6,1516.65,1
TXN00907,22,39828.69,4665.9,9,9.7,8,24.13,2.62,3,4653.82,2
TXN00908,43,25986.13,676.54,6,12.6,9,6.46,4.96,2,5284.6,1
TXN00909,42,65459.49,4040.43,3,27.32,84,25.24,4.39,2,1154.06,1
TXN00910,58,32202.22,4473.2,7,10.32,16,4.42,5.0,3,8062.41,3
TXN00911,33,39270.32,1183.64,5,21.07,23,48.66,4.57,1,4051.86,1
TXN00912,38,130159.76,1244.85,7,18.5,39,12.5,5.0,4,7679.58,3
TXN00913,38,94156.49,2068.28,7,27.23,14,11.84,4.09,4,2826.07,3
TXN00914,52,60947.72,3177.27,2,17.59,3,19.67,3.26,2,4912.18,1
TXN00915,35,24060.85,2195.4,7,28.43,32,6.88,3.98,2,5078.93,1
TXN00916,39,63101.27,3614.01,3,2.05,33,3.59,2.23,3,3993.92,3
TXN00917,42,109734.13,11187.79,7,10.54,9,3.66,3.69,2,4936.87,1
TXN00918,38,43084.84,1623.74,5,2.85,1,4.82,3.77,2,3179.7,2
TXN00919,32,132364.22,581.81,8,5.95,33,11.53,4.48,5,1529.03,1
TXN00920,38,127436.43,5044.64,3,5.61,36,21.87,3.94,1,838.27,0
TXN00921,47,162188.55,10455.29,7,28.36,1,8.31,3.49,0,2271.9,1
TXN00922,26,67070.29,3490.85,4,11.06,35,6.2,2.82,8,6088.08,1
TXN00923,37,80570.92,991.74,3,45.92,84,18.95,3.27,2,1691.43,1
TXN00924,29,137903.6,2250.12,3,10.32,6,4.1,3.64,0,7354.6,1
TXN00925,48,73562.78,966.13,2,2.64,22,14.02,3.31,3,9268.24,2
TXN00926,21,39707.14,4317.68,9,9.67,36,1.34,1.96,6,4872.79,1
TXN00927,30,41090.64,792.7,10,17.76,8,1.44,3.79,3,3116.14,0
TXN00928,40,64225.09,1937.08,7,15.57,42,12.4,3.47,2,7171.1,2
TXN00929,52,23771.05,1064.6,7,13.01,61,1.04,3.46,3,7866.99,3
TXN00930,35,50109.71,2784.57,4,16.41,51,2.02,3.91,4,2989.74,0
TXN00931,30,112178.22,1831.07,4,23.96,9,11.75,3.48,2,3714.08,1
TXN00932,55,13237.03,2905.31,5,1.14,49,6.92,4.55,1,1980.43,3
TXN00933,22,149119.28,2547.95,3,14.21,16,9.89,3.28,2,4276.37,1
TXN00934,18,114077.32,1080.72,7,5.56,9,45.24,3.22,4,823.57,1
TXN00935,40,40792.01,4259.43,4,19.53,6,11.99,3.27,0,2851.91,1
TXN00936,31,78299.19,2398.49,4,6.26,72,10.72,3.92,2,1926.11,0
TXN00937,26,55112.65,1079.01,4,6.38,17,5.74,3.91,2,3290.71,2
TXN00938,43,122342.8,16794.95,8,3.98,60,11.96,3.41,0,2005.95,1
TXN00939,38,104175.53,3748.13,5,13.46,5,0.5,3.79,0,917.23,2
TXN00940,30,22137.81,2194.64,3,2.61,44,9.78,4.07,1,2214.53,0
TXN00941,23,80564.15,8324.6,11,3.94,3,0.86,4.22,1,2508.77,0
TXN00942,45,48118.9,11963.18,7,13.66,1,2.98,3.72,3,7377.42,0
TXN00943,43,58042.43,2209.45,5,10.62,159,9.94,3.25,5,2234.49,1
TXN00944,35,34261.47,3358.78,6,10.53,2,13.23,3.25,1,1933.82,1
TXN00945,54,171335.27,1079.49,2,1.9,19,5.83,3.98,3,1519.59,2
TXN00946,25,108134.23,2205.99,1,13.7,63,6.52,4.31,4,7787.72,2
TXN00947,21,34004.13,2110.84,3,14.56,51,8.27,3.91,2,2994.12,1
TXN00948,29,23100.08,2925.29,5,25.45,19,17.08,3.53,2,4235.04,1
TXN00949,36,42804.62,3317.25,7,18.29,28,0.5,3.4,1,1187.81,2
TXN00950,38,72948.95,4023.47,3,5.37,30,7.11,4.36,6,1024.67,1
TXN00951,34,64294.04,3059.61,4,5.28,3,0.5,2.94,6,1861.63,1
TXN00952,40,124197.06,893.29,2,26.8,10,4.61,3.47,3,10902.8,0
TXN00953,23,91907.35,1125.91,5,24.04,11,8.8,4.81,3,1630.32,0
TXN00954,50,103291.29,1571.21,2,11.76,14,1.0,4.62,4,2258.0,0
TXN00955,35,68019.14,1966.76,5,20.01,10,7.97,3.94,3,3531.78,4
TXN00956,47,22293.36,6107.08,7,22.31,9,31.02,3.46,1,2259.52,1
TXN00957,39,48430.47,930.34,3,3.24,13,13.88,3.62,5,4892.42,1
TXN00958,41,109551.14,1845.02,6,4.56,14,18.29,3.86,1,1956.21,1
TXN00959,42,53188.56,5620.1,3,9.16,20,10.42,5.0,1,1619.4,0
TXN00960,40,76274.75,1937.49,10,27.1,6,27.2,4.52,4,23458.7,0
TXN00961,42,44707.75,3697.45,5,37.26,47,1.91,4.42,1,1816.72,1
TXN00962,49,28161.49,2220.38,3,14.44,59,7.17,3.69,2,6106.64,2
TXN00963,38,50762.58,3109.79,7,5.05,9,10.91,3.45,3,1809.76,1
TXN00964,43,67236.35,2058.73,3,5.79,4,24.81,3.66,4,1190.17,2
TXN00965,35,35914.32,4407.45,5,9.65,38,4.42,4.5,2,3285.71,0
TXN00966,50,47187.12,672.33,4,9.5,77,0.5,4.94,1,1369.07,0
TXN00967,29,29864.85,1835.79,7,5.6,1,43.99,3.2,4,2657.97,3
TXN00968,54,113845.51,3216.77,4,10.44,1,0.5,2.19,2,2005.05,0
TXN00969,36,45419.29,3935.08,4,2.13,6,1.98,3.62,2,8406.95,0
TXN00970,22,141404.46,8893.32,3,10.95,35,6.58,4.54,2,1189.35,2
TXN00971,37,148564.51,1793.05,6,6.76,100,8.23,3.4,5,5617.48,1
TXN00972,29,52177.6,8792.07,10,6.51,42,21.58,4.12,0,4273.09,1
TXN00973,44,28555.27,1427.78,3,17.24,26,7.13,3.01,2,2981.43,1
TXN00974,29,14175.28,7734.11,5,17.86,36,9.51,3.59,0,2058.66,0
TXN00975,32,21126.1,5008.51,4,9.06,8,2.68,3.25,1,3948.58,1
TXN00976,18,22518.58,1150.1,5,4.49,35,10.1,3.69,0,4097.86,1
TXN00977,31,134738.85,3245.52,2,13.6,12,5.14,3.94,3,4610.73,0
TXN00978,18,59300.58,2393.46,3,8.81,8,1.25,4.28,3,2899.01,6
TXN00979,20,70850.79,4254.76,4,20.87,8,35.13,3.51,1,1570.27,1
TXN00980,44,12988.44,2067.85,6,17.07,33,1.02,3.0,2,6473.31,2
TXN00981,44,25245.68,1925.4,7,18.97,44,13.59,2.74,1,3491.58,0
TXN00982,40,97898.87,8004.64,4,1.41,26,28.66,4.56,6,2279.02,2
TXN00983,26,66269.94,2298.78,7,33.68,2,2.37,3.23,2,1736.1,0
TXN00984,36,49981.34,5046.78,4,14.0,1,3.25,4.16,3,6675.81,3
TXN00985,36,79398.6,2064.2,5,1.83,7,6.68,2.69,2,9224.05,0
TXN00986,24,159270.14,10308.35,6,9.95,10,4.19,4.9,1,5235.7,3
TXN00987,51,47639.18,1404.54,9,12.04,16,17.08,5.0,4,5487.52,1
TXN00988,45,57536.73,1483.3,3,28.36,2,4.95,4.03,3,7952.07,1
TXN00989,34,62334.88,9135.16,9,18.07,39,51.08,3.6,1,2716.82,2
TXN00990,36,260396.23,1712.73,6,15.34,37,23.49,4.81,7,15590.06,2
TXN00991,38,14051.82,9749.38,2,12.27,13,27.08,3.45,0,1667.06,3
TXN00992,18,85749.32,5335.35,9,10.65,25,0.79,3.84,1,2951.78,0
TXN00993,34,51045.21,2192.05,4,3.09,3,2.33,1.86,1,2039.43,2
TXN00994,29,79498.23,535.26,5,14.38,16,2.23,3.75,1,3659.31,3
TXN00995,26,35875.01,2459.28,5,5.63,58,13.38,4.61,2,11756.45,1
TXN00996,33,53277.06,2725.57,4,7.19,32,0.5,3.48,1,2962.04,3
TXN00997,54,87334.89,6742.47,3,18.57,3,19.71,3.49,1,4701.46,1
TXN00998,42,416016.46,9645.3,5,6.83,56,9.5,3.49,5,457.06,4
TXN00999,30,92996.02,1396.62,4,2.04,34,10.03,5.0,2,4721.59,0
TXN01000,42,31692.83,4939.65,3,10.13,18,9.25,3.96,3,7040.6,1
TXN01001,50,41757.93,4791.69,5,1.76,35,9.2,3.83,1,3814.55,1
TXN01002,45,40960.74,6225.74,6,12.93,6,2.65,3.52,0,1659.23,1
TXN01003,37,17118.59,3819.72,9,19.78,24,4.0,4.52,5,1510.5,1
TXN01004,30,44379.36,479.59,3,10.77,29,8.02,3.24,3,2374.02,1
TXN01005,43,88559.27,2190.61,5,2.63,79,13.59,4.68,5,1501.67,1
TXN01006,40,24024.7,936.07,7,21.51,2,3.81,3.72,4,10548.25,1
TXN01007,45,108727.73,2104.5,5,29.71,14,19.69,4.62,6,4855.02,1
TXN01008,42,75519.19,5750.54,2,9.95,83,19.97,3.54,0,9621.89,1
TXN01009,46,34126.75,3240.31,5,7.18,7,3.84,4.37,3,2858.77,0
TXN01010,31,50166.07,6633.73,7,3.08,50,9.85,4.18,4,2049.52,0
TXN01011,49,155437.29,3342.71,8,13.27,1,5.15,3.76,1,2139.8,0
TXN01012,38,88600.66,829.21,2,26.25,1,2.54,4.76,2,2532.53,1
TXN01013,57,55314.91,293.34,3,3.2,12,19.68,4.71,3,2476.19,2
TXN01014,29,47126.67,2837.09,6,1.53,44,57.19,3.35,1,8231.9,0
TXN01015,53,57808.11,2084.34,3,10.18,3,10.01,3.3,0,6634.71,0
TXN01016,38,39436.31,1089.68,6,3.25,14,29.43,3.63,3,4230.74,1
TXN01017,29,14002.64,589.05,10,11.92,4,12.33,3.59,1,1095.21,2
TXN01018,31,207420.64,1338.78,2,14.8,8,10.01,4.53,3,4302.95,1
TXN01019,33,60842.86,2119.06,6,15.37,21,7.85,4.05,1,2815.68,1
TXN01020,40,71245.3,4403.0,5,18.28,12,3.23,3.17,2,9366.39,0
TXN01021,41,52968.27,2934.76,3,33.54,7,1.06,3.2,1,6550.66,2
TXN01022,30,34107.16,9807.5,4,21.36,15,7.01,3.88,1,3866.22,1
TXN01023,36,48739.13,1036.68,5,22.5,36,9.89,4.41,1,806.04,0
TXN01024,57,19447.66,5286.68,5,3.97,4,8.55,4.9,1,3181.96,2
TXN01025,53,241637.68,2602.56,9,12.79,20,14.27,3.92,2,2215.44,1
TXN01026,40,24653.04,4512.09,6,27.4,10,2.56,3.71,4,4648.3,0
TXN01027,36,28122.08,1725.04,4,7.83,14,5.25,3.64,4,1573.46,0
TXN01028,37,41312.48,6216.57,3,20.75,52,6.45,3.29,2,4205.54,0
TXN01029,42,127050.22,3213.09,4,39.15,80,2.48,3.75,1,740.85,0
TXN01030,26,55521.15,1403.21,2,5.54,8,28.43,3.46,5,1326.88,3
TXN01031,33,24627.04,2474.58,5,3.17,30,13.73,3.51,1,1890.54,1
TXN01032,19,124294.42,2039.43,4,15.67,34,1.16,4.22,3,2387.95,1
TXN01033,40,88454.08,3788.96,2,11.36,55,14.97,2.79,1,4595.16,1
TXN01034,42,78047.37,917.12,5,31.6,69,9.52,2.46,2,1098.81,0
TXN01035,31,87580.68,2438.4,11,4.64,19,8.91,3.13,1,2234.33,0
TXN01036,52,260777.73,3498.39,4,26.63,121,55.01,4.35,3,2274.47,2
TXN01037,24,227612.56,2571.17,6,10.98,106,11.55,4.05,0,5665.31,1
TXN01038,21,35197.26,7855.32,2,6.88,21,27.24,4.46,1,3060.43,2
TXN01039,38,158041.62,4826.93,4,12.85,23,29.38,2.64,5,1778.2,1
TXN01040,46,70555.0,2484.15,9,9.12,33,1.28,4.16,1,1644.74,3
TXN01041,53,76076.96,3005.6,2,12.23,14,0.5,2.79,2,2376.95,1
TXN01042,31,18308.35,3214.29,5,25.8,33,6.86,3.04,3,1103.92,4
TXN01043,47,49233.9,3522.23,4,41.4,22,17.6,2.89,1,10923.05,2
TXN01044,36,32427.21,529.66,5,11.56,1,20.86,3.01,5,3489.34,1
TXN01045,34,94214.25,1934.78,3,16.49,57,18.59,5.0,5,1846.48,2
TXN01046,45,110336.58,707.88,4,23.34,85,7.12,4.17,0,1673.03,0
TXN01047,43,14280.82,7409.99,5,16.32,1,16.63,2.51,2,1503.27,1
TXN01048,20,54217.87,2373.98,7,7.28,47,15.22,2.7,2,4538.46,2
TXN01049,51,114039.3,2121.13,6,14.74,15,4.52,3.86,1,1100.1,2
TXN01050,50,48715.24,5357.88,5,11.33,26,2.22,3.92,2,3090.0,4
TXN01051,30,88342.79,3579.66,7,1.8,21,11.66,3.35,4,5229.42,2
TXN01052,40,69102.49,957.86,5,0.47,24,13.56,4.98,4,2322.38,0
TXN01053,41,68676.86,2353.78,9,14.73,21,10.07,3.18,2,1723.67,1
TXN01054,39,46107.63,1880.24,5,6.15,58,2.88,4.45,2,6291.2,0
TXN01055,30,24942.06,567.47,5,23.67,35,3.89,4.37,2,1584.72,1
TXN01056,29,26531.66,1390.35,8,7.04,16,14.79,5.0,3,2881.7,2
TXN01057,36,87218.14,2138.88,4,8.07,35,39.44,5.0,1,3793.99,4
TXN01058,48,55700.05,2267.28,2,20.01,101,34.77,4.29,2,2293.03,0
TXN01059,41,50264.56,709.21,5,9.64,3,8.8,3.83,5,1512.7,1
TXN01060,32,41754.39,6653.92,3,5.92,15,26.12,4.05,2,2367.43,2
TXN01061,44,45103.53,2292.18,2,17.55,61,0.5,4.23,4,4441.49,0
TXN01062,18,108616.77,2581.09,5,51.52,40,23.69,2.5,1,2101.76,1
TXN01063,47,44230.94,3514.29,8,6.89,82,7.76,2.75,2,4812.6,1
TXN01064,19,23003.38,1279.44,3,21.72,1,18.25,4.48,3,2927.37,2
TXN01065,32,89184.46,3684.72,4,19.26,60,0.5,4.76,5,2291.54,1
TXN01066,25,48142.4,1829.93,11,45.18,47,24.35,4.84,1,2106.38,2
TXN01067,23,56133.93,1166.72,4,27.34,51,10.85,3.65,3,4117.35,0
TXN01068,48,156375.33,4070.32,7,12.19,27,3.3,4.03,4,7703.12,1
TXN01069,31,54269.85,8883.66,1,17.26,2,5.12,3.48,1,3811.62,0
TXN01070,39,66373.81,4629.25,3,2.56,23,2.69,5.0,1,1781.46,1
TXN01071,36,25560.11,5478.45,2,31.59,16,6.63,3.53,1,7523.14,1
TXN01072,41,47681.72,1606.01,6,3.97,22,4.81,3.25,3,1883.44,3
TXN01073,37,81738.5,642.95,3,17.13,40,9.18,3.69,2,11740.06,1
TXN01074,23,20012.16,8872.07,5,17.06,27,20.23,3.53,3,3127.28,0
TXN01075,46,62669.98,14333.91,8,19.19,10,48.39,3.75,0,1892.45,1
TXN01076,31,58723.93,9278.28,8,5.73,27,3.48,4.43,4,5175.26,1
TXN01077,20,56496.01,1879.25,2,12.11,3,1.35,3.89,8,2814.43,1
TXN01078,32,107930.39,936.93,6,20.56,1,6.04,3.39,7,4771.98,0
TXN01079,51,68355.24,1010.52,7,19.28,15,1.86,3.34,2,3732.82,2
TXN01080,45,143750.61,597.57,3,43.23,42,21.57,3.42,2,1332.88,1
TXN01081,33,28832.41,2281.92,4,30.27,52,8.34,2.44,4,3332.46,2
TXN01082,33,60080.43,9787.61,8,11.17,24,11.61,4.43,1,4971.64,1
TXN01083,33,58104.12,2216.39,6,10.88,61,1.96,4.23,4,3786.8,0
TXN01084,57,27448.67,3232.53,5,6.65,4,16.62,4.89,0,8430.46,0
TXN01085,40,102403.91,8049.0,2,19.52,100,43.6,4.07,1,4353.92,0
TXN01086,40,249228.67,1773.24,6,2.59,76,7.9,2.75,4,2954.79,1
TXN01087,46,54395.38,14104.48,5,3.06,27,39.39,3.91,4,4054.96,1
TXN01088,38,76370.53,13593.22,8,18.19,2,0.5,3.93,2,2479.49,5
TXN01089,33,58106.07,2236.35,3,25.26,18,0.5,4.32,1,4504.65,0
TXN01090,34,34587.87,1530.18,5,7.45,6,38.63,5.0,4,4500.31,0
TXN01091,35,16841.38,4521.95,4,20.78,30,14.46,2.94,2,1470.54,1
TXN01092,36,34763.93,1860.59,7,33.85,6,2.51,4.2,1,6010.94,1
TXN01093,43,22254.86,935.4,9,24.08,20,5.43,3.68,2,16713.07,1
TXN01094,37,166500.7,7428.65,6,16.44,7,8.51,5.0,2,5129.26,1
TXN01095,43,51035.01,7030.59,13,17.91,6,14.55,4.42,7,845.13,1
TXN01096,35,43925.09,2853.3,3,20.08,9,22.14,3.62,3,2596.11,1
TXN01097,37,98030.94,854.58,7,13.98,1,1.04,4.75,0,1429.29,2
TXN01098,18,26527.85,879.14,5,9.32,38,12.83,3.63,3,2853.38,0
TXN01099,45,33410.54,2738.57,6,14.51,11,7.77,4.28,5,5657.17,1
TXN01100,39,57488.23,1634.6,11,8.91,36,10.92,3.53,0,2116.93,0
TXN01101,46,107343.4,1870.79,7,24.5,32,8.52,3.85,1,13092.71,2
TXN01102,18,76205.11,5959.34,4,14.03,2,7.19,4.69,3,465.92,0
TXN01103,57,64634.25,4662.23,8,6.78,11,2.76,3.54,3,2942.0,3
TXN01104,35,57864.83,8066.44,6,11.11,25,7.67,1.68,2,4564.23,1
TXN01105,47,71342.09,1077.09,4,7.1,75,2.52,3.27,2,1490.56,2
TXN01106,26,62702.89,1867.46,4,34.64,15,0.55,4.84,2,1634.41,0
TXN01107,42,28158.55,4765.61,7,23.64,21,5.62,4.91,6,5942.71,0
TXN01108,25,56672.25,3658.88,8,9.82,42,0.5,3.3,4,13499.36,2
TXN01109,30,27369.67,9196.42,3,8.5,49,9.92,2.68,1,14657.99,1
TXN01110,55,57976.45,3574.22,8,9.7,77,0.9,3.47,3,2746.02,2
TXN01111,34,40242.03,12027.35,6,4.03,21,6.91,4.48,5,9013.25,3
TXN01112,38,286555.21,3956.29,8,14.67,6,47.03,3.65,4,3335.48,2
TXN01113,45,53592.11,6166.51,3,4.79,43,0.5,2.41,1,6648.9,0
TXN01114,41,22077.91,1898.95,3,12.81,4,5.48,4.2,2,3020.16,1
TXN01115,38,50406.29,2530.55,7,23.44,16,13.42,4.52,2,1581.67,1
TXN01116,40,77085.59,5422.7,6,32.96,30,2.08,4.91,4,10740.72,1
TXN01117,60,163207.07,9848.53,6,8.9,35,9.87,2.36,2,12890.93,2
TXN01118,35,37494.31,4646.63,4,8.38,40,3.58,4.6,5,2607.03,1
TXN01119,38,19663.32,2329.36,3,3.64,6,3.02,3.93,4,6742.31,3
TXN01120,47,93529.53,8060.9,7,19.96,120,27.04,3.34,4,3162.17,0
TXN01121,47,22419.79,387.95,7,13.07,6,2.73,2.65,3,16109.35,4
TXN01122,48,41422.83,746.31,7,7.27,3,5.67,2.5,1,1230.88,1
TXN01123,42,46519.89,4462.37,5,8.02,33,2.23,3.26,2,3089.35,1
TXN01124,25,52566.1,2530.16,4,26.54,72,4.01,3.23,3,1270.85,0
TXN01125,52,86081.12,4182.79,4,1.34,25,4.16,3.73,4,1152.67,2
TXN01126,25,35267.82,2640.68,7,29.89,27,4.75,4.84,3,3227.28,0
TXN01127,39,46035.33,4061.67,5,6.54,23,12.3,3.75,2,2553.49,2
TXN01128,28,54492.19,1251.13,4,21.78,1,16.29,2.72,5,1724.34,0
TXN01129,35,60616.79,4060.08,3,5.07,34,8.58,3.09,0,6288.97,2
TXN01130,39,58610.91,5821.41,3,17.0,13,11.31,4.03,5,8687.52,0
TXN01131,39,73020.26,7055.16,3,11.31,82,20.14,3.27,2,5011.68,2
TXN01132,40,95185.62,13843.45,6,29.48,6,92.76,3.72,2,940.85,1
TXN01133,52,70990.45,3076.44,5,10.94,11,7.32,4.61,2,4438.92,0
TXN01134,41,73859.44,3155.4,5,31.56,21,33.07,4.25,2,4408.66,0
TXN01135,34,19665.94,684.95,4,9.63,19,8.09,3.42,2,1940.98,0
TXN01136,46,56825.27,1591.36,8,20.95,15,18.28,3.11,1,4458.72,1
TXN01137,48,75114.46,2121.6,7,23.99,11,10.22,5.0,3,2454.41,0
TXN01138,24,88335.76,6104.72,4,10.71,5,25.85,3.31,5,1970.97,0
TXN01139,42,35068.57,1487.27,3,13.3,52,7.15,5.0,3,1529.38,1
TXN01140,43,35836.17,4919.37,4,3.9,18,14.28,4.93,3,6276.44,0
TXN01141,33,37870.32,2496.56,7,15.93,26,7.54,3.74,1,8655.23,0
TXN01142,50,77944.9,2150.49,9,21.89,24,23.34,2.95,2,3170.33,2
TXN01143,34,107700.68,3089.01,8,33.6,26,62.15,3.83,5,6973.14,1
TXN01144,37,42202.7,1792.85,3,23.1,37,3.35,4.72,1,10188.87,1
TXN01145,34,99236.78,1736.04,5,14.85,30,7.72,3.53,1,3836.95,2
TXN01146,36,59596.39,586.97,6,10.32,10,1.02,2.88,2,3315.39,0
TXN01147,25,50731.52,2024.92,7,12.43,24,1.82,3.41,1,4862.26,0
TXN01148,22,47939.19,1662.49,6,10.97,8,31.77,4.07,4,1947.09,3
TXN01149,52,89356.19,1612.37,5,24.98,27,9.41,4.13,5,5132.45,3
TXN01150,28,67962.68,3563.11,8,29.86,17,6.03,3.86,0,3890.47,2
TXN01151,26,241439.69,4375.97,7,10.84,1,13.36,3.47,4,1402.25,3
TXN01152,18,31607.27,3045.47,4,18.64,40,9.86,3.71,3,1413.78,0
TXN01153,30,77022.63,5826.37,6,11.87,10,4.09,3.48,3,1756.02,1
TXN01154,23,38991.85,4077.64,9,3.06,76,3.08,3.89,3,5010.9,0
TXN01155,52,31258.67,1945.45,6,4.71,10,10.71,3.98,2,2763.84,2
TXN01156,46,54612.87,1686.85,5,6.92,171,2.5,3.63,3,3439.2,0
TXN01157,29,60136.22,3261.51,4,11.9,19,1.8,3.21,2,9108.3,4
TXN01158,59,366554.05,4071.42,3,15.27,1,4.6,4.68,5,4771.85,0
TXN01159,46,48795.52,8202.66,0,33.95,2,23.71,4.01,2,2232.24,2
TXN01160,33,26382.92,6881.16,6,13.61,3,0.5,4.3,1,1753.82,1
TXN01161,18,65679.72,1577.81,3,14.05,2,21.5,3.28,3,4333.33,2
TXN01162,59,14279.39,2292.37,4,21.83,9,11.64,3.74,0,1773.61,3
TXN01163,22,51808.87,4422.28,4,5.06,12,0.5,3.27,4,8413.88,2
TXN01164,20,55575.9,6197.15,8,15.43,4,11.06,4.79,4,4157.04,0
TXN01165,46,92187.4,5553.42,3,20.45,17,6.66,3.04,2,3831.22,0
TXN01166,60,103563.78,2367.88,4,9.68,14,22.08,3.09,2,1793.72,1
TXN01167,50,39646.91,861.03,2,12.7,30,28.53,3.85,2,5399.59,0
TXN01168,42,49870.72,1069.5,5,10.61,7,4.05,2.98,1,7711.21,2
TXN01169,42,33426.69,3151.97,7,9.71,74,18.4,4.79,1,3181.57,1
TXN01170,45,26419.24,3344.05,9,14.61,22,4.45,2.81,3,6702.77,0
TXN01171,44,67273.39,982.57,8,25.1,29,4.21,3.63,4,2636.3,1
TXN01172,39,24034.8,2596.53,10,17.98,1,2.57,3.51,1,3350.69,2
TXN01173,37,42006.56,4275.2,6,28.71,25,13.62,4.01,2,15074.22,1
TXN01174,35,28802.73,939.65,14,9.63,14,3.64,3.24,3,2698.58,3
TXN01175,28,78620.09,6395.14,3,18.92,77,7.5,3.98,3,5106.64,2
TXN01176,33,177374.4,1813.74,6,16.01,65,20.06,3.2,3,2665.51,1
TXN01177,19,23601.28,7280.95,8,24.85,30,18.84,3.09,2,4259.16,4
TXN01178,35,16491.93,1588.6,4,19.65,44,23.21,3.64,7,5697.64,2
TXN01179,26,50711.7,1044.63,6,27.85,31,2.11,3.73,2,1862.99,1
TXN01180,25,55564.07,1693.63,8,8.16,1,10.61,3.6,2,2136.42,0
TXN01181,38,63399.87,2305.77,9,34.52,36,29.56,3.53,4,5207.66,2
TXN01182,50,41150.04,1796.94,6,9.65,6,0.52,4.76,1,3919.26,1
TXN01183,45,48275.18,2080.67,9,8.84,34,18.99,4.01,3,7952.57,1
TXN01184,20,69840.56,3320.65,1,18.41,1,3.39,3.97,3,4227.9,2
TXN01185,26,108160.18,2161.47,6,2.04,11,13.29,4.55,3,12869.77,1
TXN01186,45,15433.67,2363.39,6,12.72,22,15.16,2.85,1,5700.4,1
TXN01187,26,43272.73,584.76,7,7.42,12,31.18,5.0,5,13037.35,4
TXN01188,34,63200.29,3487.67,4,5.86,36,8.53,2.62,0,11420.7,2
TXN01189,42,30284.88,2317.45,13,7.33,22,22.62,4.66,0,2233.03,3
TXN01190,26,169456.02,9826.08,3,9.41,96,0.56,2.62,2,9865.45,1
TXN01191,37,36390.83,1124.86,5,7.34,13,6.55,3.75,4,6759.52,1
TXN01192,23,53543.42,537.54,4,5.51,38,6.95,3.37,1,6436.47,1
TXN01193,30,78944.7,4227.66,4,9.56,54,9.27,4.87,1,8022.66,2
TXN01194,39,37449.68,3356.3,8,4.41,9,7.88,4.34,4,2818.87,1
TXN01195,20,16561.17,1060.91,3,18.78,42,41.29,3.6,2,4404.76,0
TXN01196,40,41625.28,681.13,2,8.91,15,0.98,4.17,2,2607.47,1
TXN01197,36,107390.27,9235.71,4,5.78,4,3.69,4.0,3,17630.93,0
TXN01198,42,44183.5,8316.86,5,20.75,1,41.54,4.29,6,2066.32,0
TXN01199,38,31726.46,301.78,5,18.85,41,7.07,3.66,1,1430.26,2
TXN01200,50,100385.74,1693.51,6,6.7,6,10.16,3.31,4,1974.84,0
TXN01201,37,750000.0,120000.0,7,40.55,2,220.0,2.28,0,100000.0,1
TXN01202,32,39477.41,1668.02,6,37.03,21,4.01,3.56,0,3351.81,2
TXN01203,37,60611.2,1647.52,4,21.59,13,0.5,3.89,1,6526.5,2
TXN01204,41,90769.27,1965.89,10,28.05,35,1.78,3.1,3,3576.77,0
TXN01205,36,258642.55,964.19,7,5.47,3,12.04,3.75,5,2475.41,2
TXN01206,36,94163.88,586.98,5,17.53,4,17.31,4.58,3,4907.77,1
TXN01207,29,116889.51,6116.29,2,12.18,16,24.49,3.86,3,7910.15,2
TXN01208,29,39585.19,521.94,5,17.83,22,3.48,3.28,6,4046.1,0
TXN01209,22,28233.77,3084.75,4,19.89,52,4.86,4.45,4,6429.01,2
TXN01210,53,57274.1,5311.55,3,20.13,26,10.11,3.95,1,3710.36,1
TXN01211,24,58967.92,728.15,2,7.17,70,1.05,3.93,1,2917.96,4
TXN01212,29,27283.99,1139.58,2,52.54,7,19.72,3.5,1,5706.51,1
TXN01213,29,49077.06,7011.09,6,13.64,27,7.92,2.92,1,4107.46,0
TXN01214,45,71299.52,3932.4,12,5.08,32,40.4,3.97,1,7069.97,0
TXN01215,33,69518.22,1479.34,7,23.54,39,1.5,4.06,5,10301.77,0
TXN01216,48,76334.14,6946.25,1,7.68,134,1.72,3.3,2,3233.08,2
TXN01217,29,66450.7,6971.61,8,13.53,19,5.14,3.91,4,5504.66,1
TXN01218,39,39558.38,3142.4,4,10.52,14,2.78,4.45,6,7391.82,0
TXN01219,28,39381.56,1163.18,3,17.95,57,14.31,3.09,0,4664.47,1
TXN01220,57,25229.52,1759.2,10,27.8,6,35.21,4.1,1,5002.1,0
TXN01221,24,175464.54,3189.04,2,15.53,1,1.13,3.73,1,3869.55,0
TXN01222,39,55482.96,2129.71,7,9.26,18,3.33,4.47,2,4185.22,0
TXN01223,42,47521.33,5553.37,3,37.86,9,3.26,4.55,3,5043.35,0
TXN01224,40,30072.72,681.12,5,31.13,15,8.54,3.84,5,2287.16,2
TXN01225,34,370743.64,701.99,5,53.22,128,7.22,3.8,3,1065.98,1
TXN01226,35,27376.09,2915.47,9,8.74,13,15.57,3.64,5,3291.57,2
TXN01227,36,41620.05,1646.21,2,5.47,37,15.83,3.06,2,3109.17,1
TXN01228,35,72069.23,1467.12,7,3.4,9,10.2,4.08,4,10879.04,1
TXN01229,46,81245.19,556.24,5,4.34,11,10.73,3.84,2,4306.33,4
TXN01230,58,102512.94,2541.88,6,10.66,8,22.17,3.27,3,5187.13,2
TXN01231,30,178088.16,2390.37,4,16.36,25,6.07,2.42,2,2623.92,1
TXN01232,22,76426.97,4356.84,5,7.24,8,0.5,4.19,1,2306.32,1
TXN01233,35,27685.62,2650.8,6,5.36,38,2.87,3.55,2,1951.34,1
TXN01234,62,46540.31,2233.52,10,18.11,34,0.5,4.28,3,1448.63,0
TXN01235,28,67183.27,6798.77,7,27.16,16,6.0,2.85,2,5819.79,1
TXN01236,52,210962.44,819.3,2,1.67,1,5.31,3.85,2,4337.96,5
TXN01237,53,22170.43,3944.1,7,1.73,1,1.25,3.78,2,9843.84,1
TXN01238,30,120182.08,604.0,5,13.25,23,16.88,3.65,5,5142.63,0
TXN01239,42,61823.13,1225.91,9,20.21,55,9.66,4.91,2,4148.62,0
TXN01240,52,94814.56,891.84,4,6.06,27,3.07,3.91,4,874.42,1
TXN01241,32,51471.93,4859.53,7,3.85,17,17.08,2.59,3,13310.85,0
TXN01242,34,31809.09,2364.8,3,25.55,64,13.23,3.52,0,3597.28,2
TXN01243,30,89604.05,2471.47,7,13.12,7,2.55,2.67,2,813.91,1
TXN01244,26,84159.46,975.86,6,6.6,13,48.82,4.79,3,4099.29,3
TXN01245,30,103458.46,1937.8,3,39.4,25,2.34,3.97,0,1984.03,0
TXN01246,24,54526.41,1306.49,5,21.09,10,17.73,3.69,0,1935.07,0
TXN01247,36,37242.44,3463.32,4,12.09,180,41.41,2.81,4,4217.81,3
TXN01248,28,19967.81,1076.66,7,24.24,18,15.51,3.92,3,2319.92,1
TXN01249,38,93683.85,7741.66,6,3.3,2,13.15,4.53,2,7181.05,2
TXN01250,20,72447.44,601.73,3,9.56,6,28.04,4.21,2,3228.25,1
TXN01251,39,29358.28,1259.54,3,8.05,23,3.76,4.19,5,4630.64,3
TXN01252,44,38755.02,10401.1,2,10.64,24,3.89,4.8,2,5203.73,1
TXN01253,18,40606.98,1727.06,6,31.27,124,12.3,4.87,2,4174.72,1
TXN01254,40,20976.3,817.62,5,35.18,27,25.66,3.88,3,4066.53,2
TXN01255,48,32324.96,3011.69,6,15.43,33,11.53,4.21,1,3864.79,0
TXN01256,24,26320.38,1668.97,5,8.39,7,45.29,5.0,3,9956.4,2
TXN01257,53,42065.24,1228.51,6,4.9,3,3.03,3.1,2,6318.55,0
TXN01258,40,34027.87,984.92,3,32.45,28,20.98,4.13,2,2158.02,0
TXN01259,29,19101.75,26295.78,5,18.71,60,31.45,3.08,2,1607.55,0
TXN01260,35,204796.51,2018.74,8,7.35,27,6.68,3.54,4,2007.63,3
TXN01261,42,124149.27,486.54,6,7.94,18,39.24,4.74,3,4722.0,0
TXN01262,37,33147.61,8899.05,4,14.97,26,2.71,3.21,3,1615.58,0
TXN01263,41,65654.56,4202.59,4,3.17,19,36.65,4.56,0,2216.22,0
TXN01264,27,72145.54,1303.16,2,11.42,5,27.97,3.37,4,1367.04,1
TXN01265,38,119287.79,1131.04,6,7.04,41,0.82,4.57,1,6718.54,3
TXN01266,22,32305.58,4431.52,10,24.68,23,8.84,4.82,3,5566.38,0
TXN01267,35,111854.91,2026.7,5,14.55,15,9.03,3.17,3,6474.21,0
TXN01268,27,38520.66,486.37,3,8.64,25,0.7,4.25,2,2510.31,0
TXN01269,29,23081.3,11420.9,7,6.36,8,0.5,4.58,1,1021.86,1
TXN01270,48,88060.31,1728.75,6,38.12,17,0.5,3.5,1,1951.04,1
TXN01271,47,127271.95,8913.14,5,33.59,29,8.92,4.2,3,1362.99,1
TXN01272,42,295738.03,7410.96,6,0.67,8,7.48,2.96,0,1352.99,3
TXN01273,25,25216.83,1067.62,1,35.42,41,33.85,5.0,4,7757.2,2
TXN01274,33,86628.68,6016.48,5,5.82,22,5.03,3.28,7,2944.53,1
TXN01275,48,42138.52,1437.01,4,16.75,59,12.88,3.6,1,4285.79,0
TXN01276,37,91516.23,511.5,9,15.06,56,0.5,3.71,4,7576.0,0
TXN01277,59,21147.36,1742.61,9,4.95,20,13.07,3.86,2,1714.45,1
TXN01278,40,24204.36,3505.32,6,22.21,7,29.37,4.11,4,5380.25,1
TXN01279,38,33215.43,1687.02,9,6.55,40,5.26,4.1,2,1266.16,0
TXN01280,33,57896.67,1925.72,7,14.95,16,4.52,3.02,6,4176.64,2
TXN01281,37,36256.92,6608.27,2,45.48,27,11.8,2.93,1,7389.83,0
TXN01282,34,84412.75,2736.86,3,10.87,3,4.78,4.99,3,1576.55,3
TXN01283,43,107212.7,1220.78,4,12.54,30,6.18,4.61,5,6251.06,1
TXN01284,46,81211.64,4540.41,5,12.09,14,3.83,2.89,4,4096.61,0
TXN01285,28,157518.85,2957.41,8,7.41,12,5.08,4.08,2,2546.53,1
TXN01286,23,72068.75,293.15,4,2.41,117,13.65,4.37,2,1510.48,2
TXN01287,18,24936.94,3598.05,4,10.97,17,30.67,5.0,2,4145.51,2
TXN01288,41,133423.45,3488.06,4,3.81,34,10.5,3.47,2,4945.37,2
TXN01289,25,37113.53,2543.13,3,20.36,30,0.5,4.52,3,2802.63,1
TXN01290,18,99395.34,5334.72,2,11.07,3,3.68,4.31,3,1761.32,3
TXN01291,40,152972.85,1411.65,5,2.98,41,36.5,3.32,2,5968.45,1
TXN01292,61,74008.53,3327.81,9,33.75,12,28.94,3.56,3,8020.06,2
TXN01293,36,20797.44,659.93,6,9.4,48,1.47,3.27,5,6823.12,1
TXN01294,44,30280.24,3533.6,3,12.75,28,28.69,4.05,2,10645.2,0
TXN01295,37,129945.75,13149.6,4,13.2,11,40.07,2.72,3,2218.16,3
TXN01296,35,49274.34,1073.22,3,26.25,13,4.71,3.65,4,1299.69,2
TXN01297,45,57919.61,1310.57,4,12.37,39,14.49,3.55,2,4665.47,5
TXN01298,33,90068.37,1367.22,3,9.84,24,9.85,2.37,3,2639.77,1
TXN01299,39,86482.58,2792.09,5,8.59,33,4.93,4.02,1,6987.46,1
TXN01300,39,65927.33,1012.79,6,7.77,5,2.0,4.27,1,1693.64,2
TXN01301,29,48023.9,3576.38,8,4.18,46,5.49,2.79,2,1782.6,4
TXN01302,46,44884.78,5135.13,2,9.24,12,31.54,3.8,2,3670.79,0
TXN01303,34,96059.46,3937.26,6,10.69,29,20.01,2.84,1,3956.1,1
TXN01304,28,78818.94,556.07,4,26.32,4,4.82,3.89,2,5613.24,3
TXN01305,41,46529.58,5825.14,5,25.64,12,9.52,4.62,4,3267.12,2
TXN01306,27,111130.61,5545.87,5,8.76,31,6.25,3.44,4,914.62,3
TXN01307,36,50575.18,5062.84,7,3.87,10,7.53,3.59,1,39215.18,1
TXN01308,36,31618.83,3432.22,7,6.2,64,17.19,5.0,2,3583.1,1
TXN01309,47,33582.4,3014.55,6,15.35,32,9.4,3.28,1,26436.16,0
TXN01310,41,29112.03,6012.39,5,7.01,61,2.4,3.15,0,3204.64,2
TXN01311,36,46074.82,12823.47,2,13.35,15,3.76,3.8,4,1674.93,2
TXN01312,44,122640.09,1112.05,0,2.15,1,10.07,5.0,3,2802.84,2
TXN01313,50,32590.52,6250.72,4,28.75,26,14.16,3.98,4,7561.87,2
TXN01314,42,62168.13,2323.34,4,11.98,12,8.51,3.34,2,5399.17,2
TXN01315,36,35890.95,2239.09,2,10.51,18,11.62,4.22,6,4340.94,0
TXN01316,23,46438.66,677.22,5,20.42,34,18.69,4.32,1,3352.94,1
TXN01317,25,20610.62,1962.5,8,9.54,36,9.46,4.22,3,3831.68,0
TXN01318,33,47654.8,1071.02,5,2.56,1,45.37,4.35,2,3153.42,1
TXN01319,30,48493.25,1685.42,7,11.28,44,3.22,4.46,3,8089.33,0
TXN01320,34,78141.43,982.98,7,12.05,20,30.26,3.71,2,6645.44,2
TXN01321,37,63590.61,1706.97,6,14.43,24,3.41,3.71,3,1809.58,0
TXN01322,41,25238.69,1770.21,6,39.93,11,9.1,4.39,2,1244.3,1
TXN01323,35,111281.39,2714.3,5,18.45,16,7.3,2.09,3,1483.65,0
TXN01324,41,63056.44,633.66,5,13.51,37,5.6,1.99,8,2727.46,3
TXN01325,37,62570.19,731.69,4,21.52,45,39.48,3.38,1,4086.0,0
TXN01326,18,54672.71,3400.48,10,2.72,15,3.81,3.56,1,3368.1,2
TXN01327,27,39282.96,1269.3,2,27.48,35,13.48,4.29,6,5440.56,0
TXN01328,35,63364.56,6231.65,8,20.31,9,19.56,3.46,5,3464.58,1
TXN01329,24,74923.36,3027.6,2,28.82,54,2.63,4.62,4,10694.81,2
TXN01330,42,17669.69,4187.23,4,9.65,28,43.41,3.9,0,4997.41,3
TXN01331,51,38750.31,8292.73,7,16.48,45,9.49,3.25,1,3544.28,1
TXN01332,48,46600.8,1921.37,3,9.98,19,29.51,4.68,4,1215.55,2
TXN01333,34,64964.7,1534.15,6,38.21,8,13.08,3.99,3,4472.59,2
TXN01334,51,119460.45,5244.8,10,10.48,17,12.58,2.89,8,4963.75,1
TXN01335,37,33304.8,3855.02,5,5.45,14,5.09,4.34,1,2123.81,1
TXN01336,33,39791.69,2132.0,4,6.35,12,17.67,4.33,0,1558.0,2
TXN01337,30,39416.56,8158.25,4,14.63,7,0.5,2.91,1,7531.35,1
TXN01338,33,32666.18,2087.32,7,19.82,43,9.74,3.88,1,1776.72,2
TXN01339,32,43888.92,2570.62,4,6.41,3,0.5,4.22,0,3930.08,1
TXN01340,38,90772.34,2545.51,1,18.89,66,4.4,2.63,5,3574.09,1
TXN01341,38,27725.15,1129.63,4,27.35,6,1.22,4.54,4,4784.42,0
TXN01342,36,72632.5,2670.43,2,25.08,117,29.11,3.32,3,1785.85,1
TXN01343,40,18194.09,8195.1,12,18.7,134,11.87,3.19,3,3216.81,1
TXN01344,48,38185.79,3649.22,4,20.14,15,13.25,3.6,2,1778.12,2
TXN01345,45,44396.7,2566.89,7,17.4,132,22.86,4.29,4,3686.4,4
TXN01346,21,163365.82,2178.83,8,3.0,61,15.85,4.5,2,4980.91,1
TXN01347,18,46003.23,3311.92,6,22.58,3,1.59,4.97,1,6550.58,2
TXN01348,45,13151.36,4728.43,8,9.31,88,11.53,3.17,3,9965.49,2
TXN01349,22,15000.08,4196.05,4,26.41,1,45.89,4.06,1,2910.31,1
TXN01350,34,56230.11,1885.52,1,7.74,6,2.89,4.28,2,2874.53,1
TXN01351,24,81964.34,3294.83,3,10.18,26,11.6,4.14,4,8530.16,2
TXN01352,18,70202.19,3759.33,4,15.55,3,9.95,3.11,2,5234.83,2
TXN01353,41,61329.06,1062.02,4,46.89,5,5.96,3.98,1,8320.66,1
TXN01354,44,117073.5,2884.31,5,16.06,92,37.12,4.03,6,13729.21,0
TXN01355,30,38729.4,398.19,6,16.05,157,5.29,3.36,2,1939.12,2
TXN01356,18,98398.45,3767.62,7,5.67,48,1.18,4.14,3,6167.36,0
TXN01357,31,19039.65,4382.34,7,4.57,22,39.41,3.95,3,2300.94,2
TXN01358,40,30542.44,4719.51,2,9.01,69,15.68,2.85,3,10456.17,1
TXN01359,21,16992.23,1786.93,6,19.72,4,5.03,4.24,2,1523.98,2
TXN01360,38,46001.95,3251.06,6,16.06,86,3.95,3.88,1,6653.34,0
TXN01361,36,53370.78,8386.74,4,12.86,13,31.58,2.48,3,2375.56,0
TXN01362,42,59234.2,8314.45,6,9.66,59,3.84,3.59,5,5159.6,3
TXN01363,37,57257.43,2438.77,8,22.57,33,9.24,3.89,5,8503.21,1
TXN01364,26,30096.94,2814.3,6,33.31,97,2.9,3.3,2,2229.91,3
TXN01365,48,48602.58,6427.37,2,21.56,60,64.11,4.02,0,1252.22,2
TXN01366,34,20780.04,698.1,3,29.09,66,17.61,3.6,1,2919.68,1
TXN01367,36,133410.66,1899.66,9,12.02,30,10.06,4.52,3,2668.65,3
TXN01368,27,45149.37,7779.76,6,19.89,54,16.44,3.99,0,1424.24,0
TXN01369,32,40027.12,5727.11,8,40.71,42,29.78,5.0,2,857.37,3
TXN01370,27,154492.32,3421.79,3,28.96,5,39.6,2.79,2,8202.4,3
TXN01371,34,24529.41,695.12,5,36.62,31,18.5,4.02,3,9943.25,1
TXN01372,53,26461.78,2396.16,9,29.45,5,22.69,3.81,2,2296.62,2
TXN01373,22,26971.75,1514.16,5,34.28,61,6.09,4.09,2,2851.76,0
TXN01374,20,52626.34,3312.4,2,9.42,2,5.97,4.72,2,6160.79,1
TXN01375,51,72812.94,1256.52,7,7.65,130,19.82,2.8,3,6228.97,1
TXN01376,34,88954.25,1045.43,2,11.64,15,17.11,4.23,3,12159.95,1
TXN01377,29,292694.72,432.21,2,10.23,6,27.75,4.04,2,5408.09,1
TXN01378,46,12745.8,7062.68,6,8.55,82,1.71,3.16,5,1707.47,0
TXN01379,30,81696.51,1779.77,5,34.37,1,14.09,4.63,3,6089.2,2
TXN01380,54,38290.37,2857.26,7,4.77,19,12.52,3.84,2,2147.48,0
TXN01381,43,37568.4,2495.25,6,29.16,44,19.22,3.28,1,3342.9,0
TXN01382,31,36762.61,1009.01,5,20.9,11,0.5,4.1,2,7625.8,1
TXN01383,58,30466.66,857.35,7,0.31,23,21.0,4.47,3,1857.04,1
TXN01384,30,164395.37,1063.72,5,9.78,36,4.74,4.02,2,3325.16,1
TXN01385,43,95090.25,1352.02,5,8.82,91,13.94,3.5,5,1483.97,1
TXN01386,39,55835.54,3414.07,9,7.13,3,11.5,3.24,3,1751.88,0
TXN01387,49,132355.76,1271.16,7,7.03,5,6.96,3.23,1,2386.81,1
TXN01388,52,20577.32,11032.08,3,7.88,21,16.45,4.36,2,10956.29,1
TXN01389,36,23158.8,5985.67,7,7.35,16,39.0,4.46,4,3582.72,0
TXN01390,28,13351.84,4969.88,6,9.75,16,4.69,3.62,2,22278.48,1
TXN01391,41,34907.92,2258.23,7,7.8,11,16.56,5.0,4,6829.1,2
TXN01392,29,61095.44,9056.02,3,8.7,25,4.53,3.63,3,6960.26,2
TXN01393,56,58802.91,2077.13,4,44.66,64,22.42,3.75,3,1627.46,3
TXN01394,37,60606.7,2434.44,7,19.48,5,6.9,3.52,3,3143.44,0
TXN01395,32,21980.29,2888.59,8,31.63,7,7.16,3.72,1,1572.49,1
TXN01396,38,92701.42,4539.61,5,4.9,33,17.73,3.77,2,2817.61,2
TXN01397,23,64269.88,4295.91,5,8.43,2,8.23,4.21,3,2541.75,2
TXN01398,26,88572.24,1669.35,5,6.71,34,3.72,3.66,0,3398.82,1
TXN01399,48,16071.34,1589.22,4,47.41,11,64.94,4.22,3,6237.83,0
TXN01400,29,67343.22,4306.86,5,24.49,13,11.62,2.68,6,2913.67,3
TXN01401,26,25413.63,4591.66,5,12.15,16,12.43,3.36,5,6316.95,1
TXN01402,41,42481.69,1789.51,3,26.97,13,12.48,3.58,4,1254.36,1
TXN01403,48,77841.16,648.68,3,11.83,55,25.78,3.62,3,4790.08,1
TXN01404,43,58354.94,2096.09,3,12.07,88,2.44,2.52,4,2579.93,0
TXN01405,46,31621.34,4247.32,3,7.73,24,0.73,4.43,0,4179.54,2
TXN01406,28,55224.72,11598.72,6,10.86,26,5.87,2.77,4,6403.29,2
TXN01407,22,20324.67,903.05,6,12.85,2,9.99,3.36,6,1275.96,1
TXN01408,51,116164.47,1739.69,6,6.43,37,4.04,3.78,3,9787.7,2
TXN01409,33,48129.66,1795.53,5,29.73,26,14.02,5.0,1,3056.31,0
TXN01410,33,113794.1,7914.73,3,28.24,2,0.92,3.76,1,12885.62,0
TXN01411,49,39059.56,2426.84,6,8.51,7,18.77,4.11,6,3678.38,0
TXN01412,42,39134.67,1156.11,6,2.26,7,15.19,2.76,1,8823.2,1
TXN01413,41,33468.74,4019.6,5,11.67,6,2.89,3.22,4,3649.5,2
TXN01414,58,97207.34,1772.42,4,12.19,32,4.25,3.31,1,4219.95,2
TXN01415,30,34681.38,882.99,5,24.72,79,19.74,3.43,2,3796.65,0
TXN01416,45,83623.14,1170.5,6,14.47,43,17.81,4.51,2,3001.45,3
TXN01417,37,42894.31,10915.96,4,2.91,19,20.17,3.42,3,2923.03,2
TXN01418,39,15225.28,3465.54,4,11.42,16,4.67,4.23,1,4098.65,0
TXN01419,51,37963.65,2739.81,4,15.0,15,41.91,3.26,0,5137.69,0
TXN01420,41,25557.04,2021.58,6,8.11,28,15.08,3.6,2,4121.68,0
TXN01421,41,56225.48,3204.7,4,25.82,13,0.81,2.12,2,5033.86,0
TXN01422,47,25370.02,3172.41,3,25.78,8,7.79,3.75,5,1209.34,2
TXN01423,32,100405.5,3204.75,4,13.93,28,13.11,3.79,2,6590.0,1
TXN01424,28,51838.54,2756.35,6,29.35,15,2.22,3.66,4,2081.23,0
TXN01425,26,49003.7,5231.87,4,1.61,1,27.85,5.0,3,1104.7,2
TXN01426,18,84239.43,2549.58,3,17.24,1,16.83,3.75,3,12756.36,0
TXN01427,57,102911.84,1088.76,6,17.97,10,1.02,1.89,4,9392.41,2
TXN01428,25,54286.14,1485.47,6,10.2,22,29.33,2.95,3,3474.41,2
TXN01429,34,33316.51,464.93,3,1.78,13,6.22,3.77,2,7400.18,1
TXN01430,33,17361.46,14000.39,3,10.89,1,7.23,3.74,0,2775.7,2
TXN01431,39,35212.49,5205.06,2,8.95,8,18.34,3.23,2,2519.8,2
TXN01432,44,36823.83,1234.58,3,32.9,3,12.39,3.09,1,2308.82,1
TXN01433,45,58963.61,1967.42,5,21.58,89,6.9,4.77,3,2236.57,0
TXN01434,30,43947.15,1454.91,7,13.58,11,3.61,4.49,4,2919.49,0
TXN01435,34,86012.24,9276.24,3,12.22,1,8.73,4.59,1,2123.36,0
TXN01436,39,36925.19,747.81,3,34.33,32,10.39,3.36,3,476.54,3
TXN01437,34,52998.12,2755.49,6,2.2,8,11.96,4.29,0,3078.26,2
TXN01438,52,118738.67,2279.7,7,2.31,25,11.15,2.0,2,1775.92,0
TXN01439,41,68684.23,5048.56,3,44.74,5,11.53,3.51,1,4309.63,1
TXN01440,43,52895.0,2288.47,6,10.79,124,7.75,3.41,5,2959.1,1
TXN01441,43,37191.09,560.91,8,4.61,105,9.9,3.62,3,5458.27,1
TXN01442,48,36442.39,2019.48,3,2.42,32,4.09,3.88,1,3532.13,3
TXN01443,38,31640.39,1094.12,3,35.07,37,2.07,3.68,2,1442.34,1
TXN01444,23,38693.77,2674.96,5,6.13,17,11.21,3.01,3,1442.63,2
TXN01445,40,89883.64,8459.93,5,5.3,98,0.58,3.28,3,1468.24,1
TXN01446,29,47613.0,569.94,7,16.76,17,0.81,4.16,3,1911.9,1
TXN01447,31,22873.54,1266.3,9,22.71,8,3.41,4.05,2,2140.13,1
TXN01448,42,173580.8,1562.84,4,16.25,4,2.59,4.91,0,6661.21,2
TXN01449,48,67715.19,1807.43,6,16.27,7,5.62,4.02,0,3987.49,2
TXN01450,36,22039.14,4689.84,6,6.79,25,5.57,4.84,3,951.27,0
TXN01451,39,41269.82,2157.13,5,16.84,8,1.49,2.79,1,1896.23,0
TXN01452,53,59110.54,3559.87,6,31.08,32,3.4,4.21,0,3411.37,0
TXN01453,38,166553.74,1468.71,10,17.76,14,0.5,4.33,2,1732.85,0
TXN01454,62,26764.06,3039.6,4,7.42,65,5.19,4.14,1,3704.25,1
TXN01455,42,103726.71,4842.44,3,23.39,25,19.1,2.96,2,1945.37,1
TXN01456,18,136592.13,1341.56,8,7.77,29,3.71,4.02,3,3186.27,2
TXN01457,44,36550.98,4857.12,6,13.9,24,12.37,3.55,3,2350.07,2
TXN01458,40,45922.23,2613.81,7,14.38,65,1.24,4.2,5,3785.94,2
TXN01459,49,28042.81,6079.56,5,45.15,2,0.5,3.74,2,9595.62,1
TXN01460,43,48186.72,2106.62,6,18.21,2,8.28,3.4,5,6539.31,0
TXN01461,35,53707.34,3456.82,2,5.97,36,7.43,5.0,5,1642.01,2
TXN01462,24,84445.44,2415.18,4,5.47,44,2.55,3.28,2,20300.15,3
TXN01463,34,111715.16,2303.69,4,14.33,17,4.05,4.0,2,7998.97,2
TXN01464,27,33820.62,3115.47,5,33.74,13,0.5,4.19,4,2165.45,2
TXN01465,30,15311.01,3945.51,6,1.75,10,19.18,3.59,6,1908.55,0
TXN01466,42,54245.72,864.3,6,14.5,8,4.3,4.6,5,4442.01,1
TXN01467,53,66561.92,8456.03,3,30.96,73,2.97,4.4,2,5730.79,1
TXN01468,40,64680.17,514.57,6,20.89,10,19.6,2.62,4,12058.49,3
TXN01469,24,44478.04,1396.82,3,39.01,31,0.5,4.23,2,4996.22,0
TXN01470,40,59645.7,2307.49,7,11.24,46,4.02,5.0,1,2199.3,1
TXN01471,48,147285.42,3549.45,3,5.52,1,3.66,3.27,2,2453.73,0
TXN01472,30,70489.26,9545.19,6,11.12,1,3.66,2.84,1,5427.03,1
TXN01473,35,43148.33,515.17,9,6.21,12,0.5,3.59,2,1369.5,2
TXN01474,36,39733.9,1623.77,3,43.68,36,32.74,3.78,1,9964.4,1
TXN01475,28,49250.97,410.03,5,15.24,9,23.95,3.82,3,2390.55,1
TXN01476,42,159367.71,2568.11,7,17.61,1,6.42,4.53,2,6851.2,3
TXN01477,35,48822.33,3149.43,2,5.64,10,7.07,3.31,0,8104.03,1
TXN01478,40,54296.89,9664.57,4,8.45,3,8.91,4.17,3,29701.56,2
TXN01479,27,40198.49,2769.95,4,25.42,7,7.81,4.34,1,2826.58,2
TXN01480,32,112356.0,6072.15,12,13.02,12,18.12,3.87,1,2881.28,2
TXN01481,43,196611.05,4106.42,3,9.95,4,8.04,3.36,2,2778.84,1
TXN01482,32,73716.87,1726.9,4,14.8,37,2.51,2.99,4,3952.6,2
TXN01483,53,58040.18,754.78,7,10.1,9,1.49,2.72,2,2229.02,2
TXN01484,32,56330.83,3158.33,6,1.17,32,30.05,2.77,1,8175.23,3
TXN01485,38,11675.98,703.28,9,4.15,27,0.6,2.67,5,7088.52,1
TXN01486,45,89271.41,7517.37,6,14.13,68,27.34,4.87,6,2923.75,2
TXN01487,22,60011.81,2178.29,3,25.54,3,14.07,3.67,3,2128.22,1
TXN01488,18,72657.42,6904.63,3,9.08,7,6.22,5.0,3,2579.08,0
TXN01489,21,34635.62,1662.14,1,34.38,60,2.49,4.06,2,2520.33,0
TXN01490,49,42838.46,3141.86,4,25.05,52,4.46,2.72,5,4945.19,1
TXN01491,30,42105.02,2986.9,4,27.54,6,9.06,3.66,1,4006.5,0
TXN01492,62,106845.96,2406.09,2,3.48,3,12.84,4.24,2,6222.01,3
TXN01493,30,42997.38,1730.71,2,24.23,58,14.11,4.02,1,9913.61,1
TXN01494,38,212951.06,3489.92,8,8.62,6,7.12,3.49,2,4313.81,0
TXN01495,51,72776.55,1137.75,8,35.77,61,5.62,4.42,1,5301.04,0
TXN01496,56,24002.06,894.29,6,11.24,97,17.55,3.06,1,19534.34,0
TXN01497,57,50591.22,7190.02,7,8.32,7,31.15,3.92,4,5218.64,0
TXN01498,48,36008.12,4638.47,1,8.56,55,29.51,4.35,1,2484.3,0
TXN01499,46,13210.14,2644.02,6,21.73,17,9.63,3.54,0,3336.55,0
TXN01500,42,155553.43,10295.04,5,3.22,47,0.99,4.15,2,1090.55,2
TXN01501,44,86866.79,1991.11,7,15.67,16,0.91,3.71,1,5127.35,0
TXN01502,30,77782.61,7695.14,11,12.52,2,6.19,3.94,2,2382.39,1
TXN01503,28,61242.76,2902.37,1,6.77,37,15.84,4.09,1,1876.15,2
TXN01504,36,22399.12,1046.29,5,27.21,5,8.25,3.59,1,1910.19,0
TXN01505,34,40164.44,12026.65,5,20.55,79,11.85,4.77,2,7792.66,1
TXN01506,31,95058.33,5803.12,5,7.13,16,22.24,3.98,5,2919.97,2
TXN01507,43,27772.33,2255.62,3,4.91,3,0.5,4.19,4,5976.23,1
TXN01508,46,10608.79,4638.48,4,11.83,8,30.9,4.59,6,4584.96,0
TXN01509,37,47451.79,1773.83,6,20.93,60,4.82,4.21,5,4026.95,2
TXN01510,51,50158.64,5058.49,7,18.02,12,0.58,3.13,2,2676.46,4
TXN01511,25,60066.33,327.55,7,21.26,58,21.65,4.3,2,4951.95,0
TXN01512,34,88311.5,1050.7,2,2.07,6,32.65,3.98,5,2597.71,3
TXN01513,29,83244.08,5746.91,5,6.34,19,17.56,3.31,4,3905.1,3
TXN01514,18,65074.55,2021.99,8,16.92,63,19.59,4.6,3,7592.28,0
TXN01515,35,119632.98,2982.32,6,7.13,1,24.6,3.08,4,8799.3,1
TXN01516,35,20491.35,795.74,8,27.55,11,8.87,3.41,1,2579.35,1
TXN01517,51,76348.73,12024.88,4,11.03,72,13.69,3.51,2,4541.66,4
TXN01518,42,82647.38,6877.4,4,5.1,27,4.05,2.91,2,5268.55,3
TXN01519,26,24572.25,2107.93,3,4.65,38,3.45,3.79,3,4132.84,1
TXN01520,55,20706.91,1772.34,2,14.95,55,11.27,3.34,2,5973.05,1
TXN01521,48,33868.01,5998.17,4,5.6,22,15.92,3.96,3,6019.6,0
TXN01522,42,35777.93,13482.47,5,2.28,56,6.07,5.0,2,12668.43,1
TXN01523,34,89752.5,5623.68,5,7.28,31,6.14,3.77,2,15833.91,3
TXN01524,26,36887.88,15836.59,3,44.42,35,37.01,4.14,4,3118.6,0
TXN01525,32,31522.66,1141.44,4,1.4,5,8.77,3.79,0,11189.46,0
TXN01526,47,36957.6,1245.84,3,8.69,84,51.47,3.58,4,4759.44,1
TXN01527,55,113800.19,910.0,9,8.55,48,23.84,4.31,2,3091.08,2
TXN01528,51,55468.28,3639.29,2,7.39,9,12.25,3.14,1,5353.37,2
TXN01529,31,48951.01,2902.45,7,12.01,26,0.5,4.5,3,2973.27,3
TXN01530,25,51204.61,2197.09,5,16.41,14,4.21,3.26,3,3396.98,1
TXN01531,37,127379.7,4973.68,6,23.76,32,6.49,4.74,0,1624.48,1
TXN01532,18,33796.98,7126.14,5,55.16,152,12.69,3.54,4,3702.69,4
TXN01533,39,129335.99,683.5,11,21.34,1,6.04,3.22,1,6723.69,1
TXN01534,35,63064.36,1505.11,3,27.46,91,21.11,3.87,3,5795.92,4
TXN01535,31,49553.88,5019.91,3,8.96,2,13.05,2.7,3,4514.75,0
TXN01536,20,279476.58,1679.86,5,12.3,19,5.12,3.05,0,11804.56,0
TXN01537,41,27692.66,1268.48,5,11.27,20,18.41,4.13,3,15590.17,0
TXN01538,31,43703.9,5942.01,3,7.69,9,4.33,4.62,4,4960.73,0
TXN01539,24,24686.41,835.45,6,13.67,25,0.78,3.39,3,10709.85,1
TXN01540,18,102149.1,1934.69,5,3.81,54,2.27,4.69,2,4469.11,1
TXN01541,36,164894.52,3305.67,6,8.6,10,0.5,3.51,0,3722.36,2
TXN01542,54,162842.42,1535.02,2,30.12,2,21.43,3.93,4,6857.59,0
TXN01543,53,121863.29,4864.54,5,15.02,30,11.84,3.93,5,3331.47,1
TXN01544,31,48370.0,1541.48,6,30.44,42,10.14,4.87,3,671.0,2
TXN01545,30,43376.88,8278.13,2,15.23,93,13.02,4.42,2,2920.18,1
TXN01546,41,18561.19,2246.57,8,11.29,5,12.72,3.66,4,1219.96,2
TXN01547,26,206572.41,4423.23,5,5.73,69,10.0,5.0,3,2667.75,3
TXN01548,39,74602.12,4713.41,5,12.97,20,22.17,3.76,0,2389.6,2
TXN01549,44,39947.3,1466.5,12,7.79,8,6.98,3.81,3,2399.63,3
TXN01550,48,130395.24,436.41,4,4.45,99,19.61,4.03,1,1676.41,3
TXN01551,35,29225.34,3397.14,7,6.26,8,18.54,3.51,6,1512.2,1
TXN01552,34,71638.85,2658.43,5,18.63,40,2.67,4.77,3,2225.25,0
TXN01553,27,49162.16,4009.81,3,29.52,46,7.26,3.73,3,2699.5,1
TXN01554,28,83302.06,2062.14,8,19.72,17,21.62,4.25,2,2840.81,1
TXN01555,34,52773.56,1733.99,3,5.97,35,21.32,1.88,0,4195.47,1
TXN01556,40,21417.97,13783.78,3,15.04,25,0.5,3.89,2,5738.64,3
TXN01557,45,57769.32,715.19,6,10.44,6,3.03,3.56,4,1726.17,1
TXN01558,28,108754.7,4665.28,4,16.91,43,6.62,3.85,2,1897.43,1
TXN01559,51,53965.37,1534.0,7,8.59,79,0.58,2.99,1,11224.21,0
TXN01560,33,91027.17,1879.26,5,22.73,20,3.62,3.67,2,5947.09,4
TXN01561,36,27875.25,1909.33,4,22.73,155,3.59,3.93,4,2033.65,3
TXN01562,29,54069.14,1262.85,3,20.82,17,2.9,3.55,3,1455.53,1
TXN01563,18,36649.56,4062.63,3,14.42,20,6.06,4.22,1,2469.02,2
TXN01564,45,89377.66,8152.61,6,23.2,34,20.12,3.84,2,2931.6,1
TXN01565,43,56137.42,3727.74,4,3.69,6,3.36,4.25,2,5641.03,2
TXN01566,33,86132.01,2729.63,3,10.01,70,10.47,4.48,2,698.64,1
TXN01567,37,111535.73,1080.92,7,27.8,48,9.79,4.54,4,1781.62,0
TXN01568,41,86218.54,3879.06,2,5.95,62,20.44,3.53,4,12338.59,1
TXN01569,20,65684.32,15629.93,7,23.94,28,6.01,3.52,4,3539.99,1
TXN01570,31,28745.9,1808.87,3,15.69,65,3.04,4.92,1,3656.12,1
TXN01571,44,54900.49,1816.12,6,12.15,34,26.65,3.16,0,2357.64,1
TXN01572,23,38893.39,1551.72,5,10.14,21,21.47,3.51,5,6078.98,1
TXN01573,39,43978.09,1649.2,4,5.97,81,11.66,3.69,3,990.19,1
TXN01574,22,43115.65,242.39,3,24.06,17,1.17,3.2,2,2599.4,2
TXN01575,41,29089.62,3527.43,4,14.9,21,0.5,3.88,2,815.41,0
TXN01576,36,15410.72,1218.44,6,27.86,6,2.42,4.65,2,3451.8,0
TXN01577,20,35624.74,636.08,6,20.01,88,2.63,2.46,3,2561.32,0
TXN01578,48,62366.6,4742.2,3,13.48,7,1.76,3.44,3,1118.35,0
TXN01579,29,22897.28,996.58,3,9.23,7,3.65,3.88,2,7100.34,1
TXN01580,28,55563.51,1874.65,4,5.5,3,4.95,4.9,1,5673.57,0
TXN01581,38,189143.82,8695.16,7,4.44,18,16.85,2.75,6,7196.56,3
TXN01582,47,106945.56,754.62,5,27.06,10,14.83,4.41,2,1219.08,0
TXN01583,26,160073.83,679.49,6,10.9,41,1.32,3.69,1,1733.59,0
TXN01584,37,70920.98,3143.07,4,18.72,11,45.32,3.91,2,8119.1,1
TXN01585,40,117473.71,6641.61,2,5.92,38,16.74,4.66,1,6172.59,2
TXN01586,43,34355.29,655.8,4,7.42,7,2.14,3.71,4,9348.76,2
TXN01587,38,36180.2,3535.4,6,10.21,8,1.6,3.78,0,2958.85,3
TXN01588,32,9271.01,4096.53,6,12.3,49,1.1,3.89,1,3242.1,2
TXN01589,28,118905.34,434.31,7,3.04,14,15.79,3.94,2,5387.34,2
TXN01590,37,149686.6,4928.41,6,3.42,4,3.23,3.04,5,1359.31,1
TXN01591,25,38388.89,5266.71,2,7.06,98,0.91,3.91,0,4014.16,1
TXN01592,18,46630.95,1917.98,6,15.03,6,6.57,4.1,2,20641.38,1
TXN01593,40,33694.1,7248.43,5,17.9,5,14.8,2.67,1,2724.48,1
TXN01594,45,70531.4,6568.45,3,18.5,13,4.36,4.41,3,1139.24,0
TXN01595,18,114267.17,2729.02,6,24.53,3,7.91,4.44,2,4667.07,1
TXN01596,26,17717.12,1703.29,6,3.83,5,2.57,3.98,3,1862.56,0
TXN01597,42,71770.12,1093.5,11,13.48,56,6.73,2.86,4,3247.46,0
TXN01598,57,45947.37,2421.44,5,15.76,6,5.34,3.35,3,7493.69,1
TXN01599,36,59206.99,4057.58,7,39.4,4,6.83,2.17,4,5172.93,1
TXN01600,29,74119.55,1897.89,5,25.73,64,7.52,3.55,2,2486.31,1
TXN01601,34,48667.02,386.13,4,11.26,18,1.16,3.16,3,6294.7,2
TXN01602,50,51418.69,7349.98,1,10.39,5,1.18,3.75,2,1088.95,3
TXN01603,30,47861.64,2938.74,7,5.32,26,3.62,4.5,1,4017.81,1
TXN01604,28,103341.47,1810.51,5,8.48,1,1.48,3.45,2,2675.04,0
TXN01605,31,72206.29,5180.36,4,17.77,17,3.5,4.09,3,670.97,3
TXN01606,26,63479.21,9136.1,6,15.41,27,0.5,3.74,1,1499.7,1
TXN01607,37,24075.98,231.0,1,6.94,94,5.18,3.17,3,3464.38,1
TXN01608,52,43002.42,3616.17,3,5.66,12,2.88,4.79,4,5902.99,1
TXN01609,39,98639.14,743.52,5,20.04,43,26.72,4.38,4,3553.75,1
TXN01610,33,56364.3,3821.09,8,16.58,4,23.44,3.02,3,2844.86,0
TXN01611,33,84438.94,2787.18,5,7.42,17,4.29,4.11,2,6169.46,2
TXN01612,20,173393.89,4291.59,2,20.31,8,7.74,3.65,4,4240.72,2
TXN01613,45,108031.96,1635.47,11,12.25,20,37.43,4.16,2,7034.7,3
TXN01614,35,58433.31,508.67,8,11.13,16,8.91,2.86,7,5232.37,2
TXN01615,34,39456.16,1704.85,3,2.52,117,22.64,3.56,0,2126.22,2
TXN01616,68,10459.66,3532.87,7,14.19,75,21.01,4.05,0,5597.94,1
TXN01617,39,49297.97,5926.15,5,7.41,26,34.02,3.04,2,6858.07,2
TXN01618,28,44497.15,923.33,3,11.71,6,4.38,3.98,3,9326.74,1
TXN01619,32,70885.88,5985.21,10,16.83,24,0.53,3.57,1,2420.0,2
TXN01620,47,49764.15,1441.38,6,7.53,47,1.32,3.83,3,2714.41,2
TXN01621,37,44660.21,3402.03,7,5.93,1,10.16,4.51,4,6482.05,0
TXN01622,22,17300.3,1620.74,2,5.05,17,9.07,5.0,0,6308.2,2
TXN01623,45,29855.05,2918.69,4,33.21,1,4.25,3.85,1,2448.66,1
TXN01624,29,74975.12,5335.52,8,8.41,8,3.43,3.67,4,2185.98,0
TXN01625,55,167783.28,881.02,6,9.47,3,14.83,5.0,3,2584.79,0
TXN01626,47,51621.68,1402.66,4,15.09,97,5.0,4.59,2,3699.67,1
TXN01627,32,68061.41,2925.63,7,22.6,6,11.11,5.0,1,1880.04,1
TXN01628,49,102150.17,19252.42,5,16.45,5,14.95,3.97,3,4695.36,1
TXN01629,37,32467.91,1200.31,5,6.89,107,6.76,4.37,1,1044.98,1
TXN01630,45,69808.96,14159.77,4,6.5,22,2.58,3.83,1,1955.37,2
TXN01631,41,33988.24,13736.42,7,9.54,43,23.66,3.84,3,3981.17,2
TXN01632,28,96492.87,2301.53,7,27.62,12,1.18,3.88,2,1838.98,2
TXN01633,30,60687.95,1940.34,5,14.8,23,21.23,4.09,2,2611.44,1
TXN01634,46,66774.87,1388.24,2,12.53,1,21.74,3.85,5,3201.61,0
TXN01635,33,33070.58,2359.19,5,9.76,16,10.16,4.77,5,15448.16,1
TXN01636,32,87086.7,756.22,1,18.06,24,11.91,4.2,0,1402.83,0
TXN01637,26,213235.37,2343.13,3,15.47,22,5.32,3.94,1,4127.78,1
TXN01638,40,28565.24,8923.06,11,25.4,16,22.11,3.91,4,1708.1,2
TXN01639,57,44101.33,1487.16,4,2.02,47,3.67,3.5,2,1663.84,1
TXN01640,25,63935.71,2037.4,6,30.48,21,9.85,3.04,0,1896.93,2
TXN01641,36,91697.69,588.79,5,16.97,30,0.5,4.5,1,3136.76,1
TXN01642,50,38230.29,3435.78,11,14.18,6,33.73,4.5,7,9548.88,2
TXN01643,35,8722.13,3130.21,5,10.61,59,35.55,3.03,2,7965.73,1
TXN01644,41,133060.83,2639.1,7,1.64,14,14.87,3.04,0,2539.68,1
TXN01645,25,90166.88,2079.21,6,14.27,20,6.6,4.29,4,2904.41,0
TXN01646,40,17715.1,1949.25,6,14.21,13,2.36,3.58,3,5294.65,0
TXN01647,34,37055.38,3830.16,7,41.2,67,8.14,3.11,4,3644.15,1
TXN01648,46,152421.81,2439.51,6,5.51,69,18.81,2.68,5,2241.42,1
TXN01649,48,140949.39,3267.47,5,8.67,8,11.15,3.48,2,5560.87,1
TXN01650,62,101235.47,3001.24,2,16.01,42,9.0,3.89,4,10885.61,1
TXN01651,42,49050.98,6496.11,3,29.56,3,22.72,3.6,2,7342.37,1
TXN01652,39,58048.28,4444.8,2,15.45,1,4.51,2.87,1,9046.42,0
TXN01653,38,50513.03,2945.34,4,11.49,54,23.59,3.39,3,3174.65,1
TXN01654,32,114513.08,9087.95,6,4.51,4,6.95,4.19,4,1640.36,3
TXN01655,39,31125.76,3573.41,2,13.83,5,0.5,4.91,2,862.92,0
TXN01656,33,32575.6,7579.97,6,6.53,28,15.8,3.83,2,820.68,2
TXN01657,38,106060.71,4187.87,6,7.39,51,25.23,4.52,3,3035.63,0
TXN01658,49,53436.72,522.39,7,14.46,6,7.95,4.3,0,4990.53,3
TXN01659,26,134738.65,7579.14,5,11.49,4,7.28,3.39,0,6314.95,3
TXN01660,47,35546.8,2804.4,2,15.6,2,19.64,4.46,2,4149.26,2
TXN01661,49,53076.13,2392.0,2,9.43,1,25.93,4.59,2,2112.0,1
TXN01662,35,30197.67,3175.41,7,13.74,4,43.99,3.46,4,5534.01,0
TXN01663,18,55263.85,1864.62,3,6.14,86,5.09,3.81,2,1512.94,1
TXN01664,30,21036.89,3032.13,8,6.88,3,10.84,3.4,2,1616.3,5
TXN01665,49,40059.72,1511.64,3,25.45,27,20.77,2.92,1,5375.33,2
TXN01666,36,21623.23,7384.79,3,40.66,76,9.11,4.52,5,1476.3,2
TXN01667,26,86347.8,2269.91,6,37.48,30,7.44,4.92,1,2048.43,2
TXN01668,31,87629.37,1805.96,6,7.98,1,10.18,3.76,2,1765.41,1
TXN01669,44,17861.77,1138.95,4,17.63,27,5.3,3.43,2,3939.91,2
TXN01670,41,130890.22,3141.66,5,9.06,70,2.56,4.55,3,5283.07,3
TXN01671,34,278844.15,2930.97,7,13.87,12,0.83,4.62,2,5379.16,2
TXN01672,32,56669.57,3477.98,5,13.9,11,11.3,3.19,3,2331.57,1
TXN01673,32,36256.15,1044.07,5,11.41,9,5.72,3.9,3,3112.02,1
TXN01674,27,344863.29,641.01,5,11.0,21,25.74,5.0,2,5855.09,3
TXN01675,52,23336.15,4254.78,4,1.88,8,3.03,5.0,2,2414.52,2
TXN01676,33,55723.52,8830.72,6,8.53,39,4.47,3.15,1,1847.3,1
TXN01677,48,61811.39,1044.87,2,17.88,31,42.28,2.83,4,2233.7,0
TXN01678,51,131851.88,9653.45,4,22.62,15,9.75,4.05,3,2287.04,3
TXN01679,46,69488.66,3182.33,5,11.42,38,5.11,4.3,3,3576.02,1
TXN01680,32,39774.31,2485.04,7,32.16,3,23.67,4.3,0,3434.77,3
TXN01681,40,29638.18,1783.14,3,14.31,42,16.32,4.18,0,3112.95,2
TXN01682,36,44042.23,770.63,9,28.52,28,10.22,4.0,2,1999.1,2
TXN01683,27,28583.52,5788.42,2,14.48,30,26.39,3.5,4,1822.45,1
TXN01684,39,56736.61,1293.08,3,0.55,2,1.18,3.36,2,5513.5,0
TXN01685,24,38114.91,1288.47,6,29.31,29,6.02,4.36,1,4450.28,1
TXN01686,48,20826.13,5809.11,5,10.76,20,19.96,3.31,1,2581.55,1
TXN01687,31,124359.67,504.47,7,10.34,20,5.85,2.63,3,3363.37,2
TXN01688,38,39799.17,684.7,2,4.43,12,31.36,3.9,3,8176.45,0
TXN01689,39,24120.07,2461.76,8,23.38,1,1.99,4.0,4,3328.15,3
TXN01690,33,49302.0,3207.79,7,60.0,16,4.93,5.0,5,3484.71,1
TXN01691,42,57499.41,3774.68,2,4.85,15,6.66,3.82,1,10195.44,0
TXN01692,31,17674.62,1934.33,6,29.11,16,13.94,2.87,3,7403.88,2
TXN01693,45,68231.35,21479.63,3,10.55,28,2.61,4.65,2,2234.87,1
TXN01694,23,27845.76,2059.74,4,22.54,11,0.5,3.77,1,7404.13,0
TXN01695,37,167252.04,2054.68,5,5.96,9,45.01,3.69,3,3107.47,1
TXN01696,55,77316.51,1269.79,4,30.62,21,27.48,2.99,2,1677.56,0
TXN01697,26,42410.59,2777.67,6,19.4,27,4.28,4.16,4,8720.53,0
TXN01698,29,33885.06,4216.51,5,10.23,25,7.93,3.91,2,2129.97,0
TXN01699,41,51372.56,6954.1,6,26.55,64,8.05,3.86,2,2449.27,1
TXN01700,38,81912.14,704.97,3,14.32,44,24.41,4.46,3,2680.04,1
TXN01701,40,54096.09,2028.29,4,38.02,2,10.91,4.54,6,14565.47,1
TXN01702,41,47759.59,3654.61,3,7.75,25,21.01,4.02,1,1797.49,0
TXN01703,42,57126.83,4117.68,4,24.94,16,29.16,4.18,3,2295.43,1
TXN01704,47,37144.84,2513.95,4,20.87,13,10.02,4.04,1,2754.28,2
TXN01705,40,44002.63,3964.39,5,3.37,95,4.03,4.97,3,5062.25,0
TXN01706,34,14176.25,1256.93,4,4.37,18,8.29,3.17,4,3333.81,0
TXN01707,43,103570.78,9398.13,6,9.83,38,22.84,3.04,7,2193.82,1
TXN01708,55,66789.89,5812.58,5,16.78,102,10.51,2.97,2,5416.33,1
TXN01709,35,33267.7,797.0,7,22.2,5,27.13,4.16,5,9045.91,0
TXN01710,26,188955.38,1002.46,5,16.52,2,27.1,3.72,0,1123.62,1
TXN01711,47,58200.5,1026.76,5,24.63,11,5.61,3.03,5,2172.09,1
TXN01712,35,28045.83,4448.49,6,11.1,1,7.13,3.66,4,5008.41,0
TXN01713,18,95986.98,838.85,3,22.64,4,13.6,5.0,2,1476.66,1
TXN01714,44,71240.72,1886.87,7,14.15,144,1.41,4.1,1,3140.36,2
TXN01715,31,71080.3,3679.55,6,9.81,97,7.52,4.83,4,8518.8,2
TXN01716,35,41703.79,2363.28,7,4.48,35,1.94,2.89,3,5412.01,2
TXN01717,39,73711.25,3115.36,7,2.22,42,22.6,4.0,3,5040.31,3
TXN01718,38,46394.94,1010.41,5,10.89,5,34.33,4.16,5,5905.6,0
TXN01719,43,78940.56,4145.06,5,14.85,27,1.83,4.28,4,4393.87,4
TXN01720,32,15944.59,1484.47,5,7.53,5,13.21,3.62,3,2764.05,1
TXN01721,41,41484.32,1897.17,7,9.25,14,12.15,4.49,3,6876.91,0
TXN01722,33,168466.01,3059.84,3,0.71,13,17.13,4.14,2,2508.49,2
TXN01723,43,33406.13,2728.92,6,9.97,29,14.28,3.86,4,3125.84,5
TXN01724,42,37145.34,2551.48,6,5.53,2,2.94,3.5,1,1098.16,2
TXN01725,27,41106.17,1320.83,3,7.15,3,4.13,2.76,2,2505.1,0
TXN01726,47,24970.85,1938.03,8,19.96,28,2.17,2.46,1,3698.03,0
TXN01727,31,13091.34,2504.64,7,11.83,30,30.48,3.33,5,3565.32,1
TXN01728,44,47344.56,776.83,3,16.51,12,8.85,3.69,3,6682.19,2
TXN01729,40,60077.89,1687.31,4,2.81,5,44.84,3.33,2,2576.04,1
TXN01730,54,53154.61,3475.78,2,27.73,65,7.16,4.04,5,2649.77,1
TXN01731,34,50056.99,844.06,4,13.55,2,9.65,4.38,0,2396.35,0
TXN01732,33,56560.44,6681.78,3,22.05,38,18.69,2.92,1,4144.22,4
TXN01733,36,106930.61,7355.6,5,4.83,5,19.15,4.18,3,10331.27,1
TXN01734,33,48596.09,867.55,6,18.23,30,3.15,3.78,3,694.54,1
TXN01735,44,37870.77,7926.94,6,9.98,33,4.08,2.59,3,2487.78,3
TXN01736,20,45814.55,2212.77,4,43.43,49,1.24,4.44,4,2737.58,0
TXN01737,25,80150.7,3568.08,4,7.96,15,19.65,3.15,2,787.13,1
TXN01738,25,137710.09,1639.08,5,14.03,1,18.95,5.0,3,3208.86,1
TXN01739,46,36563.11,5478.76,8,5.22,50,1.02,4.62,4,2733.12,2
TXN01740,53,58653.08,3530.61,5,13.86,18,3.57,3.7,5,2574.25,2
TXN01741,35,68529.58,1251.4,8,12.47,56,7.17,3.8,2,1616.74,3
TXN01742,34,28851.37,928.55,2,26.04,45,9.36,2.83,1,3292.34,1
TXN01743,37,55734.78,722.55,7,14.5,21,8.87,5.0,1,1546.9,0
TXN01744,48,21213.66,2933.05,11,10.22,180,48.95,3.21,1,1941.24,1
TXN01745,27,17417.07,4066.94,4,12.29,19,17.33,3.83,3,3043.94,0
TXN01746,38,69805.89,4347.55,6,2.72,36,1.44,3.35,4,7155.51,2
TXN01747,46,42854.67,2261.45,3,15.2,33,4.17,4.12,4,4664.57,1
TXN01748,41,62728.47,935.05,3,23.62,22,5.09,3.79,2,5378.81,1
TXN01749,38,54363.96,1400.08,1,14.22,26,4.54,3.36,2,13816.77,1
TXN01750,46,29156.36,6657.79,3,3.29,48,18.5,4.13,2,4764.08,1
TXN01751,18,53405.72,1655.92,6,16.47,25,5.37,4.85,1,1682.0,1
TXN01752,43,24675.66,2824.12,3,16.96,18,8.14,3.83,1,2360.42,2
TXN01753,29,135838.3,1001.99,2,18.0,33,9.15,2.27,0,1920.9,2
TXN01754,18,22781.58,3328.05,6,12.31,1,3.78,4.06,2,3182.78,2
TXN01755,41,48427.74,1694.28,4,14.97,3,4.68,2.77,2,2624.23,2
TXN01756,50,27934.34,6086.03,3,16.9,4,18.17,2.84,0,1809.26,3
TXN01757,35,79687.04,4825.02,6,6.3,17,24.18,2.77,7,6683.09,1
TXN01758,46,44340.69,1640.4,2,7.16,62,0.5,4.29,6,7026.21,0
TXN01759,52,39259.75,2244.82,3,18.23,31,11.15,2.78,3,3968.37,2
TXN01760,49,95766.62,1564.93,10,7.04,108,12.04,4.49,1,1735.68,5
TXN01761,52,56062.27,748.09,7,11.75,1,16.04,4.37,2,3810.86,2
TXN01762,43,76949.71,1206.19,4,18.04,38,14.2,3.2,4,2280.74,2
TXN01763,37,29063.16,2958.78,1,24.66,11,25.19,4.14,2,8609.03,0
TXN01764,20,22069.62,3296.17,3,8.19,1,0.98,4.62,2,1515.57,1
TXN01765,34,58969.38,2836.46,7,6.89,52,5.9,3.39,2,5546.06,2
TXN01766,28,44704.9,1934.44,7,18.09,5,18.28,4.66,2,5464.69,1
TXN01767,58,82641.81,5525.63,3,25.5,7,22.49,3.92,1,6555.31,2
TXN01768,34,52216.19,2638.74,7,3.24,12,3.69,3.32,1,4015.53,0
TXN01769,37,62842.54,4545.13,2,13.16,47,10.56,4.38,5,2777.89,2
TXN01770,42,19146.78,553.54,5,32.9,29,2.39,3.29,2,18689.14,0
TXN01771,36,187694.79,89.12,2,6.45,9,22.84,4.77,0,1894.25,3
TXN01772,53,49430.91,3182.0,4,18.55,6,15.73,2.99,3,5785.98,2
TXN01773,30,86553.67,744.71,5,12.08,3,3.01,4.72,3,3545.45,2
TXN01774,38,31940.46,2086.96,3,12.35,5,11.73,3.95,0,4449.49,0
TXN01775,29,67191.02,1933.84,4,11.14,61,8.54,4.3,4,4432.84,1
TXN01776,23,23582.01,9636.72,5,15.62,77,3.59,3.52,3,1640.53,0
TXN01777,30,73786.61,3512.36,2,26.2,103,26.83,4.07,2,1367.76,2
TXN01778,36,43638.95,2878.5,5,6.67,54,1.92,2.03,3,1431.51,3
TXN01779,32,56053.52,5092.32,6,7.16,66,7.56,3.95,1,2561.38,2
TXN01780,29,86575.45,3419.57,2,15.25,51,10.49,2.88,3,4164.17,0
TXN01781,22,24684.66,1694.29,5,15.83,95,20.82,4.32,3,2163.25,1
TXN01782,35,35248.17,6215.49,5,11.05,56,1.95,3.43,7,1280.55,0
TXN01783,21,74039.15,973.36,7,23.77,19,11.27,3.42,1,6657.54,1
TXN01784,44,215115.94,3290.54,8,7.75,12,0.5,2.99,5,1192.1,0
TXN01785,37,50278.61,670.89,7,7.31,26,20.75,3.93,2,4896.87,1
TXN01786,21,80767.26,2973.21,4,14.12,28,3.21,3.21,1,2068.42,1
TXN01787,33,51305.69,2945.66,7,6.52,26,15.31,3.76,1,8207.63,1
TXN01788,28,194375.69,10394.51,6,51.23,37,11.05,3.57,1,2422.6,0
TXN01789,39,17665.95,661.04,7,4.13,36,0.62,3.08,6,1020.57,2
TXN01790,49,58488.89,1500.11,5,30.69,3,2.43,3.53,4,3404.39,0
TXN01791,18,19119.9,5030.76,5,7.46,10,3.74,3.39,1,1943.53,1
TXN01792,37,10783.98,3324.47,5,4.02,66,26.14,4.48,2,6174.04,0
TXN01793,34,66731.93,2914.07,7,15.06,27,7.87,4.6,4,4408.7,2
TXN01794,43,60220.13,1109.13,5,10.93,12,29.37,2.88,1,2253.32,1
TXN01795,38,45704.15,1513.0,2,41.91,57,0.58,3.94,3,1734.77,3
TXN01796,28,51331.62,7203.56,4,16.57,9,0.5,3.6,3,1623.31,3
TXN01797,33,412084.25,2392.9,7,10.66,16,35.54,3.18,2,2322.46,3
TXN01798,28,46503.12,3439.57,7,12.17,10,15.44,3.9,3,9091.81,2
TXN01799,47,76624.28,2266.83,6,1.78,62,18.35,4.13,0,3164.95,1
TXN01800,36,36062.23,914.54,3,1.38,39,29.7,1.94,0,6791.58,1
TXN01801,55,66635.29,5529.13,1,3.14,18,50.03,4.5,4,1241.29,1
TXN01802,35,47109.81,3834.5,4,11.13,81,1.23,4.3,7,912.18,0
TXN01803,29,42118.88,17744.61,9,12.89,79,2.07,3.78,1,1805.73,1
TXN01804,21,179399.87,1054.48,5,16.97,37,2.51,3.19,2,5544.04,2
TXN01805,18,118214.81,5030.29,4,20.27,67,20.47,4.14,1,2859.23,1
TXN01806,20,60112.54,819.94,4,1.87,38,5.27,3.34,5,6524.33,0
TXN01807,39,12299.95,2857.75,7,15.54,30,10.8,4.69,3,8477.62,1
TXN01808,41,43496.36,5733.47,4,27.6,16,23.19,4.43,1,1790.88,2
TXN01809,20,318716.22,429.55,6,9.44,10,13.79,3.81,2,6276.38,0
TXN01810,45,47342.25,2100.34,2,49.22,2,0.81,3.24,3,9247.83,0
TXN01811,31,112665.65,1548.93,7,12.26,48,7.08,4.15,1,7215.46,1
TXN01812,37,140414.08,1376.61,3,7.87,4,0.84,4.35,7,1146.83,0
TXN01813,52,63412.42,3468.5,3,22.22,16,7.82,3.57,2,955.34,0
TXN01814,45,31821.72,6480.99,6,16.94,8,2.97,4.09,3,2556.72,1
TXN01815,33,11295.23,2232.24,4,28.46,18,0.5,3.46,0,2625.37,0
TXN01816,27,85801.74,2977.11,7,20.13,11,20.13,2.58,0,6313.99,2
TXN01817,18,32386.5,2755.1,6,12.97,53,41.83,2.64,1,1777.87,1
TXN01818,29,61672.06,2503.84,8,20.71,115,39.94,3.91,1,4682.27,2
TXN01819,34,24408.95,990.4,3,2.87,85,4.27,4.87,5,1639.71,4
TXN01820,26,46290.13,6413.91,5,17.88,29,21.18,3.12,2,4456.25,1
TXN01821,35,56218.76,3213.01,6,11.86,116,13.63,3.24,0,2541.61,0
TXN01822,37,65491.41,3497.12,3,4.4,15,19.32,4.01,2,4498.37,1
TXN01823,34,26647.59,1259.55,4,19.77,22,22.47,3.83,3,2713.08,1
TXN01824,29,119740.31,1692.07,8,25.91,9,47.11,4.0,3,746.45,1
TXN01825,38,37313.37,2152.39,4,10.05,68,1.97,4.16,0,4998.02,1
TXN01826,40,18521.42,678.61,4,6.44,6,17.62,3.79,1,7939.02,2
TXN01827,25,51237.31,595.39,4,23.54,28,15.9,3.9,0,1949.7,1
TXN01828,50,56242.75,1500.28,4,6.31,48,4.07,3.01,2,6168.37,2
TXN01829,35,61051.41,3897.88,8,13.01,27,5.98,3.51,2,2278.26,1
TXN01830,36,133315.6,1434.94,7,12.59,2,2.33,4.68,5,1360.47,1
TXN01831,43,47164.5,1051.59,7,6.05,28,29.34,4.13,5,2281.53,1
TXN01832,38,50885.62,1250.83,5,4.09,44,25.38,4.0,7,3077.43,0
TXN01833,46,26849.93,1697.66,7,21.76,6,11.42,3.19,2,1388.84,1
TXN01834,39,93755.75,1850.6,4,16.14,40,8.6,3.24,1,9002.53,1
TXN01835,30,61999.98,15752.26,7,9.07,63,3.18,3.05,1,1198.63,3
TXN01836,40,41859.35,6127.08,2,9.33,129,18.71,2.52,1,2395.92,1
TXN01837,25,15947.38,5973.59,2,16.99,16,0.5,3.61,2,1835.26,2
TXN01838,37,140639.67,6750.28,5,8.38,1,7.46,3.53,2,9028.84,1
TXN01839,36,24762.77,1069.61,5,10.93,16,23.64,3.93,1,1218.48,1
TXN01840,34,37449.84,884.51,8,7.82,32,11.56,4.53,2,6236.3,0
TXN01841,35,69425.7,975.75,6,10.14,67,12.1,3.36,2,4017.94,0
TXN01842,18,25268.8,7772.73,5,10.76,83,0.88,4.67,3,1461.33,2
TXN01843,31,20833.28,1570.16,8,17.47,72,4.05,4.16,4,2736.45,1
TXN01844,37,13828.99,862.98,5,7.52,32,13.45,4.8,2,3080.11,1
TXN01845,38,87880.79,1733.16,7,24.49,34,0.61,3.0,0,5271.05,0
TXN01846,26,38588.8,2041.07,4,17.15,1,4.82,4.62,3,2228.41,0
TXN01847,49,368727.82,3140.69,7,11.95,14,5.24,3.33,3,5445.41,0
TXN01848,27,28818.06,3094.42,6,10.3,71,8.29,3.24,4,3621.56,1
TXN01849,46,30216.56,1236.56,5,9.19,35,5.4,3.76,1,4799.98,2
TXN01850,40,38085.28,4477.65,3,21.69,19,7.26,3.21,2,1888.74,0
TXN01851,30,64416.56,1452.05,5,8.39,3,9.5,4.1,3,2956.41,3
TXN01852,54,40516.16,2189.02,5,1.96,8,1.65,4.39,5,3780.76,1
TXN01853,24,81887.73,4481.91,4,8.19,24,2.39,4.15,1,3705.86,0
TXN01854,45,29114.92,1448.81,1,29.03,68,21.44,3.76,2,3404.42,2
TXN01855,46,22405.32,1540.86,6,5.15,3,7.39,4.63,1,15140.49,0
TXN01856,29,17090.0,4133.85,6,33.9,5,5.26,4.1,5,5231.87,0
TXN01857,50,12961.84,1205.89,7,8.81,32,6.83,3.7,2,5823.95,1
TXN01858,33,39275.01,1802.58,8,8.42,10,2.31,3.71,1,4160.31,3
TXN01859,39,45227.08,4009.52,7,37.93,6,3.29,3.18,1,5083.73,2
TXN01860,39,36484.92,14328.77,1,14.21,6,8.7,3.13,2,4022.03,0
TXN01861,35,123414.3,4182.4,5,20.69,20,5.34,3.48,3,12493.46,0
TXN01862,44,122187.02,3736.07,4,5.99,26,7.74,3.06,2,3355.86,2
TXN01863,44,44243.62,3925.41,8,9.57,70,1.95,2.99,2,6263.27,2
TXN01864,19,17137.76,1004.09,3,1.43,23,2.04,3.16,3,15066.64,1
TXN01865,49,38052.81,2758.12,1,7.86,35,5.81,4.55,4,5528.4,3
TXN01866,19,37242.45,2437.54,2,9.8,6,5.71,3.23,4,2867.99,1
TXN01867,46,35880.55,3285.89,3,9.14,37,25.78,4.38,3,2093.73,0
TXN01868,47,34946.42,2760.25,7,10.86,31,0.5,3.35,0,2474.09,0
TXN01869,25,35966.3,3452.28,4,9.54,7,59.3,3.93,2,4604.16,3
TXN01870,32,42780.45,1918.5,7,1.79,33,37.63,3.23,2,12203.72,1
TXN01871,25,36387.72,2627.7,11,7.59,7,9.38,3.94,3,5340.4,0
TXN01872,34,62975.31,880.41,3,13.19,27,15.22,5.0,4,2670.26,1
TXN01873,33,69517.11,1904.79,7,15.34,33,32.85,3.31,3,2827.28,4
TXN01874,44,30429.54,8153.92,5,27.86,35,3.47,3.59,2,3152.36,0
TXN01875,49,125653.19,3278.15,9,1.47,72,4.55,2.97,3,1369.33,3
TXN01876,50,29087.04,2455.94,5,7.94,89,1.41,4.57,3,2540.49,0
TXN01877,30,19216.38,12528.37,7,21.37,50,9.96,4.68,3,2463.73,2
TXN01878,34,70445.47,786.3,4,12.61,63,2.08,3.15,1,24469.84,1
TXN01879,19,32330.72,973.61,3,8.16,1,32.06,3.69,2,6696.43,2
TXN01880,28,67773.59,10719.83,5,22.96,14,6.78,4.09,2,1651.37,0
TXN01881,46,11529.96,2599.6,4,12.34,1,30.26,3.85,2,1166.86,2
TXN01882,52,135969.36,2034.18,8,19.42,8,2.75,3.15,4,1402.92,0
TXN01883,24,85142.29,902.1,4,11.29,14,14.21,3.12,5,9414.98,0
TXN01884,30,20739.15,3657.69,3,1.56,61,12.52,2.94,0,1361.29,3
TXN01885,36,21033.75,3971.25,5,28.33,22,6.12,4.52,2,10800.34,1
TXN01886,39,163090.62,986.07,2,10.3,31,27.43,4.26,3,4139.51,1
TXN01887,28,34057.02,2219.0,6,3.11,14,6.85,4.97,3,2946.38,2
TXN01888,40,31980.07,1879.68,6,7.74,28,2.65,3.09,4,1570.7,4
TXN01889,31,12608.85,3107.66,3,5.51,51,45.26,4.01,3,8477.8,4
TXN01890,36,43786.58,965.54,4,0.96,11,6.99,3.9,2,5130.05,3
TXN01891,41,47432.87,7245.97,5,9.32,81,2.8,4.06,3,6572.11,3
TXN01892,36,87566.95,5445.24,7,1.64,7,5.42,4.23,2,2892.15,3
TXN01893,32,22152.1,1836.0,6,9.27,76,11.41,5.0,5,5581.26,3
TXN01894,35,20473.82,2079.93,3,14.08,1,8.61,5.0,2,9873.91,3
TXN01895,35,73733.62,2226.28,6,13.86,23,12.1,4.05,1,5309.26,1
TXN01896,32,105816.63,1290.11,3,6.91,126,13.01,4.93,2,1671.58,2
TXN01897,33,19807.97,1714.94,6,4.05,28,1.58,3.2,3,5036.5,2
TXN01898,52,111087.41,1986.87,2,20.69,24,4.54,3.73,2,5936.5,2
TXN01899,42,56358.63,9847.61,3,15.82,34,16.57,3.24,6,11319.93,2
TXN01900,33,111833.0,5589.65,4,8.04,10,12.61,3.98,3,5271.17,0
TXN01901,43,52546.05,5533.09,11,2.62,2,1.11,4.17,2,7567.21,0
TXN01902,33,10674.44,3423.72,5,4.91,9,4.54,5.0,3,5387.98,0
TXN01903,48,49826.87,967.12,4,34.48,6,32.14,3.15,0,1355.65,2
TXN01904,40,109555.0,2413.37,3,19.58,77,23.77,4.73,0,6254.69,2
TXN01905,35,30765.63,5704.22,2,14.22,57,13.33,3.51,2,3806.62,1
TXN01906,40,42740.88,857.93,7,5.5,11,0.91,3.41,4,14163.09,1
TXN01907,20,49050.31,4294.61,4,5.58,54,11.21,3.64,2,1277.97,1
TXN01908,25,8353.24,18002.46,1,21.27,7,0.5,5.0,1,1584.49,0
TXN01909,24,162993.3,6164.67,0,30.36,7,12.99,2.43,7,5815.58,2
TXN01910,37,30613.44,8316.28,6,21.48,44,15.77,4.12,3,10083.39,0
TXN01911,53,76406.0,3009.82,5,9.08,12,8.25,4.59,5,3217.41,1
TXN01912,58,51986.16,5691.84,5,6.32,2,0.5,3.12,2,3229.32,4
TXN01913,42,124559.76,1358.14,9,5.08,38,13.18,4.17,2,4046.15,1
TXN01914,41,71612.5,4917.38,1,8.5,137,20.56,3.29,2,2493.94,0
TXN01915,18,47211.26,4360.21,2,5.56,25,10.58,5.0,3,6986.92,1
TXN01916,31,30770.25,3198.61,5,12.31,9,14.82,2.9,3,2496.61,1
TXN01917,28,92382.37,7651.46,4,2.62,14,1.14,4.21,3,5714.44,2
TXN01918,30,16274.45,1581.42,5,11.24,31,15.08,3.5,5,1386.08,1
TXN01919,34,83693.55,2132.49,8,40.5,36,11.43,3.7,4,11655.01,0
TXN01920,31,26922.28,2711.31,7,21.54,65,4.82,3.6,6,793.35,1
TXN01921,18,124128.53,1041.98,5,12.45,72,13.87,4.58,1,1662.77,0
TXN01922,43,61079.6,3031.88,6,40.26,59,12.45,3.94,4,16948.38,1
TXN01923,25,83597.5,579.96,4,15.79,31,10.98,2.82,3,3756.46,2
TXN01924,38,58010.61,6087.28,4,5.27,18,2.42,4.07,1,2205.38,1
TXN01925,57,17606.85,2601.09,5,20.54,34,4.22,4.0,1,1431.6,0
TXN01926,27,31433.03,1605.65,5,4.1,33,57.05,4.54,4,2579.3,2
TXN01927,18,85147.6,1230.07,3,1.92,7,6.81,4.04,0,4287.05,2
TXN01928,33,61292.62,2048.07,6,15.43,21,0.74,2.74,0,4920.71,0
TXN01929,47,118507.54,4487.57,8,17.38,7,27.51,4.63,4,4385.69,0
TXN01930,56,71483.14,3982.34,3,20.58,69,2.28,4.61,2,1002.4,0
TXN01931,24,29340.74,1372.43,6,17.28,12,6.2,4.18,3,3857.48,0
TXN01932,41,32782.39,1217.94,3,14.95,49,3.91,4.01,2,4437.31,2
TXN01933,31,58805.15,4369.53,8,7.19,14,39.85,4.07,1,4467.4,0
TXN01934,35,12221.6,1352.96,3,13.57,43,5.7,4.62,2,3572.94,0
TXN01935,62,163215.34,2630.61,11,20.64,7,14.8,4.76,0,1480.64,1
TXN01936,21,73293.25,2777.31,8,14.93,43,10.95,4.18,5,1836.18,3
TXN01937,39,122107.97,3259.4,10,18.36,6,0.53,4.25,0,8181.95,2
TXN01938,41,19686.65,5185.26,7,33.9,20,5.82,3.95,5,2033.54,0
TXN01939,47,123507.33,854.51,9,17.96,4,5.93,5.0,1,2111.39,2
TXN01940,37,234582.53,492.53,7,22.52,23,55.06,2.38,2,2844.48,1
TXN01941,39,23307.2,1543.36,8,2.82,52,20.05,3.35,2,1493.5,1
TXN01942,32,90807.72,11560.45,8,15.15,42,23.31,3.25,6,5454.43,2
TXN01943,39,55039.69,13945.25,4,39.17,2,4.51,5.0,2,1440.29,1
TXN01944,33,20154.98,11855.49,5,13.1,20,4.79,3.66,5,7475.02,3
TXN01945,42,75770.4,2121.78,6,13.21,57,8.7,2.41,3,1365.34,3
TXN01946,32,94554.39,549.63,5,9.6,32,11.96,3.24,2,2877.89,1
TXN01947,40,37210.87,341.2,2,9.08,2,15.64,4.2,5,4452.24,3
TXN01948,36,117352.11,1483.43,5,32.95,12,20.63,3.84,0,6087.03,1
TXN01949,47,18614.43,2112.62,3,1.54,24,24.78,3.74,1,2989.95,1
TXN01950,35,20816.41,7552.07,7,14.43,6,0.5,3.96,3,2140.09,0
TXN01951,18,60106.71,5227.46,1,9.83,34,19.08,4.61,2,9450.75,1
TXN01952,49,55915.05,3033.1,1,2.21,30,11.33,4.46,2,3974.07,2
TXN01953,27,34520.74,1173.42,3,20.56,7,9.11,3.24,1,3105.91,0
TXN01954,29,93090.26,1104.76,2,11.08,24,11.88,4.02,2,979.92,0
TXN01955,30,77665.76,3102.78,5,14.24,50,25.64,4.9,3,4002.27,2
TXN01956,50,96074.47,4521.23,0,8.52,14,9.46,3.96,0,3487.81,0
TXN01957,18,50769.44,3488.21,4,16.01,9,2.12,3.4,2,1354.79,2
TXN01958,67,81370.3,1037.57,4,17.55,36,6.89,3.01,1,2025.82,2
TXN01959,47,41167.97,4346.44,3,4.85,2,31.0,3.98,2,3736.36,1
TXN01960,38,208996.05,3590.58,2,4.83,54,20.22,3.66,3,4854.66,0
TXN01961,35,32433.07,1006.24,5,8.49,86,2.72,3.65,4,1715.81,0
TXN01962,39,216107.62,1283.53,5,30.14,100,15.03,3.96,3,1727.33,0
TXN01963,41,56261.49,4488.47,3,8.84,17,3.55,3.33,4,3795.14,1
TXN01964,42,22494.06,2048.2,2,8.65,29,5.14,4.7,2,1942.37,0
TXN01965,42,133831.93,9651.04,6,7.28,58,7.59,3.75,1,3041.29,2
TXN01966,37,59690.27,3827.65,2,34.41,8,6.98,5.0,2,12127.62,1
TXN01967,34,95637.39,1653.1,7,13.31,1,0.5,4.52,6,3397.03,1
TXN01968,34,121855.94,2478.41,5,23.92,15,17.85,3.75,2,7161.27,1
TXN01969,34,68511.68,2638.38,10,25.42,65,22.48,2.9,0,1463.62,2
TXN01970,47,37426.41,1346.03,2,5.28,21,9.08,4.26,4,2044.74,0
TXN01971,42,103704.64,1150.95,6,6.58,23,2.28,4.13,2,2014.6,1
TXN01972,18,55027.02,4537.94,6,14.13,35,3.42,3.31,2,1616.09,0
TXN01973,43,85896.3,5128.29,6,5.1,26,1.62,3.0,1,1014.98,0
TXN01974,38,13563.85,4176.63,4,6.43,2,2.23,3.79,4,4006.47,1
TXN01975,36,73543.08,9064.01,6,9.15,25,25.09,3.96,4,4588.64,0
TXN01976,32,36315.78,1577.41,6,6.65,31,7.85,3.91,4,1805.41,1
TXN01977,47,161093.42,10375.23,2,4.2,31,1.41,3.8,1,2077.47,2
TXN01978,45,82462.2,1162.42,3,7.43,39,3.53,4.64,1,3696.33,1
TXN01979,28,64279.5,1057.08,3,12.28,22,35.83,3.36,2,3551.35,3
TXN01980,40,75447.32,560.08,6,5.61,69,8.54,5.0,2,7213.29,0
TXN01981,26,28741.63,1711.49,2,7.71,19,8.7,2.63,2,7739.67,1
TXN01982,22,157977.09,1629.26,5,9.77,22,8.95,3.29,2,2192.28,2
TXN01983,30,200682.48,3909.22,3,35.06,45,1.42,2.96,2,3338.12,1
TXN01984,45,71003.34,3075.9,8,6.25,54,42.2,3.95,3,1737.05,0
TXN01985,46,154639.33,906.89,3,27.7,31,1.06,4.08,3,10017.48,1
TXN01986,41,37992.43,1790.46,7,1.5,4,14.45,5.0,2,4217.23,6
TXN01987,43,32760.04,1823.12,2,19.98,12,0.71,3.95,2,7017.44,0
TXN01988,41,56482.69,552.5,4,17.51,1,7.04,4.39,5,2714.14,1
TXN01989,30,72969.74,1085.98,3,19.93,11,27.59,3.04,6,7151.3,2
TXN01990,40,42573.92,1298.36,6,18.34,25,17.56,2.83,2,5893.27,1
TXN01991,44,78013.55,8455.96,5,22.66,49,4.89,4.72,3,8567.66,3
TXN01992,44,67120.29,2941.81,2,8.95,26,9.62,4.46,5,1366.28,1
TXN01993,48,28744.14,4389.14,12,28.04,1,2.17,3.97,3,3688.14,1
TXN01994,43,77057.25,699.39,1,6.5,9,37.52,3.19,2,7546.18,4
TXN01995,40,96411.6,6898.98,4,1.76,26,14.8,5.0,7,1818.1,4
TXN01996,47,61484.69,7555.14,6,2.21,37,5.63,4.38,1,5043.39,2
TXN01997,36,116344.36,457.35,4,13.23,60,4.59,3.32,0,5221.04,0
TXN01998,27,24928.72,1372.69,7,16.42,103,3.27,3.84,2,5717.3,0
TXN01999,34,74552.31,3810.24,5,20.7,67,18.53,2.78,1,4421.06,2
TXN02000,29,25704.11,4323.31,4,12.86,19,6.84,3.89,3,5392.91,0
TXN02001,29,26660.43,1404.34,7,6.97,41,4.81,3.47,2,4738.34,0
TXN02002,35,36496.93,1928.26,7,20.34,8,28.27,5.0,6,8022.11,1
TXN02003,28,29814.48,1504.58,2,11.85,2,1.95,4.33,2,2117.79,0
TXN02004,33,38518.39,2746.0,5,6.69,2,3.68,2.03,2,4441.77,0
TXN02005,18,47853.08,6916.38,3,15.69,8,5.07,5.0,4,8214.64,1
TXN02006,38,94772.91,1298.1,4,11.59,1,3.61,4.08,5,2022.14,2
TXN02007,36,44637.75,5853.2,5,60.0,57,10.57,4.88,3,2157.58,1
TXN02008,28,19622.49,1286.43,7,49.31,20,11.03,3.99,4,5052.18,1
TXN02009,43,115396.88,1216.29,6,6.22,50,0.68,3.91,3,9209.43,2
TXN02010,45,31919.74,5013.31,3,2.08,84,1.87,3.22,1,3186.05,2
TXN02011,20,52940.3,5473.6,6,5.15,153,2.66,4.26,4,3742.07,1
TXN02012,28,73521.8,5155.11,3,2.51,83,0.88,4.56,1,4515.24,0
TXN02013,28,62619.7,816.98,4,17.41,38,1.6,2.57,3,2489.35,2
TXN02014,27,112005.71,1682.42,5,26.21,18,3.29,3.23,6,16254.65,1
TXN02015,44,75089.84,5032.07,4,5.18,27,5.09,2.94,3,1832.21,1
TXN02016,34,31421.17,2589.85,5,24.78,51,18.8,5.0,3,3727.71,0
TXN02017,33,226648.1,1003.66,4,3.84,68,2.95,4.58,1,3769.89,1
TXN02018,18,62405.28,3690.87,9,24.23,94,13.3,3.55,2,756.47,0
TXN02019,42,49976.96,1361.66,6,5.97,39,0.72,4.55,0,1940.88,1
TXN02020,24,102913.08,11491.84,1,12.47,23,12.88,2.84,2,1358.3,2
TXN02021,37,64681.57,9294.34,5,20.76,104,19.0,4.01,1,5794.77,1
TXN02022,39,71295.38,4177.75,7,8.99,96,11.14,4.45,3,1069.85,2
TXN02023,50,277897.62,7949.8,2,3.56,19,2.7,3.42,6,6767.14,0
TXN02024,23,45993.69,2641.54,4,42.9,31,4.81,3.79,1,1532.54,0
TXN02025,18,44736.45,4791.83,4,3.58,50,19.63,4.15,6,6860.82,0
TXN02026,38,59329.65,8778.92,2,34.83,17,6.79,4.61,5,1316.85,1
TXN02027,54,110367.81,3080.11,4,17.14,53,3.54,2.73,0,4709.53,1
TXN02028,48,20657.66,2012.51,6,26.47,4,32.38,3.68,3,6735.29,0
TXN02029,38,15328.62,587.05,3,18.49,20,12.17,3.16,0,5227.54,2
TXN02030,31,37551.31,2329.44,4,3.71,20,19.66,4.18,3,1488.81,1
TXN02031,44,19016.05,5033.93,2,2.62,35,0.5,3.58,3,7718.37,1
TXN02032,26,41728.85,5584.97,6,6.95,4,4.97,4.37,1,5128.5,0
TXN02033,41,76245.47,3838.19,3,1.36,3,7.37,2.86,6,671.84,3
TXN02034,41,30825.63,1578.04,4,12.88,69,10.62,3.47,2,3781.98,1
TXN02035,47,21756.14,465.8,4,13.4,11,2.53,5.0,6,25440.97,0
TXN02036,64,57535.51,1641.09,4,9.92,12,8.27,3.66,2,7646.9,1
TXN02037,40,96349.91,1930.15,4,5.12,45,13.89,4.56,3,2468.12,0
TXN02038,31,18276.21,1916.12,6,14.76,16,5.09,3.06,1,5122.21,0
TXN02039,36,93736.18,4229.41,4,5.98,54,14.11,2.76,2,2658.53,1
TXN02040,18,93558.06,13519.26,7,12.09,15,5.92,4.78,4,7120.4,0
TXN02041,29,102256.92,2776.78,4,5.74,43,7.61,4.36,4,1979.45,1
TXN02042,32,121430.89,2079.38,3,8.63,22,1.73,3.51,2,8156.09,0
TXN02043,31,230129.51,2005.62,2,57.13,82,12.64,4.94,2,6666.16,1
TXN02044,38,43635.6,2778.8,4,22.08,12,3.05,3.37,2,5488.18,1
TXN02045,28,59060.05,1236.45,3,3.89,14,21.18,3.2,2,14914.58,0
TXN02046,47,41957.12,2768.93,1,35.38,105,9.67,3.81,0,7077.03,4
TXN02047,36,55070.72,3667.39,4,18.3,40,9.86,3.61,2,7155.43,1
TXN02048,36,148963.43,2987.76,5,9.46,44,29.23,2.99,4,7700.18,1
TXN02049,33,22944.4,3688.43,5,10.7,11,2.2,3.72,3,5768.36,1
TXN02050,38,31426.48,3614.58,4,14.76,23,9.07,3.98,5,4843.8,1
TXN02051,44,134626.03,554.43,3,34.99,11,5.78,4.38,3,2178.58,0
TXN02052,27,106735.83,4295.77,3,16.98,9,40.69,5.0,2,2199.63,0
TXN02053,29,43436.39,1413.3,6,6.89,23,18.88,4.66,0,4736.03,3
TXN02054,33,95841.38,984.94,1,9.42,132,17.0,3.06,0,5361.29,0
TXN02055,23,68657.03,977.76,5,7.01,7,2.74,5.0,3,3543.94,2
TXN02056,28,145840.23,3613.95,4,15.11,8,3.25,3.84,2,2498.42,1
TXN02057,31,57729.28,2069.08,6,18.01,8,0.5,4.03,8,3181.93,0
TXN02058,45,107124.75,598.47,6,18.15,47,12.21,3.32,2,3372.92,3
TXN02059,39,306323.25,3753.25,8,28.47,21,5.56,3.79,2,4243.15,2
TXN02060,38,81133.64,735.37,4,17.45,15,4.49,3.78,4,2995.94,3
TXN02061,45,56792.06,2815.5,1,4.86,56,12.16,4.28,3,7914.99,0
TXN02062,35,87963.66,3061.84,7,29.49,11,21.17,4.44,4,3239.04,0
TXN02063,40,43375.75,5307.02,9,10.82,15,1.71,3.53,3,2230.98,2
TXN02064,35,259696.12,11367.1,2,11.91,2,30.11,4.63,1,3307.54,0
TXN02065,39,61829.42,783.74,5,9.0,4,0.5,3.42,1,1618.97,0
TXN02066,30,46059.15,2390.94,6,6.29,4,1.2,4.58,7,14326.18,0
TXN02067,18,31948.82,1976.65,2,6.7,13,21.85,3.34,2,5537.95,2
TXN02068,35,112227.3,3614.59,10,22.77,22,8.14,3.01,1,3469.21,4
TXN02069,50,96641.19,3002.99,5,12.85,1,33.61,3.59,0,9433.65,2
TXN02070,45,39807.4,1852.67,2,9.23,6,7.43,3.63,3,3032.03,0
TXN02071,46,79999.99,1718.62,5,28.85,6,31.26,3.11,1,3418.97,1
TXN02072,48,20630.53,967.84,7,17.46,9,3.29,3.53,2,2137.97,0
TXN02073,37,62026.65,5789.08,5,10.08,5,11.5,3.42,0,1811.91,1
TXN02074,38,73819.64,3693.65,5,31.17,7,62.37,3.8,2,4056.58,1
TXN02075,30,166850.39,5454.24,3,26.94,124,5.66,4.18,1,7371.16,0
TXN02076,33,33324.77,1920.25,7,9.28,27,0.5,3.74,4,1892.65,0
TXN02077,42,23960.44,1430.44,2,7.6,43,0.79,3.15,1,2960.25,1
TXN02078,48,30732.02,999.72,11,19.14,51,23.51,3.55,3,3035.18,1
TXN02079,35,23070.71,3391.83,6,8.85,33,8.12,4.49,4,6006.53,3
TXN02080,31,131126.23,1033.0,5,12.99,37,9.23,3.34,3,2587.67,2
TXN02081,36,150497.84,12033.02,6,11.23,30,19.28,3.13,0,5929.56,2
TXN02082,42,67726.26,822.67,4,13.31,31,20.03,2.72,2,5775.1,0
TXN02083,22,121653.26,3154.73,4,32.97,79,7.79,3.32,0,2202.05,1
TXN02084,18,60003.69,9469.89,5,13.12,6,23.43,4.38,2,2850.9,2
TXN02085,30,51702.73,4160.01,5,20.8,10,7.58,3.29,3,3702.84,1
TXN02086,24,44294.42,2902.62,1,13.81,3,13.49,3.77,0,2577.61,4
TXN02087,31,44951.27,1097.55,7,12.88,54,0.5,3.46,2,1870.8,0
TXN02088,35,20110.9,772.43,9,5.13,18,1.78,3.42,1,9879.38,2
TXN02089,31,65306.97,4810.66,6,2.54,71,22.88,4.72,4,1004.92,1
TXN02090,51,53576.8,8993.62,6,6.66,16,4.51,3.7,2,4119.5,2
TXN02091,39,89283.59,1721.62,3,1.86,18,4.89,2.92,1,9096.92,2
TXN02092,39,58447.18,949.41,6,6.95,18,13.05,2.73,3,1991.26,1
TXN02093,42,49480.36,309.39,8,13.02,28,10.77,3.06,3,3565.16,1
TXN02094,25,31219.96,1086.15,8,8.29,44,1.03,2.98,1,6584.46,0
TXN02095,46,57640.92,2269.78,8,2.22,13,17.42,4.4,1,416.04,1
TXN02096,35,88871.13,9733.23,6,60.0,30,11.52,3.65,3,3378.69,0
TXN02097,43,26158.2,4430.24,4,11.6,7,23.2,3.85,3,1164.35,1
TXN02098,25,58217.8,3240.13,3,11.37,24,9.2,3.62,4,6869.57,2
TXN02099,20,63995.39,1779.24,5,27.3,24,6.42,3.66,3,2009.85,2
TXN02100,44,34487.3,1522.87,5,24.5,66,5.57,4.46,3,12205.4,2
TXN02101,40,37533.23,8257.25,3,11.37,68,0.5,4.51,3,1793.75,2
TXN02102,27,63894.31,2965.12,4,12.26,20,0.5,5.0,5,4794.73,2
TXN02103,27,26327.38,418.57,6,38.94,1,1.69,3.19,1,1895.14,1
TXN02104,47,69046.74,1410.27,4,11.51,56,31.83,3.53,1,2964.34,1
TXN02105,24,30733.49,1205.39,6,23.5,1,25.51,3.94,4,3489.57,0
TXN02106,52,109748.14,1571.4,3,7.73,20,8.25,4.9,2,3563.78,3
TXN02107,27,251368.81,4034.03,3,5.7,1,2.38,3.31,3,11146.87,3
TXN02108,42,31432.46,2281.8,4,17.65,13,1.9,4.46,3,9505.78,4
TXN02109,33,77833.22,2341.88,5,23.26,30,3.55,3.37,1,2071.34,1
TXN02110,42,34293.33,7635.0,3,4.2,14,28.73,4.48,7,3606.57,4
TXN02111,31,108196.97,1383.06,9,17.11,78,8.84,3.87,1,1549.86,2
TXN02112,34,24165.24,12192.98,3,7.98,31,19.56,3.07,7,1321.58,0
TXN02113,36,75167.17,1412.95,4,1.12,31,8.48,3.72,4,2194.44,2
TXN02114,26,31183.54,2696.92,5,4.48,14,11.28,4.23,4,11371.33,2
TXN02115,43,48076.49,1968.49,1,9.03,1,11.3,1.78,1,1074.06,0
TXN02116,31,28139.29,2776.52,2,23.14,40,0.5,4.44,1,5239.24,1
TXN02117,34,93865.32,3648.05,5,19.19,38,7.07,2.77,0,4830.73,1
TXN02118,26,31922.02,3614.85,6,3.98,23,23.95,3.65,2,2080.31,0
TXN02119,18,78736.75,1318.03,3,17.84,16,8.06,3.72,1,5497.28,1
TXN02120,34,43977.12,962.53,5,6.11,23,6.86,1.89,1,5479.77,0
TXN02121,60,51056.16,20988.75,5,16.66,41,8.97,3.37,1,3409.39,2
TXN02122,44,60544.25,1656.83,6,6.57,37,5.75,4.09,1,3150.28,3
TXN02123,36,33520.16,4529.54,1,37.01,32,8.69,5.0,5,2947.34,2
TXN02124,33,63059.06,637.5,6,7.12,70,1.75,4.38,3,1938.69,1
TXN02125,36,148717.82,1971.16,5,9.51,28,41.28,4.43,5,3929.6,1
TXN02126,41,33167.54,2243.8,7,6.11,1,0.5,2.29,3,2457.6,1
TXN02127,24,117802.53,3736.63,2,18.0,29,7.92,3.59,3,3918.98,1
TXN02128,47,145634.0,247.14,2,5.89,28,2.83,5.0,2,2283.53,1
TXN02129,43,32357.07,2879.19,3,2.23,2,0.72,4.5,1,2209.28,2
TXN02130,43,21360.59,940.83,2,15.84,17,12.66,3.44,3,2390.36,2
TXN02131,40,66927.35,3293.61,4,15.37,32,50.54,3.88,2,8508.56,0
TXN02132,36,38533.13,1036.05,3,4.95,37,16.62,4.49,2,1334.55,2
TXN02133,43,185290.58,1208.2,5,6.24,67,3.52,4.47,4,12104.43,3
TXN02134,42,56258.55,1981.21,5,10.27,55,8.16,3.71,5,5991.97,3
TXN02135,32,32651.92,1022.05,5,18.66,4,0.61,3.63,2,1171.92,1
TXN02136,30,26093.32,1668.77,7,43.36,28,9.1,4.11,1,2334.87,1
TXN02137,37,111694.94,906.58,4,18.57,27,1.26,4.48,1,1124.06,1
TXN02138,51,37942.19,526.29,4,20.14,11,18.99,3.53,4,5504.48,2
TXN02139,24,56589.41,5939.08,3,32.94,6,0.7,2.51,1,8554.13,0
TXN02140,21,102371.15,830.81,6,20.91,7,0.5,3.74,6,4109.07,1
TXN02141,38,40147.7,2147.73,4,36.03,6,23.73,2.92,3,8216.14,2
TXN02142,37,53382.31,4741.0,5,13.34,49,34.28,5.0,5,3980.21,1
TXN02143,38,54410.86,1482.29,5,15.47,5,1.09,3.13,2,6906.4,1
TXN02144,38,85754.98,1239.74,7,6.18,9,3.92,3.72,3,4293.69,0
TXN02145,34,80746.69,3030.09,3,5.13,7,16.24,3.3,1,3534.58,1
TXN02146,51,47667.95,6465.85,7,8.21,37,9.31,3.44,2,6015.43,1
TXN02147,20,57323.18,925.31,3,21.43,5,35.77,4.38,3,3137.22,0
TXN02148,28,43192.93,2200.46,6,22.23,1,5.92,4.54,2,9704.82,1
TXN02149,35,21049.68,573.31,6,12.42,14,0.5,4.26,2,2806.51,0
TXN02150,20,65025.13,1789.74,3,25.92,11,0.5,4.48,4,5205.81,2
TXN02151,34,188153.45,2573.75,5,8.94,15,9.98,3.43,1,2134.21,3
TXN02152,53,30966.8,1209.08,4,4.64,42,16.74,3.03,3,1163.61,0
TXN02153,36,33276.91,1695.28,7,18.69,1,18.76,3.28,2,4496.64,0
TXN02154,38,31229.41,755.25,6,14.94,1,29.1,4.1,1,990.02,2
TXN02155,23,88086.37,2669.28,4,15.26,9,3.12,4.65,1,15755.32,0
TXN02156,30,73614.99,6132.67,3,36.97,66,16.09,2.94,4,2731.5,1
TXN02157,32,49614.53,983.85,4,15.2,6,21.06,3.55,4,3314.56,1
TXN02158,33,30284.04,1472.59,3,23.89,175,21.71,3.61,2,2817.19,2
TXN02159,49,58403.63,3832.26,10,0.4,49,6.36,3.26,5,3862.46,0
TXN02160,42,19892.22,7004.61,4,14.88,18,11.8,4.22,1,4441.06,3
TXN02161,25,60374.12,702.63,1,3.62,41,9.62,4.5,4,1944.2,0
TXN02162,38,96914.0,2165.87,3,10.71,22,10.92,5.0,3,585.6,2
TXN02163,41,24387.09,3180.22,4,8.51,25,3.98,5.0,0,1619.66,1
TXN02164,47,20311.68,2292.27,4,32.11,26,13.8,4.35,3,2492.01,0
TXN02165,52,153541.03,304.53,4,33.38,31,14.86,3.48,5,4258.51,1
TXN02166,26,36954.57,3827.52,5,35.43,2,2.62,4.29,4,3979.88,0
TXN02167,28,115088.26,9095.02,5,14.24,29,7.04,2.43,2,5929.98,2
TXN02168,23,49761.16,2760.61,7,1.46,38,6.58,4.26,1,1108.18,0
TXN02169,34,49504.45,1040.66,5,17.11,11,16.59,4.06,1,1873.55,1
TXN02170,41,73134.59,1616.29,11,9.26,115,13.18,3.85,5,2570.49,3
TXN02171,46,30961.17,11253.92,4,13.75,5,7.76,3.25,4,10172.04,0
TXN02172,35,59946.73,5418.17,3,5.54,72,12.68,4.36,3,23502.85,0
TXN02173,33,42921.17,4307.31,4,31.68,34,3.66,3.11,2,1361.86,1
TXN02174,38,23313.03,3384.62,0,21.11,33,3.17,4.54,2,7514.99,0
TXN02175,28,68490.6,1425.22,6,10.67,63,3.29,4.22,2,3719.49,1
TXN02176,57,46348.23,2108.14,7,6.67,53,0.5,4.1,4,5165.96,0
TXN02177,20,49663.34,2339.78,1,22.94,13,14.1,3.11,3,1384.98,0
TXN02178,38,25046.36,3988.55,5,26.03,37,51.09,3.34,3,9036.75,2
TXN02179,56,154739.56,9014.84,6,9.24,2,4.44,2.76,3,739.34,1
TXN02180,36,97241.48,6468.07,4,6.88,19,31.88,4.39,1,1394.41,1
TXN02181,34,102928.49,748.12,3,14.31,83,11.19,3.83,2,2897.69,1
TXN02182,32,45096.03,3024.32,3,16.61,10,3.06,3.42,6,2310.57,0
TXN02183,34,17874.31,4676.45,3,4.75,2,0.5,3.7,1,3563.85,2
TXN02184,50,195728.69,4230.51,4,24.39,26,15.44,4.53,4,2167.28,1
TXN02185,18,52858.57,1464.39,6,10.98,13,14.31,3.0,2,2726.76,2
TXN02186,51,33805.16,29763.52,3,28.47,14,3.12,3.49,3,3076.16,0
TXN02187,22,72114.43,844.31,4,28.8,26,4.85,2.69,2,2993.44,0
TXN02188,33,117444.01,995.59,6,27.19,29,27.4,3.06,5,3883.63,0
TXN02189,32,54182.09,3049.1,5,3.41,17,2.05,3.62,1,6553.65,0
TXN02190,42,126268.05,15113.27,7,4.37,21,21.65,4.56,1,2065.27,1
TXN02191,20,111194.75,1228.17,5,22.12,150,2.22,4.25,2,8990.33,0
TXN02192,41,27321.81,1994.39,1,22.07,95,7.89,4.49,2,3622.59,0
TXN02193,56,35494.21,6246.31,8,5.09,37,8.29,4.26,3,8461.21,0
TXN02194,22,102486.63,2462.33,6,12.1,5,7.67,3.13,6,2753.87,0
TXN02195,38,9432.25,1881.14,4,25.32,13,4.07,4.99,4,1908.65,2
TXN02196,29,49908.28,4043.37,10,1.66,64,3.51,4.32,2,3702.19,2
TXN02197,40,21699.58,3151.67,3,18.48,17,15.85,5.0,5,21062.5,3
TXN02198,36,40349.27,6002.43,5,21.77,93,3.87,4.97,4,1346.02,3
TXN02199,30,45290.63,7493.52,6,16.51,20,11.3,3.74,0,5623.14,0
TXN02200,41,43574.6,3245.42,5,19.06,59,22.5,3.46,5,3962.92,0
TXN02201,54,500000.0,85000.0,7,12.58,1,160.0,2.24,5,75000.0,2
TXN02202,34,26955.57,2999.02,6,10.82,17,2.19,3.92,1,1504.91,1
TXN02203,43,243977.38,3788.81,3,13.98,36,12.76,3.77,3,4819.92,1
TXN02204,23,185153.18,2620.03,8,24.42,60,11.06,3.35,1,4304.11,1
TXN02205,26,25841.72,2498.71,6,8.52,28,3.98,3.45,2,1238.96,2
TXN02206,41,153808.62,6913.14,7,9.86,6,5.96,4.16,2,3836.79,0
TXN02207,51,42422.57,9070.16,6,4.77,65,4.03,2.48,3,2952.6,1
TXN02208,40,59817.91,694.11,4,10.9,26,9.24,4.7,3,2732.1,1
TXN02209,33,52783.84,2521.39,6,4.86,3,19.53,4.41,3,3389.97,0
TXN02210,36,35819.65,1392.22,6,26.98,19,25.2,3.55,3,7494.24,1
TXN02211,23,104254.73,1919.31,4,11.81,36,15.4,3.75,1,4823.32,4
TXN02212,42,59689.7,3519.89,3,5.67,18,7.93,4.02,3,1686.05,1
TXN02213,45,40349.33,4416.35,6,24.61,61,38.07,4.37,3,4956.69,1
TXN02214,31,23555.28,2272.73,2,5.81,17,9.96,5.0,2,3393.11,3
TXN02215,31,30768.65,491.62,7,4.15,26,7.81,3.43,2,2273.66,0
TXN02216,39,18924.1,1100.76,6,2.04,7,23.32,4.75,2,1469.59,2
TXN02217,32,55438.73,5356.53,2,2.53,22,2.45,3.64,2,6157.43,1
TXN02218,35,25267.03,243.39,6,11.55,8,2.06,3.52,1,2347.66,0
TXN02219,57,46280.41,6859.29,3,12.54,8,18.31,3.62,2,6608.88,2
TXN02220,34,134007.99,3893.61,5,19.19,10,24.54,4.56,3,1647.39,4
TXN02221,32,119926.36,7652.56,6,14.17,1,0.91,3.4,3,14141.36,0
TXN02222,30,53858.12,2111.73,3,13.62,5,17.33,3.87,5,22117.6,1
TXN02223,43,51973.2,433.48,6,5.4,17,6.63,3.44,5,5115.96,0
TXN02224,34,186653.07,3604.2,7,25.37,4,14.6,3.5,4,8673.42,3
TXN02225,30,77155.64,7387.18,4,15.96,4,1.74,4.75,4,2548.19,2
TXN02226,49,44445.29,5486.58,3,11.03,103,43.35,3.79,6,2377.75,2
TXN02227,50,21767.57,1423.34,9,14.7,17,25.57,3.33,7,8073.66,1
TXN02228,30,71047.65,2691.34,7,20.57,16,6.25,3.5,2,3891.31,0
TXN02229,18,94291.74,1589.44,6,4.88,9,26.86,4.0,0,1339.56,3
TXN02230,46,36479.84,1245.97,11,7.2,22,27.04,3.76,2,3694.57,2
TXN02231,29,66460.98,5631.47,1,1.57,27,7.42,3.8,5,1488.03,0
TXN02232,44,43423.92,903.38,7,12.21,16,35.22,3.59,1,3074.53,0
TXN02233,18,48799.11,1169.47,7,17.53,15,45.19,4.53,1,7293.19,2
TXN02234,45,10916.21,978.11,4,16.24,36,2.94,4.2,1,9721.63,1
TXN02235,24,47616.31,704.39,4,20.71,90,0.83,3.64,4,4246.76,0
TXN02236,43,103277.88,2831.32,2,19.59,63,4.83,3.89,2,8929.72,0
TXN02237,36,36485.74,6709.79,6,12.77,4,8.05,3.23,1,2536.55,0
TXN02238,26,56910.24,2136.45,5,18.59,32,1.17,3.75,3,11510.37,0
TXN02239,32,33648.39,695.17,6,33.67,1,1.82,3.32,2,2110.02,3
TXN02240,43,69520.4,5105.12,9,24.01,30,42.78,3.94,7,1986.4,0
TXN02241,37,47779.33,10476.53,6,22.83,19,16.04,3.73,5,2534.86,1
TXN02242,42,29869.15,1443.38,6,9.3,20,24.95,3.63,2,2074.15,2
TXN02243,56,130776.75,1664.49,7,10.08,27,42.55,3.9,0,5027.67,3
TXN02244,20,100598.67,3875.22,6,25.93,41,5.7,4.01,2,8409.35,3
TXN02245,52,37119.55,9923.28,8,4.66,39,13.97,4.56,1,3538.2,3
TXN02246,37,76012.33,1607.1,2,13.61,1,2.44,4.34,2,4352.16,1
TXN02247,27,77995.49,805.5,5,23.89,40,9.63,4.47,5,1329.84,1
TXN02248,23,83498.53,4275.91,10,13.84,53,2.83,3.55,0,3743.97,1
TXN02249,34,18284.74,4930.79,3,11.63,2,2.1,4.0,6,12088.81,2
TXN02250,45,105808.14,2513.06,6,20.63,12,1.24,5.0,2,9408.82,3
TXN02251,35,37978.83,1555.63,6,17.5,47,10.4,3.73,2,1626.48,3
TXN02252,51,43586.39,5821.24,7,22.68,20,35.91,3.89,1,2575.55,1
TXN02253,21,305502.0,3916.2,3,43.37,36,1.56,3.9,1,37990.53,3
TXN02254,36,66923.55,1300.98,10,10.62,21,8.37,3.73,7,4690.0,1
TXN02255,23,42786.54,2606.53,4,19.32,115,13.94,4.7,3,10109.52,0
TXN02256,40,13116.77,792.42,5,10.75,83,8.22,3.49,3,10680.34,0
TXN02257,45,135731.66,4478.54,1,4.84,10,29.13,4.56,1,1602.79,0
TXN02258,32,22941.49,2000.49,4,11.82,15,2.18,4.34,4,5809.4,1
TXN02259,18,28648.41,1726.22,4,3.59,17,0.5,3.76,2,3990.29,1
TXN02260,38,44342.97,2431.11,6,5.63,3,5.8,3.51,2,11845.3,2
TXN02261,40,138103.15,2587.14,2,18.84,16,9.73,3.78,1,13822.13,0
TXN02262,40,90916.29,5349.38,5,17.61,45,3.52,4.61,1,1955.26,0
TXN02263,48,49637.11,4131.82,5,29.38,56,2.21,4.55,2,38932.4,1
TXN02264,25,67203.35,2188.78,5,26.08,65,19.61,4.36,0,3939.62,0
TXN02265,43,37228.79,4784.63,7,7.13,1,2.51,3.74,1,5448.66,1
TXN02266,48,60226.24,3514.57,7,20.83,47,7.02,3.83,2,546.72,1
TXN02267,18,57685.28,1739.64,6,17.49,21,37.08,4.24,5,7089.25,2
TXN02268,39,103237.65,2248.54,4,9.04,7,11.38,3.63,5,774.81,0
TXN02269,31,103130.89,2204.06,5,14.91,21,8.26,4.39,3,3164.56,2
TXN02270,35,75824.27,3841.12,2,6.71,56,5.36,3.91,2,2376.77,0
TXN02271,39,43458.54,1830.01,4,27.83,17,8.82,4.51,4,4850.34,1
TXN02272,31,89078.47,1793.99,9,18.19,140,15.9,2.81,0,3968.11,1
TXN02273,29,51808.47,13326.23,6,29.82,29,20.75,3.37,3,5278.39,4
TXN02274,36,27223.73,5557.04,4,13.16,20,12.59,3.57,1,8372.19,1
TXN02275,25,42317.31,1309.68,8,6.73,10,18.75,4.09,2,1733.23,0
TXN02276,25,58106.39,4061.66,5,2.41,1,1.11,3.54,1,3033.38,2
TXN02277,43,99382.24,2764.58,8,7.75,28,0.5,5.0,4,1936.65,1
TXN02278,25,48815.11,3487.24,3,7.62,26,15.91,2.95,3,1837.25,0
TXN02279,43,25062.03,2809.57,3,20.8,22,3.64,4.51,6,13539.97,0
TXN02280,41,57066.39,6872.22,3,15.4,23,25.21,4.66,5,1439.82,1
TXN02281,19,59209.36,3353.71,5,23.45,56,9.21,4.15,4,1968.55,1
TXN02282,29,62061.61,2371.48,8,8.69,11,7.81,3.58,1,16260.62,0
TXN02283,48,100007.95,6062.68,9,25.07,24,17.78,3.79,3,3202.65,4
TXN02284,26,106658.62,3048.3,7,11.43,34,16.22,4.37,2,3345.61,1
TXN02285,31,37378.52,2771.94,4,7.16,7,14.62,2.68,3,4632.65,0
TXN02286,41,36849.42,3264.84,6,2.54,78,14.05,3.36,3,1505.78,1
TXN02287,44,27972.0,2308.79,7,4.53,40,8.69,3.42,4,1835.5,1
TXN02288,33,86622.83,2519.68,2,7.96,2,31.32,4.18,3,2273.07,2
TXN02289,30,141043.2,1518.31,3,14.66,60,26.56,4.56,1,7259.55,0
TXN02290,50,44814.42,1320.22,2,6.89,80,4.8,5.0,3,5600.52,2
TXN02291,53,47012.02,1069.84,4,45.14,47,19.6,2.5,4,2251.49,2
TXN02292,46,142699.62,765.75,5,20.02,17,26.61,3.08,9,3187.72,1
TXN02293,37,76397.18,1183.56,6,5.4,155,11.56,3.56,4,6039.79,1
TXN02294,28,73031.17,2155.8,4,9.05,4,9.73,4.19,0,659.26,2
TXN02295,28,25361.63,2729.01,0,10.02,23,13.37,4.34,2,4324.67,0
TXN02296,41,85499.15,1985.14,6,16.15,6,2.14,2.97,2,5949.64,7
TXN02297,40,30065.99,337.54,4,2.66,17,1.1,4.06,1,1840.17,2
TXN02298,50,26317.13,9532.33,3,35.85,79,20.59,2.01,0,5517.09,3
TXN02299,43,43900.76,6295.27,5,43.23,47,10.22,4.0,3,3536.95,1
TXN02300,21,37583.6,3651.68,6,17.58,46,1.57,3.78,0,12431.72,1
TXN02301,47,47621.93,12650.01,4,29.24,13,6.46,3.73,3,2426.91,2
TXN02302,26,21556.88,1089.3,5,15.12,82,4.25,3.53,5,5293.02,0
TXN02303,32,102571.88,12438.2,4,10.22,14,25.0,3.74,4,1250.8,1
TXN02304,39,114471.89,1100.6,4,5.64,1,8.49,4.03,3,3689.18,2
TXN02305,56,15511.17,3062.46,4,17.22,30,10.34,4.96,4,6193.32,2
TXN02306,67,103889.8,846.65,1,13.19,14,3.22,2.9,6,2422.94,2
TXN02307,42,32475.62,2531.42,6,36.75,5,19.26,3.61,4,7663.58,0
TXN02308,34,96001.83,3471.31,5,21.29,82,31.93,4.18,4,6665.2,0
TXN02309,41,52606.67,2191.98,4,6.3,30,18.87,3.76,0,3870.71,2
TXN02310,45,56038.41,4586.36,6,19.55,85,8.15,3.89,3,2894.69,1
TXN02311,33,48765.34,2719.51,5,8.63,26,21.63,3.39,2,404.13,2
TXN02312,54,120930.64,1603.58,1,6.18,2,2.5,4.38,2,2222.71,0
TXN02313,38,24571.84,1544.19,3,8.1,1,1.44,2.28,1,7563.46,0
TXN02314,41,81648.99,4980.69,6,7.14,69,6.92,3.11,2,2890.36,1
TXN02315,43,112527.52,1434.2,5,16.43,1,2.4,5.0,3,4802.23,3
TXN02316,40,87615.18,5443.29,2,20.94,29,3.6,2.94,3,2529.36,3
TXN02317,44,249232.82,7068.13,6,3.69,11,10.56,3.19,2,1289.11,3
TXN02318,30,38998.29,605.25,6,7.68,35,6.21,3.25,2,5907.8,4
TXN02319,30,102471.15,6548.78,4,19.33,10,24.11,3.42,3,1481.32,1
TXN02320,25,51335.08,14406.08,5,21.67,1,3.07,3.79,1,2913.01,1
TXN02321,40,122614.73,3097.19,2,15.43,39,68.9,4.56,3,4516.85,0
TXN02322,44,54725.8,4159.99,9,12.23,11,5.34,4.13,2,2177.09,2
TXN02323,41,42743.36,6036.02,4,6.51,24,8.69,3.63,4,10506.74,3
TXN02324,53,128545.14,1978.09,2,4.21,45,1.7,5.0,3,13920.72,1
TXN02325,36,39957.56,2918.96,1,10.14,36,10.39,3.51,4,1985.9,1
TXN02326,43,21956.46,818.09,5,10.33,13,39.02,3.84,3,2041.23,2
TXN02327,25,39306.22,2812.66,2,11.96,41,16.61,3.88,1,2574.9,2
TXN02328,32,82245.16,3817.84,8,16.68,78,3.36,4.39,2,7845.16,1
TXN02329,43,135932.49,3876.87,6,15.99,28,7.01,2.99,1,4918.07,1
TXN02330,44,59119.88,6183.61,4,18.86,36,6.65,3.08,4,5920.72,0
TXN02331,33,129562.23,1293.96,3,12.7,60,1.24,4.46,3,8788.91,2
TXN02332,35,22748.96,1589.75,8,6.35,56,26.04,5.0,3,1856.83,1
TXN02333,21,41231.89,12521.81,0,37.5,13,5.76,3.55,0,4976.27,1
TXN02334,32,45593.24,2200.12,4,4.89,144,8.18,2.92,2,3628.01,2
TXN02335,45,51053.27,2963.35,2,6.48,1,4.13,2.97,4,4729.55,1
TXN02336,42,58090.06,2361.58,7,15.83,130,1.98,4.53,1,7823.74,0
TXN02337,41,86178.89,1243.42,2,8.56,8,27.89,2.62,2,3147.38,0
TXN02338,36,41190.55,9937.25,4,29.67,17,0.5,3.84,2,2149.08,2
TXN02339,36,60201.77,1596.39,5,12.8,65,6.13,3.68,2,1676.98,0
TXN02340,29,53410.28,958.96,7,18.62,8,15.74,3.33,1,11949.53,0
TXN02341,43,30129.5,1704.31,1,11.23,8,4.43,3.2,1,3398.54,2
TXN02342,40,51082.9,456.05,5,3.28,31,7.09,4.29,2,1343.49,2
TXN02343,41,50096.67,1437.2,6,49.13,37,9.97,4.34,5,9215.22,1
TXN02344,31,49403.97,1097.88,2,15.23,1,63.78,4.62,5,1057.4,1
TXN02345,18,56147.2,4225.36,3,6.34,18,17.04,4.14,1,1182.73,1
TXN02346,47,57772.97,1410.42,1,12.17,20,40.98,3.81,0,2805.47,2
TXN02347,31,41526.9,5317.08,7,21.33,10,14.18,3.91,5,2386.85,0
TXN02348,27,125787.98,8207.12,3,2.58,24,3.76,4.49,2,4354.09,0
TXN02349,43,25717.48,4856.36,6,12.86,5,4.07,2.6,1,908.74,2
TXN02350,32,34422.23,2081.75,4,10.08,12,20.74,4.11,5,4397.4,0
TXN02351,47,335059.97,2818.59,4,5.01,37,6.7,3.4,3,8564.7,0
TXN02352,42,28012.16,683.9,9,21.69,62,5.55,4.06,3,1760.19,3
TXN02353,43,22814.42,2231.29,11,6.71,27,34.83,3.08,2,2685.61,1
TXN02354,22,88654.17,1203.12,8,27.99,2,0.5,4.4,2,1997.06,2
TXN02355,48,14256.39,4510.77,7,8.73,34,8.93,4.21,4,4379.92,0
TXN02356,39,47200.53,22267.55,5,19.46,68,17.9,3.31,0,1648.62,0
TXN02357,32,221876.16,3823.4,5,15.63,21,15.99,3.47,2,1510.14,1
TXN02358,37,20148.4,460.16,8,14.44,20,5.5,3.41,5,3148.7,2
TXN02359,18,15166.0,1839.04,6,12.31,143,9.21,3.84,2,4431.27,2
TXN02360,40,20756.62,2774.33,5,13.91,30,0.5,5.0,0,3888.82,3
TXN02361,26,98619.29,2692.7,6,19.36,49,9.18,2.53,4,2572.93,0
TXN02362,22,114255.6,1343.26,4,28.72,31,10.71,4.03,3,5587.84,3
TXN02363,21,39415.16,3079.57,5,8.55,7,24.93,4.1,1,4112.45,1
TXN02364,47,85748.73,869.5,4,44.17,10,2.84,3.43,0,1543.92,1
TXN02365,30,135775.01,1119.76,3,23.45,33,20.93,2.63,1,537.76,1
TXN02366,51,175758.05,4328.49,5,17.46,18,15.19,3.66,3,5042.5,1
TXN02367,31,46862.38,1054.41,7,16.61,16,13.16,2.95,3,2924.61,2
TXN02368,19,12321.88,3950.22,6,1.73,1,6.02,4.19,4,1609.3,0
TXN02369,25,32257.86,780.55,8,42.95,65,5.5,2.83,1,10919.14,2
TXN02370,48,41675.38,11205.37,6,20.34,65,14.58,3.76,1,10839.23,3
TXN02371,34,46480.04,1294.55,6,6.09,19,55.53,3.26,1,8535.68,1
TXN02372,31,48677.87,2067.16,4,3.51,36,6.24,4.58,3,4100.44,1
TXN02373,38,113819.59,3311.2,3,20.68,6,30.1,4.9,1,382.02,2
TXN02374,41,125928.17,1546.11,5,8.91,21,10.6,3.55,2,7968.13,0
TXN02375,47,49192.7,2824.09,8,11.98,17,24.31,3.06,4,1837.44,1
TXN02376,50,112319.6,4076.93,6,11.62,32,2.94,4.97,3,2366.36,0
TXN02377,32,69394.88,5656.54,5,11.95,19,17.24,3.7,3,6568.05,0
TXN02378,23,57355.12,4899.16,6,3.02,21,21.62,4.02,4,14512.82,4
TXN02379,32,99145.34,2160.31,9,26.13,11,21.42,3.72,1,10293.56,3
TXN02380,39,57644.63,2207.04,9,8.64,1,18.43,3.66,4,3949.64,0
TXN02381,26,209539.12,18412.56,6,10.5,75,4.35,3.46,2,5871.03,1
TXN02382,26,21592.93,5605.21,4,7.2,1,8.86,2.48,2,1614.06,2
TXN02383,39,39349.06,1141.95,5,22.14,10,4.28,5.0,2,1124.06,0
TXN02384,36,50657.94,2721.77,4,7.08,18,5.04,3.94,2,7453.95,3
TXN02385,36,73184.05,1880.28,3,5.48,12,4.3,3.74,2,4386.69,0
TXN02386,28,125399.86,2228.34,10,19.68,24,4.01,4.45,3,1269.9,2
TXN02387,34,54134.63,879.17,3,10.19,19,14.19,3.41,4,3384.36,0
TXN02388,27,21821.24,1761.48,7,16.35,9,12.61,4.06,2,5390.44,1
TXN02389,45,95103.64,11659.4,9,8.18,3,2.74,3.26,2,6602.92,4
TXN02390,46,89842.34,4089.84,2,5.62,4,14.11,3.56,0,5432.95,0
TXN02391,18,15566.56,300.83,7,9.39,20,4.13,4.21,1,2714.31,0
TXN02392,27,54864.17,7032.24,3,23.54,56,2.7,3.99,2,1932.72,0
TXN02393,21,19564.98,6312.15,8,9.27,3,16.5,3.57,3,3799.04,2
TXN02394,29,35705.69,1842.09,8,24.9,34,5.41,4.31,1,6136.54,1
TXN02395,35,30584.93,4599.58,4,8.84,47,10.11,3.26,1,6595.82,1
TXN02396,22,93070.31,1204.18,6,17.44,10,2.68,3.16,1,10580.26,0
TXN02397,27,59339.36,1676.27,4,11.5,33,11.41,3.48,2,3586.82,2
TXN02398,26,23847.97,8935.71,4,8.94,35,2.8,3.64,3,1608.92,0
TXN02399,38,97453.57,1984.41,5,6.08,37,2.19,3.57,1,7488.08,1
TXN02400,37,21657.66,510.19,5,8.54,66,5.86,3.5,4,3709.3,0
TXN02401,29,68163.36,2369.04,7,13.57,15,18.73,4.43,3,1426.0,2
TXN02402,38,32402.2,2338.46,3,3.1,8,2.33,4.85,4,5416.05,0
TXN02403,31,43364.58,6923.38,3,5.69,24,1.49,3.71,5,9403.43,3
TXN02404,33,76333.29,2530.65,2,17.13,2,0.5,4.21,3,4576.26,1
TXN02405,53,77190.42,1747.08,3,4.32,12,6.45,3.29,1,9484.09,0
TXN02406,49,131152.8,6077.47,3,12.64,64,3.98,3.73,0,2493.29,3
TXN02407,23,52136.66,2770.32,4,20.41,23,4.15,4.12,4,2103.25,2
TXN02408,44,67122.97,1321.51,3,28.79,17,48.17,3.21,5,6365.73,0
TXN02409,44,41380.26,6672.79,6,2.42,9,2.59,4.32,1,2734.19,1
TXN02410,25,61906.59,2947.34,6,13.09,9,7.36,3.29,3,8136.87,0
TXN02411,44,73185.63,2506.23,7,36.29,8,51.54,4.51,1,3944.41,0
TXN02412,51,51595.36,2908.14,8,29.82,53,0.5,4.39,3,8214.16,1
TXN02413,25,17028.62,1006.24,4,3.46,126,14.31,4.58,2,5444.75,1
TXN02414,27,68223.51,1596.45,4,14.96,23,5.57,4.52,3,1864.0,3
TXN02415,46,69706.82,2507.62,5,7.59,2,28.39,5.0,2,868.23,1
TXN02416,39,35347.24,2118.75,6,7.78,42,29.16,4.16,1,6050.37,0
TXN02417,42,23866.64,7373.22,7,8.33,63,5.88,2.79,2,5198.49,2
TXN02418,39,143545.87,3007.43,10,20.11,80,3.0,3.89,6,1716.33,1
TXN02419,40,75699.59,5170.45,3,16.05,30,6.7,3.48,2,6121.26,1
TXN02420,23,47390.91,2520.05,3,16.02,21,40.33,2.84,3,9264.51,1
TXN02421,46,26265.64,6135.77,4,15.47,29,3.97,4.7,1,2133.24,1
TXN02422,48,32238.25,3505.0,2,6.32,1,47.76,3.59,2,904.2,2
TXN02423,34,128254.55,2528.68,1,5.68,32,20.54,2.76,1,6904.67,2
TXN02424,36,60148.32,2471.93,4,4.75,37,3.73,3.35,0,8528.88,1
TXN02425,21,38453.57,1110.73,6,11.67,38,18.79,5.0,2,2093.93,2
TXN02426,41,76602.61,3846.52,4,2.37,25,0.61,4.76,4,6016.86,2
TXN02427,42,32394.04,2416.01,6,15.75,36,9.53,4.31,3,4414.5,3
TXN02428,35,145894.12,1631.66,5,32.28,31,5.31,4.24,3,3241.67,1
TXN02429,47,132509.39,6403.11,3,16.53,4,6.68,3.17,4,5254.88,0
TXN02430,33,40611.86,863.82,5,17.92,69,7.68,3.11,2,2462.85,1
TXN02431,42,36550.6,1745.72,10,7.26,29,8.38,4.19,2,1619.03,0
TXN02432,26,10029.66,5988.56,2,9.07,39,12.82,4.91,4,4649.92,0
TXN02433,36,20995.45,3269.0,8,11.37,13,14.32,3.09,2,4222.6,0
TXN02434,34,23027.24,2400.34,4,10.99,75,44.61,3.73,3,588.58,2
TXN02435,38,60051.76,3094.55,6,15.81,21,17.27,3.96,2,1531.05,2
TXN02436,32,44490.75,2911.86,2,30.22,34,13.97,3.46,4,2186.32,1
TXN02437,35,22939.61,688.75,4,11.18,91,5.98,3.68,2,5054.15,2
TXN02438,44,45813.4,1857.85,7,25.99,74,1.5,3.08,2,1205.56,2
TXN02439,32,76386.22,9878.24,6,12.44,31,0.73,4.02,3,2798.34,1
TXN02440,20,77511.69,1427.42,3,4.12,5,7.79,3.92,1,13587.23,0
TXN02441,53,15999.34,1907.39,4,13.5,90,13.24,4.23,0,3667.53,1
TXN02442,50,50600.52,1577.61,4,14.21,124,12.6,3.66,3,3831.0,3
TXN02443,23,22379.87,2321.77,7,4.26,3,36.66,4.3,1,3353.68,1
TXN02444,43,98835.5,1522.93,5,28.17,18,5.78,4.04,3,6960.15,0
TXN02445,31,91563.1,3781.12,7,18.34,24,11.86,4.66,4,3603.76,4
TXN02446,39,30680.14,2956.5,4,23.01,3,26.26,3.61,3,3000.66,1
TXN02447,39,33428.33,4824.98,3,23.86,6,6.21,4.46,0,3893.46,1
TXN02448,34,40752.19,1023.26,3,6.03,23,7.8,3.64,6,8853.29,2
TXN02449,28,12717.99,1871.99,3,23.92,99,30.76,4.25,3,4637.64,5
TXN02450,29,68423.24,2063.55,3,2.98,1,9.59,4.73,1,3643.69,2
TXN02451,27,46061.81,3682.5,4,12.87,73,19.29,4.62,4,7981.13,1
TXN02452,28,103331.99,1273.86,6,8.86,69,32.92,3.66,4,2428.42,2
TXN02453,35,26933.4,5444.45,4,4.31,58,10.16,3.43,2,372.07,1
TXN02454,29,36778.13,6853.39,11,17.85,14,1.39,4.48,2,4788.32,2
TXN02455,43,20657.78,1078.69,3,19.54,20,20.69,3.48,2,4749.41,1
TXN02456,51,28632.55,1647.15,6,5.85,16,20.43,4.49,4,2264.16,0
TXN02457,30,25509.35,1590.66,1,12.39,88,1.47,2.96,0,2899.37,1
TXN02458,38,105079.38,23425.36,10,17.31,22,9.53,4.13,4,8442.93,2
TXN02459,41,34934.08,1734.77,4,1.48,3,8.01,3.54,3,4809.14,1
TXN02460,41,59623.36,10404.85,5,19.14,10,22.54,2.63,0,9825.96,1
TXN02461,37,42941.42,851.85,3,5.12,19,3.85,3.26,1,4223.88,0
TXN02462,43,24099.25,1077.98,6,5.36,92,6.67,3.53,3,3143.06,2
TXN02463,41,49300.68,1394.7,11,18.92,25,11.14,5.0,5,5744.37,0
TXN02464,24,81186.61,1218.3,6,5.01,36,8.74,1.7,3,4528.77,1
TXN02465,45,25085.49,1990.88,3,24.09,3,37.22,3.57,2,4758.33,1
TXN02466,45,93061.12,1368.66,2,10.32,63,38.83,3.56,2,2978.91,1
TXN02467,28,31658.75,1245.89,5,8.18,23,1.02,3.12,1,2345.22,1
TXN02468,36,40180.98,6692.53,7,21.2,76,4.24,3.53,0,2407.81,1
TXN02469,43,77655.1,7074.63,3,12.58,18,0.5,3.7,4,5036.53,1
TXN02470,34,35733.9,5602.39,1,13.74,34,6.49,3.33,3,5514.62,2
TXN02471,47,56359.84,3902.78,9,4.46,19,13.02,4.05,4,555.84,2
TXN02472,60,44825.81,2705.06,6,40.47,5,7.65,4.91,4,2095.54,2
TXN02473,28,59824.93,1638.55,6,33.59,10,0.83,3.77,5,1149.55,1
TXN02474,22,11703.09,1111.94,3,12.99,2,2.62,3.32,2,2469.34,2
TXN02475,39,16744.0,3403.61,4,9.22,17,2.28,3.72,3,2294.37,1
TXN02476,43,82081.42,921.92,6,16.52,31,8.59,3.56,3,3882.39,1
TXN02477,34,107931.97,1074.07,2,3.19,8,13.59,4.57,3,3986.48,2
TXN02478,51,30432.67,6660.98,7,15.3,20,4.56,3.48,6,15549.49,0
TXN02479,23,46932.7,12576.66,8,0.9,18,1.68,4.14,3,4543.84,0
TXN02480,43,66613.06,3492.41,5,9.82,23,19.23,4.0,0,5472.48,0
TXN02481,30,86308.2,6403.08,6,4.69,6,23.45,3.87,2,1293.6,2
TXN02482,53,14722.0,2028.55,3,19.24,23,3.88,3.0,3,2768.78,1
TXN02483,56,30920.12,801.93,6,7.81,14,6.55,3.37,2,1639.58,0
TXN02484,28,44307.62,4206.52,6,4.1,10,1.03,3.67,4,5321.49,1
TXN02485,31,86866.66,4055.96,5,24.41,26,3.1,2.97,2,3630.1,0
TXN02486,45,279028.24,2657.03,8,60.0,5,17.48,3.11,2,2755.71,2
TXN02487,32,47424.05,2034.54,7,11.5,69,5.45,3.46,1,6836.49,0
TXN02488,36,22038.65,5664.22,5,16.34,82,11.14,4.04,3,2898.69,2
TXN02489,36,71436.39,1081.57,2,6.8,32,35.07,4.79,3,8904.34,0
TXN02490,18,129798.14,1295.09,2,8.12,11,15.43,3.99,1,8821.72,1
TXN02491,36,59000.29,1061.2,9,30.44,30,7.25,3.89,2,2242.98,2
TXN02492,29,30508.69,2687.25,4,18.36,28,5.49,3.85,2,7630.9,1
TXN02493,31,102517.06,991.62,5,18.61,15,2.54,3.56,1,3787.27,1
TXN02494,50,84659.54,1397.5,11,7.36,10,16.93,3.73,1,2656.28,0
TXN02495,23,28229.87,1372.18,3,5.74,6,1.43,4.19,4,4614.18,1
TXN02496,44,70475.13,2003.26,3,34.36,7,0.76,4.46,1,1152.38,3
TXN02497,33,105167.66,706.11,4,11.53,32,1.33,2.09,0,2401.82,0
TXN02498,33,118576.9,2692.35,3,17.67,65,3.34,4.31,2,4688.98,2
TXN02499,44,52675.02,7217.43,6,6.17,15,11.84,3.59,0,2848.34,4
TXN02500,39,43579.27,2805.15,7,2.25,4,23.71,4.15,0,7444.37,0
TXN02501,42,122126.96,9266.57,2,9.8,1,58.91,4.05,5,2648.82,1
TXN02502,46,25046.37,7769.37,4,34.85,16,15.78,3.71,2,3810.63,0
TXN02503,33,73142.51,4842.18,3,16.54,8,1.89,4.17,2,3217.32,3
TXN02504,30,22574.39,2663.85,5,16.41,12,3.9,4.0,6,1201.06,1
TXN02505,25,109928.24,2548.27,7,9.27,8,1.7,3.77,3,4606.32,1
TXN02506,28,46507.04,4785.17,5,11.72,33,1.47,3.72,1,4370.05,1
TXN02507,65,125450.63,1792.07,4,13.27,31,10.06,3.11,3,904.71,1
TXN02508,48,75697.98,504.67,5,14.85,73,28.47,3.81,3,621.22,3
TXN02509,22,24834.65,3798.07,7,4.25,36,13.84,2.41,2,2548.02,0
TXN02510,23,138842.64,955.89,6,27.1,5,19.35,4.0,1,8282.79,0
TXN02511,41,150752.98,1103.48,3,18.67,42,8.51,4.32,1,23467.11,0
TXN02512,41,97594.33,2500.48,6,13.75,6,7.74,2.79,2,978.39,1
TXN02513,41,33525.32,2305.82,5,21.71,25,33.27,3.61,3,10920.96,1
TXN02514,33,45079.34,752.79,4,24.94,2,15.36,4.79,2,7891.89,3
TXN02515,35,60452.68,2877.61,2,21.71,1,7.38,5.0,5,2326.63,1
TXN02516,39,34810.58,5683.17,5,22.52,19,4.85,3.73,4,13078.81,0
TXN02517,37,165233.31,958.1,5,8.13,3,1.17,3.84,1,4851.76,3
TXN02518,18,60409.44,7373.57,5,12.05,11,20.64,3.75,3,2984.81,2
TXN02519,34,9489.23,663.75,3,24.14,12,2.23,3.91,3,1006.47,0
TXN02520,27,68574.07,15119.97,6,10.37,44,8.68,4.66,2,3759.26,1
TXN02521,38,43861.23,1762.48,5,20.81,12,12.17,3.8,3,3602.93,2
TXN02522,66,52385.56,2829.4,5,7.62,20,16.35,2.84,1,16775.6,4
TXN02523,40,43281.73,500.61,6,6.83,44,1.04,3.98,1,1805.18,1
TXN02524,33,92936.21,2371.39,5,15.01,7,0.5,3.53,3,1882.31,1
TXN02525,45,113878.29,3035.88,6,30.15,49,14.69,3.02,1,2448.06,2
TXN02526,41,66109.85,2323.45,2,18.81,53,7.27,3.02,2,22468.26,1
TXN02527,40,44114.16,1549.1,12,14.09,135,2.4,3.72,2,1564.26,0
TXN02528,42,53541.87,1118.19,7,18.67,18,48.23,4.24,1,8744.61,1
TXN02529,57,55705.17,6535.43,4,16.11,14,18.81,4.2,1,1176.23,1
TXN02530,25,32647.02,2566.33,5,6.91,36,10.37,4.64,2,4734.7,0
TXN02531,41,80128.92,9262.09,7,10.69,2,14.53,3.27,1,3749.09,1
TXN02532,27,74170.07,1598.04,1,4.32,1,2.02,3.54,3,2144.59,4
TXN02533,42,149698.01,1727.57,5,16.52,12,39.31,4.24,3,5784.93,3
TXN02534,27,124376.16,5000.54,6,25.05,39,67.41,4.3,5,1998.63,1
TXN02535,32,35221.07,629.24,5,27.59,4,12.54,3.44,4,1129.92,0
TXN02536,33,93740.2,891.23,2,10.06,30,13.24,3.32,6,2814.06,2
TXN02537,46,29642.63,6354.43,5,6.58,9,14.63,4.13,3,1841.62,0
TXN02538,45,86460.62,923.25,2,17.24,32,13.15,4.42,1,4196.41,1
TXN02539,24,39312.16,532.64,4,4.06,18,6.93,3.63,6,2864.77,2
TXN02540,37,28281.8,12237.91,5,3.2,4,9.34,4.12,0,10460.23,1
TXN02541,29,65980.73,764.56,6,19.69,9,3.99,3.8,3,2799.2,3
TXN02542,23,9668.42,2923.53,3,13.84,7,7.11,3.34,6,4245.17,2
TXN02543,34,17622.9,2651.2,6,17.79,5,6.87,4.31,4,1551.52,1
TXN02544,33,49007.02,229.3,6,3.79,19,4.08,3.64,5,2596.4,4
TXN02545,60,58027.69,1991.86,3,37.45,93,18.54,2.74,2,1848.96,2
TXN02546,40,43262.06,3659.92,4,3.63,32,6.32,3.34,2,8021.38,0
TXN02547,22,19701.59,3378.57,4,29.75,54,9.63,2.23,2,2059.5,0
TXN02548,30,32320.56,5388.59,7,30.14,119,2.04,5.0,1,2219.95,0
TXN02549,46,70924.74,1798.45,4,23.83,23,7.73,4.71,3,4314.35,1
TXN02550,57,80277.66,4581.01,7,18.72,8,17.2,2.88,2,2123.72,1
TXN02551,20,54423.07,1391.47,5,16.88,79,7.06,3.39,0,9388.82,0
TXN02552,18,116661.33,753.82,2,5.06,36,9.79,3.96,3,13779.48,0
TXN02553,55,71210.57,829.63,6,6.65,96,14.52,4.92,1,1867.42,0
TXN02554,40,33834.7,721.44,5,9.47,32,5.91,4.31,3,6326.23,2
TXN02555,27,45833.11,5896.97,3,13.6,45,5.23,3.95,3,1937.24,2
TXN02556,41,22097.63,689.98,2,9.87,66,1.08,3.39,3,2726.89,2
TXN02557,18,51266.77,3155.74,8,11.21,43,10.48,4.13,1,5673.94,0
TXN02558,36,113318.06,1994.22,1,5.04,25,14.73,4.11,0,3859.93,2
TXN02559,39,85864.61,2291.12,5,32.12,19,10.45,3.82,7,3932.22,2
TXN02560,45,136816.31,7967.39,4,15.49,52,4.0,3.74,0,7550.22,2
TXN02561,26,45171.11,1722.24,6,37.19,44,3.65,3.49,3,7513.62,0
TXN02562,37,131933.51,4204.49,3,3.96,14,2.08,4.7,3,3627.48,1
TXN02563,27,48505.9,2581.11,5,4.29,21,0.58,2.62,0,2244.86,1
TXN02564,39,143145.77,2196.96,3,24.56,30,6.68,4.02,3,3502.26,1
TXN02565,27,54224.15,17659.33,7,9.27,1,2.1,3.81,1,1727.43,0
TXN02566,32,87097.97,734.29,5,27.06,9,14.09,2.42,8,6067.79,1
TXN02567,26,143474.34,7478.65,7,22.44,9,39.16,3.54,3,3067.88,0
TXN02568,43,48502.01,4367.7,6,11.76,64,0.92,3.09,1,1614.26,0
TXN02569,45,63388.73,1663.12,8,5.63,12,26.81,3.08,2,8948.03,1
TXN02570,34,127115.28,9986.27,6,6.01,24,12.87,3.25,1,3465.97,2
TXN02571,36,50444.87,519.65,4,7.65,53,23.62,4.67,5,2073.31,3
TXN02572,22,23306.99,1604.46,4,13.2,9,2.02,3.76,0,7790.01,2
TXN02573,33,221470.14,895.01,2,18.93,4,28.44,4.32,1,8440.24,1
TXN02574,35,40527.72,3548.63,2,5.8,89,38.0,2.96,2,934.15,0
TXN02575,62,60978.7,970.63,5,6.52,37,28.47,3.37,3,7598.29,3
TXN02576,25,116598.63,3612.48,2,6.09,6,18.47,3.5,2,3908.64,1
TXN02577,51,37033.1,2133.62,1,50.59,51,1.14,3.91,6,6908.48,1
TXN02578,46,28566.05,1663.36,4,8.63,46,2.99,4.17,3,3337.42,2
TXN02579,39,64862.03,3478.64,6,16.28,55,29.32,3.99,4,4564.13,0
TXN02580,54,17147.18,1989.66,6,23.44,10,3.13,3.23,2,2828.63,2
TXN02581,40,45613.07,990.99,9,6.6,18,5.13,4.32,4,7010.15,3
TXN02582,40,64496.33,27043.8,3,18.01,35,0.62,3.37,1,2187.61,1
TXN02583,35,46148.5,1652.35,9,17.88,15,11.87,3.99,2,7178.61,0
TXN02584,48,20167.86,379.58,6,5.79,2,9.94,2.84,2,3966.29,1
TXN02585,47,155019.18,1222.02,11,8.65,4,39.17,3.62,2,5944.49,0
TXN02586,30,58828.89,851.38,5,18.01,27,26.75,4.16,1,1726.82,1
TXN02587,23,139432.7,5045.59,2,11.05,14,8.46,3.87,3,4705.39,1
TXN02588,34,46446.9,3286.08,7,25.31,1,11.28,3.23,3,5083.54,0
TXN02589,28,31041.51,3508.53,2,4.21,44,6.4,4.18,3,12817.15,2
TXN02590,35,65516.42,1825.35,2,26.99,16,1.71,3.26,2,5704.09,1
TXN02591,48,47802.19,1971.6,5,11.69,11,24.28,2.58,3,2318.84,1
TXN02592,31,25579.42,1823.94,7,10.07,38,9.57,4.52,3,2252.65,0
TXN02593,36,142978.31,2333.28,4,19.29,18,6.65,3.1,5,5962.8,2
TXN02594,37,36702.96,5085.15,6,10.55,36,0.85,4.35,2,2398.36,0
TXN02595,44,16629.2,3326.61,6,13.91,1,13.14,3.63,1,2433.02,5
TXN02596,18,130404.5,3824.34,2,22.08,1,6.12,4.25,3,1918.15,2
TXN02597,30,39628.14,3822.54,10,15.97,25,3.51,3.25,1,3841.78,1
TXN02598,38,37049.23,5301.91,4,23.97,121,25.12,4.4,3,4080.59,0
TXN02599,48,17458.58,3193.82,4,9.71,10,2.43,3.42,1,2785.57,2
TXN02600,31,170535.78,3391.63,4,16.16,34,8.68,3.61,7,11464.6,3
TXN02601,18,23787.75,6867.33,3,33.29,6,19.06,2.29,2,5220.15,2
TXN02602,42,57129.77,1420.49,3,3.27,11,22.69,2.67,4,11983.66,1
TXN02603,30,99537.69,1207.93,7,16.79,2,20.49,4.33,1,3835.76,1
TXN02604,24,72345.21,912.34,7,21.08,64,27.23,3.33,2,2095.49,1
TXN02605,30,52908.18,2920.54,7,31.19,11,1.84,2.43,1,1744.66,5
TXN02606,34,18196.88,517.17,3,16.49,8,33.85,3.36,0,3211.19,1
TXN02607,30,32492.59,3702.92,5,18.07,39,0.5,4.18,0,5930.13,1
TXN02608,18,62140.84,2278.41,7,7.83,7,3.55,2.96,7,2842.74,2
TXN02609,45,32972.37,6558.32,7,27.97,8,1.05,4.53,2,6376.32,3
TXN02610,49,62772.48,1412.22,4,19.55,3,34.92,3.41,3,9347.3,3
TXN02611,43,85666.89,2103.22,8,7.57,99,6.62,3.53,2,1989.9,0
TXN02612,25,102817.96,6489.36,8,6.85,9,4.54,3.26,3,1621.12,0
TXN02613,34,24786.93,8100.74,5,10.69,163,2.19,2.48,5,6797.0,0
TXN02614,36,229327.96,1402.37,10,13.27,6,2.03,3.58,1,4225.12,0
TXN02615,42,90576.5,2917.73,6,12.2,1,11.42,3.73,1,4395.53,1
TXN02616,43,54938.75,3210.89,9,12.63,68,0.58,4.05,0,5702.57,2
TXN02617,29,111668.2,3434.59,8,10.5,26,10.83,3.25,2,1202.74,1
TXN02618,37,255915.74,1999.91,6,12.59,13,17.88,2.64,2,4766.62,0
TXN02619,41,21588.59,7429.56,4,24.48,22,11.03,4.99,2,3971.3,1
TXN02620,51,47508.68,501.6,2,19.35,9,21.02,3.91,4,4836.01,1
TXN02621,43,11720.65,1747.75,3,3.78,30,3.7,3.73,0,1793.94,2
TXN02622,44,62337.1,3658.42,1,26.14,29,0.96,4.52,4,3703.3,1
TXN02623,37,69744.56,3687.44,8,16.45,3,15.32,3.1,4,2494.82,1
TXN02624,50,53617.62,7894.26,7,5.71,72,21.13,2.99,0,7267.15,2
TXN02625,40,35941.28,6922.54,5,13.9,19,8.36,4.23,4,3293.75,2
TXN02626,27,14514.51,1961.25,2,7.53,7,20.62,5.0,5,2299.58,1
TXN02627,50,70114.53,7547.24,7,7.55,11,7.35,2.79,3,1749.23,2
TXN02628,43,141650.9,1362.55,12,10.5,60,2.66,3.75,1,6447.92,0
TXN02629,32,37456.16,5515.4,5,26.0,14,7.72,4.01,5,6955.97,1
TXN02630,31,73212.94,11649.17,3,1.49,25,2.92,4.08,2,13452.25,1
TXN02631,39,19846.73,7021.61,4,8.6,89,7.66,3.55,5,2793.57,3
TXN02632,41,74033.79,2735.18,5,20.09,32,1.92,3.12,4,1722.37,3
TXN02633,38,42590.65,1885.66,6,45.31,34,2.46,2.31,3,3204.64,1
TXN02634,39,33507.24,681.8,3,59.54,9,25.74,5.0,3,2147.57,3
TXN02635,53,33552.01,3255.19,3,10.81,33,1.48,4.88,2,2253.28,1
TXN02636,47,42584.3,968.85,1,4.98,15,3.05,3.29,5,4878.6,1
TXN02637,38,70521.3,1273.96,5,17.29,73,64.9,3.77,2,7517.22,3
TXN02638,45,23439.6,908.61,2,19.38,4,10.3,3.33,2,4673.91,1
TXN02639,26,42487.43,1690.39,4,24.94,10,10.58,3.55,3,3788.69,1
TXN02640,40,53537.19,2441.27,2,17.27,2,22.37,3.65,1,6216.02,3
TXN02641,54,26922.37,3154.6,7,4.52,14,8.92,2.9,2,2984.79,0
TXN02642,34,176825.89,1500.59,3,1.7,5,3.01,3.7,3,9657.24,0
TXN02643,28,31581.17,6203.92,9,27.47,56,6.59,3.83,4,28563.57,2
TXN02644,29,35594.79,2094.5,6,22.83,78,16.88,2.61,2,2252.47,0
TXN02645,25,29120.23,1279.83,5,5.93,33,24.71,3.25,1,8159.89,3
TXN02646,28,177034.61,3030.23,2,5.67,3,3.83,2.77,4,8168.82,1
TXN02647,32,78784.92,13267.41,5,38.8,13,3.65,3.02,1,5062.03,1
TXN02648,22,29920.64,3324.03,5,25.11,100,4.76,3.59,3,8612.76,1
TXN02649,36,112886.59,1836.5,8,10.58,4,10.88,3.65,1,4486.75,1
TXN02650,45,62664.01,682.46,2,6.8,24,3.92,3.65,3,5512.15,3
TXN02651,27,65010.44,2074.65,5,10.33,13,26.83,5.0,4,3706.66,0
TXN02652,51,43966.28,3052.56,5,8.62,180,45.8,3.98,1,3861.38,1
TXN02653,41,33791.62,1798.31,6,19.48,10,13.64,4.03,3,5463.22,0
TXN02654,46,68503.25,606.96,1,15.29,1,42.2,3.84,0,4700.57,0
TXN02655,29,38591.29,1213.26,3,7.86,36,4.07,2.75,0,1681.82,2
TXN02656,45,179150.16,8607.62,9,20.61,12,20.26,3.68,2,4998.5,0
TXN02657,25,24101.98,8458.67,6,7.15,32,13.62,3.77,1,2947.27,1
TXN02658,45,149281.69,1176.62,5,8.07,3,3.67,4.28,2,2371.6,0
TXN02659,38,51160.92,4428.82,4,11.31,22,4.6,2.99,1,6901.35,1
TXN02660,42,66802.39,918.06,3,25.4,14,8.05,3.37,1,1820.39,2
TXN02661,24,94527.02,8247.91,11,7.36,23,18.82,3.0,1,2895.0,1
TXN02662,27,36513.1,3079.42,6,22.46,58,24.69,3.3,3,1659.51,2
TXN02663,42,96456.74,5604.03,3,38.61,108,12.06,3.56,1,2641.28,0
TXN02664,27,9463.38,581.85,7,8.98,42,15.34,2.93,0,18685.65,0
TXN02665,41,34444.18,4447.23,6,23.73,44,3.68,4.34,2,2049.06,0
TXN02666,22,30165.3,2483.75,2,27.2,23,16.21,3.07,3,3148.21,2
TXN02667,44,24350.55,5157.39,4,60.0,3,11.15,4.25,2,9273.69,2
TXN02668,24,47828.06,5440.81,5,17.84,33,3.03,3.45,4,4757.49,1
TXN02669,42,70673.5,2643.77,2,11.66,5,35.99,3.44,5,3176.46,1
TXN02670,42,86839.55,1500.18,2,33.22,8,8.63,4.37,1,2154.87,2
TXN02671,29,64322.09,4850.26,4,20.89,37,18.99,4.21,2,5608.36,1
TXN02672,42,35681.5,2375.38,6,19.77,32,8.95,4.09,3,2789.98,0
TXN02673,39,69908.96,1190.56,4,18.18,11,32.43,2.57,1,16039.32,1
TXN02674,31,59627.62,1143.58,6,39.84,44,1.83,4.63,2,2871.82,2
TXN02675,26,101065.59,712.27,8,8.64,84,9.48,4.8,4,11424.5,2
TXN02676,18,91135.01,1620.19,7,23.98,24,0.5,3.59,1,6469.36,1
TXN02677,39,56100.4,6382.62,8,18.24,34,2.64,3.1,3,6430.58,0
TXN02678,20,30695.58,2907.94,5,28.6,10,3.96,2.93,2,3133.05,2
TXN02679,37,35978.29,1593.59,1,8.22,106,7.68,3.57,0,2537.46,0
TXN02680,33,38473.52,4955.1,5,4.92,10,20.59,3.01,5,2917.76,0
TXN02681,43,44809.05,1232.06,5,39.77,66,7.54,3.62,6,7275.99,1
TXN02682,33,65468.29,2711.06,7,3.0,79,9.88,3.39,4,5051.43,1
TXN02683,33,87548.82,2146.0,2,7.67,38,30.93,2.84,2,947.99,1
TXN02684,43,53202.53,4847.93,6,3.76,50,16.95,3.3,0,1420.2,5
TXN02685,39,55579.49,654.19,6,25.81,18,0.62,3.84,4,3184.0,0
TXN02686,39,60369.4,1213.64,3,6.07,76,2.33,3.14,2,5094.39,1
TXN02687,41,39330.28,621.13,5,16.75,41,0.5,3.53,5,2981.2,2
TXN02688,21,30139.25,2004.98,7,6.03,12,0.86,4.4,3,2461.69,3
TXN02689,44,17571.86,7000.66,4,4.62,1,4.97,3.25,1,1757.39,1
TXN02690,42,35004.83,1626.87,3,37.88,23,15.62,3.13,4,6631.77,2
TXN02691,26,74804.48,1619.65,2,20.83,55,3.36,3.86,3,3752.51,1
TXN02692,34,34828.66,5244.9,4,10.04,59,5.98,4.59,0,11348.47,1
TXN02693,36,47122.88,6200.05,8,14.22,54,6.01,4.08,2,1409.12,2
TXN02694,35,74478.73,2318.7,9,4.75,7,10.71,3.31,1,5678.11,1
TXN02695,39,77152.3,4474.07,11,45.02,17,26.81,3.3,3,5135.29,0
TXN02696,50,27265.9,1000.88,4,7.44,29,49.06,3.44,5,6332.93,1
TXN02697,47,105153.56,8065.28,8,22.49,33,11.13,3.55,2,6242.81,0
TXN02698,23,114446.88,15528.72,2,3.91,12,8.44,5.0,2,2454.28,2
TXN02699,42,26388.57,3893.56,2,15.45,35,13.74,3.86,3,3084.26,2
TXN02700,49,32195.9,425.12,8,18.4,27,13.23,5.0,0,3932.4,5
TXN02701,40,119288.17,1555.5,3,12.89,25,8.91,4.37,2,1734.62,2
TXN02702,47,49992.77,4208.86,6,22.03,33,16.03,2.03,3,7205.99,1
TXN02703,56,12993.87,1747.23,6,10.24,28,8.11,3.44,3,619.16,2
TXN02704,46,22143.42,7371.78,6,7.72,5,67.72,3.75,3,1551.43,0
TXN02705,38,46770.04,4121.53,4,13.38,62,0.6,3.91,1,1081.22,0
TXN02706,46,25825.32,1371.34,2,5.01,8,7.03,3.84,3,7557.91,2
TXN02707,37,42039.42,2569.51,4,5.16,41,6.07,2.59,1,4070.19,1
TXN02708,36,56170.44,1169.45,7,7.48,6,17.65,2.57,0,2410.21,1
TXN02709,32,142280.25,2140.62,5,34.16,32,2.54,3.77,5,3744.1,0
TXN02710,52,45537.59,1560.31,5,12.07,68,6.83,3.51,2,4211.15,1
TXN02711,28,110441.43,6785.84,5,48.17,1,14.37,4.69,5,1469.66,6
TXN02712,51,139216.08,15103.11,4,11.39,117,11.09,3.8,3,3876.49,1
TXN02713,41,139719.17,740.66,4,7.78,1,9.45,4.34,4,9252.71,2
TXN02714,22,66183.0,487.51,2,36.84,1,6.85,4.25,2,10467.03,1
TXN02715,40,15351.22,2029.71,4,7.48,58,16.73,3.75,0,6360.32,0
TXN02716,18,74207.81,687.73,3,11.1,37,12.48,4.57,4,4193.65,0
TXN02717,42,108721.89,2600.15,5,4.58,3,24.93,3.47,4,6685.54,0
TXN02718,45,52176.88,4725.09,3,29.98,83,15.85,3.76,7,5735.99,0
TXN02719,30,170940.01,8902.31,6,12.52,33,1.82,3.85,3,1593.6,0
TXN02720,37,96180.34,2966.78,8,29.05,4,11.6,3.21,4,1846.33,2
TXN02721,56,79575.87,2121.47,5,18.7,59,0.55,2.99,2,5457.67,0
TXN02722,31,111439.37,465.18,6,12.27,20,5.88,2.9,3,2191.99,0
TXN02723,25,68307.77,2556.27,2,16.67,10,6.37,3.07,5,1707.62,0
TXN02724,51,10880.87,2656.17,7,32.14,52,23.16,3.7,1,8630.67,1
TXN02725,56,39761.25,4303.39,4,14.07,40,2.39,4.01,0,3657.11,0
TXN02726,36,119760.32,1368.99,7,11.22,29,12.38,2.92,5,3344.46,1
TXN02727,46,32537.68,1727.19,3,2.12,69,2.56,3.84,0,1507.88,4
TXN02728,49,47563.99,711.76,7,18.13,59,35.63,3.62,5,2556.6,0
TXN02729,29,27887.81,356.54,5,12.59,8,9.05,4.45,2,2752.1,0
TXN02730,31,175367.34,974.4,4,35.42,63,14.78,3.45,2,1857.4,4
TXN02731,48,164071.66,658.04,7,4.49,14,12.48,4.91,1,1494.72,0
TXN02732,53,30963.79,3328.41,5,18.53,17,4.34,4.33,3,11897.15,1
TXN02733,42,60526.23,1609.42,6,3.3,108,27.78,3.57,3,9387.17,1
TXN02734,27,35339.88,1582.16,7,10.54,43,11.84,3.42,4,3252.04,4
TXN02735,56,82026.9,1082.79,6,33.7,12,8.57,4.42,3,1381.87,1
TXN02736,31,76602.31,160.19,8,33.27,31,9.02,3.57,4,1046.02,1
TXN02737,33,93218.09,9010.18,4,17.92,23,26.56,3.83,3,2551.46,2
TXN02738,39,68243.36,1068.29,7,18.1,4,0.73,3.44,2,722.75,0
TXN02739,52,370682.99,1760.74,5,24.27,66,5.91,3.41,3,2549.27,0
TXN02740,45,28196.07,725.88,5,12.62,52,22.11,2.94,2,850.25,0
TXN02741,40,18091.48,5711.21,5,11.56,45,0.5,4.76,2,3276.51,1
TXN02742,41,42598.73,2824.14,4,4.6,25,12.23,3.52,1,4015.86,0
TXN02743,36,19848.75,1238.47,2,14.26,7,6.2,3.89,3,3070.9,1
TXN02744,42,20847.47,1791.22,5,5.02,65,2.75,4.14,1,16006.52,0
TXN02745,18,28687.99,10409.76,7,9.91,13,11.34,4.75,2,3029.37,0
TXN02746,33,30202.07,2349.65,4,25.4,1,21.34,3.41,5,11751.24,0
TXN02747,38,29572.1,2142.17,6,17.11,120,7.56,2.19,1,4306.56,0
TXN02748,24,77028.5,1123.13,4,7.12,59,1.9,3.86,1,14320.44,1
TXN02749,40,39579.46,499.52,3,9.48,29,4.39,4.15,2,1024.12,0
TXN02750,34,48942.63,2182.03,2,14.81,1,47.79,3.42,3,1640.53,1
TXN02751,54,98355.11,3296.8,3,19.94,8,1.41,4.18,4,2863.03,1
TXN02752,52,33422.31,6365.78,5,6.4,18,2.1,3.8,1,10750.66,1
TXN02753,31,46310.95,369.75,11,30.66,30,55.48,3.55,3,2960.69,2
TXN02754,34,69761.14,960.75,4,13.57,37,25.66,4.73,2,2174.14,3
TXN02755,35,15569.5,1526.02,6,6.28,47,14.74,3.58,0,5351.9,2
TXN02756,31,11671.44,2492.61,8,7.65,24,1.96,4.96,2,6598.89,3
TXN02757,38,68876.11,2210.04,8,29.74,32,3.3,3.82,2,2045.77,0
TXN02758,28,75727.58,2254.34,4,20.35,50,2.38,3.22,1,2161.31,0
TXN02759,25,210413.84,3536.62,12,26.07,38,11.96,2.47,2,11464.06,1
TXN02760,42,60952.5,1160.08,7,17.47,93,6.11,4.63,3,8389.12,0
TXN02761,42,93706.17,5530.68,1,1.07,62,0.59,4.47,1,10117.34,1
TXN02762,28,48437.58,3613.68,1,6.54,6,4.13,4.36,3,6761.41,1
TXN02763,45,66721.74,1904.91,7,30.28,88,23.65,4.7,1,1925.61,2
TXN02764,30,162560.48,9748.0,3,5.84,7,19.08,5.0,1,3420.16,1
TXN02765,39,13828.59,9386.24,4,14.46,142,12.36,2.3,1,1664.86,0
TXN02766,44,71965.28,5524.83,2,4.43,36,1.07,2.56,3,6929.87,3
TXN02767,36,220404.51,192.15,3,9.81,30,25.73,3.6,3,2392.46,3
TXN02768,41,66066.08,9567.71,8,10.4,12,9.18,4.48,3,1056.09,1
TXN02769,31,160807.12,4912.76,4,5.58,4,8.19,4.0,4,3789.88,0
TXN02770,34,36537.72,13759.62,10,7.39,4,32.63,4.0,2,7693.79,1
TXN02771,34,53866.15,7157.32,4,16.06,60,0.5,3.49,1,1334.83,1
TXN02772,29,56211.66,9562.81,3,9.03,17,9.74,3.21,2,3206.69,2
TXN02773,34,13012.35,5275.89,3,60.0,25,18.8,3.73,1,2374.04,1
TXN02774,21,25739.26,7867.02,3,21.14,81,0.79,3.62,5,7004.35,1
TXN02775,31,26960.27,13616.69,5,22.35,9,5.3,3.49,3,835.11,1
TXN02776,33,93847.97,3005.25,5,26.4,43,45.52,4.24,8,7746.57,2
TXN02777,33,96953.62,656.98,8,18.1,19,2.86,3.79,6,2136.56,0
TXN02778,34,67894.63,1925.04,7,7.87,7,9.09,4.11,1,3129.18,2
TXN02779,35,93972.3,3482.48,5,22.18,58,16.45,3.72,3,6383.94,0
TXN02780,41,49433.88,2664.31,1,10.91,34,5.94,4.28,4,9855.12,0
TXN02781,45,120131.72,866.51,4,4.81,3,6.29,3.03,3,3628.03,0
TXN02782,30,55315.09,624.93,6,19.21,23,0.78,2.81,2,2107.0,0
TXN02783,24,57108.03,1331.5,4,17.75,57,2.53,3.56,1,2412.62,1
TXN02784,26,46279.45,4967.26,4,22.49,2,25.5,4.34,3,7917.12,2
TXN02785,31,85817.76,9579.06,3,12.57,16,20.47,3.55,1,1884.81,4
TXN02786,32,41827.5,5448.68,3,24.4,49,4.36,5.0,5,4406.05,1
TXN02787,28,103753.05,6141.71,3,5.97,59,5.77,3.09,6,3518.27,1
TXN02788,23,26349.16,2334.03,7,3.3,45,6.97,3.66,4,5955.1,0
TXN02789,31,26924.53,568.66,8,14.46,11,5.09,2.51,3,3584.65,0
TXN02790,38,85983.94,1697.83,6,9.1,21,12.73,4.83,4,2583.24,1
TXN02791,42,51923.91,2006.4,6,6.96,41,0.5,3.72,1,2459.36,2
TXN02792,30,40948.03,1638.52,2,11.33,5,25.46,2.15,5,2427.37,2
TXN02793,32,98088.56,2618.97,9,20.15,27,4.29,3.58,1,1332.61,1
TXN02794,27,37062.78,3638.23,7,0.84,38,24.7,2.0,0,4987.81,2
TXN02795,36,48288.93,5162.15,5,10.11,57,7.27,4.65,2,4054.12,4
TXN02796,28,136569.19,1973.66,6,36.22,4,17.97,3.16,2,1254.17,1
TXN02797,42,149571.68,495.64,4,4.27,12,20.97,3.83,3,2634.85,2
TXN02798,18,152840.06,1658.39,6,8.61,23,4.3,3.28,1,2886.12,0
TXN02799,32,45784.77,2594.63,5,29.29,36,12.27,3.66,1,2323.26,1
TXN02800,39,122399.47,7068.71,5,11.97,39,11.22,4.36,0,3218.27,2
TXN02801,38,29681.2,1542.89,4,15.76,9,7.76,3.52,2,3247.58,2
TXN02802,63,30503.65,3864.97,2,10.29,1,7.61,4.19,2,6545.72,1
TXN02803,39,11935.74,3199.09,5,30.9,36,4.37,1.83,3,3488.55,1
TXN02804,26,163154.49,2595.05,6,8.16,72,4.46,2.91,2,5303.18,0
TXN02805,35,31366.68,5513.74,4,14.12,48,9.53,3.84,5,1322.01,0
TXN02806,18,50657.49,1425.58,6,22.86,29,0.5,3.3,3,1664.76,2
TXN02807,35,30435.89,1533.24,3,7.13,114,32.56,4.62,0,1337.92,1
TXN02808,28,86417.53,2474.84,8,3.97,17,12.6,4.39,4,2653.16,2
TXN02809,45,43084.84,1450.87,3,1.73,22,7.03,4.75,4,3638.9,0
TXN02810,31,23551.8,3850.11,5,20.1,1,0.77,3.87,1,11247.68,2
TXN02811,35,73289.24,1363.53,1,5.46,88,11.93,3.28,0,1958.14,3
TXN02812,30,21658.73,3030.26,9,17.82,26,0.5,4.23,2,6342.55,2
TXN02813,53,31913.19,2295.94,3,17.18,15,13.67,3.06,3,1954.55,1
TXN02814,33,13983.18,3001.1,2,5.12,1,0.9,3.6,1,3559.04,1
TXN02815,54,21796.74,1691.32,10,14.99,14,12.81,4.09,6,3146.08,0
TXN02816,44,61767.49,1873.98,4,44.53,1,6.25,3.31,1,1833.25,2
TXN02817,41,15338.79,2712.58,6,20.81,12,13.04,5.0,5,1936.43,0
TXN02818,40,21001.39,2968.49,11,60.0,91,1.79,4.3,1,10708.18,3
TXN02819,40,54915.38,2491.09,6,9.02,5,1.5,3.16,5,2409.74,4
TXN02820,18,38628.44,10653.08,3,15.57,24,3.41,4.47,3,7041.42,0
TXN02821,33,200769.4,1076.98,4,6.78,6,6.36,4.94,0,5628.46,1
TXN02822,44,181157.34,2367.22,7,36.36,46,3.5,2.74,3,2281.92,3
TXN02823,36,31286.4,656.2,4,10.83,25,1.03,4.7,2,3491.7,1
TXN02824,22,79001.96,3430.0,7,5.03,7,4.72,2.92,3,3808.58,0
TXN02825,35,89511.48,968.83,5,15.44,60,14.68,3.79,5,4921.59,0
TXN02826,53,37299.2,1973.34,7,8.6,46,10.5,3.92,1,2635.92,2
TXN02827,48,20805.79,1822.18,7,17.52,91,39.67,3.34,2,1218.97,2
TXN02828,35,54562.08,3174.18,1,12.26,1,6.87,3.34,1,2143.53,1
TXN02829,46,49155.24,1562.71,4,21.08,18,4.86,3.2,1,7914.2,0
TXN02830,32,41433.36,1507.24,10,2.05,180,14.2,3.42,3,3423.92,0
TXN02831,19,73320.42,8472.02,6,13.53,50,6.37,3.1,1,2607.02,0
TXN02832,27,33762.78,3184.11,10,6.65,53,11.56,4.58,0,1246.32,1
TXN02833,52,26011.4,1551.77,6,26.66,29,35.09,2.77,2,8320.45,0
TXN02834,33,59041.3,2019.97,4,34.22,37,8.3,5.0,5,3027.29,1
TXN02835,34,70683.61,10123.33,6,8.25,49,8.27,3.71,2,7493.31,3
TXN02836,33,25597.99,2047.05,2,17.76,3,17.91,2.33,3,5643.17,0
TXN02837,55,100543.66,1391.53,5,6.22,35,16.93,4.34,4,6107.04,1
TXN02838,52,17400.87,1396.6,5,16.62,51,8.71,3.53,2,11182.82,2
TXN02839,58,37771.67,1567.58,3,6.49,1,0.8,2.97,4,3809.12,2
TXN02840,34,46508.15,1508.28,6,17.24,11,47.43,3.56,4,3187.78,3
TXN02841,39,36371.58,842.48,1,19.01,12,5.68,3.26,2,10459.22,0
TXN02842,21,38093.51,961.48,3,38.5,58,4.57,4.7,2,6274.82,1
TXN02843,51,185588.45,1235.37,4,3.95,45,47.91,3.25,2,2136.98,1
TXN02844,24,31634.82,4133.51,5,18.23,32,24.68,2.87,3,7265.34,0
TXN02845,38,268842.93,1808.03,3,2.59,49,4.81,3.3,4,10107.28,1
TXN02846,25,73073.49,2096.36,1,12.39,18,4.42,3.11,4,699.61,0
TXN02847,30,58391.42,7358.57,4,11.98,62,15.32,4.55,3,1464.65,1
TXN02848,28,74955.11,7516.1,4,11.86,8,4.88,3.94,4,1985.16,0
TXN02849,30,284799.73,1966.95,8,3.61,37,3.48,2.77,2,5806.09,0
TXN02850,31,28832.34,1462.37,6,12.83,8,46.75,3.06,2,6079.9,2
TXN02851,31,26550.84,1199.04,1,12.58,1,10.01,3.49,4,5035.13,2
TXN02852,44,33672.12,4504.83,6,1.71,10,17.25,2.51,4,6463.94,0
TXN02853,25,56161.21,2100.74,4,2.37,20,14.98,3.02,2,1611.27,0
TXN02854,38,17913.99,1799.97,3,14.89,56,16.9,4.03,2,1504.61,3
TXN02855,48,55804.45,1251.92,2,25.34,21,28.04,5.0,4,8414.55,0
TXN02856,31,165362.3,1299.62,5,14.36,6,8.34,2.51,1,3763.74,1
TXN02857,29,60688.12,3281.63,5,15.66,148,16.8,5.0,1,8156.65,1
TXN02858,34,45471.59,817.23,6,7.45,9,19.12,4.06,2,2146.32,0
TXN02859,48,36801.14,5823.66,2,11.8,127,35.11,3.01,2,1671.09,0
TXN02860,38,98629.05,1588.08,3,3.81,83,14.98,4.87,1,1437.86,2
TXN02861,31,32154.16,2201.41,0,18.48,23,26.78,4.09,4,6131.69,0
TXN02862,41,182635.17,802.41,6,6.13,3,1.2,4.39,4,7730.42,1
TXN02863,25,193256.25,2473.86,7,4.13,36,1.62,4.38,1,5114.1,2
TXN02864,43,64989.21,1891.21,3,12.85,56,2.07,4.55,5,2495.28,4
TXN02865,40,54589.87,2395.81,7,26.7,18,1.88,2.92,2,5467.16,0
TXN02866,33,107475.41,8734.17,7,14.4,8,1.1,4.36,0,5363.16,1
TXN02867,28,112050.79,2907.62,5,26.63,49,1.57,3.84,3,847.98,0
TXN02868,27,32571.53,1272.31,5,8.97,24,65.99,4.21,4,2738.69,3
TXN02869,41,39058.96,1365.7,4,15.5,7,3.81,3.33,1,4256.19,2
TXN02870,48,23284.95,4146.03,5,10.75,90,7.8,3.35,5,7601.92,1
TXN02871,30,71752.69,7539.68,2,20.03,89,20.69,3.39,4,3297.52,0
TXN02872,41,84829.33,3176.95,4,17.06,14,1.51,4.31,1,3884.88,1
TXN02873,18,22871.27,4489.3,6,6.88,2,4.58,3.74,2,3338.78,2
TXN02874,30,40913.25,4197.83,5,39.72,30,2.08,3.42,5,4214.21,0
TXN02875,36,22911.02,8351.95,4,4.35,11,0.78,3.56,2,1342.6,0
TXN02876,27,30664.74,476.7,6,14.0,2,38.85,4.68,2,2290.9,1
TXN02877,27,78688.28,4408.03,4,6.19,67,23.45,4.15,4,734.0,0
TXN02878,29,34143.42,5768.81,4,12.57,180,25.37,4.12,3,2568.69,1
TXN02879,39,45231.62,801.22,6,5.83,13,24.36,3.99,1,4951.71,3
TXN02880,34,19097.94,1177.59,4,12.5,41,2.01,4.55,2,2010.43,0
TXN02881,18,62108.13,1213.03,7,15.03,2,18.45,3.06,2,2934.96,2
TXN02882,18,53439.79,1345.57,7,19.85,14,15.62,4.42,4,4600.92,1
TXN02883,30,34243.94,1660.02,6,2.7,3,31.15,3.85,3,23536.1,2
TXN02884,41,48641.35,3072.54,4,8.72,2,2.97,3.15,2,3305.63,0
TXN02885,18,61838.42,5218.0,5,21.89,27,6.41,3.79,2,5790.44,3
TXN02886,31,32384.14,6267.7,5,16.45,49,4.19,3.61,5,3070.91,1
TXN02887,31,21068.15,1226.47,5,52.75,18,3.58,4.04,5,4490.39,3
TXN02888,50,177852.86,1219.32,6,8.5,22,12.68,4.43,0,3431.17,1
TXN02889,32,36441.42,7650.26,6,40.37,9,2.15,3.01,2,2604.8,1
TXN02890,40,51647.36,4331.97,8,21.25,40,7.5,5.0,1,3037.4,1
TXN02891,37,106099.68,2682.44,4,29.5,13,12.48,2.62,1,8379.1,0
TXN02892,18,545236.18,3738.28,9,6.73,2,1.68,3.28,1,4285.19,0
TXN02893,44,24493.73,2437.46,11,16.64,5,3.56,5.0,2,1514.19,0
TXN02894,38,73679.23,3904.73,5,14.79,4,41.07,2.76,4,2600.74,1
TXN02895,41,34723.76,1878.8,5,9.11,17,19.04,3.39,2,1874.67,1
TXN02896,75,38749.56,3141.73,5,26.49,2,13.56,3.26,1,6699.02,0
TXN02897,18,34439.2,692.34,2,12.21,49,23.25,2.11,3,2056.87,2
TXN02898,53,26460.62,1393.3,4,20.89,72,0.5,3.72,2,6398.37,2
TXN02899,33,53543.47,1406.12,6,4.06,9,0.5,4.11,4,6933.54,1
TXN02900,39,21092.27,1818.59,3,15.11,20,2.01,4.11,1,3872.04,1
TXN02901,36,101774.35,1137.41,6,22.73,22,8.2,3.38,2,5123.63,2
TXN02902,32,57001.93,1588.48,6,7.91,126,10.13,2.41,1,2463.89,0
TXN02903,30,72378.98,690.07,2,11.67,2,1.45,3.31,1,6341.84,0
TXN02904,39,40622.03,3985.59,2,12.48,33,0.9,3.16,3,1469.51,1
TXN02905,21,43321.57,2330.67,7,12.47,13,21.15,3.97,2,2531.68,2
TXN02906,44,66303.97,586.76,7,5.61,21,7.49,3.39,2,2821.88,0
TXN02907,32,25808.41,1229.6,5,23.07,7,58.71,4.07,5,6981.81,0
TXN02908,25,43581.79,3328.1,4,9.97,5,3.13,2.44,4,11547.12,0
TXN02909,31,31455.83,1575.74,3,19.5,8,12.5,4.23,0,2545.42,2
TXN02910,49,30829.24,1382.5,5,13.98,2,19.58,4.14,3,3270.84,1
TXN02911,31,13956.4,2346.41,2,6.24,10,24.73,3.01,1,1531.04,0
TXN02912,40,131353.93,3347.95,5,16.22,35,4.39,3.27,5,3302.17,2
TXN02913,29,35201.3,737.41,6,7.72,32,2.58,3.55,2,7567.11,1
TXN02914,44,117158.49,3990.43,7,9.75,24,3.08,4.53,2,995.73,1
TXN02915,43,110172.6,1266.23,6,2.91,1,13.19,3.57,2,3545.59,3
TXN02916,54,23841.63,2462.19,4,22.72,4,8.87,4.01,2,5785.64,1
TXN02917,34,27109.0,2425.85,3,3.86,56,10.97,3.77,3,3642.58,2
TXN02918,43,290516.42,1597.25,4,23.01,10,0.5,4.41,1,3065.52,0
TXN02919,37,171646.14,1047.26,4,12.06,73,5.95,3.89,3,6464.38,0
TXN02920,49,53884.68,1961.01,12,14.19,62,4.46,2.91,2,1987.02,1
TXN02921,29,65015.5,9952.48,6,8.91,5,23.92,3.6,4,2028.22,0
TXN02922,43,36498.93,785.74,4,4.05,69,17.97,4.48,1,961.17,1
TXN02923,34,72847.08,10535.57,4,27.91,30,6.74,4.01,2,4395.16,3
TXN02924,35,34507.09,2004.77,13,6.75,30,11.95,2.92,4,4086.01,3
TXN02925,37,14677.32,2576.31,6,32.85,57,0.59,5.0,2,2342.78,2
TXN02926,39,23296.94,992.61,4,38.68,16,12.17,3.36,4,1872.37,1
TXN02927,35,55759.26,1297.85,5,18.83,40,1.23,4.43,5,3385.73,0
TXN02928,38,26367.69,1630.39,3,11.24,33,15.02,4.77,1,3743.63,1
TXN02929,52,52646.66,1027.83,4,4.33,44,10.24,4.53,2,1513.59,1
TXN02930,46,27352.38,2093.23,6,21.04,32,4.29,3.17,2,896.35,0
TXN02931,45,33075.84,1768.85,5,28.17,3,5.56,4.55,5,1046.02,1
TXN02932,31,95764.36,12054.7,6,13.11,10,1.13,3.96,7,1265.25,1
TXN02933,27,64598.78,927.94,5,12.84,84,4.68,2.87,1,1505.09,2
TXN02934,46,54655.58,2728.02,7,17.48,8,40.88,3.74,2,3300.11,0
TXN02935,45,97383.79,3086.26,5,7.43,19,7.99,3.1,1,3714.28,1
TXN02936,51,75168.24,1006.54,7,2.88,13,7.71,4.07,2,3111.73,1
TXN02937,30,140836.46,4482.11,5,15.61,3,11.91,4.35,5,4499.11,2
TXN02938,34,40789.5,1781.96,4,3.46,6,7.95,4.59,4,4633.56,3
TXN02939,20,41598.76,300.52,7,11.67,10,5.27,3.74,4,4409.31,1
TXN02940,32,23608.63,4380.5,4,7.92,19,1.8,3.16,2,3725.29,4
TXN02941,46,41616.46,967.43,4,9.66,62,11.94,2.96,0,1670.79,0
TXN02942,31,102969.58,1026.01,5,10.32,22,16.58,4.27,4,1374.68,0
TXN02943,42,128037.73,4486.21,1,17.94,32,30.78,4.48,3,2361.55,3
TXN02944,34,102671.19,1861.17,7,8.53,17,0.5,4.18,3,7748.92,0
TXN02945,39,17134.75,5454.26,1,13.68,61,0.83,3.2,2,18060.21,0
TXN02946,25,111205.25,6993.16,5,5.21,33,27.56,3.35,2,5169.71,1
TXN02947,37,16648.1,1444.99,5,6.42,3,11.97,3.4,3,4496.55,1
TXN02948,18,98603.77,4906.51,4,18.74,19,38.02,2.75,2,7386.42,3
TXN02949,34,43305.22,1315.41,4,8.58,53,6.76,4.15,1,10093.89,1
TXN02950,20,86832.4,16683.82,5,5.55,40,6.47,3.7,5,1835.3,0
TXN02951,48,23132.57,1387.19,7,13.69,71,5.06,4.8,3,26705.96,1
TXN02952,44,117753.35,5980.27,1,11.91,8,1.85,3.12,3,10636.62,1
TXN02953,41,21223.3,5121.83,8,30.46,113,5.71,3.7,5,1344.77,2
TXN02954,51,35617.51,3270.57,3,16.94,10,0.5,2.93,0,1739.89,1
TXN02955,27,28748.1,1413.87,4,5.67,2,8.54,3.53,4,25143.47,0
TXN02956,53,17585.03,2198.12,4,3.1,21,22.54,4.35,3,7232.2,0
TXN02957,45,58485.34,400.81,6,11.97,4,4.65,3.84,3,2304.21,0
TXN02958,34,177912.37,3025.41,6,22.4,34,1.19,3.12,1,3699.5,1
TXN02959,47,311320.08,3365.12,3,11.85,69,43.69,2.75,1,5933.62,1
TXN02960,25,58585.34,2800.41,3,12.23,76,1.66,3.57,2,6519.92,2
TXN02961,28,113655.96,199.68,2,4.17,28,9.03,3.94,1,9120.71,1
TXN02962,30,63955.96,852.57,3,7.71,23,19.88,4.37,6,4146.78,0
TXN02963,31,76066.45,1323.68,5,2.3,153,3.49,3.28,1,4259.17,0
TXN02964,25,44032.88,3203.36,6,17.31,26,22.1,3.26,5,2713.1,1
TXN02965,48,62435.45,3197.05,6,15.06,79,9.77,5.0,4,1826.66,1
TXN02966,33,77998.87,2163.23,6,12.87,75,4.84,3.78,1,1768.62,1
TXN02967,40,37763.17,4289.84,5,6.35,10,24.09,4.47,2,3164.9,1
TXN02968,30,52298.2,1044.97,5,5.03,1,11.67,2.91,2,4453.54,1
TXN02969,18,52950.29,4199.61,6,15.04,17,11.47,4.03,2,1263.73,1
TXN02970,39,94112.92,3742.75,6,14.69,59,8.41,4.32,2,14660.97,0
TXN02971,18,27506.22,3445.99,5,20.11,54,3.85,3.84,3,2150.74,3
TXN02972,35,53187.89,2141.61,6,14.63,28,4.36,2.58,3,1920.69,1
TXN02973,22,190592.33,11851.13,6,19.0,5,1.11,3.16,3,3431.43,1
TXN02974,56,117210.6,3801.92,6,14.83,3,3.35,4.06,4,666.18,0
TXN02975,45,132197.84,1097.69,4,25.21,93,3.91,2.68,2,4508.51,0
TXN02976,37,55880.41,3087.47,7,9.19,16,0.73,5.0,4,1749.96,0
TXN02977,49,67760.65,4739.36,6,14.71,31,1.4,4.6,6,911.52,2
TXN02978,28,105507.99,1516.49,3,18.23,71,3.78,2.75,4,3869.71,1
TXN02979,41,151638.48,6310.23,7,12.57,61,13.57,3.98,2,3866.24,2
TXN02980,38,15468.28,3459.14,4,1.58,25,2.44,3.85,3,13659.61,2
TXN02981,39,23389.71,341.36,9,17.53,20,8.85,4.56,1,3968.95,3
TXN02982,49,128827.18,3225.25,5,7.59,40,8.51,2.05,3,3948.34,0
TXN02983,43,45940.87,1770.33,5,5.89,13,21.55,3.92,4,3602.67,2
TXN02984,39,35541.98,3946.75,9,4.46,29,11.27,2.96,2,575.72,3
TXN02985,19,24340.18,5578.24,5,20.52,1,29.87,4.11,2,3693.37,1
TXN02986,26,38343.01,2951.1,3,13.14,52,11.87,3.04,4,3383.28,0
TXN02987,35,22104.76,10296.0,5,4.84,180,0.5,4.76,0,3162.76,2
TXN02988,37,214121.68,2147.68,3,5.44,93,5.77,4.02,2,1952.45,1
TXN02989,25,54203.73,4251.98,5,12.12,13,14.41,2.54,4,5198.12,0
TXN02990,60,52966.8,4955.47,5,4.86,23,7.74,2.01,3,1766.71,2
TXN02991,51,80606.8,2301.47,3,13.22,8,6.52,4.15,1,5734.73,0
TXN02992,42,102807.42,4846.46,7,23.01,11,13.36,3.31,3,4592.78,0
TXN02993,37,101713.55,1508.05,3,25.88,18,4.04,4.2,3,9341.07,0
TXN02994,34,110519.0,1745.62,6,20.59,41,28.76,3.34,1,2529.32,0
TXN02995,26,36498.95,819.28,8,31.82,1,6.4,4.64,4,8924.46,0
TXN02996,37,45318.7,3069.42,3,13.8,15,11.97,4.51,2,4060.8,0
TXN02997,39,90667.93,3296.15,4,42.03,24,48.43,4.1,1,3320.5,1
TXN02998,24,39037.8,6811.85,6,36.88,7,18.47,3.17,3,1926.24,2
TXN02999,39,54817.74,4897.67,5,14.35,2,9.1,3.39,2,4616.68,1
TXN03000,34,71273.86,1962.49,7,9.07,23,23.54,3.62,2,2508.04,1
TXN03001,18,91624.94,918.36,10,9.74,30,9.86,3.07,2,3432.37,2
TXN03002,27,17319.63,3611.83,6,2.58,31,6.99,4.26,4,6031.25,1
TXN03003,32,87524.42,6426.51,8,9.15,13,24.81,3.57,2,3425.51,1
TXN03004,55,47248.11,4750.25,3,3.64,8,0.5,3.67,4,4370.27,2
TXN03005,42,87110.78,6284.57,5,22.07,7,6.28,3.44,4,10097.75,3
TXN03006,23,91134.71,2087.95,2,3.1,1,5.04,3.79,3,5190.03,0
TXN03007,41,156409.56,1681.46,6,17.19,6,15.02,3.92,4,2175.72,1
TXN03008,21,132565.66,1336.33,6,8.97,51,0.5,3.42,1,2635.11,1
TXN03009,47,131973.98,2384.0,1,21.82,1,12.98,3.63,0,3862.29,1
TXN03010,31,140571.87,2338.45,5,9.89,1,5.1,3.47,0,15453.81,0
TXN03011,35,66468.59,2980.13,2,17.78,4,1.24,3.48,3,1375.03,1
TXN03012,49,56162.74,2239.8,4,16.99,16,47.14,3.81,6,3998.3,2
TXN03013,23,96995.47,2231.57,3,8.75,12,2.86,2.01,3,9096.32,2
TXN03014,22,88516.22,1291.88,7,14.78,6,5.15,4.78,1,5381.67,0
TXN03015,30,44989.99,5565.95,4,18.25,4,2.78,4.33,3,3190.77,3
TXN03016,46,71555.14,2668.01,6,21.89,84,13.02,3.91,3,1050.24,0
TXN03017,21,53759.5,2155.48,9,1.96,73,18.31,4.39,4,10082.22,1
TXN03018,18,31572.19,1324.42,4,3.56,44,23.65,2.85,0,2513.1,0
TXN03019,31,127247.33,805.87,4,19.16,9,4.47,2.58,4,1796.2,1
TXN03020,42,57009.2,7599.33,4,8.59,12,8.92,2.48,2,4172.05,0
TXN03021,48,208302.96,4005.76,4,13.01,33,13.06,4.1,2,9504.47,1
TXN03022,31,19120.54,628.74,5,2.3,10,11.92,3.9,2,4646.8,0
TXN03023,32,38299.12,4782.49,9,42.22,23,15.11,4.05,2,2711.59,0
TXN03024,48,56179.3,5476.14,3,5.48,32,17.62,4.46,1,4163.53,2
TXN03025,18,115195.52,2778.78,6,15.14,22,1.23,2.14,0,3802.6,0
TXN03026,32,71306.56,9724.86,4,6.52,16,2.21,2.96,1,2522.07,3
TXN03027,38,67298.67,3005.68,6,26.33,13,15.91,3.34,3,3668.72,1
TXN03028,40,26432.96,749.75,3,22.03,45,7.77,4.27,1,1965.53,0
TXN03029,31,25927.94,3409.9,8,23.87,40,6.68,3.9,1,1751.5,1
TXN03030,36,67827.06,3078.53,5,17.26,36,7.29,5.0,3,5152.82,1
TXN03031,18,22661.43,1497.04,7,20.43,14,5.58,3.03,4,2655.53,1
TXN03032,29,38924.06,4070.7,4,8.31,45,10.73,4.17,0,3437.64,0
TXN03033,41,76167.09,605.79,4,27.96,95,4.69,4.47,1,2038.98,3
TXN03034,26,29044.3,5802.41,2,11.17,35,12.15,4.83,5,2353.46,0
TXN03035,37,156149.61,1185.17,7,5.69,16,2.72,3.66,3,2495.14,2
TXN03036,40,121862.31,1082.3,5,11.16,48,17.01,2.89,1,2320.22,0
TXN03037,33,19804.52,2269.45,6,9.57,28,18.26,4.26,3,2627.05,0
TXN03038,38,30002.83,3612.2,8,11.9,63,10.37,4.0,2,4018.74,0
TXN03039,26,12448.22,2873.77,7,5.6,37,5.53,4.2,2,9260.18,2
TXN03040,34,33070.74,1329.8,4,21.23,44,0.5,4.75,6,5961.96,1
TXN03041,42,90512.29,1625.99,4,6.76,33,1.55,3.63,4,2769.21,0
TXN03042,38,42026.55,954.28,3,14.75,3,1.0,3.07,2,2247.82,2
TXN03043,30,74206.47,2065.38,6,16.86,20,0.5,4.2,2,1007.49,0
TXN03044,38,20446.59,6234.25,9,16.38,2,15.37,4.02,0,2184.88,0
TXN03045,43,92389.85,2490.96,4,17.27,18,37.5,3.58,2,1622.36,1
TXN03046,18,38340.71,5190.31,8,5.51,38,0.5,3.09,2,3636.15,0
TXN03047,48,55436.79,8613.94,4,19.08,16,1.43,4.04,4,11254.47,4
TXN03048,33,51777.97,1516.61,5,4.56,1,23.65,4.4,4,2654.17,3
TXN03049,40,24066.64,2133.37,1,3.22,14,14.0,2.69,2,1265.99,2
TXN03050,48,25993.03,15828.38,3,12.6,2,6.22,3.83,2,3051.3,0
TXN03051,22,103172.22,8533.36,5,8.95,46,59.2,4.21,1,2570.73,1
TXN03052,29,71284.44,603.35,1,18.27,46,10.23,5.0,1,8461.51,1
TXN03053,33,108838.49,3474.21,6,27.71,49,13.29,3.85,1,935.57,0
TXN03054,28,67922.07,2501.19,5,19.06,1,12.71,4.89,1,1748.25,3
TXN03055,53,60357.01,5046.91,6,5.9,1,3.02,4.39,7,5962.32,0
TXN03056,27,17911.2,1327.18,5,6.53,70,8.04,4.4,1,1166.57,2
TXN03057,30,46136.06,1224.61,4,6.23,4,2.93,3.24,3,5230.02,0
TXN03058,38,54029.67,1407.24,4,19.62,33,8.55,5.0,3,2196.83,1
TXN03059,24,195752.84,1537.49,3,11.62,48,0.5,3.84,3,7178.91,1
TXN03060,32,85957.67,4999.39,5,15.58,18,5.77,3.94,3,3382.08,2
TXN03061,39,149272.42,916.01,5,4.78,24,5.59,3.81,5,3129.88,1
TXN03062,33,81104.03,1472.66,3,15.52,8,4.14,4.67,9,5322.41,2
TXN03063,35,34639.2,546.42,5,9.0,77,0.99,5.0,4,3547.0,1
TXN03064,31,59350.7,5884.61,6,33.5,11,17.69,4.26,1,1473.26,0
TXN03065,21,64127.84,7364.46,8,4.72,7,6.55,3.53,5,2430.69,0
TXN03066,39,29870.82,1893.22,7,3.9,22,20.18,4.99,3,1120.48,3
TXN03067,54,42840.39,1940.67,4,10.42,6,21.67,2.92,5,1911.19,2
TXN03068,36,48114.55,3674.91,4,9.85,35,2.88,3.31,5,783.17,1
TXN03069,38,156176.39,8754.79,1,26.9,22,6.56,2.83,6,17984.57,0
TXN03070,43,14222.88,3538.17,4,8.35,5,15.32,3.54,2,3436.11,1
TXN03071,23,120435.6,1381.79,4,40.97,2,8.31,4.5,5,5083.02,2
TXN03072,53,29916.68,631.47,7,11.32,4,23.18,3.64,3,1950.51,1
TXN03073,38,22544.29,968.93,4,6.25,4,10.17,3.84,1,5056.72,2
TXN03074,52,118426.86,2660.54,6,8.85,11,11.92,4.06,3,6015.96,2
TXN03075,29,88505.7,1432.27,4,18.47,54,18.56,3.64,2,6740.45,1
TXN03076,54,124308.99,2950.61,5,16.72,2,1.56,3.02,0,3303.31,0
TXN03077,44,92553.74,1562.53,3,31.38,4,10.53,2.64,3,7124.7,1
TXN03078,42,209816.31,1017.01,3,3.6,11,1.07,4.71,1,2287.38,2
TXN03079,38,79083.45,919.26,4,8.98,24,3.62,3.36,2,4547.91,1
TXN03080,34,49681.02,9433.73,8,53.75,43,2.87,3.32,3,3620.28,1
TXN03081,48,68733.41,5322.43,6,7.07,76,10.05,2.75,2,1537.5,0
TXN03082,37,123419.38,10883.32,5,24.64,16,22.29,3.7,4,972.28,3
TXN03083,18,33139.94,3956.06,7,1.32,3,1.71,4.18,3,2839.07,3
TXN03084,25,36003.12,1734.64,8,6.93,7,17.55,3.55,4,2846.35,0
TXN03085,34,44993.1,7699.31,4,16.55,10,1.85,4.05,4,2897.99,1
TXN03086,39,14004.16,2430.71,7,16.89,46,2.52,2.42,2,7299.11,3
TXN03087,35,60164.6,3016.23,4,15.04,35,29.86,3.92,2,9171.47,2
TXN03088,48,16140.79,2410.63,6,16.24,7,0.5,3.51,2,5544.54,2
TXN03089,18,56929.96,204.22,4,24.31,55,2.63,2.79,4,5279.52,1
TXN03090,37,96522.05,9779.77,6,11.65,59,2.91,2.67,0,3309.57,1
TXN03091,18,40340.8,3794.85,3,30.65,64,3.97,3.2,4,3960.5,2
TXN03092,44,163605.58,3308.98,2,12.69,10,5.42,2.95,2,4727.82,0
TXN03093,35,21285.11,2372.11,4,11.73,4,1.31,4.04,2,3860.53,2
TXN03094,40,119301.35,2872.56,7,2.57,3,7.58,4.1,1,5299.15,1
TXN03095,27,85299.81,1504.72,6,27.04,15,6.12,3.92,0,3614.02,2
TXN03096,49,18027.74,4222.31,10,3.35,17,11.77,4.06,1,2474.67,1
TXN03097,46,320329.28,823.05,5,22.64,61,24.26,2.7,0,4202.99,1
TXN03098,42,52767.67,2928.38,5,18.79,9,4.24,4.16,5,2967.03,1
TXN03099,35,31092.56,4029.44,6,30.0,30,9.49,4.27,3,9673.42,0
TXN03100,42,22037.08,2111.55,6,2.44,47,5.57,3.99,2,2595.01,0
TXN03101,29,47670.92,3426.46,2,34.64,9,0.5,3.73,2,25908.2,2
TXN03102,45,50628.71,1076.44,3,8.81,9,20.65,3.28,1,11029.1,1
TXN03103,52,58794.76,1100.03,5,7.37,33,12.07,4.04,3,1583.98,1
TXN03104,47,45320.78,3057.2,4,4.84,39,0.5,3.53,2,8405.83,2
TXN03105,29,83007.39,4450.68,10,10.63,96,3.45,4.45,2,3205.68,0
TXN03106,40,42750.2,507.96,4,14.68,57,4.44,3.99,4,5199.93,3
TXN03107,23,15636.48,3896.23,6,17.21,52,20.03,3.68,2,10553.33,0
TXN03108,42,49911.34,1575.49,5,8.09,35,17.16,3.56,7,2034.51,1
TXN03109,41,11804.4,2122.1,9,7.15,4,6.05,3.69,4,2530.43,2
TXN03110,18,69219.6,800.68,5,36.38,50,2.05,3.69,1,5930.81,1
TXN03111,24,29101.45,1212.17,10,14.99,82,5.85,3.75,4,2707.5,0
TXN03112,33,61161.47,5683.1,8,17.52,15,19.94,2.9,2,737.4,1
TXN03113,33,129215.55,2570.82,6,22.55,11,7.23,3.97,4,6871.29,1
TXN03114,24,29685.14,1805.67,6,16.21,22,1.48,3.92,1,4532.83,3
TXN03115,40,109634.24,2264.32,4,7.78,94,0.5,2.98,3,3443.29,3
TXN03116,39,41497.37,3789.07,5,4.8,2,4.87,3.96,4,3820.42,1
TXN03117,34,171899.47,3635.37,2,19.45,37,1.93,3.79,3,16769.84,1
TXN03118,28,43379.37,2345.54,3,18.03,51,16.4,3.22,2,7110.89,2
TXN03119,46,31849.22,6330.04,7,16.84,47,3.92,4.22,2,1915.71,1
TXN03120,53,85973.42,5704.09,4,12.85,25,25.19,4.74,2,3814.89,0
TXN03121,31,41432.68,3552.52,6,12.39,76,11.53,3.4,5,8028.03,2
TXN03122,30,31829.42,2618.79,4,5.2,4,6.0,3.87,6,7910.45,1
TXN03123,41,40315.55,4371.1,4,2.12,8,11.3,4.67,2,1222.68,1
TXN03124,32,53428.21,3265.52,4,23.53,11,4.2,2.27,1,2464.2,2
TXN03125,35,131597.8,6159.35,7,32.8,1,1.83,5.0,0,1582.49,1
TXN03126,43,15645.39,5370.48,5,18.46,14,39.95,3.86,2,5476.84,0
TXN03127,18,55831.35,1052.09,5,4.36,5,9.94,4.33,5,1854.82,0
TXN03128,49,82559.61,993.24,7,12.62,39,0.5,2.61,2,10391.98,1
TXN03129,37,62369.4,1377.44,2,6.49,16,4.46,2.84,2,8666.63,1
TXN03130,32,128862.45,5731.68,6,9.86,37,2.09,3.12,4,2944.67,1
TXN03131,35,52405.35,654.7,6,5.25,10,3.58,3.06,0,1443.97,0
TXN03132,36,48782.65,3496.75,5,13.73,4,0.69,2.17,1,2014.7,2
TXN03133,19,80829.94,3402.3,5,21.83,4,3.37,2.97,0,4799.51,1
TXN03134,51,58667.57,6716.33,4,16.64,7,13.79,3.22,4,6355.33,0
TXN03135,36,42673.05,2914.15,4,9.02,4,20.62,2.8,5,3407.04,0
TXN03136,40,76924.68,798.17,6,14.6,7,5.12,4.84,2,579.93,0
TXN03137,46,35988.15,1106.1,5,3.0,26,8.87,4.25,2,5633.86,0
TXN03138,26,36968.57,915.39,2,21.22,9,0.51,3.29,2,850.84,2
TXN03139,41,39022.45,1582.55,2,18.82,13,1.14,4.21,4,794.04,2
TXN03140,33,132532.53,2140.04,3,16.39,2,9.63,4.03,2,7039.67,0
TXN03141,44,6777.94,928.36,4,27.42,67,22.03,2.59,1,1525.9,2
TXN03142,18,71127.39,8726.4,5,15.95,4,1.11,4.1,2,4171.14,2
TXN03143,35,56238.97,810.42,6,9.64,13,6.51,3.51,2,3732.67,0
TXN03144,30,18444.52,7849.73,9,9.29,14,42.25,4.28,2,1991.8,3
TXN03145,40,67266.05,6846.1,3,9.97,44,16.11,3.04,1,4043.26,0
TXN03146,41,74931.32,5364.74,5,16.41,20,2.64,4.18,0,2381.02,1
TXN03147,29,80688.71,1386.23,3,6.13,14,4.03,4.54,3,3618.49,3
TXN03148,29,9812.38,3344.69,4,7.13,36,35.46,4.08,1,2670.92,2
TXN03149,35,133685.0,844.11,3,4.82,27,3.0,2.55,2,2463.9,0
TXN03150,27,34049.12,5422.53,9,5.97,2,6.98,5.0,4,2205.63,3
TXN03151,44,85935.95,2347.62,6,11.45,11,5.27,4.22,1,1866.09,3
TXN03152,32,89035.14,1765.38,1,35.78,115,8.08,3.63,3,6356.77,0
TXN03153,18,31108.47,883.47,5,4.63,20,3.24,4.24,5,2549.06,1
TXN03154,32,84489.91,304.35,6,26.27,17,13.24,5.0,4,1585.11,2
TXN03155,26,42809.61,1034.1,6,7.53,5,3.21,2.81,1,2628.67,1
TXN03156,20,14309.71,6437.69,4,24.54,55,11.06,4.57,2,2418.83,0
TXN03157,24,117491.43,1775.15,4,9.87,4,5.31,3.68,3,2656.24,1
TXN03158,37,33233.35,2164.87,3,15.48,3,3.48,3.58,1,5767.05,0
TXN03159,49,31560.69,4364.54,2,15.84,17,14.25,3.62,3,2255.39,2
TXN03160,39,42323.41,11601.21,3,10.9,17,40.31,2.34,2,2683.37,1
TXN03161,30,65646.68,7710.2,4,10.65,120,24.43,4.14,0,5490.21,1
TXN03162,41,52990.22,1093.96,5,31.92,4,1.09,2.1,2,4775.57,0
TXN03163,31,78537.54,479.56,5,13.47,20,7.27,3.43,2,2163.66,1
TXN03164,29,23026.95,18577.72,2,9.86,7,14.24,3.45,2,6882.51,2
TXN03165,24,33946.37,17200.42,2,44.91,36,9.92,3.53,4,6615.1,2
TXN03166,18,51005.58,2934.32,4,47.32,15,15.55,2.29,1,6297.68,0
TXN03167,32,188851.3,849.06,5,60.0,31,44.32,4.42,3,4325.63,1
TXN03168,38,51078.06,5669.12,6,3.71,12,5.03,2.51,3,3099.38,1
TXN03169,35,111355.49,2280.75,6,1.36,25,17.68,3.15,4,1650.1,0
TXN03170,32,56395.76,2271.08,6,15.41,19,1.19,3.42,2,1328.76,1
TXN03171,27,40163.36,5347.24,4,33.18,14,24.46,3.58,2,3298.3,4
TXN03172,42,46850.53,3321.81,9,12.61,23,18.08,4.07,2,3534.97,0
TXN03173,23,49296.86,912.42,2,29.78,15,8.83,3.81,2,2915.17,1
TXN03174,44,81426.67,1896.97,5,31.21,49,20.65,5.0,2,3238.34,0
TXN03175,26,134401.35,4385.36,8,7.46,21,13.18,4.04,6,9091.07,0
TXN03176,28,69486.03,3857.45,6,11.07,70,9.64,3.99,4,10934.45,1
TXN03177,21,118977.41,3123.66,3,2.52,8,35.03,3.4,2,1613.81,2
TXN03178,31,29377.23,5527.3,5,4.93,4,1.67,4.01,2,4283.3,1
TXN03179,46,42006.46,1838.28,5,6.11,14,59.49,3.46,5,3629.67,1
TXN03180,41,34347.75,2910.02,6,3.67,6,2.01,3.46,0,5613.86,2
TXN03181,46,67472.64,141.85,9,15.1,15,7.85,5.0,5,11778.12,1
TXN03182,41,43554.38,1705.89,8,3.56,7,3.16,4.88,4,16189.5,1
TXN03183,25,88383.53,4785.58,1,25.65,61,3.81,3.19,1,5792.11,1
TXN03184,33,30029.56,1794.01,7,33.19,25,11.99,4.25,2,3599.56,1
TXN03185,28,56560.07,1682.02,4,30.01,21,0.5,3.99,3,2715.48,1
TXN03186,49,85952.16,1031.54,3,19.76,46,33.91,3.34,2,19955.57,1
TXN03187,24,14366.32,5865.88,5,0.49,4,3.94,5.0,1,2045.36,2
TXN03188,45,218414.26,3984.79,5,23.16,58,3.82,3.66,1,6225.54,4
TXN03189,45,45754.24,5042.46,4,24.76,20,23.9,4.77,2,2909.03,1
TXN03190,54,14747.26,576.38,6,5.9,4,17.37,3.34,7,1371.25,2
TXN03191,32,60952.46,2181.27,9,20.84,51,13.37,4.57,3,11630.41,2
TXN03192,43,56208.69,1970.32,8,16.61,19,1.9,4.74,3,1033.74,1
TXN03193,59,52148.83,1969.55,3,9.77,28,17.62,3.12,4,777.73,3
TXN03194,30,104753.23,1480.93,3,16.6,67,5.37,3.57,1,5713.57,2
TXN03195,21,89404.63,1862.84,5,29.63,66,61.17,3.74,4,2828.48,0
TXN03196,18,66749.89,5147.38,8,7.62,67,13.35,4.94,6,4734.51,1
TXN03197,43,73694.96,491.82,6,7.52,16,21.69,4.89,1,3482.56,3
TXN03198,18,51392.91,11324.76,6,16.39,42,15.88,3.52,1,5329.16,1
TXN03199,32,174408.85,3771.81,7,9.69,8,10.82,3.53,3,2845.6,0
TXN03200,40,21028.02,2411.64,4,4.98,53,15.12,3.97,4,6581.93,1
TXN03201,38,60226.16,5403.79,7,25.1,13,10.92,2.7,4,6716.01,1
TXN03202,40,57374.46,727.77,10,16.94,19,0.63,4.69,3,10350.16,4
TXN03203,38,93313.56,1420.91,3,1.82,67,5.09,3.2,3,8478.92,0
TXN03204,49,31779.71,2255.51,7,21.89,49,4.56,3.87,4,3248.68,4
TXN03205,26,17706.75,7980.63,3,20.42,91,15.02,4.78,1,5697.77,0
TXN03206,29,60902.13,2403.12,5,15.35,14,10.3,4.11,1,4687.59,0
TXN03207,28,66031.57,3665.03,1,10.68,5,11.31,3.52,1,4699.84,2
TXN03208,44,144831.76,1514.6,6,10.01,72,22.53,3.08,1,1385.59,0
TXN03209,45,24085.21,3781.45,2,19.83,20,8.94,3.76,1,5929.95,2
TXN03210,41,116499.17,10401.44,3,3.99,66,2.96,3.6,4,5359.55,0
TXN03211,48,256249.74,5826.92,2,17.52,40,0.5,5.0,2,12515.42,1
TXN03212,24,43025.2,2332.76,5,20.26,62,2.09,3.24,1,7914.3,1
TXN03213,53,23765.16,4439.13,3,24.47,32,0.5,3.43,2,3886.33,0
TXN03214,51,42216.02,4084.42,5,7.36,50,3.25,3.1,3,3259.38,1
TXN03215,43,55502.96,3845.45,2,8.63,4,12.09,3.62,2,1733.1,0
TXN03216,54,79344.2,6433.06,4,19.44,104,1.97,4.17,2,12492.93,0
TXN03217,19,37447.0,6392.32,6,7.22,6,1.03,3.14,2,1660.26,4
TXN03218,31,151140.86,2243.88,6,4.05,1,42.43,4.05,4,945.98,0
TXN03219,29,26652.61,4314.1,5,11.35,23,69.34,2.95,3,6571.08,5
TXN03220,43,17758.24,1805.18,1,38.92,37,12.16,4.45,5,3719.67,1
TXN03221,25,112921.73,1140.74,5,13.69,38,1.38,3.48,3,4211.64,1
TXN03222,44,12538.82,1988.18,7,2.29,12,20.68,3.57,3,3988.29,1
TXN03223,50,48165.78,2343.05,7,15.06,42,9.3,4.78,3,1668.84,1
TXN03224,43,417308.57,608.93,4,10.76,55,2.41,3.49,2,4531.08,1
TXN03225,39,54571.12,5194.36,2,5.33,28,10.29,4.08,4,2792.16,2
TXN03226,26,26544.81,237.89,4,8.7,15,0.5,4.29,4,2531.53,2
TXN03227,28,52985.85,25125.55,4,33.14,29,43.11,4.71,3,9477.18,1
TXN03228,48,53213.53,8961.06,6,5.72,59,20.98,4.03,2,6089.26,1
TXN03229,44,61053.81,2002.57,4,35.75,69,3.63,3.58,1,699.15,1
TXN03230,36,84588.99,2520.11,3,13.01,1,6.51,3.43,3,4072.18,2
TXN03231,32,27991.78,3234.31,2,9.87,4,6.04,4.02,4,7381.69,0
TXN03232,18,164718.74,1515.13,4,10.38,1,23.72,3.27,3,1463.16,2
TXN03233,25,64499.5,2944.73,8,10.89,20,5.26,4.18,2,1912.09,2
TXN03234,55,88212.56,2211.99,7,34.75,17,0.59,3.94,4,7049.44,1
TXN03235,23,36562.97,2307.49,5,1.66,24,2.9,2.98,3,2547.14,1
TXN03236,38,126910.43,2916.93,10,9.82,35,2.91,2.94,2,876.35,0
TXN03237,46,46537.07,818.56,8,10.79,14,35.77,3.86,2,8105.82,1
TXN03238,23,65873.9,2585.52,6,20.09,7,30.93,3.6,5,3097.98,3
TXN03239,38,29988.51,2872.61,4,12.54,15,4.29,4.37,5,4546.49,2
TXN03240,45,28769.84,2789.36,8,13.4,1,0.5,3.16,4,3381.32,2
TXN03241,36,86027.47,2080.97,2,36.95,53,8.73,4.31,3,7671.0,0
TXN03242,65,41222.69,6576.28,6,13.64,15,19.15,4.33,4,1621.71,1
TXN03243,19,31574.45,1850.93,2,9.33,29,3.75,2.97,7,5571.39,1
TXN03244,47,36207.42,3032.9,10,13.33,12,6.94,3.64,4,8809.7,1
TXN03245,34,86630.56,7530.74,6,14.0,29,2.28,4.76,5,1360.98,0
TXN03246,44,36541.86,2336.89,9,4.0,23,4.76,4.08,3,2085.66,4
TXN03247,40,50950.65,2999.92,3,26.62,7,17.07,3.73,3,11067.44,2
TXN03248,29,55539.87,2303.35,8,17.28,29,6.71,4.4,2,7460.16,3
TXN03249,38,15816.54,7156.74,5,6.1,3,7.11,3.46,1,1972.38,1
TXN03250,18,21138.61,2008.17,9,16.83,20,18.7,3.57,2,1495.73,3
TXN03251,42,68437.01,7442.02,9,3.3,38,17.27,3.92,3,4265.85,1
TXN03252,39,34064.78,2289.29,5,18.37,24,2.49,4.79,3,4408.31,0
TXN03253,42,109311.8,1204.12,5,21.01,41,6.44,3.16,6,3358.06,0
TXN03254,47,103106.02,4453.8,4,43.29,10,22.67,4.13,3,17923.36,1
TXN03255,40,87776.41,1929.62,15,6.09,2,7.32,3.52,2,5504.07,0
TXN03256,37,179501.73,4236.41,5,13.57,2,13.01,4.67,1,1943.43,1
TXN03257,27,52108.35,245.69,4,11.91,9,4.38,4.34,2,7338.38,0
TXN03258,29,83856.45,2511.09,5,8.04,16,0.74,3.75,7,3645.48,2
TXN03259,48,37617.62,1691.52,6,6.35,23,2.16,4.22,5,2179.43,0
TXN03260,50,270798.13,1012.6,6,11.52,43,6.16,3.4,1,6576.42,1
TXN03261,34,199675.8,1562.11,5,14.13,55,5.23,3.36,4,9832.34,1
TXN03262,36,55426.37,1535.17,5,8.8,35,27.12,5.0,1,4070.87,0
TXN03263,27,70711.93,2400.08,5,16.7,19,9.47,3.54,3,1765.93,1
TXN03264,48,133070.18,781.97,6,12.76,9,11.84,3.92,5,3788.4,0
TXN03265,43,49983.48,3271.09,3,5.86,17,14.0,3.53,1,1792.19,1
TXN03266,55,35892.47,7985.07,6,22.64,10,9.1,2.9,4,4101.35,0
TXN03267,27,97069.43,3174.28,3,21.48,29,17.62,3.09,3,5935.19,0
TXN03268,32,57876.92,4972.54,5,11.52,51,18.34,4.04,1,877.33,1
TXN03269,38,61947.02,6338.67,2,1.21,22,5.2,2.81,4,5775.51,1
TXN03270,42,31978.28,7151.39,6,3.26,1,1.06,3.3,3,2694.28,2
TXN03271,34,18008.54,12254.69,7,27.36,84,51.53,4.26,2,2361.2,0
TXN03272,27,64124.45,1635.53,3,37.68,10,12.35,3.96,2,1382.13,1
TXN03273,45,99043.44,1357.41,4,25.61,74,14.81,3.51,1,1650.89,4
TXN03274,43,47491.88,4865.83,7,7.09,50,16.96,3.49,0,12037.38,1
TXN03275,27,139911.82,4564.54,5,21.78,16,11.39,3.08,9,6342.7,3
TXN03276,50,34805.92,4833.71,3,20.21,2,7.64,5.0,1,8662.9,1
TXN03277,48,27709.5,12455.73,5,20.44,89,50.14,3.11,1,1920.59,2
TXN03278,37,52648.28,2524.28,5,12.27,32,15.61,4.51,2,12327.38,0
TXN03279,37,52125.17,3591.33,4,13.88,9,22.44,2.25,2,3340.57,0
TXN03280,42,90723.18,1086.5,2,3.51,23,6.95,4.41,3,2014.93,1
TXN03281,27,33235.13,15353.04,7,51.92,30,28.22,4.48,3,1645.64,1
TXN03282,36,133833.23,1878.04,6,3.28,8,15.81,3.15,4,1680.2,1
TXN03283,18,197517.9,1923.81,3,8.75,3,16.45,3.37,0,2075.31,2
TXN03284,45,53618.25,1861.82,1,46.69,9,1.09,4.55,2,1872.08,2
TXN03285,20,123921.09,1445.03,4,10.37,1,11.53,3.0,3,6591.38,0
TXN03286,51,27677.23,1344.83,8,11.47,2,4.9,4.11,7,21619.08,2
TXN03287,33,110633.97,1601.82,11,12.81,5,13.27,3.33,3,2944.23,1
TXN03288,34,108642.52,782.99,3,14.25,5,10.08,4.43,3,2984.34,1
TXN03289,30,96405.9,1282.45,3,5.31,9,1.41,5.0,3,953.39,2
TXN03290,33,54446.42,13103.89,7,19.69,83,9.06,3.1,0,1831.4,0
TXN03291,50,8061.27,4672.05,7,19.01,26,7.2,4.21,3,1125.42,1
TXN03292,18,36241.71,5492.09,3,11.85,16,17.98,4.48,2,6185.3,1
TXN03293,49,36616.09,6799.97,7,17.81,25,8.38,2.4,1,13546.89,1
TXN03294,39,29121.23,11885.33,2,6.62,1,7.87,4.5,3,1642.2,1
TXN03295,24,59548.5,554.65,6,33.2,68,15.25,4.05,2,3036.25,1
TXN03296,25,41888.32,878.88,6,60.0,23,13.25,4.25,5,2941.26,1
TXN03297,53,32179.69,1262.54,11,9.1,18,57.72,2.52,1,5647.07,1
TXN03298,27,27635.83,1677.02,2,13.47,85,5.21,4.32,2,3767.76,1
TXN03299,24,34544.55,1936.35,3,5.25,39,13.99,3.67,4,15377.11,3
TXN03300,47,114012.45,1709.77,6,20.54,12,2.2,3.0,6,2071.66,1
TXN03301,39,900000.0,150000.0,5,9.19,83,250.0,4.29,3,120000.0,2
TXN03302,27,39355.0,2576.14,2,9.23,57,18.51,4.37,5,2307.36,2
TXN03303,38,40873.41,1352.4,4,19.85,93,15.53,3.75,2,1140.48,0
TXN03304,26,68557.92,393.4,5,15.24,3,1.52,4.05,3,9501.01,2
TXN03305,47,73987.44,1075.03,7,6.8,93,52.63,3.69,2,12989.86,1
TXN03306,47,7601.2,1567.43,1,1.69,23,34.29,2.84,5,4663.45,0
TXN03307,41,106846.8,2026.43,3,9.64,33,5.55,3.7,3,2251.71,0
TXN03308,40,139906.23,957.02,6,3.28,7,10.33,4.64,3,1577.44,0
TXN03309,54,27790.99,1647.25,1,22.82,5,26.37,4.65,2,5181.98,0
TXN03310,36,29234.2,955.95,4,11.22,2,8.19,3.22,3,789.79,2
TXN03311,24,41044.98,2246.43,6,8.67,16,10.97,3.97,3,6442.9,2
TXN03312,40,33647.22,1004.17,7,6.91,8,11.09,3.85,4,2612.33,3
TXN03313,57,63617.31,1214.97,2,15.52,3,12.57,4.15,5,2573.3,1
TXN03314,26,15519.41,821.94,5,10.52,93,10.28,3.84,2,1651.35,3
TXN03315,32,26593.86,2194.19,1,22.59,40,6.25,4.31,0,1279.8,1
TXN03316,40,149577.01,1196.99,5,11.11,22,9.3,3.51,1,3360.41,1
TXN03317,35,30083.9,5403.56,5,22.13,41,24.62,4.57,3,4013.33,0
TXN03318,26,123416.1,3529.88,4,8.74,28,23.95,3.43,5,3282.33,2
TXN03319,47,69290.17,2355.89,3,15.23,6,17.77,3.93,3,7531.41,0
TXN03320,59,16967.66,1269.25,2,4.36,30,6.42,4.27,1,3649.88,0
TXN03321,38,83120.98,3454.69,4,11.87,34,18.5,3.95,1,5775.74,1
TXN03322,27,50950.24,4496.89,3,34.28,8,5.89,2.16,2,1251.92,1
TXN03323,21,40906.12,2822.37,6,4.67,12,13.09,4.01,1,2568.79,0
TXN03324,39,64492.91,9771.18,6,18.6,15,10.06,4.28,5,9886.99,4
TXN03325,47,74876.86,3695.01,3,34.68,28,4.28,4.01,5,6909.88,0
TXN03326,41,87118.38,5434.99,8,7.51,4,7.24,4.46,3,4420.75,2
TXN03327,36,118296.9,2800.57,6,9.97,41,21.29,4.62,2,2685.19,2
TXN03328,30,71709.38,4439.78,6,7.27,13,29.27,3.31,1,1817.4,2
TXN03329,25,22492.25,1270.01,6,21.77,35,2.76,2.6,2,2415.78,0
TXN03330,44,40425.62,1693.25,4,22.93,81,7.31,2.96,6,5468.48,0
TXN03331,45,372528.89,3364.4,5,29.2,61,6.82,3.85,1,873.53,2
TXN03332,21,88080.61,3343.69,4,36.68,40,8.06,4.23,0,12296.17,0
TXN03333,52,256561.89,3848.8,9,4.04,6,45.07,3.71,2,8330.69,0
TXN03334,42,136232.82,6370.16,2,22.61,40,8.78,2.83,2,8198.1,0
TXN03335,50,64360.79,744.58,6,30.53,30,21.27,4.01,0,5381.57,2
TXN03336,23,66903.27,1091.99,10,27.37,44,13.09,3.81,2,3774.75,2
TXN03337,22,53707.69,3038.69,6,6.49,61,1.36,3.91,3,4559.52,1
TXN03338,35,17774.42,1350.64,4,22.0,11,14.28,5.0,3,2708.86,5
TXN03339,41,55648.99,44141.21,7,22.17,31,12.5,4.37,4,15412.91,1
TXN03340,54,120816.35,3875.41,5,10.03,10,17.05,3.71,8,3176.61,0
TXN03341,43,37246.84,2338.97,5,15.34,13,0.93,2.87,0,2508.79,4
TXN03342,34,71887.52,1613.07,4,1.45,22,3.31,4.74,1,2906.45,2
TXN03343,26,95666.42,1662.22,4,18.24,17,17.6,2.56,2,2109.62,3
TXN03344,48,30448.63,2564.88,6,11.93,28,5.56,3.6,2,6166.25,0
TXN03345,26,41016.99,2749.65,4,13.78,43,29.01,2.96,5,2433.74,1
TXN03346,52,28380.17,1695.7,5,12.43,28,8.75,3.51,3,3204.86,1
TXN03347,33,32230.9,1982.01,2,11.53,105,0.5,3.74,1,8919.17,2
TXN03348,52,23816.77,7837.6,10,4.61,40,14.4,2.88,2,7406.35,0
TXN03349,43,30631.89,8110.18,7,8.5,126,8.65,2.09,4,1709.3,1
TXN03350,35,138376.66,3097.27,4,18.02,41,4.58,3.12,3,7998.82,0
TXN03351,31,30334.12,799.49,3,28.46,21,0.5,2.85,1,1298.56,2
TXN03352,33,59711.92,3951.2,3,6.51,16,2.66,3.13,2,1223.79,1
TXN03353,40,39664.97,9369.23,7,16.16,40,2.12,3.6,3,2784.71,1
TXN03354,37,118344.05,8009.31,6,13.24,35,10.49,4.87,1,4296.56,0
TXN03355,30,128971.14,4667.17,3,27.24,33,17.61,3.38,5,2990.76,2
TXN03356,34,96445.56,8375.83,9,11.96,38,3.21,3.43,2,4758.84,2
TXN03357,37,67109.17,2616.05,2,33.89,62,14.36,3.73,3,2688.83,1
TXN03358,18,47330.01,4263.87,6,10.98,8,27.61,4.26,5,827.98,2
TXN03359,41,25345.84,1401.62,8,10.59,25,11.66,4.19,2,3062.76,1
TXN03360,26,194537.89,3205.01,4,7.2,28,17.93,2.46,1,1207.25,0
TXN03361,24,33567.08,7739.95,6,20.92,10,2.74,3.07,4,3507.71,0
TXN03362,19,84665.09,1514.8,4,31.71,133,0.93,4.58,3,1456.08,3
TXN03363,18,109513.83,1202.09,4,9.25,46,5.46,3.44,3,5027.32,0
TXN03364,22,38336.44,2715.99,4,10.8,12,14.81,4.47,3,9034.37,0
TXN03365,29,107990.29,2061.9,1,7.06,13,13.9,4.3,1,1043.35,1
TXN03366,56,90384.41,4340.83,3,3.51,38,37.23,2.23,1,838.15,1
TXN03367,31,169103.28,1700.67,2,7.71,1,11.93,2.64,5,2836.27,0
TXN03368,38,40538.74,10772.15,6,10.28,19,6.36,3.57,2,7716.15,0
TXN03369,40,23843.74,835.33,3,26.42,13,19.14,4.08,2,3903.83,1
TXN03370,37,39597.45,7256.99,8,7.29,58,1.99,3.61,3,2596.31,0
TXN03371,35,62997.06,1304.96,3,10.75,47,20.12,3.66,6,1648.26,1
TXN03372,24,57120.98,543.19,7,14.41,12,5.47,3.82,0,5807.8,1
TXN03373,51,42589.11,3060.21,5,5.46,60,2.01,3.73,5,10266.88,2
TXN03374,54,15900.57,2013.5,7,19.52,73,2.12,3.78,2,945.73,0
TXN03375,19,74675.13,973.48,4,10.5,24,49.32,2.14,2,4299.18,0
TXN03376,26,198215.95,598.77,1,8.7,5,11.71,3.58,2,20784.2,0
TXN03377,33,74373.26,2482.3,7,30.38,44,2.3,3.58,1,2290.62,1
TXN03378,26,81717.75,5730.21,6,32.71,12,3.75,3.05,0,3062.53,2
TXN03379,41,79791.95,4110.32,5,6.29,22,5.58,3.26,2,3416.24,1
TXN03380,29,71194.35,2623.45,3,22.07,1,0.69,2.63,2,2629.56,1
TXN03381,58,100777.6,3755.84,5,39.57,21,1.38,4.07,0,7543.68,2
TXN03382,48,71116.98,2442.83,4,11.57,14,17.21,2.99,4,12352.35,1
TXN03383,38,44884.52,741.58,6,15.74,35,18.55,3.72,4,1061.38,3
TXN03384,46,32783.99,747.17,4,13.26,1,53.31,3.46,5,1819.74,1
TXN03385,47,46782.08,2103.49,3,22.44,29,0.84,3.67,2,8373.64,0
TXN03386,30,67458.82,2180.9,6,7.59,44,26.4,4.44,1,5328.04,4
TXN03387,28,44785.27,5153.24,5,7.57,1,4.58,3.29,1,4751.52,1
TXN03388,37,67467.99,4758.82,5,8.05,42,4.77,3.73,2,5699.31,1
TXN03389,45,73169.65,4181.43,8,6.29,4,1.63,4.25,2,3743.62,1
TXN03390,37,94528.35,1970.03,4,6.27,36,51.48,3.91,3,4901.75,1
TXN03391,20,126614.86,773.16,5,11.89,18,47.55,3.24,1,2786.98,1
TXN03392,28,57860.68,3548.59,4,9.74,24,24.01,2.71,2,2983.67,2
TXN03393,35,23506.53,3906.67,3,16.76,12,1.14,3.21,0,3274.28,3
TXN03394,35,43948.37,328.26,4,7.77,8,22.12,3.93,2,2631.66,0
TXN03395,56,56598.01,1230.11,4,16.34,2,12.08,3.77,1,4859.5,2
TXN03396,22,16677.88,1389.43,4,12.92,60,1.65,4.25,4,4310.71,1
TXN03397,41,135634.68,2764.58,7,39.34,28,3.64,3.57,4,947.86,2
TXN03398,51,60332.98,1262.93,3,12.42,122,14.02,3.26,2,3035.78,0
TXN03399,59,70471.79,2420.26,4,17.46,57,19.52,2.76,5,3551.11,0
TXN03400,32,133610.04,2090.36,9,5.65,61,22.61,2.95,1,10215.07,3
TXN03401,41,36515.63,2183.68,4,6.52,27,9.42,3.07,3,2863.54,1
TXN03402,42,79874.8,1359.82,2,35.08,3,9.18,4.72,4,3744.45,0
TXN03403,38,51209.32,1452.31,5,19.33,73,13.83,2.97,2,3316.89,1
TXN03404,35,48797.38,998.07,5,17.46,4,18.05,2.98,1,8831.18,4
TXN03405,40,33295.03,3453.36,3,12.34,22,2.24,3.3,1,1516.46,3
TXN03406,18,162385.85,4062.21,11,13.73,58,16.16,4.52,2,2020.43,1
TXN03407,43,43088.59,1298.57,3,11.68,19,5.02,4.13,1,1927.9,3
TXN03408,37,86659.35,9105.1,5,19.17,5,5.81,3.62,1,3534.5,0
TXN03409,34,16257.89,1913.4,7,13.15,14,0.97,2.69,4,1230.1,0
TXN03410,56,118430.43,9179.28,7,21.83,134,10.65,3.71,1,9760.77,0
TXN03411,29,108991.56,1448.43,5,6.8,180,1.18,4.29,0,4681.54,1
TXN03412,32,58595.94,446.51,5,12.66,37,29.32,4.66,2,5272.68,0
TXN03413,56,47456.84,3518.94,5,4.93,66,11.64,2.16,4,15246.88,0
TXN03414,28,71331.16,3088.09,1,26.0,1,55.61,3.14,2,2750.98,3
TXN03415,30,243483.0,2574.17,2,18.27,10,3.38,3.75,3,6372.22,2
TXN03416,35,17483.01,1448.3,7,3.65,14,13.66,4.56,2,5261.21,2
TXN03417,44,91437.07,2427.6,3,17.27,1,40.04,2.76,3,10281.49,0
TXN03418,38,30410.32,1618.86,2,11.73,14,4.26,2.91,0,5678.19,2
TXN03419,23,54292.51,1933.43,4,26.46,3,1.22,3.35,5,2450.62,2
TXN03420,31,46815.35,5112.45,4,24.63,22,12.06,2.69,3,4709.42,3
TXN03421,30,41634.38,2923.77,7,30.99,1,5.47,2.3,2,2225.55,1
TXN03422,35,54627.14,4198.59,5,22.24,9,3.83,5.0,1,2523.84,1
TXN03423,40,26314.55,2052.8,3,12.24,60,60.59,3.5,3,3466.81,2
TXN03424,40,107372.11,1869.32,5,15.58,7,16.83,3.22,1,3073.2,0
TXN03425,18,17135.29,937.85,5,8.7,2,7.97,2.85,4,1872.06,1
TXN03426,47,78114.85,1825.33,3,10.69,9,0.62,3.65,5,714.73,2
TXN03427,39,44482.01,148.58,6,20.23,53,2.55,3.29,5,4307.15,1
TXN03428,50,25693.34,1513.77,3,4.6,27,4.26,4.23,3,4527.2,0
TXN03429,40,62732.67,2331.93,5,17.25,26,8.01,2.92,0,4514.79,4
TXN03430,47,19991.66,4036.64,11,19.09,1,8.25,3.66,1,13288.92,0
TXN03431,41,56438.25,1989.56,2,20.94,19,0.5,3.63,3,1194.17,1
TXN03432,49,21812.06,3359.57,4,8.25,9,34.45,4.05,0,10381.01,1
TXN03433,41,74229.38,391.99,8,34.21,12,9.39,3.55,1,20028.85,2
TXN03434,35,30159.53,2382.09,7,18.98,27,0.5,4.08,3,12030.07,2
TXN03435,59,41025.22,599.72,3,25.18,62,14.5,3.88,5,2740.72,2
TXN03436,45,66579.74,895.15,8,4.59,6,0.89,4.27,3,4806.05,1
TXN03437,42,33287.46,2132.3,6,3.23,44,15.33,4.09,2,2039.92,2
TXN03438,23,52966.34,7397.3,4,4.49,2,14.51,3.54,1,2180.5,1
TXN03439,23,20559.92,3427.45,3,13.87,12,50.34,4.83,3,11694.06,2
TXN03440,39,82880.71,2539.04,9,21.43,7,5.02,3.31,2,5709.43,2
TXN03441,37,173213.88,2458.84,7,10.31,74,1.87,4.75,3,5958.0,2
TXN03442,30,337737.49,1363.02,4,10.73,6,1.16,4.43,1,1594.67,1
TXN03443,37,58357.77,1574.45,5,2.04,26,0.89,4.15,5,1247.89,0
TXN03444,52,91804.92,3595.06,5,10.76,5,19.95,3.68,3,7323.45,2
TXN03445,43,17286.51,770.08,0,10.44,19,15.21,3.25,2,4701.75,0
TXN03446,25,146073.58,4138.72,2,6.72,16,44.71,3.88,0,2840.24,4
TXN03447,35,91093.07,1796.89,5,8.92,1,4.44,3.87,2,11801.7,4
TXN03448,28,40156.18,5043.07,2,30.93,52,19.5,3.67,5,5301.93,2
TXN03449,32,122915.94,5658.85,7,14.75,45,1.17,4.12,2,1930.36,1
TXN03450,32,46615.06,603.0,5,13.3,10,28.11,4.38,5,901.32,1
TXN03451,31,40838.16,1524.93,7,8.64,29,0.64,3.16,1,5320.31,3
TXN03452,23,74911.01,1208.15,7,16.64,14,18.61,3.28,3,2519.81,1
TXN03453,35,27554.14,535.51,5,50.01,44,4.41,2.85,6,3175.89,2
TXN03454,30,106846.08,1039.39,5,20.45,35,2.4,4.0,1,2996.84,1
TXN03455,18,27686.36,19912.71,4,10.24,3,14.63,4.84,1,9529.23,0
TXN03456,57,27793.37,4197.02,5,11.39,56,27.15,2.82,3,6313.7,3
TXN03457,47,30448.44,12755.79,6,23.8,6,17.33,3.21,2,3271.94,0
TXN03458,32,90107.93,5058.27,7,45.4,6,4.51,2.79,0,3210.84,0
TXN03459,36,36834.29,1330.73,4,4.25,40,5.24,3.38,2,4282.0,1
TXN03460,24,22899.98,1807.21,6,12.44,6,2.52,2.3,1,8805.7,0
TXN03461,53,37100.9,4122.51,13,11.31,4,20.85,4.56,3,3709.26,1
TXN03462,55,53866.33,3626.15,4,23.7,12,1.36,4.27,5,2340.9,3
TXN03463,38,25526.09,1530.43,3,12.81,55,28.02,3.93,2,1505.84,1
TXN03464,46,26016.75,692.67,7,25.67,6,11.03,4.43,3,3296.35,1
TXN03465,38,216951.93,40890.09,3,3.31,12,10.67,4.39,1,1512.79,0
TXN03466,23,31436.38,2217.35,6,18.18,10,21.83,3.75,2,4444.95,1
TXN03467,32,44583.13,1895.37,5,23.71,13,13.21,2.86,2,4806.04,1
TXN03468,37,43320.64,2752.82,7,2.86,38,4.35,3.27,2,8055.0,0
TXN03469,31,41823.2,2033.93,4,17.85,16,5.16,3.74,5,3022.7,1
TXN03470,34,82368.95,2774.89,8,5.12,43,2.28,3.26,3,7209.5,0
TXN03471,35,101862.73,7464.78,9,11.43,31,7.48,5.0,3,10814.1,2
TXN03472,35,45081.09,2248.86,8,10.66,13,1.4,3.91,1,3685.36,1
TXN03473,37,24621.56,930.52,6,5.33,17,12.7,3.87,3,16733.2,1
TXN03474,25,125929.14,2179.06,5,13.97,36,2.22,4.46,0,9569.79,1
TXN03475,29,51695.02,1684.64,3,10.61,23,23.94,3.99,3,2502.23,2
TXN03476,23,169362.67,8386.35,4,8.78,61,14.47,3.61,2,27490.95,0
TXN03477,46,12777.71,6764.86,4,37.47,81,26.65,4.86,3,3337.99,3
TXN03478,18,62448.69,2739.26,6,23.92,38,1.09,4.1,3,9322.79,0
TXN03479,48,191411.83,843.13,5,16.73,136,19.22,3.45,1,5434.27,2
TXN03480,50,43715.88,881.86,3,10.11,27,25.52,3.92,4,4328.15,1
TXN03481,33,47501.56,2532.34,6,3.57,1,0.55,3.43,2,8749.09,1
TXN03482,18,66647.38,3327.31,5,7.45,21,83.84,3.23,3,3889.8,3
TXN03483,32,38248.94,1818.23,8,7.76,8,4.29,4.35,1,3317.69,3
TXN03484,35,44902.18,1662.21,3,34.82,12,2.85,3.45,2,3388.61,1
TXN03485,26,44157.08,1510.46,5,3.18,20,6.43,3.26,0,1571.58,2
TXN03486,31,36580.3,2450.78,2,9.79,10,0.5,3.93,1,7384.7,1
TXN03487,51,122252.67,329.87,4,18.18,11,26.05,4.53,4,2205.47,0
TXN03488,43,74220.02,980.36,6,14.33,15,3.75,2.33,6,4054.63,3
TXN03489,27,64731.09,1467.11,4,10.4,10,8.85,3.29,2,3549.71,2
TXN03490,20,93028.36,6977.34,6,6.66,6,11.72,2.24,3,5354.57,1
TXN03491,33,46316.67,1251.76,1,17.69,44,18.79,1.43,1,3468.08,1
TXN03492,34,33251.53,2914.47,8,11.15,15,3.46,3.83,4,2900.56,0
TXN03493,41,37174.66,3030.88,4,34.97,53,15.15,2.88,0,4678.74,1
TXN03494,31,55063.78,7534.71,4,12.96,64,1.5,4.34,4,4406.25,0
TXN03495,41,27628.44,7311.74,7,38.17,42,14.62,2.96,2,1664.53,0
TXN03496,55,39732.26,2380.74,4,15.25,15,30.2,4.21,3,3240.71,1
TXN03497,44,39324.88,1668.84,4,9.28,38,1.07,4.0,1,8514.22,0
TXN03498,36,218829.9,1421.95,5,8.65,5,1.49,3.15,3,19547.63,2
TXN03499,34,9064.39,2036.81,4,12.61,32,9.78,3.45,1,1059.17,0
TXN03500,32,48939.28,1728.69,6,6.93,16,0.57,3.92,2,6247.46,3
TXN03501,48,168853.95,4002.32,6,6.28,32,2.49,4.17,0,3769.01,1
TXN03502,30,59533.08,3573.53,5,23.18,42,2.53,4.75,4,2312.61,0
TXN03503,36,89752.38,4134.32,2,17.13,25,7.88,3.95,2,2593.93,3
TXN03504,37,58687.12,7291.3,6,6.06,31,3.43,3.77,3,1812.92,0
TXN03505,31,35643.49,12179.2,6,19.67,7,7.74,3.82,2,1348.76,2
TXN03506,22,12808.23,2779.45,5,10.77,27,8.84,3.62,4,4583.51,1
TXN03507,39,62858.07,6365.13,2,17.27,19,15.74,3.47,3,12195.27,0
TXN03508,35,33221.22,1854.06,5,18.26,17,35.02,3.15,2,4480.01,1
TXN03509,41,32691.5,6845.19,8,7.95,16,8.41,4.07,2,3946.63,4
TXN03510,31,39765.17,6163.06,5,40.94,11,5.26,3.21,4,2262.03,0
TXN03511,48,170970.85,5891.11,4,8.16,11,3.59,3.92,2,1824.91,2
TXN03512,27,262559.46,2708.11,6,18.11,36,12.08,3.78,1,3553.83,2
TXN03513,53,63340.08,1416.5,5,7.37,24,34.36,4.25,3,1702.78,1
TXN03514,19,40659.58,764.1,4,11.23,1,17.36,3.97,2,7682.38,1
TXN03515,40,25588.32,2416.35,4,11.84,1,2.77,3.26,3,2336.09,0
TXN03516,41,74580.89,9201.36,5,22.99,25,26.85,3.02,5,1939.34,1
TXN03517,28,175251.45,1921.15,4,14.96,56,15.96,4.53,2,16915.62,1
TXN03518,40,46831.78,4872.7,2,20.53,1,1.64,3.51,0,8688.19,1
TXN03519,49,11716.36,5122.53,4,14.16,21,14.97,4.78,3,1516.24,0
TXN03520,18,85018.21,1964.34,5,27.12,57,4.1,1.96,5,1887.41,0
TXN03521,41,104359.64,7653.66,3,18.51,1,8.11,3.93,3,3053.65,0
TXN03522,18,19619.69,210.96,1,15.35,10,4.28,4.4,1,3127.19,0
TXN03523,26,61685.44,884.22,7,17.26,76,1.05,3.86,4,2538.6,0
TXN03524,52,73746.25,1147.98,5,4.05,3,17.56,3.95,1,8921.64,0
TXN03525,30,52447.54,1245.49,4,5.69,28,21.17,4.2,7,4055.7,1
TXN03526,24,32895.38,3327.14,2,15.69,21,3.17,4.38,6,3410.71,0
TXN03527,34,106451.81,3198.95,8,13.53,5,3.29,4.22,6,2286.71,1
TXN03528,57,42314.78,3494.47,5,25.32,1,6.74,4.66,0,1676.37,0
TXN03529,18,20946.3,4149.38,5,1.14,21,20.02,3.47,4,2260.51,1
TXN03530,25,14514.89,1114.83,5,13.0,40,0.96,4.97,0,1895.9,0
TXN03531,51,124821.58,887.67,7,4.5,6,19.85,3.08,4,1449.51,0
TXN03532,55,82118.62,3501.4,5,15.37,35,30.72,4.47,2,7443.89,1
TXN03533,35,58236.71,1463.15,3,16.52,24,9.89,4.08,2,6711.77,1
TXN03534,24,41312.07,657.96,8,20.08,13,0.75,5.0,3,2692.65,2
TXN03535,57,38996.98,5708.37,5,6.03,33,3.77,4.01,2,8803.6,0
TXN03536,52,27333.26,8183.56,4,3.6,6,1.42,4.28,1,5290.73,3
TXN03537,43,41549.56,9392.18,11,18.84,18,3.6,2.64,3,1642.86,0
TXN03538,28,13863.74,2930.72,2,7.73,24,20.04,4.4,5,1261.39,1
TXN03539,36,34086.17,4256.01,2,7.24,18,0.69,4.0,6,4336.09,0
TXN03540,34,44935.31,8009.9,7,13.05,15,4.01,4.32,2,4884.05,1
TXN03541,39,81757.31,1449.31,2,4.76,41,8.73,3.13,1,1416.01,1
TXN03542,51,53590.99,6426.09,5,18.44,32,24.86,3.45,4,2422.52,2
TXN03543,45,92206.74,3159.39,4,5.41,31,3.45,3.93,3,6359.58,1
TXN03544,25,132194.06,5435.47,4,6.65,67,18.08,3.75,1,10510.57,3
TXN03545,50,109414.54,2928.44,5,9.53,151,10.51,3.99,4,3713.04,2
TXN03546,39,74676.44,7524.08,4,5.91,25,13.54,3.92,0,3640.58,0
TXN03547,43,55425.73,3023.11,5,22.28,13,23.75,3.45,1,2552.33,1
TXN03548,51,29073.32,708.16,2,21.14,45,0.5,3.63,1,9912.76,1
TXN03549,25,88969.79,8588.54,3,13.86,5,9.05,3.28,1,5164.87,0
TXN03550,36,163885.66,1117.27,4,7.6,22,16.5,5.0,0,1942.55,0
TXN03551,31,68696.77,7252.82,3,6.28,22,25.91,4.04,3,6051.12,1
TXN03552,20,191244.29,2315.4,5,15.36,123,1.71,5.0,0,2142.79,1
TXN03553,39,20403.6,6793.05,7,6.3,141,5.01,3.07,5,1797.71,0
TXN03554,61,25974.8,6559.04,3,8.14,48,0.98,3.74,4,2559.26,0
TXN03555,18,95891.2,3603.52,7,4.01,19,21.62,3.49,5,1916.3,0
TXN03556,36,65308.48,3851.82,5,13.04,24,23.37,4.08,3,1857.9,0
TXN03557,42,129190.96,3580.58,3,6.36,12,7.93,3.94,2,1314.39,1
TXN03558,37,54449.66,451.37,5,11.32,53,0.5,3.0,3,2146.19,2
TXN03559,35,31285.33,2764.53,4,7.1,41,1.29,4.13,4,2410.04,0
TXN03560,23,47870.41,968.15,3,21.6,44,11.75,3.99,2,1359.1,2
TXN03561,38,20309.5,2891.57,4,15.76,4,48.63,4.01,1,5108.31,1
TXN03562,28,26410.17,946.29,3,4.55,15,21.91,4.61,2,1016.43,3
TXN03563,18,103484.49,913.09,8,22.89,23,19.19,4.46,4,2680.37,1
TXN03564,48,96993.6,9781.42,4,10.0,4,6.49,4.94,3,5560.06,3
TXN03565,46,69636.3,6204.79,2,23.45,14,50.57,4.04,0,7731.28,2
TXN03566,37,17968.73,2491.21,4,14.1,3,20.91,4.44,2,2340.67,1
TXN03567,38,43570.09,2925.15,6,10.08,96,4.91,3.67,1,7114.28,1
TXN03568,47,24805.94,2024.98,1,3.7,42,16.56,3.93,1,2706.18,1
TXN03569,38,118164.75,4057.98,5,4.44,29,6.8,4.21,5,16967.85,1
TXN03570,45,37634.22,1407.26,7,26.92,7,12.96,3.45,1,1259.73,1
TXN03571,33,27155.98,5818.08,3,6.67,12,42.1,3.84,2,1729.58,0
TXN03572,49,56075.6,2016.1,2,22.37,5,3.4,2.9,1,3917.64,1
TXN03573,39,36278.77,1749.66,5,23.91,23,19.02,4.66,0,1447.46,0
TXN03574,38,144281.57,2546.57,5,17.92,52,10.71,4.68,1,2132.15,1
TXN03575,23,34113.94,1512.58,9,3.94,1,35.94,2.95,3,4805.66,0
TXN03576,39,22149.94,3305.77,2,7.73,3,1.73,4.61,4,4001.09,1
TXN03577,28,13571.06,1583.33,6,36.1,8,15.26,4.48,2,3415.14,0
TXN03578,30,53910.32,3723.02,5,31.12,38,0.5,4.02,3,3440.07,1
TXN03579,28,38171.1,7027.96,3,6.01,67,3.4,4.03,2,624.94,0
TXN03580,25,21726.77,1356.44,4,9.84,42,4.64,4.2,2,3883.67,2
TXN03581,57,119143.71,2237.37,5,21.92,22,6.79,2.88,2,2242.43,4
TXN03582,49,84863.37,3700.33,5,3.0,3,40.33,5.0,0,2701.94,5
TXN03583,55,54000.41,1726.01,7,21.27,42,0.84,2.28,3,1149.86,0
TXN03584,24,133505.84,3709.75,2,14.04,3,2.22,2.78,3,5606.88,2
TXN03585,37,84604.01,4008.35,6,60.0,13,2.72,4.54,3,5150.19,0
TXN03586,23,32216.44,6278.07,7,24.64,11,6.62,4.44,3,1548.64,1
TXN03587,29,27989.8,1493.61,8,2.73,13,0.75,4.99,3,3968.33,1
TXN03588,27,93599.14,1121.8,2,19.62,12,40.37,3.87,1,11081.39,3
TXN03589,48,71162.91,1924.85,9,28.57,44,9.85,3.15,3,3860.66,3
TXN03590,32,61415.93,1098.23,1,16.71,6,20.14,3.85,3,854.52,0
TXN03591,47,31725.15,4039.47,9,16.05,56,17.77,4.4,1,2347.69,2
TXN03592,42,81654.68,931.28,3,15.96,59,12.97,3.31,3,3825.32,1
TXN03593,59,33658.27,18162.42,3,24.15,20,28.17,3.05,3,15395.04,2
TXN03594,21,51472.2,7521.98,5,15.38,3,27.92,3.82,3,1501.34,2
TXN03595,49,140871.32,2526.87,6,12.69,26,1.64,3.29,5,3156.88,2
TXN03596,47,35794.38,5225.63,8,16.32,52,27.86,3.68,5,1657.95,1
TXN03597,26,19784.33,621.89,6,3.69,10,8.91,3.37,4,6476.79,0
TXN03598,46,27748.38,21352.27,5,12.88,55,3.74,4.21,2,2708.36,3
TXN03599,39,104965.05,1513.78,6,9.05,34,11.25,3.49,3,517.2,0
TXN03600,34,64903.95,2256.62,4,24.69,131,3.96,3.44,2,2657.76,1
TXN03601,28,50580.34,516.2,3,6.44,52,7.82,4.29,3,3235.86,2
TXN03602,29,39504.8,3779.66,5,12.56,7,20.34,3.02,3,4592.1,1
TXN03603,56,75400.74,976.19,6,7.06,18,0.5,3.17,2,3974.66,0
TXN03604,36,31671.43,2725.63,6,15.91,3,2.43,4.04,1,5544.59,2
TXN03605,44,67088.71,1574.06,7,34.56,2,37.64,3.19,5,3210.11,2
TXN03606,28,34192.89,1000.21,4,19.79,37,7.07,4.71,1,3713.62,1
TXN03607,28,30687.47,1261.86,5,19.98,73,4.34,3.06,5,3530.04,1
TXN03608,47,36341.72,3028.93,8,5.19,109,30.81,3.72,7,2617.36,2
TXN03609,23,43091.18,841.16,2,15.72,9,29.06,3.19,2,5209.48,1
TXN03610,32,53281.75,1322.87,10,8.35,7,0.54,4.82,2,6330.98,0
TXN03611,36,64095.84,4393.27,6,11.11,25,5.4,3.06,3,3394.52,1
TXN03612,37,5002.29,22837.38,5,9.76,7,29.28,5.0,2,2480.82,1
TXN03613,34,32536.43,3751.82,5,6.58,11,2.38,3.86,1,1640.5,3
TXN03614,40,42640.85,1146.39,5,14.49,54,10.36,3.67,1,4487.18,0
TXN03615,43,146294.76,1829.87,1,15.96,50,4.64,2.34,4,1733.77,1
TXN03616,43,27257.58,2568.04,3,22.48,68,16.01,4.97,1,3913.27,0
TXN03617,26,61139.06,1857.59,8,25.9,20,2.07,4.16,2,3836.46,0
TXN03618,33,145343.93,5386.47,3,18.75,25,10.88,2.95,3,7386.83,0
TXN03619,48,23427.34,3007.6,5,5.11,44,0.5,3.44,1,9242.38,0
TXN03620,45,71052.36,5408.46,4,8.37,8,3.49,2.64,1,417.31,1
TXN03621,22,32650.38,1913.65,2,13.18,52,2.12,3.26,2,3039.55,0
TXN03622,40,39619.49,7713.45,10,25.03,1,2.83,3.72,2,804.22,0
TXN03623,18,32632.58,2170.11,3,16.61,48,23.63,4.95,1,7892.08,2
TXN03624,36,34179.5,1095.03,7,23.34,45,29.55,5.0,2,3443.65,1
TXN03625,55,322652.56,15911.04,10,29.14,11,16.88,4.17,1,7837.57,0
TXN03626,27,95223.76,529.97,3,27.55,39,10.7,2.71,6,4193.25,2
TXN03627,28,112557.34,1334.24,2,7.0,7,3.15,5.0,2,1360.09,1
TXN03628,44,75726.56,1467.14,3,5.7,26,3.85,2.56,6,1777.85,3
TXN03629,21,19361.11,21080.56,5,18.43,36,4.45,4.4,2,3185.99,0
TXN03630,30,71097.76,11612.95,9,24.06,38,18.01,3.85,5,5214.49,1
TXN03631,42,110469.28,8900.7,3,4.05,122,3.5,4.66,1,3641.91,0
TXN03632,30,31583.14,1887.46,5,11.7,6,43.52,3.27,1,3963.06,0
TXN03633,34,103006.85,19659.13,4,23.57,20,19.1,4.52,4,2725.23,2
TXN03634,43,86934.22,3419.14,5,6.33,64,98.07,4.82,3,7719.44,0
TXN03635,40,183306.43,5737.16,7,14.66,25,7.38,4.09,2,3876.8,1
TXN03636,39,41920.47,2912.56,7,17.01,63,10.68,3.81,2,3620.67,0
TXN03637,33,26947.38,2397.06,4,3.42,17,3.95,4.51,2,4304.09,1
TXN03638,40,43478.86,2018.35,8,20.88,48,11.11,4.74,1,2617.61,1
TXN03639,35,139833.77,2091.95,7,23.14,61,43.75,3.47,1,2739.09,1
TXN03640,41,16757.89,4193.39,6,13.95,56,0.5,3.36,2,4902.2,3
TXN03641,31,14337.65,3415.8,9,3.15,62,4.1,3.35,2,6026.59,3
TXN03642,34,58290.56,2434.01,7,8.96,7,3.96,2.23,1,6483.91,1
TXN03643,26,41249.96,9019.47,3,24.82,17,48.46,4.45,2,3052.91,1
TXN03644,36,55276.97,200.8,2,7.16,6,1.71,3.8,3,3815.45,0
TXN03645,28,101675.45,3856.25,5,27.76,6,20.08,3.6,3,2289.23,0
TXN03646,25,38404.06,4601.44,11,12.12,20,3.85,3.49,2,6070.18,2
TXN03647,39,16279.06,6627.38,1,21.24,97,23.65,4.11,1,1806.49,0
TXN03648,38,207731.46,2365.88,5,5.88,27,8.03,3.34,3,4088.83,1
TXN03649,44,28764.29,2983.28,7,34.58,58,3.33,4.43,4,6475.65,0
TXN03650,32,27631.57,5779.67,8,8.21,83,14.84,3.54,4,3821.95,0
TXN03651,40,112702.45,8879.83,3,11.23,3,22.11,3.0,1,4317.88,0
TXN03652,42,42837.56,1936.41,9,10.64,5,7.62,4.22,7,2891.62,0
TXN03653,40,52779.87,3136.85,7,1.51,10,15.02,3.19,1,956.02,0
TXN03654,28,75274.9,10413.25,3,11.75,29,2.4,3.75,3,2184.18,0
TXN03655,37,111236.9,411.01,10,6.88,2,33.29,4.45,3,3610.38,2
TXN03656,40,44282.24,1390.66,6,14.15,46,1.22,3.83,3,2160.68,0
TXN03657,36,147717.55,8690.68,4,16.37,2,3.01,3.88,1,4915.58,1
TXN03658,18,13722.86,6327.77,1,7.23,5,4.08,3.49,4,1256.02,3
TXN03659,38,90124.76,3897.63,8,7.42,14,1.99,3.92,1,901.69,2
TXN03660,58,31869.21,1707.42,5,8.07,24,6.26,3.36,2,5693.31,0
TXN03661,32,134197.09,1181.45,7,14.66,64,7.34,4.17,1,2814.02,0
TXN03662,29,60319.9,1512.49,3,10.29,100,8.77,3.56,4,4460.36,1
TXN03663,40,35514.63,9319.4,5,7.41,65,0.5,3.67,2,2430.36,1
TXN03664,39,84620.78,1465.38,3,9.88,3,2.97,3.1,1,5197.0,1
TXN03665,48,98288.36,2725.09,5,24.53,30,19.79,4.16,1,9051.73,1
TXN03666,23,83476.43,1317.37,6,14.03,17,19.97,3.42,2,9512.6,0
TXN03667,43,28163.61,5117.41,8,9.2,4,4.81,3.03,3,2223.74,1
TXN03668,42,40154.0,1581.5,3,28.41,24,7.42,3.44,3,2604.96,1
TXN03669,35,54854.59,2300.98,4,17.82,13,2.43,4.37,2,3942.68,1
TXN03670,39,53544.57,597.75,6,3.48,13,20.72,4.21,2,12966.96,3
TXN03671,46,89538.41,634.4,4,20.78,3,37.67,2.23,3,1561.71,0
TXN03672,45,14844.77,2516.36,5,36.38,116,4.13,3.31,2,1569.45,1
TXN03673,25,68350.29,810.51,11,21.62,39,18.28,4.81,3,6430.33,1
TXN03674,44,45551.58,14963.51,2,8.51,10,5.21,4.68,5,2196.19,1
TXN03675,35,31890.49,433.44,11,12.13,75,0.5,2.92,1,5552.08,0
TXN03676,37,33944.16,1266.35,7,3.17,89,10.99,4.43,3,2323.92,2
TXN03677,37,47841.03,2535.74,7,20.0,50,6.34,2.79,3,4478.82,4
TXN03678,34,5294.28,1832.95,6,11.22,32,17.05,3.21,0,2449.24,0
TXN03679,48,34865.4,978.01,5,7.99,14,16.58,3.05,4,1732.36,2
TXN03680,35,31126.31,1107.44,5,11.52,17,35.03,4.32,3,3877.45,0
TXN03681,25,77761.18,1077.06,4,3.56,18,6.91,3.82,4,1497.79,1
TXN03682,32,32581.38,1959.28,5,3.93,89,7.91,4.15,3,4817.11,1
TXN03683,38,47823.12,13136.97,3,5.08,43,6.14,2.43,1,2970.62,2
TXN03684,48,149876.71,2671.23,3,1.63,10,4.23,4.42,3,1349.93,2
TXN03685,42,104968.64,6832.95,4,8.73,29,12.19,4.95,3,4317.68,1
TXN03686,27,98870.37,3846.72,5,6.21,27,21.13,3.97,2,4254.49,2
TXN03687,61,39742.3,6443.51,3,25.21,50,2.06,5.0,4,674.51,0
TXN03688,39,78280.94,231.38,7,5.75,3,48.1,4.41,3,3377.48,1
TXN03689,49,47242.77,1929.96,3,18.69,36,13.82,5.0,1,3524.33,2
TXN03690,34,48418.05,7593.98,8,7.07,12,18.18,3.64,4,3734.58,1
TXN03691,41,71781.63,1537.74,8,14.41,4,81.26,4.02,3,979.83,1
TXN03692,44,37310.97,11182.98,6,29.24,39,8.41,3.33,4,4483.29,1
TXN03693,48,145152.54,8825.08,7,5.11,12,0.89,2.78,4,5012.23,1
TXN03694,47,49563.2,1677.88,7,32.03,39,18.74,3.23,5,1815.15,4
TXN03695,45,82209.23,1630.04,6,20.82,5,24.55,4.0,1,1314.38,0
TXN03696,33,141666.19,1056.25,5,16.41,128,2.13,2.92,0,1763.3,0
TXN03697,30,107544.87,1463.95,8,14.02,49,0.5,3.88,2,3830.17,2
TXN03698,39,22010.86,876.86,4,12.28,10,1.75,2.28,5,1471.51,0
TXN03699,45,73443.43,3599.45,5,23.65,40,4.7,3.57,4,1356.94,0
TXN03700,34,95612.23,725.17,4,12.27,4,30.97,3.98,4,15216.69,2
TXN03701,47,98203.73,4176.46,6,10.52,32,0.5,3.31,0,3487.01,1
TXN03702,51,26674.06,4263.79,4,19.27,2,19.54,3.58,1,2814.91,2
TXN03703,27,35882.88,609.12,1,7.02,12,23.16,3.79,1,2188.98,1
TXN03704,28,104982.75,9333.75,6,38.01,115,20.0,3.53,5,2602.81,1
TXN03705,35,33521.56,3868.47,7,16.14,4,1.03,4.0,2,12355.06,2
TXN03706,39,45264.85,4728.15,7,11.2,27,13.64,2.62,4,6197.49,1
TXN03707,31,153185.94,1311.83,8,11.04,2,36.92,2.97,0,18605.82,1
TXN03708,50,53317.45,4243.18,6,10.18,33,1.54,3.08,0,4604.9,2
TXN03709,40,34292.61,6512.51,8,17.72,10,0.5,3.65,3,1792.1,0
TXN03710,36,31089.87,2299.0,10,14.3,11,24.83,5.0,1,4231.6,3
TXN03711,22,68278.9,13707.25,1,11.85,12,12.43,4.21,2,5138.69,1
TXN03712,23,23122.06,2595.41,4,27.17,7,12.48,2.6,1,5379.0,2
TXN03713,39,46831.91,6592.67,5,30.32,85,40.04,3.95,3,2568.32,3
TXN03714,18,68301.59,3207.04,6,5.45,71,17.62,3.41,2,12372.5,3
TXN03715,46,127968.04,4112.31,5,10.92,61,6.08,3.48,4,1439.17,1
TXN03716,34,84880.08,603.9,8,9.34,3,6.87,3.29,2,4438.78,1
TXN03717,68,34577.07,3427.0,4,8.52,8,1.88,3.6,2,2852.19,2
TXN03718,59,118309.7,1338.52,3,9.21,28,4.35,2.55,2,2031.75,1
TXN03719,34,45270.17,1217.56,4,5.74,106,7.07,3.71,2,4160.92,1
TXN03720,35,24633.97,11009.72,6,21.05,28,3.63,4.02,2,8434.81,2
TXN03721,46,49180.95,2084.62,2,10.93,12,29.71,3.24,3,4643.87,0
TXN03722,53,140070.12,1065.54,5,13.52,51,0.5,3.43,1,4237.31,0
TXN03723,20,61236.24,1842.33,6,21.26,4,10.61,2.96,4,851.32,2
TXN03724,18,55449.48,827.71,2,5.59,64,17.72,3.52,2,6669.9,2
TXN03725,30,159416.58,8457.83,9,14.42,110,15.81,3.86,3,2634.05,2
TXN03726,42,21692.2,1383.98,3,4.38,103,12.38,3.67,3,5086.99,0
TXN03727,41,23847.84,3920.41,4,4.47,5,6.34,4.26,3,6665.16,1
TXN03728,47,19240.8,7916.76,7,12.6,24,30.08,4.47,1,4005.94,0
TXN03729,24,70074.19,1634.21,3,12.12,26,4.79,3.39,3,862.39,0
TXN03730,18,61286.14,3929.49,2,5.62,7,16.64,3.64,1,9434.09,2
TXN03731,45,149921.5,1041.56,4,25.13,24,31.35,3.03,1,12384.07,1
TXN03732,28,64430.81,19989.25,3,1.99,31,1.65,3.46,2,6183.83,3
TXN03733,18,42293.4,5541.22,4,5.49,12,35.27,3.84,3,2104.83,3
TXN03734,37,55064.2,2122.46,5,9.35,11,17.96,4.33,2,8278.34,1
TXN03735,44,59373.2,1296.13,4,7.62,2,11.5,3.73,2,2872.89,3
TXN03736,35,18554.05,2269.12,7,4.99,94,5.61,4.02,4,3339.7,2
TXN03737,31,320232.97,1872.56,6,43.13,49,28.15,2.86,3,8093.23,1
TXN03738,34,77111.26,13148.31,3,21.79,43,0.54,3.97,1,5506.94,2
TXN03739,32,63044.36,882.13,10,10.66,1,6.78,3.19,3,674.15,1
TXN03740,23,82038.59,2803.51,2,26.89,29,16.96,4.9,3,4048.15,1
TXN03741,29,87221.45,2461.33,5,24.46,6,20.0,5.0,2,8024.53,2
TXN03742,41,50197.91,2262.55,2,7.73,33,2.71,4.88,2,1347.5,0
TXN03743,39,36489.57,2279.52,3,11.11,29,0.59,3.16,1,6937.9,1
TXN03744,38,81204.94,2265.13,3,12.42,57,19.49,4.26,4,1087.56,0
TXN03745,26,70671.7,5250.89,3,21.17,9,6.58,2.06,3,3011.41,1
TXN03746,34,32489.1,4195.14,5,17.19,1,1.86,4.55,1,5112.89,3
TXN03747,18,138338.88,3569.29,4,11.25,74,1.07,3.77,1,2931.7,1
TXN03748,38,66553.89,189.65,4,8.06,72,12.28,2.52,2,7981.35,3
TXN03749,50,88386.19,3225.59,3,12.0,18,10.49,4.22,8,1300.15,2
TXN03750,21,135922.08,612.01,3,4.9,2,23.09,3.56,2,6193.04,3
TXN03751,30,55788.12,4330.41,3,6.35,21,0.5,3.55,3,3632.05,0
TXN03752,39,67582.7,8754.9,9,10.4,22,24.34,4.17,4,1927.02,1
TXN03753,49,93116.45,1137.68,2,11.54,52,26.19,4.5,1,4758.31,0
TXN03754,32,34335.28,2001.26,5,35.62,38,7.09,3.99,4,3331.86,0
TXN03755,29,56966.69,1502.06,4,6.52,2,0.96,2.19,3,9859.68,2
TXN03756,18,59676.59,7144.96,2,2.42,37,35.19,3.99,2,5265.35,1
TXN03757,37,29544.43,2710.31,2,8.55,4,0.9,3.07,0,4672.15,1
TXN03758,56,248091.37,10863.09,7,7.45,3,10.72,4.13,3,2185.17,1
TXN03759,39,22034.13,3553.67,9,10.18,15,8.15,4.02,2,3878.16,1
TXN03760,36,23654.79,3072.14,7,9.02,2,21.63,3.57,2,2340.0,2
TXN03761,39,129228.28,2649.22,2,11.35,53,8.38,3.7,2,3350.66,0
TXN03762,36,87440.3,5010.74,3,21.21,19,7.6,2.5,4,8368.78,1
TXN03763,28,28232.0,570.79,4,13.94,27,25.51,4.88,3,2865.48,3
TXN03764,44,81619.73,2688.1,7,7.33,26,39.89,3.98,4,1271.82,1
TXN03765,38,142798.7,2355.5,7,2.27,115,9.56,3.92,5,4947.75,1
TXN03766,36,53928.67,4631.57,5,17.35,74,7.28,3.96,3,6071.2,1
TXN03767,26,297843.47,2131.33,2,21.76,57,21.34,2.48,3,10644.45,2
TXN03768,49,17933.9,1033.93,5,8.95,14,21.34,4.43,1,6409.78,0
TXN03769,43,86342.2,2515.67,5,32.95,5,4.62,3.46,0,2893.86,2
TXN03770,30,117398.79,995.88,5,16.86,27,10.3,3.82,7,4200.99,1
TXN03771,46,98170.59,486.66,5,13.59,17,2.01,3.32,0,4596.44,1
TXN03772,31,48158.71,4638.29,8,10.91,8,12.11,2.88,5,4743.11,0
TXN03773,28,45537.96,4089.79,3,22.07,3,21.55,3.36,3,619.34,2
TXN03774,28,73407.61,3718.49,5,31.62,17,2.49,3.6,2,2342.75,0
TXN03775,18,93463.74,7566.87,2,30.52,32,4.68,3.73,2,4887.57,1
TXN03776,41,81364.65,1420.51,6,12.25,29,7.15,3.38,4,7555.87,4
TXN03777,18,108133.96,740.7,4,30.37,45,22.38,3.66,4,2245.16,0
TXN03778,24,28362.5,2355.53,11,7.15,19,15.77,3.52,6,2617.7,4
TXN03779,18,47431.29,1860.63,8,19.92,12,4.57,2.77,3,2961.88,1
TXN03780,35,29854.12,1221.82,4,6.48,23,3.34,3.71,1,3184.64,2
TXN03781,34,42792.37,2335.95,4,18.43,111,14.28,3.71,4,6365.4,2
TXN03782,33,106402.25,1486.5,5,18.39,1,7.84,3.25,2,2087.23,1
TXN03783,26,58999.13,525.02,5,8.96,23,10.8,4.38,1,6411.7,0
TXN03784,24,299403.34,1718.22,4,7.31,12,12.55,3.73,3,9449.03,0
TXN03785,41,62367.69,951.58,8,28.44,3,9.82,4.01,2,2656.97,1
TXN03786,30,57175.92,3044.06,7,5.33,17,11.39,3.13,2,2590.48,1
TXN03787,39,58930.11,1431.41,7,4.04,31,26.22,3.26,3,3908.07,3
TXN03788,27,36334.13,6431.31,2,16.2,23,24.32,3.54,3,2321.52,0
TXN03789,38,52970.72,9772.54,6,11.98,1,1.94,2.89,2,3291.13,1
TXN03790,49,114479.46,4453.83,7,16.03,26,10.6,2.45,1,1251.07,1
TXN03791,42,59229.17,668.93,3,7.66,8,6.94,4.69,2,6371.01,0
TXN03792,32,32837.93,8986.36,5,8.18,13,4.03,3.34,2,11210.81,2
TXN03793,39,30145.27,9541.52,3,12.23,11,11.97,3.65,2,2184.78,1
TXN03794,34,41046.35,2540.25,5,12.38,59,8.58,3.95,2,1105.62,1
TXN03795,36,57705.03,7696.59,5,11.77,1,17.89,3.6,2,6668.41,1
TXN03796,33,119481.84,1564.19,6,31.31,13,1.18,2.96,1,2611.22,2
TXN03797,34,23011.99,511.7,2,33.03,15,4.33,4.48,2,2193.01,0
TXN03798,38,44676.43,1310.03,9,5.03,29,0.5,3.42,4,3213.53,2
TXN03799,26,60408.79,10872.06,9,16.19,47,16.44,4.2,4,1489.1,1
TXN03800,26,16700.26,703.89,4,5.79,39,29.23,4.78,1,4904.56,1
TXN03801,22,31992.27,2498.98,4,37.05,42,10.62,2.88,2,1444.17,0
TXN03802,20,35353.79,2573.62,2,8.34,6,11.52,4.36,1,1527.61,3
TXN03803,24,32784.39,1616.5,3,10.2,73,0.57,3.87,1,1513.31,3
TXN03804,38,62306.23,1714.8,10,21.72,16,8.41,3.16,8,3925.77,1
TXN03805,27,49549.36,2658.34,9,6.31,1,8.98,4.1,4,983.32,1
TXN03806,41,38336.3,1550.31,8,3.96,33,0.5,3.87,0,15097.87,2
TXN03807,36,72639.5,746.43,6,6.22,28,18.3,3.37,3,2690.95,1
TXN03808,18,168566.74,3001.37,3,24.31,4,3.91,5.0,1,795.66,1
TXN03809,43,159628.61,6225.49,6,9.54,96,15.42,4.07,2,1665.7,0
TXN03810,44,15760.89,5235.32,8,23.12,25,6.19,3.03,1,5322.34,0
TXN03811,26,80032.28,1256.1,5,12.64,19,65.24,4.03,2,8994.42,4
TXN03812,40,48990.09,863.08,5,3.24,15,2.86,3.67,0,3923.54,1
TXN03813,27,60836.15,1963.5,2,7.55,7,0.72,3.01,4,3716.23,0
TXN03814,37,42455.19,9477.43,3,14.94,92,46.89,3.64,4,1199.18,0
TXN03815,23,59368.62,4327.76,8,1.82,36,3.35,4.07,0,9924.07,3
TXN03816,18,60688.12,4547.88,11,16.8,25,12.11,3.15,1,5165.04,0
TXN03817,32,37751.1,5326.37,4,4.01,30,5.63,2.82,6,4382.07,0
TXN03818,35,30713.25,3574.92,5,7.92,55,12.25,2.84,2,3541.68,1
TXN03819,32,41086.56,2769.89,4,31.57,30,10.88,2.87,1,5075.8,1
TXN03820,24,64046.01,4389.66,3,32.03,4,14.74,4.17,3,1999.16,0
TXN03821,32,81180.97,1571.53,3,17.96,36,0.5,4.09,1,6755.12,0
TXN03822,39,95775.8,751.26,5,13.85,25,21.71,3.16,0,6141.91,0
TXN03823,36,39889.36,4622.05,4,8.3,102,7.82,3.65,6,3267.62,1
TXN03824,38,66143.87,7158.98,5,3.12,40,8.78,2.88,5,2893.02,1
TXN03825,29,102817.94,966.37,5,12.64,13,6.35,3.35,2,772.49,2
TXN03826,48,117327.58,5027.51,2,10.05,4,54.54,3.34,4,1041.04,0
TXN03827,24,52936.43,10432.66,1,8.78,20,19.41,4.01,4,5128.43,1
TXN03828,41,47642.61,2495.23,1,26.99,34,4.48,4.62,4,6593.44,1
TXN03829,48,62275.24,1247.31,1,6.13,6,18.34,3.03,2,7402.35,2
TXN03830,41,26050.14,2775.57,4,54.41,31,6.89,3.22,3,1363.07,1
TXN03831,34,48496.28,1565.71,7,50.63,52,24.48,3.99,1,17429.76,0
TXN03832,31,89238.66,1480.04,2,21.39,5,0.5,2.79,1,7049.57,0
TXN03833,46,83479.31,3612.85,2,9.99,37,5.27,3.16,2,2342.8,0
TXN03834,22,46139.03,639.62,7,2.49,2,6.74,4.4,3,3923.91,1
TXN03835,26,63361.09,732.68,1,20.75,1,16.36,4.66,2,1066.73,0
TXN03836,32,32178.88,2541.33,6,45.04,1,2.42,3.15,2,2272.61,0
TXN03837,48,86886.54,2453.04,7,60.0,30,4.05,3.22,3,5101.56,0
TXN03838,40,52287.08,3347.83,3,6.46,109,15.44,4.27,2,3657.01,2
TXN03839,26,45968.88,12307.79,5,21.96,44,0.96,4.47,1,11857.53,1
TXN03840,33,43476.16,2732.26,7,4.82,9,2.69,3.59,5,1242.53,0
TXN03841,30,52796.88,4156.76,6,2.58,2,16.8,3.31,2,3224.47,4
TXN03842,29,41108.41,1090.99,11,26.52,29,25.0,4.15,2,1579.54,1
TXN03843,46,84362.77,4802.03,4,8.32,1,15.66,4.02,0,10250.24,2
TXN03844,22,42538.05,1598.17,9,10.13,47,8.99,3.75,4,4214.42,2
TXN03845,52,154896.92,2656.47,9,9.96,8,1.25,5.0,1,3520.75,2
TXN03846,44,142553.88,2279.07,7,0.66,11,21.07,3.95,1,3188.55,0
TXN03847,47,30809.71,6015.38,5,10.07,13,1.59,2.98,1,1894.21,1
TXN03848,31,57549.24,821.04,3,30.19,43,5.84,4.07,4,8098.48,4
TXN03849,35,36031.96,358.99,4,9.1,9,0.62,3.29,3,3943.97,0
TXN03850,22,44478.78,2085.22,6,14.59,10,14.84,3.65,2,4154.07,0
TXN03851,31,202130.0,3723.05,4,3.24,23,8.4,4.31,0,5261.35,2
TXN03852,41,45033.73,2845.45,4,20.59,19,28.58,4.38,5,1914.61,1
TXN03853,49,69510.66,7125.39,7,8.54,93,1.79,1.71,5,14146.45,1
TXN03854,25,78193.93,3625.74,2,6.03,9,20.52,3.37,2,10500.49,0
TXN03855,32,28700.77,1548.09,2,5.91,3,8.58,3.42,0,3413.0,3
TXN03856,34,31548.34,346.35,5,42.84,23,5.47,3.77,6,2834.89,2
TXN03857,22,25113.83,2043.32,5,1.76,6,12.38,3.16,3,5476.75,1
TXN03858,42,30921.51,5989.79,3,18.44,16,18.75,3.57,2,7666.77,2
TXN03859,29,8626.28,1791.49,4,2.14,6,6.96,3.72,1,11916.88,1
TXN03860,34,78359.86,2560.91,6,18.59,64,3.18,2.6,0,5496.62,1
TXN03861,31,209047.02,3576.72,4,6.73,12,29.69,3.65,4,3851.11,0
TXN03862,28,60546.8,1054.74,1,18.37,45,4.51,4.46,2,3852.64,2
TXN03863,36,21905.95,4246.27,2,11.1,89,76.09,2.91,1,938.27,1
TXN03864,34,36217.0,10052.73,3,15.15,85,17.5,3.88,4,2589.73,1
TXN03865,32,40815.55,2158.47,9,13.6,22,13.97,3.84,7,4506.94,1
TXN03866,29,28386.2,957.51,3,13.41,123,0.5,2.51,3,720.62,1
TXN03867,39,96202.17,2362.4,5,2.5,32,7.14,3.54,2,3969.81,2
TXN03868,53,93130.54,377.41,3,5.76,4,8.38,3.72,0,1982.47,2
TXN03869,37,25953.06,3328.96,2,22.04,66,5.67,4.66,2,10555.81,1
TXN03870,46,88114.39,3671.95,5,8.03,19,1.95,3.53,2,2867.63,0
TXN03871,22,148377.75,10387.28,6,10.92,5,5.5,4.05,3,2910.2,3
TXN03872,38,189425.54,2119.96,4,5.25,47,0.94,3.29,1,3179.02,2
TXN03873,25,354150.16,3537.79,9,6.36,29,4.13,4.0,3,3488.63,1
TXN03874,21,30601.16,1202.25,10,38.37,64,1.05,4.4,2,6096.68,1
TXN03875,29,344838.59,1846.57,5,31.49,53,16.75,2.63,2,2750.41,2
TXN03876,48,43689.12,683.78,5,18.54,12,13.35,3.89,3,3557.88,3
TXN03877,46,37420.95,2118.52,3,19.8,9,33.75,4.16,3,6122.18,1
TXN03878,38,68028.74,1928.57,6,15.67,40,5.74,3.7,4,3520.96,2
TXN03879,21,37674.87,3223.96,6,12.4,26,18.51,3.96,1,5537.62,2
TXN03880,34,71286.85,1471.43,3,39.93,2,10.63,4.32,0,2562.2,1
TXN03881,39,23319.34,2683.53,5,8.32,6,12.47,2.83,0,4474.83,3
TXN03882,38,47093.92,1883.1,7,6.69,5,9.51,4.06,1,8750.03,2
TXN03883,18,126844.46,1886.11,6,9.08,27,18.12,4.62,1,5336.02,1
TXN03884,27,52997.43,2676.74,7,8.96,3,0.51,3.49,3,944.64,2
TXN03885,35,60302.31,2587.61,3,22.52,7,1.01,3.35,1,5163.0,1
TXN03886,41,74907.29,4774.5,7,7.0,24,1.21,3.35,1,1560.45,2
TXN03887,18,117714.62,2256.34,5,12.14,4,4.09,4.0,4,1831.76,2
TXN03888,34,18754.56,1856.86,8,16.45,9,10.73,4.79,0,4938.58,0
TXN03889,37,80420.88,2143.85,8,13.73,71,12.45,5.0,1,1775.48,1
TXN03890,44,46202.91,1361.83,7,4.62,36,14.96,4.9,1,1609.46,1
TXN03891,43,61291.91,1841.11,6,16.35,11,3.95,3.56,3,3491.45,2
TXN03892,42,109541.21,14052.15,6,14.48,63,12.61,3.2,6,2278.16,0
TXN03893,28,25307.78,1150.86,6,18.39,9,1.5,2.72,2,1118.44,2
TXN03894,18,28477.5,1972.76,12,17.48,27,0.5,4.11,1,5163.08,1
TXN03895,32,15631.74,1798.45,5,18.11,14,14.24,5.0,4,6976.57,1
TXN03896,46,38489.28,2026.27,7,1.33,42,15.09,3.94,2,6593.32,0
TXN03897,50,130596.73,1886.53,4,6.0,14,11.68,4.04,3,1866.27,3
TXN03898,43,50853.63,3169.72,6,24.14,9,3.59,3.77,2,4666.43,2
TXN03899,40,23017.44,584.29,6,6.86,28,31.48,4.19,2,2476.65,0
TXN03900,40,40110.65,6036.87,6,25.18,41,25.02,3.36,2,1441.26,0
TXN03901,30,20909.91,4280.14,2,8.92,23,8.7,4.03,3,2074.32,1
TXN03902,35,26468.68,869.23,4,7.65,38,54.27,3.59,2,486.38,3
TXN03903,53,70814.62,363.34,4,9.15,16,4.26,4.13,3,1669.72,0
TXN03904,27,25644.15,1089.57,2,60.0,48,8.11,3.79,1,1253.66,2
TXN03905,52,113357.38,2034.04,6,11.42,26,31.56,4.16,1,4034.16,3
TXN03906,33,52515.32,22410.71,6,21.12,7,7.44,3.16,2,4292.25,1
TXN03907,49,58146.74,3967.19,2,54.84,66,7.64,4.56,1,1072.46,0
TXN03908,22,45896.59,537.86,5,16.96,54,0.99,4.48,4,6248.55,0
TXN03909,42,90893.12,1391.08,4,38.42,100,2.85,3.59,1,2287.2,1
TXN03910,29,91504.4,2389.44,4,23.81,25,2.06,3.41,0,1655.63,1
TXN03911,22,68382.61,3101.61,5,18.59,34,10.0,2.92,1,999.54,0
TXN03912,38,79395.85,817.71,8,4.49,60,4.6,2.98,2,1998.02,1
TXN03913,46,47917.22,2228.99,5,10.02,2,0.96,3.53,6,3175.0,0
TXN03914,28,78238.76,1358.39,5,16.96,73,8.56,3.91,3,7027.43,1
TXN03915,21,44155.29,978.33,6,7.75,9,13.28,3.94,3,3251.31,1
TXN03916,35,55079.84,3117.24,4,17.86,2,16.01,5.0,0,2807.67,0
TXN03917,35,46007.97,4826.33,8,11.12,8,21.81,3.44,2,5254.63,1
TXN03918,41,40859.57,5109.88,4,6.2,26,7.89,3.37,1,3860.62,0
TXN03919,45,35142.48,4073.57,3,21.07,1,5.94,3.73,4,1220.45,1
TXN03920,35,74539.69,1638.08,9,15.61,1,13.83,3.16,4,2578.11,1
TXN03921,55,128924.51,4588.98,6,18.54,31,0.5,4.87,2,2340.25,1
TXN03922,38,117748.32,3251.08,1,13.9,18,12.05,5.0,1,3151.27,2
TXN03923,33,24302.17,2801.46,6,8.63,56,6.24,4.35,2,2509.42,0
TXN03924,20,127143.35,1486.39,6,11.94,9,7.24,4.45,2,1990.19,1
TXN03925,33,44724.89,1638.77,2,7.94,10,4.22,3.69,2,9758.87,1
TXN03926,33,81272.66,2662.05,6,34.26,2,1.63,4.27,4,3390.96,2
TXN03927,46,30517.28,19889.34,6,15.89,23,6.16,4.67,0,4886.93,3
TXN03928,41,60317.37,3229.56,3,12.21,14,4.42,3.57,4,3223.98,4
TXN03929,24,67441.01,1487.03,5,10.55,12,38.66,4.8,3,6192.97,1
TXN03930,38,20954.22,1232.15,3,5.84,18,34.49,3.78,6,3284.35,0
TXN03931,43,81671.64,1645.9,9,16.39,57,12.39,3.73,1,6913.12,1
TXN03932,51,131919.37,15910.67,6,4.87,3,28.08,3.19,2,469.34,3
TXN03933,45,49097.69,1780.55,5,29.79,22,16.7,3.95,2,3752.96,1
TXN03934,44,133145.49,5403.95,9,20.32,7,5.09,4.58,3,4201.86,0
TXN03935,37,48619.88,1816.21,6,6.76,7,11.11,2.22,2,4331.91,1
TXN03936,40,95541.73,3121.45,5,30.24,9,2.99,4.04,2,1639.01,1
TXN03937,48,13004.07,4900.19,5,11.33,18,13.95,4.31,3,2110.42,0
TXN03938,23,264949.37,1537.52,4,19.4,20,0.55,3.88,1,1686.15,0
TXN03939,33,145384.37,1449.68,3,11.18,62,21.36,2.42,1,4922.05,1
TXN03940,28,45710.43,10240.29,5,11.44,67,10.5,2.85,2,6591.32,0
TXN03941,40,15263.67,5773.02,3,25.12,27,0.72,3.74,2,1107.44,1
TXN03942,48,66323.99,4895.72,7,12.42,10,24.65,2.63,1,4040.56,4
TXN03943,30,21515.67,4881.61,5,8.92,51,25.22,5.0,5,1910.82,1
TXN03944,18,73441.41,3694.81,4,7.65,47,22.99,4.71,1,11894.37,2
TXN03945,32,71869.42,13893.21,8,10.61,48,17.86,3.07,1,5189.28,1
TXN03946,45,29827.21,2595.07,3,41.88,1,13.6,4.41,4,2735.74,2
TXN03947,41,113973.02,4083.54,4,15.58,42,6.07,4.27,3,3184.62,5
TXN03948,40,92847.35,728.34,3,6.38,57,1.76,3.55,1,8677.23,2
TXN03949,33,103712.05,1239.95,7,15.29,28,4.09,4.49,1,3642.97,1
TXN03950,23,55317.58,900.86,3,29.95,42,5.12,2.34,4,1000.73,1
TXN03951,41,21916.56,7383.48,9,30.52,45,5.32,3.56,5,10123.82,0
TXN03952,28,103850.27,285.54,3,16.97,21,10.0,3.43,2,6182.66,1
TXN03953,58,46135.92,1775.94,3,23.3,50,2.8,5.0,4,2402.74,2
TXN03954,42,22286.39,196.25,3,12.37,47,2.52,3.13,3,5329.53,0
TXN03955,30,132443.85,1233.3,3,10.41,74,15.15,4.28,1,2278.07,2
TXN03956,30,215281.84,1647.05,6,6.87,76,0.5,3.32,1,2236.17,1
TXN03957,35,53544.97,8112.7,8,7.7,23,1.94,4.54,1,3215.43,2
TXN03958,34,223802.05,3502.32,0,12.33,1,6.85,3.5,2,5326.88,1
TXN03959,47,58363.33,1231.36,3,22.12,1,1.94,2.95,1,4865.07,1
TXN03960,38,42950.01,6186.44,7,13.0,84,38.57,3.78,6,6750.38,1
TXN03961,29,36508.14,2538.18,3,7.81,12,13.31,4.39,6,4879.95,1
TXN03962,55,159403.19,2581.12,7,25.95,14,6.8,4.17,2,9680.34,1
TXN03963,36,33123.39,899.44,2,28.62,19,1.43,2.76,3,11702.86,1
TXN03964,44,88699.85,1077.65,6,8.32,9,5.84,2.68,2,4324.4,2
TXN03965,30,38239.79,1239.81,4,11.59,27,12.62,3.35,0,2765.68,2
TXN03966,40,40777.64,2600.71,5,4.59,46,41.61,3.11,6,3086.83,2
TXN03967,39,107446.76,2671.11,3,22.61,9,7.68,3.17,1,909.32,0
TXN03968,18,42961.71,9288.43,6,2.74,41,14.15,3.48,3,3550.93,1
TXN03969,56,42275.86,3468.03,6,12.79,33,2.61,4.21,3,2272.57,1
TXN03970,49,114853.37,250.29,7,14.95,22,11.73,3.61,4,2136.81,1
TXN03971,32,155343.91,3125.32,3,8.29,12,3.28,2.97,2,3408.41,2
TXN03972,25,83628.26,728.9,2,7.84,62,2.65,3.16,1,805.33,1
TXN03973,39,35935.76,1099.9,8,19.19,15,8.54,4.11,3,3088.07,1
TXN03974,37,39465.93,1253.51,2,16.17,14,2.85,3.72,0,4037.34,2
TXN03975,40,57932.47,1422.55,8,19.93,31,15.33,3.3,3,1194.69,0
TXN03976,38,67757.67,776.79,4,3.81,76,33.24,4.24,4,9032.46,2
TXN03977,41,28939.87,2972.05,7,31.16,21,6.0,4.36,1,4772.04,2
TXN03978,50,87997.45,753.6,4,32.68,38,4.67,4.34,3,8638.7,0
TXN03979,42,58143.66,3385.35,7,14.64,18,2.32,3.73,2,4743.19,1
TXN03980,26,18031.55,16738.58,3,10.25,7,5.94,3.17,3,4505.75,0
TXN03981,50,30070.09,807.62,5,12.28,4,9.84,3.64,4,10157.66,1
TXN03982,52,39632.5,1962.97,6,28.48,4,5.6,3.3,1,8789.71,2
TXN03983,68,52456.05,292.69,8,7.72,1,11.71,1.96,5,13624.9,1
TXN03984,25,187797.53,1935.75,7,3.58,24,13.03,3.63,3,3208.92,1
TXN03985,38,64209.07,4317.17,5,19.23,4,1.24,2.3,2,2006.73,2
TXN03986,18,31843.44,4612.8,9,12.91,60,14.36,3.29,2,1556.39,2
TXN03987,42,63481.16,2669.92,6,27.27,122,27.67,3.39,1,1765.79,3
TXN03988,31,43749.32,5323.68,9,13.63,21,0.5,4.88,2,5627.26,1
TXN03989,55,67926.49,21767.91,6,42.37,18,9.62,2.97,4,23599.26,0
TXN03990,28,80214.33,10716.13,9,44.09,13,11.11,3.96,1,10062.13,1
TXN03991,19,120703.01,1603.43,5,9.16,30,14.85,3.58,1,3086.47,2
TXN03992,31,54138.57,728.22,8,2.59,28,5.85,4.12,2,5984.79,0
TXN03993,18,159597.9,1770.15,4,14.99,13,20.49,3.34,0,2375.92,1
TXN03994,44,99240.67,1117.79,5,4.51,13,9.32,2.69,3,2481.65,0
TXN03995,18,34726.31,3669.06,0,4.06,31,6.31,3.87,2,1696.67,3
TXN03996,36,231305.5,916.01,2,23.51,24,15.24,3.81,3,1777.64,1
TXN03997,18,68025.29,2349.94,2,16.33,38,31.47,3.93,1,5163.14,0
TXN03998,33,31960.55,5096.75,2,8.03,85,20.06,3.59,3,9881.26,1
TXN03999,52,161051.9,2294.92,2,13.6,45,32.03,3.55,5,7253.86,0
TXN04000,40,212276.28,1118.43,2,14.34,11,3.71,4.36,2,9709.64,2
