Employee_ID,Age,Monthly_Income,Years_At_Company,Job_Level,Years_In_Current_Role,Job_Satisfaction,Work_Hours_Per_Week,Projects_Completed,Training_Hours,Overtime,Department,Job_Role,Education_Level,Marital_Status,Attrition
EMP100001,58,51055.0,4,2,3,1.0,43,4,44.0,No,Research & Development,Software Engineer,Bachelor,Married,1
EMP100002,48,98990.0,2,2,2,4.0,37,6,51.0,No,Research & Development,Project Manager,Bachelor,Single,0
EMP100003,34,52789.0,4,2,1,2.0,41,4,31.0,No,Human Resources,Financial Analyst,Master,Married,0
EMP100004,27,20072.0,3,2,3,3.0,43,3,14.0,No,IT,Software Engineer,High School,Single,0
EMP100005,40,43951.0,8,2,1,1.0,41,3,20.0,No,Research & Development,Software Engineer,Master,Divorced,0
EMP100006,58,85974.0,1,3,1,3.0,49,10,53.0,No,Finance,Financial Analyst,Bachelor,Single,0
EMP100007,38,70313.0,7,2,7,2.0,42,7,38.0,No,Research & Development,Software Engineer,Diploma,Single,0
EMP100008,42,37690.0,10,4,1,3.0,37,4,14.0,No,Human Resources,Research Scientist,High School,Divorced,0
EMP100009,30,42647.0,2,2,2,4.0,44,7,45.0,No,Research & Development,Sales Executive,High School,Married,0
EMP100010,30,45719.0,6,1,5,3.0,30,7,12.0,No,Human Resources,Software Engineer,Bachelor,Single,0
EMP100011,43,40818.0,5,4,0,5.0,52,4,42.0,No,Research & Development,Sales Executive,Bachelor,Divorced,0
EMP100012,55,22065.0,2,2,2,2.0,33,5,31.0,Yes,Research & Development,Software Engineer,Diploma,Married,1
EMP100013,59,77552.0,2,1,2,5.0,46,7,45.0,No,Research & Development,Project Manager,Bachelor,Married,0
EMP100014,43,96835.0,6,3,1,3.0,46,8,31.0,No,IT,Sales Executive,Bachelor,Single,0
EMP100015,22,27772.0,13,2,12,5.0,36,4,46.0,No,Human Resources,Research Scientist,Diploma,Single,0
EMP100016,41,96261.0,9,4,3,1.0,45,1,12.0,No,Research & Development,Software Engineer,Diploma,Married,0
EMP100017,21,52508.0,6,2,2,3.0,39,5,40.0,No,Human Resources,Software Engineer,Bachelor,Married,0
EMP100018,43,95454.0,6,3,1,5.0,41,5,28.0,Yes,Finance,Financial Analyst,,Single,0
EMP100019,49,55947.0,5,1,1,4.0,44,10,41.0,No,Research & Development,Research Scientist,Master,Single,0
EMP100020,57,58459.0,4,2,4,3.0,42,5,30.0,No,Sales,HR Specialist,Bachelor,Married,0
EMP100021,21,65035.0,6,5,3,1.0,37,4,22.0,Yes,Research & Development,Project Manager,Diploma,Married,0
EMP100022,40,38544.0,2,3,2,4.0,44,8,33.0,Yes,Sales,HR Specialist,Bachelor,Divorced,0
EMP100023,52,94154.0,7,1,2,3.0,41,3,54.0,No,Research & Development,Software Engineer,Doctorate,Married,0
EMP100024,31,33205.0,4,2,4,4.0,41,3,26.0,No,Human Resources,Software Engineer,Master,Divorced,0
EMP100025,41,45897.0,4,2,2,3.0,42,7,38.0,No,Sales,HR Specialist,Master,Married,0
EMP100026,44,69634.0,11,3,1,3.0,35,11,25.0,No,Sales,HR Specialist,Master,Married,0
EMP100027,46,43737.0,1,3,1,2.0,36,4,6.0,No,IT,Software Engineer,Master,Single,0
EMP100028,47,78040.0,6,3,1,5.0,39,3,36.0,No,IT,Financial Analyst,High School,Single,0
EMP100029,35,102153.0,10,2,0,3.0,44,8,93.0,No,Research & Development,Research Scientist,Bachelor,Divorced,0
EMP100030,34,86746.0,6,3,6,1.0,37,2,15.0,No,Research & Development,Project Manager,Master,Divorced,0
EMP100031,22,23014.0,5,2,1,5.0,48,8,49.0,No,Sales,Project Manager,High School,Married,0
EMP100032,56,58205.0,4,1,4,2.0,43,7,,No,Research & Development,Financial Analyst,Master,Single,0
EMP100033,26,87378.0,7,2,7,5.0,44,4,34.0,Yes,Finance,Sales Executive,Diploma,Divorced,0
EMP100034,40,30411.0,6,5,3,5.0,40,4,14.0,No,IT,Software Engineer,High School,Married,0
EMP100035,28,76169.0,3,3,3,3.0,34,3,41.0,Yes,Research & Development,Research Scientist,Diploma,Single,0
EMP100036,58,74269.0,4,2,0,1.0,45,8,27.0,No,Research & Development,Research Scientist,Bachelor,Single,0
EMP100037,37,31877.0,6,3,1,3.0,38,3,26.0,Yes,Human Resources,Financial Analyst,Bachelor,Single,0
EMP100038,23,80057.0,2,4,2,1.0,35,5,18.0,Yes,Human Resources,Project Manager,High School,Married,0
EMP100039,44,62181.0,3,2,2,1.0,38,5,5.0,No,,Financial Analyst,Master,Married,0
EMP100040,33,73700.0,10,2,1,4.0,42,3,31.0,Yes,Human Resources,Software Engineer,Diploma,Single,0
EMP100041,28,35605.0,3,5,3,3.0,30,7,24.0,No,Research & Development,Research Scientist,Bachelor,Single,0
EMP100042,45,58844.0,2,4,2,2.0,40,4,29.0,Yes,Sales,Software Engineer,Bachelor,Divorced,0
EMP100043,21,25537.0,6,2,2,5.0,47,5,30.0,No,Research & Development,Financial Analyst,Master,Married,0
EMP100044,39,19741.0,10,2,4,4.0,42,4,22.0,Yes,Sales,Project Manager,Master,Married,0
EMP100045,47,58598.0,1,2,1,2.0,48,4,37.0,Yes,Sales,Software Engineer,Diploma,Married,1
EMP100046,26,90252.0,8,1,2,3.0,40,5,32.0,No,Research & Development,Research Scientist,Bachelor,Divorced,0
EMP100047,27,61630.0,10,5,2,1.0,48,3,47.0,No,Research & Development,Financial Analyst,Doctorate,Single,0
EMP100048,54,53452.0,8,2,8,3.0,35,3,71.0,Yes,IT,Sales Executive,Bachelor,Single,0
EMP100049,33,50549.0,4,4,1,3.0,45,4,38.0,No,Research & Development,Project Manager,High School,Married,0
EMP100050,36,,8,1,3,4.0,41,6,52.0,Yes,IT,Financial Analyst,Master,Married,0
EMP100051,55,49774.0,9,2,3,2.0,49,5,37.0,No,Research & Development,Research Scientist,Bachelor,Married,1
EMP100052,59,66493.0,2,1,2,4.0,40,4,42.0,No,Finance,Financial Analyst,Master,Single,0
EMP100053,23,45217.0,7,3,6,2.0,37,1,30.0,Yes,Research & Development,Financial Analyst,Bachelor,Single,0
EMP100054,21,77100.0,5,2,5,4.0,45,5,33.0,,Sales,Research Scientist,Bachelor,Married,0
EMP100055,25,60071.0,4,3,4,5.0,50,2,23.0,No,Research & Development,Research Scientist,Master,Single,0
EMP100056,23,63432.0,1,1,0,1.0,43,5,56.0,No,Sales,Financial Analyst,Bachelor,Divorced,0
EMP100057,48,82042.0,1,1,1,1.0,42,5,50.0,Yes,Research & Development,Project Manager,Bachelor,Divorced,0
EMP100058,37,43393.0,5,1,2,1.0,36,3,39.0,Yes,Human Resources,Sales Executive,Master,Single,1
EMP100059,45,73999.0,4,2,3,5.0,47,5,20.0,No,Research & Development,Project Manager,Bachelor,Married,1
EMP100060,53,,4,3,4,5.0,42,5,32.0,No,IT,Software Engineer,Bachelor,Single,0
EMP100061,29,64079.0,3,2,3,1.0,46,8,50.0,Yes,IT,HR Specialist,Bachelor,Married,0
EMP100062,55,41130.0,2,3,2,1.0,43,4,72.0,No,Human Resources,Financial Analyst,Bachelor,Married,0
EMP100063,33,36507.0,7,2,3,2.0,52,6,36.0,No,IT,Software Engineer,Doctorate,Single,0
EMP100064,50,57321.0,10,2,5,2.0,39,5,53.0,No,Sales,Software Engineer,High School,Married,0
EMP100065,34,23547.0,1,1,1,3.0,39,8,38.0,No,Sales,Financial Analyst,Master,Divorced,0
EMP100066,27,48135.0,7,1,1,4.0,47,5,54.0,No,Research & Development,Sales Executive,High School,Single,0
EMP100067,33,26695.0,1,4,1,2.0,47,2,5.0,Yes,Research & Development,Project Manager,Bachelor,Single,0
EMP100068,42,78100.0,3,3,3,2.0,47,3,22.0,No,Human Resources,Software Engineer,Bachelor,Married,0
EMP100069,59,88224.0,6,1,1,2.0,42,8,,No,IT,Software Engineer,Master,Married,0
EMP100070,40,37284.0,2,1,2,2.0,43,9,17.0,Yes,Research & Development,Software Engineer,Bachelor,Divorced,0
EMP100071,35,66691.0,2,4,2,5.0,35,1,41.0,Yes,Research & Development,Software Engineer,Master,Married,0
EMP100072,37,82430.0,4,3,2,3.0,41,2,36.0,No,Sales,Project Manager,Bachelor,Married,0
EMP100073,43,82553.0,7,3,1,2.0,43,3,11.0,No,Research & Development,Software Engineer,Bachelor,Married,0
EMP100074,45,60572.0,3,2,3,4.0,43,6,8.0,No,Sales,Research Scientist,Bachelor,Single,0
EMP100075,44,76537.0,2,2,2,2.0,38,7,40.0,No,Research & Development,Financial Analyst,Diploma,Single,0
EMP100076,60,41064.0,3,5,3,5.0,37,6,18.0,No,Research & Development,Sales Executive,High School,Married,0
EMP100077,48,57096.0,9,3,1,1.0,47,8,28.0,Yes,Finance,Project Manager,High School,Single,1
EMP100078,34,44573.0,4,2,4,1.0,46,5,44.0,No,Sales,Sales Executive,Diploma,Divorced,0
EMP100079,20,39533.0,4,4,4,3.0,41,8,34.0,No,Research & Development,Research Scientist,Bachelor,Married,0
EMP100080,44,55900.0,3,3,2,1.0,47,4,29.0,No,IT,HR Specialist,Doctorate,Married,0
EMP100081,26,64310.0,4,2,1,2.0,47,4,12.0,No,Human Resources,HR Specialist,Master,Single,0
EMP100082,28,92843.0,7,2,2,5.0,34,8,57.0,No,Finance,Financial Analyst,High School,Married,0
EMP100083,43,61970.0,5,1,2,3.0,41,6,47.0,No,IT,Project Manager,Bachelor,Single,0
EMP100084,20,73420.0,12,1,1,2.0,49,11,25.0,No,Research & Development,Project Manager,Bachelor,Single,0
EMP100085,27,73796.0,3,3,3,1.0,34,2,21.0,No,Sales,Research Scientist,Bachelor,Married,0
EMP100086,43,184329.0,10,2,1,4.0,35,5,27.0,Yes,Research & Development,Software Engineer,Bachelor,Single,0
EMP100087,30,24357.0,1,4,1,2.0,45,3,20.0,No,Human Resources,Software Engineer,Diploma,Divorced,0
EMP100088,36,40357.0,5,5,2,4.0,48,8,31.0,Yes,Research & Development,Project Manager,Master,Divorced,0
EMP100089,27,106768.0,4,1,4,4.0,41,4,52.0,Yes,Research & Development,Project Manager,Bachelor,Single,0
EMP100090,54,46943.0,10,2,6,3.0,40,7,50.0,No,Finance,Software Engineer,Master,Married,0
EMP100091,54,81937.0,3,3,3,5.0,34,9,50.0,No,Sales,Sales Executive,Bachelor,Single,1
EMP100092,52,60998.0,12,3,2,1.0,41,6,16.0,No,Research & Development,Project Manager,Diploma,Married,0
EMP100093,24,141836.0,1,3,1,1.0,35,4,19.0,No,Research & Development,HR Specialist,Master,Single,0
EMP100094,58,33330.0,2,2,1,2.0,40,2,49.0,,Research & Development,Software Engineer,Master,Divorced,0
EMP100095,60,95311.0,2,2,2,1.0,49,7,42.0,No,Research & Development,HR Specialist,Bachelor,Married,0
EMP100096,47,120861.0,1,2,1,3.0,36,9,28.0,No,Research & Development,Sales Executive,Diploma,Married,0
EMP100097,26,34843.0,4,5,3,1.0,41,4,46.0,No,IT,Software Engineer,Bachelor,Single,0
EMP100098,28,78228.0,3,2,3,2.0,46,7,43.0,Yes,Research & Development,Research Scientist,Bachelor,Married,0
EMP100099,27,35618.0,8,4,1,1.0,38,7,12.0,No,Research & Development,Research Scientist,Bachelor,Married,0
EMP100100,31,55752.0,1,2,1,5.0,44,4,5.0,No,Research & Development,Software Engineer,Master,Married,0
EMP100101,53,49002.0,15,5,4,4.0,46,3,35.0,Yes,Sales,Project Manager,Master,Married,0
EMP100102,52,18655.0,11,3,10,4.0,42,3,5.0,No,Research & Development,Software Engineer,Bachelor,Married,0
EMP100103,42,66569.0,3,2,3,4.0,42,6,51.0,No,Sales,Financial Analyst,Bachelor,Single,0
EMP100104,43,58665.0,6,3,5,5.0,37,3,43.0,No,Finance,Software Engineer,Diploma,Single,0
EMP100105,56,107010.0,3,2,2,3.0,40,4,29.0,No,Sales,Software Engineer,Bachelor,Married,0
EMP100106,54,72410.0,6,2,6,2.0,43,5,17.0,No,IT,Financial Analyst,Bachelor,Single,0
EMP100107,59,154197.0,1,1,1,5.0,32,5,21.0,No,IT,Financial Analyst,High School,Married,0
EMP100108,41,57714.0,6,1,4,2.0,31,9,5.0,Yes,Human Resources,Sales Executive,Bachelor,Single,0
EMP100109,46,52449.0,3,2,3,3.0,41,2,56.0,,IT,Software Engineer,Bachelor,Married,0
EMP100110,54,50621.0,1,3,1,5.0,44,3,38.0,No,IT,Software Engineer,Bachelor,Single,0
EMP100111,20,45129.0,4,3,4,1.0,42,5,32.0,No,Finance,Project Manager,Master,Married,0
EMP100112,54,20366.0,4,1,2,3.0,34,7,63.0,No,Research & Development,Financial Analyst,High School,Single,0
EMP100113,56,49811.0,5,4,5,4.0,48,2,21.0,Yes,IT,Research Scientist,Bachelor,Single,0
EMP100114,33,21689.0,12,3,4,5.0,43,2,32.0,No,Finance,HR Specialist,Bachelor,Married,0
EMP100115,22,67407.0,3,5,1,3.0,47,7,25.0,Yes,Sales,Project Manager,Bachelor,Divorced,0
EMP100116,20,31479.0,4,3,3,3.0,39,0,66.0,No,Research & Development,Software Engineer,Bachelor,Married,0
EMP100117,24,36777.0,1,1,1,5.0,43,6,31.0,Yes,Research & Development,Sales Executive,High School,Single,0
EMP100118,45,40695.0,5,2,4,4.0,45,4,38.0,No,Research & Development,Sales Executive,Master,Single,0
EMP100119,33,50155.0,4,3,4,4.0,47,4,59.0,Yes,Research & Development,Sales Executive,Master,Married,0
EMP100120,58,55170.0,2,1,2,3.0,47,9,51.0,No,Research & Development,Sales Executive,Master,Single,0
EMP100121,46,89599.0,4,1,2,2.0,38,6,11.0,No,Sales,Research Scientist,Diploma,Married,0
EMP100122,28,42413.0,2,1,2,3.0,41,7,30.0,No,Human Resources,Project Manager,Bachelor,Single,0
EMP100123,34,68265.0,14,2,1,5.0,39,9,34.0,No,Research & Development,Software Engineer,Bachelor,Single,0
EMP100124,34,187959.0,3,2,2,5.0,43,7,37.0,No,Finance,Financial Analyst,High School,Married,0
EMP100125,45,65179.0,2,2,2,5.0,35,6,40.0,No,Human Resources,Financial Analyst,Doctorate,Divorced,0
EMP100126,32,50709.0,6,1,3,4.0,34,5,21.0,No,Sales,Financial Analyst,Master,Single,0
EMP100127,51,38734.0,1,3,1,1.0,54,5,58.0,No,Research & Development,Research Scientist,Diploma,Single,0
EMP100128,58,50395.0,8,2,2,5.0,52,2,42.0,No,Finance,Research Scientist,Bachelor,Single,0
EMP100129,51,36912.0,1,2,1,5.0,48,3,45.0,No,Research & Development,Software Engineer,Diploma,Married,0
EMP100130,23,62068.0,7,1,3,2.0,44,4,56.0,No,Research & Development,HR Specialist,Master,Single,0
EMP100131,49,57623.0,8,1,2,2.0,46,6,39.0,No,IT,Software Engineer,High School,Single,1
EMP100132,56,20787.0,11,2,2,3.0,46,4,,Yes,Sales,Software Engineer,Master,Single,0
EMP100133,42,54543.0,2,1,2,3.0,50,6,30.0,No,Sales,HR Specialist,Master,Single,0
EMP100134,58,89264.0,7,2,2,3.0,40,6,32.0,No,,Software Engineer,Bachelor,Married,0
EMP100135,34,45958.0,9,3,2,5.0,38,6,33.0,No,Finance,Software Engineer,Bachelor,Single,0
EMP100136,48,40998.0,2,2,0,2.0,42,1,6.0,No,Research & Development,Financial Analyst,Diploma,Married,0
EMP100137,55,29588.0,1,1,1,3.0,45,4,26.0,No,Sales,Project Manager,Bachelor,Single,0
EMP100138,32,23837.0,1,2,0,2.0,41,3,19.0,No,Research & Development,Research Scientist,Diploma,Divorced,0
EMP100139,51,79953.0,1,3,1,5.0,39,5,5.0,Yes,Human Resources,Research Scientist,Bachelor,Married,0
EMP100140,26,50687.0,3,4,3,5.0,49,11,37.0,Yes,Finance,Financial Analyst,Bachelor,Single,0
EMP100141,41,77847.0,5,3,0,3.0,38,8,42.0,No,IT,Software Engineer,Bachelor,Divorced,0
EMP100142,47,109555.0,3,2,2,5.0,49,4,22.0,No,Finance,Software Engineer,Bachelor,Divorced,0
EMP100143,21,83254.0,4,2,3,5.0,47,6,31.0,No,Research & Development,Financial Analyst,Master,Single,0
EMP100144,25,43089.0,9,2,3,2.0,52,4,43.0,No,Research & Development,Project Manager,Bachelor,Married,0
EMP100145,47,58705.0,2,4,2,1.0,53,7,30.0,No,IT,HR Specialist,Master,Married,0
EMP100146,47,41708.0,4,1,4,4.0,44,2,33.0,No,Research & Development,Software Engineer,Master,Single,0
EMP100147,39,39989.0,6,5,5,3.0,52,2,31.0,No,Human Resources,HR Specialist,Diploma,Single,0
EMP100148,49,64174.0,6,3,5,1.0,45,4,44.0,No,Research & Development,Sales Executive,Master,Married,0
EMP100149,30,37819.0,6,3,2,3.0,44,10,35.0,No,Research & Development,Sales Executive,Bachelor,Single,0
EMP100150,47,20353.0,3,1,3,1.0,43,9,30.0,No,Research & Development,Sales Executive,Bachelor,Married,0
EMP100151,44,36880.0,7,3,2,5.0,40,5,28.0,No,Finance,Sales Executive,High School,Single,0
EMP100152,58,47906.0,4,2,4,3.0,46,2,22.0,Yes,Research & Development,Software Engineer,Bachelor,Married,0
EMP100153,52,109067.0,1,1,1,1.0,48,3,44.0,Yes,Human Resources,Research Scientist,Diploma,Married,1
EMP100154,20,44098.0,4,2,2,4.0,35,6,43.0,No,Sales,Software Engineer,Master,Married,0
EMP100155,46,69248.0,3,4,3,5.0,55,6,35.0,Yes,IT,Research Scientist,Master,Divorced,0
EMP100156,32,50988.0,1,2,1,3.0,50,8,49.0,Yes,IT,Project Manager,Bachelor,Married,0
EMP100157,60,95509.0,14,2,4,3.0,39,3,35.0,Yes,Research & Development,Research Scientist,Bachelor,Single,0
EMP100158,22,92576.0,4,1,4,1.0,45,9,40.0,No,Research & Development,Financial Analyst,Bachelor,Single,0
EMP100159,58,93374.0,14,3,2,3.0,42,3,26.0,No,Sales,Software Engineer,High School,Married,0
EMP100160,25,25205.0,5,3,2,5.0,44,5,53.0,No,Sales,Project Manager,Diploma,Married,0
EMP100161,27,60362.0,2,3,2,2.0,41,4,37.0,Yes,Research & Development,Software Engineer,Master,Single,0
EMP100162,46,77390.0,2,2,2,1.0,45,6,41.0,Yes,Human Resources,Research Scientist,Bachelor,Married,0
EMP100163,28,65302.0,5,2,5,4.0,37,5,36.0,No,Research & Development,Project Manager,Bachelor,Single,0
EMP100164,56,73244.0,5,2,4,3.0,53,7,36.0,No,Research & Development,Financial Analyst,Bachelor,Married,0
EMP100165,52,56463.0,2,1,2,5.0,37,4,39.0,No,Research & Development,Project Manager,Master,Single,0
EMP100166,43,39338.0,5,5,3,3.0,45,5,5.0,Yes,IT,Software Engineer,Diploma,Divorced,0
EMP100167,34,25627.0,14,2,1,4.0,39,6,41.0,Yes,Sales,Sales Executive,Master,Married,0
EMP100168,51,41134.0,14,2,1,5.0,41,5,24.0,No,Research & Development,Software Engineer,Bachelor,Single,0
EMP100169,51,183549.0,6,2,2,4.0,44,8,32.0,No,Sales,Project Manager,Master,Married,0
EMP100170,43,44203.0,3,3,0,5.0,42,3,25.0,Yes,Research & Development,Software Engineer,Bachelor,Single,0
EMP100171,60,22774.0,5,1,5,,43,3,47.0,No,Research & Development,Sales Executive,Diploma,Married,0
EMP100172,31,76480.0,2,2,2,5.0,40,2,23.0,No,Sales,Research Scientist,High School,Single,0
EMP100173,58,80825.0,6,3,1,4.0,39,5,31.0,Yes,Sales,Research Scientist,Doctorate,Married,0
EMP100174,21,98163.0,1,2,1,1.0,45,6,25.0,No,Research & Development,Sales Executive,Diploma,Single,0
EMP100175,22,67984.0,5,3,1,2.0,38,7,24.0,Yes,Sales,Research Scientist,Bachelor,Married,0
EMP100176,56,80468.0,8,1,1,3.0,39,4,24.0,Yes,Research & Development,HR Specialist,Bachelor,Married,0
EMP100177,36,125893.0,6,3,3,2.0,39,3,16.0,No,Sales,Software Engineer,Bachelor,Single,0
EMP100178,21,39325.0,2,1,2,2.0,40,7,27.0,No,Research & Development,Sales Executive,Bachelor,Single,0
EMP100179,21,35967.0,10,1,4,3.0,35,6,38.0,No,Research & Development,Project Manager,Bachelor,Single,0
EMP100180,47,33608.0,4,4,1,5.0,35,11,21.0,No,Finance,HR Specialist,High School,Married,0
EMP100181,42,48800.0,4,2,1,2.0,45,10,37.0,No,Finance,Sales Executive,Master,Divorced,0
EMP100182,56,104833.0,6,2,3,2.0,45,7,43.0,No,Research & Development,HR Specialist,Bachelor,Married,0
EMP100183,51,69753.0,2,1,1,1.0,44,10,33.0,No,IT,Financial Analyst,Diploma,Single,1
EMP100184,52,68528.0,3,3,1,1.0,49,4,17.0,Yes,Research & Development,Research Scientist,Bachelor,Single,0
EMP100185,20,24256.0,9,2,2,4.0,38,6,9.0,Yes,Sales,Sales Executive,Bachelor,Single,0
EMP100186,38,40262.0,1,5,1,3.0,33,4,47.0,No,IT,Sales Executive,Master,Married,1
EMP100187,21,24078.0,5,5,5,5.0,46,8,58.0,No,Research & Development,Sales Executive,Diploma,Single,0
EMP100188,45,93167.0,2,3,2,5.0,33,8,56.0,No,Research & Development,Software Engineer,Bachelor,Single,0
EMP100189,51,112266.0,3,2,3,4.0,41,6,40.0,No,IT,Sales Executive,Bachelor,Single,0
EMP100190,25,78112.0,2,2,2,5.0,43,9,40.0,No,Finance,Financial Analyst,Master,Single,0
EMP100191,51,35279.0,3,3,2,5.0,52,2,32.0,No,Finance,Sales Executive,Master,Married,0
EMP100192,23,107151.0,4,1,1,1.0,39,4,31.0,No,Research & Development,Research Scientist,,Married,0
EMP100193,30,49076.0,4,2,2,5.0,40,2,24.0,No,IT,Financial Analyst,Bachelor,Single,0
EMP100194,36,31843.0,2,1,1,5.0,45,5,22.0,No,Human Resources,Project Manager,Master,Single,1
EMP100195,57,35636.0,1,1,1,4.0,45,10,7.0,Yes,Finance,Software Engineer,Bachelor,Divorced,1
EMP100196,43,45321.0,2,1,1,4.0,40,8,45.0,No,Research & Development,HR Specialist,High School,Single,0
EMP100197,24,56241.0,2,2,2,2.0,43,2,43.0,Yes,Research & Development,Project Manager,Master,Single,0
EMP100198,53,51148.0,6,3,1,5.0,38,4,29.0,Yes,Research & Development,HR Specialist,Bachelor,Single,0
EMP100199,25,29126.0,2,2,2,5.0,44,4,54.0,No,Research & Development,Project Manager,Diploma,Single,0
EMP100200,41,94948.0,2,2,2,5.0,34,2,69.0,Yes,Human Resources,HR Specialist,Diploma,Single,0
EMP100201,30,51396.0,9,1,5,1.0,57,6,13.0,Yes,Research & Development,Sales Executive,Diploma,Married,1
EMP100202,35,39891.0,3,2,3,5.0,46,7,44.0,Yes,Human Resources,Software Engineer,Master,Single,0
EMP100203,52,90647.0,5,2,2,1.0,36,4,35.0,No,Human Resources,Project Manager,Bachelor,Single,0
EMP100204,28,32291.0,2,3,2,2.0,41,3,59.0,Yes,Human Resources,Financial Analyst,High School,Married,0
EMP100205,25,26426.0,9,5,3,3.0,37,5,27.0,Yes,Research & Development,Software Engineer,Master,Single,0
EMP100206,35,97510.0,4,1,2,5.0,38,7,51.0,No,Research & Development,Sales Executive,Bachelor,Single,0
EMP100207,48,128825.0,1,1,1,4.0,43,1,,No,Finance,Sales Executive,Master,Married,0
EMP100208,22,44674.0,7,2,3,4.0,49,7,52.0,No,IT,Project Manager,Master,Divorced,0
EMP100209,39,53874.0,4,5,4,5.0,41,8,24.0,No,Research & Development,Sales Executive,Bachelor,Married,0
EMP100210,55,32830.0,8,3,7,1.0,33,3,29.0,No,IT,Software Engineer,Bachelor,Married,0
EMP100211,38,55136.0,9,4,1,4.0,39,4,43.0,No,Sales,Project Manager,Master,Single,0
EMP100212,45,44401.0,3,2,3,4.0,39,7,52.0,No,Sales,Sales Executive,Bachelor,Married,0
EMP100213,22,52530.0,5,5,4,2.0,42,6,38.0,No,Research & Development,HR Specialist,Bachelor,Single,0
EMP100214,38,66122.0,4,1,1,2.0,41,8,7.0,Yes,Research & Development,Software Engineer,Master,Married,0
EMP100215,39,33554.0,10,1,7,2.0,31,1,53.0,No,Research & Development,Sales Executive,Diploma,Single,0
EMP100216,51,46736.0,2,4,2,4.0,37,8,54.0,No,Research & Development,Research Scientist,Bachelor,Single,0
EMP100217,26,24426.0,1,4,1,4.0,36,9,27.0,No,Research & Development,Research Scientist,Doctorate,Single,0
EMP100218,60,46880.0,4,1,1,5.0,46,4,48.0,Yes,Research & Development,Sales Executive,Diploma,Married,0
EMP100219,52,52735.0,2,1,2,5.0,41,4,42.0,Yes,Sales,Software Engineer,Bachelor,Married,0
EMP100220,59,60970.0,4,1,4,1.0,32,2,22.0,No,IT,Financial Analyst,Doctorate,Married,0
EMP100221,58,61261.0,10,1,5,4.0,38,4,48.0,Yes,Finance,Financial Analyst,High School,Married,0
EMP100222,37,82607.0,5,1,4,5.0,48,4,34.0,No,Finance,Research Scientist,Bachelor,Single,0
EMP100223,59,27508.0,5,5,5,5.0,39,2,15.0,Yes,Research & Development,Sales Executive,Bachelor,Divorced,0
EMP100224,20,28177.0,3,3,2,2.0,39,7,48.0,Yes,Research & Development,Project Manager,Master,Single,0
EMP100225,30,69781.0,2,3,2,2.0,41,7,67.0,No,IT,Sales Executive,Bachelor,Single,0
EMP100226,47,21973.0,4,3,2,2.0,43,4,5.0,No,IT,Financial Analyst,Bachelor,Single,0
EMP100227,44,59729.0,2,2,2,3.0,41,6,40.0,No,IT,Sales Executive,Bachelor,Divorced,0
EMP100228,42,32337.0,5,3,2,5.0,47,6,39.0,Yes,Human Resources,Software Engineer,Bachelor,Single,0
EMP100229,50,111620.0,2,2,1,2.0,41,3,18.0,No,Research & Development,Research Scientist,Bachelor,Married,0
EMP100230,49,61562.0,2,2,2,2.0,45,5,50.0,No,Research & Development,Sales Executive,Bachelor,Single,0
EMP100231,54,49835.0,3,2,3,4.0,43,11,19.0,No,Research & Development,Sales Executive,Master,Married,0
EMP100232,26,95565.0,3,2,3,2.0,36,7,36.0,No,,Software Engineer,Bachelor,Single,0
EMP100233,35,34083.0,5,4,2,4.0,51,6,24.0,No,Research & Development,Project Manager,Master,Married,0
EMP100234,45,37125.0,18,5,4,1.0,48,0,20.0,No,Sales,Financial Analyst,Diploma,Single,0
EMP100235,21,31177.0,9,2,8,2.0,39,10,41.0,No,Research & Development,Financial Analyst,Bachelor,Single,0
EMP100236,20,37265.0,7,3,4,4.0,41,6,24.0,No,Research & Development,HR Specialist,Master,Married,0
EMP100237,31,56534.0,1,1,1,2.0,45,6,54.0,No,Human Resources,Software Engineer,Diploma,Single,0
EMP100238,24,68691.0,6,3,3,1.0,43,3,35.0,Yes,Finance,Financial Analyst,Bachelor,Single,0
EMP100239,56,84773.0,6,2,4,2.0,43,7,48.0,Yes,Research & Development,HR Specialist,High School,Single,0
EMP100240,51,24196.0,6,1,6,4.0,45,6,47.0,No,,HR Specialist,Master,Married,0
EMP100241,28,50907.0,2,2,2,1.0,44,1,53.0,No,Research & Development,Software Engineer,Bachelor,Single,0
EMP100242,60,33403.0,5,3,1,1.0,44,5,31.0,Yes,Research & Development,Software Engineer,High School,Divorced,1
EMP100243,54,50147.0,5,1,3,1.0,42,4,33.0,Yes,Human Resources,Software Engineer,Master,Divorced,0
EMP100244,38,157230.0,3,4,3,3.0,45,3,22.0,No,Research & Development,Software Engineer,Master,Single,0
EMP100245,35,62719.0,6,1,4,4.0,43,5,37.0,Yes,Research & Development,Sales Executive,Master,Single,1
EMP100246,22,82442.0,7,4,5,3.0,43,5,23.0,No,IT,Financial Analyst,Diploma,Divorced,0
EMP100247,39,132906.0,4,3,1,1.0,49,5,52.0,No,Research & Development,Software Engineer,Bachelor,Single,0
EMP100248,43,91345.0,2,2,2,3.0,44,5,21.0,Yes,Research & Development,Financial Analyst,Master,Married,0
EMP100249,52,44960.0,1,2,1,2.0,44,0,28.0,No,IT,Software Engineer,Master,Married,0
EMP100250,43,30976.0,3,3,3,3.0,38,0,,No,IT,HR Specialist,High School,Single,0
EMP100251,30,54259.0,2,3,2,5.0,38,9,43.0,No,Finance,Sales Executive,Bachelor,Divorced,0
EMP100252,27,42600.0,3,3,3,1.0,48,6,18.0,No,Sales,Sales Executive,Master,Married,0
EMP100253,55,27696.0,5,2,5,1.0,45,6,26.0,Yes,Finance,Software Engineer,Bachelor,Married,0
EMP100254,57,61298.0,5,2,4,4.0,47,1,30.0,Yes,Research & Development,Software Engineer,Bachelor,Married,0
EMP100255,59,61991.0,3,5,1,2.0,43,7,32.0,No,Sales,Software Engineer,Master,Single,1
EMP100256,39,121929.0,2,1,2,4.0,44,5,38.0,No,IT,Project Manager,Doctorate,Married,0
EMP100257,54,46737.0,3,2,2,3.0,41,6,46.0,No,Sales,Sales Executive,Bachelor,Married,0
EMP100258,44,62389.0,10,2,2,5.0,42,6,33.0,No,IT,Research Scientist,Bachelor,Single,0
EMP100259,54,40767.0,1,3,1,5.0,40,6,36.0,No,Sales,Software Engineer,Bachelor,Married,0
EMP100260,44,81472.0,3,3,3,5.0,49,2,23.0,No,Research & Development,Software Engineer,Diploma,Married,0
EMP100261,48,52001.0,2,2,2,5.0,38,3,58.0,Yes,Sales,HR Specialist,Bachelor,Single,0
EMP100262,37,32449.0,7,1,6,2.0,44,4,41.0,No,IT,Project Manager,Bachelor,Single,0
EMP100263,37,54668.0,5,1,3,3.0,41,5,31.0,No,Sales,HR Specialist,High School,Married,0
EMP100264,21,65567.0,4,2,4,5.0,47,3,53.0,No,Human Resources,Project Manager,High School,Single,0
EMP100265,54,61695.0,2,2,2,1.0,43,6,41.0,No,Human Resources,Sales Executive,Diploma,Married,0
EMP100266,35,88057.0,2,5,2,3.0,44,6,38.0,No,Finance,Software Engineer,Bachelor,Divorced,0
EMP100267,60,28666.0,5,2,2,,43,4,35.0,No,Finance,Project Manager,Doctorate,Married,0
EMP100268,55,37641.0,4,2,1,5.0,37,6,50.0,No,Sales,HR Specialist,,Married,0
EMP100269,52,73350.0,2,4,2,2.0,45,6,59.0,Yes,Research & Development,Financial Analyst,Bachelor,Married,0
EMP100270,23,39685.0,4,2,3,5.0,42,9,50.0,No,Research & Development,Software Engineer,,Single,0
EMP100271,52,61286.0,3,2,3,,38,2,35.0,No,IT,Software Engineer,Master,Married,0
EMP100272,33,18513.0,8,1,1,3.0,35,4,55.0,No,Finance,Sales Executive,Master,Single,1
EMP100273,40,186701.0,6,2,1,1.0,38,2,31.0,Yes,Human Resources,Project Manager,Bachelor,Married,0
EMP100274,39,48714.0,4,5,2,5.0,46,5,22.0,No,Research & Development,Project Manager,Master,Married,0
EMP100275,27,94124.0,5,2,5,4.0,51,4,47.0,No,IT,Project Manager,High School,Single,0
EMP100276,26,47263.0,5,2,2,3.0,43,6,57.0,,Sales,Research Scientist,Bachelor,Divorced,0
EMP100277,22,66284.0,4,3,1,2.0,37,4,35.0,No,Sales,Software Engineer,Bachelor,Single,0
EMP100278,36,107630.0,1,4,1,5.0,44,4,60.0,Yes,Human Resources,Research Scientist,Bachelor,Divorced,0
EMP100279,52,,9,2,1,1.0,47,5,13.0,No,Research & Development,HR Specialist,Master,Divorced,0
EMP100280,31,50166.0,15,2,3,4.0,52,3,34.0,No,Research & Development,Research Scientist,High School,Married,0
EMP100281,41,51752.0,9,5,5,5.0,48,7,22.0,No,Research & Development,Software Engineer,Master,Married,0
EMP100282,41,86396.0,8,1,2,2.0,43,7,22.0,No,Sales,Research Scientist,Diploma,Single,0
EMP100283,49,157165.0,3,3,3,1.0,45,6,35.0,Yes,Sales,Financial Analyst,High School,Single,0
EMP100284,57,59971.0,11,3,9,3.0,38,4,61.0,Yes,Research & Development,Financial Analyst,Bachelor,Single,0
EMP100285,57,132690.0,5,3,5,4.0,46,6,55.0,Yes,Research & Development,Project Manager,High School,Single,0
EMP100286,27,49338.0,8,2,3,5.0,47,2,56.0,No,Finance,Software Engineer,Doctorate,Married,0
EMP100287,46,84412.0,5,2,3,5.0,30,5,42.0,No,Research & Development,Sales Executive,Bachelor,Married,0
EMP100288,46,90274.0,2,3,0,5.0,43,4,31.0,Yes,IT,Software Engineer,Diploma,Married,0
EMP100289,53,45734.0,4,1,2,5.0,49,11,40.0,No,Sales,Software Engineer,Bachelor,Married,1
EMP100290,40,39297.0,7,2,0,1.0,39,5,14.0,Yes,Research & Development,Financial Analyst,Bachelor,Single,1
EMP100291,49,92089.0,3,1,1,,31,3,58.0,No,Sales,Financial Analyst,High School,Divorced,0
EMP100292,52,43299.0,5,1,3,2.0,42,3,8.0,No,Research & Development,Project Manager,Bachelor,Married,0
EMP100293,47,36777.0,3,5,3,4.0,47,2,33.0,Yes,Sales,Software Engineer,High School,Married,0
EMP100294,52,40429.0,2,2,2,5.0,44,7,35.0,No,Finance,Software Engineer,Master,Divorced,0
EMP100295,24,43220.0,0,5,0,5.0,42,4,48.0,No,Sales,Research Scientist,Master,Married,0
EMP100296,38,80867.0,0,1,0,3.0,37,3,42.0,No,Research & Development,Financial Analyst,Bachelor,Married,0
EMP100297,23,69346.0,2,2,1,3.0,37,6,43.0,No,Research & Development,HR Specialist,Doctorate,Married,0
EMP100298,54,75897.0,3,1,3,1.0,43,2,5.0,No,Sales,Research Scientist,Master,Married,0
EMP100299,36,66484.0,9,3,5,1.0,42,7,32.0,Yes,Research & Development,HR Specialist,Diploma,Married,0
EMP100300,47,42102.0,2,3,2,1.0,46,4,25.0,No,Research & Development,Research Scientist,Doctorate,Married,0
EMP100301,49,75266.0,2,1,2,4.0,44,5,37.0,No,Sales,Financial Analyst,Master,Single,0
EMP100302,48,93638.0,13,4,4,1.0,38,9,33.0,No,Finance,Sales Executive,Master,Single,0
EMP100303,25,71547.0,8,1,8,5.0,43,4,38.0,Yes,Human Resources,Research Scientist,Bachelor,Married,0
EMP100304,54,67335.0,20,3,1,1.0,42,4,17.0,Yes,Sales,Financial Analyst,Bachelor,Married,0
EMP100305,60,38945.0,6,5,4,4.0,34,6,37.0,No,Research & Development,Software Engineer,Doctorate,Married,0
EMP100306,56,60500.0,2,4,2,1.0,40,1,61.0,No,Research & Development,Financial Analyst,Bachelor,Married,0
EMP100307,43,38024.0,0,5,0,1.0,42,6,67.0,No,IT,Financial Analyst,Diploma,Single,0
EMP100308,48,54409.0,5,2,5,,41,5,55.0,No,,Research Scientist,Bachelor,Single,0
EMP100309,50,26291.0,12,1,1,5.0,44,5,8.0,No,Research & Development,Software Engineer,Bachelor,Married,0
EMP100310,54,26382.0,2,1,0,5.0,42,6,31.0,No,Sales,Project Manager,Bachelor,Married,0
EMP100311,52,50469.0,6,2,6,1.0,44,7,28.0,No,IT,Sales Executive,High School,Divorced,0
EMP100312,40,42971.0,2,3,2,5.0,43,5,37.0,No,Sales,Research Scientist,High School,Married,0
EMP100313,51,57708.0,2,1,2,3.0,42,6,55.0,No,Research & Development,Financial Analyst,High School,Married,0
EMP100314,42,51764.0,3,3,3,2.0,43,6,34.0,No,Human Resources,Research Scientist,Bachelor,Single,0
EMP100315,52,55752.0,9,2,3,2.0,40,5,21.0,Yes,Research & Development,Sales Executive,Bachelor,Single,0
EMP100316,22,72328.0,4,2,4,5.0,40,6,52.0,Yes,IT,Financial Analyst,High School,Married,0
EMP100317,37,44650.0,5,3,4,4.0,42,4,41.0,No,Finance,Project Manager,Bachelor,Married,0
EMP100318,44,49828.0,3,2,1,5.0,32,3,47.0,No,Sales,Research Scientist,Bachelor,Married,0
EMP100319,50,105857.0,4,3,3,5.0,40,5,50.0,Yes,Research & Development,Financial Analyst,Bachelor,Married,0
EMP100320,22,55076.0,4,1,4,1.0,38,8,30.0,No,Sales,HR Specialist,Bachelor,Married,0
EMP100321,59,50739.0,6,3,4,4.0,38,5,17.0,No,Finance,Research Scientist,Master,Single,0
EMP100322,43,57081.0,3,1,3,5.0,40,2,38.0,No,Finance,Sales Executive,Master,Single,0
EMP100323,51,51148.0,5,1,2,3.0,35,7,30.0,Yes,Research & Development,Research Scientist,Diploma,Divorced,0
EMP100324,41,39966.0,0,3,0,2.0,40,6,36.0,No,Finance,HR Specialist,Diploma,Married,0
EMP100325,42,35101.0,1,4,1,3.0,43,5,56.0,No,Human Resources,Research Scientist,Master,Single,0
EMP100326,21,39009.0,4,2,4,3.0,47,5,38.0,No,Research & Development,HR Specialist,Bachelor,Married,0
EMP100327,46,81463.0,1,2,1,3.0,53,3,63.0,Yes,Research & Development,Project Manager,Bachelor,Married,1
EMP100328,21,41425.0,6,2,4,4.0,33,7,39.0,No,Sales,Software Engineer,High School,Single,0
EMP100329,45,51296.0,4,1,2,4.0,37,7,31.0,No,Research & Development,Financial Analyst,Bachelor,Divorced,0
EMP100330,36,75389.0,5,3,4,4.0,40,7,16.0,No,Sales,Sales Executive,Diploma,Single,0
EMP100331,59,48524.0,7,3,2,2.0,43,3,38.0,Yes,Human Resources,Project Manager,High School,Married,0
EMP100332,52,73138.0,3,1,3,1.0,44,5,21.0,No,Research & Development,Sales Executive,Bachelor,Divorced,1
EMP100333,28,27494.0,1,2,1,5.0,39,6,43.0,No,Research & Development,Software Engineer,Bachelor,Married,0
EMP100334,58,51816.0,2,3,2,5.0,30,5,33.0,No,Research & Development,Research Scientist,Diploma,Divorced,0
EMP100335,48,56988.0,8,2,7,,47,5,33.0,No,Research & Development,HR Specialist,Bachelor,Single,0
EMP100336,45,55576.0,11,3,0,5.0,45,4,36.0,Yes,Research & Development,Project Manager,Diploma,Single,0
EMP100337,54,26141.0,3,1,3,3.0,46,5,38.0,No,Finance,Software Engineer,High School,Married,0
EMP100338,44,94513.0,4,3,4,2.0,41,5,34.0,No,Research & Development,Sales Executive,Diploma,Married,0
EMP100339,43,37440.0,1,1,1,5.0,44,5,67.0,No,Research & Development,Research Scientist,Bachelor,Married,1
EMP100340,32,63950.0,6,4,1,2.0,32,5,23.0,No,Research & Development,Software Engineer,Bachelor,Married,0
EMP100341,26,55197.0,7,2,3,1.0,37,6,50.0,No,Research & Development,HR Specialist,Master,Single,0
EMP100342,55,86401.0,3,2,1,5.0,48,6,54.0,No,Research & Development,Project Manager,High School,Married,0
EMP100343,39,147187.0,7,4,1,2.0,42,3,18.0,Yes,Research & Development,HR Specialist,Doctorate,Married,0
EMP100344,20,30774.0,8,1,3,3.0,51,11,36.0,No,Research & Development,Research Scientist,Bachelor,Married,0
EMP100345,27,41072.0,3,2,1,3.0,37,2,40.0,No,Research & Development,Software Engineer,Diploma,Married,0
EMP100346,35,59885.0,1,2,1,1.0,55,4,38.0,No,Research & Development,Software Engineer,Bachelor,Single,0
EMP100347,33,33446.0,5,2,4,4.0,55,5,37.0,No,Research & Development,Research Scientist,High School,Single,0
EMP100348,31,78204.0,4,4,4,5.0,39,3,44.0,No,Research & Development,Project Manager,,Divorced,0
EMP100349,42,80387.0,3,3,2,3.0,40,4,5.0,No,,Research Scientist,Master,Divorced,0
EMP100350,34,70745.0,1,1,1,3.0,48,6,34.0,No,Research & Development,Research Scientist,Diploma,Married,0
EMP100351,47,61178.0,2,3,2,1.0,39,4,29.0,No,Human Resources,Research Scientist,High School,Married,0
EMP100352,53,101870.0,7,2,2,3.0,41,8,24.0,No,Sales,Financial Analyst,Bachelor,Married,0
EMP100353,21,32698.0,11,4,2,5.0,38,3,48.0,Yes,Finance,HR Specialist,Bachelor,Married,0
EMP100354,51,56639.0,4,2,4,1.0,38,5,50.0,No,Research & Development,Project Manager,Bachelor,Single,0
EMP100355,42,39444.0,1,2,1,2.0,43,8,52.0,Yes,Sales,Research Scientist,Diploma,Single,0
EMP100356,41,82088.0,5,2,2,1.0,41,5,48.0,No,Sales,Software Engineer,High School,Single,0
EMP100357,44,24103.0,4,2,2,5.0,32,2,17.0,No,Research & Development,Sales Executive,Master,Married,0
EMP100358,41,54309.0,3,2,1,5.0,49,4,37.0,No,Finance,Software Engineer,Bachelor,Single,0
EMP100359,41,63956.0,2,1,2,2.0,50,4,52.0,No,Research & Development,Sales Executive,Diploma,Married,1
EMP100360,25,35908.0,4,3,4,1.0,45,3,5.0,No,Human Resources,Software Engineer,Diploma,Divorced,0
EMP100361,34,41494.0,6,2,4,5.0,43,5,59.0,Yes,Research & Development,Software Engineer,Diploma,Married,0
EMP100362,56,55382.0,3,5,3,5.0,37,8,16.0,Yes,Research & Development,Software Engineer,Bachelor,Single,0
EMP100363,52,84532.0,3,2,3,2.0,40,7,22.0,No,IT,Software Engineer,Master,Married,0
EMP100364,27,34555.0,4,3,4,4.0,47,3,46.0,No,IT,Software Engineer,Bachelor,Married,0
EMP100365,24,37376.0,5,5,4,1.0,45,8,64.0,No,Research & Development,HR Specialist,Bachelor,Single,0
EMP100366,58,91272.0,5,3,2,5.0,44,6,21.0,No,Sales,Research Scientist,Bachelor,Married,0
EMP100367,23,48642.0,4,4,4,3.0,44,5,23.0,No,Sales,Project Manager,Master,Single,0
EMP100368,25,38762.0,2,4,2,2.0,47,3,54.0,No,IT,Sales Executive,Bachelor,Married,0
EMP100369,51,76343.0,7,2,2,4.0,47,6,37.0,Yes,Sales,Software Engineer,Bachelor,Married,0
EMP100370,49,44152.0,9,3,0,4.0,45,4,31.0,No,Finance,Financial Analyst,Bachelor,Married,1
EMP100371,54,87328.0,4,1,2,2.0,40,6,38.0,Yes,Research & Development,Research Scientist,Bachelor,Divorced,0
EMP100372,59,40799.0,7,2,1,4.0,50,5,68.0,No,Sales,Project Manager,Bachelor,Married,0
EMP100373,35,51189.0,5,1,2,5.0,40,9,47.0,No,IT,Sales Executive,Bachelor,Divorced,0
EMP100374,32,84147.0,2,3,2,4.0,38,5,40.0,Yes,IT,Software Engineer,Bachelor,Single,0
EMP100375,49,49676.0,6,2,4,1.0,39,4,44.0,No,Research & Development,Sales Executive,Bachelor,Married,0
EMP100376,38,77289.0,4,2,4,3.0,36,4,41.0,No,Research & Development,Software Engineer,Bachelor,Single,0
EMP100377,36,53401.0,7,2,2,5.0,45,7,49.0,No,Research & Development,HR Specialist,Bachelor,Married,0
EMP100378,38,134168.0,11,5,5,2.0,42,5,25.0,Yes,Human Resources,Research Scientist,Master,Divorced,0
EMP100379,47,111417.0,3,1,3,3.0,48,5,34.0,No,Human Resources,Sales Executive,Diploma,Married,0
EMP100380,45,30256.0,2,1,2,5.0,30,2,35.0,No,Finance,Research Scientist,Master,Divorced,0
EMP100381,56,69571.0,2,1,1,3.0,43,7,21.0,No,Sales,Financial Analyst,Master,Married,0
EMP100382,45,38090.0,6,5,5,4.0,41,2,19.0,No,Sales,Research Scientist,Bachelor,Single,0
EMP100383,42,59950.0,6,5,3,2.0,40,7,56.0,No,Research & Development,Sales Executive,High School,Single,0
EMP100384,28,56718.0,6,3,3,2.0,37,3,46.0,No,Research & Development,Sales Executive,High School,Single,0
EMP100385,31,34206.0,3,4,2,1.0,42,6,62.0,No,Human Resources,Research Scientist,Master,Married,0
EMP100386,20,88557.0,5,1,2,4.0,38,7,43.0,No,Sales,Research Scientist,Master,Married,0
EMP100387,20,60269.0,4,5,4,1.0,50,4,40.0,No,Research & Development,Project Manager,Bachelor,Married,0
EMP100388,53,48387.0,10,1,5,1.0,45,6,32.0,No,Sales,Project Manager,High School,Married,1
EMP100389,51,45159.0,3,1,2,4.0,47,3,50.0,No,Research & Development,Project Manager,Master,Married,0
EMP100390,44,58571.0,3,1,3,5.0,33,6,16.0,Yes,IT,Research Scientist,Bachelor,Single,0
EMP100391,59,66082.0,3,2,3,1.0,46,6,40.0,No,IT,Sales Executive,Doctorate,Single,0
EMP100392,20,51992.0,8,3,2,3.0,46,7,49.0,No,IT,Software Engineer,Bachelor,Married,0
EMP100393,35,18000.0,7,2,5,5.0,40,7,34.0,Yes,Research & Development,Research Scientist,Master,Divorced,0
EMP100394,58,55420.0,1,5,0,4.0,41,8,42.0,Yes,Research & Development,Project Manager,Bachelor,Single,0
EMP100395,24,28751.0,1,2,1,2.0,37,4,59.0,Yes,IT,Sales Executive,High School,Divorced,0
EMP100396,41,50053.0,6,1,5,5.0,40,3,32.0,No,Sales,Research Scientist,High School,Married,0
EMP100397,48,29232.0,4,2,4,1.0,45,6,41.0,No,IT,HR Specialist,Doctorate,Divorced,0
EMP100398,22,29076.0,1,3,1,3.0,39,3,50.0,No,Research & Development,Software Engineer,Bachelor,Married,0
EMP100399,31,95884.0,2,4,1,4.0,42,6,30.0,Yes,Human Resources,Software Engineer,Diploma,Divorced,0
EMP100400,45,47622.0,4,2,3,2.0,55,4,19.0,No,Finance,Software Engineer,Master,Married,0
EMP100401,35,46009.0,18,2,4,3.0,37,5,46.0,Yes,Human Resources,Software Engineer,Master,Single,0
EMP100402,56,68338.0,6,2,5,2.0,44,4,37.0,Yes,IT,Research Scientist,Bachelor,Single,0
EMP100403,41,46552.0,2,3,2,4.0,37,6,35.0,No,Research & Development,Sales Executive,Bachelor,Married,0
EMP100404,48,141747.0,10,5,2,5.0,35,6,38.0,No,Research & Development,Software Engineer,Diploma,Single,0
EMP100405,33,48641.0,2,1,2,1.0,46,10,17.0,No,Research & Development,Sales Executive,Master,Single,0
EMP100406,47,64822.0,3,4,1,4.0,40,5,31.0,Yes,Human Resources,Software Engineer,High School,Single,0
EMP100407,24,85137.0,10,2,7,3.0,50,3,46.0,No,Research & Development,Financial Analyst,Bachelor,Married,0
EMP100408,49,113108.0,2,2,2,5.0,45,7,35.0,No,IT,Research Scientist,Bachelor,Married,0
EMP100409,24,39387.0,11,5,1,2.0,38,3,27.0,No,,Research Scientist,Bachelor,Divorced,0
EMP100410,31,45570.0,1,2,1,5.0,38,4,24.0,Yes,Research & Development,Research Scientist,Diploma,Divorced,0
EMP100411,35,97602.0,6,2,3,5.0,46,4,39.0,No,Research & Development,Research Scientist,Bachelor,Divorced,0
EMP100412,45,79191.0,5,1,5,3.0,37,3,48.0,Yes,Human Resources,Software Engineer,Bachelor,Married,0
EMP100413,45,89225.0,8,1,5,1.0,37,10,50.0,No,Research & Development,Software Engineer,Master,Divorced,0
EMP100414,40,29708.0,5,4,0,5.0,33,5,27.0,Yes,IT,Project Manager,Bachelor,Married,0
EMP100415,58,110380.0,5,3,3,5.0,45,7,59.0,No,Sales,Research Scientist,Diploma,Divorced,1
EMP100416,55,39044.0,3,4,1,1.0,38,7,37.0,Yes,Sales,Financial Analyst,Diploma,Single,1
EMP100417,52,59971.0,3,1,0,1.0,44,5,10.0,No,Research & Development,Project Manager,Master,Divorced,0
EMP100418,49,51451.0,10,1,4,2.0,35,4,37.0,No,Finance,HR Specialist,Doctorate,Single,0
EMP100419,56,37041.0,6,1,5,2.0,34,6,20.0,No,Human Resources,Software Engineer,Diploma,Married,0
EMP100420,42,29128.0,6,2,2,1.0,46,4,41.0,No,IT,HR Specialist,Master,Married,1
EMP100421,29,25093.0,5,5,3,4.0,41,3,39.0,No,Sales,Research Scientist,Bachelor,Married,0
EMP100422,24,58026.0,4,3,4,1.0,39,5,12.0,Yes,Human Resources,Project Manager,Master,Married,0
EMP100423,55,27686.0,1,2,1,2.0,40,5,57.0,No,Finance,Financial Analyst,High School,Married,1
EMP100424,53,33020.0,9,4,1,3.0,40,3,25.0,Yes,IT,Financial Analyst,Bachelor,Married,0
EMP100425,50,49860.0,7,3,6,3.0,52,5,8.0,No,Research & Development,Research Scientist,Bachelor,Married,0
EMP100426,29,18000.0,4,1,2,5.0,43,4,54.0,No,Research & Development,Sales Executive,Master,Single,0
EMP100427,38,78091.0,2,3,2,3.0,43,8,44.0,No,IT,Financial Analyst,Master,Married,0
EMP100428,51,18595.0,7,2,2,2.0,38,1,31.0,Yes,Finance,Sales Executive,Diploma,Married,0
EMP100429,20,53118.0,2,1,2,3.0,46,4,36.0,Yes,Research & Development,Sales Executive,Doctorate,Married,0
EMP100430,24,55373.0,6,1,1,4.0,36,4,33.0,No,Human Resources,Financial Analyst,Bachelor,Single,0
EMP100431,23,70068.0,3,2,3,1.0,45,4,11.0,Yes,Research & Development,Software Engineer,Bachelor,Married,0
EMP100432,35,53978.0,5,2,4,1.0,45,7,14.0,No,,Financial Analyst,Master,Married,0
EMP100433,43,136373.0,9,2,2,2.0,47,2,49.0,No,Research & Development,Software Engineer,Bachelor,Single,0
EMP100434,35,60623.0,5,1,4,5.0,32,1,41.0,No,Sales,Financial Analyst,Bachelor,Married,0
EMP100435,21,88363.0,6,3,5,1.0,48,5,49.0,No,IT,Research Scientist,Doctorate,Single,0
EMP100436,47,39717.0,12,5,4,3.0,44,7,53.0,No,Research & Development,HR Specialist,High School,Married,0
EMP100437,51,58071.0,5,3,2,4.0,38,4,5.0,Yes,Research & Development,Financial Analyst,Master,Married,0
EMP100438,46,110359.0,2,2,1,5.0,31,7,29.0,No,Research & Development,Project Manager,Master,Divorced,0
EMP100439,39,49421.0,6,1,6,5.0,40,11,18.0,No,Sales,Sales Executive,Bachelor,Single,0
EMP100440,43,,3,1,3,5.0,43,3,33.0,No,Research & Development,HR Specialist,Master,Divorced,0
EMP100441,31,85517.0,11,1,3,1.0,34,4,7.0,Yes,Human Resources,Project Manager,Bachelor,Married,0
EMP100442,54,39383.0,3,2,3,5.0,38,3,44.0,Yes,Sales,Software Engineer,Bachelor,Married,0
EMP100443,52,20793.0,3,3,2,2.0,36,5,45.0,No,Research & Development,Software Engineer,Bachelor,Divorced,1
EMP100444,52,61704.0,6,3,6,3.0,40,3,69.0,No,IT,HR Specialist,Diploma,Single,1
EMP100445,56,85818.0,5,3,2,4.0,37,9,33.0,No,Research & Development,Software Engineer,Master,Single,0
EMP100446,31,29940.0,6,2,0,3.0,53,6,45.0,No,IT,Software Engineer,Bachelor,Married,0
EMP100447,22,74361.0,3,2,3,2.0,46,6,50.0,Yes,Sales,Sales Executive,Bachelor,Divorced,0
EMP100448,20,74587.0,7,3,1,2.0,36,6,61.0,No,Finance,Software Engineer,Master,Married,0
EMP100449,52,19772.0,1,2,1,3.0,37,9,18.0,Yes,Research & Development,Financial Analyst,Bachelor,Single,1
EMP100450,59,36090.0,3,1,2,1.0,35,6,48.0,No,Sales,Project Manager,Bachelor,Married,0
EMP100451,29,46026.0,6,2,4,2.0,41,10,41.0,No,Finance,Financial Analyst,Master,Married,0
EMP100452,48,50729.0,1,2,1,5.0,51,8,11.0,No,Sales,Research Scientist,Bachelor,Married,0
EMP100453,32,39367.0,6,1,5,4.0,48,3,42.0,No,Research & Development,Research Scientist,Master,Single,0
EMP100454,31,38424.0,5,4,4,4.0,43,7,46.0,No,Research & Development,HR Specialist,Bachelor,Divorced,0
EMP100455,50,116688.0,2,4,2,2.0,41,0,10.0,No,Sales,Research Scientist,Diploma,Single,0
EMP100456,21,52401.0,6,1,4,5.0,45,2,34.0,No,Research & Development,Project Manager,High School,Single,1
EMP100457,54,40228.0,3,1,3,3.0,43,3,36.0,No,Sales,Project Manager,Master,Single,0
EMP100458,42,53990.0,7,3,4,4.0,44,6,36.0,No,IT,Sales Executive,Bachelor,Single,0
EMP100459,36,70037.0,5,1,0,5.0,43,5,44.0,Yes,Research & Development,Financial Analyst,Master,Single,0
EMP100460,45,56293.0,8,2,1,5.0,44,6,26.0,Yes,Sales,Sales Executive,Diploma,Single,0
EMP100461,27,50137.0,14,1,6,1.0,35,3,19.0,No,Sales,HR Specialist,Bachelor,Married,0
EMP100462,48,41051.0,5,1,4,2.0,41,6,42.0,Yes,Research & Development,Software Engineer,High School,Married,0
EMP100463,45,40828.0,8,3,8,5.0,43,4,59.0,No,Sales,Financial Analyst,Master,Married,0
EMP100464,29,42027.0,2,3,2,3.0,40,5,57.0,No,Research & Development,Sales Executive,Master,Single,0
EMP100465,45,64059.0,6,1,3,4.0,36,7,71.0,No,IT,Software Engineer,Master,Single,0
EMP100466,53,35162.0,0,2,0,1.0,42,8,29.0,Yes,Sales,Sales Executive,Bachelor,Single,0
EMP100467,60,65648.0,6,1,2,3.0,63,5,32.0,No,Research & Development,Project Manager,Diploma,Married,0
EMP100468,26,103874.0,2,1,2,4.0,38,4,5.0,No,Human Resources,Sales Executive,Master,Divorced,0
EMP100469,23,63682.0,7,5,1,2.0,41,8,26.0,No,Sales,Sales Executive,Bachelor,Married,0
EMP100470,30,46573.0,9,3,1,3.0,48,7,11.0,No,Sales,Research Scientist,Master,Married,0
EMP100471,48,30667.0,6,2,1,4.0,51,2,30.0,No,Sales,HR Specialist,Doctorate,Divorced,0
EMP100472,55,111886.0,1,3,1,1.0,39,3,55.0,No,IT,Financial Analyst,Diploma,Single,0
EMP100473,44,32487.0,3,4,2,4.0,47,7,51.0,No,Human Resources,Software Engineer,High School,Single,0
EMP100474,40,80575.0,14,3,1,5.0,46,4,30.0,Yes,Research & Development,Software Engineer,Master,Married,0
EMP100475,55,73308.0,6,1,4,1.0,39,6,26.0,No,IT,Software Engineer,Master,Married,0
EMP100476,29,49441.0,7,1,2,3.0,45,8,23.0,Yes,IT,Software Engineer,Bachelor,Single,0
EMP100477,56,48862.0,2,3,2,2.0,41,4,48.0,No,Research & Development,Financial Analyst,Master,Single,0
EMP100478,28,24077.0,2,2,2,1.0,39,2,30.0,No,,Project Manager,Master,Single,0
EMP100479,43,63807.0,4,5,4,1.0,51,8,39.0,Yes,Research & Development,Research Scientist,Bachelor,Married,0
EMP100480,54,72697.0,8,3,3,1.0,45,9,45.0,Yes,Sales,Sales Executive,Master,Single,0
EMP100481,54,33692.0,2,5,2,4.0,34,2,46.0,No,Finance,Sales Executive,Bachelor,Single,0
EMP100482,55,51276.0,13,1,1,5.0,41,2,5.0,No,Human Resources,Software Engineer,Diploma,Married,0
EMP100483,37,55945.0,1,4,1,2.0,39,6,43.0,No,Research & Development,Sales Executive,Bachelor,Married,0
EMP100484,58,71550.0,4,2,4,2.0,41,3,36.0,No,Sales,Research Scientist,Master,Married,0
EMP100485,51,55094.0,10,5,3,5.0,45,8,8.0,No,Finance,HR Specialist,Bachelor,Divorced,0
EMP100486,43,26456.0,2,1,2,4.0,43,4,56.0,Yes,Research & Development,Sales Executive,Diploma,Married,1
EMP100487,42,43331.0,3,2,3,4.0,49,4,38.0,No,Sales,Research Scientist,Master,Single,0
EMP100488,51,60850.0,5,3,5,5.0,48,8,12.0,No,Sales,HR Specialist,Master,Single,1
EMP100489,56,80320.0,2,2,2,5.0,36,5,26.0,No,Human Resources,Software Engineer,High School,Single,0
EMP100490,31,41654.0,1,2,1,3.0,42,2,32.0,No,Research & Development,Project Manager,Bachelor,Single,0
EMP100491,32,147198.0,2,5,1,4.0,32,6,74.0,No,Research & Development,Research Scientist,Doctorate,Married,0
EMP100492,42,23449.0,9,2,2,1.0,37,3,22.0,No,Sales,Software Engineer,Bachelor,Divorced,0
EMP100493,44,42677.0,4,3,2,2.0,32,10,,No,IT,Sales Executive,Bachelor,Married,0
EMP100494,54,52983.0,2,1,2,4.0,34,6,38.0,No,Sales,Research Scientist,Diploma,Married,0
EMP100495,60,50249.0,2,4,1,5.0,49,5,67.0,Yes,,Software Engineer,Bachelor,Married,0
EMP100496,49,31591.0,8,3,2,1.0,46,6,32.0,No,Research & Development,Project Manager,Master,Single,0
EMP100497,36,67281.0,2,2,2,3.0,45,3,28.0,No,Research & Development,Software Engineer,Bachelor,Single,0
EMP100498,39,64996.0,6,1,4,3.0,48,10,38.0,No,Human Resources,Project Manager,Master,Married,0
EMP100499,44,56200.0,3,2,1,1.0,45,2,30.0,No,Research & Development,HR Specialist,High School,Single,0
EMP100500,41,63858.0,5,1,2,1.0,42,2,30.0,No,Sales,Sales Executive,Bachelor,Married,0
EMP100501,32,45451.0,8,1,1,5.0,39,4,49.0,No,Sales,Project Manager,Bachelor,Married,0
EMP100502,38,26563.0,8,3,3,5.0,50,6,28.0,No,Sales,Sales Executive,Master,Single,0
EMP100503,55,39839.0,2,1,2,2.0,49,4,30.0,Yes,Research & Development,Research Scientist,Master,Married,1
EMP100504,31,59028.0,4,1,3,2.0,41,2,50.0,No,Finance,Project Manager,Master,Married,0
EMP100505,60,59179.0,3,3,2,3.0,46,7,14.0,Yes,Human Resources,Financial Analyst,Diploma,Single,1
EMP100506,38,56034.0,9,1,2,1.0,30,5,30.0,No,Research & Development,Research Scientist,Bachelor,Married,0
EMP100507,31,70404.0,2,2,2,3.0,46,9,,No,Sales,Software Engineer,Bachelor,Single,0
EMP100508,28,42344.0,5,1,4,5.0,39,5,28.0,No,IT,Research Scientist,Master,Single,0
EMP100509,26,55664.0,5,2,2,4.0,56,8,30.0,No,Human Resources,Research Scientist,Bachelor,Married,1
EMP100510,47,71149.0,2,3,1,5.0,48,9,30.0,No,Human Resources,Project Manager,Bachelor,Married,0
EMP100511,33,52939.0,1,3,1,4.0,32,7,29.0,No,Sales,Financial Analyst,Bachelor,Single,0
EMP100512,50,31432.0,2,2,2,1.0,38,3,39.0,Yes,Research & Development,Project Manager,Bachelor,Single,1
EMP100513,38,35683.0,3,1,1,1.0,42,5,18.0,Yes,IT,Project Manager,Master,Single,0
EMP100514,35,79935.0,3,1,1,1.0,42,5,41.0,No,Research & Development,Research Scientist,Master,Single,1
EMP100515,24,102919.0,3,2,1,2.0,42,4,27.0,Yes,Research & Development,Research Scientist,Master,Divorced,0
EMP100516,54,93336.0,6,5,3,2.0,47,4,46.0,No,Sales,Research Scientist,Bachelor,Divorced,0
EMP100517,31,61057.0,7,1,7,4.0,39,4,34.0,No,Research & Development,Sales Executive,Bachelor,Married,0
EMP100518,44,32006.0,8,2,8,3.0,42,5,26.0,No,IT,Research Scientist,Master,Married,0
EMP100519,40,54843.0,2,1,2,3.0,50,11,,No,IT,Research Scientist,Bachelor,Married,0
EMP100520,55,111091.0,4,3,1,4.0,50,4,39.0,No,Finance,Software Engineer,Master,Married,1
EMP100521,42,72650.0,10,3,8,2.0,47,4,32.0,No,Research & Development,Financial Analyst,Bachelor,Single,0
EMP100522,35,50097.0,4,3,4,5.0,40,4,57.0,No,IT,Sales Executive,Diploma,Married,0
EMP100523,58,72982.0,3,4,1,4.0,38,4,58.0,No,IT,Research Scientist,Master,Married,0
EMP100524,58,31066.0,6,2,3,3.0,42,5,28.0,Yes,IT,HR Specialist,Bachelor,Married,1
EMP100525,33,40217.0,7,1,5,4.0,42,2,,No,IT,Sales Executive,High School,Married,0
EMP100526,50,33766.0,4,2,4,4.0,42,6,48.0,No,Research & Development,Financial Analyst,Bachelor,Divorced,0
EMP100527,24,67941.0,3,3,3,1.0,45,12,27.0,No,Research & Development,Software Engineer,Bachelor,Married,0
EMP100528,54,75844.0,2,3,2,2.0,44,6,30.0,No,Research & Development,Financial Analyst,Bachelor,Single,0
EMP100529,42,51322.0,3,2,3,1.0,44,6,53.0,No,Finance,Sales Executive,Bachelor,Married,1
EMP100530,48,37133.0,1,3,1,2.0,40,7,40.0,No,Research & Development,HR Specialist,Diploma,Married,0
EMP100531,30,54513.0,8,3,3,4.0,36,6,48.0,No,Sales,Research Scientist,High School,Single,0
EMP100532,37,44184.0,1,4,1,2.0,45,6,,Yes,Sales,Sales Executive,Master,Single,0
EMP100533,31,38438.0,2,2,2,3.0,42,4,32.0,No,Sales,HR Specialist,Doctorate,Married,0
EMP100534,28,64064.0,5,3,4,1.0,44,7,45.0,Yes,,HR Specialist,Master,Married,0
EMP100535,29,39104.0,4,1,4,4.0,44,4,37.0,No,Sales,Research Scientist,Bachelor,Married,0
EMP100536,36,27180.0,2,3,2,3.0,32,6,43.0,No,Research & Development,Research Scientist,Bachelor,Married,0
EMP100537,57,30039.0,5,4,2,2.0,51,4,37.0,No,IT,Project Manager,Master,Single,0
EMP100538,26,26732.0,1,2,1,2.0,39,4,55.0,Yes,IT,HR Specialist,Bachelor,Single,1
EMP100539,32,61480.0,5,3,2,3.0,49,7,16.0,No,Research & Development,Project Manager,Bachelor,Single,0
EMP100540,59,58851.0,2,3,2,2.0,44,2,28.0,No,Research & Development,Research Scientist,Bachelor,Married,1
EMP100541,28,57545.0,1,1,1,1.0,37,2,34.0,No,Finance,Sales Executive,Bachelor,Single,1
EMP100542,46,71651.0,3,2,2,5.0,38,10,37.0,No,IT,Software Engineer,Master,Single,0
EMP100543,21,94039.0,7,1,3,2.0,39,6,16.0,No,Research & Development,Sales Executive,Master,Single,0
EMP100544,24,42132.0,2,5,1,4.0,39,4,24.0,No,Research & Development,Software Engineer,Master,Single,0
EMP100545,48,66039.0,7,3,7,2.0,33,4,36.0,Yes,Research & Development,Research Scientist,Diploma,Single,0
EMP100546,56,27018.0,4,1,3,4.0,38,3,27.0,No,Research & Development,Software Engineer,Bachelor,Married,0
EMP100547,57,102284.0,2,1,2,2.0,47,2,9.0,No,IT,Research Scientist,Master,Single,0
EMP100548,38,31411.0,3,2,3,2.0,47,2,30.0,No,Research & Development,Software Engineer,Bachelor,Single,0
EMP100549,27,39957.0,4,2,4,4.0,39,6,17.0,No,Research & Development,Research Scientist,Bachelor,Divorced,0
EMP100550,20,42029.0,1,1,1,1.0,33,3,44.0,No,Research & Development,Software Engineer,Master,Married,0
EMP100551,41,27674.0,3,2,2,5.0,45,3,39.0,Yes,Sales,Research Scientist,Bachelor,Married,1
EMP100552,36,55812.0,1,2,1,5.0,37,0,49.0,Yes,Research & Development,Research Scientist,Bachelor,Single,0
EMP100553,26,60557.0,7,1,7,1.0,37,7,38.0,No,Research & Development,Project Manager,Diploma,Single,0
EMP100554,44,50506.0,5,3,2,2.0,41,4,19.0,Yes,Research & Development,Research Scientist,Master,Married,0
EMP100555,23,27501.0,5,4,5,5.0,40,5,5.0,No,Sales,Financial Analyst,Master,Single,0
EMP100556,55,134271.0,2,3,1,1.0,38,3,52.0,No,IT,Software Engineer,Master,Single,0
EMP100557,25,70421.0,2,4,2,1.0,39,4,29.0,Yes,Research & Development,Software Engineer,Bachelor,Married,0
EMP100558,50,179960.0,5,1,4,5.0,39,5,5.0,No,Research & Development,Project Manager,Bachelor,Single,0
EMP100559,38,38284.0,7,2,7,4.0,38,3,59.0,No,Sales,Financial Analyst,Diploma,Married,0
EMP100560,58,84638.0,14,1,5,3.0,39,3,44.0,Yes,Research & Development,Research Scientist,Bachelor,Single,0
EMP100561,46,78101.0,9,3,2,4.0,40,4,58.0,No,Research & Development,Software Engineer,Bachelor,Single,0
EMP100562,29,48259.0,10,5,3,2.0,44,5,41.0,No,Research & Development,Software Engineer,High School,Married,0
EMP100563,45,103783.0,8,3,2,4.0,43,5,45.0,No,IT,Software Engineer,Diploma,Married,0
EMP100564,38,45828.0,4,4,2,3.0,39,2,27.0,Yes,Research & Development,Research Scientist,Master,Married,0
EMP100565,58,46756.0,2,3,2,3.0,40,4,46.0,No,IT,Project Manager,Doctorate,Single,0
EMP100566,22,18000.0,1,2,0,1.0,49,6,64.0,No,Research & Development,Project Manager,Bachelor,Single,0
EMP100567,32,66115.0,3,2,3,2.0,47,6,47.0,No,Research & Development,Financial Analyst,Diploma,Single,0
EMP100568,47,30291.0,8,1,3,1.0,45,10,30.0,No,Research & Development,Research Scientist,Master,Married,0
EMP100569,39,42927.0,3,1,1,4.0,33,3,15.0,No,IT,Software Engineer,Master,Single,0
EMP100570,47,34658.0,4,3,4,4.0,43,6,52.0,Yes,Research & Development,Research Scientist,Bachelor,Married,1
EMP100571,27,46643.0,3,2,3,5.0,39,5,36.0,No,IT,HR Specialist,Bachelor,Married,0
EMP100572,60,67160.0,5,2,4,1.0,37,5,37.0,No,Sales,Research Scientist,Diploma,Married,0
EMP100573,58,55276.0,3,2,3,1.0,40,5,5.0,Yes,IT,Research Scientist,Master,Single,1
EMP100574,20,75692.0,0,2,0,1.0,47,1,5.0,No,Research & Development,Software Engineer,Master,Single,0
EMP100575,22,97209.0,1,2,1,1.0,46,9,36.0,Yes,IT,Financial Analyst,Master,Single,0
EMP100576,32,46589.0,6,2,0,3.0,39,6,22.0,No,Research & Development,Financial Analyst,Master,Single,0
EMP100577,47,44344.0,0,2,0,5.0,42,2,38.0,Yes,Sales,Financial Analyst,Diploma,Single,0
EMP100578,44,84632.0,4,4,2,2.0,40,2,49.0,Yes,Sales,Project Manager,Diploma,Divorced,0
EMP100579,52,87707.0,6,2,3,2.0,41,10,,No,Sales,Financial Analyst,Diploma,Divorced,0
EMP100580,57,76754.0,1,3,1,2.0,47,6,39.0,,Research & Development,Research Scientist,Diploma,Single,0
EMP100581,25,35832.0,8,4,7,3.0,42,4,33.0,Yes,Finance,HR Specialist,Master,Single,0
EMP100582,51,66522.0,10,4,1,5.0,33,3,79.0,No,Sales,Research Scientist,Master,Single,0
EMP100583,40,57777.0,1,4,1,5.0,43,7,27.0,Yes,Research & Development,Research Scientist,Diploma,Married,0
EMP100584,35,88320.0,2,2,2,3.0,51,7,25.0,No,Research & Development,Project Manager,Bachelor,Married,0
EMP100585,40,42502.0,5,1,4,1.0,39,9,28.0,No,,Software Engineer,Bachelor,Married,0
EMP100586,30,25981.0,11,2,4,4.0,50,7,52.0,No,Research & Development,Sales Executive,Diploma,Married,0
EMP100587,56,75034.0,3,2,3,1.0,45,6,28.0,No,Research & Development,HR Specialist,Master,Married,1
EMP100588,55,18000.0,7,4,5,2.0,48,5,46.0,No,IT,Software Engineer,,Single,0
EMP100589,54,39573.0,4,3,3,1.0,46,5,36.0,Yes,Sales,Sales Executive,Bachelor,Single,1
EMP100590,38,34705.0,2,1,2,3.0,43,5,36.0,No,IT,Project Manager,Bachelor,Married,0
EMP100591,39,34600.0,1,1,1,2.0,39,4,59.0,Yes,Research & Development,Software Engineer,Bachelor,Married,0
EMP100592,37,39262.0,2,1,1,4.0,43,5,8.0,Yes,Research & Development,Software Engineer,Master,Married,0
EMP100593,60,95121.0,2,3,1,2.0,43,6,37.0,No,IT,Software Engineer,Bachelor,Divorced,0
EMP100594,33,79566.0,12,3,2,1.0,47,8,45.0,Yes,Research & Development,Software Engineer,Diploma,Married,0
EMP100595,34,49110.0,7,4,1,5.0,31,5,41.0,Yes,IT,Software Engineer,Bachelor,Single,0
EMP100596,50,91603.0,3,5,3,5.0,35,2,13.0,No,Research & Development,HR Specialist,Bachelor,Single,0
EMP100597,20,34100.0,4,1,4,5.0,43,3,18.0,No,Research & Development,Sales Executive,Diploma,Married,0
EMP100598,22,32076.0,2,2,2,2.0,44,5,39.0,No,IT,HR Specialist,Diploma,Single,0
EMP100599,35,81122.0,9,1,0,5.0,38,5,5.0,Yes,Sales,Research Scientist,Diploma,Married,0
EMP100600,42,71391.0,2,2,2,3.0,44,3,27.0,No,IT,Software Engineer,Master,Single,0
EMP100601,30,44711.0,2,4,2,4.0,45,5,17.0,Yes,Research & Development,Financial Analyst,Diploma,Divorced,0
EMP100602,31,32996.0,4,2,3,5.0,41,3,38.0,No,Finance,Research Scientist,High School,Divorced,0
EMP100603,29,106082.0,1,3,1,3.0,49,10,33.0,Yes,Research & Development,Financial Analyst,Master,Single,0
EMP100604,51,25363.0,3,2,3,3.0,50,6,41.0,No,Research & Development,Project Manager,Master,Married,0
EMP100605,35,42016.0,2,1,2,2.0,43,3,22.0,No,Sales,Software Engineer,Bachelor,Divorced,0
EMP100606,27,60958.0,6,1,2,2.0,46,3,39.0,Yes,Sales,Project Manager,Master,Single,0
EMP100607,57,123755.0,9,2,9,4.0,34,7,35.0,No,Research & Development,Software Engineer,Bachelor,Married,0
EMP100608,31,,4,3,1,4.0,47,5,22.0,Yes,Research & Development,Software Engineer,Diploma,Married,0
EMP100609,43,68270.0,4,1,1,1.0,49,8,,Yes,Human Resources,HR Specialist,Bachelor,Single,0
EMP100610,47,42568.0,6,3,6,4.0,37,5,45.0,Yes,Finance,Sales Executive,Bachelor,Single,1
EMP100611,27,71033.0,1,3,0,2.0,45,8,25.0,No,Research & Development,Research Scientist,High School,Married,0
EMP100612,47,57669.0,3,2,2,3.0,33,6,23.0,Yes,Research & Development,Software Engineer,Diploma,Married,0
EMP100613,55,26911.0,7,3,5,1.0,38,6,49.0,No,Human Resources,Research Scientist,Master,Married,0
EMP100614,45,78583.0,9,2,2,4.0,39,8,11.0,No,Human Resources,Financial Analyst,Bachelor,Single,0
EMP100615,27,85116.0,6,3,2,3.0,35,8,16.0,,Finance,Sales Executive,Bachelor,Married,0
EMP100616,47,78953.0,10,3,3,2.0,41,6,42.0,No,Finance,Software Engineer,Master,Married,0
EMP100617,47,55831.0,2,5,2,5.0,40,5,62.0,No,Sales,Financial Analyst,Diploma,Married,0
EMP100618,56,35768.0,8,2,3,1.0,45,3,26.0,,Research & Development,Software Engineer,Diploma,Married,0
EMP100619,60,19457.0,4,2,4,3.0,34,5,28.0,No,Research & Development,Sales Executive,Master,Married,1
EMP100620,55,59028.0,1,1,1,2.0,45,4,32.0,No,IT,Research Scientist,Bachelor,Single,0
EMP100621,46,89497.0,5,1,3,2.0,38,5,28.0,Yes,Research & Development,Sales Executive,Bachelor,Married,1
EMP100622,36,86084.0,3,3,3,1.0,36,3,29.0,No,Research & Development,Software Engineer,Master,Divorced,0
EMP100623,28,79405.0,14,4,0,1.0,41,4,26.0,No,Research & Development,Project Manager,Diploma,Single,0
EMP100624,52,53194.0,5,2,3,4.0,46,6,38.0,Yes,Sales,Software Engineer,Bachelor,Married,1
EMP100625,39,89720.0,3,1,3,4.0,40,12,45.0,No,Research & Development,Financial Analyst,Bachelor,Single,0
EMP100626,32,83363.0,4,2,2,1.0,45,5,37.0,No,Research & Development,Project Manager,Master,Married,0
EMP100627,47,45474.0,3,2,2,1.0,43,8,33.0,No,Finance,Software Engineer,Bachelor,Single,0
EMP100628,48,74575.0,2,2,2,3.0,58,9,26.0,Yes,Human Resources,Research Scientist,High School,Married,0
EMP100629,32,43213.0,4,1,1,4.0,40,5,17.0,No,IT,Project Manager,Bachelor,Single,0
EMP100630,54,70130.0,2,3,2,2.0,41,6,16.0,Yes,Sales,HR Specialist,Bachelor,Single,1
EMP100631,25,30653.0,7,1,7,4.0,48,6,13.0,Yes,Finance,Financial Analyst,Master,Single,0
EMP100632,37,31732.0,14,2,2,4.0,42,0,44.0,No,Finance,Research Scientist,Bachelor,Married,0
EMP100633,24,88546.0,3,3,1,1.0,43,5,26.0,Yes,Research & Development,Financial Analyst,Master,Single,0
EMP100634,44,83867.0,10,2,2,1.0,33,4,41.0,No,Human Resources,Sales Executive,Bachelor,Single,0
EMP100635,21,73146.0,1,3,1,4.0,41,2,24.0,No,Human Resources,Financial Analyst,Diploma,Married,0
EMP100636,29,57221.0,8,3,1,5.0,38,6,34.0,No,Research & Development,HR Specialist,Bachelor,Single,0
EMP100637,49,18751.0,5,3,1,,40,5,30.0,No,Finance,Software Engineer,Bachelor,Single,1
EMP100638,24,53178.0,6,2,0,4.0,43,4,59.0,No,IT,Software Engineer,Bachelor,Married,0
EMP100639,52,,9,2,2,5.0,42,6,28.0,No,Research & Development,Software Engineer,Master,Married,0
EMP100640,20,43237.0,5,4,4,4.0,46,3,48.0,No,IT,Research Scientist,Master,Single,0
EMP100641,37,39913.0,1,3,1,1.0,47,10,14.0,No,Sales,Sales Executive,Diploma,Single,0
EMP100642,51,105354.0,7,2,2,1.0,41,6,55.0,No,Sales,Financial Analyst,Diploma,Single,0
EMP100643,30,53528.0,6,1,4,1.0,43,5,47.0,No,Sales,Research Scientist,Master,Divorced,0
EMP100644,40,67491.0,3,1,2,2.0,32,6,26.0,Yes,Sales,Sales Executive,Master,Married,1
EMP100645,45,77921.0,4,1,1,1.0,44,4,26.0,Yes,Research & Development,Research Scientist,Bachelor,Married,0
EMP100646,44,35047.0,7,2,7,1.0,47,5,53.0,No,Finance,Project Manager,Master,Married,0
EMP100647,41,59996.0,5,1,3,4.0,37,3,49.0,Yes,Sales,Sales Executive,Master,Divorced,0
EMP100648,46,99601.0,3,2,3,5.0,46,5,31.0,Yes,Research & Development,Sales Executive,Bachelor,Divorced,0
EMP100649,32,,4,3,3,5.0,40,4,22.0,No,Research & Development,Software Engineer,Master,Single,0
EMP100650,52,55997.0,2,2,1,1.0,39,3,51.0,Yes,Sales,Financial Analyst,Bachelor,Single,0
EMP100651,53,49415.0,2,3,2,1.0,49,6,28.0,Yes,Sales,HR Specialist,Bachelor,Married,0
EMP100652,60,62078.0,4,3,2,1.0,42,4,40.0,No,Sales,Research Scientist,Bachelor,Single,0
EMP100653,54,61373.0,4,1,4,4.0,46,3,26.0,No,Sales,Project Manager,Diploma,Married,0
EMP100654,20,102655.0,5,3,1,4.0,32,5,32.0,No,Human Resources,Software Engineer,Bachelor,Single,0
EMP100655,40,35127.0,4,3,1,4.0,39,4,64.0,No,Sales,Financial Analyst,Master,Divorced,1
EMP100656,25,48492.0,1,2,1,5.0,46,1,34.0,No,Research & Development,Sales Executive,Diploma,Married,0
EMP100657,47,33269.0,10,1,1,2.0,43,3,57.0,Yes,Sales,Sales Executive,Bachelor,Married,0
EMP100658,36,34879.0,8,2,1,5.0,41,5,12.0,Yes,Human Resources,Software Engineer,Bachelor,Married,0
EMP100659,24,65156.0,5,4,5,4.0,45,6,9.0,No,Research & Development,Project Manager,Master,Married,0
EMP100660,50,79184.0,3,3,3,3.0,38,3,44.0,No,Research & Development,Research Scientist,Master,Married,0
EMP100661,24,41063.0,8,1,1,2.0,48,5,23.0,Yes,Human Resources,Software Engineer,Diploma,Married,0
EMP100662,57,77849.0,7,3,1,1.0,41,3,35.0,No,Human Resources,Research Scientist,Bachelor,Married,0
EMP100663,22,90699.0,10,2,1,5.0,38,7,5.0,Yes,Research & Development,HR Specialist,High School,Married,0
EMP100664,42,131361.0,6,2,2,2.0,38,5,5.0,Yes,Human Resources,Software Engineer,Bachelor,Married,0
EMP100665,56,56754.0,3,3,3,3.0,42,4,35.0,No,Research & Development,Project Manager,Bachelor,Married,0
EMP100666,56,41241.0,6,2,4,2.0,40,9,28.0,No,Sales,Sales Executive,High School,Married,0
EMP100667,29,35031.0,1,3,1,5.0,45,2,30.0,No,Human Resources,Research Scientist,Master,Married,0
EMP100668,29,33499.0,3,3,1,4.0,42,2,60.0,Yes,Finance,Software Engineer,Master,Single,0
EMP100669,38,96518.0,12,3,4,1.0,40,6,42.0,Yes,IT,HR Specialist,Bachelor,Married,0
EMP100670,36,27814.0,1,1,1,4.0,44,12,67.0,No,Research & Development,Project Manager,Bachelor,Married,0
EMP100671,40,95137.0,1,4,1,4.0,39,2,36.0,No,Sales,Software Engineer,Master,Single,0
EMP100672,33,37208.0,3,4,3,5.0,44,6,57.0,No,Finance,Project Manager,High School,Single,1
EMP100673,28,40406.0,3,1,3,4.0,44,3,50.0,No,Sales,Financial Analyst,Diploma,Married,0
EMP100674,20,51374.0,7,2,3,4.0,43,6,27.0,No,IT,Financial Analyst,Bachelor,Married,0
EMP100675,32,40072.0,5,2,3,5.0,40,9,32.0,No,Research & Development,Sales Executive,Bachelor,Married,0
EMP100676,23,83657.0,4,3,3,5.0,39,4,30.0,No,Sales,Project Manager,Doctorate,Single,0
EMP100677,20,124380.0,1,3,1,3.0,46,5,51.0,Yes,Sales,Financial Analyst,Diploma,Married,0
EMP100678,59,40915.0,4,1,1,4.0,45,5,39.0,No,Research & Development,HR Specialist,Bachelor,Married,0
EMP100679,51,45278.0,2,4,2,2.0,37,2,21.0,No,Sales,Sales Executive,Master,Married,0
EMP100680,53,51103.0,7,1,5,1.0,40,4,16.0,No,Research & Development,Software Engineer,Master,Divorced,0
EMP100681,47,70162.0,4,3,1,1.0,49,7,16.0,Yes,Sales,Financial Analyst,Bachelor,Married,0
EMP100682,50,51329.0,0,2,0,5.0,47,5,22.0,No,Sales,Research Scientist,Bachelor,Single,0
EMP100683,27,102678.0,9,2,4,5.0,36,5,21.0,No,Research & Development,Research Scientist,Diploma,Single,1
EMP100684,58,92140.0,2,1,2,3.0,42,6,17.0,No,Sales,Software Engineer,Doctorate,Married,0
EMP100685,45,,4,1,4,4.0,44,5,52.0,Yes,Research & Development,Sales Executive,Bachelor,Married,0
EMP100686,53,69531.0,4,3,2,5.0,47,3,12.0,No,Finance,Research Scientist,Master,Married,0
EMP100687,22,109015.0,6,2,2,5.0,43,5,41.0,No,Research & Development,Financial Analyst,Master,Married,0
EMP100688,31,44022.0,3,1,3,1.0,44,6,69.0,No,Finance,Sales Executive,Bachelor,Married,0
EMP100689,20,48179.0,2,1,1,4.0,47,5,36.0,No,Research & Development,Project Manager,Master,Married,0
EMP100690,24,43368.0,4,1,4,3.0,47,5,,No,Sales,Research Scientist,Bachelor,Single,0
EMP100691,49,43779.0,10,3,8,5.0,41,9,38.0,No,IT,Financial Analyst,Master,Single,0
EMP100692,49,25959.0,1,3,1,5.0,42,6,13.0,No,,HR Specialist,Bachelor,Single,1
EMP100693,36,30253.0,4,1,3,5.0,38,4,41.0,No,Research & Development,Sales Executive,Diploma,Married,0
EMP100694,42,56951.0,5,2,1,1.0,41,5,40.0,Yes,Research & Development,Project Manager,Master,Single,0
EMP100695,34,108685.0,5,1,3,5.0,40,7,34.0,No,Research & Development,Financial Analyst,Master,Single,0
EMP100696,56,41734.0,3,4,2,5.0,41,6,10.0,No,IT,Sales Executive,Bachelor,Married,0
EMP100697,40,41186.0,3,4,2,1.0,42,6,63.0,Yes,IT,Research Scientist,Master,Single,0
EMP100698,33,118276.0,4,3,4,5.0,46,4,,No,IT,Research Scientist,Master,Divorced,0
EMP100699,21,33402.0,4,4,1,4.0,44,6,17.0,No,Research & Development,Project Manager,Master,Married,0
EMP100700,30,26044.0,1,3,1,4.0,36,5,20.0,Yes,IT,Sales Executive,Bachelor,Divorced,0
EMP100701,58,37883.0,6,4,2,1.0,45,7,23.0,No,Research & Development,Research Scientist,Master,Married,0
EMP100702,57,40816.0,5,2,5,4.0,39,7,59.0,No,,Software Engineer,Bachelor,Single,0
EMP100703,53,25053.0,7,2,4,3.0,37,2,33.0,No,Sales,Software Engineer,Bachelor,Married,0
EMP100704,57,51921.0,1,1,1,5.0,36,9,33.0,No,Research & Development,Sales Executive,Diploma,Divorced,0
EMP100705,53,84279.0,5,2,2,3.0,43,7,27.0,No,Finance,Software Engineer,Master,Single,0
EMP100706,37,30835.0,4,3,4,4.0,47,6,50.0,Yes,Sales,Software Engineer,Bachelor,Single,0
EMP100707,49,57211.0,5,1,1,1.0,41,4,51.0,Yes,Research & Development,Research Scientist,Diploma,Married,1
EMP100708,34,65727.0,3,2,3,1.0,47,5,12.0,No,IT,Financial Analyst,Diploma,Married,1
EMP100709,46,52974.0,5,2,1,3.0,42,3,33.0,No,Finance,Software Engineer,Diploma,Divorced,0
EMP100710,53,59793.0,2,1,2,4.0,31,3,32.0,No,Research & Development,Software Engineer,High School,Married,0
EMP100711,57,60107.0,4,2,4,5.0,45,8,21.0,Yes,Sales,Software Engineer,Bachelor,Single,1
EMP100712,52,38153.0,1,4,1,4.0,39,4,26.0,No,Sales,Sales Executive,Master,Married,0
EMP100713,43,107953.0,3,3,3,4.0,38,5,31.0,No,Sales,Project Manager,High School,Married,0
EMP100714,34,96431.0,3,3,1,1.0,45,6,20.0,No,Research & Development,Sales Executive,Doctorate,Married,0
EMP100715,49,93953.0,0,2,0,2.0,43,4,39.0,No,Research & Development,Software Engineer,Diploma,Divorced,0
EMP100716,36,86790.0,4,2,1,5.0,42,4,39.0,No,,Software Engineer,Master,Married,0
EMP100717,24,27075.0,5,1,5,5.0,42,4,43.0,Yes,Sales,Project Manager,Master,Married,0
EMP100718,48,83434.0,3,4,1,1.0,38,4,28.0,No,Sales,Sales Executive,Master,Married,0
EMP100719,23,73873.0,7,1,1,4.0,51,6,5.0,Yes,Research & Development,Software Engineer,Bachelor,Divorced,0
EMP100720,29,27547.0,9,1,9,1.0,43,4,24.0,Yes,Finance,Project Manager,Master,Married,0
EMP100721,36,49930.0,13,3,4,4.0,43,5,19.0,No,,HR Specialist,Bachelor,Single,0
EMP100722,29,62296.0,1,1,1,2.0,42,5,32.0,No,Research & Development,HR Specialist,Diploma,Divorced,0
EMP100723,36,116312.0,6,2,4,2.0,34,7,44.0,Yes,Human Resources,Project Manager,Diploma,Married,0
EMP100724,39,76207.0,4,1,4,3.0,39,2,63.0,Yes,Research & Development,Research Scientist,High School,Single,0
EMP100725,43,37273.0,4,1,2,4.0,36,2,21.0,No,IT,Sales Executive,Bachelor,Single,0
EMP100726,24,117950.0,1,1,1,1.0,35,6,37.0,No,Research & Development,Sales Executive,Master,Single,0
EMP100727,53,56094.0,4,1,4,1.0,34,4,38.0,No,Research & Development,HR Specialist,Doctorate,Divorced,0
EMP100728,25,49019.0,0,3,0,1.0,39,5,57.0,No,Research & Development,Software Engineer,Diploma,Single,0
EMP100729,21,47472.0,4,4,4,3.0,42,2,38.0,No,Sales,Research Scientist,Bachelor,Married,0
EMP100730,32,26489.0,1,2,1,5.0,35,3,30.0,,Research & Development,Research Scientist,Diploma,Single,0
EMP100731,30,52349.0,3,4,1,1.0,45,5,34.0,No,Finance,HR Specialist,Master,Single,0
EMP100732,42,68800.0,8,1,3,2.0,43,7,40.0,No,Research & Development,Sales Executive,Master,Married,0
EMP100733,35,46243.0,2,2,2,1.0,41,6,46.0,Yes,IT,Financial Analyst,Diploma,Single,0
EMP100734,50,66456.0,1,1,0,1.0,53,8,61.0,Yes,Research & Development,Project Manager,Master,Married,0
EMP100735,30,37276.0,5,3,2,1.0,41,2,59.0,No,Sales,Software Engineer,Bachelor,Married,0
EMP100736,35,51620.0,2,2,2,5.0,46,4,24.0,No,Finance,Software Engineer,Diploma,Married,0
EMP100737,27,63420.0,13,3,7,1.0,43,6,12.0,No,Sales,Financial Analyst,High School,Married,0
EMP100738,23,59900.0,1,3,1,5.0,49,7,16.0,Yes,Sales,Software Engineer,High School,Married,0
EMP100739,59,26706.0,20,2,2,5.0,47,4,39.0,No,Research & Development,Research Scientist,High School,Married,0
EMP100740,23,45141.0,3,3,3,3.0,40,7,52.0,No,Finance,HR Specialist,Bachelor,Married,0
EMP100741,44,117002.0,3,4,3,2.0,41,6,31.0,No,Research & Development,Project Manager,Bachelor,Married,0
EMP100742,22,44068.0,1,2,1,1.0,35,10,21.0,No,IT,Software Engineer,Diploma,Married,0
EMP100743,51,55393.0,5,2,1,1.0,43,9,13.0,No,Human Resources,Research Scientist,Diploma,Married,0
EMP100744,22,52894.0,0,3,0,1.0,45,4,,No,Finance,Software Engineer,Diploma,Single,0
EMP100745,46,111390.0,5,3,2,5.0,42,4,28.0,No,IT,Software Engineer,Master,Single,0
EMP100746,48,98298.0,7,1,6,4.0,49,2,12.0,Yes,Research & Development,Sales Executive,Diploma,Married,0
EMP100747,51,79101.0,1,2,1,2.0,43,6,35.0,Yes,Human Resources,Software Engineer,High School,Single,0
EMP100748,38,35494.0,11,2,2,1.0,48,3,35.0,No,Research & Development,Software Engineer,High School,Single,0
EMP100749,40,64649.0,2,2,1,4.0,41,8,48.0,No,Research & Development,Software Engineer,High School,Single,0
EMP100750,24,71016.0,3,1,2,4.0,36,5,17.0,No,IT,Financial Analyst,Bachelor,Married,0
EMP100751,37,40164.0,1,4,1,4.0,39,3,52.0,No,IT,Research Scientist,High School,Married,0
EMP100752,47,37174.0,4,3,3,2.0,42,6,55.0,No,Research & Development,Sales Executive,Diploma,Divorced,0
EMP100753,41,118462.0,6,2,6,4.0,38,2,36.0,No,Research & Development,Financial Analyst,Master,Married,0
EMP100754,40,48037.0,1,3,1,1.0,34,7,44.0,No,IT,Research Scientist,Doctorate,Married,0
EMP100755,25,113758.0,5,4,3,1.0,32,3,47.0,Yes,Research & Development,Project Manager,Master,Single,0
EMP100756,20,86144.0,5,1,4,,47,4,26.0,Yes,IT,HR Specialist,Doctorate,Married,0
EMP100757,24,66081.0,7,2,2,5.0,44,4,14.0,No,Finance,Research Scientist,Bachelor,Married,0
EMP100758,60,67422.0,4,2,4,4.0,43,12,26.0,No,Sales,Software Engineer,Doctorate,Married,0
EMP100759,31,29287.0,9,3,6,5.0,43,5,9.0,No,Human Resources,Software Engineer,Bachelor,Married,0
EMP100760,45,60363.0,1,1,1,5.0,39,6,42.0,Yes,Finance,Software Engineer,Master,Single,0
EMP100761,53,104063.0,5,5,5,5.0,46,2,59.0,No,Sales,Software Engineer,Doctorate,Single,1
EMP100762,33,74734.0,2,2,2,5.0,33,8,22.0,No,Research & Development,Sales Executive,Master,Divorced,0
EMP100763,45,58956.0,5,2,1,5.0,32,10,28.0,No,IT,Financial Analyst,Doctorate,Married,0
EMP100764,46,118831.0,4,2,4,1.0,41,1,31.0,Yes,Sales,Financial Analyst,Bachelor,Married,0
EMP100765,28,50606.0,2,1,2,2.0,43,2,66.0,No,Research & Development,Financial Analyst,Bachelor,Single,0
EMP100766,45,41618.0,4,3,4,4.0,38,4,,No,Research & Development,Sales Executive,Bachelor,Married,0
EMP100767,41,58942.0,2,5,2,4.0,34,8,52.0,Yes,Sales,Sales Executive,Bachelor,Single,0
EMP100768,49,77652.0,12,2,1,1.0,45,5,36.0,No,Sales,HR Specialist,Master,Married,0
EMP100769,36,25389.0,6,5,3,1.0,40,5,5.0,No,Research & Development,Financial Analyst,Master,Divorced,0
EMP100770,45,62522.0,13,4,3,5.0,45,3,27.0,No,Research & Development,Sales Executive,Bachelor,Married,0
EMP100771,55,79201.0,2,2,2,2.0,49,6,48.0,No,Research & Development,Software Engineer,Diploma,Single,0
EMP100772,20,48715.0,1,3,1,4.0,34,5,28.0,Yes,Sales,Sales Executive,Diploma,Married,0
EMP100773,27,90511.0,5,2,5,3.0,43,8,43.0,No,IT,Software Engineer,Bachelor,Married,0
EMP100774,54,73396.0,5,2,3,1.0,43,4,61.0,No,IT,Research Scientist,Bachelor,Single,0
EMP100775,34,144165.0,6,1,6,3.0,46,3,43.0,No,Research & Development,Sales Executive,Bachelor,Single,0
EMP100776,41,39235.0,6,3,4,4.0,39,4,25.0,No,Sales,Software Engineer,Diploma,Married,0
EMP100777,33,79930.0,12,1,1,1.0,42,3,46.0,No,Sales,Research Scientist,Master,Divorced,0
EMP100778,45,34797.0,6,3,2,4.0,46,2,42.0,Yes,Sales,Research Scientist,Master,Single,1
EMP100779,47,,2,4,2,1.0,44,1,50.0,No,Research & Development,Project Manager,Bachelor,Single,0
EMP100780,42,22007.0,1,1,1,4.0,50,4,34.0,No,Finance,Sales Executive,Bachelor,Divorced,0
EMP100781,33,70076.0,13,2,4,3.0,38,8,23.0,Yes,Sales,Software Engineer,Master,Single,0
EMP100782,43,59755.0,4,2,4,2.0,43,5,43.0,Yes,Sales,Project Manager,Bachelor,Married,0
EMP100783,21,44334.0,9,2,6,1.0,42,3,44.0,Yes,Human Resources,Financial Analyst,Doctorate,Single,0
EMP100784,45,24761.0,2,2,2,3.0,41,3,27.0,No,Research & Development,Research Scientist,Diploma,Divorced,0
EMP100785,33,40312.0,6,2,3,4.0,45,6,12.0,Yes,Research & Development,Financial Analyst,Master,Married,0
EMP100786,26,55101.0,2,2,2,3.0,43,5,28.0,No,Finance,Research Scientist,Bachelor,Married,0
EMP100787,22,78591.0,0,1,0,1.0,37,1,17.0,Yes,Research & Development,Project Manager,Master,Single,0
EMP100788,42,54592.0,8,1,8,3.0,47,5,31.0,Yes,Research & Development,Research Scientist,Bachelor,Single,0
EMP100789,37,61606.0,1,1,1,4.0,45,2,47.0,No,Sales,HR Specialist,Doctorate,Married,1
EMP100790,57,46436.0,1,3,1,5.0,49,4,5.0,No,Research & Development,HR Specialist,High School,Single,0
EMP100791,54,120842.0,4,5,4,2.0,46,8,40.0,No,Sales,HR Specialist,Bachelor,Single,0
EMP100792,34,34783.0,4,2,2,2.0,41,1,41.0,Yes,IT,HR Specialist,Master,Single,0
EMP100793,44,40152.0,5,2,4,5.0,41,7,21.0,Yes,Research & Development,Sales Executive,Bachelor,Single,0
EMP100794,56,44070.0,5,1,3,1.0,47,6,40.0,Yes,Sales,HR Specialist,Master,Married,1
EMP100795,47,70214.0,2,2,1,3.0,38,1,53.0,No,Sales,Financial Analyst,Master,Divorced,0
EMP100796,29,34462.0,1,1,0,3.0,37,5,41.0,No,Sales,Sales Executive,High School,Single,0
EMP100797,58,58464.0,9,3,5,5.0,43,10,66.0,No,IT,Project Manager,Bachelor,Married,0
EMP100798,36,59237.0,7,4,7,5.0,35,7,36.0,No,Sales,Project Manager,Master,Single,0
EMP100799,58,40240.0,1,1,1,4.0,44,6,50.0,No,Research & Development,Sales Executive,Master,Divorced,0
EMP100800,41,63805.0,1,3,1,4.0,44,6,65.0,No,Human Resources,Research Scientist,Diploma,Married,0
EMP100801,45,34946.0,3,1,2,2.0,41,4,43.0,No,Research & Development,Sales Executive,Bachelor,Married,0
EMP100802,44,33270.0,1,2,0,1.0,49,6,61.0,No,Finance,Software Engineer,Diploma,Single,0
EMP100803,36,57521.0,3,1,3,1.0,48,5,42.0,No,Sales,HR Specialist,Master,Divorced,0
EMP100804,32,26061.0,7,2,1,5.0,38,4,57.0,No,Sales,Software Engineer,Bachelor,Single,0
EMP100805,39,20951.0,3,1,3,2.0,45,8,18.0,No,Sales,Software Engineer,,Single,0
EMP100806,44,69903.0,8,2,6,2.0,47,7,36.0,No,Research & Development,Financial Analyst,Master,Married,0
EMP100807,23,88179.0,3,2,2,4.0,42,3,72.0,No,Research & Development,Research Scientist,Master,Single,0
EMP100808,29,44579.0,8,2,3,3.0,40,10,8.0,No,Human Resources,Research Scientist,Bachelor,Married,0
EMP100809,22,40719.0,3,3,3,1.0,36,4,23.0,No,,Software Engineer,Bachelor,Married,0
EMP100810,60,86472.0,0,4,0,2.0,39,4,68.0,No,Sales,Financial Analyst,Master,Single,0
EMP100811,37,32846.0,5,2,4,4.0,37,7,33.0,No,Human Resources,Software Engineer,Master,Single,0
EMP100812,55,29779.0,1,1,1,4.0,47,5,33.0,No,Sales,Project Manager,Master,Single,0
EMP100813,41,75624.0,2,2,2,4.0,41,5,49.0,No,IT,HR Specialist,Bachelor,Married,0
EMP100814,53,55224.0,4,4,3,3.0,45,5,54.0,Yes,IT,Research Scientist,Bachelor,Divorced,0
EMP100815,27,88813.0,4,2,3,2.0,48,2,29.0,Yes,Sales,Financial Analyst,Diploma,Married,0
EMP100816,59,20994.0,6,2,2,5.0,43,3,10.0,No,Human Resources,Research Scientist,Master,Married,0
EMP100817,38,29284.0,1,1,1,5.0,48,4,21.0,No,IT,Software Engineer,Master,Single,1
EMP100818,60,55356.0,2,2,2,4.0,40,2,27.0,No,Sales,Sales Executive,Bachelor,Married,0
EMP100819,56,66373.0,3,2,2,4.0,44,2,17.0,Yes,Sales,Research Scientist,Bachelor,Divorced,0
EMP100820,25,80518.0,6,5,1,3.0,43,4,22.0,No,Research & Development,Software Engineer,High School,Single,0
EMP100821,45,59501.0,5,4,5,4.0,38,1,35.0,No,Sales,Software Engineer,Bachelor,Married,0
EMP100822,53,59230.0,2,1,1,2.0,40,1,22.0,No,IT,Software Engineer,Bachelor,Single,0
EMP100823,25,46159.0,8,2,8,4.0,49,5,61.0,No,IT,HR Specialist,Doctorate,Married,0
EMP100824,56,112532.0,1,1,1,4.0,40,3,29.0,No,IT,Research Scientist,Bachelor,Single,0
EMP100825,52,33481.0,5,2,2,2.0,34,3,12.0,No,Sales,Research Scientist,Bachelor,Married,0
EMP100826,41,64644.0,2,4,1,1.0,40,5,53.0,Yes,Sales,Software Engineer,Master,Married,0
EMP100827,40,35262.0,7,2,1,5.0,38,4,83.0,No,Research & Development,HR Specialist,Bachelor,Single,0
EMP100828,25,69964.0,2,2,2,4.0,44,3,30.0,Yes,IT,Software Engineer,High School,Single,0
EMP100829,25,34490.0,20,1,12,2.0,45,0,39.0,No,Human Resources,Financial Analyst,Master,Married,0
EMP100830,23,76865.0,5,3,2,5.0,44,7,55.0,No,IT,Research Scientist,Bachelor,Single,0
EMP100831,49,57846.0,10,3,4,3.0,40,6,29.0,Yes,IT,Software Engineer,Doctorate,Married,0
EMP100832,30,120593.0,12,2,2,1.0,42,5,63.0,No,Research & Development,Sales Executive,Bachelor,Married,0
EMP100833,49,48467.0,3,1,3,4.0,40,5,11.0,No,Sales,HR Specialist,Bachelor,Married,0
EMP100834,50,66591.0,4,2,4,1.0,35,4,33.0,Yes,Sales,Software Engineer,Bachelor,Single,0
EMP100835,43,38725.0,9,5,1,4.0,41,7,23.0,No,Human Resources,Sales Executive,Diploma,Single,0
EMP100836,28,,4,2,2,4.0,55,8,18.0,No,IT,Project Manager,Master,Married,0
EMP100837,22,57681.0,2,2,2,4.0,37,3,23.0,No,Research & Development,Software Engineer,Bachelor,Single,0
EMP100838,50,27663.0,1,2,1,1.0,33,4,43.0,Yes,IT,Financial Analyst,Bachelor,Married,0
EMP100839,59,29061.0,5,3,3,3.0,49,6,49.0,No,Research & Development,Research Scientist,Diploma,Married,0
EMP100840,56,72043.0,2,2,1,2.0,44,4,46.0,No,Sales,Project Manager,Doctorate,Married,0
EMP100841,55,51501.0,7,1,1,2.0,43,5,13.0,No,Finance,Sales Executive,Master,Married,0
EMP100842,43,42120.0,3,2,1,3.0,40,6,43.0,No,Research & Development,Software Engineer,Bachelor,Married,0
EMP100843,50,39476.0,12,3,1,3.0,43,2,33.0,No,Sales,Research Scientist,Diploma,Married,0
EMP100844,25,40166.0,2,3,2,4.0,42,11,26.0,No,Finance,Software Engineer,High School,Divorced,0
EMP100845,21,57857.0,1,4,1,4.0,49,5,32.0,No,Finance,Financial Analyst,Diploma,Single,0
EMP100846,39,67195.0,3,2,3,2.0,47,5,60.0,No,Research & Development,HR Specialist,Bachelor,Married,0
EMP100847,47,21453.0,6,1,6,4.0,45,5,31.0,No,Sales,Sales Executive,Master,Married,0
EMP100848,30,103867.0,7,5,5,4.0,39,3,46.0,No,Research & Development,HR Specialist,Bachelor,Married,0
EMP100849,23,100595.0,4,2,1,3.0,43,4,50.0,No,Research & Development,Financial Analyst,Bachelor,Single,0
EMP100850,34,19270.0,12,3,3,1.0,39,8,48.0,No,Sales,Software Engineer,Bachelor,Single,0
EMP100851,25,89658.0,4,3,4,5.0,48,6,28.0,Yes,Sales,Sales Executive,High School,Married,0
EMP100852,49,88427.0,3,2,3,5.0,38,6,29.0,No,Sales,Financial Analyst,Diploma,Single,0
EMP100853,57,55011.0,5,1,3,4.0,41,7,39.0,No,Research & Development,Project Manager,Bachelor,Married,0
EMP100854,21,30680.0,1,3,1,4.0,37,5,27.0,Yes,Finance,HR Specialist,Bachelor,Married,0
EMP100855,34,86850.0,8,3,2,5.0,40,8,22.0,Yes,Finance,Financial Analyst,Bachelor,Single,0
EMP100856,30,49342.0,9,2,4,3.0,39,5,36.0,No,Sales,Project Manager,Diploma,Married,0
EMP100857,27,70410.0,4,2,3,5.0,41,2,23.0,No,Sales,Research Scientist,Master,Married,0
EMP100858,45,149302.0,2,1,1,5.0,38,1,29.0,No,Sales,Project Manager,Master,Married,0
EMP100859,24,61600.0,5,1,5,5.0,48,6,31.0,Yes,Research & Development,Software Engineer,Bachelor,Divorced,0
EMP100860,25,36406.0,12,2,3,4.0,41,8,27.0,No,IT,Financial Analyst,Bachelor,Single,0
EMP100861,45,47288.0,6,2,3,4.0,39,6,31.0,Yes,Sales,Project Manager,Bachelor,Married,0
EMP100862,23,38555.0,7,5,1,5.0,46,4,29.0,Yes,Research & Development,Research Scientist,Master,Married,0
EMP100863,38,66847.0,8,3,1,4.0,53,6,66.0,Yes,Sales,HR Specialist,Master,Married,0
EMP100864,39,38268.0,1,3,1,5.0,40,4,62.0,No,Sales,Project Manager,Master,Married,0
EMP100865,52,44458.0,3,2,3,3.0,41,2,29.0,No,Sales,Software Engineer,Bachelor,Single,1
EMP100866,39,30856.0,6,1,6,4.0,38,2,28.0,Yes,Finance,Software Engineer,Diploma,Married,0
EMP100867,31,51826.0,1,5,1,1.0,45,2,32.0,Yes,Sales,Financial Analyst,Bachelor,Married,0
EMP100868,20,59553.0,9,2,4,4.0,47,7,39.0,No,Research & Development,Software Engineer,High School,Married,0
EMP100869,45,18000.0,1,1,1,3.0,42,4,33.0,No,Human Resources,Research Scientist,Bachelor,Single,0
EMP100870,33,61815.0,3,2,0,3.0,40,6,35.0,No,Research & Development,Sales Executive,Bachelor,Single,0
EMP100871,57,53880.0,8,4,8,4.0,45,5,47.0,No,Sales,Research Scientist,Master,Married,0
EMP100872,56,38981.0,4,4,3,2.0,46,4,22.0,No,Research & Development,HR Specialist,Bachelor,Married,0
EMP100873,30,137032.0,5,1,2,5.0,50,2,26.0,No,Human Resources,Sales Executive,High School,Married,0
EMP100874,55,84660.0,13,4,3,5.0,39,6,13.0,No,Research & Development,Software Engineer,Diploma,Single,0
EMP100875,32,33581.0,7,2,1,3.0,46,5,29.0,No,Research & Development,Research Scientist,Bachelor,Married,0
EMP100876,22,80201.0,4,1,2,4.0,43,3,36.0,No,Sales,Financial Analyst,Bachelor,Single,0
EMP100877,52,96289.0,8,4,8,2.0,33,5,36.0,No,Sales,Sales Executive,Master,Married,0
EMP100878,25,58367.0,4,4,4,1.0,50,1,54.0,Yes,Research & Development,Software Engineer,Doctorate,Married,0
EMP100879,29,64714.0,3,2,3,5.0,43,4,22.0,No,Human Resources,Sales Executive,Master,Married,0
EMP100880,24,64045.0,4,2,3,2.0,45,6,11.0,No,Finance,Research Scientist,Bachelor,Married,0
EMP100881,42,21514.0,3,3,3,5.0,47,1,36.0,No,Research & Development,Research Scientist,Bachelor,Single,0
EMP100882,29,50564.0,2,3,2,4.0,45,5,32.0,No,Research & Development,Financial Analyst,Master,Single,0
EMP100883,21,49394.0,3,4,2,5.0,37,4,48.0,No,Research & Development,Sales Executive,Master,Single,0
EMP100884,32,104679.0,3,2,3,1.0,45,7,36.0,No,Human Resources,Financial Analyst,Bachelor,Married,0
EMP100885,59,63912.0,2,5,2,4.0,44,8,54.0,Yes,Finance,Project Manager,Bachelor,Single,1
EMP100886,21,,6,5,3,3.0,34,3,33.0,No,Sales,Software Engineer,Diploma,Single,0
EMP100887,39,52814.0,7,1,2,2.0,50,4,27.0,,Finance,Software Engineer,Master,Single,0
EMP100888,20,87170.0,3,4,2,5.0,40,8,46.0,No,Sales,Sales Executive,Master,Married,0
EMP100889,56,50616.0,14,2,2,4.0,47,1,42.0,No,IT,Software Engineer,Bachelor,Married,0
EMP100890,28,40171.0,9,2,3,4.0,40,5,24.0,No,Research & Development,HR Specialist,Master,Married,0
EMP100891,36,48583.0,6,3,2,5.0,39,9,43.0,No,Research & Development,Sales Executive,Doctorate,Married,0
EMP100892,28,83986.0,7,1,3,3.0,42,5,42.0,No,Research & Development,HR Specialist,Bachelor,Single,0
EMP100893,30,68759.0,1,2,1,5.0,53,3,34.0,No,Research & Development,Software Engineer,Diploma,Married,0
EMP100894,34,56107.0,9,4,4,3.0,52,3,52.0,,IT,HR Specialist,Master,Married,0
EMP100895,43,59951.0,2,1,2,5.0,39,4,57.0,No,Research & Development,Software Engineer,Bachelor,Married,0
EMP100896,57,42753.0,12,2,5,4.0,48,3,26.0,Yes,Research & Development,Financial Analyst,Master,Married,0
EMP100897,54,50403.0,19,4,5,1.0,42,4,42.0,No,Human Resources,Research Scientist,Bachelor,Divorced,0
EMP100898,49,40807.0,16,2,6,1.0,52,9,36.0,No,Sales,Research Scientist,Bachelor,Married,0
EMP100899,50,48167.0,6,2,3,4.0,48,7,28.0,No,Finance,Research Scientist,Bachelor,Married,0
EMP100900,24,100797.0,7,2,3,1.0,43,5,33.0,No,IT,Financial Analyst,Diploma,Married,0
EMP100901,33,33862.0,7,2,2,3.0,42,5,9.0,Yes,Sales,Research Scientist,Doctorate,Married,0
EMP100902,30,40343.0,3,3,3,4.0,45,2,51.0,No,Finance,Sales Executive,Bachelor,Single,0
EMP100903,28,31277.0,6,3,2,3.0,44,7,47.0,No,Sales,HR Specialist,Bachelor,Married,0
EMP100904,53,28373.0,2,2,0,4.0,36,3,6.0,Yes,IT,Research Scientist,Bachelor,Married,0
EMP100905,31,50566.0,12,3,2,3.0,43,5,32.0,Yes,Research & Development,Sales Executive,Bachelor,Married,0
EMP100906,54,41654.0,7,2,6,3.0,39,2,40.0,No,IT,Research Scientist,Master,Married,0
EMP100907,54,121522.0,9,2,5,1.0,39,2,48.0,Yes,Sales,Sales Executive,Master,Married,0
EMP100908,20,48427.0,4,3,4,4.0,48,4,31.0,No,Finance,Financial Analyst,Master,Married,0
EMP100909,59,98255.0,3,3,3,5.0,43,4,31.0,Yes,Research & Development,HR Specialist,Diploma,Married,0
EMP100910,41,85024.0,1,2,1,1.0,40,8,41.0,No,Research & Development,Research Scientist,Diploma,Single,0
EMP100911,48,50064.0,2,1,1,3.0,36,9,25.0,No,Finance,Financial Analyst,Master,Single,0
EMP100912,27,142152.0,4,1,1,3.0,38,10,60.0,No,Human Resources,Software Engineer,Master,Single,0
EMP100913,30,62064.0,7,2,5,5.0,42,8,37.0,Yes,IT,Research Scientist,Bachelor,Single,0
EMP100914,60,108656.0,5,2,5,5.0,50,10,38.0,No,Research & Development,Sales Executive,Diploma,Married,0
EMP100915,56,103111.0,5,3,3,3.0,37,2,55.0,No,IT,Project Manager,Bachelor,Single,0
EMP100916,33,66282.0,7,1,4,5.0,43,7,35.0,No,Human Resources,Sales Executive,Master,Married,0
EMP100917,49,77118.0,4,3,4,2.0,44,6,55.0,No,Research & Development,Sales Executive,Diploma,Single,0
EMP100918,54,72833.0,7,2,7,1.0,48,6,11.0,No,Sales,Research Scientist,High School,Married,0
EMP100919,40,32865.0,5,2,5,4.0,43,6,52.0,No,Finance,Software Engineer,Bachelor,Divorced,0
EMP100920,56,56436.0,5,2,5,5.0,44,5,51.0,No,IT,Research Scientist,High School,Single,0
EMP100921,24,89188.0,2,1,1,5.0,48,4,5.0,No,Finance,Financial Analyst,Diploma,Married,0
EMP100922,38,109302.0,3,4,2,2.0,38,4,30.0,Yes,Finance,Sales Executive,Diploma,Single,0
EMP100923,33,39767.0,1,1,1,4.0,46,4,41.0,Yes,IT,HR Specialist,Bachelor,Single,0
EMP100924,45,69777.0,2,2,2,2.0,35,3,47.0,No,IT,Sales Executive,Diploma,Single,0
EMP100925,23,58864.0,8,4,3,4.0,42,6,55.0,Yes,IT,Financial Analyst,Bachelor,Single,0
EMP100926,44,52159.0,2,3,2,1.0,41,4,13.0,No,Finance,Financial Analyst,Bachelor,Married,0
EMP100927,44,64556.0,5,2,3,5.0,38,8,36.0,No,Finance,Software Engineer,Bachelor,Married,0
EMP100928,37,60669.0,2,2,2,1.0,47,4,21.0,No,Research & Development,Sales Executive,Doctorate,Married,0
EMP100929,59,70173.0,7,3,1,4.0,47,5,24.0,No,Human Resources,Financial Analyst,Master,Divorced,0
EMP100930,27,105226.0,6,5,4,5.0,47,6,47.0,No,Sales,Project Manager,Bachelor,Single,0
EMP100931,58,78272.0,1,4,1,2.0,44,4,23.0,No,Sales,Sales Executive,Bachelor,Married,1
EMP100932,59,63250.0,8,2,3,3.0,36,5,35.0,No,Research & Development,Research Scientist,Diploma,Married,0
EMP100933,33,127283.0,9,5,1,2.0,40,1,28.0,No,Finance,Project Manager,Master,Married,0
EMP100934,51,90631.0,2,1,2,3.0,47,2,50.0,No,Sales,HR Specialist,High School,Married,0
EMP100935,57,52760.0,3,1,3,2.0,47,4,7.0,No,Sales,Financial Analyst,Diploma,Married,0
EMP100936,52,31805.0,2,4,1,4.0,48,3,54.0,Yes,Sales,Software Engineer,Bachelor,Married,1
EMP100937,42,35262.0,7,1,3,1.0,44,2,57.0,Yes,Human Resources,Sales Executive,Diploma,Single,0
EMP100938,34,83704.0,4,1,4,3.0,41,5,44.0,No,Sales,Software Engineer,Bachelor,Single,0
EMP100939,52,41417.0,4,1,2,4.0,32,7,38.0,No,Sales,Software Engineer,High School,Married,0
EMP100940,44,34943.0,4,2,0,1.0,46,5,5.0,No,Research & Development,Financial Analyst,High School,Married,0
EMP100941,36,39103.0,10,3,2,1.0,42,2,45.0,No,Research & Development,Software Engineer,Master,Married,0
EMP100942,52,40367.0,15,3,2,5.0,36,8,50.0,No,Research & Development,Software Engineer,Bachelor,Single,0
EMP100943,21,80650.0,9,1,3,5.0,46,4,37.0,No,Sales,Project Manager,High School,Married,0
EMP100944,33,51254.0,7,2,3,5.0,49,3,25.0,Yes,Research & Development,Financial Analyst,Diploma,Single,0
EMP100945,59,29659.0,3,4,2,3.0,46,3,57.0,No,Research & Development,HR Specialist,Diploma,Married,1
EMP100946,59,55774.0,3,3,2,3.0,45,8,22.0,Yes,Sales,Software Engineer,Master,Single,0
EMP100947,58,60786.0,2,2,2,1.0,47,5,52.0,No,Human Resources,Software Engineer,Bachelor,Divorced,0
EMP100948,25,44329.0,3,5,3,3.0,30,3,43.0,No,Research & Development,Research Scientist,Bachelor,Single,0
EMP100949,25,92525.0,3,3,3,1.0,51,10,32.0,No,Finance,Research Scientist,High School,Married,0
EMP100950,22,45509.0,6,1,6,4.0,38,4,72.0,Yes,IT,Software Engineer,Bachelor,Single,0
EMP100951,26,90567.0,1,1,1,2.0,38,3,42.0,No,Finance,Sales Executive,Diploma,Single,0
EMP100952,27,71944.0,3,1,3,1.0,40,6,44.0,No,Finance,Software Engineer,Bachelor,Single,0
EMP100953,34,83455.0,1,3,1,1.0,40,2,43.0,No,Research & Development,Software Engineer,Bachelor,Single,1
EMP100954,48,33548.0,7,1,3,4.0,50,7,40.0,No,Research & Development,Sales Executive,Master,Married,0
EMP100955,52,57488.0,3,2,3,5.0,45,2,34.0,No,Sales,Research Scientist,Master,Married,1
EMP100956,49,53708.0,12,1,2,5.0,39,7,46.0,Yes,Finance,Sales Executive,Diploma,Married,0
EMP100957,58,29004.0,7,4,2,5.0,39,5,36.0,No,Human Resources,Sales Executive,Master,Single,0
EMP100958,46,90433.0,1,2,1,1.0,54,9,8.0,Yes,Research & Development,Sales Executive,High School,Single,0
EMP100959,55,38073.0,1,4,1,1.0,44,3,23.0,Yes,Research & Development,HR Specialist,Bachelor,Married,0
EMP100960,48,41805.0,3,5,1,3.0,40,4,52.0,No,Human Resources,Research Scientist,High School,Married,0
EMP100961,57,34860.0,15,1,3,3.0,34,5,48.0,No,Research & Development,Financial Analyst,Master,Married,0
EMP100962,52,75405.0,2,2,1,2.0,34,4,19.0,Yes,Finance,Software Engineer,Bachelor,Married,0
EMP100963,56,27679.0,5,1,1,2.0,36,7,27.0,Yes,Finance,Software Engineer,Diploma,Divorced,0
EMP100964,46,72630.0,8,4,1,3.0,42,7,26.0,No,Sales,Financial Analyst,High School,Single,0
EMP100965,52,88002.0,9,2,1,1.0,48,3,57.0,No,Research & Development,Research Scientist,Diploma,Divorced,0
EMP100966,23,70040.0,4,1,4,4.0,45,5,12.0,Yes,Research & Development,Software Engineer,Master,Single,1
EMP100967,41,75794.0,2,1,2,3.0,48,7,26.0,Yes,Sales,Software Engineer,Bachelor,Married,0
EMP100968,21,77411.0,4,2,4,1.0,45,8,36.0,No,Finance,Software Engineer,Diploma,Married,0
EMP100969,29,35877.0,8,5,1,3.0,36,3,,No,Research & Development,Research Scientist,Master,Single,0
EMP100970,24,104895.0,6,3,1,5.0,44,3,36.0,No,Research & Development,Sales Executive,Diploma,Married,0
EMP100971,29,44715.0,1,4,1,3.0,44,8,19.0,No,Sales,Software Engineer,Master,Single,0
EMP100972,52,53381.0,1,2,1,5.0,41,2,22.0,No,Research & Development,Research Scientist,Bachelor,Divorced,0
EMP100973,57,47354.0,8,1,2,1.0,40,5,27.0,No,Finance,Research Scientist,Bachelor,Single,0
EMP100974,32,68616.0,1,5,1,5.0,41,5,32.0,Yes,Finance,Sales Executive,Bachelor,Divorced,0
EMP100975,50,43173.0,1,1,1,3.0,34,3,27.0,No,Sales,Software Engineer,Bachelor,Married,0
EMP100976,55,56681.0,4,5,2,5.0,35,7,36.0,Yes,Finance,Financial Analyst,Master,Single,0
EMP100977,43,31545.0,8,2,6,4.0,55,4,54.0,No,Sales,Financial Analyst,Master,Married,0
EMP100978,34,92892.0,11,1,1,5.0,36,4,48.0,,IT,Sales Executive,Bachelor,Single,0
EMP100979,48,74378.0,1,3,1,5.0,33,4,58.0,No,IT,Project Manager,Master,Married,0
EMP100980,27,48222.0,15,5,6,2.0,38,5,34.0,No,IT,Research Scientist,Bachelor,Divorced,0
EMP100981,24,44532.0,1,5,1,4.0,44,7,34.0,No,Finance,Research Scientist,Diploma,Single,0
EMP100982,48,73510.0,3,1,3,1.0,45,2,38.0,No,Human Resources,Research Scientist,Doctorate,Single,0
EMP100983,23,40007.0,6,1,4,5.0,37,5,12.0,No,Research & Development,Software Engineer,Bachelor,Married,0
EMP100984,31,58192.0,2,2,2,4.0,42,7,51.0,No,Research & Development,Research Scientist,Bachelor,Married,1
EMP100985,21,92755.0,3,3,1,1.0,39,5,29.0,No,Human Resources,Research Scientist,Master,Single,0
EMP100986,46,38178.0,3,3,3,4.0,43,0,34.0,Yes,Research & Development,Financial Analyst,Bachelor,Married,0
EMP100987,50,64923.0,1,1,1,2.0,41,4,41.0,Yes,Research & Development,HR Specialist,High School,Single,0
EMP100988,55,63397.0,4,5,1,1.0,39,0,23.0,Yes,IT,Research Scientist,Bachelor,Single,0
EMP100989,55,52643.0,2,3,2,1.0,39,3,24.0,,Research & Development,Software Engineer,Bachelor,Married,0
EMP100990,45,43844.0,2,4,1,5.0,31,9,41.0,No,Research & Development,Sales Executive,Bachelor,Married,0
EMP100991,46,95011.0,3,2,3,3.0,41,3,42.0,No,Sales,HR Specialist,Bachelor,Married,0
EMP100992,24,42032.0,9,2,2,1.0,42,5,69.0,No,Research & Development,Research Scientist,Diploma,Single,0
EMP100993,39,24335.0,8,5,3,1.0,35,5,39.0,No,Research & Development,Project Manager,Bachelor,Married,0
EMP100994,30,73374.0,0,2,0,2.0,40,6,43.0,No,Sales,Sales Executive,Doctorate,Married,1
EMP100995,29,32032.0,7,4,7,2.0,41,2,70.0,No,Research & Development,Sales Executive,Master,Single,0
EMP100996,59,75089.0,2,5,2,2.0,33,6,40.0,No,Finance,Software Engineer,,Married,0
EMP100997,57,100287.0,12,3,4,5.0,38,5,41.0,Yes,Finance,Software Engineer,Diploma,Married,0
EMP100998,25,73019.0,2,2,1,1.0,38,5,5.0,No,IT,Sales Executive,Bachelor,Single,0
EMP100999,27,89074.0,6,1,6,2.0,43,4,29.0,No,Research & Development,Research Scientist,Master,Married,0
EMP101000,42,136504.0,3,1,2,2.0,48,5,38.0,No,Sales,Software Engineer,Diploma,Single,0
EMP101001,45,84977.0,5,1,1,4.0,42,2,24.0,No,IT,Project Manager,High School,Married,0
EMP101002,31,63822.0,3,1,3,4.0,48,4,38.0,No,Sales,Project Manager,Bachelor,Single,0
EMP101003,45,114733.0,1,2,1,2.0,41,1,46.0,No,IT,Software Engineer,Bachelor,Married,1
EMP101004,32,121144.0,2,2,2,5.0,44,5,49.0,No,IT,Financial Analyst,Master,Married,0
EMP101005,59,121910.0,1,2,1,3.0,42,6,33.0,No,IT,Software Engineer,Bachelor,Married,1
EMP101006,37,44074.0,8,2,5,4.0,54,3,12.0,Yes,IT,Sales Executive,Master,Single,0
EMP101007,44,29905.0,7,1,3,4.0,41,3,36.0,Yes,Sales,Sales Executive,Bachelor,Married,0
EMP101008,52,42880.0,5,1,1,1.0,46,3,29.0,No,Sales,Sales Executive,High School,Single,0
EMP101009,59,75488.0,5,3,5,1.0,43,7,23.0,Yes,Sales,Financial Analyst,Master,Married,0
EMP101010,31,59084.0,2,2,2,2.0,48,10,31.0,No,Finance,Software Engineer,Bachelor,Married,1
EMP101011,55,50120.0,5,2,4,1.0,45,10,30.0,No,Sales,Financial Analyst,Diploma,Single,0
EMP101012,23,70778.0,2,3,2,1.0,44,11,32.0,Yes,Finance,Project Manager,High School,Divorced,0
EMP101013,24,28374.0,14,4,2,3.0,36,4,28.0,No,Sales,Software Engineer,Master,Married,0
EMP101014,56,58607.0,5,2,5,5.0,37,5,57.0,No,Finance,Software Engineer,Master,Married,0
EMP101015,27,90980.0,2,3,2,2.0,39,5,39.0,Yes,Research & Development,Software Engineer,Bachelor,Married,0
EMP101016,47,70423.0,3,5,3,3.0,41,2,39.0,No,Research & Development,Research Scientist,Master,Single,0
EMP101017,50,75087.0,4,4,3,2.0,43,6,41.0,No,IT,Sales Executive,Bachelor,Married,0
EMP101018,28,112860.0,3,2,2,5.0,39,6,14.0,No,Research & Development,Sales Executive,Doctorate,Single,0
EMP101019,48,53387.0,2,3,2,2.0,32,7,50.0,No,Sales,Financial Analyst,Doctorate,Single,1
EMP101020,33,40995.0,6,1,3,1.0,47,8,84.0,Yes,IT,Financial Analyst,Master,Single,0
EMP101021,59,93936.0,7,2,1,5.0,44,5,21.0,No,Research & Development,Software Engineer,Bachelor,Single,0
EMP101022,60,93162.0,7,5,7,3.0,42,6,25.0,Yes,Research & Development,Research Scientist,Bachelor,Married,0
EMP101023,41,70708.0,6,2,2,3.0,48,5,27.0,No,Human Resources,Software Engineer,Bachelor,Divorced,0
EMP101024,30,51171.0,2,4,2,4.0,38,3,39.0,No,Finance,Financial Analyst,Bachelor,Married,0
EMP101025,42,55034.0,6,2,2,3.0,41,3,33.0,Yes,Research & Development,Software Engineer,Master,Married,0
EMP101026,20,30963.0,6,5,5,4.0,43,2,27.0,Yes,Finance,Financial Analyst,Master,Married,0
EMP101027,56,90755.0,6,2,6,1.0,40,3,44.0,No,Sales,Project Manager,Doctorate,Married,0
EMP101028,40,89325.0,8,1,5,3.0,38,4,41.0,No,Research & Development,Research Scientist,Bachelor,Divorced,0
EMP101029,45,30480.0,2,2,2,5.0,46,12,53.0,Yes,Sales,Project Manager,Bachelor,Single,0
EMP101030,55,81269.0,3,2,3,4.0,43,7,37.0,No,Research & Development,Sales Executive,Diploma,Single,0
EMP101031,42,65969.0,7,1,1,3.0,45,8,34.0,Yes,Research & Development,Research Scientist,High School,Single,0
EMP101032,20,34724.0,4,4,4,1.0,38,3,28.0,No,IT,Research Scientist,Diploma,Married,0
EMP101033,59,31965.0,3,2,3,5.0,46,6,39.0,No,Research & Development,Software Engineer,Bachelor,Divorced,0
EMP101034,34,65066.0,5,3,2,5.0,39,6,19.0,No,IT,Software Engineer,Bachelor,Married,0
EMP101035,40,45987.0,9,2,7,1.0,43,6,51.0,No,Research & Development,Financial Analyst,Diploma,Married,0
EMP101036,28,124750.0,2,1,1,3.0,52,3,44.0,Yes,Research & Development,Research Scientist,Master,Married,0
EMP101037,28,84437.0,14,5,6,2.0,46,5,38.0,Yes,Research & Development,Sales Executive,Bachelor,Married,0
EMP101038,29,68067.0,2,2,2,3.0,44,6,29.0,No,,Project Manager,Bachelor,Single,0
EMP101039,45,69597.0,4,3,3,4.0,49,4,60.0,No,Finance,Project Manager,Bachelor,Married,0
EMP101040,60,100105.0,11,3,2,4.0,39,6,27.0,No,Finance,Software Engineer,Bachelor,Married,0
EMP101041,54,80501.0,4,2,4,3.0,44,5,22.0,No,Human Resources,Software Engineer,Master,Single,0
EMP101042,44,68871.0,8,4,0,4.0,38,8,30.0,Yes,Research & Development,HR Specialist,Diploma,Married,0
EMP101043,45,35382.0,1,3,1,2.0,40,7,47.0,No,Research & Development,Sales Executive,Bachelor,Married,0
EMP101044,30,218156.0,3,2,3,2.0,50,4,56.0,No,Research & Development,Research Scientist,Bachelor,Married,0
EMP101045,57,33478.0,5,4,3,5.0,43,5,51.0,No,Sales,HR Specialist,Doctorate,Single,0
EMP101046,21,47784.0,1,1,1,4.0,49,3,15.0,No,IT,Software Engineer,Master,Married,1
EMP101047,26,26120.0,1,2,1,3.0,41,5,34.0,No,Sales,Project Manager,Bachelor,Married,0
EMP101048,37,70091.0,7,5,5,5.0,48,10,28.0,No,Sales,Financial Analyst,Doctorate,Married,0
EMP101049,46,58870.0,3,3,1,2.0,42,4,41.0,No,Research & Development,Project Manager,Bachelor,Single,0
EMP101050,53,77611.0,3,3,2,5.0,43,6,31.0,No,Sales,Project Manager,Master,Married,1
EMP101051,46,25147.0,3,3,1,1.0,42,5,47.0,No,Finance,Sales Executive,Bachelor,Married,0
EMP101052,36,90753.0,12,4,3,4.0,44,4,28.0,Yes,IT,HR Specialist,Diploma,Married,0
EMP101053,43,38244.0,8,5,3,3.0,41,1,22.0,No,Research & Development,Research Scientist,Master,Married,0
EMP101054,44,51433.0,6,2,0,2.0,35,8,55.0,No,IT,Sales Executive,Bachelor,Single,0
EMP101055,26,83642.0,4,1,1,5.0,42,5,35.0,No,Research & Development,Software Engineer,Master,Divorced,1
EMP101056,25,61862.0,1,2,1,3.0,43,3,48.0,Yes,Research & Development,Research Scientist,Bachelor,Married,0
EMP101057,43,63861.0,4,3,2,4.0,50,4,18.0,No,IT,Research Scientist,High School,Single,0
EMP101058,52,78804.0,3,1,3,3.0,31,3,21.0,No,Research & Development,Financial Analyst,Bachelor,Single,0
EMP101059,48,66706.0,1,1,1,4.0,50,6,16.0,No,Research & Development,Research Scientist,Bachelor,Single,0
EMP101060,41,47174.0,13,2,8,4.0,47,7,23.0,Yes,Research & Development,Research Scientist,Doctorate,Single,0
EMP101061,45,51030.0,7,5,1,4.0,45,6,,No,Research & Development,Financial Analyst,Bachelor,Married,0
EMP101062,47,60502.0,6,3,6,5.0,43,4,24.0,No,Research & Development,Research Scientist,Bachelor,Married,0
EMP101063,40,36757.0,1,2,1,4.0,37,1,34.0,No,Finance,Project Manager,Bachelor,Single,0
EMP101064,26,86102.0,9,1,5,3.0,52,5,20.0,Yes,Finance,Project Manager,Master,Divorced,0
EMP101065,36,62629.0,3,2,3,1.0,48,4,24.0,No,Finance,HR Specialist,Doctorate,Married,1
EMP101066,39,56882.0,3,1,3,3.0,43,4,38.0,No,Research & Development,Research Scientist,High School,Married,0
EMP101067,60,94062.0,5,1,5,5.0,43,9,64.0,Yes,Sales,Financial Analyst,Bachelor,Single,0
EMP101068,39,52106.0,5,4,5,4.0,41,4,42.0,Yes,Research & Development,Financial Analyst,Bachelor,Divorced,0
EMP101069,41,50665.0,1,5,1,1.0,45,2,41.0,No,IT,Financial Analyst,High School,Single,0
EMP101070,47,44223.0,3,1,3,5.0,42,2,31.0,No,Finance,HR Specialist,Bachelor,Single,0
EMP101071,59,64181.0,1,1,1,2.0,44,5,5.0,Yes,Sales,Financial Analyst,Master,Single,0
EMP101072,26,63189.0,1,2,1,2.0,44,4,32.0,No,Finance,Sales Executive,High School,Single,0
EMP101073,20,40752.0,6,2,6,2.0,54,5,20.0,No,Research & Development,Financial Analyst,Bachelor,Single,0
EMP101074,51,50773.0,4,1,3,1.0,37,4,50.0,No,Sales,Software Engineer,Bachelor,Married,0
EMP101075,32,40875.0,11,2,4,3.0,43,6,59.0,No,Research & Development,Project Manager,Master,Divorced,0
EMP101076,49,40051.0,2,1,1,1.0,48,6,21.0,No,IT,Sales Executive,,Divorced,0
EMP101077,42,25251.0,12,3,8,1.0,46,7,35.0,No,Research & Development,Sales Executive,Diploma,Married,0
EMP101078,38,49572.0,2,3,2,1.0,45,11,15.0,No,IT,Sales Executive,Diploma,Married,0
EMP101079,51,25568.0,3,3,3,2.0,57,3,47.0,No,Sales,Software Engineer,Doctorate,Single,0
EMP101080,49,44659.0,2,2,2,3.0,47,7,54.0,No,Research & Development,Sales Executive,Bachelor,Single,0
EMP101081,48,41747.0,5,4,2,1.0,39,6,44.0,No,Sales,Research Scientist,High School,Married,1
EMP101082,48,88295.0,7,5,7,3.0,38,2,40.0,No,Sales,Research Scientist,High School,Married,0
EMP101083,49,34835.0,2,1,2,4.0,42,2,34.0,No,Research & Development,HR Specialist,Diploma,Married,0
EMP101084,35,39048.0,10,1,0,1.0,40,8,42.0,Yes,Research & Development,Software Engineer,Diploma,Single,0
EMP101085,59,46323.0,2,2,2,1.0,42,3,31.0,Yes,Sales,Financial Analyst,Master,Married,0
EMP101086,38,42363.0,4,1,3,1.0,44,6,29.0,No,Sales,HR Specialist,Bachelor,Married,0
EMP101087,37,101850.0,6,2,2,4.0,43,5,54.0,Yes,Research & Development,Software Engineer,Master,Married,0
EMP101088,20,32950.0,8,2,1,4.0,30,7,47.0,Yes,Sales,Software Engineer,High School,Married,0
EMP101089,33,46368.0,10,2,2,2.0,38,3,26.0,No,Human Resources,Financial Analyst,Bachelor,Single,0
EMP101090,21,63864.0,3,2,2,5.0,46,5,62.0,No,IT,HR Specialist,Bachelor,Single,0
EMP101091,47,81766.0,6,2,6,3.0,50,0,25.0,No,Finance,Research Scientist,Bachelor,Single,0
EMP101092,49,46350.0,6,5,2,5.0,40,4,64.0,No,Sales,Project Manager,High School,Single,0
EMP101093,57,23201.0,2,1,1,1.0,40,3,16.0,No,IT,Sales Executive,Bachelor,Single,0
EMP101094,23,51408.0,3,3,3,1.0,42,6,33.0,No,Finance,Research Scientist,Bachelor,Single,0
EMP101095,20,101063.0,2,1,2,2.0,51,8,,No,Sales,HR Specialist,Diploma,Married,0
EMP101096,27,62447.0,3,1,2,5.0,42,3,40.0,Yes,Research & Development,Project Manager,Bachelor,Divorced,0
EMP101097,48,61174.0,4,2,4,1.0,31,2,38.0,No,IT,Research Scientist,High School,Married,0
EMP101098,58,34089.0,6,1,6,5.0,51,3,54.0,No,Sales,Research Scientist,Master,Married,0
EMP101099,22,32550.0,3,1,3,2.0,45,4,42.0,No,Research & Development,Project Manager,Master,Married,0
EMP101100,51,55448.0,8,1,5,5.0,36,3,43.0,No,Research & Development,Research Scientist,Bachelor,Married,0
EMP101101,29,28947.0,1,2,1,3.0,39,3,26.0,No,Sales,Project Manager,Doctorate,Single,0
EMP101102,29,78175.0,3,3,2,2.0,38,4,47.0,Yes,Research & Development,Financial Analyst,Bachelor,Single,0
EMP101103,38,37575.0,3,1,3,5.0,41,5,28.0,Yes,Human Resources,Sales Executive,Doctorate,Divorced,0
EMP101104,53,54393.0,7,3,7,1.0,49,5,52.0,No,Research & Development,Sales Executive,Doctorate,Married,0
EMP101105,52,23541.0,3,1,3,4.0,33,8,57.0,Yes,Research & Development,Software Engineer,Master,Single,0
EMP101106,42,46068.0,3,3,3,4.0,40,6,36.0,No,Research & Development,Sales Executive,Diploma,Married,1
EMP101107,47,32256.0,1,2,1,2.0,43,4,43.0,No,Finance,Research Scientist,Bachelor,Married,0
EMP101108,51,19345.0,6,3,6,4.0,42,5,39.0,No,IT,Project Manager,Master,Married,0
EMP101109,26,70187.0,1,5,1,,38,8,34.0,Yes,Research & Development,Software Engineer,High School,Single,0
EMP101110,48,115106.0,6,4,3,2.0,48,4,32.0,No,Finance,HR Specialist,Master,Married,0
EMP101111,27,91432.0,4,1,0,1.0,41,2,18.0,Yes,Research & Development,Project Manager,Master,Married,0
EMP101112,20,74746.0,3,4,3,1.0,41,6,25.0,Yes,IT,Software Engineer,Master,Married,0
EMP101113,22,45649.0,3,1,3,2.0,44,3,36.0,No,Research & Development,Software Engineer,Bachelor,Married,0
EMP101114,43,79042.0,3,5,3,4.0,41,5,56.0,Yes,IT,Sales Executive,Bachelor,Married,0
EMP101115,42,95399.0,3,2,3,4.0,39,4,40.0,No,Finance,Software Engineer,Bachelor,Divorced,0
EMP101116,27,58493.0,0,2,0,1.0,37,4,52.0,Yes,Human Resources,Financial Analyst,Master,Married,0
EMP101117,56,32278.0,8,1,8,3.0,53,7,9.0,No,Research & Development,HR Specialist,Bachelor,Married,0
EMP101118,22,43931.0,2,1,2,4.0,46,2,55.0,No,Finance,Financial Analyst,Bachelor,Married,0
EMP101119,52,118338.0,2,3,1,3.0,40,8,45.0,No,Sales,Software Engineer,High School,Married,0
EMP101120,47,53181.0,3,5,3,4.0,48,6,51.0,No,Research & Development,Financial Analyst,Bachelor,Divorced,0
EMP101121,27,18000.0,7,3,1,2.0,45,8,6.0,No,Finance,Research Scientist,Bachelor,Married,1
EMP101122,53,28398.0,5,3,4,5.0,42,4,29.0,No,IT,Software Engineer,Bachelor,Single,1
EMP101123,54,45437.0,2,3,1,1.0,37,7,19.0,No,Research & Development,Software Engineer,Bachelor,Single,0
EMP101124,51,87659.0,10,2,1,2.0,38,5,46.0,No,Research & Development,Research Scientist,High School,Married,0
EMP101125,43,48639.0,3,1,1,4.0,47,5,43.0,Yes,IT,Project Manager,Bachelor,Single,0
EMP101126,33,,12,1,4,1.0,46,9,49.0,No,Finance,Project Manager,Master,Married,0
EMP101127,51,43404.0,6,2,1,5.0,35,4,29.0,No,Sales,Project Manager,Master,Single,0
EMP101128,35,22724.0,6,1,5,5.0,40,1,47.0,Yes,IT,Sales Executive,Diploma,Divorced,0
EMP101129,23,44085.0,2,1,2,4.0,45,5,35.0,Yes,IT,Financial Analyst,Bachelor,Married,0
EMP101130,56,64236.0,1,1,1,1.0,48,5,53.0,No,Research & Development,Project Manager,Master,Divorced,0
EMP101131,40,61881.0,2,1,2,4.0,45,5,45.0,No,Sales,Financial Analyst,High School,Single,0
EMP101132,33,31266.0,7,4,5,5.0,40,7,24.0,No,IT,Software Engineer,Bachelor,Married,1
EMP101133,50,46960.0,5,1,5,2.0,43,8,,No,Sales,Financial Analyst,Bachelor,Married,0
EMP101134,37,184092.0,1,2,1,2.0,41,7,14.0,No,Human Resources,Research Scientist,Bachelor,Single,0
EMP101135,26,31575.0,12,2,2,3.0,44,9,53.0,No,Research & Development,Financial Analyst,Bachelor,Divorced,0
EMP101136,29,74044.0,4,2,4,5.0,49,4,45.0,No,IT,Financial Analyst,Master,Single,0
EMP101137,26,21409.0,5,1,4,5.0,38,6,46.0,No,IT,Financial Analyst,High School,Single,0
EMP101138,52,81129.0,6,2,4,4.0,43,7,49.0,,Finance,Financial Analyst,High School,Married,0
EMP101139,42,36811.0,2,1,2,3.0,42,4,38.0,Yes,Sales,Sales Executive,Diploma,Married,1
EMP101140,40,65909.0,9,2,6,3.0,41,7,13.0,No,Human Resources,Project Manager,Bachelor,Divorced,0
EMP101141,38,30758.0,1,1,1,1.0,41,5,49.0,No,Research & Development,Software Engineer,Bachelor,Single,0
EMP101142,38,62691.0,6,2,5,4.0,49,5,24.0,No,Sales,Software Engineer,High School,Single,0
EMP101143,55,36541.0,17,3,7,2.0,45,3,23.0,Yes,Finance,Software Engineer,Master,Divorced,0
EMP101144,48,39868.0,1,2,1,1.0,40,5,46.0,No,Sales,Financial Analyst,Master,Single,0
EMP101145,37,67103.0,1,2,1,3.0,45,4,27.0,No,Research & Development,Financial Analyst,Bachelor,Single,0
EMP101146,21,,7,2,2,2.0,39,1,38.0,Yes,Research & Development,Project Manager,Bachelor,Divorced,0
EMP101147,20,65268.0,1,4,1,5.0,33,8,46.0,No,Finance,Software Engineer,High School,Married,0
EMP101148,24,50474.0,6,1,0,4.0,30,8,45.0,No,Research & Development,Research Scientist,Bachelor,Single,0
EMP101149,39,56696.0,4,3,4,3.0,45,3,52.0,Yes,Human Resources,Software Engineer,Bachelor,Married,0
EMP101150,30,67197.0,6,3,2,5.0,41,4,27.0,No,Research & Development,HR Specialist,Bachelor,Divorced,0
EMP101151,21,46985.0,2,2,2,3.0,47,6,30.0,No,Research & Development,Software Engineer,Bachelor,Divorced,0
EMP101152,22,35132.0,3,2,2,2.0,44,5,40.0,No,Research & Development,Project Manager,Doctorate,Single,0
EMP101153,42,43284.0,4,2,3,1.0,43,5,16.0,No,Sales,Project Manager,Master,Single,0
EMP101154,31,94174.0,7,1,7,2.0,40,6,23.0,No,Human Resources,Software Engineer,High School,Single,0
EMP101155,39,57952.0,2,1,1,,45,3,22.0,No,Sales,Financial Analyst,Master,Single,0
EMP101156,24,37605.0,3,1,3,4.0,50,9,5.0,No,Sales,Research Scientist,Diploma,Married,0
EMP101157,56,65893.0,3,1,3,3.0,32,5,27.0,Yes,IT,Software Engineer,Bachelor,Married,0
EMP101158,57,67903.0,9,2,2,2.0,41,5,35.0,No,Research & Development,Software Engineer,Bachelor,Single,0
EMP101159,49,69500.0,1,4,1,1.0,49,3,,No,Research & Development,Financial Analyst,Bachelor,Married,0
EMP101160,28,35421.0,11,1,1,4.0,36,2,28.0,No,Human Resources,Sales Executive,Master,Divorced,0
EMP101161,53,40458.0,6,4,0,1.0,43,2,22.0,No,Research & Development,Software Engineer,Master,Married,0
EMP101162,54,40559.0,6,5,1,5.0,39,7,33.0,No,Research & Development,Project Manager,Master,Married,0
EMP101163,41,46761.0,2,5,2,3.0,41,5,27.0,No,Sales,Research Scientist,High School,Married,0
EMP101164,43,70095.0,6,4,3,1.0,33,9,5.0,No,Human Resources,Project Manager,,Single,0
EMP101165,36,62842.0,4,2,4,3.0,47,3,22.0,Yes,Sales,Financial Analyst,Doctorate,Married,0
EMP101166,29,65117.0,4,1,2,5.0,43,7,40.0,No,Finance,Software Engineer,Master,Single,0
EMP101167,49,101154.0,11,2,2,1.0,35,7,35.0,No,Research & Development,Software Engineer,Bachelor,Single,0
EMP101168,42,74988.0,3,2,3,1.0,44,6,38.0,Yes,Finance,Sales Executive,Doctorate,Married,0
EMP101169,51,51600.0,10,4,1,5.0,43,5,44.0,Yes,Sales,Project Manager,High School,Single,0
EMP101170,36,32284.0,3,5,2,2.0,39,9,39.0,Yes,Research & Development,Software Engineer,High School,Married,0
EMP101171,36,39876.0,2,2,2,1.0,52,5,36.0,Yes,IT,HR Specialist,Master,Married,0
EMP101172,33,48890.0,1,2,1,1.0,45,5,29.0,No,Finance,Financial Analyst,Bachelor,Single,0
EMP101173,28,79873.0,5,1,2,4.0,48,3,25.0,No,IT,Software Engineer,Diploma,Married,0
EMP101174,59,54328.0,7,1,6,2.0,41,5,36.0,Yes,Sales,HR Specialist,Bachelor,Married,0
EMP101175,21,40937.0,6,2,3,1.0,34,4,20.0,No,Research & Development,Sales Executive,High School,Married,0
EMP101176,44,39549.0,8,2,2,5.0,30,5,46.0,Yes,Sales,Software Engineer,Bachelor,Single,0
EMP101177,58,53305.0,6,4,5,3.0,37,2,21.0,No,IT,Software Engineer,Diploma,Single,0
EMP101178,28,82091.0,1,2,1,5.0,49,6,56.0,No,Sales,Project Manager,High School,Single,0
EMP101179,41,112538.0,5,4,0,2.0,39,4,34.0,Yes,IT,Project Manager,Bachelor,Single,0
EMP101180,23,50136.0,2,3,2,4.0,47,2,52.0,No,Human Resources,Software Engineer,Diploma,Married,0
EMP101181,45,53904.0,4,4,3,4.0,36,4,19.0,Yes,IT,HR Specialist,Bachelor,Divorced,0
EMP101182,48,31851.0,3,1,3,4.0,39,2,60.0,No,Research & Development,Financial Analyst,Bachelor,Married,0
EMP101183,53,131627.0,3,4,3,5.0,39,5,19.0,Yes,Research & Development,Software Engineer,Bachelor,Single,0
EMP101184,42,29279.0,3,3,3,3.0,43,4,34.0,Yes,Sales,HR Specialist,Master,Divorced,1
EMP101185,56,93184.0,11,1,2,3.0,35,3,15.0,No,Research & Development,Software Engineer,Diploma,Married,0
EMP101186,30,46662.0,1,1,1,1.0,38,4,35.0,No,IT,Sales Executive,Bachelor,Married,0
EMP101187,25,41998.0,1,4,1,3.0,41,6,33.0,No,Research & Development,Project Manager,Master,Married,0
EMP101188,37,33376.0,2,1,2,3.0,35,5,5.0,No,Research & Development,Research Scientist,Diploma,Divorced,0
EMP101189,40,162691.0,3,2,3,1.0,33,4,37.0,Yes,Research & Development,Software Engineer,Doctorate,Married,0
EMP101190,55,60764.0,6,2,6,5.0,42,4,43.0,Yes,Research & Development,Software Engineer,High School,Married,0
EMP101191,60,55529.0,3,3,3,5.0,35,6,22.0,No,Finance,Software Engineer,High School,Married,0
EMP101192,57,81971.0,6,4,4,2.0,48,4,31.0,No,Research & Development,Financial Analyst,Diploma,Married,0
EMP101193,53,41036.0,8,2,1,5.0,48,4,32.0,No,Sales,Project Manager,Bachelor,Single,0
EMP101194,36,55046.0,1,2,1,4.0,39,5,60.0,No,Research & Development,Research Scientist,Bachelor,Divorced,0
EMP101195,56,56412.0,8,5,6,4.0,45,8,38.0,Yes,Research & Development,Software Engineer,Bachelor,Single,0
EMP101196,44,43679.0,7,3,6,2.0,42,5,27.0,No,IT,Financial Analyst,Master,Married,0
EMP101197,57,94365.0,9,4,3,3.0,47,7,19.0,No,Research & Development,Project Manager,Bachelor,Married,0
EMP101198,31,49846.0,4,2,3,2.0,40,8,9.0,Yes,Research & Development,Sales Executive,Master,Single,0
EMP101199,42,27342.0,5,1,4,1.0,45,4,33.0,No,Finance,Financial Analyst,High School,Divorced,1
EMP101200,41,48022.0,7,2,3,2.0,44,3,37.0,Yes,Research & Development,Research Scientist,Master,Single,0
EMP101201,40,61526.0,4,3,3,2.0,43,3,17.0,Yes,Sales,Project Manager,Master,Married,0
EMP101202,46,36791.0,1,1,1,4.0,39,5,14.0,No,IT,Research Scientist,Bachelor,Married,0
EMP101203,50,38121.0,2,2,2,1.0,48,2,42.0,No,Research & Development,Project Manager,Bachelor,Married,0
EMP101204,25,43014.0,4,1,1,1.0,40,6,50.0,No,Research & Development,Research Scientist,Diploma,Single,0
EMP101205,46,95287.0,11,2,2,2.0,40,7,31.0,No,Research & Development,Sales Executive,High School,Single,0
EMP101206,59,44173.0,5,4,3,1.0,38,7,43.0,No,Research & Development,Sales Executive,Master,Divorced,0
EMP101207,53,104631.0,2,1,2,1.0,39,2,33.0,Yes,Human Resources,HR Specialist,Bachelor,Married,0
EMP101208,31,41704.0,2,3,2,5.0,41,5,74.0,No,Research & Development,Research Scientist,Master,Married,0
EMP101209,26,63662.0,2,4,2,1.0,44,6,34.0,Yes,Research & Development,Software Engineer,Bachelor,Married,0
EMP101210,29,44994.0,3,1,1,3.0,46,5,56.0,No,Finance,Project Manager,Diploma,Single,0
EMP101211,36,77221.0,3,3,3,1.0,43,3,43.0,No,Sales,Project Manager,Bachelor,Divorced,0
EMP101212,45,33252.0,3,5,3,4.0,49,4,27.0,No,Human Resources,Financial Analyst,High School,Divorced,0
EMP101213,40,76832.0,3,5,3,5.0,43,4,44.0,No,Research & Development,Project Manager,Bachelor,Married,1
EMP101214,47,57892.0,1,1,1,4.0,33,3,34.0,Yes,Research & Development,Research Scientist,Bachelor,Divorced,0
EMP101215,21,41237.0,1,1,1,4.0,36,7,20.0,No,IT,Financial Analyst,Master,Married,0
EMP101216,20,51036.0,3,1,3,3.0,46,5,36.0,No,Finance,Project Manager,High School,Single,0
EMP101217,55,109680.0,1,3,1,5.0,40,7,29.0,No,Sales,Research Scientist,Diploma,Single,0
EMP101218,45,58520.0,3,3,3,2.0,40,5,34.0,Yes,Human Resources,HR Specialist,Bachelor,Divorced,0
EMP101219,48,40089.0,6,3,2,1.0,37,2,34.0,No,Finance,Research Scientist,Bachelor,Divorced,0
EMP101220,40,31984.0,8,2,5,3.0,40,4,32.0,No,IT,Project Manager,Diploma,Married,0
EMP101221,30,69045.0,6,1,6,3.0,40,4,21.0,Yes,Human Resources,Research Scientist,Diploma,Married,0
EMP101222,59,60067.0,4,2,4,2.0,44,2,53.0,No,Human Resources,Software Engineer,Bachelor,Married,0
EMP101223,30,75196.0,6,2,2,3.0,41,6,34.0,Yes,Research & Development,HR Specialist,Bachelor,Married,0
EMP101224,55,28484.0,4,3,4,2.0,48,4,38.0,No,Sales,Software Engineer,Bachelor,Married,0
EMP101225,58,32454.0,3,2,3,2.0,39,6,32.0,Yes,Research & Development,Project Manager,High School,Married,0
EMP101226,59,92151.0,6,2,4,2.0,43,4,29.0,No,Finance,Project Manager,Bachelor,Married,0
EMP101227,54,63844.0,3,2,3,3.0,34,2,38.0,No,Research & Development,Software Engineer,Master,Single,0
EMP101228,53,69921.0,1,1,1,2.0,45,4,56.0,No,Research & Development,Software Engineer,Bachelor,Single,0
EMP101229,43,35663.0,3,2,1,3.0,35,1,12.0,No,IT,Sales Executive,Bachelor,Single,0
EMP101230,41,35371.0,1,1,1,5.0,45,9,19.0,No,Sales,Software Engineer,Bachelor,Single,1
EMP101231,24,85919.0,3,2,1,2.0,33,2,30.0,No,Research & Development,Sales Executive,Bachelor,Single,0
EMP101232,52,87760.0,5,1,3,3.0,37,5,23.0,No,Sales,Financial Analyst,Bachelor,Married,0
EMP101233,55,33703.0,5,1,2,3.0,46,6,65.0,No,Research & Development,Software Engineer,,Married,0
EMP101234,39,30927.0,4,3,1,3.0,50,5,30.0,No,Finance,Sales Executive,Master,Single,0
EMP101235,38,52377.0,3,2,3,1.0,30,4,42.0,Yes,Research & Development,Sales Executive,Bachelor,Single,0
EMP101236,54,38383.0,5,3,3,1.0,37,3,31.0,No,Sales,Software Engineer,Bachelor,Married,0
EMP101237,36,38025.0,6,3,2,2.0,51,7,5.0,No,Research & Development,Software Engineer,Master,Married,1
EMP101238,53,31319.0,3,2,1,5.0,43,2,29.0,,IT,Project Manager,Bachelor,Single,0
EMP101239,28,44547.0,1,5,1,2.0,37,0,17.0,No,Research & Development,Software Engineer,Master,Married,0
EMP101240,45,32711.0,5,1,4,4.0,49,5,40.0,No,IT,Financial Analyst,Doctorate,Single,0
EMP101241,21,33596.0,2,3,2,4.0,45,4,31.0,Yes,Finance,Project Manager,Bachelor,Married,0
EMP101242,28,62904.0,2,5,2,5.0,43,3,24.0,No,Research & Development,Project Manager,Bachelor,Single,0
EMP101243,28,53651.0,7,4,7,5.0,32,3,33.0,No,Human Resources,Software Engineer,Master,Single,0
EMP101244,59,68411.0,5,1,3,5.0,52,7,29.0,No,Human Resources,Software Engineer,Bachelor,Single,0
EMP101245,36,26187.0,9,2,1,1.0,43,6,50.0,No,Finance,Sales Executive,Bachelor,Married,0
EMP101246,20,55245.0,8,1,2,1.0,40,5,43.0,Yes,Research & Development,Research Scientist,,Married,0
EMP101247,44,139962.0,4,3,3,4.0,49,4,61.0,No,Research & Development,Software Engineer,Bachelor,Single,0
EMP101248,59,46517.0,7,3,2,5.0,37,4,46.0,Yes,Human Resources,Research Scientist,Bachelor,Married,0
EMP101249,44,79716.0,2,2,1,3.0,37,6,42.0,Yes,Finance,Research Scientist,Diploma,Married,0
EMP101250,58,79403.0,3,2,1,4.0,37,6,44.0,Yes,Research & Development,Financial Analyst,Master,Single,0
EMP101251,54,81180.0,4,3,4,5.0,40,3,46.0,No,Research & Development,HR Specialist,Master,Married,0
EMP101252,22,59283.0,3,2,1,3.0,42,3,8.0,No,Finance,Software Engineer,Bachelor,Married,0
EMP101253,56,70957.0,7,4,2,5.0,45,3,43.0,No,Human Resources,Sales Executive,Master,Single,0
EMP101254,49,75331.0,5,3,1,2.0,36,1,11.0,No,Research & Development,Software Engineer,Bachelor,Married,0
EMP101255,57,73206.0,5,1,4,3.0,44,6,6.0,No,Research & Development,Software Engineer,High School,Single,0
EMP101256,53,33265.0,10,3,10,2.0,39,5,18.0,No,IT,Sales Executive,Bachelor,Married,0
EMP101257,31,25508.0,4,1,4,1.0,41,6,39.0,No,Finance,Software Engineer,High School,Married,0
EMP101258,38,27336.0,8,2,2,4.0,48,3,15.0,No,Sales,Project Manager,Diploma,Married,0
EMP101259,56,48704.0,8,5,4,5.0,44,4,43.0,No,Research & Development,Financial Analyst,Diploma,Single,0
EMP101260,36,71851.0,6,4,2,4.0,45,6,60.0,No,Research & Development,Financial Analyst,Bachelor,Married,0
EMP101261,29,33460.0,10,2,4,5.0,39,8,30.0,No,IT,Financial Analyst,Master,Divorced,0
EMP101262,31,83356.0,4,2,4,2.0,52,5,38.0,No,Human Resources,Project Manager,High School,Married,0
EMP101263,35,43873.0,5,1,3,3.0,45,1,24.0,Yes,IT,Software Engineer,Diploma,Married,1
EMP101264,43,44062.0,2,2,2,3.0,40,4,17.0,No,Sales,Software Engineer,Doctorate,Married,0
EMP101265,38,37754.0,3,1,3,5.0,48,5,32.0,Yes,Sales,Software Engineer,Master,Married,0
EMP101266,27,23551.0,5,2,5,2.0,45,5,23.0,No,Human Resources,Financial Analyst,Master,Married,0
EMP101267,50,60979.0,3,1,3,5.0,36,4,28.0,No,Research & Development,Financial Analyst,High School,Married,0
EMP101268,40,118870.0,5,2,2,5.0,43,5,24.0,No,Human Resources,Sales Executive,Bachelor,Married,0
EMP101269,36,53471.0,4,1,4,5.0,37,10,15.0,No,Finance,Project Manager,Diploma,Married,0
EMP101270,42,23916.0,8,5,4,3.0,32,3,33.0,No,Research & Development,Software Engineer,Bachelor,Divorced,0
EMP101271,56,78139.0,4,3,2,5.0,40,4,6.0,No,IT,HR Specialist,Bachelor,Divorced,0
EMP101272,35,26474.0,8,2,2,3.0,48,10,43.0,No,Finance,HR Specialist,Bachelor,Divorced,0
EMP101273,25,31921.0,1,1,1,1.0,49,2,10.0,No,Research & Development,Sales Executive,Bachelor,Single,0
EMP101274,27,49406.0,2,2,2,2.0,39,3,26.0,Yes,Research & Development,HR Specialist,Master,Single,0
EMP101275,44,58126.0,5,1,3,1.0,41,3,53.0,No,Human Resources,Research Scientist,High School,Married,0
EMP101276,37,34933.0,3,2,3,5.0,49,6,46.0,No,Research & Development,HR Specialist,Diploma,Married,0
EMP101277,44,48547.0,4,4,2,3.0,45,3,35.0,No,Research & Development,Research Scientist,Master,Single,0
EMP101278,31,75880.0,4,3,1,2.0,44,5,68.0,Yes,Human Resources,Financial Analyst,Master,Married,0
EMP101279,34,80706.0,4,3,1,4.0,43,11,36.0,No,Sales,HR Specialist,Diploma,Married,0
EMP101280,45,96591.0,1,2,1,2.0,46,6,,Yes,IT,Software Engineer,Diploma,Married,0
EMP101281,60,129875.0,4,4,1,2.0,42,1,26.0,No,Research & Development,Financial Analyst,Bachelor,Married,0
EMP101282,45,79185.0,11,4,4,5.0,50,7,5.0,No,Research & Development,Research Scientist,Bachelor,Single,0
EMP101283,51,49889.0,4,2,2,1.0,41,3,38.0,No,Sales,Sales Executive,High School,Divorced,0
EMP101284,29,80966.0,4,2,2,1.0,41,3,42.0,No,Human Resources,Software Engineer,Master,Single,1
EMP101285,35,67854.0,12,2,2,4.0,32,4,41.0,No,Sales,Software Engineer,Bachelor,Single,0
EMP101286,26,69075.0,17,1,12,5.0,47,5,13.0,Yes,IT,Financial Analyst,Master,Married,0
EMP101287,36,59566.0,2,3,2,2.0,37,5,80.0,No,Research & Development,Software Engineer,Bachelor,Single,0
EMP101288,42,36485.0,12,2,1,1.0,30,6,18.0,No,IT,Research Scientist,High School,Married,1
EMP101289,45,34629.0,4,1,4,1.0,41,7,37.0,No,Research & Development,Sales Executive,Master,Married,0
EMP101290,40,52648.0,1,1,1,3.0,40,4,39.0,No,Research & Development,Project Manager,Diploma,Single,0
EMP101291,41,58812.0,7,2,1,2.0,44,8,47.0,Yes,Human Resources,Research Scientist,Bachelor,Married,0
EMP101292,26,40511.0,1,4,1,5.0,45,8,25.0,No,Research & Development,Project Manager,Bachelor,Married,0
EMP101293,33,66542.0,3,2,3,1.0,38,8,43.0,No,Research & Development,HR Specialist,Bachelor,Single,0
EMP101294,34,140285.0,3,3,2,5.0,56,1,59.0,No,Finance,Software Engineer,High School,Divorced,0
EMP101295,26,25088.0,4,2,1,2.0,41,6,28.0,No,Research & Development,Financial Analyst,Bachelor,Married,0
EMP101296,28,71475.0,1,2,0,2.0,34,7,27.0,Yes,Research & Development,Research Scientist,High School,Divorced,0
EMP101297,27,53391.0,1,2,1,1.0,50,0,20.0,No,Human Resources,Software Engineer,Bachelor,Married,0
EMP101298,42,67365.0,7,3,5,4.0,46,8,39.0,No,IT,HR Specialist,Doctorate,Married,0
EMP101299,48,45309.0,8,1,8,5.0,44,4,22.0,Yes,Research & Development,Financial Analyst,Bachelor,Married,0
EMP101300,37,51501.0,9,2,7,5.0,40,6,45.0,No,Research & Development,HR Specialist,Master,Married,0
EMP101301,50,58300.0,1,2,1,3.0,42,4,28.0,Yes,Finance,Research Scientist,Bachelor,Married,0
EMP101302,49,48019.0,2,2,2,2.0,31,7,31.0,No,Finance,Software Engineer,Diploma,Single,0
EMP101303,58,27746.0,15,5,1,2.0,41,11,20.0,,Research & Development,Financial Analyst,Master,Single,0
EMP101304,54,49505.0,2,1,2,1.0,54,8,67.0,No,Research & Development,Software Engineer,Bachelor,Married,1
EMP101305,37,29077.0,1,2,1,1.0,37,10,37.0,No,Sales,HR Specialist,Bachelor,Married,0
EMP101306,58,,3,2,1,1.0,43,4,18.0,No,Sales,Sales Executive,High School,Married,0
EMP101307,36,23756.0,0,4,0,3.0,34,4,39.0,No,Finance,Financial Analyst,Bachelor,Married,0
EMP101308,33,87377.0,1,2,1,4.0,39,5,10.0,No,Research & Development,Project Manager,Master,Divorced,0
EMP101309,50,66729.0,3,3,1,1.0,36,7,25.0,No,Research & Development,Research Scientist,Master,Single,0
EMP101310,43,66844.0,3,4,2,1.0,44,3,41.0,Yes,Research & Development,Research Scientist,Master,Married,0
EMP101311,54,20768.0,1,2,1,1.0,43,6,43.0,,Sales,Project Manager,High School,Married,0
EMP101312,53,47440.0,9,2,4,3.0,35,5,48.0,No,IT,Financial Analyst,Diploma,Single,0
EMP101313,22,92429.0,3,2,1,5.0,42,5,55.0,No,Research & Development,Project Manager,Doctorate,Married,0
EMP101314,56,43552.0,3,4,3,4.0,43,4,32.0,No,Sales,Software Engineer,Diploma,Married,0
EMP101315,59,33859.0,3,1,3,5.0,43,3,48.0,Yes,IT,Research Scientist,Diploma,Single,0
EMP101316,45,41299.0,4,2,4,2.0,46,5,47.0,No,Finance,Research Scientist,Master,Married,1
EMP101317,42,53336.0,12,3,1,2.0,50,7,48.0,Yes,Human Resources,Research Scientist,Bachelor,Married,0
EMP101318,58,37495.0,6,2,1,1.0,39,3,13.0,No,Research & Development,Project Manager,Diploma,Married,0
EMP101319,34,95828.0,4,2,1,5.0,40,3,39.0,No,Research & Development,Software Engineer,Diploma,Married,0
EMP101320,23,53423.0,2,2,2,3.0,41,5,31.0,Yes,IT,Project Manager,High School,Married,0
EMP101321,48,42834.0,2,1,1,4.0,35,2,55.0,No,Human Resources,Research Scientist,Diploma,Single,0
EMP101322,41,30622.0,3,2,3,5.0,37,5,37.0,No,Research & Development,Research Scientist,Bachelor,Single,1
EMP101323,44,68397.0,3,2,2,5.0,45,4,29.0,No,Sales,Software Engineer,High School,Single,0
EMP101324,32,67700.0,6,4,6,,52,2,30.0,No,IT,Research Scientist,Diploma,Single,0
EMP101325,37,38507.0,1,2,1,5.0,37,3,29.0,No,IT,Financial Analyst,Master,Married,0
EMP101326,52,20105.0,7,4,2,5.0,53,6,37.0,No,Human Resources,Research Scientist,Master,Married,0
EMP101327,35,66167.0,3,3,3,4.0,39,8,40.0,Yes,Human Resources,Financial Analyst,Master,Married,0
EMP101328,21,50566.0,1,1,1,3.0,48,9,32.0,Yes,Research & Development,Software Engineer,Master,Single,0
EMP101329,54,63980.0,4,3,2,4.0,44,5,30.0,No,IT,Software Engineer,Bachelor,Single,0
EMP101330,53,132696.0,3,1,3,1.0,43,5,21.0,No,Human Resources,Software Engineer,Bachelor,Single,0
EMP101331,49,54340.0,2,5,1,1.0,40,3,57.0,No,Sales,Financial Analyst,Bachelor,Married,0
EMP101332,32,43646.0,3,4,3,1.0,42,6,31.0,No,Sales,Project Manager,Diploma,Divorced,0
EMP101333,32,32820.0,8,2,2,1.0,38,4,39.0,No,IT,Financial Analyst,Doctorate,Married,0
EMP101334,37,47787.0,12,2,3,2.0,47,4,41.0,Yes,,Software Engineer,Bachelor,Single,0
EMP101335,51,59121.0,4,2,2,3.0,48,5,39.0,No,Research & Development,Research Scientist,Doctorate,Married,0
EMP101336,51,56335.0,7,2,3,2.0,39,2,28.0,No,Sales,Software Engineer,Bachelor,Married,0
EMP101337,54,119449.0,6,2,4,5.0,34,6,44.0,No,Research & Development,Financial Analyst,Bachelor,Married,0
EMP101338,58,68849.0,8,2,0,5.0,40,3,56.0,No,Finance,Research Scientist,Master,Married,0
EMP101339,48,51763.0,4,3,2,4.0,52,7,45.0,No,Sales,Financial Analyst,High School,Married,0
EMP101340,48,40020.0,7,1,1,1.0,43,2,42.0,No,Finance,Sales Executive,Bachelor,Single,0
EMP101341,35,62012.0,5,4,5,4.0,48,8,45.0,Yes,Research & Development,Software Engineer,Diploma,Single,1
EMP101342,29,36568.0,2,3,2,5.0,37,7,36.0,No,Research & Development,Project Manager,Bachelor,Single,0
EMP101343,49,59636.0,7,2,1,1.0,40,4,31.0,Yes,Research & Development,Software Engineer,Master,Single,0
EMP101344,44,68489.0,2,4,2,3.0,40,2,64.0,No,Human Resources,Software Engineer,Bachelor,Divorced,0
EMP101345,58,49895.0,11,1,2,5.0,36,2,58.0,Yes,Sales,Financial Analyst,Master,Married,0
EMP101346,39,41418.0,2,1,2,4.0,43,10,28.0,Yes,Research & Development,Sales Executive,Diploma,Married,0
EMP101347,24,20572.0,3,3,3,4.0,38,5,52.0,No,Sales,Software Engineer,Diploma,Single,0
EMP101348,20,92025.0,2,2,2,5.0,47,5,42.0,No,Finance,Financial Analyst,Bachelor,Married,0
EMP101349,49,65945.0,12,2,0,2.0,42,3,37.0,No,Finance,Project Manager,Master,Single,0
EMP101350,22,66670.0,11,4,2,3.0,49,5,58.0,No,Research & Development,Financial Analyst,Master,Married,0
EMP101351,33,27241.0,4,5,4,5.0,34,5,37.0,No,Sales,Sales Executive,Bachelor,Single,0
EMP101352,49,102336.0,2,3,2,5.0,39,4,39.0,Yes,Finance,Financial Analyst,Master,Married,0
EMP101353,23,44611.0,5,3,4,4.0,40,7,,No,Research & Development,Research Scientist,High School,Married,0
EMP101354,37,48297.0,2,1,0,1.0,44,2,16.0,Yes,IT,Financial Analyst,High School,Single,0
EMP101355,56,33993.0,3,1,3,1.0,40,7,39.0,Yes,Research & Development,Software Engineer,Master,Divorced,0
EMP101356,44,24611.0,6,3,1,1.0,51,6,14.0,No,IT,Software Engineer,Master,Married,0
EMP101357,20,92586.0,3,2,3,4.0,41,1,44.0,No,Sales,Project Manager,Diploma,Single,0
EMP101358,34,98131.0,4,2,1,1.0,37,7,43.0,No,Finance,Project Manager,Bachelor,Married,0
EMP101359,28,51052.0,6,2,0,5.0,41,4,53.0,No,Human Resources,Software Engineer,Master,Married,0
EMP101360,34,40512.0,6,3,4,2.0,40,4,44.0,No,Research & Development,Sales Executive,High School,Divorced,0
EMP101361,43,46417.0,3,1,3,2.0,47,1,74.0,No,IT,Project Manager,Master,Single,0
EMP101362,23,46993.0,2,3,2,2.0,40,5,14.0,No,IT,Software Engineer,Bachelor,Married,0
EMP101363,31,32053.0,6,1,1,1.0,34,5,35.0,No,IT,Sales Executive,Bachelor,Married,0
EMP101364,56,48222.0,4,1,4,2.0,43,5,51.0,Yes,Research & Development,Software Engineer,Bachelor,Single,0
EMP101365,56,58923.0,7,2,5,1.0,39,7,52.0,No,Research & Development,Software Engineer,Bachelor,Married,0
EMP101366,25,86965.0,2,1,2,5.0,36,3,26.0,Yes,Research & Development,Sales Executive,Diploma,Single,0
EMP101367,58,55354.0,3,4,3,5.0,42,7,53.0,No,Sales,Project Manager,Diploma,Single,1
EMP101368,43,27058.0,7,1,2,4.0,41,1,13.0,Yes,Research & Development,Software Engineer,Bachelor,Married,0
EMP101369,30,64485.0,3,1,3,4.0,41,4,23.0,No,Sales,Software Engineer,Bachelor,Married,0
EMP101370,32,49017.0,0,2,0,3.0,43,6,41.0,No,Sales,Software Engineer,Bachelor,Single,0
EMP101371,53,101903.0,7,2,6,5.0,39,3,39.0,No,Research & Development,Software Engineer,Bachelor,Divorced,0
EMP101372,44,104647.0,5,1,2,1.0,43,3,54.0,No,Sales,Research Scientist,Bachelor,Married,0
EMP101373,26,106308.0,3,1,1,3.0,39,3,48.0,No,Research & Development,Project Manager,Diploma,Married,0
EMP101374,23,42718.0,12,5,3,5.0,46,3,28.0,No,,Sales Executive,High School,Married,0
EMP101375,27,134662.0,2,3,2,1.0,42,6,54.0,No,Human Resources,Project Manager,Doctorate,Married,0
EMP101376,39,64409.0,4,2,4,5.0,51,3,43.0,No,Research & Development,HR Specialist,Master,Married,0
EMP101377,48,114343.0,4,2,1,5.0,40,5,47.0,No,Research & Development,HR Specialist,Bachelor,Married,0
EMP101378,29,43867.0,1,2,1,1.0,44,8,47.0,No,Research & Development,Sales Executive,Bachelor,Married,0
EMP101379,53,48085.0,3,2,1,5.0,48,4,31.0,Yes,Research & Development,Software Engineer,Bachelor,Single,0
EMP101380,45,62218.0,9,3,1,5.0,45,5,50.0,No,Human Resources,Sales Executive,Master,Single,0
EMP101381,60,58890.0,3,4,1,5.0,43,2,40.0,No,Human Resources,HR Specialist,Master,Single,0
EMP101382,22,96737.0,3,1,2,4.0,44,3,49.0,No,Research & Development,Software Engineer,Bachelor,Single,0
EMP101383,25,49545.0,9,4,3,2.0,45,7,57.0,No,Human Resources,Research Scientist,Diploma,Single,0
EMP101384,24,92889.0,1,1,1,5.0,43,8,34.0,No,IT,Financial Analyst,High School,Single,0
EMP101385,24,76465.0,8,1,4,1.0,42,5,51.0,No,Research & Development,Research Scientist,Diploma,Married,0
EMP101386,42,49964.0,1,1,1,5.0,46,5,30.0,No,Sales,Sales Executive,Bachelor,Married,0
EMP101387,28,73843.0,8,1,0,4.0,42,4,28.0,No,Research & Development,Sales Executive,Diploma,Divorced,0
EMP101388,54,44450.0,1,4,1,4.0,37,5,35.0,No,Sales,Project Manager,Bachelor,Married,1
EMP101389,39,158369.0,2,2,2,5.0,52,2,35.0,No,Research & Development,Software Engineer,Diploma,Single,0
EMP101390,54,18000.0,1,1,1,3.0,46,8,42.0,Yes,Sales,Software Engineer,Master,Married,0
EMP101391,37,74452.0,7,5,3,2.0,37,5,18.0,No,Research & Development,Software Engineer,High School,Married,0
EMP101392,36,24860.0,4,4,2,1.0,41,1,43.0,Yes,Research & Development,HR Specialist,Bachelor,Single,0
EMP101393,43,49689.0,7,3,1,1.0,39,5,33.0,No,,Software Engineer,Bachelor,Single,0
EMP101394,22,52921.0,5,4,3,1.0,40,6,7.0,No,Research & Development,Research Scientist,High School,Married,0
EMP101395,51,108394.0,3,1,3,1.0,46,5,41.0,No,Sales,HR Specialist,Master,Single,0
EMP101396,54,40280.0,6,4,2,4.0,40,6,56.0,No,Sales,HR Specialist,Bachelor,Married,0
EMP101397,57,99081.0,5,3,1,2.0,52,10,51.0,No,Research & Development,Financial Analyst,Bachelor,Married,0
EMP101398,32,32358.0,4,4,4,5.0,33,4,35.0,Yes,Research & Development,Financial Analyst,Bachelor,Married,0
EMP101399,44,100820.0,3,3,3,5.0,42,7,29.0,Yes,Sales,Research Scientist,Bachelor,Single,0
EMP101400,28,44428.0,4,2,3,3.0,35,4,48.0,No,Sales,Software Engineer,Bachelor,Married,0
EMP101401,23,56848.0,3,3,3,5.0,44,6,29.0,No,Research & Development,Software Engineer,Bachelor,Single,0
EMP101402,33,47274.0,3,2,2,2.0,44,1,,No,Finance,Financial Analyst,Master,Divorced,0
EMP101403,56,97944.0,4,2,4,5.0,46,5,74.0,No,Finance,Software Engineer,Doctorate,Single,0
EMP101404,53,89731.0,16,1,8,4.0,36,3,57.0,No,Human Resources,Research Scientist,Bachelor,Single,0
EMP101405,30,67149.0,2,4,2,5.0,44,7,32.0,Yes,Finance,Sales Executive,Bachelor,Single,0
EMP101406,60,32753.0,12,2,4,1.0,38,7,45.0,Yes,IT,Sales Executive,Bachelor,Single,0
EMP101407,22,39868.0,6,2,6,1.0,42,4,59.0,No,Sales,Software Engineer,Master,Single,0
EMP101408,47,34621.0,3,2,2,1.0,40,5,42.0,Yes,Research & Development,Sales Executive,Bachelor,Married,1
EMP101409,48,19999.0,2,5,2,1.0,36,7,19.0,Yes,Sales,Software Engineer,Bachelor,Married,0
EMP101410,28,97021.0,1,2,1,4.0,46,5,40.0,Yes,Research & Development,Research Scientist,Bachelor,Married,0
EMP101411,22,47456.0,3,3,3,4.0,41,1,32.0,Yes,Human Resources,Financial Analyst,Doctorate,Divorced,0
EMP101412,44,47229.0,4,4,4,4.0,46,6,32.0,No,Research & Development,Sales Executive,Master,Single,0
EMP101413,53,107833.0,8,2,6,5.0,47,8,25.0,No,Sales,HR Specialist,Diploma,Single,0
EMP101414,31,44396.0,8,2,3,1.0,49,6,19.0,Yes,Finance,Software Engineer,Bachelor,Married,0
EMP101415,28,37680.0,3,3,0,3.0,39,3,27.0,Yes,Finance,Software Engineer,Master,Single,0
EMP101416,34,49710.0,3,4,3,3.0,37,7,46.0,No,Sales,Sales Executive,Bachelor,Single,0
EMP101417,59,33037.0,3,3,3,1.0,48,7,50.0,No,Research & Development,Software Engineer,Bachelor,Married,1
EMP101418,44,64219.0,4,1,4,2.0,43,2,67.0,No,IT,Financial Analyst,Bachelor,Single,0
EMP101419,24,46488.0,2,4,2,5.0,49,5,28.0,Yes,Sales,Research Scientist,Bachelor,Married,0
EMP101420,30,43775.0,5,2,5,3.0,36,7,23.0,Yes,Sales,Financial Analyst,Diploma,Single,0
EMP101421,53,42101.0,4,2,1,4.0,45,5,48.0,No,Finance,Software Engineer,Bachelor,Divorced,0
EMP101422,43,52433.0,4,4,4,2.0,42,6,13.0,Yes,Research & Development,Financial Analyst,Master,Single,0
EMP101423,34,57105.0,10,1,10,4.0,42,2,5.0,No,IT,Sales Executive,Bachelor,Married,0
EMP101424,57,43525.0,10,3,2,2.0,40,8,48.0,No,Human Resources,Financial Analyst,Bachelor,Married,0
EMP101425,27,46800.0,6,2,6,2.0,36,6,21.0,Yes,Research & Development,Research Scientist,Bachelor,Single,0
EMP101426,24,53019.0,5,4,3,5.0,45,5,25.0,Yes,Research & Development,Financial Analyst,High School,Single,0
EMP101427,45,50665.0,15,1,4,4.0,40,7,45.0,Yes,Sales,Software Engineer,Diploma,Married,0
EMP101428,37,55775.0,0,2,0,4.0,43,7,36.0,Yes,Human Resources,Research Scientist,Bachelor,Married,0
EMP101429,25,40562.0,8,4,4,3.0,52,5,31.0,Yes,Research & Development,Financial Analyst,Master,Married,0
EMP101430,56,86436.0,18,1,2,1.0,39,7,16.0,No,Research & Development,Research Scientist,Bachelor,Married,0
EMP101431,32,57449.0,3,1,3,1.0,41,6,27.0,No,IT,Research Scientist,Bachelor,Divorced,0
EMP101432,47,43842.0,5,5,1,3.0,41,8,28.0,Yes,Finance,Financial Analyst,High School,Married,0
EMP101433,24,64219.0,4,2,1,2.0,40,8,29.0,Yes,Research & Development,Sales Executive,Doctorate,Single,0
EMP101434,32,53190.0,5,5,5,3.0,40,9,44.0,No,IT,Research Scientist,Master,Married,0
EMP101435,36,25207.0,8,1,4,3.0,45,7,40.0,No,Finance,Financial Analyst,Master,Single,0
EMP101436,59,64120.0,11,2,5,4.0,49,0,32.0,No,IT,Financial Analyst,Bachelor,Married,0
EMP101437,51,34763.0,3,3,3,3.0,43,5,37.0,No,Sales,Sales Executive,High School,Single,0
EMP101438,48,83749.0,7,3,1,2.0,46,8,62.0,No,Sales,Project Manager,Bachelor,Married,0
EMP101439,22,49331.0,8,2,8,1.0,41,1,41.0,No,Research & Development,Sales Executive,Master,Married,0
EMP101440,59,78129.0,3,2,2,5.0,41,4,57.0,No,Research & Development,Project Manager,Diploma,Married,0
EMP101441,53,41419.0,5,4,2,3.0,40,4,27.0,Yes,IT,Software Engineer,Master,Married,0
EMP101442,59,56758.0,6,1,6,3.0,38,1,32.0,No,Sales,Research Scientist,Bachelor,Married,0
EMP101443,46,94816.0,1,2,1,4.0,48,5,30.0,Yes,Sales,Sales Executive,Master,Divorced,0
EMP101444,32,48729.0,6,1,2,4.0,39,3,41.0,No,Research & Development,Financial Analyst,Bachelor,Married,0
EMP101445,52,42160.0,1,2,1,3.0,45,5,42.0,No,Sales,Research Scientist,Master,Married,0
EMP101446,25,73855.0,7,2,1,3.0,38,2,43.0,No,Sales,Financial Analyst,Diploma,Single,0
EMP101447,43,73214.0,5,2,3,2.0,42,4,5.0,No,Sales,Research Scientist,Bachelor,Single,0
EMP101448,38,42965.0,8,2,1,1.0,42,11,22.0,No,Sales,Financial Analyst,High School,Single,0
EMP101449,35,22508.0,0,1,0,1.0,38,8,39.0,No,Research & Development,HR Specialist,Bachelor,Married,1
EMP101450,59,41797.0,8,1,1,5.0,40,3,63.0,No,IT,Financial Analyst,Doctorate,Married,0
EMP101451,47,74600.0,8,3,1,1.0,37,5,27.0,Yes,Finance,Financial Analyst,High School,Single,0
EMP101452,52,,12,2,2,5.0,42,7,68.0,No,Research & Development,Software Engineer,Bachelor,Single,0
EMP101453,60,54730.0,1,4,1,4.0,33,5,15.0,Yes,Research & Development,Research Scientist,Bachelor,Divorced,0
EMP101454,32,40914.0,6,3,2,5.0,42,5,39.0,Yes,Research & Development,Project Manager,Master,Married,0
EMP101455,44,23054.0,1,1,1,5.0,45,4,33.0,No,IT,Project Manager,Bachelor,Single,0
EMP101456,55,40584.0,6,3,3,1.0,42,5,28.0,No,Finance,Software Engineer,Bachelor,Single,1
EMP101457,46,74459.0,9,1,5,3.0,38,5,49.0,No,Sales,Software Engineer,Doctorate,Married,0
EMP101458,57,,2,3,2,4.0,39,5,34.0,No,IT,HR Specialist,Master,Married,0
EMP101459,26,61609.0,3,5,3,2.0,48,2,12.0,No,Finance,Financial Analyst,Master,Single,0
EMP101460,24,32253.0,4,2,2,5.0,43,3,6.0,No,Sales,Sales Executive,Master,Married,0
EMP101461,50,72322.0,1,3,1,5.0,46,4,19.0,No,Research & Development,Sales Executive,Bachelor,Single,0
EMP101462,42,75851.0,6,1,4,5.0,47,6,44.0,No,Human Resources,Financial Analyst,Bachelor,Married,0
EMP101463,29,50905.0,1,2,1,3.0,40,5,32.0,No,Sales,Research Scientist,Bachelor,Divorced,0
EMP101464,51,50957.0,3,4,1,2.0,37,7,51.0,No,Research & Development,HR Specialist,Bachelor,Married,0
EMP101465,49,38262.0,12,1,6,,45,0,33.0,No,Human Resources,Financial Analyst,High School,Divorced,0
EMP101466,58,30019.0,5,2,1,4.0,38,3,39.0,Yes,Finance,Financial Analyst,High School,Married,1
EMP101467,50,118093.0,1,2,1,3.0,39,4,58.0,No,IT,Financial Analyst,Bachelor,Single,0
EMP101468,37,37265.0,2,3,2,2.0,43,3,32.0,No,Sales,Research Scientist,Bachelor,Divorced,0
EMP101469,55,111368.0,1,2,1,4.0,41,6,64.0,Yes,Human Resources,Sales Executive,Master,Single,0
EMP101470,21,37358.0,6,4,2,1.0,30,7,45.0,No,IT,Research Scientist,Diploma,Married,0
EMP101471,33,69663.0,1,1,0,4.0,36,6,21.0,No,Human Resources,Project Manager,Master,Married,0
EMP101472,32,32961.0,7,2,6,,47,5,17.0,No,,Software Engineer,Master,Single,0
EMP101473,48,69607.0,5,3,2,5.0,42,3,13.0,No,Sales,Software Engineer,Bachelor,Married,0
EMP101474,31,47504.0,1,1,1,3.0,46,2,36.0,No,Finance,Financial Analyst,Bachelor,Single,0
EMP101475,58,,1,3,1,4.0,38,6,11.0,No,Research & Development,Sales Executive,Bachelor,Married,0
EMP101476,21,72374.0,2,1,2,5.0,36,7,62.0,No,Sales,Financial Analyst,Bachelor,Single,0
EMP101477,51,44533.0,4,1,4,3.0,46,6,69.0,No,IT,Software Engineer,High School,Divorced,0
EMP101478,32,28924.0,9,1,4,3.0,48,6,11.0,Yes,IT,Software Engineer,Bachelor,Single,0
EMP101479,46,77472.0,6,4,3,3.0,38,4,39.0,Yes,Research & Development,Research Scientist,Bachelor,Single,0
EMP101480,60,32841.0,7,2,1,1.0,47,2,6.0,Yes,Finance,Software Engineer,High School,Single,0
EMP101481,36,69392.0,3,3,1,5.0,37,7,46.0,No,Research & Development,HR Specialist,Diploma,Married,0
EMP101482,59,85215.0,1,2,1,5.0,34,5,49.0,Yes,Research & Development,Project Manager,Bachelor,Single,0
EMP101483,50,46449.0,6,2,2,2.0,45,4,35.0,No,Research & Development,Software Engineer,Master,Married,0
EMP101484,53,93634.0,4,2,4,1.0,37,4,39.0,No,IT,Project Manager,Doctorate,Married,0
EMP101485,43,68315.0,3,5,1,5.0,36,4,25.0,Yes,Research & Development,Project Manager,Master,Single,0
EMP101486,54,40213.0,4,3,4,5.0,36,3,36.0,No,Research & Development,Software Engineer,Master,Divorced,0
EMP101487,25,103335.0,2,3,2,2.0,40,3,46.0,No,Research & Development,Research Scientist,Bachelor,Single,0
EMP101488,38,32904.0,2,1,2,4.0,33,1,32.0,Yes,Research & Development,Project Manager,Bachelor,Married,0
EMP101489,49,46424.0,5,2,5,4.0,45,4,53.0,No,Research & Development,Sales Executive,Diploma,Married,0
EMP101490,26,50124.0,6,2,3,1.0,44,8,25.0,Yes,IT,Research Scientist,Master,Single,0
EMP101491,29,72218.0,1,4,1,3.0,44,1,30.0,No,Research & Development,Research Scientist,High School,Married,0
EMP101492,60,90856.0,3,2,3,2.0,48,3,5.0,No,Research & Development,Financial Analyst,Bachelor,Married,0
EMP101493,51,88331.0,3,2,3,2.0,47,7,70.0,No,Research & Development,Sales Executive,Master,Married,0
EMP101494,53,60826.0,11,2,3,5.0,37,2,5.0,Yes,Research & Development,Software Engineer,Doctorate,Single,0
EMP101495,47,48483.0,7,1,2,5.0,45,8,52.0,,Finance,Sales Executive,Master,Married,0
EMP101496,34,24183.0,7,1,2,2.0,48,7,41.0,No,IT,Sales Executive,Diploma,Single,0
EMP101497,49,30446.0,3,4,3,3.0,46,8,35.0,No,Sales,Software Engineer,Bachelor,Married,0
EMP101498,56,121794.0,2,2,2,4.0,46,7,,No,IT,Research Scientist,Bachelor,Single,0
EMP101499,48,24073.0,2,4,1,1.0,41,6,28.0,,Research & Development,Financial Analyst,Doctorate,Married,0
EMP101500,41,38641.0,9,4,3,4.0,39,4,29.0,No,IT,Software Engineer,Master,Single,0
EMP101501,23,92057.0,1,2,1,1.0,41,3,27.0,No,,Research Scientist,High School,Divorced,0
EMP101502,39,60443.0,13,2,2,3.0,39,4,5.0,No,Research & Development,Financial Analyst,Diploma,Married,0
EMP101503,51,83509.0,4,1,4,2.0,47,0,44.0,Yes,Human Resources,Research Scientist,Master,Married,0
EMP101504,55,70218.0,13,4,1,3.0,43,7,45.0,No,IT,Research Scientist,Doctorate,Single,0
EMP101505,23,106553.0,9,2,7,2.0,46,4,30.0,No,Research & Development,Research Scientist,Bachelor,Married,0
EMP101506,46,62820.0,1,2,1,5.0,35,6,34.0,No,Sales,Financial Analyst,Master,Single,0
EMP101507,36,74135.0,2,2,2,1.0,40,4,44.0,No,Research & Development,Software Engineer,Bachelor,Single,0
EMP101508,31,39703.0,5,2,0,5.0,37,5,14.0,Yes,Research & Development,Project Manager,High School,Single,0
EMP101509,41,71606.0,3,2,3,2.0,34,2,11.0,No,Finance,Project Manager,Master,Divorced,0
EMP101510,36,46020.0,6,2,6,1.0,43,2,35.0,No,Research & Development,Software Engineer,Master,Married,1
EMP101511,29,44855.0,17,3,1,1.0,37,5,30.0,Yes,IT,Software Engineer,High School,Married,0
EMP101512,20,82266.0,12,4,2,5.0,40,3,29.0,No,Research & Development,Financial Analyst,Diploma,Married,0
EMP101513,41,82522.0,3,2,2,1.0,37,7,44.0,No,Research & Development,Research Scientist,Doctorate,Married,0
EMP101514,45,117582.0,14,2,2,2.0,40,7,29.0,No,Finance,Research Scientist,Bachelor,Married,0
EMP101515,37,114183.0,3,4,3,2.0,45,5,42.0,No,Sales,Financial Analyst,Master,Married,0
EMP101516,33,83107.0,4,1,2,5.0,37,3,62.0,No,Sales,Software Engineer,Bachelor,Single,0
EMP101517,48,25359.0,6,4,1,3.0,40,1,66.0,No,Sales,Research Scientist,Bachelor,Married,0
EMP101518,31,125185.0,5,1,0,2.0,45,7,48.0,No,Sales,Sales Executive,Bachelor,Divorced,0
EMP101519,55,83131.0,11,3,1,2.0,45,4,5.0,Yes,Human Resources,Sales Executive,Master,Divorced,0
EMP101520,54,38966.0,13,2,8,1.0,40,0,44.0,No,Research & Development,Research Scientist,Bachelor,Married,0
EMP101521,31,76351.0,6,2,4,1.0,43,1,58.0,Yes,IT,Sales Executive,Bachelor,Single,0
EMP101522,26,34486.0,1,4,1,2.0,46,5,39.0,No,IT,Software Engineer,Master,Married,0
EMP101523,48,72655.0,12,1,2,5.0,37,8,25.0,No,Research & Development,Research Scientist,Master,Single,0
EMP101524,30,30417.0,12,2,7,3.0,38,10,29.0,No,Sales,Sales Executive,Bachelor,Single,0
EMP101525,52,38231.0,4,2,4,1.0,40,4,53.0,No,Research & Development,Sales Executive,Bachelor,Single,0
EMP101526,25,75702.0,1,3,1,1.0,44,5,27.0,Yes,Finance,Sales Executive,Diploma,Single,0
EMP101527,34,89133.0,1,1,1,3.0,43,8,21.0,No,Human Resources,Research Scientist,,Single,0
EMP101528,51,63674.0,2,3,2,1.0,42,4,25.0,No,Sales,Sales Executive,Master,Married,0
EMP101529,30,48354.0,4,2,1,5.0,37,6,36.0,No,Sales,HR Specialist,Master,Single,0
EMP101530,42,21235.0,11,1,3,1.0,46,6,32.0,Yes,Sales,Research Scientist,Diploma,Single,0
EMP101531,45,50063.0,8,3,3,1.0,40,5,11.0,No,Research & Development,Sales Executive,Doctorate,Single,0
EMP101532,53,69923.0,9,1,2,2.0,41,6,29.0,No,Research & Development,Sales Executive,Diploma,Married,1
EMP101533,53,47693.0,6,2,0,5.0,43,9,63.0,Yes,Finance,Project Manager,Diploma,Married,0
EMP101534,48,54444.0,5,1,4,5.0,52,4,38.0,No,Sales,Sales Executive,Diploma,Married,0
EMP101535,23,50593.0,5,2,2,2.0,39,5,44.0,,Sales,Financial Analyst,Doctorate,Divorced,0
EMP101536,36,47587.0,2,3,2,4.0,39,4,14.0,Yes,IT,Software Engineer,Bachelor,Divorced,0
EMP101537,54,56910.0,2,2,2,3.0,40,7,45.0,Yes,IT,Software Engineer,Bachelor,Married,0
EMP101538,32,48648.0,4,2,4,5.0,48,9,58.0,No,Research & Development,Sales Executive,Bachelor,Married,0
EMP101539,60,105300.0,3,2,3,4.0,43,5,40.0,No,Finance,Research Scientist,Doctorate,Single,0
EMP101540,58,20378.0,5,1,5,3.0,44,6,17.0,No,Research & Development,Research Scientist,Master,Single,0
EMP101541,34,43022.0,10,2,2,5.0,46,3,45.0,No,IT,Financial Analyst,Bachelor,Married,0
EMP101542,48,37178.0,2,5,1,1.0,48,6,47.0,No,IT,Project Manager,High School,Single,0
EMP101543,48,60699.0,3,4,3,5.0,39,5,24.0,Yes,IT,Research Scientist,Master,Married,0
EMP101544,30,56943.0,8,1,2,3.0,45,4,51.0,No,Sales,Project Manager,Master,Single,0
EMP101545,51,114128.0,8,1,5,4.0,48,6,42.0,No,Research & Development,Sales Executive,Master,Single,0
EMP101546,21,132336.0,6,4,1,1.0,43,7,5.0,No,Sales,Software Engineer,Master,Single,0
EMP101547,33,38840.0,5,2,4,3.0,38,5,26.0,No,Human Resources,Financial Analyst,Bachelor,Married,0
EMP101548,39,55012.0,4,2,3,3.0,37,5,30.0,,Sales,Research Scientist,Master,Single,0
EMP101549,41,60080.0,5,3,5,5.0,44,6,34.0,No,Human Resources,Research Scientist,Master,Married,0
EMP101550,30,38410.0,14,2,4,2.0,36,1,35.0,Yes,Sales,Research Scientist,Master,Divorced,0
EMP101551,46,72974.0,1,2,1,2.0,38,5,47.0,Yes,Finance,Sales Executive,Bachelor,Single,0
EMP101552,22,49380.0,4,5,4,1.0,40,2,47.0,No,Finance,Sales Executive,Master,Married,0
EMP101553,36,34018.0,2,3,0,3.0,43,6,59.0,Yes,Sales,Sales Executive,Master,Married,0
EMP101554,47,48498.0,7,1,5,4.0,45,5,40.0,No,Finance,Software Engineer,Master,Married,0
EMP101555,48,35106.0,5,1,5,1.0,38,2,57.0,No,Sales,Sales Executive,,Married,0
EMP101556,40,87691.0,3,1,3,1.0,36,3,49.0,Yes,Sales,Sales Executive,High School,Married,0
EMP101557,35,129416.0,4,3,4,5.0,46,5,53.0,Yes,Research & Development,HR Specialist,Bachelor,Married,0
EMP101558,56,61406.0,7,2,4,4.0,45,3,59.0,No,Research & Development,Sales Executive,Master,Divorced,0
EMP101559,39,57824.0,4,1,2,3.0,44,10,30.0,Yes,Sales,Research Scientist,Diploma,Married,0
EMP101560,25,58905.0,7,5,3,3.0,44,8,34.0,No,Research & Development,Sales Executive,Bachelor,Married,0
EMP101561,38,93629.0,4,1,2,3.0,40,4,5.0,No,Research & Development,Software Engineer,Bachelor,Single,0
EMP101562,24,92726.0,12,1,1,1.0,41,8,52.0,Yes,IT,Project Manager,Master,Single,0
EMP101563,22,52211.0,12,1,2,5.0,42,3,50.0,Yes,Research & Development,Sales Executive,Diploma,Divorced,0
EMP101564,20,61621.0,3,1,3,1.0,38,5,37.0,No,Research & Development,Project Manager,Master,Single,0
EMP101565,57,73775.0,4,2,4,2.0,44,4,47.0,No,Human Resources,Financial Analyst,Bachelor,Single,0
EMP101566,34,32963.0,2,4,2,2.0,43,4,51.0,No,Finance,Project Manager,Master,Married,0
EMP101567,53,94917.0,8,4,6,3.0,41,6,35.0,Yes,Sales,Financial Analyst,Master,Married,0
EMP101568,54,120062.0,8,2,4,5.0,47,10,41.0,No,Sales,Financial Analyst,Master,Married,0
EMP101569,44,92907.0,4,2,4,,41,4,35.0,No,Research & Development,Sales Executive,Bachelor,Married,0
EMP101570,43,31400.0,7,2,3,3.0,45,8,34.0,No,Human Resources,Financial Analyst,Diploma,Married,0
EMP101571,31,22665.0,4,1,4,1.0,36,8,25.0,Yes,Sales,Research Scientist,Diploma,Married,0
EMP101572,37,75661.0,4,1,2,3.0,46,6,14.0,No,Research & Development,Software Engineer,Bachelor,Married,0
EMP101573,34,39066.0,8,4,3,3.0,45,5,16.0,Yes,Sales,Sales Executive,Master,Married,0
EMP101574,35,62586.0,2,1,2,5.0,53,5,34.0,No,Research & Development,Sales Executive,Bachelor,Married,0
EMP101575,46,109744.0,6,1,1,5.0,50,7,18.0,No,Research & Development,HR Specialist,,Married,0
EMP101576,27,40923.0,3,2,1,5.0,47,5,21.0,No,Finance,Financial Analyst,Bachelor,Single,0
EMP101577,44,46406.0,13,2,1,3.0,39,6,23.0,No,Research & Development,Software Engineer,Master,Single,0
EMP101578,36,62294.0,4,1,4,5.0,38,8,31.0,No,Human Resources,Sales Executive,High School,Single,0
EMP101579,48,30675.0,4,1,4,5.0,38,7,52.0,No,Human Resources,Sales Executive,Bachelor,Married,0
EMP101580,27,39107.0,4,2,4,4.0,45,6,5.0,Yes,Research & Development,Sales Executive,Bachelor,Married,0
EMP101581,34,55619.0,2,3,2,4.0,48,6,36.0,No,Sales,Sales Executive,Bachelor,Single,0
EMP101582,46,48045.0,2,1,2,,36,4,21.0,No,Finance,Software Engineer,Bachelor,Divorced,0
EMP101583,26,72321.0,10,2,1,1.0,38,2,34.0,No,IT,HR Specialist,High School,Married,0
EMP101584,22,190952.0,2,2,2,1.0,42,4,26.0,Yes,Research & Development,Research Scientist,Bachelor,Single,0
EMP101585,48,57509.0,3,4,2,5.0,36,2,32.0,No,Sales,Sales Executive,Bachelor,Single,0
EMP101586,43,37659.0,4,2,1,2.0,40,7,12.0,Yes,Human Resources,Financial Analyst,Master,Single,0
EMP101587,22,104120.0,4,1,1,2.0,48,3,41.0,No,Research & Development,Software Engineer,Master,Single,0
EMP101588,39,26906.0,5,2,2,4.0,46,2,36.0,No,Sales,HR Specialist,High School,Single,1
EMP101589,34,29439.0,7,3,7,2.0,46,4,37.0,,IT,Software Engineer,Bachelor,Single,0
EMP101590,44,42078.0,10,1,1,3.0,37,4,50.0,Yes,Human Resources,Research Scientist,Master,Married,0
EMP101591,49,48426.0,4,2,1,5.0,33,2,14.0,No,Finance,Sales Executive,Bachelor,Married,0
EMP101592,33,41627.0,1,1,1,3.0,40,6,19.0,Yes,Finance,HR Specialist,Bachelor,Married,0
EMP101593,26,54226.0,6,1,2,1.0,30,5,60.0,Yes,Research & Development,Research Scientist,Diploma,Married,0
EMP101594,36,62238.0,4,2,4,4.0,44,4,43.0,Yes,Research & Development,Research Scientist,Diploma,Single,0
EMP101595,39,88976.0,3,2,2,3.0,46,5,6.0,No,Sales,Software Engineer,Bachelor,Single,0
EMP101596,55,57304.0,3,4,1,5.0,38,4,32.0,No,Finance,Research Scientist,Master,Divorced,0
EMP101597,28,42711.0,11,3,2,3.0,45,1,51.0,Yes,Research & Development,Project Manager,High School,Single,0
EMP101598,57,86828.0,4,2,3,3.0,45,4,66.0,No,Human Resources,Sales Executive,Bachelor,Married,0
EMP101599,41,38068.0,2,2,2,2.0,36,9,58.0,Yes,Research & Development,Financial Analyst,Doctorate,Married,0
EMP101600,21,26381.0,6,2,1,4.0,40,5,28.0,No,Human Resources,Sales Executive,Master,Single,0
EMP101601,43,94634.0,10,1,4,1.0,40,4,33.0,No,Human Resources,Software Engineer,Bachelor,Single,0
EMP101602,27,91943.0,2,4,2,5.0,47,8,8.0,No,Finance,HR Specialist,High School,Married,0
EMP101603,30,38505.0,10,5,7,5.0,46,5,37.0,No,Sales,Research Scientist,Bachelor,Single,0
EMP101604,32,45958.0,1,1,1,1.0,45,6,38.0,Yes,Human Resources,HR Specialist,Diploma,Married,1
EMP101605,36,36405.0,5,1,1,5.0,39,2,49.0,No,IT,Project Manager,Master,Single,0
EMP101606,27,63708.0,7,1,2,2.0,49,5,5.0,No,Sales,Project Manager,Master,Married,0
EMP101607,40,119912.0,3,3,0,3.0,43,5,21.0,Yes,IT,Project Manager,Master,Single,0
EMP101608,37,75462.0,2,3,1,2.0,44,4,32.0,Yes,Sales,Research Scientist,Master,Single,0
EMP101609,49,87655.0,3,4,3,2.0,51,3,48.0,Yes,IT,Software Engineer,Bachelor,Single,1
EMP101610,37,79536.0,11,3,4,2.0,45,4,29.0,No,IT,Software Engineer,High School,Married,0
EMP101611,50,54997.0,6,2,4,1.0,41,5,70.0,No,Finance,Research Scientist,Bachelor,Married,0
EMP101612,57,89554.0,1,3,1,4.0,40,7,19.0,Yes,Sales,Research Scientist,Master,Married,0
EMP101613,51,76907.0,13,3,1,1.0,33,5,28.0,Yes,Sales,Project Manager,Bachelor,Married,0
EMP101614,30,105118.0,3,2,3,1.0,34,8,19.0,No,Research & Development,Research Scientist,Master,Married,0
EMP101615,44,44725.0,5,2,3,2.0,46,4,32.0,No,Finance,Software Engineer,Doctorate,Married,1
EMP101616,52,25158.0,7,3,1,4.0,32,5,42.0,Yes,Sales,HR Specialist,Bachelor,Single,0
EMP101617,57,88032.0,7,2,7,1.0,47,1,38.0,Yes,Research & Development,Sales Executive,Bachelor,Married,0
EMP101618,60,64375.0,3,3,3,4.0,46,5,22.0,Yes,Finance,Sales Executive,Bachelor,Married,0
EMP101619,27,48140.0,6,3,5,2.0,38,7,53.0,No,Research & Development,HR Specialist,Bachelor,Single,0
EMP101620,30,49366.0,6,3,3,1.0,43,3,56.0,No,IT,Sales Executive,Diploma,Married,0
EMP101621,41,173633.0,5,3,1,4.0,45,6,25.0,No,Research & Development,Financial Analyst,Bachelor,Married,0
EMP101622,43,41196.0,13,2,2,5.0,42,10,81.0,Yes,Research & Development,Sales Executive,Diploma,Single,0
EMP101623,60,37463.0,3,3,3,1.0,48,4,18.0,No,Human Resources,Research Scientist,High School,Married,1
EMP101624,36,,2,2,2,1.0,35,5,36.0,Yes,IT,HR Specialist,Diploma,Married,0
EMP101625,31,93555.0,6,1,1,1.0,45,8,36.0,Yes,Sales,Financial Analyst,Doctorate,Single,0
EMP101626,51,153333.0,6,1,5,4.0,39,7,18.0,No,Research & Development,Project Manager,Bachelor,Single,0
EMP101627,34,73932.0,7,2,3,3.0,33,10,38.0,No,IT,Software Engineer,Diploma,Divorced,0
EMP101628,35,31052.0,2,2,2,1.0,36,3,33.0,No,Sales,Financial Analyst,Master,Single,0
EMP101629,41,133516.0,6,5,2,5.0,39,5,41.0,No,Sales,Sales Executive,Bachelor,Single,0
EMP101630,47,54520.0,1,2,0,5.0,42,8,35.0,No,Research & Development,Financial Analyst,Diploma,Single,0
EMP101631,39,37727.0,3,2,2,2.0,37,6,47.0,No,IT,Project Manager,Master,Married,0
EMP101632,52,33839.0,2,1,2,3.0,39,5,44.0,Yes,Sales,Financial Analyst,Diploma,Married,0
EMP101633,29,80132.0,10,1,1,3.0,40,1,20.0,No,Sales,Software Engineer,High School,Single,0
EMP101634,59,61240.0,2,3,2,4.0,38,5,30.0,No,Human Resources,Sales Executive,Diploma,Married,0
EMP101635,51,64239.0,6,1,3,2.0,39,3,23.0,Yes,Research & Development,Software Engineer,Master,Married,0
EMP101636,52,98127.0,1,3,1,4.0,45,2,60.0,No,Research & Development,Software Engineer,Master,Divorced,0
EMP101637,21,38335.0,1,3,1,2.0,50,4,49.0,No,IT,Research Scientist,Master,Married,0
EMP101638,52,101708.0,3,2,1,3.0,43,10,40.0,Yes,Research & Development,Software Engineer,Master,Married,0
EMP101639,52,43541.0,1,4,1,4.0,43,4,43.0,Yes,Human Resources,Sales Executive,High School,Single,0
EMP101640,60,145640.0,4,2,4,2.0,42,3,33.0,No,Research & Development,Financial Analyst,Master,Single,0
EMP101641,32,72007.0,4,2,4,3.0,40,4,37.0,No,IT,Project Manager,Bachelor,Married,0
EMP101642,49,36351.0,2,4,2,3.0,45,4,24.0,Yes,Research & Development,Financial Analyst,Doctorate,Single,0
EMP101643,52,22107.0,5,4,2,1.0,47,7,25.0,Yes,Finance,Software Engineer,Master,Married,1
EMP101644,32,79150.0,1,1,1,4.0,36,3,44.0,No,Sales,Software Engineer,Master,Married,0
EMP101645,45,46477.0,15,1,4,1.0,47,4,19.0,Yes,Research & Development,Sales Executive,Master,Divorced,0
EMP101646,41,51281.0,9,1,1,3.0,50,4,24.0,No,Research & Development,HR Specialist,Bachelor,Married,0
EMP101647,58,77643.0,2,2,2,4.0,37,4,32.0,No,Sales,Financial Analyst,Bachelor,Single,0
EMP101648,21,86662.0,8,5,1,4.0,47,9,12.0,Yes,Research & Development,Research Scientist,Doctorate,Single,0
EMP101649,57,95393.0,5,2,2,5.0,50,6,50.0,No,Sales,Research Scientist,Master,Single,0
EMP101650,58,32416.0,5,2,5,2.0,46,2,45.0,No,IT,Financial Analyst,Bachelor,Divorced,0
EMP101651,45,104479.0,2,4,1,5.0,41,8,41.0,No,Human Resources,Sales Executive,Bachelor,Married,0
EMP101652,34,42384.0,2,2,2,5.0,46,5,29.0,No,Research & Development,Software Engineer,Bachelor,Married,0
EMP101653,53,19926.0,2,2,2,3.0,38,5,53.0,Yes,,Software Engineer,Master,Single,0
EMP101654,59,32364.0,6,5,2,2.0,40,8,41.0,No,Research & Development,Research Scientist,Bachelor,Married,0
EMP101655,30,60670.0,3,4,1,5.0,38,7,50.0,Yes,Research & Development,Project Manager,Bachelor,Married,0
EMP101656,22,35405.0,2,4,2,5.0,35,6,51.0,Yes,Research & Development,Project Manager,Bachelor,Single,0
EMP101657,25,52864.0,9,2,4,4.0,42,8,28.0,Yes,Sales,Software Engineer,Bachelor,Married,0
EMP101658,28,64042.0,2,3,1,3.0,44,3,22.0,No,Sales,Software Engineer,Doctorate,Single,0
EMP101659,25,50689.0,5,1,2,5.0,45,4,20.0,No,IT,Research Scientist,Diploma,Single,0
EMP101660,28,44030.0,2,2,2,2.0,30,4,36.0,No,Sales,Project Manager,Doctorate,Single,0
EMP101661,58,31328.0,1,5,1,1.0,43,3,5.0,No,Research & Development,Sales Executive,Diploma,Married,0
EMP101662,50,55546.0,9,2,9,1.0,42,3,19.0,No,Finance,Project Manager,Bachelor,Single,1
EMP101663,51,21717.0,2,3,2,3.0,37,3,25.0,,Research & Development,Software Engineer,,Married,0
EMP101664,60,40392.0,10,2,3,1.0,40,1,26.0,No,Human Resources,Project Manager,Master,Single,0
EMP101665,31,36228.0,4,1,4,4.0,46,6,44.0,No,Sales,Financial Analyst,High School,Married,0
EMP101666,27,49383.0,4,3,4,4.0,42,3,13.0,Yes,Research & Development,Project Manager,Master,Single,0
EMP101667,27,49966.0,7,1,2,2.0,42,1,10.0,Yes,Human Resources,Project Manager,Bachelor,Married,0
EMP101668,47,84717.0,7,3,2,3.0,46,3,10.0,Yes,Sales,Software Engineer,Master,Married,0
EMP101669,39,112157.0,5,1,2,3.0,54,3,43.0,Yes,Research & Development,Financial Analyst,Master,Divorced,1
EMP101670,26,33259.0,3,5,3,1.0,41,9,26.0,Yes,Research & Development,HR Specialist,Diploma,Married,0
EMP101671,30,134843.0,6,2,4,5.0,43,4,26.0,No,Finance,Project Manager,High School,Single,0
EMP101672,39,38731.0,7,1,0,5.0,38,5,61.0,No,Sales,Research Scientist,Diploma,Married,0
EMP101673,35,59440.0,1,1,1,5.0,53,5,42.0,No,IT,Software Engineer,Bachelor,Single,0
EMP101674,23,69215.0,4,5,4,2.0,39,7,24.0,No,,Financial Analyst,High School,Divorced,0
EMP101675,25,165239.0,0,3,0,3.0,33,7,14.0,Yes,Sales,Software Engineer,,Single,0
EMP101676,41,43091.0,6,3,3,1.0,45,4,63.0,Yes,Research & Development,Financial Analyst,Bachelor,Single,1
EMP101677,45,24503.0,2,2,0,2.0,34,6,39.0,No,Sales,Software Engineer,Bachelor,Married,1
EMP101678,22,107555.0,6,2,1,4.0,48,4,28.0,No,Research & Development,Sales Executive,Master,Single,0
EMP101679,60,37800.0,4,1,1,4.0,45,2,38.0,No,Research & Development,Research Scientist,Master,Single,0
EMP101680,33,46741.0,5,2,4,4.0,37,8,29.0,Yes,Research & Development,Financial Analyst,Bachelor,Married,0
EMP101681,30,33260.0,11,1,7,3.0,45,2,43.0,Yes,Sales,HR Specialist,,Single,0
EMP101682,37,46802.0,2,5,2,4.0,40,3,10.0,Yes,Human Resources,Project Manager,Bachelor,Single,0
EMP101683,31,37681.0,4,3,3,5.0,44,3,29.0,No,IT,Sales Executive,Bachelor,Married,0
EMP101684,42,74570.0,5,2,5,4.0,36,2,19.0,No,Human Resources,Software Engineer,Master,Single,0
EMP101685,31,57036.0,1,1,0,2.0,35,6,34.0,No,Research & Development,Software Engineer,High School,Married,0
EMP101686,32,40482.0,8,3,7,4.0,44,6,21.0,No,Sales,Sales Executive,Bachelor,Married,0
EMP101687,44,86097.0,10,1,3,5.0,51,3,26.0,Yes,Human Resources,Sales Executive,Diploma,Married,0
EMP101688,38,61688.0,5,1,5,4.0,39,7,27.0,Yes,Human Resources,Sales Executive,High School,Married,0
EMP101689,55,23965.0,12,1,5,1.0,38,4,39.0,No,Human Resources,Software Engineer,High School,Single,1
EMP101690,27,83196.0,6,2,1,5.0,40,3,29.0,Yes,Sales,Financial Analyst,High School,Divorced,0
EMP101691,48,59771.0,5,3,4,3.0,35,6,20.0,No,Research & Development,Financial Analyst,Master,Married,0
EMP101692,51,102839.0,8,2,2,4.0,45,7,41.0,No,Research & Development,Research Scientist,Diploma,Married,0
EMP101693,37,58154.0,4,1,4,2.0,47,4,66.0,No,Finance,Software Engineer,Diploma,Married,0
EMP101694,25,38516.0,4,2,4,4.0,44,3,30.0,Yes,Finance,Sales Executive,Bachelor,Married,0
EMP101695,37,50169.0,6,3,4,2.0,41,4,55.0,No,IT,Sales Executive,Bachelor,Married,0
EMP101696,38,78972.0,14,1,1,1.0,37,2,12.0,No,IT,Software Engineer,Master,Married,0
EMP101697,41,38881.0,2,1,2,3.0,52,7,24.0,No,Research & Development,Software Engineer,Bachelor,Married,0
EMP101698,56,45114.0,1,5,1,5.0,38,6,54.0,No,IT,Software Engineer,Bachelor,Single,0
EMP101699,51,49778.0,5,5,5,5.0,38,5,38.0,Yes,Sales,Project Manager,Bachelor,Married,0
EMP101700,60,32790.0,1,5,1,,33,4,24.0,No,Sales,Research Scientist,Master,Single,1
EMP101701,22,39134.0,3,3,3,1.0,35,7,48.0,No,Sales,Software Engineer,Diploma,Single,0
EMP101702,47,59441.0,4,1,2,1.0,44,5,19.0,Yes,Research & Development,Software Engineer,Bachelor,Married,1
EMP101703,29,94486.0,3,1,3,4.0,40,6,36.0,Yes,Finance,Software Engineer,Bachelor,Married,0
EMP101704,54,63437.0,10,2,6,1.0,38,2,49.0,No,Research & Development,Software Engineer,Bachelor,Married,0
EMP101705,48,53877.0,9,2,3,4.0,38,4,40.0,No,Finance,Sales Executive,Diploma,Single,0
EMP101706,34,37836.0,13,5,2,2.0,39,7,73.0,No,Finance,Sales Executive,Diploma,Single,0
EMP101707,52,90031.0,4,3,4,3.0,39,3,27.0,No,Finance,Research Scientist,Doctorate,Married,0
EMP101708,26,66847.0,5,3,3,2.0,49,4,45.0,No,Sales,Research Scientist,Master,Married,0
EMP101709,31,40017.0,3,1,3,2.0,40,4,48.0,,Research & Development,Sales Executive,Bachelor,Married,0
EMP101710,49,82412.0,9,4,1,2.0,43,5,32.0,No,Human Resources,Financial Analyst,Master,Divorced,0
EMP101711,40,70749.0,1,4,1,2.0,42,2,21.0,No,Research & Development,Software Engineer,Bachelor,Married,0
EMP101712,50,38139.0,3,1,3,5.0,42,6,52.0,No,Finance,Financial Analyst,High School,Divorced,0
EMP101713,43,52547.0,9,4,2,1.0,40,5,27.0,No,Finance,Software Engineer,Bachelor,Married,0
EMP101714,39,44061.0,4,2,0,3.0,40,4,45.0,Yes,Sales,Software Engineer,Diploma,Single,0
EMP101715,56,179904.0,3,1,3,3.0,45,4,41.0,No,Sales,Software Engineer,Bachelor,Married,0
EMP101716,23,69869.0,2,3,2,2.0,43,4,37.0,No,Sales,Software Engineer,High School,Divorced,0
EMP101717,47,59822.0,2,3,2,3.0,38,6,55.0,No,IT,Project Manager,Diploma,Married,0
EMP101718,39,68036.0,3,1,1,4.0,30,5,40.0,No,Sales,Software Engineer,Master,Single,0
EMP101719,43,102305.0,6,2,2,3.0,39,2,44.0,Yes,Human Resources,Research Scientist,Master,Single,0
EMP101720,51,52975.0,4,5,1,2.0,35,4,41.0,No,Sales,Financial Analyst,Master,Married,0
EMP101721,60,42177.0,10,3,1,3.0,37,8,36.0,No,Research & Development,Software Engineer,Master,Married,0
EMP101722,55,80420.0,1,3,1,1.0,35,7,29.0,No,Sales,Sales Executive,Master,Single,0
EMP101723,53,,2,1,1,2.0,48,10,35.0,No,Research & Development,Financial Analyst,High School,Divorced,0
EMP101724,55,33984.0,1,1,1,5.0,48,4,44.0,No,Research & Development,Software Engineer,Bachelor,Married,1
EMP101725,21,31132.0,2,2,2,1.0,46,4,42.0,No,Research & Development,Project Manager,,Married,0
EMP101726,34,109455.0,3,1,3,3.0,40,2,44.0,Yes,Research & Development,Research Scientist,Bachelor,Married,0
EMP101727,53,58357.0,6,1,6,5.0,39,2,92.0,No,IT,HR Specialist,Doctorate,Single,0
EMP101728,55,42183.0,6,1,1,1.0,35,5,27.0,No,Finance,Project Manager,Bachelor,Divorced,0
EMP101729,25,49496.0,6,2,4,4.0,47,5,11.0,No,IT,Project Manager,Bachelor,Single,0
EMP101730,58,79098.0,7,2,4,1.0,46,5,29.0,No,Sales,Financial Analyst,Master,Married,0
EMP101731,31,48197.0,8,4,4,5.0,44,8,30.0,No,Sales,Research Scientist,Bachelor,Single,0
EMP101732,22,28648.0,6,1,2,4.0,36,5,42.0,No,Research & Development,Sales Executive,Bachelor,Single,0
EMP101733,37,63686.0,7,2,3,3.0,40,9,31.0,No,IT,Financial Analyst,Master,Married,0
EMP101734,59,94736.0,3,1,3,2.0,41,6,46.0,No,Sales,Sales Executive,Bachelor,Single,0
EMP101735,40,91927.0,1,2,1,3.0,33,5,23.0,No,Sales,Project Manager,Bachelor,Married,0
EMP101736,34,42761.0,2,1,1,2.0,49,7,44.0,No,Finance,Financial Analyst,Master,Married,1
EMP101737,52,97364.0,10,5,7,2.0,35,2,13.0,No,Research & Development,Financial Analyst,Bachelor,Married,0
EMP101738,54,60531.0,2,3,2,5.0,38,3,35.0,No,Research & Development,Software Engineer,Diploma,Married,0
EMP101739,45,96144.0,3,2,3,4.0,33,6,23.0,No,Research & Development,Sales Executive,Master,Married,0
EMP101740,27,71200.0,1,1,1,4.0,41,2,30.0,Yes,Research & Development,Financial Analyst,Bachelor,Married,0
EMP101741,55,27733.0,8,2,4,1.0,41,4,5.0,No,Human Resources,Project Manager,Diploma,Divorced,0
EMP101742,49,120707.0,4,3,3,3.0,47,3,48.0,No,IT,Project Manager,Bachelor,Single,0
EMP101743,42,56297.0,3,1,1,5.0,37,7,29.0,No,IT,Financial Analyst,Diploma,Single,0
EMP101744,33,71300.0,1,2,1,3.0,37,6,33.0,Yes,Sales,HR Specialist,High School,Single,0
EMP101745,33,30039.0,4,3,2,1.0,42,4,41.0,No,Research & Development,Sales Executive,Diploma,Single,0
EMP101746,21,69043.0,8,3,2,1.0,32,5,24.0,No,Sales,Project Manager,Bachelor,Single,0
EMP101747,56,90346.0,6,3,6,5.0,49,7,28.0,No,IT,Software Engineer,Bachelor,Married,0
EMP101748,24,131398.0,2,4,2,1.0,35,7,8.0,No,Research & Development,Software Engineer,Doctorate,Married,0
EMP101749,57,103287.0,2,4,2,5.0,51,1,30.0,Yes,IT,Financial Analyst,Master,Married,0
EMP101750,60,70579.0,4,2,4,1.0,38,5,58.0,No,Sales,Financial Analyst,Master,Married,0
EMP101751,33,27450.0,1,2,1,4.0,35,4,39.0,No,Sales,Sales Executive,Bachelor,Divorced,0
EMP101752,58,58373.0,6,3,6,5.0,45,6,12.0,Yes,IT,Software Engineer,Master,Divorced,0
EMP101753,44,42128.0,2,3,2,4.0,45,6,41.0,No,IT,Financial Analyst,Diploma,Married,1
EMP101754,39,61134.0,2,5,2,4.0,45,6,54.0,No,Finance,Project Manager,Bachelor,Single,0
EMP101755,21,31817.0,2,1,2,5.0,43,7,20.0,No,Sales,Software Engineer,Bachelor,Married,0
EMP101756,58,50037.0,7,2,6,3.0,53,8,32.0,No,Sales,Financial Analyst,Master,Married,0
EMP101757,25,43580.0,2,2,2,2.0,35,3,32.0,No,Finance,Research Scientist,Bachelor,Single,0
EMP101758,36,42977.0,2,2,2,1.0,49,6,37.0,No,Human Resources,Software Engineer,Master,Single,1
EMP101759,44,43169.0,11,1,3,1.0,34,2,37.0,No,IT,Project Manager,Diploma,Single,0
EMP101760,47,51738.0,6,3,1,3.0,50,2,44.0,No,Research & Development,Research Scientist,Diploma,Married,0
EMP101761,21,62560.0,4,1,2,2.0,44,1,33.0,No,Research & Development,HR Specialist,Master,Single,0
EMP101762,54,18000.0,4,3,0,3.0,50,5,54.0,No,Finance,Research Scientist,Bachelor,Married,0
EMP101763,56,18877.0,0,3,0,2.0,46,5,6.0,No,Research & Development,HR Specialist,Bachelor,Married,0
EMP101764,24,47225.0,5,2,5,5.0,31,4,18.0,No,Research & Development,Research Scientist,Master,Divorced,0
EMP101765,20,50317.0,9,2,3,5.0,40,4,57.0,No,Research & Development,Research Scientist,High School,Married,0
EMP101766,59,59885.0,2,3,1,4.0,36,3,28.0,No,Human Resources,Project Manager,Diploma,Married,0
EMP101767,31,39642.0,1,3,1,4.0,49,3,43.0,Yes,Research & Development,Software Engineer,Bachelor,Single,1
EMP101768,55,55235.0,1,4,1,5.0,46,5,33.0,No,IT,Financial Analyst,Master,Married,0
EMP101769,42,58222.0,1,4,1,4.0,43,5,49.0,No,Research & Development,Software Engineer,Bachelor,Married,0
EMP101770,50,39519.0,5,5,2,5.0,40,2,41.0,No,Sales,Sales Executive,Bachelor,Single,0
EMP101771,30,86781.0,6,2,1,3.0,44,3,75.0,No,Sales,Project Manager,Bachelor,Single,0
EMP101772,29,59560.0,6,4,6,1.0,37,5,35.0,No,IT,Software Engineer,High School,Married,0
EMP101773,22,70349.0,3,3,3,5.0,43,2,29.0,No,Human Resources,HR Specialist,Master,Single,0
EMP101774,33,56731.0,8,4,1,5.0,41,8,54.0,No,Research & Development,Financial Analyst,Master,Divorced,0
EMP101775,35,141739.0,1,1,1,5.0,38,1,45.0,No,IT,Financial Analyst,High School,Single,0
EMP101776,29,71931.0,2,5,0,4.0,45,2,23.0,Yes,Human Resources,Software Engineer,Bachelor,Single,0
EMP101777,48,44156.0,3,2,3,4.0,51,10,48.0,No,Sales,HR Specialist,Bachelor,Married,1
EMP101778,29,79580.0,6,3,1,4.0,35,7,38.0,Yes,Sales,Financial Analyst,Diploma,Single,0
EMP101779,31,26322.0,1,1,1,4.0,47,2,36.0,No,IT,Sales Executive,Diploma,Married,0
EMP101780,49,58041.0,4,2,1,3.0,38,4,42.0,No,Human Resources,Sales Executive,Diploma,Married,0
EMP101781,60,63495.0,8,2,3,5.0,45,4,47.0,No,Research & Development,Software Engineer,Bachelor,Divorced,0
EMP101782,20,58340.0,7,2,5,3.0,39,3,38.0,No,IT,Software Engineer,Diploma,Divorced,0
EMP101783,24,47329.0,2,1,2,4.0,41,6,31.0,Yes,Research & Development,Financial Analyst,High School,Married,0
EMP101784,39,34876.0,5,3,5,3.0,41,4,66.0,No,Finance,HR Specialist,Doctorate,Single,0
EMP101785,27,38557.0,3,1,1,5.0,49,4,34.0,Yes,Human Resources,Research Scientist,High School,Single,0
EMP101786,31,57585.0,3,2,3,5.0,42,5,55.0,Yes,Human Resources,Sales Executive,Bachelor,Single,0
EMP101787,20,33323.0,4,1,4,4.0,40,6,27.0,No,Human Resources,Sales Executive,Master,Married,0
EMP101788,39,121986.0,11,2,3,5.0,42,6,22.0,No,Sales,Research Scientist,High School,Married,0
EMP101789,47,,11,2,3,3.0,51,7,50.0,No,Finance,Project Manager,Doctorate,Single,0
EMP101790,56,47550.0,7,2,2,2.0,45,5,31.0,No,IT,Financial Analyst,Bachelor,Married,0
EMP101791,56,57801.0,2,2,2,5.0,39,2,6.0,Yes,Research & Development,Project Manager,Master,Divorced,0
EMP101792,31,69108.0,7,3,3,3.0,49,9,32.0,No,Research & Development,Research Scientist,Bachelor,Married,0
EMP101793,56,36422.0,4,1,4,3.0,43,7,43.0,Yes,Research & Development,Software Engineer,Bachelor,Divorced,0
EMP101794,47,91631.0,6,1,5,3.0,38,4,25.0,Yes,Finance,Sales Executive,Master,Married,0
EMP101795,34,29374.0,2,1,2,5.0,44,4,23.0,No,Finance,Project Manager,High School,Married,0
EMP101796,25,42631.0,7,5,5,2.0,41,0,38.0,No,Finance,Research Scientist,Bachelor,Married,0
EMP101797,39,72724.0,7,2,1,4.0,30,9,18.0,No,Finance,Project Manager,Doctorate,Married,0
EMP101798,33,87831.0,5,2,3,4.0,44,6,40.0,No,Sales,Financial Analyst,High School,Married,0
EMP101799,21,29240.0,6,1,2,5.0,37,6,51.0,Yes,Sales,Financial Analyst,Bachelor,Married,0
EMP101800,28,180838.0,6,2,5,5.0,36,4,55.0,No,Research & Development,Software Engineer,Bachelor,Single,0
EMP101801,56,36725.0,2,1,2,1.0,32,4,25.0,No,Research & Development,HR Specialist,Diploma,Married,0
EMP101802,39,30473.0,10,1,3,2.0,43,6,62.0,Yes,Research & Development,Financial Analyst,Bachelor,Divorced,0
EMP101803,45,68962.0,3,2,2,3.0,41,7,44.0,No,Research & Development,Research Scientist,Master,Married,0
EMP101804,48,47021.0,1,2,1,3.0,47,6,25.0,No,Sales,Financial Analyst,Master,Divorced,0
EMP101805,20,43996.0,10,1,5,4.0,38,4,29.0,Yes,Sales,Project Manager,Bachelor,Divorced,0
EMP101806,54,71907.0,4,3,4,5.0,40,7,25.0,No,Sales,Sales Executive,Bachelor,Married,0
EMP101807,25,27662.0,7,5,2,2.0,52,3,5.0,No,IT,Research Scientist,Master,Single,0
EMP101808,56,25569.0,4,2,1,4.0,32,6,56.0,No,Finance,Financial Analyst,Diploma,Married,0
EMP101809,24,42035.0,1,3,1,2.0,48,2,38.0,Yes,Sales,Financial Analyst,Master,Single,0
EMP101810,52,89335.0,3,5,1,5.0,38,6,45.0,No,Research & Development,Research Scientist,Master,Single,0
EMP101811,33,42863.0,4,4,2,3.0,58,5,36.0,Yes,Human Resources,Financial Analyst,Master,Single,1
EMP101812,31,112951.0,7,2,1,1.0,46,4,12.0,No,IT,HR Specialist,High School,Single,0
EMP101813,39,94423.0,5,3,5,2.0,39,3,40.0,No,Research & Development,Research Scientist,Bachelor,Married,0
EMP101814,43,62468.0,3,1,3,3.0,35,4,49.0,No,Research & Development,Software Engineer,Master,Married,0
EMP101815,53,64085.0,3,2,3,2.0,44,9,49.0,No,Research & Development,Software Engineer,High School,Married,1
EMP101816,44,62442.0,7,2,7,2.0,32,2,51.0,No,IT,Project Manager,Master,Single,0
EMP101817,48,59099.0,7,1,6,2.0,45,3,36.0,No,Research & Development,Project Manager,Bachelor,Married,1
EMP101818,58,46643.0,2,2,2,5.0,35,5,5.0,Yes,Sales,HR Specialist,Bachelor,Married,1
EMP101819,50,49144.0,4,1,4,4.0,37,3,45.0,No,Research & Development,Project Manager,Doctorate,Single,0
EMP101820,42,33983.0,7,3,7,2.0,30,4,36.0,Yes,Research & Development,Sales Executive,Doctorate,Married,0
EMP101821,57,20345.0,11,2,7,5.0,43,6,,Yes,Research & Development,Software Engineer,Bachelor,Married,0
EMP101822,39,90393.0,9,2,1,1.0,43,11,63.0,Yes,IT,Project Manager,Bachelor,Married,0
EMP101823,42,59033.0,1,1,1,4.0,42,6,52.0,No,IT,Research Scientist,Diploma,Divorced,0
EMP101824,35,55154.0,4,1,3,5.0,33,3,14.0,Yes,Research & Development,Research Scientist,Diploma,Married,0
EMP101825,27,65801.0,1,2,1,1.0,49,4,18.0,No,Finance,Project Manager,Bachelor,Single,0
EMP101826,40,37885.0,11,5,1,4.0,41,7,43.0,No,Sales,Software Engineer,Master,Married,0
EMP101827,20,35053.0,5,1,1,5.0,39,1,18.0,No,Research & Development,Research Scientist,Master,Married,0
EMP101828,27,48408.0,7,2,1,,46,5,48.0,No,Finance,Sales Executive,Diploma,Divorced,1
EMP101829,48,101797.0,2,4,2,5.0,40,4,49.0,No,Research & Development,Project Manager,Bachelor,Married,0
EMP101830,51,32505.0,2,1,2,1.0,44,3,58.0,No,Sales,Project Manager,Bachelor,Divorced,1
EMP101831,57,18000.0,5,4,5,2.0,38,9,51.0,Yes,Research & Development,Software Engineer,Master,Single,0
EMP101832,24,43497.0,9,2,5,2.0,46,4,29.0,No,Research & Development,Project Manager,Master,Married,0
EMP101833,41,91978.0,1,2,1,4.0,46,1,34.0,Yes,IT,Financial Analyst,Master,Married,0
EMP101834,53,25221.0,8,2,1,1.0,40,5,22.0,No,Finance,Sales Executive,Bachelor,Divorced,1
EMP101835,20,32337.0,5,2,2,2.0,43,8,39.0,Yes,Sales,Sales Executive,High School,Married,0
EMP101836,45,61925.0,1,2,1,4.0,42,7,5.0,No,Research & Development,Sales Executive,Bachelor,Single,0
EMP101837,29,174826.0,7,4,3,3.0,41,3,31.0,Yes,IT,Sales Executive,Bachelor,Single,0
EMP101838,49,29849.0,7,3,4,2.0,36,3,45.0,Yes,Research & Development,HR Specialist,Bachelor,Single,0
EMP101839,37,29333.0,4,3,1,2.0,37,4,44.0,No,Sales,Research Scientist,Master,Married,0
EMP101840,36,64055.0,3,3,3,5.0,40,9,48.0,No,Finance,Project Manager,Bachelor,Married,0
EMP101841,45,94579.0,2,2,2,3.0,42,3,19.0,No,IT,Software Engineer,,Married,0
EMP101842,27,41533.0,6,3,1,1.0,38,7,16.0,Yes,Research & Development,Financial Analyst,Diploma,Divorced,0
EMP101843,59,26515.0,1,2,0,4.0,42,8,44.0,Yes,Research & Development,Software Engineer,High School,Married,0
EMP101844,31,66855.0,10,3,1,3.0,31,8,21.0,No,Research & Development,Sales Executive,Diploma,Single,0
EMP101845,46,72531.0,2,2,2,1.0,42,3,17.0,No,IT,Project Manager,Bachelor,Divorced,0
EMP101846,27,122453.0,8,3,1,2.0,42,1,38.0,No,Finance,Software Engineer,Master,Single,0
EMP101847,44,73918.0,7,4,3,4.0,46,2,35.0,No,Finance,Project Manager,Diploma,Married,0
EMP101848,23,79835.0,5,2,0,4.0,49,2,71.0,Yes,Sales,Project Manager,Bachelor,Single,0
EMP101849,52,48880.0,8,1,1,3.0,45,3,41.0,No,IT,Financial Analyst,Master,Single,1
EMP101850,20,165011.0,2,2,2,5.0,51,2,38.0,No,Research & Development,Sales Executive,High School,Single,0
EMP101851,38,45978.0,8,2,3,1.0,42,8,27.0,No,IT,Project Manager,High School,Single,0
EMP101852,50,41761.0,8,3,6,3.0,42,8,47.0,No,Human Resources,Sales Executive,Bachelor,Single,0
EMP101853,35,124165.0,8,5,4,5.0,46,3,35.0,Yes,Finance,Project Manager,Diploma,Single,0
EMP101854,33,28330.0,6,2,1,5.0,41,6,27.0,No,Sales,HR Specialist,Bachelor,Married,0
EMP101855,24,23951.0,2,2,2,5.0,40,4,32.0,No,Human Resources,Software Engineer,High School,Married,0
EMP101856,60,58040.0,3,3,2,4.0,49,10,30.0,No,Research & Development,Financial Analyst,Doctorate,Single,1
EMP101857,45,54957.0,8,1,0,1.0,46,6,34.0,Yes,Sales,Research Scientist,Bachelor,Married,0
EMP101858,47,49639.0,3,2,3,1.0,45,4,69.0,Yes,Research & Development,Financial Analyst,Master,Married,0
EMP101859,21,86022.0,2,4,2,3.0,38,7,45.0,No,Research & Development,Research Scientist,Bachelor,Single,0
EMP101860,25,36549.0,15,3,3,2.0,47,2,32.0,No,Research & Development,Software Engineer,Master,Divorced,0
EMP101861,28,56611.0,1,1,1,3.0,42,2,34.0,No,Sales,Software Engineer,Master,Married,0
EMP101862,52,46772.0,3,1,3,1.0,37,8,14.0,Yes,Research & Development,Software Engineer,Diploma,Single,0
EMP101863,60,36829.0,6,3,5,4.0,45,2,8.0,No,Sales,Research Scientist,Master,Married,0
EMP101864,44,53491.0,16,3,2,3.0,36,5,46.0,No,Research & Development,Sales Executive,Bachelor,Married,0
EMP101865,32,80721.0,3,4,2,2.0,30,9,46.0,Yes,Human Resources,HR Specialist,Master,Single,0
EMP101866,28,142821.0,3,2,3,3.0,33,5,41.0,No,Research & Development,Software Engineer,Master,Married,0
EMP101867,32,71384.0,4,4,4,5.0,41,5,57.0,No,IT,Research Scientist,Bachelor,Married,0
EMP101868,50,18000.0,2,2,0,2.0,50,5,38.0,No,Sales,Research Scientist,Bachelor,Married,0
EMP101869,60,54064.0,1,3,1,5.0,44,4,47.0,Yes,Sales,Project Manager,Master,Single,0
EMP101870,30,56247.0,8,2,2,4.0,41,5,34.0,No,Research & Development,Project Manager,Doctorate,Married,0
EMP101871,23,83816.0,4,1,3,1.0,49,5,5.0,No,IT,Project Manager,Bachelor,Divorced,0
EMP101872,53,59770.0,1,5,0,3.0,45,10,52.0,No,Sales,Software Engineer,Master,Married,0
EMP101873,57,96662.0,2,1,2,3.0,47,8,20.0,No,IT,Sales Executive,Master,Single,0
EMP101874,23,65601.0,11,2,2,5.0,47,2,39.0,Yes,Research & Development,Software Engineer,Master,Single,0
EMP101875,57,110918.0,9,3,0,5.0,40,6,24.0,No,Finance,Project Manager,Master,Married,0
EMP101876,38,45146.0,2,3,2,1.0,41,6,39.0,Yes,IT,HR Specialist,Diploma,Married,0
EMP101877,25,58691.0,6,4,3,3.0,38,3,60.0,No,Sales,Software Engineer,Master,Married,0
EMP101878,53,79784.0,1,2,1,1.0,46,9,44.0,No,Research & Development,Financial Analyst,Diploma,Single,1
EMP101879,37,42515.0,3,2,3,5.0,36,2,47.0,No,IT,Financial Analyst,Bachelor,Married,0
EMP101880,32,38545.0,20,4,5,5.0,38,5,32.0,Yes,IT,Financial Analyst,Bachelor,Married,0
EMP101881,60,41435.0,5,1,1,2.0,42,2,31.0,Yes,Research & Development,Research Scientist,Master,Married,0
EMP101882,42,39259.0,3,4,3,5.0,43,5,30.0,Yes,IT,Research Scientist,Bachelor,Married,0
EMP101883,38,69581.0,4,1,1,5.0,45,3,46.0,No,Human Resources,Research Scientist,Diploma,Single,0
EMP101884,30,24087.0,2,4,2,1.0,42,1,35.0,No,Research & Development,Research Scientist,Master,Single,0
EMP101885,20,27307.0,1,1,1,2.0,40,7,45.0,No,Sales,Software Engineer,Bachelor,Married,0
EMP101886,43,127176.0,9,2,5,2.0,46,6,32.0,No,Research & Development,Software Engineer,Master,Married,0
EMP101887,26,39688.0,1,4,1,3.0,47,8,50.0,No,Research & Development,Software Engineer,Master,Single,0
EMP101888,44,60180.0,6,2,6,4.0,34,4,45.0,No,Research & Development,Project Manager,Master,Married,0
EMP101889,40,28141.0,4,3,3,3.0,47,1,37.0,No,IT,Research Scientist,Master,Single,0
EMP101890,34,57380.0,9,3,1,3.0,40,5,45.0,No,IT,Project Manager,Master,Single,0
EMP101891,20,39797.0,4,3,2,3.0,50,4,51.0,Yes,Research & Development,Financial Analyst,Bachelor,Married,0
EMP101892,31,27220.0,5,4,2,2.0,39,5,63.0,No,Research & Development,Project Manager,High School,Single,0
EMP101893,26,100378.0,4,2,4,1.0,37,3,24.0,No,Finance,Sales Executive,Bachelor,Single,0
EMP101894,34,93643.0,6,1,5,5.0,45,4,48.0,No,Finance,Sales Executive,Master,Married,0
EMP101895,40,52406.0,2,1,2,2.0,53,5,45.0,Yes,Sales,Software Engineer,High School,Divorced,1
EMP101896,38,86235.0,3,1,3,5.0,34,8,49.0,No,Research & Development,HR Specialist,Master,Married,0
EMP101897,48,129517.0,9,1,4,5.0,46,5,28.0,No,IT,Research Scientist,Bachelor,Single,0
EMP101898,44,77221.0,7,2,2,4.0,45,12,37.0,No,Human Resources,Sales Executive,Master,Single,0
EMP101899,52,68251.0,5,1,1,3.0,42,5,28.0,No,Research & Development,Financial Analyst,Bachelor,Single,0
EMP101900,51,60151.0,5,1,4,4.0,52,6,40.0,No,Human Resources,Research Scientist,Master,Married,0
EMP101901,54,73671.0,3,1,3,3.0,32,1,22.0,No,Human Resources,Financial Analyst,Diploma,Married,0
EMP101902,57,46692.0,3,4,3,2.0,48,7,55.0,No,IT,Project Manager,Diploma,Single,0
EMP101903,45,48562.0,5,2,5,,47,3,37.0,No,IT,Project Manager,Diploma,Married,0
EMP101904,30,67372.0,7,2,0,4.0,48,8,61.0,No,Research & Development,Software Engineer,Bachelor,Divorced,0
EMP101905,54,44438.0,5,4,4,2.0,47,5,25.0,Yes,Sales,Sales Executive,Master,Married,0
EMP101906,27,46652.0,7,1,2,2.0,43,4,38.0,No,Research & Development,Research Scientist,Master,Married,0
EMP101907,33,55005.0,6,5,1,3.0,40,6,37.0,Yes,Sales,Sales Executive,Bachelor,Married,1
EMP101908,29,92306.0,1,3,1,5.0,39,4,45.0,Yes,Sales,Sales Executive,Master,Married,0
EMP101909,21,33037.0,3,1,2,3.0,45,6,46.0,Yes,IT,Project Manager,Master,Married,0
EMP101910,28,77398.0,3,3,3,3.0,42,5,15.0,No,Human Resources,Project Manager,Bachelor,Married,0
EMP101911,22,78543.0,1,3,1,2.0,41,5,53.0,No,Sales,Software Engineer,Bachelor,Married,0
EMP101912,40,78331.0,6,2,1,3.0,39,5,48.0,Yes,IT,Financial Analyst,Bachelor,Divorced,0
EMP101913,45,38256.0,7,4,5,1.0,40,4,13.0,No,IT,Software Engineer,Bachelor,Divorced,0
EMP101914,27,25678.0,4,1,2,5.0,46,4,57.0,No,IT,Software Engineer,Master,Single,0
EMP101915,21,70753.0,1,2,1,3.0,42,4,16.0,No,Finance,Financial Analyst,Diploma,Married,0
EMP101916,25,59843.0,2,1,1,3.0,48,5,39.0,Yes,Sales,Research Scientist,Master,Married,1
EMP101917,47,86427.0,2,1,2,4.0,35,6,31.0,Yes,Human Resources,Financial Analyst,Bachelor,Single,0
EMP101918,48,40129.0,3,1,3,5.0,45,6,32.0,No,Sales,Project Manager,Master,Single,0
EMP101919,45,77431.0,3,4,1,5.0,37,11,30.0,No,Human Resources,Sales Executive,Bachelor,Single,0
EMP101920,44,88395.0,4,1,4,3.0,48,8,43.0,Yes,Sales,Project Manager,Bachelor,Single,0
EMP101921,31,52691.0,11,2,0,1.0,48,6,22.0,Yes,IT,Software Engineer,Master,Married,0
EMP101922,24,66351.0,6,2,1,4.0,35,5,49.0,Yes,IT,Software Engineer,Bachelor,Married,0
EMP101923,53,65315.0,9,4,3,1.0,38,8,43.0,No,Research & Development,Sales Executive,Bachelor,Married,0
EMP101924,56,38003.0,2,5,2,3.0,38,3,33.0,Yes,Finance,Financial Analyst,High School,Divorced,0
EMP101925,34,69848.0,2,3,2,5.0,48,7,48.0,No,IT,Financial Analyst,Bachelor,Married,0
EMP101926,55,114144.0,4,5,4,5.0,39,6,27.0,No,Research & Development,Project Manager,Master,Married,0
EMP101927,34,,5,3,2,1.0,45,5,34.0,No,Research & Development,Sales Executive,Bachelor,Married,0
EMP101928,42,28500.0,3,5,0,2.0,39,4,12.0,No,Sales,Software Engineer,Master,Married,0
EMP101929,25,40370.0,4,3,2,3.0,47,7,27.0,Yes,IT,Software Engineer,Diploma,Single,0
EMP101930,40,24695.0,10,1,2,5.0,48,3,22.0,No,IT,Research Scientist,Diploma,Married,0
EMP101931,42,98293.0,3,2,3,2.0,50,4,9.0,No,Research & Development,Software Engineer,Bachelor,Single,0
EMP101932,35,77570.0,3,3,3,5.0,41,5,33.0,Yes,Research & Development,Software Engineer,,Single,0
EMP101933,34,43891.0,2,2,1,5.0,42,1,33.0,Yes,Research & Development,Software Engineer,Master,Single,0
EMP101934,44,29055.0,10,2,0,2.0,41,4,39.0,Yes,Sales,Sales Executive,Bachelor,Married,0
EMP101935,55,,1,2,1,1.0,42,5,44.0,No,Sales,Research Scientist,Bachelor,Married,0
EMP101936,30,41269.0,5,4,2,3.0,40,7,32.0,Yes,Sales,Research Scientist,Bachelor,Married,0
EMP101937,34,57776.0,4,1,4,,47,4,42.0,No,Research & Development,Financial Analyst,Bachelor,Married,1
EMP101938,23,56907.0,2,3,2,2.0,38,6,48.0,No,Sales,Financial Analyst,Diploma,Married,0
EMP101939,40,100582.0,2,3,1,5.0,41,3,51.0,No,Finance,Financial Analyst,Master,Married,0
EMP101940,32,40269.0,3,5,3,2.0,43,4,44.0,Yes,Research & Development,Financial Analyst,Bachelor,Married,0
EMP101941,41,,2,4,2,3.0,44,5,42.0,No,Finance,Sales Executive,Bachelor,Married,0
EMP101942,38,32678.0,2,3,2,1.0,36,7,20.0,Yes,Human Resources,Research Scientist,Diploma,Married,0
EMP101943,53,54433.0,4,2,4,1.0,41,3,47.0,Yes,Human Resources,Software Engineer,Bachelor,Single,0
EMP101944,33,39624.0,2,1,2,1.0,42,8,20.0,No,IT,Software Engineer,Master,Married,0
EMP101945,23,48227.0,5,2,5,3.0,46,5,40.0,No,IT,Financial Analyst,Diploma,Single,0
EMP101946,46,44836.0,6,3,6,5.0,41,6,45.0,No,Sales,Financial Analyst,Diploma,Married,0
EMP101947,48,85879.0,3,4,3,3.0,41,2,41.0,No,Research & Development,Sales Executive,Bachelor,Married,1
EMP101948,47,42233.0,4,3,4,2.0,43,3,5.0,No,Research & Development,Sales Executive,Master,Married,1
EMP101949,54,46411.0,10,1,3,4.0,47,3,47.0,No,Research & Development,HR Specialist,Master,Married,0
EMP101950,27,75953.0,6,2,6,4.0,32,7,58.0,No,IT,Sales Executive,Bachelor,Single,0
EMP101951,35,42653.0,1,2,1,4.0,43,9,11.0,No,Sales,Financial Analyst,Master,Single,0
EMP101952,55,66538.0,7,1,1,1.0,48,8,,Yes,Sales,Financial Analyst,,Married,1
EMP101953,49,63848.0,13,1,4,3.0,38,2,32.0,No,Sales,Research Scientist,Bachelor,Married,0
EMP101954,37,,7,1,3,3.0,38,4,36.0,No,IT,Project Manager,High School,Divorced,0
EMP101955,21,33011.0,4,4,3,1.0,48,5,54.0,No,Research & Development,Sales Executive,Master,Married,0
EMP101956,32,95653.0,7,2,2,2.0,40,4,39.0,No,Research & Development,Software Engineer,Master,Married,0
EMP101957,23,149402.0,6,2,6,4.0,40,6,20.0,No,Research & Development,Financial Analyst,Diploma,Married,0
EMP101958,45,55219.0,7,5,3,4.0,43,6,25.0,No,Sales,Project Manager,Bachelor,Married,0
EMP101959,44,34346.0,3,2,3,1.0,30,5,23.0,No,Sales,Project Manager,Bachelor,Single,0
EMP101960,49,55725.0,1,1,1,4.0,33,5,7.0,No,IT,Sales Executive,Master,Single,0
EMP101961,30,85864.0,3,2,3,5.0,45,7,27.0,No,Sales,HR Specialist,Master,Single,0
EMP101962,26,41700.0,5,1,5,3.0,41,3,45.0,No,IT,Sales Executive,Master,Single,0
EMP101963,50,51901.0,9,1,4,4.0,41,2,40.0,No,IT,Financial Analyst,Diploma,Single,0
EMP101964,29,64112.0,7,1,1,4.0,39,6,38.0,No,Research & Development,Financial Analyst,Bachelor,Married,0
EMP101965,58,94510.0,4,2,3,5.0,41,6,31.0,No,Research & Development,Project Manager,Diploma,Married,0
EMP101966,32,77966.0,4,1,2,2.0,48,8,34.0,No,Finance,Research Scientist,Bachelor,Divorced,0
EMP101967,50,79434.0,0,2,0,2.0,43,7,43.0,No,Sales,Project Manager,Bachelor,Single,0
EMP101968,26,45400.0,4,4,4,5.0,47,5,48.0,No,IT,Project Manager,High School,Married,0
EMP101969,55,65904.0,2,2,2,2.0,41,3,39.0,No,Research & Development,Research Scientist,Master,Single,0
EMP101970,39,39744.0,13,4,6,1.0,42,3,19.0,No,Research & Development,Research Scientist,Diploma,Married,0
EMP101971,23,80465.0,2,2,2,5.0,44,6,29.0,No,Sales,Research Scientist,Master,Divorced,0
EMP101972,26,92331.0,0,2,0,3.0,45,7,42.0,No,IT,Research Scientist,Master,Married,0
EMP101973,20,70552.0,3,3,3,3.0,38,10,25.0,Yes,Finance,Financial Analyst,Master,Married,0
EMP101974,32,46619.0,9,1,1,3.0,42,6,26.0,No,Finance,Sales Executive,Bachelor,Divorced,0
EMP101975,41,50182.0,4,1,4,4.0,39,6,45.0,No,IT,Research Scientist,Bachelor,Single,0
EMP101976,40,123998.0,5,3,5,5.0,50,5,47.0,Yes,IT,Research Scientist,Bachelor,Single,0
EMP101977,41,46970.0,2,2,2,5.0,33,2,21.0,Yes,Research & Development,Software Engineer,Bachelor,Married,0
EMP101978,47,88220.0,3,3,3,2.0,45,5,15.0,Yes,Finance,Research Scientist,Diploma,Single,0
EMP101979,28,64061.0,5,4,4,,38,7,17.0,No,Finance,Research Scientist,Master,Married,0
EMP101980,45,47322.0,2,2,2,5.0,36,8,45.0,Yes,Research & Development,Financial Analyst,Bachelor,Married,0
EMP101981,28,30031.0,6,2,4,2.0,40,3,22.0,Yes,Sales,Software Engineer,High School,Married,0
EMP101982,34,60495.0,3,2,3,5.0,48,5,27.0,No,IT,Project Manager,Doctorate,Single,0
EMP101983,29,57302.0,2,5,2,5.0,39,6,17.0,No,Research & Development,Software Engineer,Bachelor,Single,0
EMP101984,43,123999.0,6,4,3,1.0,33,7,35.0,No,Research & Development,HR Specialist,Master,Divorced,0
EMP101985,27,37347.0,2,4,2,2.0,37,6,31.0,Yes,Sales,Software Engineer,Bachelor,Married,0
EMP101986,43,154467.0,5,2,1,1.0,43,5,42.0,No,Research & Development,HR Specialist,,Single,0
EMP101987,35,65222.0,4,3,4,4.0,34,4,40.0,Yes,Research & Development,Research Scientist,Master,Married,0
EMP101988,45,65193.0,7,2,0,2.0,46,4,6.0,No,Research & Development,Software Engineer,Bachelor,Divorced,0
EMP101989,46,42117.0,5,1,3,5.0,34,5,40.0,No,Research & Development,Software Engineer,Master,Married,0
EMP101990,56,63367.0,6,5,0,5.0,40,5,34.0,No,Sales,Software Engineer,Bachelor,Single,0
EMP101991,23,68048.0,1,1,1,,46,11,53.0,No,Research & Development,Research Scientist,Bachelor,Married,0
EMP101992,43,83858.0,12,5,4,1.0,39,6,23.0,No,Finance,Software Engineer,Doctorate,Divorced,0
EMP101993,38,35413.0,5,1,2,4.0,35,4,43.0,No,IT,Software Engineer,Master,Divorced,0
EMP101994,55,103584.0,4,3,3,4.0,42,3,36.0,No,Research & Development,Project Manager,Diploma,Married,1
EMP101995,58,64714.0,1,2,1,5.0,40,5,22.0,Yes,Human Resources,Software Engineer,Bachelor,Single,1
EMP101996,29,72315.0,10,2,0,3.0,48,3,51.0,No,IT,HR Specialist,Diploma,Single,0
EMP101997,44,49795.0,4,1,2,4.0,46,7,41.0,Yes,Finance,Software Engineer,Diploma,Single,0
EMP101998,37,36222.0,8,2,8,5.0,45,5,30.0,No,Sales,Financial Analyst,Master,Married,0
EMP101999,38,56830.0,3,2,1,4.0,42,3,22.0,No,IT,HR Specialist,Master,Single,0
EMP102000,55,59837.0,4,3,2,2.0,41,7,52.0,No,IT,Software Engineer,Master,Married,0
EMP102001,29,29485.0,1,1,0,1.0,41,3,48.0,No,Research & Development,Financial Analyst,Doctorate,Married,0
EMP102002,52,78595.0,6,1,2,5.0,33,2,35.0,No,Sales,Financial Analyst,High School,Married,0
EMP102003,24,86122.0,4,1,3,4.0,42,5,35.0,Yes,IT,Sales Executive,Bachelor,Single,0
EMP102004,54,39606.0,8,2,8,1.0,38,1,18.0,No,Human Resources,Research Scientist,Diploma,Single,0
EMP102005,53,34715.0,4,3,4,3.0,42,5,56.0,No,Sales,Financial Analyst,Master,Married,0
EMP102006,52,47990.0,9,4,2,4.0,42,7,18.0,No,Human Resources,Sales Executive,Master,Married,0
EMP102007,40,55595.0,9,1,1,5.0,40,4,49.0,No,Research & Development,Research Scientist,Bachelor,Married,0
EMP102008,36,48835.0,4,2,2,2.0,47,5,65.0,No,Research & Development,Financial Analyst,Master,Divorced,0
EMP102009,41,53513.0,3,3,1,1.0,37,6,23.0,No,Research & Development,Project Manager,Master,Married,0
EMP102010,56,60764.0,0,2,0,1.0,40,4,28.0,No,Research & Development,HR Specialist,Diploma,Single,0
EMP102011,34,29714.0,2,2,1,2.0,40,6,23.0,No,Research & Development,Software Engineer,Bachelor,Married,0
EMP102012,54,31292.0,16,2,2,5.0,48,8,54.0,Yes,Research & Development,HR Specialist,Diploma,Married,0
EMP102013,47,18000.0,3,1,2,3.0,42,5,37.0,No,Sales,Sales Executive,Bachelor,Single,0
EMP102014,26,84056.0,1,1,1,2.0,42,5,13.0,No,Research & Development,Research Scientist,Bachelor,Married,0
EMP102015,51,55378.0,1,1,1,3.0,46,3,19.0,No,Research & Development,Financial Analyst,Bachelor,Married,1
EMP102016,30,88135.0,4,3,2,5.0,39,8,45.0,No,Sales,Sales Executive,Master,Divorced,0
EMP102017,29,32962.0,2,1,2,4.0,46,6,24.0,No,Finance,HR Specialist,Bachelor,Married,0
EMP102018,28,55607.0,4,1,2,4.0,44,2,9.0,No,IT,Research Scientist,Doctorate,Single,0
EMP102019,33,60582.0,2,2,1,5.0,48,3,43.0,No,Finance,Software Engineer,Bachelor,Married,0
EMP102020,32,42714.0,4,1,4,3.0,40,5,41.0,Yes,Research & Development,Research Scientist,Diploma,Divorced,1
EMP102021,44,27338.0,14,1,2,2.0,41,5,24.0,No,Human Resources,Software Engineer,Bachelor,Divorced,0
EMP102022,21,120660.0,3,4,1,5.0,43,8,30.0,No,Sales,Research Scientist,Bachelor,Single,0
EMP102023,54,103235.0,4,1,1,5.0,42,3,30.0,No,Sales,Software Engineer,Diploma,Single,0
EMP102024,26,46315.0,4,3,1,4.0,46,4,32.0,Yes,Sales,Financial Analyst,High School,Married,0
EMP102025,40,69195.0,5,2,3,2.0,41,5,55.0,No,IT,Software Engineer,Master,Single,0
EMP102026,37,44220.0,6,3,2,4.0,37,5,46.0,Yes,Research & Development,Financial Analyst,Master,Married,0
EMP102027,22,35142.0,5,2,5,3.0,49,4,44.0,Yes,Sales,Sales Executive,Bachelor,Single,0
EMP102028,58,125161.0,4,1,4,3.0,52,4,34.0,No,Human Resources,Software Engineer,High School,Single,0
EMP102029,60,26113.0,3,4,1,1.0,34,5,24.0,No,Research & Development,Software Engineer,Master,Single,0
EMP102030,30,48369.0,7,2,1,5.0,44,7,57.0,No,Research & Development,Software Engineer,Master,Single,0
EMP102031,58,57127.0,2,4,2,2.0,46,11,35.0,Yes,IT,Research Scientist,Bachelor,Single,0
EMP102032,43,115629.0,3,2,3,2.0,43,4,21.0,Yes,Human Resources,HR Specialist,Diploma,Married,0
EMP102033,38,82335.0,1,5,1,4.0,50,5,80.0,Yes,Human Resources,Research Scientist,Bachelor,Married,0
EMP102034,23,25915.0,5,3,4,4.0,35,7,38.0,Yes,Sales,Research Scientist,Master,Single,0
EMP102035,45,54932.0,7,5,7,2.0,39,2,18.0,No,Sales,Financial Analyst,Bachelor,Single,0
EMP102036,57,55524.0,2,2,2,4.0,43,4,48.0,,Human Resources,Software Engineer,Bachelor,Single,0
EMP102037,51,49629.0,6,2,5,1.0,47,3,49.0,No,Sales,Project Manager,High School,Married,0
EMP102038,58,72693.0,1,3,1,5.0,48,4,29.0,Yes,Research & Development,Financial Analyst,Bachelor,Single,0
EMP102039,55,29173.0,2,4,0,1.0,36,5,22.0,No,Research & Development,Software Engineer,Diploma,Single,1
EMP102040,59,45762.0,2,5,1,,33,10,31.0,No,Research & Development,HR Specialist,High School,Married,0
EMP102041,56,68224.0,5,2,1,2.0,46,6,45.0,No,Sales,Software Engineer,Diploma,Married,0
EMP102042,52,74675.0,3,3,3,1.0,43,3,47.0,No,Finance,Project Manager,Bachelor,Single,0
EMP102043,55,58825.0,19,1,2,1.0,43,3,26.0,Yes,IT,Research Scientist,Bachelor,Single,0
EMP102044,22,48306.0,3,2,3,4.0,46,6,56.0,Yes,Sales,Software Engineer,,Married,0
EMP102045,28,52110.0,3,1,3,4.0,38,5,12.0,Yes,IT,HR Specialist,Bachelor,Married,1
EMP102046,27,76747.0,9,2,2,4.0,41,14,26.0,No,Finance,Financial Analyst,Master,Married,0
EMP102047,52,55845.0,2,4,1,3.0,45,4,33.0,Yes,Research & Development,HR Specialist,Diploma,Married,0
EMP102048,25,34415.0,3,1,2,1.0,37,6,30.0,No,Research & Development,Software Engineer,High School,Single,0
EMP102049,60,31572.0,9,3,1,5.0,39,5,27.0,No,Human Resources,Financial Analyst,Bachelor,Single,0
EMP102050,58,28134.0,3,2,3,4.0,43,5,54.0,No,Research & Development,Project Manager,Master,Divorced,0
EMP102051,23,105884.0,1,1,1,3.0,45,4,33.0,No,IT,Project Manager,High School,Single,0
EMP102052,32,79098.0,9,2,3,3.0,35,4,41.0,Yes,Research & Development,HR Specialist,Diploma,Married,0
EMP102053,21,52427.0,4,2,3,4.0,45,4,40.0,No,Research & Development,Financial Analyst,High School,Divorced,0
EMP102054,24,44841.0,4,1,4,2.0,44,2,40.0,No,Sales,Project Manager,Bachelor,Married,0
EMP102055,46,42481.0,10,3,1,1.0,38,6,32.0,No,Sales,Sales Executive,Bachelor,Married,0
EMP102056,51,89953.0,4,5,4,4.0,53,2,8.0,No,IT,Research Scientist,Master,Single,0
EMP102057,40,129584.0,2,1,2,5.0,37,2,49.0,No,Sales,Software Engineer,Master,Divorced,0
EMP102058,27,41884.0,7,1,2,1.0,46,5,34.0,No,IT,Research Scientist,Bachelor,Single,0
EMP102059,57,91801.0,3,2,3,3.0,43,4,28.0,No,Human Resources,Project Manager,Bachelor,Married,1
EMP102060,27,55698.0,3,3,1,5.0,40,2,28.0,No,IT,Project Manager,Bachelor,Single,0
EMP102061,22,49986.0,14,2,4,1.0,42,4,40.0,No,Finance,Project Manager,High School,Single,0
EMP102062,22,108227.0,6,1,3,5.0,45,5,27.0,No,IT,Software Engineer,Bachelor,Divorced,0
EMP102063,41,54749.0,4,2,2,3.0,56,5,32.0,No,Research & Development,Financial Analyst,Bachelor,Married,0
EMP102064,25,62847.0,12,5,5,4.0,35,7,45.0,No,Finance,Financial Analyst,Diploma,Single,0
EMP102065,21,61501.0,1,2,1,5.0,30,10,,Yes,Research & Development,Research Scientist,High School,Divorced,0
EMP102066,42,26465.0,4,2,2,4.0,37,5,22.0,No,Sales,Financial Analyst,High School,Married,0
EMP102067,21,62622.0,3,5,3,3.0,42,5,43.0,Yes,Human Resources,Project Manager,Master,Divorced,0
EMP102068,57,42697.0,2,3,2,3.0,45,6,30.0,No,Finance,Project Manager,Bachelor,Married,0
EMP102069,36,29015.0,5,3,5,5.0,42,7,48.0,Yes,Sales,Sales Executive,Bachelor,Married,0
EMP102070,54,43581.0,3,2,3,,41,6,29.0,No,Finance,Software Engineer,Bachelor,Married,0
EMP102071,53,43419.0,5,5,2,3.0,50,5,37.0,No,Sales,Project Manager,Diploma,Married,0
EMP102072,42,87425.0,4,3,0,5.0,38,9,44.0,No,Research & Development,Software Engineer,Bachelor,Single,0
EMP102073,49,34077.0,4,4,4,,50,4,22.0,No,Research & Development,Sales Executive,Diploma,Married,0
EMP102074,27,38548.0,2,3,2,5.0,45,8,46.0,No,Sales,Software Engineer,Master,Single,0
EMP102075,41,61146.0,15,3,4,5.0,49,6,60.0,No,Sales,Research Scientist,Master,Married,0
EMP102076,55,30287.0,2,2,2,1.0,37,6,42.0,No,Research & Development,Software Engineer,Bachelor,Divorced,0
EMP102077,24,40886.0,3,2,3,3.0,40,5,38.0,No,Research & Development,Financial Analyst,Master,Married,0
EMP102078,32,26006.0,8,3,3,3.0,35,2,48.0,No,Finance,HR Specialist,Bachelor,Married,0
EMP102079,48,83208.0,3,2,3,2.0,44,4,47.0,No,Research & Development,Research Scientist,Bachelor,Single,0
EMP102080,50,48025.0,5,2,1,4.0,44,3,37.0,Yes,Sales,Project Manager,Bachelor,Married,1
EMP102081,35,54607.0,7,1,5,2.0,52,9,21.0,No,Sales,Project Manager,Master,Divorced,0
EMP102082,49,83058.0,4,3,3,5.0,42,5,25.0,No,Human Resources,Project Manager,Master,Married,0
EMP102083,35,39738.0,4,1,4,5.0,34,8,30.0,No,IT,Research Scientist,Master,Married,0
EMP102084,31,47796.0,6,4,2,1.0,47,7,16.0,Yes,IT,Financial Analyst,Master,Divorced,0
EMP102085,36,34192.0,6,3,1,1.0,37,7,56.0,Yes,Sales,Software Engineer,Bachelor,Divorced,0
EMP102086,35,34158.0,2,1,2,1.0,36,4,21.0,Yes,Sales,Software Engineer,Master,Married,0
EMP102087,31,36346.0,11,2,7,1.0,46,3,34.0,No,Sales,Project Manager,Bachelor,Married,0
EMP102088,27,44067.0,1,2,1,1.0,38,4,22.0,No,Research & Development,Research Scientist,Master,Married,0
EMP102089,39,46255.0,3,2,3,1.0,39,3,,No,Research & Development,Software Engineer,Master,Single,0
EMP102090,22,62628.0,7,2,2,1.0,49,4,50.0,No,Sales,Financial Analyst,Master,Single,0
EMP102091,35,36829.0,2,1,2,1.0,45,4,15.0,No,Sales,Research Scientist,Diploma,Single,0
EMP102092,49,63508.0,1,5,1,1.0,45,10,45.0,No,IT,Software Engineer,Diploma,Single,0
EMP102093,42,68414.0,18,1,2,3.0,35,5,17.0,No,IT,Sales Executive,Bachelor,Married,0
EMP102094,47,44559.0,7,3,4,1.0,46,9,29.0,No,Sales,HR Specialist,Bachelor,Married,0
EMP102095,59,38291.0,5,2,3,4.0,41,9,75.0,No,Sales,Research Scientist,Master,Married,0
EMP102096,24,57147.0,2,3,1,1.0,40,5,39.0,No,IT,Software Engineer,Diploma,Married,0
EMP102097,39,50200.0,4,2,4,5.0,44,5,49.0,No,Research & Development,Sales Executive,Master,Married,0
EMP102098,59,60733.0,2,3,1,5.0,42,3,40.0,Yes,IT,Software Engineer,Master,Married,0
EMP102099,20,111472.0,8,3,5,1.0,35,5,33.0,Yes,Research & Development,Software Engineer,High School,Married,0
EMP102100,49,56725.0,7,3,6,1.0,47,4,26.0,No,Research & Development,Project Manager,Bachelor,Single,0
EMP102101,40,41251.0,5,1,3,5.0,47,5,57.0,No,Sales,Research Scientist,Bachelor,Divorced,0
EMP102102,39,36834.0,6,3,6,4.0,39,2,64.0,Yes,IT,HR Specialist,Bachelor,Married,0
EMP102103,25,37481.0,5,2,5,2.0,45,7,36.0,Yes,Finance,Research Scientist,Master,Married,0
EMP102104,41,28477.0,2,1,2,3.0,47,1,53.0,No,Research & Development,Research Scientist,Master,Married,0
EMP102105,37,83686.0,1,2,1,5.0,33,3,48.0,No,Research & Development,Financial Analyst,High School,Married,0
EMP102106,27,20133.0,7,2,6,1.0,39,4,32.0,No,Research & Development,Financial Analyst,Diploma,Single,0
EMP102107,58,68510.0,8,2,8,3.0,31,5,36.0,No,Research & Development,Software Engineer,Master,Single,0
EMP102108,51,37215.0,2,3,2,1.0,45,5,28.0,No,IT,HR Specialist,Master,Married,0
EMP102109,52,43674.0,13,2,2,2.0,44,6,66.0,No,Research & Development,HR Specialist,,Married,0
EMP102110,35,36717.0,4,2,4,2.0,39,7,47.0,No,IT,Software Engineer,Bachelor,Single,1
EMP102111,31,105422.0,1,1,1,5.0,41,5,35.0,No,IT,Sales Executive,Doctorate,Single,0
EMP102112,57,55405.0,6,3,1,3.0,40,6,28.0,No,Research & Development,Software Engineer,Master,Married,1
EMP102113,53,78493.0,16,2,2,3.0,32,5,43.0,Yes,IT,Software Engineer,Bachelor,Divorced,0
EMP102114,33,98748.0,4,2,4,2.0,49,8,15.0,Yes,Research & Development,HR Specialist,Bachelor,Single,0
EMP102115,55,59197.0,5,3,3,1.0,43,2,24.0,No,Sales,Financial Analyst,High School,Married,0
EMP102116,52,32114.0,13,2,2,5.0,41,7,32.0,No,Sales,Software Engineer,Doctorate,Married,0
EMP102117,42,49801.0,1,2,1,4.0,41,10,29.0,No,Finance,HR Specialist,Bachelor,Married,0
EMP102118,21,39383.0,1,2,1,2.0,46,2,,No,Sales,HR Specialist,Bachelor,Single,0
EMP102119,60,43849.0,5,3,2,2.0,34,2,45.0,No,IT,HR Specialist,Bachelor,Married,0
EMP102120,40,52707.0,3,3,3,5.0,38,6,64.0,No,IT,Research Scientist,High School,Married,0
EMP102121,21,51778.0,5,2,3,1.0,43,6,46.0,No,Research & Development,HR Specialist,Bachelor,Married,0
EMP102122,46,66207.0,2,1,2,3.0,48,4,33.0,No,Research & Development,Project Manager,Bachelor,Divorced,0
EMP102123,28,70677.0,10,1,3,2.0,30,2,50.0,No,Human Resources,Project Manager,Master,Single,0
EMP102124,20,51778.0,7,3,1,5.0,47,10,36.0,Yes,Finance,Sales Executive,Master,Single,0
EMP102125,30,65950.0,6,4,3,5.0,38,4,7.0,Yes,Research & Development,Sales Executive,Bachelor,Divorced,0
EMP102126,22,42954.0,4,2,3,5.0,41,2,53.0,Yes,Research & Development,Research Scientist,Diploma,Married,0
EMP102127,42,99383.0,3,1,0,3.0,42,2,17.0,No,IT,Software Engineer,Master,Married,0
EMP102128,45,42643.0,1,3,1,2.0,36,2,37.0,Yes,Sales,Research Scientist,Bachelor,Divorced,1
EMP102129,23,94261.0,11,4,6,5.0,36,5,23.0,No,Research & Development,Research Scientist,Diploma,Married,0
EMP102130,37,28307.0,6,4,1,3.0,43,4,18.0,No,Human Resources,Project Manager,High School,Married,0
EMP102131,25,46347.0,3,3,3,1.0,51,4,28.0,No,IT,HR Specialist,Doctorate,Single,0
EMP102132,54,47389.0,7,4,7,4.0,37,7,5.0,No,Sales,Research Scientist,Master,Married,0
EMP102133,41,62357.0,7,1,3,2.0,37,6,25.0,Yes,Human Resources,Research Scientist,Diploma,Married,0
EMP102134,34,81057.0,6,1,6,3.0,36,7,41.0,No,Research & Development,Financial Analyst,Diploma,Married,0
EMP102135,41,31347.0,12,1,4,4.0,41,4,40.0,Yes,Human Resources,Software Engineer,Doctorate,Married,0
EMP102136,56,33406.0,9,3,0,4.0,37,6,7.0,No,Research & Development,Sales Executive,Diploma,Single,0
EMP102137,31,29267.0,7,1,1,3.0,37,4,50.0,No,Human Resources,Research Scientist,Bachelor,Single,0
EMP102138,57,99625.0,3,2,3,3.0,43,5,71.0,No,Sales,Project Manager,Bachelor,Married,0
EMP102139,37,62882.0,3,2,3,3.0,35,4,61.0,No,Finance,Financial Analyst,High School,Married,0
EMP102140,54,33763.0,9,2,3,5.0,50,6,27.0,No,Finance,Software Engineer,Bachelor,Single,0
EMP102141,49,,10,4,4,1.0,36,4,25.0,No,IT,Sales Executive,Master,Married,0
EMP102142,43,93609.0,17,1,3,5.0,48,7,22.0,No,Sales,Research Scientist,Master,Married,0
EMP102143,49,48530.0,4,2,2,4.0,52,5,62.0,Yes,Finance,Project Manager,Bachelor,Married,1
EMP102144,33,47257.0,4,3,3,4.0,48,9,27.0,No,Research & Development,Financial Analyst,Master,Divorced,0
EMP102145,25,38697.0,1,1,1,4.0,47,5,24.0,No,Research & Development,Research Scientist,Master,Married,0
EMP102146,22,34677.0,12,3,2,3.0,46,1,48.0,No,Research & Development,Financial Analyst,Diploma,Single,0
EMP102147,35,93675.0,6,3,5,2.0,43,4,52.0,No,Research & Development,Project Manager,Bachelor,Married,0
EMP102148,26,116815.0,12,4,1,5.0,48,6,50.0,Yes,Research & Development,Research Scientist,Bachelor,Single,0
EMP102149,33,35304.0,1,4,1,2.0,41,8,19.0,Yes,Finance,Research Scientist,Bachelor,Married,0
EMP102150,28,103499.0,4,2,3,1.0,46,2,42.0,No,Human Resources,Research Scientist,Bachelor,Single,0
EMP102151,34,44168.0,4,2,4,1.0,48,7,57.0,Yes,Sales,Research Scientist,Bachelor,Single,0
EMP102152,40,69929.0,7,1,6,5.0,45,5,35.0,No,Research & Development,HR Specialist,Bachelor,Single,0
EMP102153,54,103744.0,5,2,1,4.0,41,5,39.0,No,Research & Development,Software Engineer,High School,Married,0
EMP102154,21,51524.0,6,1,6,1.0,44,6,38.0,No,IT,Research Scientist,Diploma,Single,0
EMP102155,46,47454.0,3,2,3,2.0,40,6,31.0,No,Research & Development,Sales Executive,Bachelor,Single,0
EMP102156,21,78871.0,5,4,4,2.0,39,9,42.0,Yes,Sales,Project Manager,Master,Single,0
EMP102157,54,33377.0,7,2,6,,46,8,48.0,No,Research & Development,Sales Executive,Master,Married,0
EMP102158,37,92159.0,4,2,2,4.0,43,8,55.0,,Research & Development,Project Manager,Diploma,Single,0
EMP102159,33,58651.0,3,2,3,3.0,46,6,34.0,No,Sales,Project Manager,Bachelor,Single,0
EMP102160,39,42408.0,2,2,1,5.0,43,2,36.0,No,Research & Development,Research Scientist,Bachelor,Married,0
EMP102161,37,41907.0,8,5,5,1.0,45,4,27.0,No,IT,Software Engineer,Master,Married,1
EMP102162,29,29511.0,6,2,6,3.0,49,4,59.0,No,Finance,Software Engineer,Doctorate,Married,0
EMP102163,44,43209.0,18,3,2,3.0,41,6,29.0,No,Human Resources,Sales Executive,Bachelor,Married,0
EMP102164,21,48838.0,9,2,3,5.0,40,10,34.0,No,Research & Development,Software Engineer,High School,Single,0
EMP102165,44,34115.0,1,1,1,2.0,44,6,36.0,Yes,Sales,Research Scientist,Master,Married,0
EMP102166,52,53886.0,1,2,1,2.0,30,7,,No,Research & Development,Financial Analyst,Master,Single,0
EMP102167,55,68043.0,7,3,5,5.0,46,4,13.0,No,Sales,Software Engineer,Master,Divorced,0
EMP102168,50,49962.0,7,1,7,2.0,38,7,43.0,Yes,Sales,Financial Analyst,Diploma,Married,0
EMP102169,33,74111.0,4,1,2,5.0,50,4,42.0,Yes,Research & Development,Research Scientist,Bachelor,Single,0
EMP102170,20,38249.0,8,1,3,2.0,46,6,37.0,No,Finance,Sales Executive,Diploma,Married,0
EMP102171,35,86389.0,6,3,5,5.0,47,9,40.0,No,Sales,Sales Executive,High School,Married,0
EMP102172,22,58099.0,5,3,1,2.0,47,4,34.0,No,Research & Development,Research Scientist,Diploma,Single,0
EMP102173,54,110244.0,9,2,1,3.0,40,4,13.0,No,Sales,Sales Executive,Master,Single,0
EMP102174,60,162997.0,0,2,0,3.0,41,2,51.0,No,Research & Development,HR Specialist,Diploma,Single,0
EMP102175,25,44510.0,11,4,5,2.0,34,6,13.0,No,Finance,Research Scientist,Bachelor,Single,0
EMP102176,44,45343.0,14,3,1,5.0,49,3,22.0,No,Sales,HR Specialist,Doctorate,Married,0
EMP102177,32,49231.0,1,3,1,3.0,36,1,53.0,No,Human Resources,Software Engineer,High School,Married,0
EMP102178,53,71909.0,7,3,3,1.0,42,4,15.0,Yes,Sales,Financial Analyst,Master,Divorced,0
EMP102179,27,99885.0,2,3,2,2.0,48,4,33.0,No,Research & Development,Software Engineer,Bachelor,Divorced,0
EMP102180,40,41000.0,2,2,2,1.0,50,9,62.0,No,Research & Development,Financial Analyst,Bachelor,Married,0
EMP102181,53,65294.0,3,4,3,1.0,41,3,36.0,No,Research & Development,Sales Executive,Bachelor,Married,0
EMP102182,23,51737.0,6,4,1,4.0,33,6,14.0,No,Human Resources,Software Engineer,High School,Single,0
EMP102183,44,72638.0,5,1,2,1.0,43,6,46.0,No,IT,Software Engineer,Bachelor,Divorced,0
EMP102184,34,108483.0,4,1,4,1.0,44,2,42.0,No,Research & Development,Research Scientist,Bachelor,Married,0
EMP102185,23,49362.0,1,5,1,4.0,44,1,37.0,Yes,Research & Development,Project Manager,Master,Single,0
EMP102186,31,25943.0,3,2,3,4.0,40,7,5.0,Yes,Research & Development,Sales Executive,Bachelor,Divorced,0
EMP102187,51,76868.0,11,4,3,4.0,41,5,55.0,No,IT,Sales Executive,Bachelor,Married,0
EMP102188,51,37812.0,7,2,5,5.0,39,5,62.0,No,IT,Sales Executive,Master,Married,0
EMP102189,47,51570.0,2,1,2,4.0,43,10,35.0,No,Sales,Sales Executive,Master,Single,0
EMP102190,32,78374.0,5,1,5,5.0,46,8,25.0,No,IT,Sales Executive,Bachelor,Single,0
EMP102191,50,62876.0,4,1,4,2.0,43,5,43.0,No,Finance,HR Specialist,Bachelor,Single,0
EMP102192,33,52539.0,12,1,1,5.0,42,4,43.0,No,IT,Sales Executive,Master,Divorced,0
EMP102193,39,42444.0,4,2,0,2.0,48,3,44.0,No,Finance,Software Engineer,Bachelor,Divorced,0
EMP102194,37,18000.0,1,3,1,4.0,43,4,35.0,Yes,Sales,HR Specialist,Bachelor,Single,0
EMP102195,48,75307.0,4,5,1,4.0,42,6,43.0,No,Finance,Research Scientist,Doctorate,Married,0
EMP102196,25,49083.0,12,2,1,2.0,42,4,46.0,Yes,Finance,Sales Executive,Bachelor,Married,0
EMP102197,51,108672.0,9,2,4,3.0,36,3,73.0,No,Sales,Project Manager,Bachelor,Married,1
EMP102198,48,65789.0,5,2,5,5.0,37,6,42.0,No,Finance,Research Scientist,Bachelor,Married,0
EMP102199,21,43113.0,2,2,2,1.0,41,5,38.0,No,Human Resources,HR Specialist,Diploma,Divorced,0
EMP102200,42,88892.0,7,2,2,4.0,38,3,12.0,Yes,IT,Project Manager,Bachelor,Single,0
EMP102201,38,92327.0,2,1,2,5.0,42,5,14.0,No,Research & Development,Project Manager,Master,Divorced,1
EMP102202,50,49838.0,5,1,5,5.0,46,1,37.0,No,Research & Development,Sales Executive,Bachelor,Married,0
EMP102203,24,94111.0,6,1,1,4.0,46,3,34.0,Yes,IT,Sales Executive,Diploma,Single,0
EMP102204,38,42839.0,1,1,1,2.0,44,4,21.0,No,Human Resources,Financial Analyst,Bachelor,Divorced,0
EMP102205,53,59097.0,4,3,2,4.0,46,7,20.0,No,Research & Development,HR Specialist,Bachelor,Single,0
EMP102206,29,71127.0,6,1,3,5.0,47,3,44.0,No,Sales,Software Engineer,Bachelor,Married,0
EMP102207,44,78295.0,6,4,1,3.0,47,4,26.0,No,Finance,Software Engineer,Diploma,Single,0
EMP102208,21,72749.0,6,4,4,2.0,47,7,23.0,No,Sales,HR Specialist,Bachelor,Divorced,0
EMP102209,30,47353.0,2,5,2,4.0,36,6,19.0,No,IT,Financial Analyst,Master,Married,0
EMP102210,50,89972.0,3,4,1,1.0,33,4,23.0,No,IT,HR Specialist,Master,Married,0
EMP102211,34,52005.0,3,2,3,4.0,38,2,29.0,No,Sales,Financial Analyst,Bachelor,Married,0
EMP102212,28,42575.0,0,2,0,5.0,40,6,35.0,Yes,Sales,Software Engineer,Master,Single,0
EMP102213,42,42858.0,10,1,2,5.0,47,7,39.0,No,Research & Development,Software Engineer,Doctorate,Single,0
EMP102214,38,131674.0,4,3,1,1.0,42,3,29.0,No,Sales,Sales Executive,Bachelor,Divorced,0
EMP102215,28,39387.0,8,4,1,2.0,40,4,8.0,No,Research & Development,Project Manager,Doctorate,Married,0
EMP102216,54,98354.0,9,4,3,5.0,43,3,18.0,No,Research & Development,Financial Analyst,Diploma,Married,0
EMP102217,40,32996.0,14,2,2,2.0,45,8,27.0,Yes,Finance,Financial Analyst,Doctorate,Divorced,0
EMP102218,28,68504.0,2,3,2,2.0,46,3,50.0,Yes,IT,Software Engineer,Master,Married,0
EMP102219,47,62867.0,6,1,1,4.0,40,7,33.0,No,Research & Development,HR Specialist,Diploma,Single,0
EMP102220,26,114078.0,4,1,2,2.0,37,7,41.0,No,Human Resources,Project Manager,Bachelor,Married,0
EMP102221,35,40971.0,4,3,4,5.0,38,4,56.0,No,Research & Development,Financial Analyst,Master,Married,0
EMP102222,35,36181.0,7,2,1,5.0,43,4,33.0,No,IT,Financial Analyst,Diploma,Married,0
EMP102223,52,52191.0,2,5,2,3.0,37,5,35.0,No,Sales,Software Engineer,Bachelor,Single,0
EMP102224,23,116337.0,3,1,3,2.0,47,2,36.0,No,Research & Development,Financial Analyst,Bachelor,Married,0
EMP102225,23,36946.0,0,4,0,3.0,37,8,36.0,No,Sales,Research Scientist,Bachelor,Married,0
EMP102226,58,18000.0,3,2,1,4.0,34,6,19.0,No,Sales,Software Engineer,Bachelor,Married,0
EMP102227,59,56499.0,12,4,9,3.0,43,6,43.0,Yes,Research & Development,Project Manager,Bachelor,Single,0
EMP102228,36,84320.0,7,3,4,2.0,41,7,36.0,No,Research & Development,Sales Executive,Bachelor,Single,0
EMP102229,56,34852.0,6,4,4,5.0,44,6,23.0,Yes,Research & Development,Project Manager,Diploma,Single,0
EMP102230,58,80552.0,7,2,1,4.0,40,7,32.0,No,Research & Development,Software Engineer,Master,Married,0
EMP102231,48,34507.0,4,5,3,2.0,44,1,7.0,No,Research & Development,Research Scientist,Bachelor,Single,0
EMP102232,55,51490.0,9,1,1,4.0,47,8,12.0,Yes,Research & Development,Software Engineer,Bachelor,Married,0
EMP102233,57,77172.0,3,1,3,1.0,39,3,48.0,No,Finance,Research Scientist,Diploma,Single,0
EMP102234,58,32232.0,4,2,4,2.0,45,2,32.0,Yes,Research & Development,Financial Analyst,Bachelor,Divorced,0
EMP102235,56,59681.0,4,4,2,1.0,51,10,55.0,No,Sales,Software Engineer,Bachelor,Single,1
EMP102236,54,95018.0,9,2,4,3.0,46,5,36.0,No,Sales,Financial Analyst,Bachelor,Single,0
EMP102237,26,68075.0,2,4,2,2.0,38,2,38.0,No,Sales,Research Scientist,Bachelor,Married,0
EMP102238,46,,3,3,3,1.0,44,6,35.0,Yes,Research & Development,Project Manager,Master,Single,0
EMP102239,47,108936.0,3,1,1,5.0,35,5,20.0,No,Research & Development,Research Scientist,Master,Married,0
EMP102240,41,73966.0,12,5,2,3.0,36,7,41.0,Yes,Research & Development,Sales Executive,Bachelor,Single,0
EMP102241,33,23811.0,9,1,6,2.0,49,2,25.0,No,Human Resources,Project Manager,Bachelor,Married,0
EMP102242,26,81145.0,6,4,6,,44,4,40.0,No,,Project Manager,Diploma,Married,0
EMP102243,56,42530.0,7,2,2,5.0,50,4,22.0,Yes,Sales,Sales Executive,High School,Married,0
EMP102244,41,60087.0,2,2,2,5.0,44,0,46.0,Yes,Sales,Project Manager,Master,Single,1
EMP102245,24,86568.0,6,2,4,1.0,39,2,42.0,Yes,Research & Development,Research Scientist,Master,Single,1
EMP102246,21,42949.0,5,1,3,1.0,42,0,53.0,No,Research & Development,Project Manager,Bachelor,Single,0
EMP102247,46,26228.0,2,2,2,1.0,43,3,46.0,No,Research & Development,Software Engineer,Master,Single,0
EMP102248,40,108292.0,1,1,1,4.0,53,4,34.0,No,Human Resources,Sales Executive,Master,Married,0
EMP102249,57,92888.0,5,1,5,3.0,46,8,58.0,No,Sales,Financial Analyst,Master,Married,0
EMP102250,34,52882.0,4,1,4,2.0,38,3,41.0,No,Research & Development,Project Manager,Master,Married,0
EMP102251,40,80751.0,1,2,1,3.0,41,6,5.0,No,Finance,Sales Executive,Master,Single,0
EMP102252,29,46577.0,5,3,1,5.0,44,6,26.0,No,IT,Research Scientist,Master,Married,0
EMP102253,42,57453.0,7,2,5,3.0,37,3,33.0,No,Research & Development,Financial Analyst,Bachelor,Divorced,0
EMP102254,58,51542.0,8,4,2,,42,3,55.0,Yes,Sales,Research Scientist,Master,Married,0
EMP102255,24,47433.0,4,3,1,1.0,41,10,28.0,No,Finance,Financial Analyst,Bachelor,Married,0
EMP102256,20,64652.0,5,3,1,5.0,44,4,25.0,No,Finance,HR Specialist,Master,Married,0
EMP102257,32,31933.0,8,3,4,3.0,42,5,5.0,No,Sales,Financial Analyst,Master,Single,0
EMP102258,40,49113.0,4,2,4,2.0,35,5,54.0,Yes,Human Resources,Project Manager,High School,Married,0
EMP102259,45,63361.0,2,3,1,1.0,42,4,57.0,No,IT,Software Engineer,Bachelor,Married,0
EMP102260,40,125773.0,2,1,2,3.0,46,5,18.0,Yes,Human Resources,Financial Analyst,Diploma,Single,0
EMP102261,37,32523.0,7,4,2,5.0,49,7,14.0,Yes,Research & Development,Financial Analyst,Diploma,Married,0
EMP102262,56,69518.0,5,3,1,2.0,47,4,51.0,Yes,Research & Development,Research Scientist,Bachelor,Single,1
EMP102263,51,73032.0,3,1,3,5.0,34,5,54.0,No,Sales,Software Engineer,Bachelor,Married,0
EMP102264,55,23637.0,2,3,1,5.0,35,2,24.0,No,Research & Development,Project Manager,Bachelor,Single,0
EMP102265,36,66160.0,3,1,3,5.0,37,8,32.0,Yes,Finance,Software Engineer,Bachelor,Married,0
EMP102266,54,81733.0,5,1,5,4.0,50,6,43.0,Yes,IT,Software Engineer,High School,Single,0
EMP102267,30,71681.0,11,1,1,2.0,44,9,20.0,No,Research & Development,Project Manager,Bachelor,Married,0
EMP102268,40,52962.0,9,3,1,5.0,55,4,21.0,No,Research & Development,Software Engineer,Bachelor,Married,0
EMP102269,45,63898.0,12,3,2,4.0,48,5,30.0,Yes,Sales,Project Manager,Bachelor,Married,0
EMP102270,23,59368.0,3,3,0,1.0,42,5,20.0,No,Finance,Software Engineer,Master,Married,0
EMP102271,53,25715.0,1,1,1,4.0,40,10,79.0,,Human Resources,Research Scientist,Bachelor,Married,1
EMP102272,37,59999.0,4,2,2,1.0,44,3,54.0,No,Research & Development,Software Engineer,Master,Married,0
EMP102273,59,,6,3,6,4.0,46,4,30.0,No,Human Resources,Software Engineer,Master,Single,0
EMP102274,54,40051.0,5,1,0,5.0,48,7,37.0,Yes,Human Resources,HR Specialist,Bachelor,Single,0
EMP102275,60,168270.0,17,3,3,4.0,41,8,11.0,No,Finance,Project Manager,Bachelor,Single,0
EMP102276,48,96642.0,7,1,5,4.0,53,5,41.0,No,Research & Development,Project Manager,Diploma,Married,0
EMP102277,48,32778.0,3,1,3,5.0,42,7,46.0,Yes,Human Resources,Project Manager,Master,Married,0
EMP102278,57,64285.0,9,2,1,1.0,48,5,25.0,No,Human Resources,HR Specialist,Master,Single,0
EMP102279,40,106001.0,1,3,1,5.0,44,6,28.0,No,Sales,Sales Executive,Diploma,Single,0
EMP102280,32,28052.0,3,1,2,2.0,40,5,21.0,No,Research & Development,Research Scientist,Diploma,Married,0
EMP102281,60,56939.0,3,1,2,4.0,32,4,56.0,No,IT,HR Specialist,High School,Married,0
EMP102282,36,58158.0,10,1,1,2.0,36,10,55.0,No,Sales,Sales Executive,Diploma,Divorced,0
EMP102283,28,30995.0,5,1,3,5.0,48,8,41.0,Yes,Research & Development,Financial Analyst,Master,Single,0
EMP102284,60,65244.0,2,1,2,5.0,46,3,37.0,No,Sales,Financial Analyst,Bachelor,Married,0
EMP102285,20,90889.0,2,2,2,3.0,45,2,16.0,No,Sales,Research Scientist,Doctorate,Divorced,0
EMP102286,21,108414.0,6,3,1,2.0,50,6,24.0,No,Sales,Software Engineer,Bachelor,Married,0
EMP102287,48,49162.0,17,2,2,3.0,37,4,31.0,No,Research & Development,Software Engineer,Master,Married,0
EMP102288,52,169537.0,4,3,2,2.0,40,6,25.0,Yes,Finance,Project Manager,Diploma,Married,0
EMP102289,29,21786.0,1,3,1,3.0,40,2,43.0,No,IT,Financial Analyst,Bachelor,Divorced,0
EMP102290,59,64562.0,8,1,8,3.0,35,3,10.0,Yes,Research & Development,HR Specialist,Bachelor,Married,0
EMP102291,40,29131.0,6,1,1,2.0,38,6,16.0,No,Human Resources,Project Manager,Master,Single,0
EMP102292,47,57278.0,3,4,1,5.0,37,8,26.0,No,Finance,Software Engineer,Master,Single,0
EMP102293,30,43488.0,1,1,1,1.0,34,3,11.0,No,Human Resources,Project Manager,Diploma,Married,0
EMP102294,53,69091.0,3,1,2,5.0,38,6,50.0,No,IT,Research Scientist,Doctorate,Single,0
EMP102295,27,51948.0,4,1,4,1.0,42,7,52.0,No,IT,Project Manager,Master,Single,0
EMP102296,41,37926.0,4,3,4,2.0,51,3,10.0,No,Human Resources,HR Specialist,Bachelor,Married,0
EMP102297,27,39064.0,2,2,2,4.0,37,4,39.0,No,Research & Development,Financial Analyst,Master,Married,0
EMP102298,34,131228.0,1,5,1,5.0,47,5,29.0,Yes,Research & Development,Software Engineer,Doctorate,Married,0
EMP102299,36,67149.0,2,4,0,3.0,43,9,35.0,Yes,Research & Development,Software Engineer,Master,Single,0
EMP102300,42,25569.0,7,2,3,5.0,44,4,43.0,No,Research & Development,Software Engineer,Bachelor,Married,0
EMP102301,43,70470.0,3,2,3,2.0,43,5,5.0,No,Research & Development,HR Specialist,Bachelor,Single,0
EMP102302,38,50387.0,8,2,1,4.0,33,11,51.0,No,IT,Software Engineer,Diploma,Married,0
EMP102303,24,,3,1,3,4.0,37,6,43.0,No,IT,Project Manager,Diploma,Married,0
EMP102304,51,79542.0,7,1,6,5.0,45,5,51.0,No,Research & Development,Software Engineer,Doctorate,Married,0
EMP102305,20,93671.0,7,1,1,5.0,42,9,7.0,,Sales,Financial Analyst,Master,Married,0
EMP102306,42,37370.0,3,1,2,5.0,34,5,34.0,No,Sales,Financial Analyst,High School,Single,0
EMP102307,56,54269.0,12,1,6,2.0,41,3,43.0,No,Finance,HR Specialist,Bachelor,Married,1
EMP102308,27,43016.0,7,2,2,1.0,45,2,42.0,No,IT,Sales Executive,Bachelor,Married,0
EMP102309,32,71946.0,9,5,2,1.0,36,4,48.0,No,Research & Development,Software Engineer,Bachelor,Single,0
EMP102310,27,49541.0,7,2,2,3.0,40,1,42.0,No,Research & Development,Software Engineer,Bachelor,Single,0
EMP102311,42,55729.0,3,5,3,2.0,50,7,6.0,No,,Research Scientist,Bachelor,Single,0
EMP102312,20,,12,2,7,4.0,45,2,52.0,Yes,Research & Development,Financial Analyst,Bachelor,Single,1
EMP102313,43,52435.0,8,2,8,3.0,50,4,28.0,No,Sales,Software Engineer,Master,Single,0
EMP102314,54,118442.0,5,2,5,4.0,40,4,38.0,Yes,Sales,Sales Executive,High School,Single,1
EMP102315,43,161286.0,9,1,3,4.0,47,2,58.0,No,Sales,Project Manager,,Single,0
EMP102316,36,65172.0,9,1,5,5.0,37,6,35.0,Yes,Human Resources,Research Scientist,Bachelor,Married,0
EMP102317,24,52581.0,8,5,1,4.0,46,5,30.0,No,Research & Development,Software Engineer,Bachelor,Single,0
EMP102318,39,26824.0,4,5,4,4.0,38,6,18.0,No,IT,Financial Analyst,Bachelor,Married,0
EMP102319,40,39062.0,2,1,1,2.0,44,5,15.0,No,Sales,Project Manager,High School,Single,0
EMP102320,59,51951.0,7,1,5,5.0,45,3,17.0,No,Research & Development,Financial Analyst,Master,Divorced,0
EMP102321,50,39867.0,5,2,3,5.0,45,4,34.0,No,Research & Development,Software Engineer,Bachelor,Single,0
EMP102322,55,,2,1,1,3.0,37,9,68.0,No,IT,Software Engineer,Bachelor,Divorced,0
EMP102323,30,111749.0,5,2,1,5.0,44,5,30.0,No,Finance,Financial Analyst,Bachelor,Single,0
EMP102324,34,55717.0,6,1,6,1.0,42,3,35.0,Yes,IT,Sales Executive,Bachelor,Divorced,0
EMP102325,38,58005.0,5,2,3,,48,4,45.0,No,Sales,Software Engineer,Diploma,Married,0
EMP102326,26,,6,2,1,3.0,39,8,24.0,Yes,Finance,Financial Analyst,Bachelor,Single,0
EMP102327,47,93431.0,3,2,2,1.0,35,11,56.0,No,Sales,Research Scientist,Bachelor,Single,0
EMP102328,24,49982.0,4,1,1,4.0,34,5,28.0,No,Sales,Financial Analyst,Bachelor,Divorced,0
EMP102329,24,43508.0,6,2,2,1.0,41,5,53.0,No,Sales,Research Scientist,High School,Single,0
EMP102330,49,27004.0,2,5,1,3.0,40,3,44.0,No,,Software Engineer,Diploma,Single,0
EMP102331,51,53508.0,9,2,3,5.0,40,3,36.0,No,Sales,Research Scientist,Master,Single,0
EMP102332,27,42902.0,4,4,3,2.0,41,1,26.0,Yes,Research & Development,Financial Analyst,Bachelor,Single,0
EMP102333,29,117377.0,7,4,2,3.0,49,4,49.0,No,Research & Development,Software Engineer,Master,Single,0
EMP102334,57,126102.0,6,5,6,1.0,41,4,33.0,Yes,IT,Project Manager,Diploma,Married,0
EMP102335,51,31546.0,5,3,2,1.0,48,4,27.0,No,Human Resources,Software Engineer,Master,Married,0
EMP102336,47,33194.0,4,3,3,3.0,44,6,59.0,No,Research & Development,Sales Executive,Bachelor,Single,0
EMP102337,36,,6,4,2,3.0,37,6,5.0,Yes,IT,Financial Analyst,Master,Married,0
EMP102338,50,38096.0,5,1,2,3.0,42,2,58.0,No,Sales,Project Manager,High School,Married,0
EMP102339,27,60653.0,1,2,1,5.0,50,5,65.0,Yes,Research & Development,Software Engineer,Bachelor,Single,0
EMP102340,59,47482.0,1,5,1,3.0,47,5,22.0,No,Research & Development,Sales Executive,Diploma,Single,0
EMP102341,44,62400.0,5,3,4,4.0,48,6,25.0,No,Sales,Software Engineer,Bachelor,Divorced,0
EMP102342,28,86884.0,2,5,2,2.0,45,7,18.0,No,Sales,HR Specialist,Bachelor,Married,0
EMP102343,21,34071.0,8,3,1,2.0,40,10,48.0,Yes,IT,Research Scientist,High School,Married,0
EMP102344,34,86071.0,1,4,1,4.0,50,4,25.0,No,Sales,HR Specialist,Bachelor,Single,0
EMP102345,22,39624.0,8,3,4,1.0,45,6,33.0,No,IT,Sales Executive,High School,Married,0
EMP102346,55,144626.0,7,3,2,1.0,47,7,45.0,No,Sales,Sales Executive,Master,Single,0
EMP102347,23,114065.0,4,2,1,1.0,43,3,11.0,No,IT,Software Engineer,Master,Married,0
EMP102348,33,52271.0,0,4,0,1.0,37,3,12.0,Yes,Research & Development,HR Specialist,Master,Single,0
EMP102349,60,35649.0,3,4,3,5.0,44,5,40.0,No,Research & Development,HR Specialist,Doctorate,Married,0
EMP102350,60,32709.0,7,4,3,4.0,50,5,29.0,No,Research & Development,HR Specialist,Master,Divorced,0
EMP102351,44,81489.0,0,3,0,2.0,46,4,20.0,Yes,Research & Development,Research Scientist,Master,Married,0
EMP102352,29,54253.0,7,2,5,4.0,45,6,35.0,No,Research & Development,Financial Analyst,Diploma,Single,0
EMP102353,40,83465.0,2,1,2,2.0,38,5,33.0,No,Research & Development,Project Manager,Diploma,Single,0
EMP102354,55,148300.0,1,4,1,1.0,50,4,21.0,Yes,Sales,HR Specialist,Master,Married,0
EMP102355,31,38887.0,7,2,1,5.0,49,7,37.0,No,Research & Development,Financial Analyst,Bachelor,Married,0
EMP102356,46,31619.0,3,2,3,3.0,33,5,20.0,No,Research & Development,HR Specialist,Master,Married,0
EMP102357,59,59978.0,6,1,2,3.0,47,4,46.0,No,IT,Financial Analyst,Master,Divorced,0
EMP102358,21,92063.0,5,4,5,1.0,41,7,32.0,No,Finance,Project Manager,Master,Divorced,0
EMP102359,32,36022.0,3,4,2,1.0,43,6,63.0,Yes,Sales,HR Specialist,Bachelor,Married,0
EMP102360,51,55864.0,1,3,1,4.0,38,5,15.0,No,Finance,Software Engineer,Diploma,Single,0
EMP102361,50,101886.0,6,3,4,5.0,43,4,26.0,No,Research & Development,Financial Analyst,Bachelor,Divorced,0
EMP102362,35,26378.0,7,2,5,5.0,36,7,49.0,No,IT,HR Specialist,Bachelor,Single,0
EMP102363,51,61144.0,5,2,3,4.0,38,4,19.0,No,Research & Development,Project Manager,Master,Single,0
EMP102364,51,43133.0,6,1,0,5.0,45,8,35.0,No,Sales,Software Engineer,Master,Single,0
EMP102365,53,58160.0,5,4,5,5.0,38,1,5.0,Yes,Finance,Project Manager,Master,Married,0
EMP102366,30,75697.0,3,1,3,3.0,44,8,19.0,No,IT,Research Scientist,Bachelor,Single,0
EMP102367,29,60746.0,9,3,2,,43,1,21.0,No,IT,Project Manager,Bachelor,Married,0
EMP102368,34,34909.0,10,2,2,1.0,54,6,32.0,No,Research & Development,Financial Analyst,Master,Single,0
EMP102369,36,43894.0,13,2,6,,39,2,50.0,No,Sales,Project Manager,Bachelor,Single,0
EMP102370,59,104512.0,11,4,4,1.0,40,6,31.0,Yes,Sales,Software Engineer,Master,Married,0
EMP102371,37,63774.0,5,1,3,1.0,38,6,30.0,No,IT,Software Engineer,High School,Married,0
EMP102372,28,80276.0,3,3,3,4.0,49,6,23.0,No,Research & Development,HR Specialist,Bachelor,Married,0
EMP102373,44,61557.0,1,1,1,5.0,43,3,18.0,Yes,IT,Software Engineer,Master,Married,0
EMP102374,59,79157.0,7,1,7,5.0,41,6,50.0,No,IT,Project Manager,Diploma,Single,0
EMP102375,33,46020.0,6,2,2,5.0,46,5,38.0,No,Research & Development,Research Scientist,Bachelor,Married,0
EMP102376,44,38937.0,5,1,5,5.0,38,1,30.0,No,Finance,Sales Executive,High School,Divorced,0
EMP102377,41,77556.0,6,3,3,3.0,35,8,59.0,No,Sales,Research Scientist,Bachelor,Single,0
EMP102378,49,91346.0,6,2,4,2.0,43,4,5.0,No,Research & Development,Research Scientist,Bachelor,Single,1
EMP102379,39,36449.0,13,1,10,1.0,43,4,50.0,No,Human Resources,Sales Executive,Master,Single,0
EMP102380,40,42443.0,5,1,2,2.0,38,3,11.0,No,Sales,Software Engineer,Bachelor,Married,0
EMP102381,51,51105.0,6,3,5,2.0,44,5,37.0,No,Research & Development,Sales Executive,Bachelor,Married,0
EMP102382,40,114006.0,3,3,3,2.0,51,5,49.0,No,Research & Development,Research Scientist,Master,Married,0
EMP102383,54,70863.0,14,2,5,3.0,44,3,8.0,No,Human Resources,Software Engineer,Bachelor,Single,0
EMP102384,51,30310.0,1,2,1,2.0,32,6,54.0,Yes,Research & Development,Sales Executive,Bachelor,Married,0
EMP102385,49,52746.0,9,3,3,3.0,49,1,33.0,No,Research & Development,Financial Analyst,Bachelor,Divorced,0
EMP102386,58,49239.0,5,3,5,4.0,52,3,23.0,Yes,Sales,Sales Executive,Master,Single,1
EMP102387,31,32439.0,4,1,4,4.0,45,7,38.0,Yes,IT,HR Specialist,Master,Married,1
EMP102388,60,52467.0,2,3,2,4.0,43,3,43.0,No,Research & Development,Research Scientist,Master,Married,0
EMP102389,37,48270.0,7,3,1,3.0,34,5,71.0,No,Research & Development,Financial Analyst,Bachelor,Married,0
EMP102390,40,46740.0,2,3,1,3.0,38,5,32.0,Yes,Sales,Sales Executive,Bachelor,Married,0
EMP102391,32,45788.0,9,3,9,1.0,40,4,48.0,No,Research & Development,Project Manager,Bachelor,Divorced,0
EMP102392,40,106640.0,4,5,4,2.0,38,6,37.0,No,Research & Development,Software Engineer,Bachelor,Married,0
EMP102393,27,46696.0,1,1,1,5.0,39,2,40.0,No,Research & Development,Sales Executive,Master,Single,0
EMP102394,59,56243.0,5,5,5,5.0,43,3,31.0,No,Research & Development,HR Specialist,Master,Married,0
EMP102395,26,53565.0,4,2,4,2.0,39,7,24.0,No,Sales,Project Manager,Bachelor,Single,0
EMP102396,42,43819.0,9,3,3,5.0,50,0,41.0,No,Human Resources,Software Engineer,Bachelor,Single,0
EMP102397,51,57003.0,7,1,2,5.0,42,5,20.0,No,IT,Research Scientist,Doctorate,Single,0
EMP102398,30,56641.0,1,2,1,5.0,45,5,5.0,No,Sales,Software Engineer,High School,Single,0
EMP102399,41,57010.0,8,3,1,3.0,45,4,37.0,Yes,Research & Development,Sales Executive,Master,Divorced,0
EMP102400,41,37363.0,3,3,2,3.0,44,2,23.0,Yes,Finance,Financial Analyst,Diploma,Married,0
EMP102401,44,50128.0,3,1,1,3.0,42,5,31.0,No,IT,Project Manager,Bachelor,Divorced,0
EMP102402,41,77438.0,7,2,1,2.0,47,6,10.0,No,Research & Development,Software Engineer,Bachelor,Married,0
EMP102403,47,50725.0,3,1,3,4.0,48,4,49.0,No,IT,Sales Executive,Bachelor,Single,0
EMP102404,48,59153.0,11,5,3,5.0,32,6,5.0,No,Finance,Research Scientist,Bachelor,Single,0
EMP102405,32,59294.0,1,4,1,1.0,35,8,41.0,No,Research & Development,Project Manager,Diploma,Single,0
EMP102406,37,66364.0,4,1,2,3.0,39,4,43.0,No,Research & Development,HR Specialist,High School,Married,0
EMP102407,21,70720.0,4,4,2,1.0,36,4,38.0,Yes,Human Resources,Software Engineer,Master,Married,0
EMP102408,48,50854.0,2,4,1,5.0,38,6,50.0,Yes,Research & Development,Research Scientist,Bachelor,Married,0
EMP102409,40,36497.0,3,2,3,4.0,40,11,17.0,Yes,Research & Development,Software Engineer,Bachelor,Divorced,0
EMP102410,34,31782.0,3,3,3,1.0,41,6,64.0,No,Research & Development,Sales Executive,Bachelor,Divorced,0
EMP102411,46,86946.0,1,2,1,,35,10,22.0,No,Research & Development,Project Manager,Master,Single,0
EMP102412,50,77785.0,2,3,1,5.0,40,4,45.0,No,Sales,Financial Analyst,,Married,0
EMP102413,34,73666.0,4,2,1,3.0,49,3,62.0,No,Human Resources,Project Manager,Master,Married,0
EMP102414,42,79232.0,4,2,3,4.0,41,9,32.0,Yes,IT,HR Specialist,Diploma,Married,0
EMP102415,43,51143.0,7,2,5,5.0,45,12,24.0,No,Research & Development,Research Scientist,Master,Single,0
EMP102416,32,41518.0,10,1,5,4.0,42,5,47.0,No,Research & Development,Research Scientist,Doctorate,Single,0
EMP102417,41,35380.0,3,4,2,3.0,43,4,26.0,No,Research & Development,Software Engineer,Bachelor,Single,0
EMP102418,56,33687.0,2,2,2,1.0,41,6,22.0,Yes,Research & Development,Software Engineer,High School,Single,0
EMP102419,52,94898.0,6,2,1,2.0,46,4,45.0,No,Research & Development,Sales Executive,Master,Married,0
EMP102420,22,44054.0,4,4,1,2.0,38,5,46.0,Yes,Finance,Research Scientist,Bachelor,Married,0
EMP102421,38,88413.0,8,2,7,2.0,43,5,35.0,No,Research & Development,HR Specialist,Master,Single,0
EMP102422,42,50564.0,4,2,0,4.0,39,3,36.0,No,Research & Development,Software Engineer,Diploma,Single,0
EMP102423,48,40570.0,4,5,2,2.0,45,6,38.0,No,Research & Development,Project Manager,Bachelor,Single,0
EMP102424,49,33612.0,4,4,4,1.0,36,2,32.0,No,Research & Development,HR Specialist,Bachelor,Single,1
EMP102425,58,42210.0,11,1,3,5.0,45,6,31.0,No,Research & Development,Software Engineer,Bachelor,Divorced,0
EMP102426,44,104120.0,5,2,5,4.0,43,7,15.0,No,Research & Development,Sales Executive,Master,Single,0
EMP102427,56,33765.0,9,5,2,1.0,36,3,24.0,Yes,Sales,Sales Executive,Bachelor,Single,0
EMP102428,27,142575.0,3,2,3,4.0,51,5,35.0,No,Finance,Project Manager,Bachelor,Single,0
EMP102429,35,37677.0,6,2,6,4.0,45,4,67.0,No,Sales,Software Engineer,Bachelor,Married,0
EMP102430,27,77077.0,7,1,7,4.0,37,6,18.0,Yes,Finance,Sales Executive,Master,Married,0
EMP102431,20,51520.0,3,1,2,3.0,43,5,28.0,Yes,Finance,Sales Executive,Bachelor,Married,0
EMP102432,24,47612.0,7,3,3,5.0,34,3,16.0,Yes,Sales,Software Engineer,Bachelor,Married,0
EMP102433,22,31037.0,1,3,1,2.0,33,6,5.0,Yes,Finance,HR Specialist,Bachelor,Single,0
EMP102434,20,52618.0,5,5,5,3.0,48,4,56.0,No,Human Resources,Sales Executive,Bachelor,Married,0
EMP102435,23,32658.0,7,3,7,5.0,36,11,43.0,No,Sales,Sales Executive,Bachelor,Married,0
EMP102436,59,25806.0,2,1,2,2.0,46,5,55.0,No,IT,Project Manager,Doctorate,Married,0
EMP102437,54,58041.0,3,1,2,3.0,48,10,7.0,Yes,Research & Development,HR Specialist,Bachelor,Single,0
EMP102438,51,41322.0,2,5,1,3.0,37,4,44.0,No,Research & Development,Sales Executive,Bachelor,Married,0
EMP102439,53,117365.0,2,2,2,1.0,52,9,67.0,No,IT,Research Scientist,Diploma,Single,0
EMP102440,44,86258.0,2,2,1,3.0,42,4,49.0,No,Sales,Software Engineer,Bachelor,Married,0
EMP102441,29,118058.0,7,4,5,4.0,42,6,43.0,Yes,Human Resources,Project Manager,Bachelor,Married,0
EMP102442,40,40485.0,2,2,2,3.0,37,5,23.0,No,Sales,Software Engineer,Bachelor,Married,1
EMP102443,58,58475.0,1,1,1,,37,5,57.0,Yes,Research & Development,Sales Executive,Bachelor,Married,1
EMP102444,46,18000.0,6,4,6,5.0,31,4,25.0,Yes,Sales,HR Specialist,Bachelor,Married,0
EMP102445,46,48450.0,1,5,1,5.0,38,3,43.0,No,Human Resources,Sales Executive,Master,Married,0
EMP102446,21,57493.0,4,1,1,4.0,48,8,19.0,No,Research & Development,Research Scientist,High School,Married,0
EMP102447,60,58948.0,3,4,1,1.0,37,12,34.0,Yes,Sales,Project Manager,Diploma,Married,0
EMP102448,32,53961.0,3,2,3,1.0,37,9,50.0,Yes,Sales,Software Engineer,Diploma,Married,0
EMP102449,28,56673.0,1,2,1,5.0,36,5,49.0,No,Human Resources,Research Scientist,Master,Married,0
EMP102450,55,18000.0,6,4,2,3.0,35,5,35.0,No,Research & Development,Sales Executive,Diploma,Single,0
EMP102451,41,61722.0,2,5,1,5.0,46,0,67.0,Yes,Human Resources,HR Specialist,Doctorate,Divorced,0
EMP102452,45,68366.0,7,2,2,5.0,36,3,32.0,No,Research & Development,Sales Executive,Doctorate,Divorced,0
EMP102453,31,100428.0,6,1,6,4.0,41,4,52.0,No,Research & Development,Software Engineer,Doctorate,Divorced,0
EMP102454,36,64927.0,10,1,2,1.0,40,5,27.0,No,IT,Financial Analyst,Doctorate,Single,0
EMP102455,33,51858.0,5,2,2,4.0,47,6,16.0,No,IT,Sales Executive,Diploma,Single,0
EMP102456,33,90428.0,6,1,1,5.0,38,9,32.0,Yes,IT,Financial Analyst,Bachelor,Single,0
EMP102457,53,19040.0,3,2,3,2.0,40,6,10.0,Yes,Finance,HR Specialist,Bachelor,Married,1
EMP102458,39,43624.0,1,1,1,3.0,37,4,40.0,No,Sales,Sales Executive,Master,Single,0
EMP102459,30,38967.0,2,2,2,5.0,39,6,37.0,Yes,Sales,Sales Executive,Bachelor,Married,0
EMP102460,35,54152.0,6,1,1,4.0,37,5,44.0,No,Sales,HR Specialist,Bachelor,Single,0
EMP102461,50,20449.0,5,4,3,2.0,41,6,35.0,Yes,IT,Financial Analyst,Master,Single,1
EMP102462,25,99601.0,3,1,2,2.0,50,9,31.0,Yes,Research & Development,HR Specialist,Bachelor,Single,0
EMP102463,38,49152.0,3,2,2,5.0,41,8,36.0,Yes,Sales,Financial Analyst,Master,Married,0
EMP102464,56,63484.0,2,4,2,1.0,48,8,52.0,No,Research & Development,Software Engineer,Bachelor,Married,0
EMP102465,23,60808.0,3,3,2,2.0,47,3,50.0,No,Human Resources,Sales Executive,Bachelor,Single,0
EMP102466,23,97072.0,3,1,3,3.0,42,8,54.0,No,Sales,Research Scientist,Bachelor,Single,0
EMP102467,39,23795.0,9,1,2,4.0,47,4,5.0,No,Research & Development,Research Scientist,Bachelor,Married,0
EMP102468,29,57851.0,6,3,2,4.0,43,5,51.0,No,Sales,HR Specialist,Master,Single,1
EMP102469,43,92122.0,5,2,1,4.0,35,9,45.0,No,IT,Software Engineer,High School,Single,0
EMP102470,54,52628.0,5,3,1,5.0,42,3,66.0,No,Research & Development,Sales Executive,Diploma,Married,0
EMP102471,45,35847.0,11,2,9,4.0,43,1,27.0,No,Human Resources,Financial Analyst,Diploma,Married,0
EMP102472,56,41912.0,3,2,3,4.0,51,4,30.0,No,IT,Financial Analyst,Master,Single,0
EMP102473,57,46086.0,3,2,3,3.0,37,4,39.0,No,IT,Project Manager,High School,Single,0
EMP102474,40,39760.0,11,3,4,1.0,44,5,5.0,Yes,Research & Development,Software Engineer,High School,Single,0
EMP102475,59,51345.0,7,4,2,5.0,36,1,5.0,No,Research & Development,Sales Executive,Diploma,Married,0
EMP102476,58,108423.0,2,1,2,5.0,50,5,40.0,Yes,Finance,Research Scientist,Bachelor,Married,0
EMP102477,40,42036.0,11,2,5,4.0,48,0,18.0,Yes,Sales,Research Scientist,Bachelor,Single,0
EMP102478,29,44163.0,3,1,1,3.0,36,2,15.0,No,Human Resources,Sales Executive,Doctorate,Divorced,0
EMP102479,57,67642.0,3,2,2,2.0,51,3,43.0,No,Finance,Research Scientist,Bachelor,Married,1
EMP102480,23,50839.0,1,4,1,4.0,47,4,11.0,No,IT,Software Engineer,Bachelor,Married,0
EMP102481,39,30241.0,2,2,2,4.0,48,3,45.0,Yes,Sales,Sales Executive,Master,Single,0
EMP102482,36,53506.0,8,4,2,5.0,50,6,22.0,No,Research & Development,HR Specialist,Bachelor,Divorced,0
EMP102483,26,52606.0,4,3,3,,48,6,21.0,No,Research & Development,Software Engineer,Diploma,Married,0
EMP102484,23,85318.0,4,4,4,4.0,40,3,40.0,No,IT,Research Scientist,Master,Single,0
EMP102485,48,35512.0,9,3,4,5.0,50,3,16.0,No,Research & Development,Sales Executive,High School,Single,0
EMP102486,33,85574.0,6,1,1,3.0,38,2,61.0,No,Research & Development,Software Engineer,Diploma,Single,0
EMP102487,22,52631.0,2,1,2,2.0,38,6,33.0,No,Research & Development,Project Manager,Bachelor,Married,0
EMP102488,43,33407.0,9,2,8,2.0,40,3,35.0,No,IT,HR Specialist,Diploma,Single,0
EMP102489,56,30520.0,8,1,2,2.0,44,3,44.0,No,Research & Development,Project Manager,Bachelor,Single,0
EMP102490,35,131342.0,4,2,4,4.0,37,4,51.0,No,Finance,Financial Analyst,Bachelor,Single,0
EMP102491,23,51181.0,1,2,1,4.0,36,7,27.0,No,IT,Financial Analyst,Bachelor,Married,0
EMP102492,43,83827.0,5,5,1,4.0,37,3,45.0,No,Sales,Project Manager,Doctorate,Married,0
EMP102493,53,25500.0,2,2,2,3.0,40,7,46.0,No,Research & Development,Sales Executive,Bachelor,Single,1
EMP102494,49,180241.0,3,3,1,2.0,42,4,57.0,Yes,Research & Development,Software Engineer,High School,Single,0
EMP102495,37,82211.0,4,5,4,5.0,38,3,28.0,No,Research & Development,Project Manager,Diploma,Married,0
EMP102496,38,49028.0,2,4,2,5.0,36,7,46.0,No,Research & Development,Sales Executive,Bachelor,Single,0
EMP102497,50,47921.0,10,1,5,1.0,44,9,44.0,No,Research & Development,HR Specialist,Master,Married,0
EMP102498,38,76547.0,2,2,2,1.0,51,4,41.0,Yes,Sales,Financial Analyst,Bachelor,Married,0
EMP102499,38,74594.0,9,2,3,5.0,40,6,5.0,Yes,IT,Project Manager,Master,Single,0
EMP102500,41,59708.0,4,2,1,2.0,46,5,54.0,No,Research & Development,Project Manager,Master,Single,0
EMP102501,43,55270.0,1,2,1,4.0,42,6,51.0,Yes,Research & Development,HR Specialist,Bachelor,Single,0
EMP102502,31,70797.0,4,4,1,5.0,45,4,45.0,Yes,Research & Development,Financial Analyst,Bachelor,Married,0
EMP102503,49,25118.0,10,2,1,5.0,46,6,26.0,No,Research & Development,Software Engineer,Master,Married,0
EMP102504,57,46538.0,4,2,4,1.0,42,5,60.0,Yes,Finance,Software Engineer,Master,Divorced,0
EMP102505,50,26213.0,2,5,2,2.0,37,6,34.0,No,Research & Development,Project Manager,Diploma,Single,0
EMP102506,55,72197.0,8,1,3,5.0,36,3,42.0,No,IT,Project Manager,Bachelor,Divorced,0
EMP102507,38,40578.0,2,2,2,4.0,48,6,18.0,No,Research & Development,Software Engineer,Bachelor,Married,0
EMP102508,55,27116.0,3,3,3,4.0,45,5,30.0,No,IT,Software Engineer,Master,Single,0
EMP102509,49,38480.0,4,1,4,3.0,47,4,36.0,Yes,IT,Research Scientist,Diploma,Married,0
EMP102510,52,58824.0,3,3,1,4.0,45,7,22.0,Yes,Research & Development,Research Scientist,Master,Married,1
EMP102511,37,50148.0,4,1,4,5.0,47,3,25.0,No,Research & Development,Financial Analyst,Bachelor,Single,0
EMP102512,47,32441.0,4,4,4,5.0,43,6,43.0,Yes,Sales,Research Scientist,Bachelor,Married,0
EMP102513,30,25537.0,2,2,2,4.0,34,7,51.0,No,IT,Project Manager,Master,Divorced,0
EMP102514,52,56861.0,3,2,3,1.0,43,6,13.0,No,Finance,HR Specialist,High School,Single,0
EMP102515,36,42351.0,6,2,1,2.0,51,6,69.0,No,Research & Development,Project Manager,Bachelor,Divorced,1
EMP102516,25,48969.0,9,1,9,5.0,44,7,22.0,No,Research & Development,HR Specialist,Master,Married,0
EMP102517,23,51186.0,1,2,1,4.0,36,1,19.0,Yes,Finance,Software Engineer,Master,Married,0
EMP102518,39,66744.0,2,2,2,4.0,46,3,58.0,No,Research & Development,Project Manager,Diploma,Married,0
EMP102519,46,80516.0,6,2,6,5.0,53,4,45.0,Yes,Research & Development,Software Engineer,Master,Married,1
EMP102520,34,58748.0,12,2,2,3.0,39,9,50.0,No,Sales,Project Manager,High School,Single,0
EMP102521,25,47614.0,3,2,1,2.0,44,6,22.0,No,Finance,Sales Executive,Bachelor,Married,1
EMP102522,33,55616.0,2,2,1,5.0,44,7,42.0,No,Finance,HR Specialist,High School,Single,0
EMP102523,30,47213.0,9,3,1,4.0,43,3,73.0,No,Research & Development,Sales Executive,High School,Married,0
EMP102524,58,26264.0,8,2,4,3.0,46,4,22.0,No,Sales,Software Engineer,Master,Married,0
EMP102525,28,89901.0,0,1,0,5.0,40,5,46.0,No,Sales,Research Scientist,Master,Single,0
EMP102526,45,82589.0,1,3,1,2.0,45,4,23.0,No,Research & Development,Sales Executive,Bachelor,Divorced,1
EMP102527,35,134570.0,2,4,2,3.0,48,7,19.0,No,Sales,Project Manager,Doctorate,Married,0
EMP102528,24,153478.0,7,2,6,4.0,41,4,31.0,No,Research & Development,Financial Analyst,Bachelor,Single,0
EMP102529,29,32399.0,4,2,4,1.0,46,6,35.0,No,Finance,Project Manager,Master,Divorced,0
EMP102530,22,47295.0,5,2,2,2.0,40,3,32.0,Yes,Sales,Project Manager,High School,Married,0
EMP102531,32,170294.0,10,2,2,3.0,35,1,34.0,No,Research & Development,HR Specialist,Bachelor,Married,0
EMP102532,49,54005.0,2,3,2,5.0,35,5,68.0,No,Research & Development,Software Engineer,Bachelor,Single,0
EMP102533,25,61389.0,5,1,1,5.0,44,5,61.0,Yes,Sales,Financial Analyst,Master,Married,0
EMP102534,36,27739.0,7,3,3,3.0,33,6,38.0,No,Research & Development,Research Scientist,Bachelor,Divorced,0
EMP102535,38,58848.0,3,1,3,5.0,42,7,36.0,No,Research & Development,Software Engineer,Doctorate,Single,0
EMP102536,54,131198.0,2,2,2,3.0,38,6,57.0,No,Research & Development,Software Engineer,Master,Married,0
EMP102537,45,98132.0,8,4,1,2.0,31,6,46.0,No,Sales,HR Specialist,Bachelor,Single,0
EMP102538,24,41798.0,5,2,3,5.0,45,3,39.0,No,Sales,Software Engineer,,Single,0
EMP102539,48,46016.0,1,1,1,2.0,35,2,69.0,No,Research & Development,Software Engineer,Bachelor,Single,0
EMP102540,56,33063.0,10,5,2,4.0,54,6,22.0,Yes,Research & Development,Software Engineer,Bachelor,Married,1
EMP102541,39,37499.0,6,4,3,4.0,50,4,35.0,No,Sales,Software Engineer,Bachelor,Single,0
EMP102542,40,23283.0,7,3,7,4.0,42,4,33.0,No,Research & Development,Project Manager,Bachelor,Married,0
EMP102543,29,52940.0,4,2,1,4.0,32,5,42.0,No,Research & Development,HR Specialist,Bachelor,Single,0
EMP102544,24,108514.0,2,1,0,5.0,43,2,19.0,No,Human Resources,Software Engineer,Master,Divorced,0
EMP102545,55,64540.0,5,5,3,3.0,51,8,42.0,No,Research & Development,Project Manager,Bachelor,Married,0
EMP102546,25,101712.0,9,2,4,5.0,47,6,31.0,No,Sales,Software Engineer,Bachelor,Married,0
EMP102547,45,89148.0,3,4,3,5.0,48,1,51.0,Yes,Human Resources,Research Scientist,Bachelor,Single,0
EMP102548,23,43003.0,2,2,1,2.0,50,6,30.0,Yes,Research & Development,Research Scientist,Master,Married,1
EMP102549,58,39078.0,18,2,8,3.0,36,1,26.0,No,Sales,Sales Executive,Bachelor,Married,0
EMP102550,58,39758.0,5,5,3,1.0,47,9,45.0,No,Sales,Software Engineer,Master,Single,0
EMP102551,54,25398.0,5,2,3,1.0,52,6,37.0,No,Human Resources,Sales Executive,Doctorate,Single,1
EMP102552,20,55806.0,3,1,3,3.0,39,5,31.0,No,Research & Development,Sales Executive,Diploma,Single,0
EMP102553,43,18000.0,5,1,2,1.0,40,5,32.0,No,Finance,Financial Analyst,Bachelor,Married,0
EMP102554,55,71770.0,7,2,2,3.0,50,3,28.0,Yes,Finance,Software Engineer,Master,Married,0
EMP102555,25,56808.0,6,1,6,2.0,49,3,66.0,No,IT,Sales Executive,Master,Married,0
EMP102556,60,67998.0,8,2,0,2.0,38,5,43.0,No,Research & Development,Financial Analyst,Diploma,Married,0
EMP102557,50,88499.0,5,2,4,5.0,36,5,47.0,No,Research & Development,Financial Analyst,Bachelor,Single,1
EMP102558,39,60147.0,3,3,3,1.0,41,7,43.0,No,,Research Scientist,Diploma,Single,0
EMP102559,43,114611.0,8,2,2,3.0,35,4,39.0,Yes,Research & Development,Project Manager,Master,Married,0
EMP102560,44,72763.0,10,5,3,2.0,38,6,29.0,No,Sales,Financial Analyst,High School,Divorced,0
EMP102561,55,39120.0,3,1,3,5.0,39,2,25.0,Yes,Finance,Research Scientist,Diploma,Divorced,0
EMP102562,40,49420.0,2,2,1,1.0,48,6,29.0,Yes,Human Resources,Financial Analyst,Bachelor,Married,0
EMP102563,49,19881.0,4,1,4,1.0,49,4,45.0,No,Finance,Software Engineer,Diploma,Single,0
EMP102564,43,36648.0,2,3,2,1.0,48,5,29.0,Yes,Research & Development,HR Specialist,Doctorate,Married,0
EMP102565,49,46334.0,4,5,4,2.0,38,6,54.0,No,Research & Development,Project Manager,Diploma,Single,1
EMP102566,41,70327.0,5,3,4,2.0,42,11,60.0,No,Sales,Financial Analyst,Bachelor,Married,0
EMP102567,47,39239.0,2,2,0,1.0,40,7,9.0,No,Human Resources,Software Engineer,Diploma,Married,0
EMP102568,26,31391.0,4,2,1,2.0,43,8,59.0,No,Sales,Project Manager,Master,Married,0
EMP102569,54,23522.0,4,4,2,1.0,46,3,18.0,Yes,Research & Development,Financial Analyst,Bachelor,Married,1
EMP102570,47,42054.0,7,4,1,4.0,40,8,31.0,Yes,Sales,Sales Executive,Bachelor,Married,0
EMP102571,33,132319.0,10,5,2,2.0,37,6,37.0,No,IT,Financial Analyst,Diploma,Single,0
EMP102572,29,62136.0,3,2,3,3.0,50,5,5.0,No,IT,Project Manager,Bachelor,Married,0
EMP102573,35,83943.0,13,5,6,2.0,47,4,25.0,No,IT,Software Engineer,Doctorate,Married,0
EMP102574,35,36683.0,7,1,1,1.0,44,9,38.0,Yes,IT,Software Engineer,Doctorate,Single,0
EMP102575,50,27093.0,3,2,3,3.0,37,2,17.0,No,Research & Development,HR Specialist,Doctorate,Married,0
EMP102576,44,31749.0,3,1,3,5.0,46,4,16.0,Yes,IT,Sales Executive,Bachelor,Single,0
EMP102577,32,52648.0,3,2,3,3.0,41,8,63.0,No,Research & Development,HR Specialist,Master,Married,0
EMP102578,25,22420.0,3,3,3,3.0,31,8,37.0,No,Research & Development,Software Engineer,Bachelor,Married,0
EMP102579,28,34966.0,9,4,2,2.0,39,6,50.0,Yes,Research & Development,Research Scientist,Bachelor,Single,0
EMP102580,55,42244.0,7,3,1,3.0,44,3,64.0,Yes,Sales,Project Manager,Bachelor,Married,0
EMP102581,39,30354.0,3,3,3,3.0,41,8,47.0,No,Finance,Financial Analyst,High School,Married,0
EMP102582,37,21151.0,2,2,1,1.0,45,8,27.0,No,Sales,Sales Executive,Diploma,Divorced,0
EMP102583,40,62657.0,8,3,4,2.0,44,6,26.0,Yes,Finance,Financial Analyst,Master,Married,1
EMP102584,23,56147.0,5,2,1,1.0,37,7,43.0,Yes,IT,Software Engineer,Master,Married,0
EMP102585,52,78093.0,2,4,2,2.0,45,4,45.0,No,Research & Development,Project Manager,Diploma,Married,0
EMP102586,46,33369.0,0,3,0,5.0,46,5,39.0,No,Sales,Software Engineer,Bachelor,Married,0
EMP102587,26,77424.0,4,3,4,3.0,42,6,47.0,Yes,Research & Development,Research Scientist,Master,Divorced,0
EMP102588,25,109456.0,5,2,3,2.0,42,6,33.0,No,Sales,Software Engineer,Diploma,Married,0
EMP102589,34,61888.0,6,4,1,3.0,42,3,35.0,No,Sales,Research Scientist,Master,Single,0
EMP102590,37,41799.0,10,2,6,3.0,50,2,29.0,No,Finance,Software Engineer,Master,Single,0
EMP102591,51,58711.0,1,2,1,4.0,44,9,22.0,Yes,Research & Development,Project Manager,Master,Married,0
EMP102592,30,40908.0,5,3,5,1.0,43,10,22.0,No,Sales,HR Specialist,Master,Single,0
EMP102593,39,37955.0,4,2,4,2.0,44,4,29.0,Yes,Sales,Project Manager,Master,Married,0
EMP102594,43,74799.0,2,4,2,5.0,44,9,46.0,No,Finance,HR Specialist,Master,Single,0
EMP102595,34,51664.0,8,2,1,4.0,42,8,36.0,No,Research & Development,Software Engineer,Master,Married,0
EMP102596,26,94597.0,3,2,3,1.0,35,4,29.0,No,IT,Sales Executive,Bachelor,Married,0
EMP102597,40,45071.0,4,4,4,5.0,43,6,31.0,No,Research & Development,Software Engineer,Diploma,Divorced,0
EMP102598,45,47172.0,2,2,2,5.0,45,4,8.0,No,Research & Development,Project Manager,Bachelor,Divorced,0
EMP102599,33,42623.0,5,2,4,3.0,43,2,27.0,No,Research & Development,Project Manager,Master,Married,0
EMP102600,56,33223.0,6,2,1,1.0,40,4,46.0,No,Human Resources,Financial Analyst,Doctorate,Single,0
EMP102601,40,79347.0,5,2,1,4.0,41,8,18.0,No,Sales,Research Scientist,Master,Single,0
EMP102602,37,147069.0,3,3,3,2.0,47,5,12.0,Yes,IT,Sales Executive,Master,Married,0
EMP102603,24,46309.0,6,1,3,2.0,34,2,17.0,Yes,Finance,Sales Executive,Master,Married,0
EMP102604,22,,6,4,6,4.0,38,4,28.0,Yes,Sales,Financial Analyst,Bachelor,Single,0
EMP102605,42,39328.0,6,3,3,3.0,43,4,34.0,No,Sales,Sales Executive,Diploma,Married,0
EMP102606,45,40506.0,7,1,6,3.0,47,3,38.0,Yes,Finance,Sales Executive,Bachelor,Divorced,0
EMP102607,56,115554.0,3,3,2,5.0,51,9,46.0,No,IT,Financial Analyst,Master,Married,0
EMP102608,43,39806.0,3,3,1,1.0,46,4,31.0,No,Research & Development,Sales Executive,Diploma,Married,1
EMP102609,38,42265.0,2,1,2,5.0,39,7,46.0,No,Research & Development,Financial Analyst,Diploma,Married,0
EMP102610,44,31474.0,2,2,2,2.0,33,4,17.0,No,Research & Development,Software Engineer,Diploma,Divorced,0
EMP102611,40,62770.0,3,2,2,4.0,51,7,53.0,Yes,Human Resources,Software Engineer,Bachelor,Single,0
EMP102612,31,53361.0,3,3,3,1.0,38,8,40.0,Yes,Human Resources,Sales Executive,Master,Single,0
EMP102613,60,32970.0,2,3,2,4.0,43,5,5.0,Yes,Finance,Financial Analyst,Bachelor,Married,1
EMP102614,52,36802.0,4,2,2,1.0,41,6,37.0,No,Sales,Research Scientist,Diploma,Married,0
EMP102615,23,109635.0,1,3,1,2.0,42,2,70.0,No,Research & Development,Sales Executive,Master,Married,0
EMP102616,26,55816.0,7,3,4,2.0,36,2,66.0,Yes,Research & Development,Sales Executive,Bachelor,Married,0
EMP102617,41,57575.0,4,3,4,1.0,51,5,35.0,No,IT,Project Manager,Bachelor,Married,1
EMP102618,52,57678.0,5,3,4,3.0,38,8,44.0,No,IT,Financial Analyst,Doctorate,Single,0
EMP102619,36,103019.0,2,2,2,1.0,43,5,18.0,No,Finance,HR Specialist,Bachelor,Married,0
EMP102620,43,34363.0,4,4,3,2.0,40,5,16.0,Yes,IT,Research Scientist,Master,Divorced,0
EMP102621,53,46014.0,6,3,6,4.0,45,5,32.0,No,Finance,Research Scientist,Diploma,Married,0
EMP102622,47,50973.0,5,4,3,5.0,41,4,28.0,No,Finance,Financial Analyst,Bachelor,Married,0
EMP102623,60,25351.0,8,2,2,4.0,40,9,37.0,No,Sales,Financial Analyst,Diploma,Married,0
EMP102624,58,36418.0,5,1,3,2.0,47,7,44.0,No,Research & Development,Sales Executive,Bachelor,Married,0
EMP102625,41,88088.0,1,2,1,,40,5,,No,IT,Project Manager,Bachelor,Single,0
EMP102626,36,77434.0,3,2,3,3.0,49,5,50.0,Yes,Finance,Financial Analyst,Diploma,Single,0
EMP102627,53,83849.0,2,3,1,3.0,36,9,43.0,Yes,Research & Development,Research Scientist,Master,Married,0
EMP102628,25,42193.0,7,2,2,1.0,41,4,52.0,No,Research & Development,Research Scientist,Bachelor,Married,0
EMP102629,25,44602.0,4,4,4,4.0,38,5,50.0,No,Human Resources,Financial Analyst,Master,Married,0
EMP102630,53,24599.0,8,3,1,4.0,42,4,32.0,No,Research & Development,Financial Analyst,Bachelor,Married,0
EMP102631,20,83655.0,1,3,1,2.0,35,2,5.0,No,Sales,Sales Executive,Diploma,Married,0
EMP102632,29,90092.0,3,1,3,1.0,45,8,17.0,No,Sales,Research Scientist,Bachelor,Married,0
EMP102633,40,89577.0,5,5,1,1.0,46,5,44.0,No,Research & Development,Project Manager,High School,Single,0
EMP102634,24,113202.0,3,4,3,4.0,50,5,38.0,No,IT,Financial Analyst,Master,Married,0
EMP102635,21,66505.0,1,3,1,5.0,46,8,66.0,No,Finance,Project Manager,Doctorate,Single,0
EMP102636,41,110823.0,10,2,5,4.0,46,6,11.0,No,Research & Development,Financial Analyst,Bachelor,Single,1
EMP102637,21,50255.0,7,2,7,4.0,45,5,48.0,No,Finance,Research Scientist,Master,Married,0
EMP102638,29,24833.0,3,1,3,4.0,41,8,35.0,No,Research & Development,HR Specialist,Bachelor,Divorced,0
EMP102639,53,81017.0,4,2,3,3.0,50,6,23.0,No,Research & Development,Financial Analyst,Bachelor,Divorced,0
EMP102640,35,24424.0,2,1,1,1.0,45,8,62.0,Yes,Finance,Financial Analyst,Bachelor,Divorced,0
EMP102641,58,59378.0,3,2,3,3.0,54,2,19.0,No,Finance,Financial Analyst,Diploma,Single,0
EMP102642,41,84540.0,1,3,1,5.0,51,7,40.0,No,Sales,Project Manager,Master,Married,0
EMP102643,31,63640.0,13,2,1,2.0,44,5,54.0,No,Finance,Software Engineer,Bachelor,Single,1
EMP102644,43,153322.0,4,2,2,5.0,44,2,22.0,Yes,IT,Financial Analyst,Bachelor,Married,0
EMP102645,59,22707.0,3,4,3,1.0,46,7,7.0,No,Sales,Research Scientist,Bachelor,Married,0
EMP102646,57,52987.0,1,1,1,2.0,50,1,44.0,Yes,Research & Development,Project Manager,Diploma,Divorced,0
EMP102647,29,55434.0,3,3,3,5.0,34,1,52.0,No,IT,HR Specialist,Master,Single,0
EMP102648,54,30039.0,3,1,1,1.0,49,3,27.0,No,IT,Project Manager,Bachelor,Married,0
EMP102649,51,32725.0,2,1,2,5.0,44,7,11.0,No,Research & Development,Software Engineer,High School,Single,0
EMP102650,26,37601.0,3,1,3,2.0,47,9,39.0,Yes,Sales,Sales Executive,Diploma,Single,0
EMP102651,40,,1,3,1,2.0,38,1,31.0,No,IT,HR Specialist,Bachelor,Single,0
EMP102652,39,,8,2,1,5.0,38,2,7.0,No,Sales,Financial Analyst,Diploma,Married,0
EMP102653,45,41930.0,7,4,6,3.0,44,3,44.0,No,Research & Development,HR Specialist,Diploma,Single,0
EMP102654,23,63459.0,9,2,2,5.0,47,9,,No,Sales,Financial Analyst,Doctorate,Married,0
EMP102655,41,73669.0,1,1,1,5.0,36,2,44.0,No,Research & Development,Sales Executive,Bachelor,Married,0
EMP102656,34,71460.0,13,3,4,5.0,40,5,70.0,No,Sales,Project Manager,Bachelor,Single,0
EMP102657,59,45731.0,4,1,4,3.0,36,5,35.0,No,Sales,Software Engineer,Diploma,Married,0
EMP102658,40,62511.0,1,3,1,4.0,44,2,36.0,No,Research & Development,Software Engineer,High School,Married,0
EMP102659,34,87632.0,2,1,2,2.0,52,2,37.0,Yes,Sales,Software Engineer,Bachelor,Divorced,0
EMP102660,41,67211.0,4,2,3,1.0,40,5,33.0,No,Research & Development,Project Manager,Master,Single,0
EMP102661,47,126960.0,5,3,3,2.0,46,3,18.0,,Research & Development,Financial Analyst,Bachelor,Single,0
EMP102662,33,85568.0,3,5,2,2.0,43,6,40.0,Yes,Research & Development,HR Specialist,High School,Single,0
EMP102663,46,119178.0,3,2,3,4.0,44,1,27.0,No,IT,Sales Executive,Master,Married,0
EMP102664,60,18000.0,2,4,2,2.0,39,9,28.0,No,Human Resources,Software Engineer,Diploma,Single,0
EMP102665,59,57446.0,7,1,7,2.0,45,4,24.0,No,IT,Research Scientist,Bachelor,Single,0
EMP102666,47,47540.0,2,3,2,3.0,41,6,42.0,No,Research & Development,Sales Executive,Doctorate,Married,0
EMP102667,45,51992.0,2,3,2,3.0,51,4,23.0,No,IT,Research Scientist,Diploma,Single,1
EMP102668,21,38287.0,13,1,1,3.0,39,3,41.0,No,Finance,Software Engineer,Master,Married,0
EMP102669,44,65734.0,2,2,1,3.0,47,3,42.0,No,IT,Financial Analyst,Master,Married,0
EMP102670,22,24375.0,1,1,1,3.0,52,1,36.0,No,Research & Development,Financial Analyst,Bachelor,Single,0
EMP102671,27,65949.0,4,2,2,1.0,48,7,14.0,Yes,Human Resources,Research Scientist,Doctorate,Married,0
EMP102672,52,38864.0,3,1,3,4.0,37,6,26.0,No,Sales,Software Engineer,Bachelor,Married,0
EMP102673,54,43911.0,4,3,4,5.0,37,8,34.0,No,IT,Sales Executive,Bachelor,Single,0
EMP102674,25,66998.0,7,5,1,3.0,44,6,15.0,No,Research & Development,HR Specialist,Diploma,Married,0
EMP102675,58,56985.0,4,1,3,4.0,42,6,40.0,No,IT,Financial Analyst,Bachelor,Married,0
EMP102676,42,88376.0,5,2,1,5.0,45,3,57.0,No,Sales,Financial Analyst,Bachelor,Married,0
EMP102677,44,35554.0,8,2,4,2.0,48,3,43.0,Yes,Research & Development,Research Scientist,Bachelor,Married,0
EMP102678,38,53038.0,5,4,1,2.0,42,3,16.0,Yes,Sales,Sales Executive,High School,Divorced,0
EMP102679,24,82046.0,3,2,1,4.0,39,10,71.0,No,Research & Development,Sales Executive,Bachelor,Divorced,0
EMP102680,30,64707.0,8,2,8,1.0,43,11,27.0,Yes,Sales,Sales Executive,High School,Single,0
EMP102681,31,66610.0,5,2,2,1.0,50,6,,Yes,Research & Development,Software Engineer,High School,Single,0
EMP102682,29,90555.0,11,2,1,4.0,42,5,25.0,No,Research & Development,Sales Executive,Master,Divorced,0
EMP102683,27,45811.0,9,1,7,1.0,53,7,38.0,No,IT,Sales Executive,Master,Married,0
EMP102684,43,41669.0,3,2,1,1.0,46,4,56.0,Yes,Research & Development,HR Specialist,Master,Single,0
EMP102685,47,71271.0,4,1,4,2.0,46,6,19.0,Yes,Research & Development,Sales Executive,Bachelor,Single,0
EMP102686,60,51423.0,4,2,4,1.0,39,9,28.0,No,Sales,HR Specialist,Master,Single,0
EMP102687,55,91133.0,1,2,1,1.0,41,8,37.0,No,IT,Software Engineer,Bachelor,Married,0
EMP102688,56,64957.0,2,2,1,4.0,45,1,9.0,No,Research & Development,Financial Analyst,Bachelor,Single,0
EMP102689,40,41547.0,13,1,1,1.0,42,7,47.0,No,Research & Development,Sales Executive,Bachelor,Married,0
EMP102690,27,64046.0,2,4,2,3.0,48,7,24.0,Yes,Research & Development,Sales Executive,Master,Married,0
EMP102691,28,36639.0,3,4,1,3.0,43,4,36.0,No,Research & Development,Sales Executive,Bachelor,Married,0
EMP102692,34,84222.0,3,1,3,4.0,39,6,18.0,No,Finance,Project Manager,Bachelor,Single,0
EMP102693,59,29330.0,3,2,3,3.0,44,6,18.0,Yes,IT,Research Scientist,Doctorate,Married,0
EMP102694,37,95322.0,3,3,3,2.0,40,2,35.0,No,Sales,HR Specialist,Bachelor,Single,0
EMP102695,39,63544.0,11,1,1,4.0,46,5,58.0,No,Sales,Project Manager,,Married,0
EMP102696,25,51074.0,2,2,2,1.0,40,5,21.0,No,Human Resources,Financial Analyst,Diploma,Single,0
EMP102697,31,77543.0,0,2,0,3.0,51,6,49.0,No,IT,Sales Executive,Bachelor,Married,0
EMP102698,21,69230.0,4,4,4,2.0,35,8,55.0,No,Research & Development,Software Engineer,Bachelor,Married,0
EMP102699,26,100084.0,5,4,2,4.0,41,3,50.0,No,Sales,Financial Analyst,Master,Single,0
EMP102700,35,99665.0,6,2,6,4.0,43,4,32.0,Yes,Research & Development,HR Specialist,Bachelor,Divorced,0
EMP102701,22,64448.0,12,2,1,1.0,40,5,39.0,No,Human Resources,Software Engineer,Diploma,Married,0
EMP102702,22,37153.0,2,4,1,5.0,31,6,58.0,No,Research & Development,Financial Analyst,Doctorate,Single,0
EMP102703,46,43106.0,0,4,0,3.0,52,5,49.0,No,IT,Research Scientist,Bachelor,Divorced,0
EMP102704,59,53255.0,2,5,2,2.0,46,5,35.0,No,Sales,Financial Analyst,Master,Married,1
EMP102705,57,89488.0,1,1,1,4.0,36,6,17.0,No,Research & Development,HR Specialist,Master,Single,0
EMP102706,52,44789.0,6,1,2,3.0,37,9,63.0,Yes,IT,Research Scientist,High School,Married,1
EMP102707,47,46503.0,5,3,5,2.0,35,6,37.0,No,Research & Development,Financial Analyst,Bachelor,Married,0
EMP102708,20,126354.0,5,2,1,2.0,42,7,27.0,No,Sales,Project Manager,Diploma,Married,0
EMP102709,27,52478.0,4,1,4,4.0,50,6,43.0,Yes,Research & Development,Research Scientist,Bachelor,Married,0
EMP102710,56,41335.0,3,1,2,,41,6,5.0,No,Finance,Sales Executive,Doctorate,Single,0
EMP102711,51,78009.0,2,4,2,2.0,40,7,45.0,No,Sales,Research Scientist,High School,Divorced,0
EMP102712,56,53628.0,4,4,2,4.0,47,2,44.0,Yes,IT,Sales Executive,Bachelor,Single,0
EMP102713,23,29430.0,6,2,3,3.0,44,8,40.0,No,IT,Software Engineer,Doctorate,Married,0
EMP102714,49,87860.0,3,4,1,3.0,42,3,49.0,Yes,Sales,Research Scientist,High School,Single,0
EMP102715,25,39298.0,2,2,2,4.0,46,3,39.0,,IT,Software Engineer,Diploma,Married,0
EMP102716,38,56089.0,4,3,2,3.0,34,4,44.0,No,Human Resources,Software Engineer,High School,Single,0
EMP102717,51,53339.0,3,2,3,5.0,45,8,45.0,No,Research & Development,Sales Executive,Master,Married,0
EMP102718,28,61000.0,8,1,0,2.0,49,5,51.0,Yes,,Software Engineer,Master,Single,0
EMP102719,31,20519.0,7,2,4,2.0,36,5,30.0,No,Sales,Software Engineer,Master,Married,0
EMP102720,30,47301.0,6,2,6,3.0,41,9,42.0,Yes,Research & Development,Software Engineer,Master,Single,0
EMP102721,35,91242.0,4,2,2,4.0,33,3,28.0,No,Research & Development,HR Specialist,Master,Married,0
EMP102722,20,97201.0,6,1,3,1.0,40,6,40.0,Yes,Research & Development,HR Specialist,Master,Married,0
EMP102723,40,35207.0,3,5,3,3.0,39,8,35.0,,Research & Development,Financial Analyst,,Single,0
EMP102724,49,83230.0,7,1,2,1.0,51,11,21.0,No,Sales,Software Engineer,Master,Married,0
EMP102725,32,39044.0,8,1,1,3.0,40,4,43.0,No,Finance,HR Specialist,Bachelor,Married,0
EMP102726,53,46469.0,4,2,2,1.0,44,6,8.0,No,IT,Research Scientist,Bachelor,Single,0
EMP102727,23,47581.0,3,2,3,3.0,49,4,19.0,No,Human Resources,Software Engineer,Master,Married,0
EMP102728,47,57760.0,5,2,4,4.0,32,4,46.0,No,Sales,Research Scientist,Master,Divorced,0
EMP102729,57,86310.0,2,3,2,1.0,43,7,25.0,No,Sales,Research Scientist,Diploma,Divorced,0
EMP102730,50,61954.0,5,2,1,5.0,37,8,43.0,No,Research & Development,HR Specialist,High School,Divorced,0
EMP102731,46,51965.0,4,3,4,4.0,37,3,69.0,Yes,Research & Development,Research Scientist,Bachelor,Single,0
EMP102732,24,84998.0,7,3,1,3.0,38,5,5.0,No,Human Resources,HR Specialist,Bachelor,Single,0
EMP102733,44,38326.0,4,1,3,1.0,40,4,39.0,No,IT,Project Manager,Diploma,Divorced,0
EMP102734,22,53122.0,4,2,4,2.0,37,2,63.0,No,Human Resources,Financial Analyst,Master,Single,0
EMP102735,52,86094.0,1,4,1,4.0,40,8,39.0,No,IT,Software Engineer,High School,Single,1
EMP102736,23,69792.0,6,1,1,1.0,47,2,35.0,No,Sales,Research Scientist,Bachelor,Married,0
EMP102737,44,44589.0,5,2,5,4.0,45,5,29.0,No,Human Resources,Software Engineer,High School,Divorced,0
EMP102738,39,27841.0,4,4,2,1.0,56,0,23.0,Yes,IT,Research Scientist,Bachelor,Single,0
EMP102739,53,63258.0,4,2,4,2.0,43,3,5.0,No,Research & Development,Financial Analyst,Bachelor,Married,0
EMP102740,45,27030.0,4,2,3,5.0,46,11,28.0,Yes,IT,Sales Executive,Master,Married,0
EMP102741,24,49984.0,4,5,3,2.0,49,4,36.0,No,Research & Development,Sales Executive,Master,Married,0
EMP102742,54,93491.0,7,1,1,3.0,37,6,37.0,No,IT,Sales Executive,Master,Married,0
EMP102743,47,71943.0,7,1,2,4.0,49,5,49.0,No,Finance,Software Engineer,Bachelor,Single,1
EMP102744,48,22125.0,3,4,3,5.0,38,6,48.0,Yes,Research & Development,Financial Analyst,Master,Single,0
EMP102745,28,60192.0,2,4,1,4.0,45,8,,No,Sales,Research Scientist,Master,Married,0
EMP102746,57,47642.0,5,2,2,1.0,47,6,40.0,No,Human Resources,Research Scientist,Master,Married,0
EMP102747,25,31005.0,4,2,3,3.0,33,5,34.0,Yes,Research & Development,Research Scientist,Bachelor,Married,0
EMP102748,38,63949.0,2,4,2,3.0,40,9,24.0,No,Research & Development,Sales Executive,Master,Married,0
EMP102749,30,44082.0,4,3,3,4.0,42,3,49.0,No,Sales,Sales Executive,Bachelor,Married,0
EMP102750,21,44205.0,6,2,2,3.0,37,4,33.0,No,Research & Development,Project Manager,High School,Married,0
