Customer_ID,Household_Size,House_Area_sqft,Monthly_Income,Monthly_Electricity_Usage_kWh,Peak_Usage_kWh,Average_Temperature_C,AC_Usage_Hours,Appliance_Count,Monthly_Electricity_Bill,Solar_Panel,City
HSE00001,7,1608,80836.18,887.6,302.8,34.2,6.1,6,6787.25,No,Chennai
HSE00002,4,1103,31005.08,689.8,222.6,21.8,55.3,9,4413.54,No,Mumbai
HSE00003,5,1563,31524.79,869.0,410.8,30.1,48.8,4,6621.3,No,Coimbatore
HSE00004,7,1293,45017.93,840.5,248.9,22.3,53.8,4,6539.53,No,Madurai
HSE00005,3,1117,39934.72,788.5,240.2,37.7,44.8,3,6036.16,No,Madurai
HSE00006,5,483,68152.86,697.4,358.2,31.1,49.4,7,4655.73,No,Delhi
HSE00007,5,563,56202.18,580.7,268.1,30.5,17.4,8,3770.94,Yes,Bangalore
HSE00008,7,400,92901.61,727.4,372.9,21.5,32.8,15,5868.24,No,Mumbai
HSE00009,2,947,63440.29,844.0,246.3,27.0,78.0,8,7124.44,Yes,Mumbai
HSE00010,3,2225,41152.04,703.2,260.0,27.0,31.1,4,5742.87,No,Bangalore
HSE00011,7,620,23484.14,1211.5,405.8,36.1,54.6,14,7559.37,No,Chennai
HSE00012,3,400,59625.8,774.9,196.0,31.9,51.5,14,5090.23,No,Chennai
HSE00013,3,1633,25474.69,750.7,251.8,22.4,73.4,9,5967.54,No,Chennai
HSE00014,5,2264,40923.45,1058.7,385.2,30.9,79.6,8,9095.08,No,Delhi
HSE00015,4,1334,39747.87,859.3,238.6,23.0,92.4,10,7313.08,No,Madurai
HSE00016,3,1330,43752.16,773.5,324.8,22.5,108.3,8,6645.09,No,Bangalore
HSE00017,6,1061,30420.53,766.1,279.6,30.8,26.3,11,4842.61,No,Coimbatore
HSE00018,5,400,39684.42,742.7,196.0,32.0,10.5,12,6280.92,Yes,Coimbatore
HSE00019,2,547,92110.62,591.0,272.6,30.8,38.3,4,5097.83,Yes,Bangalore
HSE00020,4,1057,91996.45,972.5,455.9,36.5,25.0,9,6183.42,Yes,Chennai
HSE00021,6,971,109613.23,736.5,368.5,30.5,28.7,7,5306.52,No,Bangalore
HSE00022,6,1148,55251.7,798.1,315.8,29.7,65.8,3,6362.88,No,Chennai
HSE00023,2,1573,62139.5,667.0,360.6,24.1,89.3,5,4331.36,Yes,Delhi
HSE00024,4,938,92722.24,848.0,444.5,32.4,55.5,6,6261.88,Yes,Mumbai
HSE00025,5,1582,28375.77,867.3,360.3,22.4,32.0,14,7346.28,No,Madurai
HSE00026,1,941,79033.04,613.1,235.1,37.1,57.2,4,5230.17,No,Delhi
HSE00027,4,1667,98828.73,911.1,228.6,32.5,74.9,9,8035.91,No,Chennai
HSE00028,2,1239,36866.42,723.4,335.2,40.2,17.5,3,5152.4,No,Pune
HSE00029,6,1004,102464.95,799.3,335.3,30.6,40.0,5,5797.71,No,Chennai
HSE00030,5,1231,138837.67,1008.3,535.7,32.7,42.2,14,8165.51,Yes,Mumbai
HSE00031,4,1068,78051.13,709.0,303.6,27.9,44.1,11,4876.66,No,Coimbatore
HSE00032,1,1251,71870.09,522.4,286.2,28.8,27.4,13,3106.32,No,Coimbatore
HSE00033,1,1541,33229.36,503.3,254.7,24.8,58.0,4,4208.96,Yes,Hyderabad
HSE00034,3,1161,88985.64,697.3,373.8,23.2,61.2,7,4575.49,No,Coimbatore
HSE00035,3,1034,34668.01,749.7,261.1,29.8,25.9,6,4551.72,No,Bangalore
HSE00036,7,694,64956.42,1082.3,319.1,28.8,101.6,14,6756.63,No,Bangalore
HSE00037,2,1461,67987.64,659.6,322.6,24.7,21.7,5,6123.71,No,Pune
HSE00038,4,1357,12478.65,712.8,346.3,25.4,31.2,7,4895.02,No,Bangalore
HSE00039,4,668,66019.14,513.1,160.8,29.1,20.3,8,3737.59,No,Hyderabad
HSE00040,7,1576,178930.39,705.0,338.0,24.6,18.1,3,6150.22,No,Pune
HSE00041,6,661,21455.86,809.8,343.8,30.4,52.2,4,6158.52,No,Chennai
HSE00042,6,1663,53682.22,530.6,150.1,24.8,31.2,3,3512.74,No,Pune
HSE00043,7,1510,22899.87,1042.0,417.4,30.0,79.9,5,7769.19,No,Kochi
HSE00044,6,1389,36780.56,858.1,454.2,24.4,27.6,10,5539.53,No,Salem
HSE00045,3,1030,23079.24,638.0,256.4,24.4,31.4,10,3900.73,Yes,Hyderabad
HSE00046,4,1459,59093.87,694.2,337.8,19.6,73.9,6,5783.77,No,Bangalore
HSE00047,7,1684,78606.57,854.5,221.0,28.4,23.3,8,5841.28,No,Delhi
HSE00048,4,1467,66136.15,934.0,437.5,34.8,36.0,14,7684.12,Yes,Coimbatore
HSE00049,1,898,36188.85,814.4,434.9,34.6,100.6,11,6185.5,No,Coimbatore
HSE00050,3,1320,41808.75,587.3,234.8,30.3,6.4,9,3966.34,No,Bangalore
HSE00051,5,1709,62168.96,504.1,177.1,21.0,3.5,4,3871.14,No,Delhi
HSE00052,3,2190,36701.49,886.7,393.7,32.4,17.5,13,5587.91,No,Coimbatore
HSE00053,7,1108,30246.35,988.7,518.9,29.9,110.7,4,6941.52,No,Mumbai
HSE00054,5,1586,49388.92,758.6,229.9,27.4,61.9,5,5855.21,Yes,Chennai
HSE00055,1,1711,35953.07,880.5,326.8,33.8,57.8,10,5767.56,No,Delhi
HSE00056,7,834,66190.32,890.8,264.5,31.5,17.6,12,7226.27,No,Hyderabad
HSE00057,2,2002,98666.65,910.7,363.4,36.8,51.0,11,5760.01,No,Coimbatore
HSE00058,4,721,177016.99,712.1,293.5,23.4,26.3,15,5434.14,Yes,Chennai
HSE00059,1,1564,64037.14,611.3,326.0,23.7,81.2,5,5114.22,Yes,Chennai
HSE00060,4,1337,73554.06,880.7,329.2,24.4,83.4,11,6503.84,No,Chennai
HSE00061,6,1225,41998.77,967.6,406.5,27.9,33.4,14,8555.57,No,Hyderabad
HSE00062,2,2346,43185.88,1024.3,528.1,35.4,64.7,14,7679.57,No,Salem
HSE00063,2,1064,98018.72,644.8,223.4,26.5,59.6,12,5876.58,No,Delhi
HSE00064,1,1057,48569.01,660.1,298.5,26.6,44.5,14,4878.83,No,Kochi
HSE00065,2,1799,56835.41,642.0,306.3,30.7,26.9,10,5548.17,No,Salem
HSE00066,5,1543,95361.24,823.6,287.6,32.4,36.2,7,6308.87,No,Mumbai
HSE00067,2,1777,48737.61,777.9,232.8,20.1,79.3,13,6637.96,No,Chennai
HSE00068,4,1253,108042.25,901.7,361.5,33.2,101.5,12,7683.82,No,Madurai
HSE00069,4,1343,71178.9,691.9,247.0,26.4,38.3,5,5175.51,No,Delhi
HSE00070,7,2055,67509.1,1260.5,415.9,28.6,107.4,13,10853.93,No,Salem
HSE00071,4,824,41085.2,947.2,513.4,34.7,61.9,9,7078.67,No,Delhi
HSE00072,7,1154,69161.19,938.7,376.1,28.1,45.5,11,7477.11,No,Pune
HSE00073,4,1559,45343.3,854.4,433.1,22.9,42.3,14,6124.93,No,Madurai
HSE00074,5,1112,67936.07,726.8,224.3,23.1,28.0,8,4743.26,No,Pune
HSE00075,7,943,52536.7,863.1,459.0,28.9,67.4,5,6662.99,No,Mumbai
HSE00076,3,1478,84978.43,936.4,457.3,27.7,118.0,7,8663.75,Yes,Hyderabad
HSE00077,6,1801,54219.26,822.7,405.3,29.2,44.3,9,7088.81,Yes,Kochi
HSE00078,1,1137,137602.5,643.2,236.0,27.4,24.7,10,5206.26,No,Pune
HSE00079,4,1124,48586.08,1026.2,406.1,34.0,73.9,15,7910.08,No,Bangalore
HSE00080,2,909,43240.37,640.9,274.3,29.1,37.1,14,4665.16,Yes,Hyderabad
HSE00081,4,1067,64269.45,590.3,287.4,21.9,27.8,6,3724.56,No,Mumbai
HSE00082,2,1688,89333.38,455.6,229.9,32.3,16.9,4,2980.1,No,Coimbatore
HSE00083,6,1236,89021.46,1069.8,292.5,36.6,66.1,12,6248.32,No,Chennai
HSE00084,6,838,59286.69,950.5,495.4,29.6,92.3,4,7745.65,No,Chennai
HSE00085,6,1318,64066.61,869.3,461.8,29.9,20.7,14,7216.73,No,Madurai
HSE00086,2,1673,64108.39,550.7,235.6,25.9,39.6,5,3742.16,No,Bangalore
HSE00087,4,947,33861.9,703.6,215.3,28.0,41.9,10,4411.97,Yes,Mumbai
HSE00088,6,602,87196.68,518.7,257.0,31.0,29.1,3,3667.67,No,Kochi
HSE00089,5,2186,31227.46,1245.5,516.4,33.5,105.8,9,8683.34,No,Chennai
HSE00090,7,580,33890.47,739.5,366.2,30.8,16.4,8,5393.56,No,Coimbatore
HSE00091,2,1038,56378.92,716.4,354.2,36.3,62.3,4,4732.55,Yes,Madurai
HSE00092,2,1304,47626.83,794.1,219.2,29.4,69.5,11,5239.23,No,Delhi
HSE00093,4,1077,78696.92,745.5,322.1,24.5,29.0,15,6521.22,No,Chennai
HSE00094,2,1166,67265.12,679.7,268.4,24.6,24.4,14,4732.7,No,Kochi
HSE00095,2,1460,58529.08,704.4,376.0,33.9,32.3,7,5758.47,No,Pune
HSE00096,6,400,33143.38,533.7,180.9,33.0,12.2,4,4215.48,No,Kochi
HSE00097,4,630,55661.31,810.2,252.6,22.4,119.8,5,5835.7,No,Chennai
HSE00098,6,1220,53715.58,850.1,441.3,28.2,34.0,9,7386.35,Yes,Hyderabad
HSE00099,7,1018,60783.43,861.8,253.9,28.3,37.1,9,6432.98,No,Delhi
HSE00100,7,1258,45323.07,1274.0,580.9,26.0,131.8,12,7611.99,No,Bangalore
HSE00101,6,1302,69588.62,4200.0,198.2,23.4,13.9,3,28000.0,No,Coimbatore
HSE00102,7,400,47057.99,891.4,374.7,25.9,44.1,12,7648.4,No,Coimbatore
HSE00103,4,1773,66715.3,1048.6,456.0,25.2,75.1,13,7549.18,Yes,Mumbai
HSE00104,1,976,78693.03,878.4,329.6,23.5,120.0,13,6587.09,No,Bangalore
HSE00105,6,811,43239.97,805.1,436.8,32.3,15.2,14,4939.8,No,Coimbatore
HSE00106,5,1294,38855.98,1050.7,304.2,30.1,129.7,6,7006.78,Yes,Pune
HSE00107,5,1248,68149.1,843.4,309.9,27.1,39.5,8,7028.16,No,Bangalore
HSE00108,2,1739,30351.27,516.4,195.8,20.7,39.7,10,4664.02,Yes,Bangalore
HSE00109,7,1322,90702.26,725.4,318.7,27.8,21.0,5,5487.55,No,Delhi
HSE00110,5,1721,55272.0,829.3,308.6,31.1,50.1,5,5654.27,No,Hyderabad
HSE00111,2,778,52231.82,815.6,227.6,26.1,130.1,10,7151.72,No,Delhi
HSE00112,1,1264,70318.88,667.2,356.4,24.4,49.5,10,4975.45,No,Coimbatore
HSE00113,4,698,68382.21,689.0,258.3,28.5,27.0,10,5463.41,No,Coimbatore
HSE00114,4,1244,55161.56,591.9,208.8,30.3,30.9,3,3649.06,No,Mumbai
HSE00115,4,1149,81671.95,662.3,254.3,21.0,31.9,10,5046.46,No,Salem
HSE00116,5,1129,40640.23,1104.0,347.7,34.4,110.5,10,9617.95,No,Chennai
HSE00117,1,1133,75784.49,654.4,183.3,24.0,124.6,4,4364.7,No,Delhi
HSE00118,5,1531,33850.46,777.5,229.0,27.3,16.3,14,6446.11,No,Chennai
HSE00119,7,477,69208.61,882.3,264.7,33.7,22.2,11,6856.36,No,Bangalore
HSE00120,5,795,47455.39,772.8,239.0,29.5,24.1,9,5063.08,No,Coimbatore
HSE00121,1,1182,30488.34,645.0,242.5,33.4,33.2,10,5573.07,Yes,Madurai
HSE00122,1,670,61733.24,911.1,398.3,35.2,138.3,4,5840.31,No,Bangalore
HSE00123,7,1221,54154.51,1144.8,502.2,23.2,128.6,6,9633.08,No,Chennai
HSE00124,1,1177,27470.34,607.1,151.8,32.6,47.8,9,5420.45,No,Pune
HSE00125,1,568,21246.32,616.4,324.4,34.3,35.9,8,5430.9,No,Chennai
HSE00126,4,546,51357.68,614.8,305.5,27.5,9.9,9,5176.89,No,Chennai
HSE00127,7,400,113924.38,706.1,380.7,27.8,54.3,3,5127.19,No,Coimbatore
HSE00128,3,651,63547.64,666.5,238.6,21.3,50.7,10,5275.78,Yes,Salem
HSE00129,3,1206,40715.01,955.7,429.5,32.1,20.5,15,7765.04,No,Chennai
HSE00130,1,1270,89494.26,567.5,170.5,18.9,61.1,9,3368.18,No,Salem
HSE00131,3,1291,82730.13,1004.5,497.3,32.9,82.0,15,6383.77,No,Chennai
HSE00132,3,850,97469.92,532.8,159.0,23.3,20.3,6,3884.68,Yes,Coimbatore
HSE00133,1,1192,74820.15,635.1,220.9,34.6,34.4,3,3616.84,No,Madurai
HSE00134,3,1379,81940.16,722.9,287.2,30.6,79.6,10,6512.32,No,Mumbai
HSE00135,5,629,76426.69,811.6,347.7,33.0,29.8,12,5700.53,Yes,Bangalore
HSE00136,2,1255,44365.23,572.7,239.3,25.7,33.5,9,3990.02,Yes,Hyderabad
HSE00137,7,1495,26325.99,874.3,245.4,23.7,34.9,10,6211.51,Yes,Chennai
HSE00138,2,979,43502.67,644.4,242.6,21.9,62.8,12,5539.94,No,Mumbai
HSE00139,1,1678,90428.08,784.2,413.2,33.4,88.7,3,7166.97,No,Mumbai
HSE00140,4,990,46334.11,915.4,468.4,31.7,115.8,7,5787.99,Yes,Coimbatore
HSE00141,7,813,51515.18,1116.0,476.8,31.8,85.0,11,9413.18,No,Madurai
HSE00142,1,1451,32548.46,771.0,325.1,30.2,47.5,7,5973.98,No,Hyderabad
HSE00143,4,2115,42920.21,1039.9,294.8,31.2,69.5,15,8046.31,Yes,Chennai
HSE00144,2,1238,54775.5,540.2,167.5,27.8,19.2,12,4462.41,No,Bangalore
HSE00145,1,1486,68647.6,1114.7,363.2,30.5,148.6,14,7559.61,No,Kochi
HSE00146,7,971,44743.03,697.8,276.6,25.6,27.9,5,5166.8,Yes,Bangalore
HSE00147,7,641,43358.0,1003.4,471.0,27.6,66.4,11,6777.95,Yes,Mumbai
HSE00148,6,1275,80343.58,1097.3,426.0,41.2,52.3,15,6908.33,No,Madurai
HSE00149,5,1346,63669.34,746.8,214.9,29.2,17.8,11,4750.92,No,Delhi
HSE00150,3,1039,67305.09,328.4,125.4,21.1,28.0,6,1776.5,No,Delhi
HSE00151,4,1484,109407.28,973.0,290.7,27.4,92.1,6,7631.0,No,Chennai
HSE00152,6,906,43818.22,847.1,402.7,24.8,43.7,13,5130.71,No,Delhi
HSE00153,3,794,53800.06,606.2,181.8,29.6,24.8,10,4786.82,No,Bangalore
HSE00154,3,1677,70481.84,618.4,244.1,25.4,39.6,9,4477.15,No,Madurai
HSE00155,1,1679,37157.1,601.7,275.6,28.2,24.8,13,5588.34,No,Coimbatore
HSE00156,3,915,60971.44,601.0,191.4,26.0,33.2,7,4674.48,No,Chennai
HSE00157,5,1973,55552.12,727.6,198.5,29.8,14.8,8,6361.25,No,Coimbatore
HSE00158,7,1071,191927.54,795.3,333.2,26.5,47.5,5,4794.81,Yes,Bangalore
HSE00159,6,1238,57528.15,1033.0,275.0,30.4,52.0,8,8480.28,No,Coimbatore
HSE00160,3,1162,92569.16,884.6,377.1,36.8,33.6,15,5538.16,No,Kochi
HSE00161,1,1436,79902.54,694.8,330.8,24.4,91.8,10,5639.74,No,Madurai
HSE00162,5,1322,32683.83,921.6,321.4,31.9,34.9,12,6337.43,No,Delhi
HSE00163,2,1316,27395.05,565.0,224.0,19.2,43.7,15,4207.95,No,Coimbatore
HSE00164,7,741,61466.34,987.9,522.2,28.1,32.2,13,6896.33,No,Bangalore
HSE00165,7,440,96847.13,936.3,366.4,29.9,37.1,11,6242.43,Yes,Salem
HSE00166,6,1714,62608.11,877.0,481.4,26.0,71.2,5,7366.71,Yes,Coimbatore
HSE00167,7,955,56986.62,643.3,191.1,21.9,19.7,10,5635.88,No,Mumbai
HSE00168,3,1178,48399.73,830.1,384.1,28.8,60.8,14,5611.89,No,Bangalore
HSE00169,1,1347,30312.21,602.2,268.5,35.1,29.6,5,5620.76,No,Salem
HSE00170,7,1933,35698.15,841.8,430.7,28.4,20.3,4,5619.08,Yes,Chennai
HSE00171,7,1273,26503.9,960.8,266.8,31.2,37.9,7,8051.24,Yes,Coimbatore
HSE00172,2,1022,33480.47,808.5,270.1,33.5,110.3,6,7032.95,No,Delhi
HSE00173,2,964,43407.38,1046.1,303.0,38.9,66.0,15,6912.37,No,Bangalore
HSE00174,4,1183,77986.86,687.6,364.4,24.8,37.3,7,5106.13,No,Delhi
HSE00175,5,791,45017.57,593.0,224.1,25.2,25.5,8,4275.45,Yes,Coimbatore
HSE00176,3,1213,61704.99,819.7,428.7,27.8,126.0,5,6100.5,No,Hyderabad
HSE00177,7,1177,58450.86,875.1,296.1,31.5,56.0,3,7292.36,No,Bangalore
HSE00178,7,1939,68848.27,737.5,212.3,19.7,48.6,6,5869.42,Yes,Hyderabad
HSE00179,1,1162,34524.41,786.8,266.7,31.6,64.9,8,6814.71,No,Kochi
HSE00180,4,400,88585.69,591.1,253.7,29.6,69.0,4,3822.14,No,Salem
HSE00181,5,2403,29198.1,842.9,424.5,26.9,34.6,4,6469.46,No,Pune
HSE00182,4,1631,44961.98,835.7,305.5,30.7,76.9,3,6190.18,No,Pune
HSE00183,6,2137,54485.02,934.2,489.9,32.6,17.2,11,8224.28,No,Hyderabad
HSE00184,5,679,77431.86,805.8,260.5,33.1,67.2,5,5033.18,No,Coimbatore
HSE00185,7,1100,102311.53,851.3,389.9,29.1,36.0,4,7789.81,No,Delhi
HSE00186,7,1503,77707.16,978.6,460.6,30.3,93.5,6,7268.83,No,Coimbatore
HSE00187,5,1441,104010.88,781.1,259.5,30.2,34.4,8,5999.92,Yes,Chennai
HSE00188,7,1338,37871.7,958.6,247.4,33.9,83.8,3,6856.04,No,Delhi
HSE00189,3,400,93972.29,723.5,260.1,30.5,57.1,11,6595.75,No,Delhi
HSE00190,5,429,86984.39,1181.6,311.4,31.6,180.0,11,9139.56,No,Bangalore
HSE00191,4,1883,18709.09,896.5,466.4,32.6,75.1,10,7108.36,Yes,Pune
HSE00192,5,1963,49805.44,945.1,506.6,36.8,49.2,8,7606.89,No,Madurai
HSE00193,7,1152,72114.13,823.9,387.7,26.7,13.3,6,5950.29,No,Mumbai
HSE00194,3,1826,43614.82,967.6,452.8,35.5,89.6,4,6131.42,No,Delhi
HSE00195,3,740,33740.94,1004.8,323.8,38.9,93.0,10,8710.67,No,Chennai
HSE00196,6,843,142410.26,744.4,202.6,26.9,38.3,9,5182.89,Yes,Salem
HSE00197,4,704,57818.06,736.6,361.4,28.1,30.4,14,6534.14,Yes,Chennai
HSE00198,2,818,58534.46,632.7,264.3,27.3,78.8,6,4992.91,No,Madurai
HSE00199,2,1525,30517.06,759.7,345.3,31.6,56.5,5,5636.58,No,Madurai
HSE00200,5,812,41752.98,639.5,309.4,21.6,42.8,8,5194.28,Yes,Delhi
HSE00201,6,2208,36719.39,818.6,305.2,27.0,63.0,3,6662.72,No,Kochi
HSE00202,1,1407,89377.77,549.3,161.1,27.9,38.2,4,4602.4,No,Hyderabad
HSE00203,5,1688,69021.52,831.5,406.2,27.6,92.2,9,7454.6,No,Madurai
HSE00204,6,1420,42545.73,949.5,366.6,27.5,40.2,13,6345.85,No,Pune
HSE00205,4,1746,70778.71,743.0,370.1,27.0,78.8,5,6409.62,No,Bangalore
HSE00206,4,809,49070.06,884.3,337.2,32.1,49.2,15,6439.98,Yes,Coimbatore
HSE00207,4,1851,61120.91,733.7,231.2,31.2,58.8,3,6248.49,No,Mumbai
HSE00208,4,1263,60991.04,1041.6,313.8,35.8,123.7,4,7310.16,No,Kochi
HSE00209,4,1744,66450.24,944.6,447.0,32.1,35.1,12,5975.12,No,Kochi
HSE00210,6,552,62939.66,974.0,411.5,24.6,75.8,12,7885.06,No,Kochi
HSE00211,6,1281,66473.64,988.0,366.9,28.3,107.7,11,6753.51,No,Chennai
HSE00212,3,1265,96780.64,878.0,349.1,27.9,74.2,9,8059.37,No,Bangalore
HSE00213,2,921,73375.23,831.3,344.9,30.0,95.2,9,5002.68,No,Mumbai
HSE00214,7,1341,47262.98,1033.7,332.7,33.4,52.3,12,6062.31,No,Delhi
HSE00215,4,1893,52628.32,1020.6,370.9,29.7,71.8,10,6189.98,No,Bangalore
HSE00216,1,887,95670.5,806.4,272.3,29.8,83.6,14,5635.29,No,Delhi
HSE00217,7,1633,57854.04,1108.4,406.3,29.0,48.5,14,8397.66,No,Mumbai
HSE00218,6,693,46480.13,1175.5,470.4,32.2,163.7,10,8832.84,No,Mumbai
HSE00219,1,2149,41401.66,651.0,196.6,26.7,27.8,11,4803.69,Yes,Delhi
HSE00220,1,1553,62190.38,501.5,184.6,23.2,24.7,4,3294.94,No,Mumbai
HSE00221,1,1976,37436.55,1116.0,408.1,31.6,115.9,10,7877.47,Yes,Chennai
HSE00222,3,1502,98051.33,992.2,333.2,30.5,105.3,10,6501.94,No,Kochi
HSE00223,6,1376,34477.78,828.1,455.1,34.3,30.8,15,6741.57,No,Chennai
HSE00224,1,1557,106960.93,643.0,175.0,19.3,95.2,7,5165.51,No,Pune
HSE00225,4,1139,48374.83,781.5,346.1,28.6,63.3,7,6444.47,Yes,Chennai
HSE00226,5,472,33879.2,677.7,204.9,29.4,49.5,6,5837.71,No,Delhi
HSE00227,1,1401,59887.17,509.3,255.6,23.0,30.2,7,4083.47,No,Madurai
HSE00228,3,860,35818.54,557.3,292.2,28.7,45.3,4,4529.49,Yes,Coimbatore
HSE00229,7,704,55857.31,825.2,305.7,33.7,26.4,4,5987.22,No,Salem
HSE00230,6,1486,42412.31,887.4,441.1,37.3,40.7,7,8228.82,No,Coimbatore
HSE00231,3,1074,84151.28,865.8,281.4,32.9,25.9,13,6631.32,Yes,Coimbatore
HSE00232,1,1662,58490.86,803.6,234.7,27.7,18.8,15,5454.15,No,Kochi
HSE00233,6,845,32217.44,921.3,317.6,34.0,96.5,5,6948.36,No,Delhi
HSE00234,5,988,42041.9,667.1,235.2,32.6,43.6,3,5872.85,No,Coimbatore
HSE00235,1,1718,75532.23,781.4,288.5,27.1,60.0,11,6836.98,No,Madurai
HSE00236,3,1326,98152.72,497.3,180.0,26.7,34.0,4,3505.38,Yes,Delhi
HSE00237,2,535,53890.79,636.6,237.7,28.3,42.3,14,5797.13,No,Coimbatore
HSE00238,4,1316,34375.87,789.4,365.5,24.8,25.4,12,7302.31,Yes,Kochi
HSE00239,7,1867,88380.34,1157.5,374.7,27.8,116.5,4,7947.05,Yes,Hyderabad
HSE00240,3,985,75383.38,699.4,178.7,30.9,9.7,6,5894.0,No,Chennai
HSE00241,6,1469,99015.46,991.2,393.4,33.2,80.6,4,8479.2,No,Kochi
HSE00242,1,818,62672.78,487.4,187.4,27.5,33.6,9,3004.39,No,Pune
HSE00243,4,1138,43513.21,877.1,235.1,34.6,25.3,14,7695.76,Yes,Mumbai
HSE00244,1,1690,69403.2,688.9,199.9,31.6,17.7,12,4903.36,No,Madurai
HSE00245,6,1299,63699.79,819.4,330.2,31.8,52.2,3,6593.94,No,Kochi
HSE00246,1,1780,42463.29,815.1,261.2,25.3,74.9,13,7245.71,Yes,Chennai
HSE00247,2,1391,60142.73,737.3,378.4,36.2,70.5,4,5418.49,Yes,Kochi
HSE00248,4,2198,50378.85,988.0,298.4,31.2,36.7,13,7203.56,No,Bangalore
HSE00249,4,496,76855.36,522.1,133.7,27.7,42.1,7,4747.83,No,Hyderabad
HSE00250,6,1102,68630.45,613.4,235.7,27.0,24.8,4,5467.75,Yes,Salem
HSE00251,7,712,34264.75,801.1,437.3,27.8,27.8,11,4819.99,Yes,Pune
HSE00252,2,743,32744.76,516.0,227.1,24.9,96.4,6,4510.55,No,Bangalore
HSE00253,3,747,52821.49,719.3,256.2,33.0,13.4,11,4436.88,No,Delhi
HSE00254,1,1275,55818.31,411.5,105.0,25.3,12.1,13,2641.1,Yes,Hyderabad
HSE00255,5,1302,77460.86,936.7,370.5,30.2,30.8,14,7660.23,No,Coimbatore
HSE00256,1,1392,69291.34,658.8,205.5,27.2,115.7,3,5237.83,No,Madurai
HSE00257,1,695,106032.08,491.0,218.2,31.7,48.9,3,3792.51,Yes,Kochi
HSE00258,3,1054,44571.57,1064.0,452.1,32.2,163.8,3,6303.48,No,Pune
HSE00259,1,766,43441.03,624.9,205.9,26.4,39.1,6,4170.29,No,Mumbai
HSE00260,2,1621,35709.5,859.3,232.6,28.9,71.9,11,7837.32,No,Chennai
HSE00261,2,808,77058.62,566.0,269.7,23.2,89.0,10,3257.83,No,Madurai
HSE00262,4,1104,55541.01,1254.9,534.1,35.8,147.4,9,8109.53,No,Bangalore
HSE00263,6,1452,23884.07,791.1,397.6,33.3,32.7,3,6527.05,No,Coimbatore
HSE00264,7,923,60238.25,732.2,240.1,23.4,48.6,5,5936.24,No,Salem
HSE00265,5,1512,61992.89,868.6,387.3,25.5,43.0,11,6174.49,No,Kochi
HSE00266,1,1918,51540.97,691.2,197.4,28.5,75.4,11,4605.27,Yes,Mumbai
HSE00267,1,1285,62854.84,816.5,275.6,29.2,108.7,7,6854.94,No,Coimbatore
HSE00268,3,1606,31760.62,997.7,445.9,26.3,108.5,14,8618.77,Yes,Chennai
HSE00269,6,400,115099.56,847.6,421.8,24.4,32.2,15,5068.14,No,Hyderabad
HSE00270,2,1007,65264.61,659.0,228.2,30.6,27.9,8,5126.32,Yes,Mumbai
HSE00271,5,1283,24758.5,970.6,475.3,36.0,70.8,13,6936.71,No,Delhi
HSE00272,4,726,54854.24,841.1,381.3,29.2,22.7,15,6961.61,Yes,Pune
HSE00273,2,1293,66046.38,787.4,279.2,27.8,76.5,8,5524.1,No,Mumbai
HSE00274,6,1677,33331.86,850.1,436.0,27.4,48.5,12,6788.28,No,Delhi
HSE00275,7,400,69928.05,865.1,348.4,24.6,98.8,6,6587.72,No,Kochi
HSE00276,4,665,117184.51,773.7,343.9,26.3,90.0,3,5551.59,No,Delhi
HSE00277,7,1283,41155.89,884.8,352.8,33.5,52.3,7,7855.92,Yes,Salem
HSE00278,3,1407,66695.04,754.3,291.0,20.7,21.4,15,5594.6,Yes,Kochi
HSE00279,3,1532,60412.89,484.1,244.2,29.3,22.7,3,4297.75,No,Chennai
HSE00280,1,1250,85035.06,495.4,167.6,29.1,50.1,3,3470.73,Yes,Madurai
HSE00281,7,1408,52371.07,1004.3,262.1,29.5,64.0,13,6586.72,Yes,Chennai
HSE00282,6,1607,34032.32,995.4,511.6,31.9,39.6,7,7535.74,Yes,Salem
HSE00283,5,1013,82616.98,664.7,330.7,29.2,26.1,7,5005.68,Yes,Delhi
HSE00284,4,926,34955.15,614.3,221.1,27.2,40.5,9,4597.6,Yes,Mumbai
HSE00285,2,1124,124128.93,746.8,228.2,26.4,99.3,4,6148.87,No,Bangalore
HSE00286,6,1290,70787.28,962.7,435.8,34.2,40.5,8,7310.85,Yes,Coimbatore
HSE00287,6,904,42006.8,805.5,220.4,33.2,32.9,4,6797.62,No,Coimbatore
HSE00288,3,1023,90579.36,892.3,336.5,40.5,22.2,15,6597.38,Yes,Kochi
HSE00289,7,1379,54773.04,986.6,272.1,27.9,46.5,12,6809.93,No,Hyderabad
HSE00290,1,1271,49784.35,668.6,287.1,26.4,90.5,7,4596.89,No,Mumbai
HSE00291,1,1117,40485.42,868.9,224.3,30.8,93.0,6,7252.45,Yes,Madurai
HSE00292,4,417,23621.39,801.5,351.7,30.7,28.7,13,5015.2,Yes,Chennai
HSE00293,3,1198,72190.6,916.4,414.2,31.5,52.6,12,5764.55,Yes,Pune
HSE00294,6,763,26434.66,831.7,329.5,32.4,30.5,7,5400.49,No,Hyderabad
HSE00295,5,1642,38488.16,830.8,251.3,31.5,38.4,4,6065.19,No,Chennai
HSE00296,3,1061,66827.4,706.9,198.2,33.3,46.0,10,5369.57,No,Kochi
HSE00297,4,752,43905.03,819.5,281.9,33.8,35.3,10,4831.8,No,Delhi
HSE00298,4,1172,59030.34,698.6,272.1,33.9,3.9,8,4996.45,Yes,Coimbatore
HSE00299,3,1772,31854.23,904.5,400.4,20.0,116.7,5,6632.44,No,Mumbai
HSE00300,4,1484,47017.81,781.1,195.6,29.9,32.8,6,6563.02,No,Kochi
HSE00301,3,1299,59196.16,567.4,262.9,25.3,31.1,3,4885.09,No,Coimbatore
HSE00302,2,603,35843.8,536.7,248.9,33.2,28.5,11,4215.19,No,Bangalore
HSE00303,3,1930,117471.62,633.0,242.7,19.9,16.6,12,4670.93,No,Pune
HSE00304,7,920,41284.72,1120.7,395.6,34.9,118.7,7,7593.31,No,Kochi
HSE00305,3,1620,102270.45,767.8,386.0,25.5,47.9,10,6734.82,No,Pune
HSE00306,4,1054,50999.75,647.8,314.4,24.6,64.5,5,4338.67,No,Bangalore
HSE00307,7,1577,27153.86,944.6,514.8,30.4,59.6,6,6563.26,No,Hyderabad
HSE00308,4,1788,32974.28,762.9,275.8,27.5,34.6,6,6423.7,No,Pune
HSE00309,1,1492,59535.27,773.3,403.7,36.1,47.8,10,6939.32,No,Coimbatore
HSE00310,1,1540,87538.81,946.4,261.4,34.5,73.0,14,8387.55,No,Mumbai
HSE00311,7,1156,121964.85,713.3,266.4,27.0,18.1,11,6365.75,No,Delhi
HSE00312,2,1005,58266.75,566.6,220.8,33.2,37.9,5,4757.26,No,Kochi
HSE00313,1,1262,32381.05,646.1,247.0,26.8,42.1,9,5181.5,No,Coimbatore
HSE00314,3,1047,62343.0,588.0,257.3,26.8,33.9,11,4461.43,No,Bangalore
HSE00315,4,2310,37939.26,907.1,273.1,31.9,33.5,4,8250.43,No,Mumbai
HSE00316,1,753,65615.99,709.4,361.7,34.8,53.4,6,6253.62,No,Delhi
HSE00317,1,1651,36005.43,754.1,313.4,27.2,102.1,5,5126.85,No,Pune
HSE00318,2,1433,21477.94,970.0,505.6,27.5,62.7,10,7241.17,Yes,Chennai
HSE00319,7,1303,99476.18,914.0,229.2,30.2,28.0,6,5512.9,No,Coimbatore
HSE00320,7,1866,49672.21,1332.5,585.0,25.4,180.0,11,11614.75,No,Delhi
HSE00321,6,1334,56242.93,1099.1,410.8,35.3,102.6,3,8380.97,No,Madurai
HSE00322,2,914,86129.23,457.9,183.9,25.4,35.5,3,2912.55,No,Pune
HSE00323,3,1331,128100.38,782.1,370.0,26.5,103.5,6,5269.25,No,Mumbai
HSE00324,7,1118,76048.36,884.2,281.3,36.1,54.2,5,7888.15,No,Salem
HSE00325,4,1426,57609.29,734.0,228.6,29.9,21.8,5,5755.03,No,Hyderabad
HSE00326,2,1566,67736.55,1016.6,468.6,36.8,96.1,12,7270.93,Yes,Hyderabad
HSE00327,1,813,48167.32,603.5,245.3,28.1,28.0,14,4615.11,Yes,Coimbatore
HSE00328,4,1738,55901.13,893.7,286.1,39.1,64.4,4,5592.4,No,Madurai
HSE00329,4,1085,58704.82,819.0,323.7,31.5,52.4,12,5136.98,No,Mumbai
HSE00330,1,1400,38603.84,731.4,283.7,26.0,67.6,12,5554.89,Yes,Bangalore
HSE00331,2,1478,55526.55,856.2,391.7,25.9,123.8,4,6577.05,No,Coimbatore
HSE00332,1,1365,64879.33,412.3,103.4,23.2,47.4,10,2821.76,No,Bangalore
HSE00333,6,1151,69407.21,591.4,252.0,23.6,21.6,3,4842.34,No,Coimbatore
HSE00334,4,980,66962.24,624.6,269.6,26.4,30.7,10,3843.28,No,Bangalore
HSE00335,5,1079,30107.43,814.2,385.6,25.0,20.5,12,7173.95,No,Salem
HSE00336,5,1904,95631.26,786.8,406.6,18.7,16.2,5,5520.92,Yes,Coimbatore
HSE00337,3,810,92126.23,756.1,288.9,32.4,89.4,4,4845.55,Yes,Mumbai
HSE00338,7,876,52671.07,848.2,299.2,32.1,51.3,11,5686.05,No,Chennai
HSE00339,1,857,67512.45,580.8,163.0,30.2,44.0,7,3970.76,No,Pune
HSE00340,1,1261,49893.16,495.6,174.0,24.5,36.0,7,3358.29,No,Mumbai
HSE00341,3,514,77147.11,1092.3,295.5,35.6,77.7,15,7907.4,Yes,Chennai
HSE00342,3,591,38126.55,948.7,465.7,28.3,110.2,8,7697.43,No,Kochi
HSE00343,3,1083,100629.0,612.0,301.2,25.7,27.5,6,4147.94,No,Pune
HSE00344,4,621,75439.17,730.2,274.0,29.9,62.9,9,5603.26,No,Salem
HSE00345,6,657,76231.78,983.3,322.4,29.7,85.8,9,8389.89,No,Coimbatore
HSE00346,1,624,52460.44,540.4,154.2,19.0,55.6,13,3574.56,No,Hyderabad
HSE00347,4,819,29126.69,868.5,438.9,28.9,74.0,11,7242.22,No,Salem
HSE00348,3,1529,81867.64,569.4,292.2,29.5,21.4,8,3536.17,No,Kochi
HSE00349,1,1630,29563.21,1060.5,349.8,27.5,111.9,15,6856.75,No,Kochi
HSE00350,4,2064,82312.33,799.0,348.8,23.7,77.9,3,6212.52,No,Mumbai
HSE00351,6,2047,38856.52,981.7,321.6,23.8,66.6,11,6526.0,No,Delhi
HSE00352,4,1554,26927.86,1011.6,321.2,31.1,82.4,14,8884.21,Yes,Pune
HSE00353,6,1662,55024.75,996.2,255.4,32.0,39.8,15,5830.4,No,Coimbatore
HSE00354,3,1259,93652.72,715.0,302.6,27.2,24.3,12,5372.71,No,Delhi
HSE00355,6,1434,35616.59,746.1,220.1,30.5,20.6,11,5996.93,Yes,Kochi
HSE00356,1,2075,112944.75,647.5,164.3,27.2,18.5,7,4313.5,No,Coimbatore
HSE00357,3,1367,73911.35,675.9,190.2,25.6,62.4,9,5580.67,No,Chennai
HSE00358,1,1719,59019.92,433.1,149.0,29.9,37.0,3,3152.76,No,Bangalore
HSE00359,5,780,45209.28,970.7,437.5,24.4,108.0,6,8019.17,No,Kochi
HSE00360,2,900,46650.3,949.5,295.1,36.6,95.5,14,7584.96,No,Pune
HSE00361,6,1340,66746.94,897.6,463.4,23.2,77.6,12,6296.35,No,Delhi
HSE00362,2,1267,80483.45,803.6,270.4,30.1,68.0,6,5801.3,Yes,Pune
HSE00363,2,921,42108.93,703.3,245.7,29.6,30.6,7,4912.92,No,Hyderabad
HSE00364,6,2283,38259.89,833.7,262.9,29.2,34.4,8,5111.59,Yes,Kochi
HSE00365,3,1278,49954.43,655.5,213.8,34.9,30.5,6,3821.06,No,Chennai
HSE00366,5,1001,102972.92,482.7,131.4,18.3,23.7,8,4284.26,No,Delhi
HSE00367,1,1268,31808.5,786.3,266.1,30.6,44.9,12,5620.78,No,Chennai
HSE00368,4,1211,91968.68,998.2,507.0,27.9,85.2,9,5960.75,Yes,Coimbatore
HSE00369,1,1285,56056.44,526.0,240.1,31.3,43.1,5,3332.9,Yes,Chennai
HSE00370,4,483,26143.5,772.4,395.9,29.2,29.5,11,5298.16,No,Hyderabad
HSE00371,1,1781,44683.25,662.5,186.5,28.7,43.1,10,3835.2,No,Kochi
HSE00372,6,1807,72362.18,802.6,310.4,24.2,53.2,3,5886.63,No,Hyderabad
HSE00373,5,1862,123735.9,841.3,268.2,26.3,35.1,15,5251.83,Yes,Chennai
HSE00374,4,1346,30265.71,876.8,408.9,41.5,45.1,4,5416.7,Yes,Salem
HSE00375,7,1498,15466.92,1311.0,709.3,31.4,180.0,4,10338.03,No,Chennai
HSE00376,3,810,30509.39,686.7,339.6,33.2,18.0,12,5529.81,No,Salem
HSE00377,1,1575,91470.83,609.9,158.9,27.6,10.0,11,4245.35,No,Madurai
HSE00378,1,1313,24536.2,635.9,219.4,25.6,50.9,14,5230.29,No,Mumbai
HSE00379,4,993,107888.41,816.0,211.0,32.1,60.7,11,4857.25,Yes,Coimbatore
HSE00380,3,1589,95011.43,720.2,188.7,21.4,43.7,11,5849.94,Yes,Delhi
HSE00381,3,1607,59937.33,657.1,179.9,26.4,25.1,3,4086.68,Yes,Kochi
HSE00382,6,1227,41490.68,1038.7,345.8,27.6,106.9,9,9003.42,No,Hyderabad
HSE00383,7,1397,56384.85,1124.0,383.6,32.8,49.1,14,9913.05,No,Chennai
HSE00384,6,736,72408.41,978.6,362.2,30.7,52.4,13,8329.76,Yes,Pune
HSE00385,6,1759,67602.68,1166.5,433.3,27.1,76.8,15,9709.64,No,Mumbai
HSE00386,6,796,120323.01,687.6,331.0,30.5,42.6,5,5294.43,No,Chennai
HSE00387,6,883,48924.93,806.2,235.7,27.8,40.2,13,5759.58,No,Madurai
HSE00388,6,1228,30629.2,1113.6,331.1,33.3,106.9,11,8545.25,No,Madurai
HSE00389,5,1702,28291.37,943.5,413.2,29.9,14.3,10,7147.8,No,Bangalore
HSE00390,3,1701,25856.24,896.4,377.9,35.9,58.8,5,5213.45,No,Coimbatore
HSE00391,6,1198,60078.9,802.3,237.6,27.9,55.8,3,6014.35,No,Mumbai
HSE00392,3,1548,49494.78,875.7,442.8,33.9,36.8,11,7039.24,No,Bangalore
HSE00393,3,440,55814.17,651.5,227.2,29.4,43.8,15,3970.32,Yes,Coimbatore
HSE00394,2,876,43192.05,969.9,349.3,26.2,101.6,12,8028.5,No,Madurai
HSE00395,5,885,33373.36,804.3,302.5,39.4,28.0,3,6346.14,No,Salem
HSE00396,6,1763,72514.34,1076.7,373.4,34.2,73.9,5,6675.8,Yes,Bangalore
HSE00397,1,1495,18155.15,678.6,283.1,29.9,48.2,15,5013.34,No,Pune
HSE00398,4,1283,38344.66,941.1,345.0,32.1,69.4,8,8338.59,No,Coimbatore
HSE00399,7,1327,78355.31,865.0,283.6,24.7,61.3,8,7584.34,No,Bangalore
HSE00400,1,1906,36669.89,522.5,272.4,24.8,9.5,13,3937.74,No,Coimbatore
HSE00401,5,1123,65600.75,804.5,275.5,33.5,27.5,12,5665.29,No,Coimbatore
HSE00402,4,609,38367.72,509.8,234.3,29.0,30.4,6,3327.1,No,Mumbai
HSE00403,5,1689,44799.77,621.0,219.9,28.4,25.0,4,3817.52,No,Pune
HSE00404,3,1282,71239.5,790.7,300.9,27.8,33.0,15,5772.35,No,Hyderabad
HSE00405,4,1629,30947.79,880.8,282.5,29.6,52.3,12,7702.7,No,Hyderabad
HSE00406,3,1180,76915.58,828.5,394.1,28.0,81.1,8,7229.96,Yes,Chennai
HSE00407,1,823,56148.36,558.9,263.3,20.9,19.8,12,4874.28,No,Pune
HSE00408,1,1381,96808.1,708.7,181.9,34.7,48.6,7,4830.84,Yes,Bangalore
HSE00409,4,1205,60400.7,753.9,202.1,28.6,57.0,15,4918.83,No,Coimbatore
HSE00410,4,1283,33989.93,998.5,525.9,36.3,90.0,8,7744.39,No,Chennai
HSE00411,6,1927,119693.07,1146.3,592.2,22.0,113.9,9,9082.83,No,Coimbatore
HSE00412,5,706,35292.09,706.9,284.1,21.9,42.4,13,5580.51,No,Hyderabad
HSE00413,6,1329,49655.69,939.3,373.8,27.9,25.4,11,7806.93,No,Coimbatore
HSE00414,5,831,84619.71,996.7,492.1,32.9,59.3,14,8396.74,No,Pune
HSE00415,6,400,23602.81,591.7,172.5,24.1,26.2,14,5035.72,No,Madurai
HSE00416,3,1178,105128.59,691.5,308.5,24.0,56.4,9,5066.54,No,Chennai
HSE00417,4,1214,32767.44,711.4,279.4,30.5,29.5,6,6004.99,No,Hyderabad
HSE00418,1,1481,44816.82,842.5,398.5,27.7,64.9,12,5224.39,No,Hyderabad
HSE00419,5,1102,62634.69,882.2,228.5,31.2,30.8,7,7129.78,Yes,Salem
HSE00420,5,530,53977.41,1089.4,466.1,27.8,107.9,15,7323.55,Yes,Coimbatore
HSE00421,1,830,78450.07,636.5,265.4,30.5,48.3,8,4264.02,Yes,Delhi
HSE00422,6,1793,26761.65,1074.3,539.6,34.5,15.4,15,6789.28,No,Bangalore
HSE00423,5,824,76301.02,840.3,380.7,24.1,82.4,11,5432.2,No,Hyderabad
HSE00424,7,1912,79090.46,915.5,470.6,33.7,42.8,7,8344.17,No,Chennai
HSE00425,3,1672,87399.08,719.5,371.4,22.2,67.8,7,4850.78,No,Chennai
HSE00426,4,1057,26896.22,937.0,349.0,31.4,83.3,9,8474.52,No,Chennai
HSE00427,1,872,28397.82,522.6,152.2,34.7,49.9,4,3154.89,No,Coimbatore
HSE00428,4,1672,47146.71,732.5,321.6,26.9,18.9,5,4651.31,No,Chennai
HSE00429,7,1092,29813.51,1116.1,571.6,31.6,52.7,14,8637.92,No,Delhi
HSE00430,5,504,24423.55,692.3,188.6,27.1,99.8,4,4976.93,Yes,Delhi
HSE00431,5,1453,46241.35,1030.4,430.1,31.3,45.3,12,8546.96,No,Mumbai
HSE00432,7,1388,61109.93,877.5,249.6,20.0,61.4,12,6429.37,Yes,Coimbatore
HSE00433,1,1712,193809.16,686.9,177.3,29.6,28.1,14,5786.58,No,Coimbatore
HSE00434,3,1357,70403.08,662.5,300.7,30.6,16.6,4,4867.16,Yes,Kochi
HSE00435,2,953,121007.76,650.7,295.8,34.4,43.4,5,5307.77,No,Chennai
HSE00436,1,1771,53918.04,886.8,381.5,32.7,49.0,8,6611.38,No,Madurai
HSE00437,2,1815,70748.96,789.9,401.1,28.4,89.0,7,6374.5,Yes,Kochi
HSE00438,7,1305,51499.45,903.8,247.9,30.1,50.9,13,7295.75,No,Coimbatore
HSE00439,6,1227,183963.73,992.6,279.5,23.2,85.0,15,7124.4,Yes,Madurai
HSE00440,2,605,40399.5,699.3,356.2,35.6,36.4,7,4757.92,Yes,Mumbai
HSE00441,3,927,42941.76,494.5,198.3,31.8,18.5,4,4216.25,No,Mumbai
HSE00442,6,1542,78710.49,666.1,221.1,21.6,63.5,4,5714.67,No,Kochi
HSE00443,2,949,60382.3,965.5,455.2,30.0,105.8,14,5757.03,Yes,Bangalore
HSE00444,7,544,45443.07,597.6,309.7,30.3,33.2,3,5075.4,No,Pune
HSE00445,6,2773,84732.81,1028.5,469.9,25.9,69.0,5,8062.58,No,Delhi
HSE00446,7,541,53990.98,979.7,477.7,29.4,70.5,14,7462.45,No,Pune
HSE00447,2,2216,53819.97,783.8,262.4,25.5,16.8,14,7054.5,No,Delhi
HSE00448,7,1062,61013.5,770.9,259.5,23.4,42.3,13,6162.04,No,Coimbatore
HSE00449,3,1162,25203.4,861.2,438.6,26.5,72.3,9,7332.89,No,Chennai
HSE00450,2,897,26852.77,758.8,329.7,29.7,59.2,13,5824.09,Yes,Madurai
HSE00451,2,1552,89696.9,882.5,282.6,32.7,72.3,7,6053.62,No,Chennai
HSE00452,2,552,40556.68,739.5,301.2,29.3,65.5,9,5625.18,Yes,Hyderabad
HSE00453,1,400,51805.95,552.9,252.0,32.8,45.6,11,4869.17,No,Bangalore
HSE00454,1,1925,113628.07,817.6,258.0,31.6,49.0,8,6685.87,No,Coimbatore
HSE00455,1,838,52867.71,476.6,212.8,24.9,87.6,4,3136.35,No,Chennai
HSE00456,3,1536,50038.53,625.1,164.2,31.6,52.7,3,4255.71,No,Chennai
HSE00457,6,712,82316.21,824.7,281.3,31.7,30.4,3,6413.14,No,Hyderabad
HSE00458,7,1519,42018.67,1172.7,530.3,36.0,42.7,12,9091.15,No,Kochi
HSE00459,5,1958,94504.87,1163.3,342.9,30.6,61.3,11,7741.37,Yes,Hyderabad
HSE00460,2,963,81559.62,660.5,209.2,24.1,84.5,8,4384.31,Yes,Delhi
HSE00461,7,400,125334.12,674.0,346.3,26.8,16.5,8,5767.75,No,Bangalore
HSE00462,2,1960,40313.19,631.3,285.5,21.6,41.3,6,4883.43,No,Kochi
HSE00463,3,1617,101745.21,1009.1,403.3,31.0,80.9,14,8433.95,Yes,Delhi
HSE00464,2,987,70574.91,556.5,174.3,35.6,27.9,4,5128.06,Yes,Coimbatore
HSE00465,1,1102,30293.05,416.1,146.6,19.4,28.0,12,2802.99,No,Hyderabad
HSE00466,5,700,17099.58,811.5,342.7,35.8,48.6,5,6575.43,No,Kochi
HSE00467,4,1839,38406.28,635.9,188.6,31.0,15.6,5,5347.43,Yes,Pune
HSE00468,2,959,62733.13,774.0,305.4,24.7,121.9,10,7061.79,No,Madurai
HSE00469,7,562,66962.97,903.6,336.8,30.0,60.8,8,6287.11,No,Chennai
HSE00470,1,1296,53557.01,653.0,256.6,24.8,68.8,9,4463.28,No,Salem
HSE00471,4,813,53773.19,999.4,281.5,30.8,91.0,11,8406.95,Yes,Chennai
HSE00472,5,736,51968.41,995.4,280.7,29.3,160.4,3,8971.37,No,Coimbatore
HSE00473,4,1006,87477.44,637.8,343.9,30.3,45.7,4,5683.12,No,Hyderabad
HSE00474,1,1239,28818.08,558.0,303.4,25.3,16.3,11,4690.25,No,Coimbatore
HSE00475,6,579,62057.64,686.8,259.5,25.9,57.7,7,4940.92,Yes,Delhi
HSE00476,6,1823,37981.34,813.8,396.1,31.0,29.1,6,6563.31,No,Madurai
HSE00477,4,1505,36575.91,552.0,246.6,27.0,22.1,3,4410.21,Yes,Madurai
HSE00478,3,1036,93376.24,704.6,200.9,29.6,35.3,11,5910.26,No,Mumbai
HSE00479,7,793,35334.68,1079.9,366.1,30.8,45.2,13,8777.43,No,Hyderabad
HSE00480,7,1160,51653.09,1048.4,360.7,28.1,91.9,15,6375.68,No,Salem
HSE00481,4,1605,132775.2,1266.1,542.8,33.6,123.7,11,10212.86,Yes,Mumbai
HSE00482,2,1535,80195.53,640.5,271.6,28.3,24.1,6,4702.25,No,Madurai
HSE00483,2,1676,44817.4,843.7,444.7,28.1,37.0,11,7652.16,No,Madurai
HSE00484,7,984,46514.56,1185.5,577.4,26.5,67.0,12,9113.69,No,Chennai
HSE00485,7,400,31661.2,1167.9,592.2,33.2,72.4,15,8948.53,No,Coimbatore
HSE00486,6,1762,98753.17,781.4,404.3,26.2,26.0,3,6975.36,No,Hyderabad
HSE00487,3,1125,86698.93,778.3,381.7,34.0,81.0,7,5037.5,No,Kochi
HSE00488,1,1500,74911.26,443.4,155.1,29.7,30.3,3,2819.37,Yes,Kochi
HSE00489,2,1951,78720.85,838.8,263.8,39.7,25.3,6,6872.7,No,Mumbai
HSE00490,7,2295,38814.63,1033.8,435.8,26.4,65.4,14,6884.81,No,Coimbatore
HSE00491,6,908,27406.29,1063.1,485.7,34.1,93.3,7,7438.16,No,Coimbatore
HSE00492,5,1260,70779.99,815.4,298.4,31.0,57.7,13,6821.63,No,Salem
HSE00493,6,1815,82038.14,933.7,471.1,26.9,52.1,5,6755.25,No,Bangalore
HSE00494,2,820,113352.7,555.6,299.0,31.1,45.7,4,3571.02,No,Delhi
HSE00495,2,938,50246.08,685.2,288.3,30.9,50.4,8,4718.2,No,Madurai
HSE00496,6,935,47053.96,818.4,316.7,27.7,41.9,13,4845.66,No,Kochi
HSE00497,1,1187,49385.96,702.8,353.4,30.7,66.5,15,5296.35,No,Mumbai
HSE00498,4,1101,74378.57,860.3,221.3,33.7,50.4,5,5688.52,No,Hyderabad
HSE00499,2,933,48443.25,1177.1,339.8,31.0,154.9,12,10023.06,No,Pune
HSE00500,6,765,53722.16,694.8,350.0,27.3,59.1,3,5336.39,Yes,Bangalore
HSE00501,7,1565,79942.45,4600.0,483.2,27.1,42.0,13,32000.0,No,Mumbai
HSE00502,6,1802,41500.56,942.5,353.3,28.7,24.4,15,6400.91,No,Coimbatore
HSE00503,3,1867,102858.32,796.0,411.3,33.4,26.5,7,6140.65,No,Kochi
HSE00504,4,984,73128.87,712.1,253.1,26.0,60.6,4,4876.88,Yes,Salem
HSE00505,5,1584,23840.93,799.1,351.7,30.6,34.1,4,5889.27,No,Salem
HSE00506,1,1306,43615.99,622.4,274.0,22.8,53.7,6,5249.25,Yes,Bangalore
HSE00507,5,943,22117.71,967.0,295.2,31.4,96.4,6,6749.11,Yes,Hyderabad
HSE00508,4,1530,50341.38,726.1,243.6,32.0,21.1,6,4973.04,No,Chennai
HSE00509,4,923,43951.78,800.8,420.3,37.1,43.7,9,6581.28,No,Bangalore
HSE00510,4,1031,80079.33,544.4,166.1,32.7,7.7,3,3924.88,No,Hyderabad
HSE00511,5,580,36998.41,791.1,239.0,27.4,16.8,15,5153.49,No,Pune
HSE00512,7,991,65484.53,733.0,288.7,22.9,54.9,10,4795.88,No,Coimbatore
HSE00513,4,1314,71045.08,896.8,249.0,31.1,18.2,14,7945.42,No,Bangalore
HSE00514,6,1906,61748.57,935.8,485.1,27.7,20.7,15,8110.26,No,Mumbai
HSE00515,5,1041,91871.31,1039.0,291.0,30.3,115.9,12,7126.8,No,Chennai
HSE00516,4,733,139499.8,587.9,255.7,26.1,32.0,11,4816.48,No,Coimbatore
HSE00517,6,1874,57841.53,968.5,340.8,28.3,25.3,12,6180.64,No,Hyderabad
HSE00518,7,973,66000.61,1045.9,513.8,22.2,96.0,15,8298.48,No,Mumbai
HSE00519,3,413,37010.76,597.1,254.9,24.8,25.1,8,3976.0,No,Delhi
HSE00520,7,1260,34762.79,742.5,272.1,24.3,58.5,6,4589.12,No,Bangalore
HSE00521,4,1054,87580.34,792.9,432.3,32.5,59.5,8,6629.55,No,Chennai
HSE00522,5,2235,82518.27,1042.8,281.4,25.7,78.0,12,7359.6,Yes,Chennai
HSE00523,2,1414,34605.21,663.2,280.8,34.5,22.4,9,4363.98,No,Coimbatore
HSE00524,4,1134,30527.68,640.0,350.0,25.7,27.8,8,5299.65,No,Chennai
HSE00525,2,784,41075.08,809.5,370.2,37.4,32.2,13,7166.05,No,Kochi
HSE00526,6,1349,51609.88,634.6,299.5,21.2,28.7,3,4833.41,Yes,Coimbatore
HSE00527,3,1856,45751.58,994.7,258.3,30.7,75.0,7,8534.15,No,Coimbatore
HSE00528,1,1340,59119.74,628.3,161.1,29.2,59.6,10,4734.06,Yes,Coimbatore
HSE00529,7,819,83097.23,892.9,232.9,24.2,65.0,10,6104.86,No,Bangalore
HSE00530,3,1442,67713.13,673.6,368.8,26.8,16.2,14,4064.3,No,Bangalore
HSE00531,4,1178,70006.47,865.6,470.8,28.0,54.1,12,5828.69,No,Chennai
HSE00532,2,1402,18249.58,976.8,342.2,30.0,104.8,11,6214.11,No,Coimbatore
HSE00533,7,1040,26604.41,1023.4,345.2,25.3,143.8,6,7739.77,No,Madurai
HSE00534,2,1030,38433.43,646.3,189.9,30.7,35.7,12,4025.66,No,Madurai
HSE00535,5,1012,41396.9,926.2,323.0,29.5,78.9,8,6777.5,Yes,Pune
HSE00536,2,1624,80258.74,725.6,262.0,32.1,28.3,9,4587.78,No,Chennai
HSE00537,5,1034,37033.67,602.1,285.7,25.6,16.7,7,4700.6,No,Bangalore
HSE00538,6,993,74250.95,840.9,428.8,27.4,17.4,13,6216.52,No,Delhi
HSE00539,7,776,38630.25,1176.4,557.6,34.8,96.9,10,8624.66,No,Chennai
HSE00540,7,1404,32038.4,742.1,329.4,25.4,37.4,5,5380.51,No,Hyderabad
HSE00541,1,1340,32714.91,487.4,233.8,23.4,32.9,10,4238.87,No,Delhi
HSE00542,4,998,151950.24,675.1,318.3,26.5,73.5,7,5843.45,No,Hyderabad
HSE00543,5,881,38245.23,485.2,190.6,21.9,20.2,3,3412.32,No,Bangalore
HSE00544,1,2044,75059.22,903.7,317.0,35.7,63.3,15,7174.41,No,Bangalore
HSE00545,2,400,27279.73,546.5,183.0,27.9,41.9,8,3920.91,No,Pune
HSE00546,2,1422,104151.99,977.2,443.5,27.9,136.2,4,5728.99,No,Pune
HSE00547,1,1781,64354.17,698.7,375.8,32.0,36.8,9,4153.74,No,Delhi
HSE00548,7,400,62216.71,760.4,322.7,26.1,43.9,11,5908.21,No,Bangalore
HSE00549,2,1557,66257.95,688.5,360.6,28.1,17.3,5,4885.9,No,Pune
HSE00550,6,1101,69625.65,1292.4,328.6,26.0,148.0,12,7820.69,No,Salem
HSE00551,6,1315,79155.44,640.2,312.6,22.0,38.4,6,4046.05,No,Delhi
HSE00552,1,1055,42002.93,812.8,411.3,29.2,118.9,6,5277.9,Yes,Bangalore
HSE00553,5,1684,40911.8,803.1,352.8,33.1,13.6,6,7035.09,No,Pune
HSE00554,5,1363,56231.88,818.4,433.9,29.3,56.6,5,5482.23,No,Mumbai
HSE00555,1,1259,74837.99,1090.0,465.4,32.7,139.2,7,7040.82,No,Kochi
HSE00556,5,796,53374.77,701.0,225.8,24.6,32.0,11,5694.6,No,Delhi
HSE00557,7,2047,77912.7,1080.0,339.9,26.0,54.3,13,8157.41,No,Pune
HSE00558,7,1204,72628.67,1065.5,444.0,23.8,98.7,10,8416.22,No,Delhi
HSE00559,5,2230,49883.52,1078.2,562.8,30.5,38.7,12,7739.69,No,Coimbatore
HSE00560,6,2067,25055.72,829.9,225.5,27.7,16.8,4,6013.15,No,Hyderabad
HSE00561,5,400,43848.72,794.3,342.6,27.6,35.2,14,6869.28,No,Coimbatore
HSE00562,7,905,120493.03,875.4,421.0,31.7,57.0,11,6073.98,No,Hyderabad
HSE00563,3,733,64094.59,733.4,208.7,27.1,56.6,14,5376.12,No,Delhi
HSE00564,4,1178,41245.24,1027.1,292.8,33.3,71.2,12,8953.91,No,Bangalore
HSE00565,2,1284,61567.02,575.1,206.9,29.9,27.5,4,3603.85,No,Coimbatore
HSE00566,3,1303,74576.32,1054.6,350.3,27.5,133.1,9,7496.09,No,Bangalore
HSE00567,5,1674,41254.23,820.9,254.1,22.8,28.1,7,5626.25,No,Coimbatore
HSE00568,6,1872,95895.2,1024.0,317.0,31.7,50.4,15,6195.52,No,Pune
HSE00569,1,1635,68744.54,825.9,238.9,30.1,58.3,9,6045.5,No,Pune
HSE00570,5,948,33527.78,777.1,336.7,30.3,55.0,7,4853.53,No,Pune
HSE00571,6,848,80858.28,924.1,421.8,30.5,22.6,14,5774.14,No,Coimbatore
HSE00572,4,1201,45741.55,893.7,411.9,26.9,100.0,8,6284.97,No,Coimbatore
HSE00573,5,1392,50740.5,961.1,393.8,28.4,34.1,10,5827.33,No,Madurai
HSE00574,7,1118,34818.44,821.4,440.2,27.2,61.3,3,6799.39,No,Coimbatore
HSE00575,1,595,73074.84,729.4,375.0,34.0,54.0,15,6342.31,No,Delhi
HSE00576,6,1507,51436.28,1010.2,542.8,27.9,53.9,13,7135.9,No,Pune
HSE00577,6,1023,74479.49,838.5,307.4,26.5,15.8,15,7268.26,Yes,Hyderabad
HSE00578,6,1010,42922.28,1045.4,536.6,34.3,32.2,14,8510.28,No,Mumbai
HSE00579,4,1175,40768.17,813.6,389.6,33.8,61.0,3,6605.62,No,Chennai
HSE00580,5,1092,39308.33,861.3,303.2,29.9,16.4,7,6100.92,No,Madurai
HSE00581,4,1035,65729.49,616.7,173.9,28.5,41.8,3,5419.32,No,Bangalore
HSE00582,2,624,40494.89,529.2,240.7,27.5,51.2,5,4580.98,Yes,Chennai
HSE00583,2,1149,50195.86,760.0,221.1,28.8,69.2,12,5317.1,No,Hyderabad
HSE00584,5,1516,43555.72,860.3,290.9,25.5,50.6,11,7064.97,No,Chennai
HSE00585,7,1319,67045.46,1064.6,426.0,30.9,42.7,15,8887.25,Yes,Delhi
HSE00586,4,1627,25190.0,973.8,442.1,35.6,55.6,9,6712.32,No,Hyderabad
HSE00587,1,872,61466.85,712.0,375.8,31.3,41.0,14,5362.3,No,Coimbatore
HSE00588,6,625,119873.57,606.1,259.4,24.6,26.8,8,3435.42,No,Coimbatore
HSE00589,6,1089,95922.92,797.6,360.1,30.8,34.9,10,5436.86,Yes,Coimbatore
HSE00590,5,924,41672.41,835.2,286.5,29.8,60.5,10,4546.98,No,Coimbatore
HSE00591,7,970,68710.63,959.6,437.8,30.8,42.9,8,7290.62,No,Bangalore
HSE00592,2,1295,62965.54,1089.3,415.4,25.7,172.0,6,8291.87,No,Kochi
HSE00593,2,974,106544.17,519.6,263.5,29.0,21.9,6,4455.49,No,Coimbatore
HSE00594,6,637,17774.8,771.1,283.6,32.5,59.4,6,5867.5,Yes,Coimbatore
HSE00595,5,948,90751.36,760.6,297.0,24.7,65.0,8,4942.84,No,Bangalore
HSE00596,4,1353,48761.95,815.1,309.6,27.2,49.8,3,4536.62,No,Mumbai
HSE00597,2,1502,39365.12,840.2,414.5,27.8,39.4,14,7309.08,No,Pune
HSE00598,4,1498,38862.21,822.0,440.7,33.0,47.4,4,6488.42,Yes,Madurai
HSE00599,7,1391,30642.11,1054.3,367.1,33.6,47.5,8,8594.65,Yes,Bangalore
HSE00600,2,1124,41719.97,947.1,371.7,21.3,111.2,13,5896.9,No,Coimbatore
HSE00601,2,1382,33833.55,469.8,216.9,33.0,12.7,3,3777.57,Yes,Chennai
HSE00602,3,1181,59646.23,742.3,385.0,33.7,26.4,11,4837.14,No,Chennai
HSE00603,2,1251,71722.54,841.2,334.9,33.5,55.8,14,5041.43,No,Pune
HSE00604,1,777,49002.69,707.0,199.8,26.9,86.0,8,5657.45,No,Delhi
HSE00605,5,1220,108008.36,759.1,273.7,28.1,27.5,9,5577.5,Yes,Chennai
HSE00606,5,1370,42971.78,813.1,337.5,22.7,22.9,14,5997.69,No,Kochi
HSE00607,4,1354,47863.11,515.5,193.4,20.6,43.9,3,4379.43,No,Kochi
HSE00608,7,621,44456.44,869.4,266.0,27.6,26.5,10,6524.05,Yes,Madurai
HSE00609,2,1243,72003.28,771.9,201.5,29.3,44.1,14,4631.6,No,Chennai
HSE00610,1,550,75349.8,648.2,295.7,29.7,26.9,14,5507.87,No,Coimbatore
HSE00611,4,1278,68734.3,1081.9,592.7,32.3,69.8,14,7443.33,No,Coimbatore
HSE00612,3,884,52012.51,981.8,516.2,41.2,27.4,14,8562.64,No,Bangalore
HSE00613,4,1968,30085.79,855.8,389.4,27.4,14.5,14,7287.99,No,Bangalore
HSE00614,4,1254,47635.82,814.8,409.4,24.8,70.0,7,5373.75,No,Kochi
HSE00615,2,1561,106964.4,851.8,278.3,31.2,48.0,7,6099.8,No,Chennai
HSE00616,3,2150,86772.54,844.2,368.7,29.9,36.8,8,5294.24,No,Mumbai
HSE00617,4,832,62781.21,615.9,165.2,26.7,37.4,9,4592.79,No,Pune
HSE00618,1,1396,46262.41,773.5,357.5,32.6,51.3,9,6410.06,No,Chennai
HSE00619,1,666,54663.97,413.6,223.7,25.8,22.9,7,2452.33,No,Chennai
HSE00620,5,1355,46355.1,468.0,237.9,28.5,18.2,3,3266.86,Yes,Delhi
HSE00621,3,1995,94085.74,863.6,354.4,28.7,27.3,13,6325.39,No,Delhi
HSE00622,3,917,37705.2,660.6,321.5,25.2,39.5,11,5097.6,No,Salem
HSE00623,5,801,83344.65,666.9,355.6,22.2,25.9,8,5525.07,No,Kochi
HSE00624,4,1159,43345.03,1045.0,329.0,29.9,110.9,15,8844.23,No,Kochi
HSE00625,3,2121,99658.59,792.0,386.5,34.5,27.3,11,6081.23,Yes,Delhi
HSE00626,1,1547,66645.16,830.6,274.9,32.8,49.1,13,7111.3,No,Coimbatore
HSE00627,1,793,39256.18,676.9,347.3,33.1,62.7,6,4523.24,No,Pune
HSE00628,2,1855,47853.42,778.2,217.5,25.8,92.2,4,6258.4,No,Madurai
HSE00629,3,455,75760.08,1000.5,303.6,29.9,120.6,15,7166.4,No,Bangalore
HSE00630,4,2161,43935.34,1158.8,540.2,23.3,146.8,15,10558.15,Yes,Bangalore
HSE00631,5,1585,55550.62,933.0,282.2,29.7,89.7,5,6927.53,Yes,Hyderabad
HSE00632,5,1994,43663.32,1178.3,350.4,34.6,82.0,14,10448.94,No,Salem
HSE00633,4,458,121381.19,720.3,300.1,34.7,24.0,6,6018.57,No,Coimbatore
HSE00634,7,1276,131146.57,1179.9,590.5,37.1,64.9,12,9896.79,No,Delhi
HSE00635,6,1140,106244.07,969.9,320.6,33.0,40.8,14,7016.26,No,Kochi
HSE00636,2,747,52006.3,780.3,392.0,30.9,41.1,10,5882.78,No,Pune
HSE00637,5,617,45882.99,680.8,335.2,32.5,36.9,5,5047.25,No,Mumbai
HSE00638,3,1428,38733.68,781.4,331.1,31.7,23.6,10,5225.09,No,Madurai
HSE00639,2,1469,109772.25,596.8,265.0,25.8,33.2,8,5384.45,Yes,Coimbatore
HSE00640,3,1785,83609.64,704.4,184.6,22.9,26.4,6,5746.02,No,Chennai
HSE00641,7,973,85436.69,833.0,300.0,32.5,12.7,9,7068.56,Yes,Bangalore
HSE00642,1,1136,49149.45,1010.1,332.3,37.4,100.2,13,7285.18,No,Coimbatore
HSE00643,2,578,24935.17,770.3,227.2,32.7,48.5,15,4361.83,No,Bangalore
HSE00644,5,1893,27653.5,777.0,285.1,21.4,49.7,7,6340.24,Yes,Chennai
HSE00645,2,1231,56445.1,702.7,250.5,26.9,45.8,7,5028.24,Yes,Delhi
HSE00646,2,1525,43472.55,932.4,437.0,28.2,85.7,11,7685.35,No,Bangalore
HSE00647,2,1541,41279.57,743.6,319.3,21.6,52.4,15,6076.63,No,Delhi
HSE00648,6,1857,64241.53,1085.8,568.9,23.5,102.0,5,6662.93,Yes,Chennai
HSE00649,2,826,86789.02,824.6,242.1,28.9,68.7,12,6567.83,No,Coimbatore
HSE00650,3,1514,40116.23,643.7,172.5,30.0,29.6,6,5448.77,No,Coimbatore
HSE00651,1,1189,30563.57,597.4,245.2,25.1,93.4,7,4755.52,Yes,Chennai
HSE00652,7,2148,40547.38,837.8,209.7,23.3,58.0,3,6496.84,Yes,Coimbatore
HSE00653,4,825,34382.56,826.6,402.0,33.8,45.2,9,5431.45,No,Chennai
HSE00654,2,1727,71816.04,893.2,358.9,27.5,80.2,10,6089.78,No,Mumbai
HSE00655,5,1358,54898.4,908.3,360.1,28.0,48.8,8,7540.91,No,Chennai
HSE00656,2,1334,128195.1,709.2,254.4,26.8,72.1,11,4328.32,No,Bangalore
HSE00657,5,1224,76549.8,592.5,214.8,25.9,21.2,5,5111.85,Yes,Coimbatore
HSE00658,3,1806,124408.24,717.7,272.3,34.2,49.5,4,5652.04,No,Madurai
HSE00659,5,1319,29241.51,602.3,153.5,25.5,31.0,7,5235.3,No,Coimbatore
HSE00660,4,514,12724.72,1078.7,296.7,29.7,143.9,15,9446.26,No,Bangalore
HSE00661,1,1749,61355.18,932.5,374.4,29.0,98.1,11,7417.37,No,Bangalore
HSE00662,5,1666,58135.84,909.7,268.4,21.2,54.3,13,6543.82,No,Pune
HSE00663,5,1464,52043.49,840.9,406.7,30.0,93.0,3,6295.13,Yes,Hyderabad
HSE00664,1,692,57422.82,272.6,90.6,22.8,31.3,3,1952.55,Yes,Bangalore
HSE00665,4,762,33165.87,655.2,183.0,31.5,35.9,12,3781.63,No,Delhi
HSE00666,2,400,70864.07,347.1,111.3,24.3,10.8,5,2564.5,No,Mumbai
HSE00667,5,1407,76601.77,954.1,340.7,31.1,70.0,12,7856.67,No,Coimbatore
HSE00668,1,593,32054.78,468.4,122.1,27.3,9.8,5,3403.4,No,Bangalore
HSE00669,3,427,46908.4,547.9,160.3,26.3,33.6,7,3939.68,No,Salem
HSE00670,1,1774,48230.64,572.1,198.6,29.8,20.7,6,4292.44,No,Hyderabad
HSE00671,3,1546,40669.09,741.5,254.4,23.1,84.5,8,6565.51,No,Bangalore
HSE00672,4,1050,32616.97,1024.4,502.1,28.7,136.1,14,6465.7,No,Coimbatore
HSE00673,2,1140,55310.37,742.0,373.2,32.1,76.4,10,4976.57,No,Kochi
HSE00674,1,400,61848.98,652.9,201.1,33.2,68.9,10,6043.06,No,Coimbatore
HSE00675,7,1613,41793.94,980.2,281.5,27.1,54.7,13,6318.99,No,Coimbatore
HSE00676,7,888,33665.66,746.2,328.5,27.7,51.9,6,5872.65,No,Hyderabad
HSE00677,6,1349,66160.52,651.2,320.0,23.0,27.8,3,5123.75,No,Hyderabad
HSE00678,5,400,38940.66,725.2,391.0,26.0,16.0,15,5073.58,No,Salem
HSE00679,4,1640,47855.72,717.5,180.8,22.8,51.2,9,4966.07,Yes,Coimbatore
HSE00680,1,861,45200.07,782.0,292.5,30.8,58.5,8,6884.15,No,Hyderabad
HSE00681,7,581,96341.78,766.0,360.2,32.4,58.3,7,5410.97,No,Chennai
HSE00682,5,1047,39753.17,778.0,387.9,27.2,63.2,6,5128.66,No,Delhi
HSE00683,7,932,119560.22,866.1,232.7,24.8,73.0,8,6380.82,No,Bangalore
HSE00684,1,1683,77159.06,706.1,320.7,30.2,49.9,10,5055.45,No,Delhi
HSE00685,3,1011,124803.14,522.2,175.8,25.5,26.0,8,4048.32,No,Bangalore
HSE00686,1,1813,74174.52,731.0,199.1,31.7,62.0,5,6201.0,No,Mumbai
HSE00687,6,1349,49792.44,1094.9,434.4,36.7,70.4,11,9499.28,No,Hyderabad
HSE00688,1,1602,36398.16,515.0,153.2,25.5,39.9,5,3628.06,No,Bangalore
HSE00689,1,1199,46870.95,526.6,248.1,26.0,70.5,6,3659.86,No,Hyderabad
HSE00690,6,1772,107405.31,857.2,404.9,23.2,51.5,15,5788.65,No,Bangalore
HSE00691,4,681,53826.22,591.7,297.4,29.6,23.5,7,5262.78,No,Pune
HSE00692,1,1251,74050.47,1063.9,386.5,29.3,162.0,13,7457.26,No,Hyderabad
HSE00693,6,1022,60368.67,698.2,177.3,27.9,38.7,4,5027.47,No,Madurai
HSE00694,5,1828,61539.59,891.3,292.3,29.1,24.7,13,7538.7,No,Chennai
HSE00695,3,1875,62615.01,714.7,279.0,24.8,30.7,12,5186.0,No,Coimbatore
HSE00696,3,1200,68733.51,562.6,257.8,22.3,7.8,13,3352.31,Yes,Bangalore
HSE00697,1,619,38129.37,500.8,182.6,26.0,40.7,12,3448.03,No,Chennai
HSE00698,4,1392,48600.13,873.1,358.7,21.3,100.9,4,6982.98,No,Bangalore
HSE00699,4,451,63213.9,583.1,237.5,25.5,54.2,8,4690.79,Yes,Chennai
HSE00700,5,1932,59198.87,753.0,225.5,30.2,28.8,4,6188.69,No,Kochi
HSE00701,1,987,44691.85,621.2,271.4,29.2,46.7,12,3787.95,No,Mumbai
HSE00702,3,1186,66340.7,347.5,132.7,21.9,10.8,3,1959.95,No,Hyderabad
HSE00703,4,894,38873.76,822.4,404.9,33.2,47.0,10,6720.72,No,Pune
HSE00704,1,794,31721.05,602.9,275.6,28.2,39.3,12,5505.96,No,Coimbatore
HSE00705,7,1532,62807.64,1005.5,285.0,23.8,81.5,12,6181.56,No,Kochi
HSE00706,4,1129,32072.91,871.6,345.7,27.5,58.9,15,5093.04,Yes,Hyderabad
HSE00707,6,1219,62389.0,607.0,279.7,26.7,25.5,3,4521.27,No,Coimbatore
HSE00708,7,748,22822.04,993.3,274.3,25.5,80.3,12,7808.55,Yes,Kochi
HSE00709,4,1585,39689.58,1153.5,562.6,32.3,95.6,8,7313.21,No,Hyderabad
HSE00710,3,1631,47461.72,787.5,249.3,24.6,60.0,14,6297.86,No,Mumbai
HSE00711,2,1106,26691.56,588.6,236.0,29.7,41.8,3,5370.09,No,Madurai
HSE00712,7,1771,46508.29,879.4,468.0,23.6,34.3,10,6802.32,No,Madurai
HSE00713,5,1153,93746.28,1038.5,437.6,28.9,113.7,7,7840.38,Yes,Madurai
HSE00714,5,1551,31052.96,889.4,335.5,30.1,57.2,5,7378.12,No,Bangalore
HSE00715,3,470,47083.15,650.8,164.0,30.1,50.8,7,4059.79,No,Pune
HSE00716,4,1359,118335.44,824.6,239.2,29.3,21.8,15,5816.55,No,Chennai
HSE00717,1,1078,34106.77,410.0,173.7,28.0,27.2,3,3247.53,Yes,Kochi
HSE00718,4,1270,103139.63,465.3,185.3,24.7,17.8,3,3700.92,No,Bangalore
HSE00719,3,1250,48510.53,740.0,265.8,24.8,41.5,14,6413.27,No,Hyderabad
HSE00720,5,1257,57581.06,660.1,347.8,30.2,33.8,6,4203.87,No,Madurai
HSE00721,4,1477,98346.82,746.0,260.9,24.0,52.3,11,4322.24,Yes,Pune
HSE00722,5,946,44213.9,948.2,389.8,23.0,88.8,11,8103.75,No,Salem
HSE00723,7,1456,73061.0,1002.7,421.7,34.7,70.8,3,6436.24,Yes,Bangalore
HSE00724,1,1755,81892.05,785.2,320.6,28.0,78.8,5,5651.82,Yes,Coimbatore
HSE00725,7,565,41036.7,1213.2,477.1,31.5,87.5,15,9560.29,No,Madurai
HSE00726,5,849,39044.02,850.8,298.7,32.5,28.7,14,7738.88,No,Hyderabad
HSE00727,5,868,49623.37,714.4,373.4,29.2,37.4,6,5230.51,No,Madurai
HSE00728,2,709,50326.98,452.9,174.5,27.5,34.2,4,3200.76,Yes,Pune
HSE00729,2,986,33845.52,665.7,272.0,27.6,72.9,9,5069.91,Yes,Kochi
HSE00730,7,1665,41207.2,842.3,376.5,35.4,21.3,5,7576.99,No,Delhi
HSE00731,6,1851,11556.25,1043.7,282.1,26.8,103.6,3,9106.09,No,Kochi
HSE00732,7,1248,47318.93,800.7,387.8,29.7,36.5,3,5125.95,Yes,Coimbatore
HSE00733,2,1054,82253.88,687.9,277.7,31.7,22.4,5,6062.07,No,Salem
HSE00734,5,1561,25979.9,899.4,402.2,30.0,37.5,8,8044.56,Yes,Chennai
HSE00735,3,400,44652.85,569.4,274.2,33.3,39.1,6,4533.26,No,Coimbatore
HSE00736,7,725,165072.2,768.6,393.7,27.5,42.6,3,6059.43,No,Hyderabad
HSE00737,5,400,54444.46,734.3,270.0,31.7,43.8,9,5312.1,No,Delhi
HSE00738,3,720,101280.17,689.3,340.1,21.8,87.1,4,5474.01,No,Delhi
HSE00739,3,855,34882.01,861.5,282.3,34.4,57.8,14,7010.79,No,Bangalore
HSE00740,2,1865,67309.51,644.7,288.9,33.5,22.2,7,4264.9,No,Pune
HSE00741,7,400,32308.65,732.8,205.8,27.8,38.6,10,4683.72,No,Kochi
HSE00742,4,1012,65878.51,685.5,175.5,30.8,33.5,9,4415.9,No,Mumbai
HSE00743,1,1479,80346.21,750.4,209.2,32.6,49.6,13,6455.39,No,Bangalore
HSE00744,2,1385,72209.55,690.7,238.9,24.8,45.5,14,5709.85,No,Mumbai
HSE00745,2,1858,47092.39,1072.7,278.2,28.4,121.5,10,8282.0,No,Kochi
HSE00746,4,1272,62243.45,1041.9,457.5,23.8,78.6,15,8601.38,No,Madurai
HSE00747,1,1368,62511.75,755.1,260.5,33.6,66.9,12,6036.96,No,Coimbatore
HSE00748,5,400,74219.62,817.3,384.9,32.3,10.1,13,6735.89,No,Coimbatore
HSE00749,6,755,52020.51,840.7,221.8,27.9,76.9,8,5038.14,No,Coimbatore
HSE00750,7,400,83625.26,707.6,222.9,27.4,13.2,9,5008.03,No,Hyderabad
HSE00751,6,1458,104889.31,771.8,287.4,28.4,35.5,11,6173.37,No,Hyderabad
HSE00752,5,1357,47669.55,777.7,283.7,25.4,38.5,8,5109.2,No,Mumbai
HSE00753,2,1341,56161.48,710.7,205.6,28.3,85.2,11,5046.17,No,Delhi
HSE00754,1,803,36604.33,589.7,323.3,24.8,24.8,15,4225.66,No,Bangalore
HSE00755,2,762,64100.3,781.8,262.2,32.6,42.6,14,6638.4,Yes,Chennai
HSE00756,3,1294,64284.6,643.3,300.0,33.5,18.8,4,4832.89,No,Bangalore
HSE00757,2,899,56454.05,818.2,258.6,32.8,64.0,15,5933.0,No,Coimbatore
HSE00758,2,741,58402.75,471.9,242.3,24.2,35.8,4,3137.88,No,Kochi
HSE00759,5,971,130602.07,737.5,270.2,28.2,52.7,4,5035.82,No,Bangalore
HSE00760,5,903,15003.87,654.4,340.5,31.3,5.4,8,6034.94,Yes,Mumbai
HSE00761,5,810,43984.51,701.0,247.1,32.1,22.9,4,5330.71,Yes,Bangalore
HSE00762,6,648,47118.11,631.9,159.6,21.6,53.7,5,5035.53,Yes,Mumbai
HSE00763,3,1402,105947.52,1016.7,411.9,32.0,69.2,15,6816.35,No,Mumbai
HSE00764,5,1900,68116.07,1022.9,416.8,24.0,104.3,10,7553.03,Yes,Chennai
HSE00765,1,1182,68868.01,819.9,234.5,28.4,95.9,10,7196.85,No,Mumbai
HSE00766,6,1300,96957.09,1019.2,326.6,34.0,32.5,13,9178.91,No,Coimbatore
HSE00767,4,1441,50721.64,951.6,461.6,33.5,52.2,14,6723.28,No,Hyderabad
HSE00768,1,1365,73764.69,685.5,178.9,34.3,73.6,6,4538.96,Yes,Delhi
HSE00769,7,819,43314.55,889.1,352.8,24.7,57.2,11,6079.63,No,Mumbai
HSE00770,7,1974,34238.31,1029.5,421.2,25.7,38.7,10,7161.15,No,Pune
HSE00771,1,859,123310.84,500.0,228.3,26.7,53.6,3,3754.73,No,Chennai
HSE00772,5,1492,64935.69,1057.6,276.3,28.4,100.1,10,8005.29,No,Coimbatore
HSE00773,4,1439,73510.73,706.7,300.8,29.9,46.7,3,5696.77,No,Coimbatore
HSE00774,4,400,33826.84,811.3,203.6,34.1,64.7,6,6580.78,No,Chennai
HSE00775,6,1039,69199.38,860.1,283.4,25.3,55.6,12,5899.14,Yes,Bangalore
HSE00776,4,1225,122429.81,642.2,256.8,26.5,31.4,8,5469.61,No,Hyderabad
HSE00777,7,1260,48544.49,1202.8,629.5,34.7,84.9,9,10413.65,No,Pune
HSE00778,3,1336,31256.38,697.2,200.8,24.4,47.5,12,5396.4,No,Kochi
HSE00779,5,1541,59747.21,1048.6,315.4,31.9,38.4,15,9297.35,No,Delhi
HSE00780,4,1197,34507.6,820.0,369.6,28.6,55.3,6,6758.46,No,Hyderabad
HSE00781,6,1360,27284.64,1106.2,401.0,30.6,90.4,10,8258.32,No,Chennai
HSE00782,7,1180,39515.33,811.4,354.6,25.8,53.2,10,7169.64,No,Bangalore
HSE00783,3,742,44064.93,774.6,425.4,31.8,52.7,11,6096.44,No,Chennai
HSE00784,2,1215,35271.34,669.9,365.8,26.4,63.5,8,5249.24,No,Mumbai
HSE00785,2,1537,99907.35,633.6,225.6,23.3,72.3,6,4474.22,Yes,Kochi
HSE00786,3,1699,128722.34,720.6,289.1,30.9,41.0,4,5943.6,No,Hyderabad
HSE00787,7,1442,72636.88,835.3,435.5,19.0,44.2,9,5302.85,No,Coimbatore
HSE00788,6,1800,65380.31,900.5,250.0,26.7,39.1,12,6841.75,No,Madurai
HSE00789,3,1388,51594.32,739.8,285.3,30.2,63.2,5,5717.22,Yes,Chennai
HSE00790,5,1589,36744.31,969.8,352.3,32.0,47.5,13,7406.37,No,Madurai
HSE00791,5,1622,113141.9,1141.1,386.2,33.9,48.9,15,8778.77,Yes,Kochi
HSE00792,2,1099,53466.17,862.1,472.7,36.1,49.9,14,6296.06,No,Bangalore
HSE00793,4,1527,44664.09,661.6,311.0,34.9,20.7,5,4565.24,No,Coimbatore
HSE00794,6,777,86831.87,715.3,262.2,29.8,68.8,5,5830.99,No,Madurai
HSE00795,2,1357,53208.61,722.4,360.3,33.5,40.2,6,5702.1,No,Delhi
HSE00796,4,1460,85380.32,677.4,268.9,29.7,47.8,4,5815.33,No,Chennai
HSE00797,4,1673,45738.77,993.3,508.4,31.7,36.0,15,6989.37,No,Hyderabad
HSE00798,5,1569,86944.48,773.5,255.2,26.6,24.8,15,6229.9,No,Mumbai
HSE00799,7,1679,85475.38,941.4,298.5,30.8,53.0,7,7838.68,No,Chennai
HSE00800,1,1155,99833.72,487.5,158.0,27.1,61.1,5,3540.06,No,Coimbatore
HSE00801,7,1045,39968.51,1329.9,547.3,28.3,160.5,12,11067.84,No,Chennai
HSE00802,1,1076,52982.7,623.2,210.3,30.9,34.1,7,3633.43,Yes,Coimbatore
HSE00803,3,1320,132135.74,1075.7,316.4,37.4,75.2,14,8206.19,No,Coimbatore
HSE00804,5,400,49227.27,758.0,415.7,30.6,39.7,15,6049.6,No,Coimbatore
HSE00805,4,1799,79225.23,898.2,467.2,29.0,78.9,9,6702.79,No,Coimbatore
HSE00806,6,1220,154174.86,934.4,411.6,25.7,66.6,11,7301.63,No,Chennai
HSE00807,1,1013,23933.15,424.5,219.7,32.6,34.4,4,2764.01,No,Madurai
HSE00808,7,400,48498.51,739.5,392.4,27.7,23.4,11,6251.62,Yes,Mumbai
HSE00809,4,1183,55046.31,866.5,392.4,30.5,18.7,12,6190.17,No,Bangalore
HSE00810,1,1111,24479.54,758.0,307.4,31.8,83.2,8,5436.86,No,Mumbai
HSE00811,1,796,44797.22,593.1,305.2,34.1,27.6,14,4178.63,No,Coimbatore
HSE00812,1,897,35524.11,498.2,209.4,32.4,16.6,8,3994.78,Yes,Madurai
HSE00813,6,1188,80906.3,932.0,268.5,24.1,82.2,13,7440.64,No,Hyderabad
HSE00814,5,935,25220.11,771.0,277.6,22.1,49.2,5,6277.4,No,Hyderabad
HSE00815,6,1457,128705.7,1091.9,419.0,31.8,41.4,12,7970.25,No,Madurai
HSE00816,2,863,75022.42,890.3,472.4,29.3,72.2,15,6026.55,Yes,Pune
HSE00817,4,1270,34230.38,797.7,357.2,30.6,39.8,11,6213.23,No,Bangalore
HSE00818,5,1731,87288.78,1087.1,557.2,35.9,68.4,6,8995.13,No,Madurai
HSE00819,5,1184,71950.19,626.3,298.9,26.5,34.4,7,4296.71,No,Kochi
HSE00820,5,1360,54048.82,1089.3,373.6,34.2,99.3,5,7773.25,No,Salem
HSE00821,7,1332,39752.69,869.6,404.9,26.6,31.2,7,6693.98,No,Coimbatore
HSE00822,5,1204,70371.03,994.2,306.8,35.3,69.0,10,6855.55,Yes,Salem
HSE00823,6,1170,58127.99,1141.2,425.0,32.0,89.4,10,7389.8,Yes,Mumbai
HSE00824,5,943,40333.2,549.7,270.4,23.0,4.0,10,3484.88,No,Delhi
HSE00825,3,1268,30050.17,665.7,288.6,27.3,65.2,8,4436.75,No,Chennai
HSE00826,4,1073,37508.52,787.8,392.0,36.7,31.6,3,5070.07,No,Coimbatore
HSE00827,5,1896,43853.26,1158.6,378.2,36.2,71.9,13,8662.81,No,Coimbatore
HSE00828,4,1565,92800.54,980.2,465.5,31.4,55.7,12,6079.62,No,Bangalore
HSE00829,3,546,81018.27,945.8,293.9,30.4,64.0,14,6823.93,No,Chennai
HSE00830,3,571,44916.39,603.0,249.4,30.0,47.2,8,3882.39,No,Coimbatore
HSE00831,4,1141,45709.03,1021.0,388.0,30.7,92.7,14,7966.71,No,Salem
HSE00832,1,1022,85922.15,704.3,293.7,28.4,19.3,13,6033.87,No,Pune
HSE00833,2,1118,62031.31,978.0,284.3,33.8,87.2,12,7847.66,Yes,Hyderabad
HSE00834,7,1493,61643.63,893.0,320.0,31.3,34.8,9,6771.58,Yes,Pune
HSE00835,1,1342,40077.47,459.0,206.6,25.1,12.6,11,3995.58,No,Mumbai
HSE00836,1,1338,52028.66,760.9,317.7,31.6,50.4,14,4633.78,No,Chennai
HSE00837,6,1851,55105.58,874.3,362.6,29.7,32.3,10,5782.35,No,Mumbai
HSE00838,7,575,52788.69,956.9,385.9,27.8,62.6,13,6064.05,Yes,Delhi
HSE00839,7,1247,76528.54,1187.7,633.2,36.6,66.1,14,7859.7,No,Chennai
HSE00840,1,939,77613.58,645.9,342.6,29.4,44.6,10,4570.64,No,Bangalore
HSE00841,5,1846,36372.11,778.4,278.7,21.2,64.3,9,5920.67,No,Bangalore
HSE00842,6,400,43914.15,694.7,247.0,28.0,57.7,4,4520.4,No,Mumbai
HSE00843,6,400,40367.1,587.8,244.8,33.0,49.9,3,5128.84,No,Coimbatore
HSE00844,3,1337,102736.74,601.9,167.7,25.3,43.7,4,5105.17,No,Pune
HSE00845,7,1707,151624.02,1059.0,361.0,32.8,36.2,8,9206.3,Yes,Bangalore
HSE00846,1,1548,44643.27,872.1,278.4,25.0,122.2,15,5198.31,No,Delhi
HSE00847,3,840,51016.05,716.3,227.1,34.3,48.5,4,6498.35,No,Madurai
HSE00848,4,1878,80348.62,873.5,385.7,26.7,59.2,12,7130.46,Yes,Kochi
HSE00849,2,646,40008.35,675.0,246.6,27.6,70.1,6,5758.78,No,Pune
HSE00850,6,1788,81169.69,959.3,289.1,27.3,41.6,12,7258.3,No,Chennai
HSE00851,4,705,54485.9,756.0,390.3,31.4,61.6,5,6312.06,No,Pune
HSE00852,4,1042,25094.54,1076.1,551.2,36.4,116.1,8,6691.24,Yes,Mumbai
HSE00853,5,1488,30634.84,989.9,503.6,29.1,31.2,14,6080.29,No,Pune
HSE00854,2,540,47242.73,942.3,346.0,29.0,116.0,14,6069.05,Yes,Kochi
HSE00855,4,1861,95360.08,962.7,257.1,26.7,72.9,15,8623.83,No,Bangalore
HSE00856,4,1039,36807.17,644.5,181.8,22.5,34.5,10,4213.26,No,Delhi
HSE00857,2,1262,43249.6,657.1,218.7,27.1,30.0,13,4091.87,No,Chennai
HSE00858,2,1723,60481.59,887.4,280.4,24.0,115.7,8,7911.38,No,Bangalore
HSE00859,4,843,25955.64,619.8,317.5,21.5,83.9,4,3712.18,No,Hyderabad
HSE00860,2,1677,62908.55,650.6,355.2,28.7,45.4,7,5471.28,No,Hyderabad
HSE00861,4,1938,27457.8,886.2,438.7,26.8,37.1,13,7204.28,No,Mumbai
HSE00862,4,905,70991.92,895.7,420.0,34.5,34.6,15,5474.21,No,Pune
HSE00863,5,1816,38220.92,891.5,380.3,25.6,44.1,8,5252.77,No,Mumbai
HSE00864,1,408,35996.12,592.5,285.0,31.7,46.6,11,4231.15,Yes,Salem
HSE00865,4,1375,62183.62,702.5,375.2,31.6,54.1,8,6247.07,No,Pune
HSE00866,3,647,78620.22,709.7,305.5,34.3,27.2,12,5818.17,No,Salem
HSE00867,6,1624,65147.25,714.4,211.7,28.3,33.7,7,5189.74,No,Pune
HSE00868,7,1587,60386.93,945.0,282.7,34.3,42.8,3,6664.83,No,Hyderabad
HSE00869,1,2135,60772.91,1020.4,433.8,31.2,139.8,12,7487.21,No,Bangalore
HSE00870,1,1840,65325.21,715.6,250.5,33.6,57.5,7,5781.16,Yes,Pune
HSE00871,1,1125,67285.82,631.8,330.5,38.6,21.0,7,4222.29,No,Delhi
HSE00872,5,713,46058.24,785.1,340.3,28.5,28.1,8,5270.3,Yes,Delhi
HSE00873,4,1455,73836.97,959.7,434.7,29.7,114.9,9,7925.16,No,Delhi
HSE00874,5,1173,38403.46,1053.5,265.2,27.6,93.1,15,8108.2,No,Kochi
HSE00875,4,1898,89878.63,1077.8,430.7,35.2,39.5,15,6631.08,Yes,Chennai
HSE00876,5,400,78212.76,988.9,375.1,39.4,65.0,6,8197.16,No,Mumbai
HSE00877,5,2185,146751.2,1082.0,499.6,31.9,60.9,9,8572.78,No,Mumbai
HSE00878,6,1439,69308.32,847.3,309.1,22.6,49.4,7,6509.84,Yes,Chennai
HSE00879,3,834,82800.0,623.7,338.7,25.5,30.2,8,5029.71,No,Salem
HSE00880,5,1530,27251.02,690.2,311.3,33.6,15.4,6,5787.96,No,Pune
HSE00881,6,1784,84023.52,1085.1,486.1,24.4,79.0,14,8570.9,No,Bangalore
HSE00882,2,1251,93385.72,781.0,410.7,26.6,61.7,10,6490.02,No,Bangalore
HSE00883,3,406,108251.56,514.9,282.5,26.5,30.5,11,3856.64,No,Delhi
HSE00884,5,1068,58063.84,811.0,250.9,28.7,90.9,4,6421.35,No,Coimbatore
HSE00885,7,1668,47156.94,1225.9,604.6,30.0,112.5,14,9886.36,No,Hyderabad
HSE00886,1,1423,33684.96,710.3,212.2,21.4,56.4,13,5360.15,No,Bangalore
HSE00887,2,1130,35100.56,531.8,205.9,22.9,48.3,6,3747.05,Yes,Kochi
HSE00888,2,1789,54369.87,625.4,175.1,23.0,18.5,13,4460.39,No,Pune
HSE00889,6,1533,25007.76,743.8,325.0,23.5,44.4,10,6204.41,No,Bangalore
HSE00890,2,1567,38924.93,677.1,264.4,29.1,25.7,10,4996.56,No,Kochi
HSE00891,3,1015,57260.91,713.9,313.1,29.8,45.9,11,5221.47,No,Madurai
HSE00892,5,972,56688.69,924.1,419.0,33.1,85.6,5,7785.01,No,Mumbai
HSE00893,5,435,35555.9,647.9,282.4,31.2,69.9,3,3796.22,No,Coimbatore
HSE00894,7,1083,31566.45,1056.3,357.2,26.7,92.3,11,8389.44,No,Pune
HSE00895,1,1621,33760.87,551.7,276.5,29.9,42.3,3,4182.84,No,Bangalore
HSE00896,6,1108,49796.75,678.6,282.0,33.2,21.9,5,5188.01,No,Hyderabad
HSE00897,1,1400,143414.91,468.8,186.1,28.1,41.3,5,3014.4,No,Coimbatore
HSE00898,2,1700,88631.36,712.4,389.1,27.8,56.5,11,4278.62,No,Hyderabad
HSE00899,7,1368,60565.21,904.1,302.9,25.2,94.5,3,6283.72,No,Bangalore
HSE00900,1,1412,70568.51,724.6,295.9,25.8,77.4,9,5384.02,No,Delhi
HSE00901,3,589,86875.18,530.2,241.1,31.7,16.6,4,3886.25,Yes,Coimbatore
HSE00902,5,1055,74541.91,852.7,245.2,29.0,55.5,9,6625.53,Yes,Mumbai
HSE00903,2,1977,47877.17,857.5,305.5,36.8,85.1,3,6326.05,No,Pune
HSE00904,7,1247,37593.02,1222.1,599.4,26.3,98.1,15,9940.08,Yes,Coimbatore
HSE00905,1,2054,51985.24,945.7,303.6,32.0,88.8,12,7602.41,No,Pune
HSE00906,6,875,86421.97,889.3,353.9,30.5,32.6,12,5785.99,No,Coimbatore
HSE00907,3,1305,48698.93,701.6,308.1,28.6,33.6,10,4778.23,No,Delhi
HSE00908,3,1028,33455.93,1006.2,454.1,27.3,122.2,12,6353.31,No,Hyderabad
HSE00909,1,1466,25324.74,773.2,362.2,31.4,37.9,15,6869.92,Yes,Mumbai
HSE00910,5,1603,52084.6,1191.0,607.2,31.2,111.6,12,10216.22,Yes,Bangalore
HSE00911,1,1471,34667.21,535.2,196.9,29.8,28.2,4,3533.4,No,Chennai
HSE00912,2,1669,45191.14,749.6,346.3,30.7,45.9,5,5932.03,Yes,Coimbatore
HSE00913,1,1194,105915.1,491.2,230.7,29.1,12.1,10,4043.08,No,Kochi
HSE00914,3,1114,53683.24,416.6,141.7,22.4,44.0,5,3391.94,No,Mumbai
HSE00915,7,409,39237.22,590.1,318.9,29.3,29.9,3,4216.8,No,Salem
HSE00916,1,1487,63197.91,844.1,430.1,27.9,70.1,11,5446.89,Yes,Kochi
HSE00917,5,1277,130550.85,1027.8,346.3,36.8,69.8,10,7123.51,No,Kochi
HSE00918,7,1169,52092.44,948.5,429.2,31.5,62.9,6,7710.5,No,Mumbai
HSE00919,6,1114,19055.32,760.5,353.9,29.8,30.8,10,6318.18,Yes,Coimbatore
HSE00920,4,1183,73690.04,917.0,348.0,30.9,92.5,7,6835.89,No,Madurai
HSE00921,1,1094,64278.6,435.1,221.5,24.9,50.6,5,2835.11,No,Coimbatore
HSE00922,5,962,57276.38,671.7,307.0,26.6,73.3,3,6034.14,Yes,Hyderabad
HSE00923,7,1308,49834.3,1119.1,500.7,27.7,89.0,15,9941.37,No,Kochi
HSE00924,5,1418,38246.83,978.8,309.5,30.6,53.9,12,6252.9,No,Hyderabad
HSE00925,6,853,108752.17,717.1,267.0,27.3,20.5,7,4163.92,No,Chennai
HSE00926,3,1020,24049.01,825.9,314.0,27.0,57.5,13,6192.42,Yes,Bangalore
HSE00927,5,1108,47860.99,608.1,285.9,24.7,44.3,8,4319.43,Yes,Salem
HSE00928,7,1202,47360.1,800.8,348.8,29.1,28.9,6,5346.2,Yes,Salem
HSE00929,5,1142,80751.94,996.4,274.8,29.7,104.9,9,5972.34,Yes,Delhi
HSE00930,5,1497,95907.14,685.7,234.7,30.7,41.5,5,5940.08,Yes,Madurai
HSE00931,5,456,49665.12,756.8,296.6,26.2,67.5,9,6329.6,No,Coimbatore
HSE00932,2,536,59989.4,598.1,281.7,30.5,76.5,3,3597.97,No,Chennai
HSE00933,2,1287,62329.03,703.2,332.7,24.8,57.5,9,6107.62,No,Bangalore
HSE00934,3,929,88352.1,556.8,221.1,28.1,38.8,3,4467.39,Yes,Coimbatore
HSE00935,1,1598,87537.03,687.4,196.0,30.2,19.1,15,4937.67,No,Bangalore
HSE00936,5,1726,43165.74,1055.9,356.8,28.0,62.5,13,9015.01,Yes,Coimbatore
HSE00937,6,1305,66979.65,505.6,165.0,22.8,41.7,3,4041.13,No,Hyderabad
HSE00938,1,718,65352.55,636.9,308.5,23.2,120.4,4,5354.34,No,Coimbatore
HSE00939,6,1675,52204.76,679.0,206.4,29.9,33.1,4,4826.57,Yes,Chennai
HSE00940,1,1290,65074.64,457.8,178.3,31.3,12.3,6,3336.65,No,Kochi
HSE00941,3,531,55501.92,743.3,335.4,30.4,24.0,15,4817.44,Yes,Chennai
HSE00942,5,571,59049.97,718.2,387.4,31.4,88.7,3,5466.4,No,Coimbatore
HSE00943,5,1883,29878.24,832.1,457.5,27.9,77.9,6,6435.53,No,Chennai
HSE00944,4,1808,36388.42,1154.8,618.8,32.0,104.4,4,10066.62,No,Kochi
HSE00945,6,400,79465.52,633.4,294.8,30.3,44.7,6,4872.77,No,Mumbai
HSE00946,1,589,31898.81,672.2,318.6,26.4,72.5,6,3889.32,Yes,Mumbai
HSE00947,1,1713,67957.49,786.9,376.0,31.1,55.9,11,4996.1,Yes,Coimbatore
HSE00948,2,1192,53021.18,663.0,337.3,30.2,34.6,11,5911.19,No,Hyderabad
HSE00949,4,1516,87455.3,857.4,459.2,35.7,50.4,3,6100.88,No,Chennai
HSE00950,7,1172,73647.74,1025.7,393.6,34.5,40.0,7,7180.88,No,Bangalore
HSE00951,7,1495,44851.52,1034.0,387.7,28.6,101.2,9,8459.69,No,Mumbai
HSE00952,2,1203,49743.08,531.5,206.3,27.3,34.5,6,4481.29,Yes,Kochi
HSE00953,2,1003,22507.33,1104.4,494.7,35.2,109.3,14,8799.31,No,Chennai
HSE00954,2,1676,51865.51,716.5,345.8,31.2,33.2,7,4643.69,Yes,Pune
HSE00955,6,1291,31055.2,831.6,425.1,28.3,40.0,4,6157.0,No,Coimbatore
HSE00956,6,1494,49844.86,761.1,294.4,21.0,51.8,5,6231.56,No,Bangalore
HSE00957,3,1271,41275.54,774.5,278.1,26.0,32.3,9,6816.83,Yes,Chennai
HSE00958,3,981,37071.56,736.5,401.4,25.7,51.5,12,6801.6,No,Madurai
HSE00959,2,1924,93860.46,915.0,292.4,28.4,55.5,15,6601.9,Yes,Chennai
HSE00960,4,1360,30970.6,1019.8,322.9,31.5,98.3,9,8967.43,Yes,Mumbai
HSE00961,1,1040,35657.3,493.4,229.2,32.1,12.2,6,3237.74,No,Chennai
HSE00962,6,1775,40170.71,1130.9,343.7,35.0,33.3,14,7847.62,No,Hyderabad
HSE00963,4,606,44293.15,893.2,330.3,32.7,117.0,3,6521.04,No,Bangalore
HSE00964,5,2206,37069.07,787.3,265.9,23.8,39.5,3,7202.68,Yes,Coimbatore
HSE00965,6,1119,46792.19,906.3,272.4,33.1,39.5,6,5499.7,Yes,Kochi
HSE00966,6,629,63010.58,829.4,351.6,35.9,32.0,6,5999.91,Yes,Pune
HSE00967,3,2058,74348.96,1030.7,373.2,35.7,71.6,8,8979.65,No,Chennai
HSE00968,1,992,72742.21,379.7,147.6,24.1,18.1,9,2710.66,No,Mumbai
HSE00969,1,1309,23304.4,684.4,211.3,28.2,60.9,11,4806.4,No,Bangalore
HSE00970,7,1523,65262.74,1356.6,651.7,32.8,126.5,11,10626.5,No,Pune
HSE00971,7,1733,67100.23,957.9,329.9,24.4,15.1,12,7968.11,Yes,Delhi
HSE00972,7,1335,40823.32,858.6,302.9,22.1,72.1,14,6498.26,Yes,Coimbatore
HSE00973,7,909,116488.33,870.1,283.3,30.3,23.2,14,7384.82,No,Kochi
HSE00974,5,1299,89728.01,809.3,307.8,26.3,62.9,7,5398.68,No,Chennai
HSE00975,5,1011,50651.67,735.3,286.1,22.5,60.0,12,6283.84,No,Chennai
HSE00976,6,1312,42062.11,1056.7,432.1,33.9,74.8,13,8806.66,No,Pune
HSE00977,2,1933,115640.15,712.8,385.1,29.7,36.6,5,5047.08,No,Chennai
HSE00978,3,1540,54531.42,749.6,390.8,26.9,37.7,5,6141.84,Yes,Coimbatore
HSE00979,3,1293,57145.46,616.6,266.9,25.1,76.0,8,4145.74,No,Bangalore
HSE00980,7,1532,56822.86,807.9,211.4,29.7,36.4,3,5089.56,No,Kochi
HSE00981,6,1565,155047.29,1082.6,469.5,31.1,80.9,9,9564.44,No,Chennai
HSE00982,4,715,49894.03,601.3,166.5,30.3,9.8,5,4015.3,No,Bangalore
HSE00983,2,1219,54417.96,618.4,286.4,22.9,57.9,7,3552.96,No,Chennai
HSE00984,6,2353,37839.56,1256.1,461.0,30.9,78.1,9,9004.03,No,Bangalore
HSE00985,2,1746,46157.45,788.9,395.5,31.8,44.8,9,4890.03,No,Delhi
HSE00986,2,973,34577.62,937.2,499.3,27.6,100.5,11,8000.72,No,Bangalore
HSE00987,2,929,38187.31,532.6,199.8,33.2,37.3,3,5057.98,No,Pune
HSE00988,6,914,24357.87,743.9,288.8,25.6,56.6,5,5622.25,Yes,Delhi
HSE00989,7,1590,81778.9,1110.2,474.1,34.2,85.4,11,8134.72,No,Bangalore
HSE00990,3,1923,59019.57,835.7,258.3,29.5,24.8,10,6459.96,No,Hyderabad
HSE00991,3,1462,61248.07,770.4,406.9,27.0,89.5,4,5222.63,No,Delhi
HSE00992,7,1271,53717.34,986.3,374.7,27.7,60.4,10,6470.8,No,Hyderabad
HSE00993,2,1000,56805.2,667.9,200.4,33.0,31.2,10,4623.14,No,Kochi
HSE00994,4,1348,113971.2,765.4,366.5,29.9,49.1,4,5353.95,Yes,Madurai
HSE00995,1,831,38915.22,626.3,197.8,31.6,29.6,10,5218.97,No,Delhi
HSE00996,6,400,62339.41,763.7,223.8,33.3,69.0,5,6824.68,Yes,Salem
HSE00997,1,1937,62189.07,619.0,259.3,26.9,42.7,9,5119.0,No,Mumbai
HSE00998,7,747,91948.47,946.9,427.5,29.5,39.6,15,7680.42,No,Coimbatore
HSE00999,4,1054,67002.36,901.5,379.4,28.1,70.1,11,6710.91,No,Hyderabad
HSE01000,6,1495,68535.14,1030.7,460.7,33.1,44.2,6,9039.7,No,Chennai
HSE01001,7,1846,31221.65,1070.8,304.8,27.5,50.5,13,9469.98,No,Bangalore
HSE01002,2,1316,38218.78,760.6,298.8,29.2,48.5,8,6594.49,No,Hyderabad
HSE01003,3,663,32532.3,615.4,219.8,38.2,11.8,11,3646.11,No,Chennai
HSE01004,1,1064,18050.82,829.0,449.3,34.1,20.3,13,6486.13,No,Bangalore
HSE01005,5,895,65764.02,794.8,210.5,24.9,33.6,13,6135.0,No,Bangalore
HSE01006,5,1183,48891.34,795.8,270.2,32.6,35.1,7,5601.58,Yes,Chennai
HSE01007,4,1754,65819.45,848.2,451.7,31.8,11.0,14,7498.28,No,Chennai
HSE01008,2,400,55885.41,350.1,190.8,24.6,50.5,3,2587.33,No,Pune
HSE01009,1,1015,61284.66,481.1,239.3,28.6,46.2,5,3376.1,No,Bangalore
HSE01010,2,982,100432.43,830.7,226.6,25.2,53.8,13,6180.76,No,Kochi
HSE01011,1,634,55180.85,377.7,158.0,19.4,41.2,11,2736.81,No,Madurai
HSE01012,4,1463,74319.87,849.7,314.4,28.4,107.4,5,7567.11,No,Pune
HSE01013,4,563,48005.88,752.3,370.1,27.0,65.6,13,5243.79,No,Bangalore
HSE01014,5,615,79717.4,890.6,237.4,24.6,114.9,13,6751.14,Yes,Delhi
HSE01015,2,1583,31484.53,716.4,221.5,29.0,24.8,12,5597.47,No,Coimbatore
HSE01016,6,1875,24057.17,785.3,311.6,20.5,40.5,4,5028.1,No,Delhi
HSE01017,5,1166,141929.49,686.8,204.2,29.2,35.5,6,5810.22,No,Bangalore
HSE01018,2,652,125671.34,395.0,180.8,29.1,17.3,7,2832.44,No,Delhi
HSE01019,5,883,22916.37,837.6,415.6,31.7,44.9,9,6098.48,No,Pune
HSE01020,6,1654,54113.42,704.2,324.9,22.6,10.5,9,6395.47,No,Mumbai
HSE01021,3,1252,58838.45,1041.6,398.0,37.6,68.5,11,8071.12,No,Delhi
HSE01022,3,1155,76147.36,1056.3,542.4,36.0,93.6,15,8664.95,No,Chennai
HSE01023,3,1341,120298.62,690.1,201.0,25.9,43.4,10,6070.9,Yes,Mumbai
HSE01024,3,1183,34113.68,934.7,306.7,34.8,53.5,15,7697.99,No,Hyderabad
HSE01025,7,1896,34948.53,1112.9,441.7,32.4,94.1,4,8139.66,Yes,Bangalore
HSE01026,1,863,54971.02,575.0,154.3,27.2,27.8,14,3749.07,No,Bangalore
HSE01027,7,811,35649.07,712.5,198.6,26.6,17.2,10,5655.33,No,Bangalore
HSE01028,7,577,16215.57,576.2,212.8,26.9,10.3,10,5102.09,No,Bangalore
HSE01029,7,957,49653.81,920.8,490.9,40.3,29.7,7,6716.97,No,Delhi
HSE01030,3,709,80901.14,866.4,452.7,34.4,32.9,15,6151.48,No,Mumbai
HSE01031,6,1298,54495.76,931.8,363.2,28.2,71.4,5,6992.18,Yes,Coimbatore
HSE01032,4,1209,72831.86,689.8,201.9,28.5,21.0,11,5604.92,No,Coimbatore
HSE01033,4,714,68291.55,853.1,258.9,32.4,16.7,14,4993.51,No,Mumbai
HSE01034,1,1465,34646.26,819.7,297.8,32.2,78.4,9,7017.01,Yes,Kochi
HSE01035,3,1883,56709.56,514.1,160.9,25.2,34.3,3,4449.79,Yes,Coimbatore
HSE01036,3,1361,27688.33,692.8,190.4,30.2,53.8,10,4917.99,No,Hyderabad
HSE01037,3,400,43683.63,827.4,374.1,26.8,73.8,12,4853.85,No,Kochi
HSE01038,5,2094,56263.0,1417.3,601.6,29.6,171.3,15,11370.9,No,Coimbatore
HSE01039,2,1536,54971.48,648.2,218.7,28.8,61.2,7,3658.8,No,Chennai
HSE01040,5,2080,30766.07,764.7,369.9,33.1,32.1,8,5717.8,Yes,Madurai
HSE01041,2,1691,33692.84,835.0,403.1,27.9,77.6,11,5176.65,No,Coimbatore
HSE01042,3,1781,62693.95,826.3,328.3,29.5,26.8,12,6515.6,No,Mumbai
HSE01043,3,1292,79810.91,747.9,208.6,21.5,93.5,10,5080.09,No,Hyderabad
HSE01044,5,1082,50108.86,772.9,406.2,30.3,30.7,13,6846.73,No,Coimbatore
HSE01045,5,1368,48992.69,610.0,274.9,25.9,23.7,5,5276.57,Yes,Coimbatore
HSE01046,2,881,83630.42,761.2,246.7,22.9,50.0,15,6575.1,Yes,Hyderabad
HSE01047,4,1395,38857.59,775.7,336.0,33.5,60.1,7,5202.25,Yes,Pune
HSE01048,2,400,119641.11,416.2,154.6,28.8,24.4,6,2849.26,No,Chennai
HSE01049,5,1219,30022.9,633.4,279.1,20.7,33.7,3,4516.62,No,Delhi
HSE01050,6,1805,88160.28,945.5,370.8,25.9,64.0,7,5900.05,Yes,Mumbai
HSE01051,5,1242,70102.52,917.3,362.9,29.0,54.6,12,6247.76,No,Bangalore
HSE01052,6,1977,162696.65,963.7,453.7,29.1,62.0,9,7411.75,No,Delhi
HSE01053,1,1081,33208.54,643.3,279.3,27.0,94.5,3,5204.69,Yes,Chennai
HSE01054,5,1651,19240.61,654.1,179.2,18.0,58.0,6,3845.82,No,Hyderabad
HSE01055,1,805,96503.96,680.9,183.6,26.8,108.9,8,4470.35,No,Mumbai
HSE01056,4,1633,28367.19,995.2,339.9,33.3,80.1,13,7775.36,Yes,Hyderabad
HSE01057,2,1305,72561.36,886.9,336.2,34.6,34.2,14,6113.5,No,Bangalore
HSE01058,6,1101,93625.35,1010.0,335.9,26.6,96.9,11,8793.11,No,Pune
HSE01059,2,400,65249.97,828.0,368.8,36.5,56.7,13,5171.44,Yes,Delhi
HSE01060,1,1086,61057.41,692.3,213.6,22.5,88.7,10,4498.73,No,Mumbai
HSE01061,6,1296,65874.82,821.0,378.7,25.8,62.7,4,5519.76,Yes,Madurai
HSE01062,2,1573,80171.9,1085.7,523.2,32.6,124.0,13,6937.58,No,Salem
HSE01063,5,1902,71630.0,768.9,220.9,31.9,23.7,5,6619.8,No,Mumbai
HSE01064,3,2116,31812.86,825.1,367.4,29.0,42.9,12,5678.15,No,Bangalore
HSE01065,1,1761,125033.67,721.6,388.5,24.5,69.3,15,6165.25,No,Pune
HSE01066,2,947,56279.58,493.8,152.0,24.5,53.2,7,3727.08,No,Coimbatore
HSE01067,1,1063,69448.6,563.6,294.6,26.1,26.9,13,4371.3,No,Hyderabad
HSE01068,7,1533,75737.87,999.0,431.4,24.7,117.1,9,8523.12,No,Hyderabad
HSE01069,1,1434,92527.02,507.3,216.8,29.5,46.7,5,4435.06,No,Salem
HSE01070,6,1933,88303.63,1229.4,326.5,28.6,83.9,14,7464.52,No,Salem
HSE01071,7,2316,58359.07,1053.5,499.9,24.4,66.2,9,8779.43,No,Pune
HSE01072,6,2220,56695.4,992.7,390.6,27.6,75.9,7,7538.61,No,Hyderabad
HSE01073,3,1872,66102.6,788.3,367.6,18.4,22.7,12,5714.89,No,Mumbai
HSE01074,7,1438,90229.88,830.1,409.0,30.4,47.8,8,6724.47,No,Bangalore
HSE01075,5,1807,33336.52,1084.0,441.3,31.9,77.0,8,9371.16,No,Kochi
HSE01076,1,1948,73491.97,858.5,282.5,25.4,83.6,13,5715.51,No,Pune
HSE01077,2,1134,36910.2,862.9,252.4,25.9,79.5,13,7350.92,No,Pune
HSE01078,4,960,126517.33,808.7,241.1,30.0,30.9,14,5291.25,Yes,Coimbatore
HSE01079,1,855,64885.52,320.1,163.3,29.4,15.5,6,2192.89,Yes,Bangalore
HSE01080,1,806,45609.72,653.5,187.6,32.1,20.8,14,5648.26,No,Hyderabad
HSE01081,3,578,66703.38,659.1,240.8,25.9,49.3,10,4947.69,No,Coimbatore
HSE01082,5,1312,55228.21,695.0,243.4,26.4,52.2,11,4708.78,No,Bangalore
HSE01083,4,750,51174.89,762.0,388.3,28.1,49.2,4,5664.0,No,Coimbatore
HSE01084,7,847,24365.83,785.8,309.1,24.7,23.1,11,6384.08,No,Salem
HSE01085,7,1516,34689.82,1014.6,556.9,28.0,34.9,13,7983.32,No,Pune
HSE01086,7,1282,51631.36,1089.1,513.1,24.8,116.5,14,6977.45,No,Mumbai
HSE01087,6,1393,25727.84,952.6,481.3,30.7,60.5,6,7129.0,Yes,Chennai
HSE01088,6,1814,42228.86,943.8,263.9,25.3,47.3,8,8401.56,No,Bangalore
HSE01089,2,1589,43920.87,983.4,320.5,30.0,115.0,9,7831.69,No,Coimbatore
HSE01090,4,1883,38728.82,1155.3,335.8,34.8,129.7,6,9286.37,No,Hyderabad
HSE01091,7,1236,77858.48,865.3,336.7,30.7,37.2,10,7223.34,No,Kochi
HSE01092,6,1925,37012.55,1100.9,512.5,29.7,60.8,15,6694.36,No,Coimbatore
HSE01093,2,1362,57232.23,548.1,164.8,23.5,17.8,12,4240.55,Yes,Coimbatore
HSE01094,5,1276,46918.38,868.6,251.1,34.6,14.5,10,6330.26,No,Chennai
HSE01095,2,1858,52136.98,651.6,283.0,33.5,42.7,3,4490.83,No,Delhi
HSE01096,6,808,113319.76,788.5,251.6,28.4,22.2,10,5014.7,No,Madurai
HSE01097,3,2111,59631.98,775.1,305.2,27.5,35.0,12,6421.95,No,Pune
HSE01098,3,1073,65052.72,771.6,204.7,25.7,57.4,14,4908.95,No,Hyderabad
HSE01099,7,652,38974.03,1101.1,500.1,36.2,102.1,5,7687.89,No,Coimbatore
HSE01100,3,1494,72900.87,775.0,319.6,32.1,61.7,7,5038.41,No,Pune
HSE01101,7,1030,71530.19,914.8,406.4,26.0,37.4,12,5455.1,Yes,Coimbatore
HSE01102,7,2112,68494.75,1421.3,472.8,33.4,133.8,10,10193.83,No,Bangalore
HSE01103,6,1005,31919.07,991.4,330.7,34.4,51.5,13,7967.53,No,Bangalore
HSE01104,3,1342,42265.53,929.3,455.7,28.9,84.2,8,5518.68,Yes,Bangalore
HSE01105,7,558,104840.93,897.0,417.6,27.6,88.3,6,5985.63,Yes,Bangalore
HSE01106,4,1566,40360.36,783.8,332.3,25.0,47.1,6,6458.82,No,Pune
HSE01107,5,850,111478.06,910.2,399.1,31.8,7.4,14,7093.73,No,Chennai
HSE01108,2,1512,43010.95,524.4,145.9,27.3,14.8,6,4514.07,No,Kochi
HSE01109,2,1007,58793.45,614.8,311.6,27.1,32.3,8,4182.25,No,Kochi
HSE01110,6,400,50557.28,681.9,328.0,29.0,33.3,9,5821.63,No,Hyderabad
HSE01111,3,1259,37606.27,728.2,311.0,25.7,48.1,15,5332.38,No,Coimbatore
HSE01112,3,1239,37850.69,761.9,400.4,35.1,42.0,7,5851.65,No,Mumbai
HSE01113,7,1596,40061.82,964.5,289.9,32.9,43.4,12,5817.64,Yes,Kochi
HSE01114,1,1900,58789.43,691.5,315.3,29.3,49.9,10,4466.14,Yes,Chennai
HSE01115,7,2061,82106.82,1032.3,556.3,25.6,55.5,9,8538.32,No,Kochi
HSE01116,5,1589,57097.12,700.0,240.1,25.8,15.1,10,4732.26,Yes,Delhi
HSE01117,4,1325,54180.06,761.4,193.8,25.6,54.9,6,4773.14,No,Salem
HSE01118,2,558,94822.18,655.8,308.5,24.1,72.3,10,5044.03,No,Kochi
HSE01119,7,1291,56032.7,1460.7,368.2,30.3,134.9,15,11001.21,No,Chennai
HSE01120,1,1297,43079.38,654.5,334.9,26.4,53.8,8,5192.44,No,Hyderabad
HSE01121,1,1111,35105.22,704.2,187.9,26.2,81.2,5,5441.83,No,Coimbatore
HSE01122,7,1485,97420.29,1101.7,491.2,25.7,68.7,15,8327.09,No,Coimbatore
HSE01123,6,1705,47422.86,972.1,353.0,33.0,29.9,10,6928.2,No,Delhi
HSE01124,2,832,42392.65,814.9,253.4,26.0,55.8,15,7209.26,No,Madurai
HSE01125,6,825,40774.78,1144.4,594.5,34.1,109.4,9,8833.77,Yes,Salem
HSE01126,4,1137,94985.0,1009.3,478.3,27.8,106.3,12,8036.44,No,Chennai
HSE01127,1,923,42499.61,701.0,246.8,24.0,106.2,7,4732.03,No,Chennai
HSE01128,1,461,85887.77,1116.5,374.3,30.9,180.0,13,9781.48,No,Mumbai
HSE01129,5,752,49583.08,798.5,375.9,32.5,71.8,6,4620.24,Yes,Chennai
HSE01130,4,645,31930.51,472.0,236.5,25.6,38.0,3,3604.98,No,Chennai
HSE01131,1,1744,47356.87,947.5,440.4,29.3,72.8,12,6741.28,No,Kochi
HSE01132,4,1966,54194.33,882.6,390.1,30.3,27.1,5,7081.17,No,Kochi
HSE01133,2,707,52222.13,538.4,171.4,29.4,65.8,4,3448.46,No,Madurai
HSE01134,3,1446,51642.27,638.2,322.8,27.2,26.1,10,5012.82,No,Hyderabad
HSE01135,1,1593,47582.16,791.4,375.8,32.5,32.1,10,5111.18,No,Mumbai
HSE01136,5,528,38631.91,747.5,302.9,28.0,14.0,14,4957.71,No,Pune
HSE01137,2,1272,55266.4,721.9,291.3,26.6,63.1,7,6278.26,No,Chennai
HSE01138,7,2340,70158.71,1148.0,483.0,21.9,103.1,7,7623.63,No,Kochi
HSE01139,4,1505,28478.95,785.2,391.4,22.0,53.9,13,4881.31,No,Coimbatore
HSE01140,7,1090,98682.85,890.1,420.7,29.9,49.9,6,6920.95,No,Pune
HSE01141,6,948,10421.32,698.8,354.2,28.7,33.7,3,6292.78,No,Pune
HSE01142,2,400,56894.29,599.3,241.0,32.5,85.9,3,3969.37,No,Bangalore
HSE01143,7,1412,67834.59,1284.8,562.0,33.5,94.0,15,7890.2,No,Delhi
HSE01144,1,2077,41922.57,708.8,358.9,28.0,18.4,8,5453.42,No,Chennai
HSE01145,4,834,21130.29,743.5,237.7,32.8,56.8,6,5160.41,Yes,Mumbai
HSE01146,3,400,52657.43,677.8,259.7,26.8,84.1,6,4821.87,No,Delhi
HSE01147,2,901,59364.5,554.5,241.9,28.4,37.8,5,4816.07,No,Delhi
HSE01148,1,1597,32799.38,596.7,313.0,28.3,16.4,11,4149.24,No,Salem
HSE01149,5,1007,37855.38,798.4,203.4,35.3,25.2,5,6669.57,No,Chennai
HSE01150,6,831,84821.89,925.9,290.5,23.9,112.6,10,6672.51,Yes,Hyderabad
HSE01151,4,1209,57991.12,928.1,297.3,29.2,92.1,4,8026.83,Yes,Madurai
HSE01152,2,1303,27894.47,812.4,282.7,26.2,98.8,6,7296.43,Yes,Mumbai
HSE01153,2,575,67340.15,336.0,112.4,27.8,20.8,3,2460.94,Yes,Kochi
HSE01154,3,1102,36183.37,1006.6,429.9,27.6,83.6,13,7819.4,No,Hyderabad
HSE01155,3,976,38810.47,907.8,468.1,29.3,116.7,7,7531.14,No,Pune
HSE01156,5,912,60116.18,680.2,300.0,34.4,32.3,4,4636.7,No,Kochi
HSE01157,6,742,57647.89,1066.4,343.9,36.6,44.4,13,7088.97,No,Kochi
HSE01158,5,1624,45886.01,1090.1,555.0,31.6,58.3,15,9482.82,No,Kochi
HSE01159,1,910,43835.28,370.5,162.9,25.1,64.0,3,2617.84,No,Chennai
HSE01160,1,400,49130.19,364.8,115.2,28.3,39.1,3,1915.74,Yes,Hyderabad
HSE01161,5,1319,38708.77,914.9,328.0,30.0,89.1,4,7809.65,No,Chennai
HSE01162,6,1526,89782.38,768.6,374.3,27.4,70.2,7,5959.53,No,Chennai
HSE01163,5,842,27145.09,797.7,376.3,27.9,28.2,14,5024.73,Yes,Hyderabad
HSE01164,6,948,49350.0,1002.9,424.2,28.7,85.8,11,6429.43,Yes,Salem
HSE01165,6,908,28519.87,775.1,227.4,32.1,46.4,8,5284.21,Yes,Mumbai
HSE01166,7,1044,83808.46,1112.8,546.4,31.1,71.9,14,9826.04,No,Kochi
HSE01167,4,1698,49318.22,691.6,236.7,26.6,29.8,6,5971.45,No,Madurai
HSE01168,6,1149,34186.55,689.7,332.1,31.4,31.0,5,4707.11,No,Coimbatore
HSE01169,3,1578,74858.87,861.5,382.7,35.9,15.4,10,7387.86,No,Chennai
HSE01170,6,764,19608.52,865.4,284.9,22.9,95.8,5,6279.71,No,Chennai
HSE01171,6,1027,62410.34,801.0,251.3,27.3,81.1,3,6378.99,No,Mumbai
HSE01172,6,1629,92334.08,855.3,247.4,26.9,58.5,6,6135.18,Yes,Coimbatore
HSE01173,7,837,59628.15,909.4,293.4,29.3,20.2,13,6770.83,No,Pune
HSE01174,7,1655,43789.91,1135.4,337.6,21.7,104.8,15,7573.28,No,Coimbatore
HSE01175,1,917,31448.5,594.4,258.6,34.4,71.1,7,3400.65,No,Coimbatore
HSE01176,7,1055,89520.24,869.5,373.6,29.2,39.0,7,5839.49,Yes,Bangalore
HSE01177,3,1952,83485.5,794.1,338.2,30.2,61.8,7,5624.68,No,Mumbai
HSE01178,3,1004,41137.51,704.6,311.8,29.7,45.6,10,6409.25,No,Madurai
HSE01179,7,1265,41635.21,1085.2,536.6,26.9,71.2,10,9576.55,No,Salem
HSE01180,5,1477,93820.03,911.7,477.8,31.8,26.5,14,7493.99,No,Madurai
HSE01181,4,1302,69864.6,780.9,249.2,29.0,10.8,15,5179.28,No,Coimbatore
HSE01182,7,1315,24615.35,847.7,361.4,20.7,67.4,6,6192.43,No,Mumbai
HSE01183,6,1175,50363.52,1013.9,277.3,28.6,73.6,11,7217.41,Yes,Hyderabad
HSE01184,2,614,49535.16,326.1,93.3,27.9,15.4,3,2070.64,No,Coimbatore
HSE01185,4,1357,61483.49,670.6,299.3,31.8,7.5,7,3802.43,No,Mumbai
HSE01186,4,870,55149.84,903.1,357.6,39.8,58.8,7,6985.13,No,Bangalore
HSE01187,3,1549,43667.89,848.6,405.2,30.5,68.8,7,5060.0,No,Bangalore
HSE01188,4,1817,59596.39,1008.2,380.8,37.5,44.5,10,8530.38,No,Coimbatore
HSE01189,7,400,44962.7,930.3,268.2,26.3,27.7,11,7439.57,No,Salem
HSE01190,6,1818,255626.49,1031.6,527.8,26.5,135.4,5,7387.39,No,Delhi
HSE01191,6,1015,58122.96,992.0,272.7,28.0,65.2,11,7938.33,No,Chennai
HSE01192,1,1141,54637.39,1004.6,308.1,30.7,95.1,15,6688.18,Yes,Madurai
HSE01193,6,789,126039.66,809.4,269.6,26.4,23.5,13,5523.96,No,Madurai
HSE01194,6,1285,29766.35,932.6,511.6,22.6,103.1,10,6454.62,Yes,Kochi
HSE01195,3,1230,52344.42,834.8,313.1,29.1,63.8,5,6894.07,No,Delhi
HSE01196,6,1685,35873.96,870.7,348.7,24.4,127.8,4,5950.96,No,Bangalore
HSE01197,1,866,73192.12,646.7,311.0,33.5,71.9,6,4895.9,No,Hyderabad
HSE01198,2,1947,44030.21,1025.5,452.2,31.6,53.4,15,6754.1,No,Hyderabad
HSE01199,7,1499,71405.53,969.6,487.2,26.0,48.0,14,6391.99,No,Madurai
HSE01200,3,1241,69127.74,740.3,293.1,30.8,33.0,4,5014.11,No,Pune
HSE01201,2,1119,78139.89,4800.0,264.3,26.8,48.3,6,36000.0,No,Chennai
HSE01202,3,1062,69641.92,680.2,332.6,28.8,72.7,7,5070.21,No,Mumbai
HSE01203,5,1091,49725.38,783.7,290.3,28.8,80.0,4,6246.93,No,Mumbai
HSE01204,4,1276,29323.51,830.2,302.5,27.7,29.8,14,5506.67,No,Kochi
HSE01205,5,1106,86610.53,770.9,407.7,32.3,18.5,10,4285.39,No,Coimbatore
HSE01206,6,912,103688.95,665.9,303.2,24.5,60.7,3,5477.68,No,Delhi
HSE01207,2,1279,36063.9,651.4,284.3,31.1,14.7,5,4125.89,No,Bangalore
HSE01208,6,824,76590.88,951.3,454.1,30.2,48.9,9,6326.62,No,Coimbatore
HSE01209,4,1345,32481.48,649.7,271.7,23.4,20.4,12,4215.33,Yes,Pune
HSE01210,3,1100,60272.6,543.2,161.7,25.8,78.1,3,4554.14,No,Bangalore
HSE01211,4,1514,66126.69,679.1,234.8,24.6,38.9,15,5235.55,No,Pune
HSE01212,1,1645,45401.01,745.1,311.0,27.5,42.0,13,5117.58,No,Chennai
HSE01213,4,1645,57404.08,695.0,177.5,29.2,17.7,4,5504.13,No,Salem
HSE01214,1,1343,80561.8,672.7,256.4,25.3,89.9,5,5741.55,Yes,Pune
HSE01215,4,1396,52357.53,795.1,379.1,32.9,56.9,4,5722.89,Yes,Chennai
HSE01216,7,1055,40589.98,846.2,253.2,33.2,58.1,4,5895.58,No,Pune
HSE01217,1,1505,31710.01,804.5,216.7,33.9,21.1,14,6549.02,Yes,Coimbatore
HSE01218,2,1556,46131.19,648.5,324.8,18.1,13.7,13,4998.31,No,Delhi
HSE01219,6,495,32417.83,669.9,291.5,36.8,29.6,8,4209.68,Yes,Coimbatore
HSE01220,6,1370,46409.79,864.0,261.8,29.7,38.3,9,6761.92,No,Bangalore
HSE01221,5,1816,44610.71,755.1,371.4,29.2,29.1,8,6009.62,No,Salem
HSE01222,6,1040,78978.88,1068.4,478.0,28.6,128.1,13,8806.94,No,Coimbatore
HSE01223,3,941,56848.9,665.2,233.0,23.7,91.2,8,4376.51,No,Mumbai
HSE01224,7,1011,173053.37,980.6,355.8,30.4,49.6,11,6713.42,Yes,Coimbatore
HSE01225,4,523,22225.01,786.6,233.4,35.4,31.1,10,5806.06,No,Delhi
HSE01226,5,1257,63329.44,883.5,442.3,29.6,23.9,10,6815.68,No,Chennai
HSE01227,3,1213,44886.31,652.2,262.6,24.5,48.3,8,4484.6,No,Bangalore
HSE01228,3,1289,35770.19,530.5,221.3,22.9,59.2,7,4145.05,No,Bangalore
HSE01229,1,1387,54268.12,633.2,326.1,27.8,37.0,11,4842.03,No,Chennai
HSE01230,6,841,52470.73,826.3,210.5,26.0,64.2,14,6488.22,No,Madurai
HSE01231,2,1323,89331.03,530.9,143.4,31.8,35.2,4,3710.64,No,Madurai
HSE01232,2,1399,57305.67,758.9,226.5,34.5,23.7,9,6171.56,No,Kochi
HSE01233,5,980,40268.62,874.5,226.5,30.9,64.3,8,5878.01,No,Coimbatore
HSE01234,7,1389,63926.11,862.9,386.1,28.7,13.3,9,5300.81,No,Chennai
HSE01235,2,1236,49599.96,657.0,289.2,28.5,18.5,14,4503.81,No,Mumbai
HSE01236,4,916,33144.2,682.9,213.9,29.3,26.6,6,4074.31,No,Salem
HSE01237,2,1327,49180.04,596.5,175.9,24.4,33.5,11,4152.52,No,Mumbai
HSE01238,5,1069,61023.38,1002.4,294.4,31.4,72.8,9,6975.79,No,Bangalore
HSE01239,2,1514,56818.4,499.9,267.9,24.7,17.7,4,4393.57,No,Kochi
HSE01240,4,1092,63814.09,908.8,416.3,33.5,42.1,15,7645.09,No,Coimbatore
HSE01241,1,620,43398.06,550.5,234.3,27.5,59.6,6,4475.11,No,Madurai
HSE01242,7,1320,63450.4,969.1,336.0,32.3,56.7,7,7299.62,Yes,Salem
HSE01243,5,1303,58054.68,849.5,322.7,23.1,72.8,4,7316.41,No,Salem
HSE01244,1,713,58267.03,690.5,191.1,32.3,42.9,12,4778.9,No,Coimbatore
HSE01245,1,1538,55806.68,736.9,404.9,34.5,32.8,10,5349.79,Yes,Mumbai
HSE01246,1,1514,146434.05,644.6,307.2,23.9,99.1,3,4738.21,No,Mumbai
HSE01247,3,809,90639.49,616.0,268.8,28.5,32.0,5,4151.69,No,Chennai
HSE01248,7,903,62819.12,779.9,332.5,30.3,29.2,3,5100.16,No,Mumbai
HSE01249,6,1136,38368.62,764.6,306.8,30.5,27.8,7,5697.06,No,Delhi
HSE01250,7,859,48220.47,722.9,236.6,27.6,27.1,10,4538.96,No,Bangalore
HSE01251,3,1488,113799.47,879.6,279.6,26.9,112.1,9,7274.42,Yes,Bangalore
HSE01252,6,1267,42691.99,1154.5,479.0,30.0,122.6,11,10023.55,Yes,Coimbatore
HSE01253,7,708,51047.41,976.7,264.7,30.4,77.9,4,6434.53,No,Salem
HSE01254,1,830,49784.4,692.1,188.5,26.5,65.8,14,5126.09,Yes,Pune
HSE01255,5,1734,64902.26,755.4,315.9,25.7,29.2,10,6054.25,No,Pune
HSE01256,6,1891,45188.48,883.1,464.5,33.8,36.7,10,5921.5,No,Coimbatore
HSE01257,4,1442,59556.13,800.2,419.5,29.4,16.0,8,7236.46,Yes,Mumbai
HSE01258,4,1105,45644.84,581.6,147.3,19.9,42.4,5,4860.44,No,Chennai
HSE01259,2,1002,99371.27,615.1,173.6,33.9,19.9,4,3671.82,Yes,Delhi
HSE01260,6,1447,40387.01,968.7,411.6,26.6,54.3,10,5953.81,No,Mumbai
HSE01261,5,1234,85393.79,748.3,377.5,29.3,30.7,8,6676.35,No,Kochi
HSE01262,3,475,42267.65,651.1,349.2,30.5,57.1,6,5538.79,No,Chennai
HSE01263,1,1664,37455.27,614.1,312.1,23.1,27.4,7,4369.08,No,Coimbatore
HSE01264,2,1806,40124.07,612.1,277.5,27.8,14.0,7,3618.43,Yes,Madurai
HSE01265,4,1532,25462.0,972.9,301.8,34.3,24.5,15,7528.21,No,Madurai
HSE01266,3,709,67000.66,877.0,238.4,33.4,60.0,11,6488.46,No,Hyderabad
HSE01267,3,913,32574.96,880.9,232.8,27.8,62.3,15,7706.41,Yes,Coimbatore
HSE01268,1,400,46818.08,725.4,314.6,31.9,58.7,15,5923.12,No,Hyderabad
HSE01269,6,1918,77483.34,1059.3,276.3,32.4,53.9,11,8784.07,No,Hyderabad
HSE01270,4,1039,76366.33,886.2,418.1,32.2,49.7,10,6233.47,No,Kochi
HSE01271,5,2250,28878.19,1025.3,475.5,24.4,70.3,10,8439.3,No,Delhi
HSE01272,3,2080,63248.9,982.0,269.0,35.6,7.7,14,6593.93,No,Coimbatore
HSE01273,1,793,91886.62,711.7,371.5,27.1,109.2,4,4565.01,No,Delhi
HSE01274,5,881,41295.51,741.6,301.5,29.4,41.6,5,5727.69,No,Coimbatore
HSE01275,6,1410,69299.74,932.9,486.4,27.6,70.6,10,6991.56,No,Coimbatore
HSE01276,4,410,32879.76,763.1,397.2,29.9,47.2,15,6016.42,No,Bangalore
HSE01277,6,1003,65423.32,755.5,233.5,25.5,30.3,7,6491.46,No,Coimbatore
HSE01278,3,958,58346.85,625.3,227.7,28.1,39.7,9,4728.13,No,Kochi
HSE01279,5,2033,74058.06,873.5,253.7,29.7,23.6,10,6458.51,No,Hyderabad
HSE01280,5,1272,72020.36,915.8,441.9,33.9,26.3,8,6719.41,No,Mumbai
HSE01281,5,1072,29912.17,975.6,391.4,33.4,63.9,7,6761.42,No,Mumbai
HSE01282,3,916,58485.69,829.8,438.7,33.6,54.6,10,6800.72,Yes,Salem
HSE01283,3,1602,105757.03,594.0,185.6,32.5,12.8,3,4350.45,No,Madurai
HSE01284,6,976,20572.27,769.9,351.5,36.4,27.0,3,6722.94,Yes,Kochi
HSE01285,2,1177,84982.89,600.8,328.5,27.8,41.5,3,5036.61,Yes,Bangalore
HSE01286,6,912,113080.56,749.2,336.9,28.4,47.3,5,5210.76,No,Coimbatore
HSE01287,4,517,28197.89,972.2,263.1,28.2,132.9,12,6178.1,No,Mumbai
HSE01288,1,752,40671.13,799.2,340.9,28.8,53.7,15,5917.69,No,Hyderabad
HSE01289,5,974,69429.9,697.6,212.0,23.3,11.4,14,5048.65,No,Chennai
HSE01290,2,1082,36913.48,636.1,164.8,30.1,48.8,8,4707.53,No,Coimbatore
HSE01291,1,1101,101635.59,589.3,206.5,31.0,20.2,8,3938.11,No,Hyderabad
HSE01292,2,1160,88573.84,684.8,225.9,28.0,42.7,7,5950.99,Yes,Delhi
HSE01293,7,980,29491.43,1114.1,542.2,22.0,139.7,15,7098.6,Yes,Mumbai
HSE01294,6,1807,39368.15,997.3,361.1,29.1,35.3,15,8086.39,No,Pune
HSE01295,3,1627,77770.31,792.7,372.5,23.8,79.9,9,4570.04,No,Hyderabad
HSE01296,5,1139,76411.25,840.0,214.1,30.7,48.5,7,5878.2,No,Bangalore
HSE01297,6,1314,149251.26,1031.9,262.6,29.5,106.4,4,7203.65,No,Hyderabad
HSE01298,1,1033,37017.33,604.7,156.5,29.9,66.5,6,4179.12,No,Salem
HSE01299,7,400,106057.48,664.4,209.8,24.8,85.9,3,5127.47,No,Coimbatore
HSE01300,7,1209,36454.76,1100.0,398.4,34.0,59.6,9,8445.48,Yes,Hyderabad
HSE01301,7,1338,68887.7,767.7,331.9,29.7,35.0,6,5994.07,No,Bangalore
HSE01302,1,474,82177.97,793.8,433.2,25.3,99.5,15,6323.83,No,Coimbatore
HSE01303,1,1425,14297.41,667.5,237.8,31.3,55.7,6,5609.43,No,Hyderabad
HSE01304,1,1074,82878.53,717.7,191.4,29.4,36.4,15,6172.25,Yes,Delhi
HSE01305,1,1352,102554.01,777.3,239.8,36.3,30.3,6,6260.59,No,Hyderabad
HSE01306,7,1087,90060.35,1037.2,538.7,26.8,56.9,5,6465.49,No,Coimbatore
HSE01307,7,1763,138564.46,945.2,434.6,24.0,90.0,10,8223.94,No,Mumbai
HSE01308,2,1302,84916.04,781.1,380.4,30.2,62.5,6,6866.41,No,Chennai
HSE01309,6,1651,43189.22,959.4,275.6,33.0,38.2,10,7939.55,No,Bangalore
HSE01310,5,1688,96051.85,1174.2,341.1,38.3,61.2,11,8663.32,No,Bangalore
HSE01311,3,696,42100.03,916.1,259.9,42.0,75.5,3,6097.7,No,Kochi
HSE01312,7,867,57078.14,722.3,366.3,22.8,15.5,6,6066.02,No,Coimbatore
HSE01313,3,1403,79968.73,665.1,208.2,28.5,20.4,8,5368.22,No,Bangalore
HSE01314,6,1036,67287.17,805.8,356.9,24.0,71.5,10,6776.83,Yes,Bangalore
HSE01315,6,1093,101022.43,798.5,323.3,28.0,19.8,8,6486.09,No,Mumbai
HSE01316,3,1779,168550.73,1033.9,427.3,38.9,42.7,14,6525.14,No,Pune
HSE01317,7,1060,32967.41,825.1,254.7,25.7,51.5,8,5457.5,Yes,Delhi
HSE01318,3,764,47445.51,627.2,276.3,28.9,24.8,12,5129.18,No,Pune
HSE01319,2,825,63415.19,613.1,161.2,26.7,43.8,6,3508.04,Yes,Chennai
HSE01320,4,2182,44651.92,998.2,547.1,25.0,51.9,11,8082.6,No,Madurai
HSE01321,7,1120,53157.83,1070.8,276.3,36.2,92.2,9,8958.57,Yes,Bangalore
HSE01322,7,586,77979.97,987.9,261.8,22.8,86.9,13,6941.57,No,Coimbatore
HSE01323,5,404,73452.72,708.4,246.1,28.7,56.7,8,4309.63,Yes,Delhi
HSE01324,1,919,61475.14,357.5,178.6,29.4,32.8,3,3311.51,No,Mumbai
HSE01325,4,1112,58780.6,815.6,266.8,28.9,87.9,4,5376.27,Yes,Coimbatore
HSE01326,6,1627,49729.17,1066.1,417.5,27.7,89.6,14,7691.1,No,Salem
HSE01327,7,1584,103478.98,871.8,222.7,35.5,29.9,8,7296.56,No,Mumbai
HSE01328,3,1197,116263.38,644.1,176.3,20.6,53.8,13,5259.87,Yes,Hyderabad
HSE01329,4,996,86990.55,563.6,243.7,30.7,36.4,3,5070.97,No,Bangalore
HSE01330,5,1353,32789.68,929.9,286.7,30.9,57.9,13,7011.48,No,Chennai
HSE01331,6,413,48878.54,600.4,275.1,30.1,28.5,7,4519.79,Yes,Salem
HSE01332,1,2091,60170.54,652.8,317.0,25.7,75.0,3,5549.98,Yes,Delhi
HSE01333,1,1494,36018.07,842.3,425.4,33.8,58.1,15,6138.62,Yes,Mumbai
HSE01334,5,1590,56992.57,832.3,241.5,33.6,28.5,5,6610.96,No,Mumbai
HSE01335,5,717,55552.75,920.2,355.8,25.5,71.3,14,6390.82,No,Kochi
HSE01336,3,1777,89585.67,791.1,422.5,24.2,32.7,14,5457.43,No,Mumbai
HSE01337,7,993,43952.19,767.6,369.7,23.4,13.1,14,5630.68,No,Coimbatore
HSE01338,1,771,92834.61,513.1,146.3,29.9,24.5,9,3288.56,No,Delhi
HSE01339,6,1182,35748.83,877.3,351.6,29.2,79.7,7,5969.87,No,Mumbai
HSE01340,4,1172,38065.39,997.3,525.3,27.6,113.3,14,9000.81,No,Salem
HSE01341,6,715,46368.49,1253.2,478.7,37.3,114.9,12,8720.83,No,Pune
HSE01342,2,797,56197.68,337.9,169.4,27.2,33.9,3,2239.75,No,Bangalore
HSE01343,2,762,18539.48,516.9,206.1,29.7,42.7,3,3485.53,Yes,Coimbatore
HSE01344,5,766,67627.66,720.4,203.2,28.2,36.9,10,5607.51,No,Hyderabad
HSE01345,3,1025,118692.64,944.8,278.1,36.9,47.6,13,8192.37,Yes,Delhi
HSE01346,2,575,73729.61,411.0,108.5,21.0,19.3,15,3142.06,No,Chennai
HSE01347,1,889,50025.44,583.0,179.9,27.8,34.5,11,4934.91,No,Delhi
HSE01348,6,1670,33759.68,1006.7,521.6,31.5,54.0,9,8410.95,Yes,Kochi
HSE01349,6,1570,24324.24,977.2,434.9,28.1,79.9,15,8723.41,No,Coimbatore
HSE01350,5,728,26258.05,570.6,269.1,23.8,56.7,5,3755.52,No,Delhi
HSE01351,7,1631,51855.2,1039.6,453.8,29.7,41.5,14,8121.03,No,Coimbatore
HSE01352,7,400,141945.43,665.5,243.5,22.5,25.0,8,4936.09,No,Coimbatore
HSE01353,4,2293,16194.15,1002.8,315.9,31.7,82.6,5,7142.19,No,Coimbatore
HSE01354,5,1785,75371.65,864.6,456.2,27.3,17.4,12,6983.8,Yes,Mumbai
HSE01355,4,948,40542.92,496.0,200.6,26.7,20.1,6,3197.72,No,Salem
HSE01356,7,1372,47292.91,1038.1,409.4,33.2,67.1,14,8321.27,Yes,Pune
HSE01357,5,570,36066.65,719.0,394.6,25.0,72.4,6,4990.92,No,Chennai
HSE01358,5,1227,29724.92,446.5,163.1,22.8,7.3,5,3111.91,Yes,Coimbatore
HSE01359,5,1117,58199.1,733.9,371.5,25.4,41.7,12,5049.8,No,Mumbai
HSE01360,7,824,61904.62,922.6,469.3,37.2,11.4,8,7648.4,No,Coimbatore
HSE01361,4,989,74298.16,656.5,209.9,25.0,43.3,7,5090.17,No,Pune
HSE01362,4,945,25763.88,771.4,214.8,30.5,37.9,13,6896.26,No,Chennai
HSE01363,5,691,81501.44,968.4,525.5,32.4,100.1,11,8224.59,No,Chennai
HSE01364,2,814,82158.19,709.3,268.0,25.2,61.6,11,5289.14,Yes,Bangalore
HSE01365,3,551,66576.75,589.6,147.8,25.2,62.7,5,3673.69,No,Pune
HSE01366,7,1586,45508.56,1132.0,452.5,29.7,91.0,15,9500.36,No,Chennai
HSE01367,3,781,63188.8,741.2,323.0,29.9,92.9,11,6104.73,No,Chennai
HSE01368,3,650,51168.86,1002.4,484.0,34.4,52.1,15,7489.03,Yes,Mumbai
HSE01369,4,1579,85043.72,732.1,390.1,25.9,32.1,14,4836.38,No,Hyderabad
HSE01370,4,1366,46636.72,836.0,438.5,27.5,77.4,5,6256.21,No,Salem
HSE01371,2,1562,57739.65,1043.1,555.0,40.4,75.3,6,7080.09,No,Chennai
HSE01372,3,1612,25155.79,638.2,165.7,21.8,66.7,3,5680.99,Yes,Coimbatore
HSE01373,3,2072,63099.83,654.0,303.2,21.0,52.0,7,5392.2,Yes,Mumbai
HSE01374,5,1130,39253.23,707.9,224.9,23.5,43.0,14,5241.34,Yes,Chennai
HSE01375,4,544,69265.23,846.4,259.2,33.4,93.1,11,5892.05,Yes,Bangalore
HSE01376,3,1322,78423.56,626.0,306.8,27.2,37.8,4,4784.03,No,Chennai
HSE01377,6,899,41797.87,800.0,300.1,27.2,31.1,6,6415.83,No,Madurai
HSE01378,2,769,55777.35,584.6,306.9,25.1,41.4,12,4615.3,No,Bangalore
HSE01379,6,1245,59492.84,737.6,193.8,32.7,28.0,4,5712.87,No,Pune
HSE01380,6,1590,64907.41,988.7,485.1,23.5,75.5,10,7715.45,No,Madurai
HSE01381,7,824,78474.14,835.8,243.3,26.7,52.0,11,5531.6,No,Madurai
HSE01382,7,1773,73986.91,759.9,230.2,25.3,12.0,5,6860.98,No,Hyderabad
HSE01383,2,755,46357.47,630.5,247.9,18.3,61.7,15,4351.97,No,Salem
HSE01384,6,1090,112908.53,816.7,301.1,27.1,42.2,11,4666.96,Yes,Delhi
HSE01385,3,1374,77148.15,734.7,290.8,28.8,48.4,8,4993.38,Yes,Coimbatore
HSE01386,4,1025,103507.92,842.5,448.2,25.9,55.8,8,5366.73,Yes,Madurai
HSE01387,2,401,64286.6,578.3,258.6,27.9,35.1,9,3808.14,No,Hyderabad
HSE01388,5,1617,66019.2,971.4,327.5,28.0,30.9,14,7410.13,No,Coimbatore
HSE01389,6,919,52174.67,788.6,238.1,28.5,66.9,7,4992.03,Yes,Pune
HSE01390,2,1535,45043.77,641.7,241.3,24.8,21.8,8,5505.2,Yes,Mumbai
HSE01391,1,631,85305.2,556.7,214.6,24.6,26.0,13,4437.52,No,Madurai
HSE01392,1,708,61954.42,317.0,136.4,29.2,29.7,3,1960.37,No,Kochi
HSE01393,7,1588,51838.31,946.9,312.3,23.1,81.9,5,6555.75,No,Bangalore
HSE01394,4,1353,34714.31,989.6,475.3,28.1,95.2,14,7295.62,Yes,Chennai
HSE01395,3,1003,110734.47,677.1,189.3,35.5,29.5,11,4423.4,No,Pune
HSE01396,4,1360,57859.32,825.4,345.1,28.8,26.3,14,4953.96,Yes,Mumbai
HSE01397,4,771,31668.04,631.9,276.2,21.7,51.6,7,3501.16,No,Coimbatore
HSE01398,4,1250,57052.58,752.2,234.7,29.7,42.2,7,5399.43,No,Chennai
HSE01399,4,1258,50245.4,937.0,466.4,32.3,76.3,10,5899.28,No,Coimbatore
HSE01400,5,1032,49326.29,856.2,372.1,25.8,63.9,13,5148.34,No,Mumbai
HSE01401,5,824,71282.45,1231.7,546.5,27.8,118.5,13,10718.6,Yes,Coimbatore
HSE01402,7,1232,50276.63,824.3,329.2,25.5,27.1,15,5701.48,No,Chennai
HSE01403,2,1175,47935.61,719.0,375.9,27.2,75.6,4,5341.93,No,Mumbai
HSE01404,1,990,101536.19,655.7,300.4,26.3,37.9,15,4086.13,No,Coimbatore
HSE01405,4,735,25141.71,616.8,224.9,30.7,25.3,9,4026.42,No,Chennai
HSE01406,7,1206,53742.88,1013.3,325.9,35.6,37.5,11,8102.9,No,Madurai
HSE01407,2,992,83539.25,544.5,147.7,29.2,40.0,9,3584.4,No,Delhi
HSE01408,1,734,72926.55,679.7,203.6,22.8,90.4,14,3843.11,Yes,Bangalore
HSE01409,6,1220,87038.89,883.7,484.1,39.1,16.6,7,7024.22,No,Kochi
HSE01410,3,1924,136597.76,798.1,296.9,31.3,30.1,15,5002.75,No,Chennai
HSE01411,5,1035,118138.95,875.8,455.1,32.1,50.2,8,6056.83,No,Mumbai
HSE01412,6,1874,32698.94,748.4,225.4,28.7,24.2,6,5219.78,No,Bangalore
HSE01413,1,2151,26642.74,965.7,364.7,29.9,112.1,14,6785.56,Yes,Pune
HSE01414,6,771,63714.79,957.7,515.4,27.6,121.8,9,5883.95,No,Bangalore
HSE01415,3,1204,29903.64,833.1,231.1,32.6,47.9,3,7474.53,No,Chennai
HSE01416,7,2147,23113.62,868.1,371.7,27.1,67.0,6,6381.71,No,Mumbai
HSE01417,1,1146,63411.32,799.4,420.3,31.0,102.0,5,6130.3,No,Pune
HSE01418,6,1217,70987.48,972.7,520.3,32.9,44.0,15,8079.65,Yes,Hyderabad
HSE01419,5,448,118788.72,784.6,395.3,34.0,64.8,6,6385.4,No,Delhi
HSE01420,5,961,77721.13,709.1,359.4,33.1,22.2,3,5605.92,No,Bangalore
HSE01421,2,1450,130468.94,673.0,299.9,24.9,12.4,14,5784.1,No,Pune
HSE01422,6,2293,64543.06,1260.3,398.4,35.3,80.7,15,9080.09,No,Mumbai
HSE01423,4,1112,32983.64,616.8,289.4,31.7,45.6,4,4132.79,Yes,Chennai
HSE01424,6,452,79624.14,1161.1,631.1,30.2,119.8,14,9605.92,No,Madurai
HSE01425,7,568,100260.73,927.2,378.1,30.7,33.1,13,8041.24,No,Kochi
HSE01426,1,1184,65583.3,635.3,208.5,28.4,21.0,15,3845.02,No,Salem
HSE01427,1,1730,105644.63,836.9,353.2,27.1,76.2,11,6359.49,No,Mumbai
HSE01428,7,1487,52032.6,1108.1,506.6,27.5,114.5,9,9168.06,No,Delhi
HSE01429,6,1407,70315.19,940.6,293.9,34.2,22.4,15,5870.26,No,Kochi
HSE01430,7,1789,50850.18,904.5,421.3,29.3,26.9,8,7809.45,No,Coimbatore
HSE01431,3,876,160437.23,824.3,351.3,30.1,99.8,4,6254.55,No,Madurai
HSE01432,7,1209,80310.51,1129.0,489.7,29.2,140.7,3,8947.8,No,Chennai
HSE01433,5,966,33275.32,756.4,258.5,26.3,65.1,4,5024.35,No,Coimbatore
HSE01434,7,1078,126596.14,664.3,197.0,20.4,31.3,9,4804.24,No,Chennai
HSE01435,1,747,39543.54,807.6,352.9,32.1,94.9,4,5210.18,No,Mumbai
HSE01436,5,1045,55340.02,726.2,309.3,31.7,40.4,5,5298.43,Yes,Coimbatore
HSE01437,1,1188,67902.21,601.3,211.3,29.0,31.9,10,4577.99,Yes,Coimbatore
HSE01438,2,1033,70444.81,469.7,159.1,24.6,35.0,9,3854.75,No,Mumbai
HSE01439,4,1128,68375.06,1029.5,364.6,36.3,70.7,14,8237.3,No,Hyderabad
HSE01440,1,1382,33031.53,759.2,301.4,27.6,49.4,13,5089.52,No,Kochi
HSE01441,5,1757,68477.06,1079.8,585.7,30.0,63.0,13,6433.46,No,Chennai
HSE01442,2,1790,90253.63,994.1,476.2,26.2,77.5,13,8237.77,Yes,Chennai
HSE01443,1,1543,89092.22,657.3,332.3,23.6,41.8,11,4640.35,No,Coimbatore
HSE01444,3,633,30615.84,924.3,371.3,31.4,83.1,14,8136.28,Yes,Hyderabad
HSE01445,7,1038,40947.44,721.2,294.1,23.0,48.4,6,5915.02,No,Bangalore
HSE01446,4,1077,34373.93,691.4,215.2,29.9,35.3,9,5854.74,No,Bangalore
HSE01447,1,904,64087.48,486.2,226.7,29.9,17.9,3,3102.6,No,Hyderabad
HSE01448,2,1354,27360.26,755.8,284.5,24.5,40.7,13,5821.59,No,Kochi
HSE01449,3,483,33185.03,751.8,355.4,23.8,105.7,13,5116.5,No,Coimbatore
HSE01450,6,1962,40773.1,962.2,358.6,25.9,75.2,4,7364.34,No,Hyderabad
HSE01451,2,1738,24502.56,809.2,228.6,26.5,62.7,9,5867.04,Yes,Chennai
HSE01452,7,1415,54316.26,603.2,182.1,22.9,23.7,4,4962.31,No,Chennai
HSE01453,2,1172,21314.98,595.7,294.0,24.5,34.6,8,3851.07,No,Chennai
HSE01454,3,1753,68425.01,908.5,297.6,29.3,69.4,15,6776.84,No,Hyderabad
HSE01455,2,1510,46001.47,830.9,273.6,37.0,79.3,12,5068.75,No,Hyderabad
HSE01456,3,1698,41535.18,1023.4,541.2,33.0,76.2,14,6403.73,Yes,Kochi
HSE01457,1,1173,44701.02,729.4,326.3,29.6,55.8,11,6106.9,No,Madurai
HSE01458,3,2005,53525.57,902.2,256.5,33.5,29.1,13,7543.56,Yes,Mumbai
HSE01459,3,1725,71817.13,1131.8,331.7,33.6,79.4,7,9625.59,No,Chennai
HSE01460,4,1429,99487.0,826.1,274.0,27.8,34.4,12,6397.77,Yes,Kochi
HSE01461,3,1765,86798.63,930.1,398.3,30.0,80.0,9,5826.69,No,Pune
HSE01462,3,1011,150143.71,885.1,421.2,32.9,40.7,15,5308.22,No,Pune
HSE01463,6,675,74531.13,954.4,317.2,33.5,116.5,3,5971.07,No,Coimbatore
HSE01464,1,1345,58584.78,780.9,399.2,33.5,38.1,10,7396.56,No,Pune
HSE01465,7,1174,44775.85,878.3,248.3,24.9,37.7,11,6157.33,No,Kochi
HSE01466,4,1111,45450.49,962.8,300.7,33.7,45.9,15,8486.07,No,Mumbai
HSE01467,6,1747,70098.42,907.0,490.8,36.4,29.4,7,7430.98,No,Pune
HSE01468,5,1275,35078.32,726.0,210.8,35.0,26.1,8,6042.87,Yes,Pune
HSE01469,1,1319,60969.42,605.8,312.9,24.7,28.8,15,5300.09,Yes,Hyderabad
HSE01470,1,1053,54535.07,798.6,368.3,23.7,97.8,13,5054.26,No,Kochi
HSE01471,5,1597,39634.09,821.1,223.3,30.9,27.2,10,6047.52,No,Pune
HSE01472,7,1516,34270.93,975.1,385.3,34.9,37.9,6,8112.61,Yes,Madurai
HSE01473,3,1593,171306.79,1008.4,409.1,29.9,147.8,4,8201.46,No,Madurai
HSE01474,6,976,29337.78,1020.2,540.3,28.1,81.4,12,6988.78,Yes,Hyderabad
HSE01475,2,1787,53348.29,808.0,304.1,28.6,80.6,10,5494.48,No,Coimbatore
HSE01476,4,2027,95344.43,1143.8,439.3,33.1,135.5,4,9586.41,No,Coimbatore
HSE01477,2,1579,69784.28,625.4,177.5,27.7,45.1,7,3651.55,No,Madurai
HSE01478,5,836,44444.54,697.7,308.2,30.9,13.0,15,6075.93,No,Bangalore
HSE01479,1,839,32164.62,655.1,205.2,28.5,76.4,8,3986.66,No,Bangalore
HSE01480,7,1031,58307.87,893.3,244.1,25.4,42.2,7,7400.69,Yes,Hyderabad
HSE01481,1,946,16769.32,757.1,415.7,25.1,148.5,8,5707.89,No,Chennai
HSE01482,4,1168,59369.07,681.8,225.6,31.1,11.8,8,5142.74,No,Mumbai
HSE01483,1,1485,55868.75,430.6,125.9,18.2,26.1,5,3131.03,No,Pune
HSE01484,1,1330,89022.4,875.6,402.6,30.9,33.6,13,7371.51,No,Chennai
HSE01485,4,1291,32878.87,810.2,402.3,28.3,45.7,13,6201.17,No,Pune
HSE01486,6,1091,47549.49,706.7,190.3,32.8,19.7,5,5410.98,No,Delhi
HSE01487,6,1167,66949.52,892.1,251.2,31.4,59.3,11,5332.94,No,Hyderabad
HSE01488,4,1558,60330.55,783.5,217.1,29.2,32.4,5,5016.11,No,Bangalore
HSE01489,7,400,30058.4,738.2,194.9,24.7,84.5,5,4490.9,Yes,Kochi
HSE01490,5,1195,41097.92,980.1,438.9,24.9,101.6,13,6463.83,No,Bangalore
HSE01491,1,1330,103264.47,373.9,159.5,26.4,39.3,4,2886.73,No,Bangalore
HSE01492,7,1553,61807.83,1125.7,505.3,32.5,65.0,9,8404.86,No,Delhi
HSE01493,1,745,26010.0,831.9,334.2,36.1,48.1,12,7159.16,No,Madurai
HSE01494,5,722,81841.76,893.5,442.5,30.3,46.0,12,6154.42,No,Hyderabad
HSE01495,6,1463,26780.23,604.7,250.3,26.6,18.6,6,4463.46,No,Delhi
HSE01496,7,400,47902.8,713.4,375.0,27.1,44.5,3,6218.4,No,Hyderabad
HSE01497,3,1799,70867.2,745.8,295.1,27.2,79.7,8,6661.6,Yes,Chennai
HSE01498,3,1302,94964.28,816.9,398.0,33.2,60.2,7,7227.0,No,Coimbatore
HSE01499,3,1901,19206.86,809.3,301.2,27.2,26.5,13,6812.52,No,Coimbatore
HSE01500,6,711,75758.35,645.9,245.8,28.8,18.7,4,5136.21,No,Coimbatore
HSE01501,6,1004,81053.49,932.1,470.4,34.4,43.5,8,8349.54,No,Mumbai
HSE01502,5,400,42805.91,527.3,148.9,26.7,29.8,3,4060.35,Yes,Coimbatore
HSE01503,1,842,57296.66,374.4,157.1,31.2,32.1,5,3585.59,No,Kochi
HSE01504,5,1117,13928.62,795.1,372.0,32.6,30.2,6,4780.15,No,Salem
HSE01505,5,400,15970.48,849.5,403.6,29.3,48.5,15,7209.28,No,Hyderabad
HSE01506,6,1022,90574.52,892.8,381.6,36.8,67.6,5,6747.1,No,Hyderabad
HSE01507,3,400,43156.38,676.8,260.2,35.7,29.1,15,4130.4,No,Bangalore
HSE01508,2,1084,47065.38,718.9,236.0,30.1,28.3,8,4673.28,No,Mumbai
HSE01509,1,1716,61126.02,730.3,381.8,25.8,21.0,13,6141.88,No,Mumbai
HSE01510,6,1184,46649.57,835.1,301.4,26.0,53.3,6,6164.51,Yes,Bangalore
HSE01511,3,1946,44742.41,780.2,382.1,29.9,78.6,3,6926.15,No,Bangalore
HSE01512,7,1554,65683.86,669.0,173.6,24.6,44.9,7,4238.23,Yes,Delhi
HSE01513,2,1807,28059.91,859.8,274.8,30.1,67.8,7,6360.31,Yes,Mumbai
HSE01514,2,856,92693.29,949.6,335.9,35.8,91.0,11,6598.95,No,Delhi
HSE01515,6,845,49586.6,845.5,381.7,29.2,55.4,10,6440.86,No,Madurai
HSE01516,4,1356,34980.36,826.4,285.8,28.9,27.0,10,6530.17,No,Pune
HSE01517,1,490,32925.22,560.5,147.1,32.4,25.1,7,4572.83,No,Bangalore
HSE01518,2,1412,56065.83,712.9,215.4,31.1,28.0,10,4288.57,No,Pune
HSE01519,6,1054,47917.09,1084.0,355.3,24.4,124.4,12,6676.87,No,Hyderabad
HSE01520,6,1798,27394.85,1226.1,371.3,27.2,144.3,9,7320.3,Yes,Pune
HSE01521,3,1506,41951.21,793.9,247.0,36.6,38.3,3,6860.46,No,Madurai
HSE01522,7,1694,38213.68,1153.0,554.2,30.3,88.5,14,8230.89,No,Chennai
HSE01523,4,861,97044.4,867.1,324.0,25.0,97.5,9,6116.2,No,Chennai
HSE01524,1,1672,58325.35,603.7,224.3,28.2,18.9,13,4311.71,No,Hyderabad
HSE01525,5,1850,111445.53,1139.7,615.4,21.9,120.5,10,9695.95,Yes,Coimbatore
HSE01526,7,1183,39958.63,745.4,286.2,21.6,41.3,5,4403.03,No,Delhi
HSE01527,7,867,48246.53,895.4,473.0,32.9,40.0,11,5570.98,No,Pune
HSE01528,3,875,65449.71,634.4,215.5,29.0,21.5,10,4850.56,No,Bangalore
HSE01529,2,1758,72182.16,884.4,327.4,31.1,124.9,4,7819.81,No,Hyderabad
HSE01530,2,2408,76079.52,997.9,368.1,33.6,50.2,8,7954.15,No,Mumbai
HSE01531,3,758,36885.51,985.8,407.9,30.4,117.9,6,6492.3,No,Coimbatore
HSE01532,6,724,37355.4,980.2,416.9,31.9,94.1,5,7251.81,No,Delhi
HSE01533,2,1615,46870.76,905.9,293.9,30.0,38.8,13,7914.45,No,Hyderabad
HSE01534,4,861,107097.68,818.3,399.4,34.1,51.2,8,5956.57,No,Mumbai
HSE01535,1,1658,35058.77,861.3,343.6,36.1,31.7,12,5960.9,No,Delhi
HSE01536,7,1409,43389.48,1101.3,277.7,29.8,34.2,15,7838.99,Yes,Delhi
HSE01537,7,1189,76383.69,1003.3,428.8,29.6,62.2,11,8688.9,Yes,Coimbatore
HSE01538,4,1399,74566.59,820.8,401.7,30.3,73.9,4,6670.3,Yes,Pune
HSE01539,2,1371,70617.04,710.5,231.0,28.6,12.7,12,5601.08,No,Mumbai
HSE01540,7,1119,57037.72,868.1,226.9,27.4,13.0,12,5645.72,Yes,Delhi
HSE01541,5,410,34056.57,751.7,370.0,33.2,34.8,12,5839.79,No,Chennai
HSE01542,1,1280,40305.34,469.6,254.9,27.4,56.9,7,3204.96,No,Chennai
HSE01543,1,1908,91309.4,833.6,227.5,27.2,98.4,8,5517.69,No,Kochi
HSE01544,7,476,77903.43,686.4,364.8,32.6,49.7,6,6196.16,No,Bangalore
HSE01545,3,765,30162.21,649.4,232.3,32.9,41.1,9,4477.25,No,Mumbai
HSE01546,7,1392,81336.03,987.1,525.6,38.3,67.1,4,7041.88,No,Mumbai
HSE01547,3,1217,99115.27,702.2,312.2,33.9,26.7,9,6113.36,No,Mumbai
HSE01548,7,1385,56348.58,961.7,497.3,32.3,50.5,4,6135.06,No,Coimbatore
HSE01549,5,885,66630.32,798.1,387.7,32.9,44.3,3,6473.85,No,Bangalore
HSE01550,6,1723,86704.13,1046.3,270.4,28.4,52.8,13,8339.09,No,Coimbatore
HSE01551,1,1221,40215.83,827.6,223.1,31.2,91.5,7,7476.79,No,Hyderabad
HSE01552,7,1514,156906.83,837.3,341.4,31.4,14.6,4,7257.61,No,Madurai
HSE01553,5,1344,95365.63,645.1,186.4,26.8,45.8,10,5247.06,Yes,Bangalore
HSE01554,3,1279,69626.54,914.0,354.9,28.8,73.7,14,6573.35,No,Pune
HSE01555,3,1482,54152.53,842.5,451.9,32.8,64.5,14,5968.96,No,Chennai
HSE01556,1,1284,68716.07,675.1,228.5,28.9,15.6,14,6008.39,Yes,Kochi
HSE01557,4,664,27254.16,510.4,202.5,31.4,12.9,10,3153.72,No,Bangalore
HSE01558,7,1689,140368.72,979.3,357.7,32.6,70.7,3,8267.45,No,Bangalore
HSE01559,2,1568,91408.13,663.8,291.4,32.4,15.1,6,4194.43,No,Delhi
HSE01560,3,400,106286.61,709.5,218.6,35.9,51.0,11,4467.76,No,Hyderabad
HSE01561,6,906,55766.53,959.5,314.7,26.7,88.1,7,6395.49,No,Bangalore
HSE01562,6,1669,46768.18,1054.3,535.2,35.6,18.0,14,6715.45,No,Coimbatore
HSE01563,3,400,40605.15,990.7,488.8,30.9,118.3,13,9237.21,Yes,Chennai
HSE01564,4,1625,79316.15,1051.4,511.8,32.3,69.4,12,8932.54,No,Pune
HSE01565,4,1136,43671.12,1319.2,634.9,31.8,180.0,15,9741.56,Yes,Madurai
HSE01566,5,1803,50553.01,888.6,344.6,31.6,35.5,8,7384.76,No,Chennai
HSE01567,6,1199,70331.01,930.3,436.0,26.5,101.0,5,7605.79,No,Mumbai
HSE01568,5,875,40879.78,764.7,280.0,32.2,38.0,7,6649.29,No,Coimbatore
HSE01569,6,1339,87979.97,846.1,237.1,23.2,49.2,14,7086.11,No,Chennai
HSE01570,7,1186,54562.66,1006.5,370.4,37.4,31.3,15,7256.92,No,Hyderabad
HSE01571,7,835,27901.47,977.1,290.8,30.5,47.8,15,7333.88,Yes,Pune
HSE01572,2,2198,40683.88,1065.8,391.4,33.6,81.4,15,8282.28,No,Coimbatore
HSE01573,7,763,99088.82,975.4,330.9,31.7,120.6,3,9063.69,Yes,Pune
HSE01574,2,400,36077.96,606.5,260.6,29.1,27.3,10,4724.55,No,Chennai
HSE01575,7,1912,82242.16,975.2,349.6,26.8,53.7,13,8365.53,Yes,Pune
HSE01576,1,937,58095.39,494.4,228.3,26.1,33.9,8,4352.15,No,Mumbai
HSE01577,7,1066,50910.44,1140.3,460.3,32.1,55.4,14,8828.5,Yes,Bangalore
HSE01578,5,1039,170374.77,951.4,500.3,31.9,88.3,4,8265.73,Yes,Delhi
HSE01579,3,944,30859.23,728.7,202.1,31.2,35.7,6,5204.25,No,Chennai
HSE01580,5,855,39419.99,727.7,332.1,28.5,62.8,6,5394.82,No,Chennai
HSE01581,3,751,54423.15,727.4,328.6,30.7,26.2,11,5650.23,Yes,Coimbatore
HSE01582,4,1229,163109.28,861.3,461.0,27.3,92.4,11,5566.66,No,Bangalore
HSE01583,5,1019,54480.22,794.4,287.1,26.3,75.3,7,5443.01,No,Coimbatore
HSE01584,4,1529,62224.39,819.7,280.0,27.9,29.2,14,6279.29,No,Bangalore
HSE01585,2,1417,47285.67,528.4,159.4,28.1,28.8,5,3700.36,No,Coimbatore
HSE01586,2,783,64632.41,774.9,255.4,34.9,104.3,3,6361.62,No,Coimbatore
HSE01587,1,1249,48623.91,809.5,324.3,23.5,139.9,8,7041.02,No,Madurai
HSE01588,7,1012,75205.8,782.5,392.3,28.9,30.1,10,6107.09,No,Pune
HSE01589,5,754,77922.71,868.4,291.2,31.5,81.7,3,6764.53,No,Chennai
HSE01590,4,1510,49500.65,965.7,287.1,36.9,39.0,13,7859.07,No,Delhi
HSE01591,3,1145,33144.18,778.6,258.2,26.6,104.4,3,5485.65,No,Delhi
HSE01592,2,1017,57365.3,659.0,184.7,24.5,40.3,13,4477.76,No,Chennai
HSE01593,7,815,103367.23,992.2,523.9,31.9,71.9,9,8412.4,No,Bangalore
HSE01594,2,737,37914.59,666.1,340.9,29.7,52.7,9,5657.07,No,Madurai
HSE01595,3,2095,63917.67,595.5,204.0,28.1,10.0,4,3836.29,No,Pune
HSE01596,7,1350,31968.47,921.3,298.6,30.8,27.5,5,7674.22,No,Pune
HSE01597,7,709,34446.93,943.9,492.4,32.4,71.1,4,7699.13,Yes,Mumbai
HSE01598,4,1330,98740.76,880.2,220.5,31.9,66.2,8,5687.51,No,Delhi
HSE01599,4,1678,75077.67,960.1,413.0,30.2,56.9,15,7724.75,No,Hyderabad
HSE01600,5,1275,64351.97,1252.8,657.5,34.3,123.0,15,8074.81,Yes,Pune
HSE01601,5,1818,19346.96,1055.9,425.1,29.8,78.6,10,7121.52,No,Pune
HSE01602,6,506,42885.4,992.3,249.0,29.2,73.0,10,8583.57,No,Coimbatore
HSE01603,6,400,72269.3,490.7,154.9,31.9,9.8,3,4307.11,No,Mumbai
HSE01604,1,1317,28652.87,806.8,425.0,24.0,80.8,13,5556.86,No,Mumbai
HSE01605,2,1324,46903.15,755.4,192.7,31.5,16.3,11,6414.83,No,Coimbatore
HSE01606,5,400,77658.99,677.9,249.8,27.8,47.8,13,4405.44,No,Bangalore
HSE01607,4,919,27863.59,570.6,277.8,23.7,16.4,10,3711.07,Yes,Madurai
HSE01608,3,746,25833.04,717.7,359.9,30.7,63.8,11,4557.0,No,Salem
HSE01609,4,574,28081.49,951.3,374.1,27.2,90.4,15,6438.33,Yes,Pune
HSE01610,2,745,63934.01,612.4,195.8,22.5,45.5,15,4552.65,No,Coimbatore
HSE01611,6,1468,42806.24,871.0,374.5,25.5,46.4,11,7351.39,No,Bangalore
HSE01612,4,742,81651.08,798.8,262.9,35.8,25.8,13,5289.19,No,Chennai
HSE01613,1,758,58078.26,831.8,271.6,26.8,89.5,14,6230.87,No,Delhi
HSE01614,2,472,128197.73,522.5,257.2,30.3,17.6,8,4516.81,No,Pune
HSE01615,6,1771,31515.08,832.8,246.7,24.7,52.7,5,5865.56,No,Madurai
HSE01616,3,1396,63855.99,778.1,195.8,37.4,45.1,3,6238.15,No,Kochi
HSE01617,6,400,38454.92,928.9,326.1,29.3,60.1,13,6963.74,No,Coimbatore
HSE01618,7,758,72054.94,911.3,362.1,26.3,76.3,10,6082.11,No,Coimbatore
HSE01619,1,1438,58049.98,884.3,408.1,32.5,43.5,12,6980.05,No,Madurai
HSE01620,2,1777,35178.28,829.3,401.7,37.2,81.1,5,5222.31,No,Kochi
HSE01621,3,1578,51244.83,739.9,332.3,27.4,47.0,15,4932.41,No,Hyderabad
HSE01622,1,1040,56839.26,491.7,215.3,26.2,58.9,9,3612.35,No,Hyderabad
HSE01623,6,400,41998.93,793.4,356.8,38.2,22.8,15,5560.18,No,Mumbai
HSE01624,1,1592,76291.26,749.7,248.5,28.5,36.9,12,6315.12,No,Mumbai
HSE01625,2,1066,34582.28,575.0,209.7,28.1,15.0,8,4192.99,No,Chennai
HSE01626,5,1231,140933.34,717.9,312.2,20.4,49.9,5,5387.72,No,Bangalore
HSE01627,1,1120,84478.23,624.4,168.4,28.9,73.9,8,4738.48,No,Mumbai
HSE01628,7,590,64345.48,884.0,299.3,23.6,42.2,14,6233.28,No,Chennai
HSE01629,1,1364,197892.63,554.6,206.3,26.8,45.3,5,4880.5,No,Salem
HSE01630,6,1302,47853.71,920.6,377.5,20.9,60.7,15,8400.74,No,Chennai
HSE01631,6,1008,72417.81,1125.0,445.4,33.9,64.6,15,8726.37,Yes,Mumbai
HSE01632,3,1412,60796.94,547.4,254.8,23.1,14.5,11,3011.37,No,Mumbai
HSE01633,6,582,78743.34,918.6,360.1,21.2,32.7,15,6643.7,No,Hyderabad
HSE01634,4,1079,107833.2,594.9,310.1,25.4,16.3,3,4394.89,No,Chennai
HSE01635,2,1212,70411.77,803.2,292.4,34.0,37.5,15,6007.92,Yes,Mumbai
HSE01636,2,419,87894.78,710.5,289.6,27.2,110.5,10,4835.89,No,Coimbatore
HSE01637,5,1174,42933.77,845.8,212.3,27.8,74.4,7,6805.26,No,Bangalore
HSE01638,5,1530,50127.29,850.8,291.9,30.9,47.8,6,5129.26,Yes,Chennai
HSE01639,2,1064,114957.51,886.2,451.9,28.4,127.8,3,7765.02,Yes,Coimbatore
HSE01640,7,1185,71946.19,972.1,340.3,34.0,57.4,11,6425.47,No,Madurai
HSE01641,5,1453,61502.56,1347.8,439.3,28.0,166.7,15,10675.26,No,Delhi
HSE01642,3,1025,39188.11,642.2,265.3,28.1,52.1,11,5965.14,No,Chennai
HSE01643,6,1066,84970.27,1079.3,295.3,38.1,32.6,15,7167.51,No,Madurai
HSE01644,2,670,38693.58,501.0,205.2,29.2,21.6,7,4220.38,No,Chennai
HSE01645,5,1193,33887.92,1114.9,380.3,29.9,69.9,13,8134.98,No,Chennai
HSE01646,2,1049,57919.25,553.0,201.8,28.2,37.3,11,5079.28,No,Coimbatore
HSE01647,4,1425,18656.82,823.8,401.5,19.3,52.0,12,7348.82,Yes,Delhi
HSE01648,1,1454,72408.07,694.2,311.4,32.5,63.6,11,4448.51,No,Mumbai
HSE01649,6,1556,65167.32,852.5,327.2,35.6,27.4,9,6898.39,Yes,Coimbatore
HSE01650,2,971,46925.99,665.9,281.8,34.0,56.8,10,4601.53,No,Coimbatore
HSE01651,1,400,48880.57,408.2,196.0,26.8,42.7,3,2882.84,No,Hyderabad
HSE01652,5,1534,52124.69,619.1,293.3,28.3,17.1,6,3791.67,No,Delhi
HSE01653,1,1394,38560.4,704.8,215.4,30.4,65.6,12,4570.5,No,Kochi
HSE01654,6,914,59763.25,995.3,338.7,30.3,70.6,12,7818.74,Yes,Hyderabad
HSE01655,2,1450,49161.24,900.6,319.2,31.7,98.9,6,6910.56,Yes,Delhi
HSE01656,4,548,57854.81,723.3,221.5,29.8,22.1,14,5869.24,No,Pune
HSE01657,7,1664,51277.67,1273.4,323.0,27.6,141.6,11,8797.08,No,Mumbai
HSE01658,5,1050,46931.79,810.3,244.9,29.5,29.3,5,7087.42,No,Bangalore
HSE01659,2,827,62343.22,686.3,338.0,33.0,10.9,14,4276.31,No,Coimbatore
HSE01660,6,920,78165.48,1125.1,465.5,40.7,49.0,12,6973.13,No,Delhi
HSE01661,5,1096,43431.59,884.8,311.9,27.0,60.1,12,7206.54,No,Pune
HSE01662,3,1195,65712.96,549.2,237.5,29.9,43.8,3,4599.0,No,Chennai
HSE01663,1,1222,69482.64,651.7,307.6,27.5,21.9,13,5732.76,No,Hyderabad
HSE01664,7,1007,30864.12,787.5,280.6,30.2,35.5,7,5800.46,No,Bangalore
HSE01665,6,1290,85351.51,964.9,376.1,32.9,58.1,9,6783.7,Yes,Chennai
HSE01666,3,1204,138758.68,1171.7,315.5,28.2,153.4,14,7642.52,Yes,Chennai
HSE01667,2,909,52862.28,260.5,111.8,20.8,22.6,6,1803.94,No,Chennai
HSE01668,4,841,50922.01,671.4,239.6,33.1,32.4,11,5048.06,No,Bangalore
HSE01669,5,1474,49972.88,816.9,310.5,29.5,18.7,8,5721.35,No,Bangalore
HSE01670,1,1436,72719.22,553.5,208.5,27.6,37.4,8,4646.45,Yes,Mumbai
HSE01671,5,1226,69212.64,670.7,294.9,26.7,45.7,5,5440.13,Yes,Coimbatore
HSE01672,7,1616,26884.12,1164.0,490.9,30.2,84.2,12,9476.27,No,Mumbai
HSE01673,2,400,37247.27,612.8,230.8,26.2,58.7,12,4201.6,No,Coimbatore
HSE01674,5,946,69104.78,943.6,240.7,26.7,107.6,7,7300.41,No,Chennai
HSE01675,1,680,51525.32,554.1,241.7,24.0,46.9,12,3707.89,No,Hyderabad
HSE01676,2,2215,32543.58,626.3,321.8,26.3,4.1,8,4003.09,Yes,Delhi
HSE01677,5,1521,108034.46,836.8,402.4,31.5,60.3,6,7080.35,No,Pune
HSE01678,4,1164,38377.15,704.3,383.5,23.5,13.6,15,5730.06,No,Coimbatore
HSE01679,6,1553,55892.65,1097.4,320.1,33.6,82.7,5,9003.76,No,Hyderabad
HSE01680,2,1702,50914.59,600.4,190.2,24.3,47.0,7,3828.6,No,Bangalore
HSE01681,6,1698,33849.47,949.3,390.9,29.6,31.4,9,8400.52,Yes,Delhi
HSE01682,2,1615,59773.53,748.9,240.2,30.9,20.7,13,4891.71,Yes,Chennai
HSE01683,4,1082,65613.49,805.2,209.6,32.3,34.5,8,7156.96,No,Pune
HSE01684,6,974,44561.89,803.3,297.8,32.3,45.6,4,6003.66,No,Mumbai
HSE01685,3,767,47278.08,831.5,279.6,28.7,130.4,3,5158.21,No,Pune
HSE01686,1,1426,72063.84,634.7,208.9,28.3,43.3,7,4378.51,Yes,Salem
HSE01687,3,1128,22612.91,832.7,446.3,31.4,54.8,7,5414.66,Yes,Madurai
HSE01688,5,1012,37602.91,914.8,294.1,30.1,44.8,14,6636.08,No,Mumbai
HSE01689,4,988,60544.52,878.4,253.7,27.6,54.8,14,7874.79,No,Madurai
HSE01690,3,1853,43393.11,807.3,232.2,30.5,52.9,8,5777.88,No,Coimbatore
HSE01691,2,1629,43114.96,766.9,377.2,28.3,47.5,5,5815.8,No,Coimbatore
HSE01692,5,2024,82524.47,769.3,357.3,26.6,30.8,3,6606.39,No,Hyderabad
HSE01693,5,1438,41360.95,857.0,247.5,27.5,71.4,6,6676.94,Yes,Salem
HSE01694,3,1226,134016.56,622.4,196.6,30.9,22.6,6,4139.18,No,Delhi
HSE01695,3,1189,24973.18,851.1,403.6,25.3,63.9,12,7629.96,Yes,Bangalore
HSE01696,4,741,20326.71,735.5,244.5,33.4,72.2,4,4620.38,No,Delhi
HSE01697,1,632,81683.7,319.8,174.1,26.8,11.5,10,2449.43,No,Coimbatore
HSE01698,3,1428,35323.74,527.9,217.6,20.0,21.1,8,4477.58,Yes,Hyderabad
HSE01699,7,779,35593.04,957.7,294.6,31.2,12.8,14,5818.81,No,Chennai
HSE01700,3,1295,85666.61,778.3,395.1,18.2,96.4,5,6388.44,No,Coimbatore
HSE01701,6,1702,43972.41,708.2,244.9,25.0,33.6,3,5090.97,Yes,Chennai
HSE01702,2,901,82847.04,1037.9,349.4,38.7,93.5,14,6610.32,No,Delhi
HSE01703,7,2105,41789.61,1163.8,405.3,33.2,38.4,13,7803.6,No,Mumbai
HSE01704,7,754,64746.03,752.0,361.3,32.9,23.9,5,6811.07,Yes,Coimbatore
HSE01705,6,1646,43693.23,851.2,257.0,24.5,29.7,10,7361.09,No,Bangalore
HSE01706,6,1391,36358.12,835.8,304.7,28.3,52.3,6,5753.33,No,Pune
HSE01707,5,1737,119833.56,1039.0,269.4,34.0,71.8,5,6699.88,No,Salem
HSE01708,1,698,90898.29,783.2,390.0,31.6,48.4,15,5900.07,No,Kochi
HSE01709,2,2238,39660.07,1116.3,393.2,33.5,81.1,13,8665.04,No,Coimbatore
HSE01710,4,1120,50757.28,791.2,256.7,36.1,42.7,6,6538.69,No,Chennai
HSE01711,7,1504,106872.36,1189.5,504.3,31.6,45.7,13,10645.81,No,Chennai
HSE01712,4,1850,35255.94,701.6,323.8,24.1,28.5,6,5777.73,Yes,Bangalore
HSE01713,3,928,36124.98,596.5,294.6,31.4,26.5,4,4747.13,No,Delhi
HSE01714,3,1572,67956.0,743.6,263.5,28.1,74.6,6,4898.38,No,Coimbatore
HSE01715,4,853,152788.67,644.2,318.0,23.8,22.7,13,3912.05,No,Madurai
HSE01716,3,1829,56348.6,931.4,362.7,32.6,38.4,14,7072.2,No,Pune
HSE01717,1,858,88212.46,748.3,209.8,33.8,76.7,11,5673.68,No,Bangalore
HSE01718,6,1217,34795.4,684.6,345.0,28.6,14.7,6,5416.68,Yes,Mumbai
HSE01719,3,1338,64702.95,1008.4,417.8,30.3,97.8,14,7040.87,No,Mumbai
HSE01720,5,1553,46782.38,562.2,242.2,20.7,24.2,3,3366.8,No,Mumbai
HSE01721,3,2086,127397.8,837.4,444.9,33.5,98.1,3,6243.94,No,Kochi
HSE01722,2,997,112927.28,514.8,215.1,32.2,22.7,3,4228.15,No,Chennai
HSE01723,1,1712,153403.35,743.4,187.1,30.0,74.5,7,6235.83,No,Delhi
HSE01724,2,2087,40219.94,653.6,334.1,24.0,33.0,8,4271.54,No,Coimbatore
HSE01725,2,1275,55885.64,1035.0,347.2,22.4,133.3,14,9047.45,Yes,Hyderabad
HSE01726,5,952,65115.22,1019.3,408.3,37.1,40.9,8,7734.7,No,Mumbai
HSE01727,1,421,40932.43,432.9,134.8,25.0,20.6,8,3132.28,No,Coimbatore
HSE01728,1,2047,58341.17,754.5,255.8,29.5,64.0,11,5012.77,No,Coimbatore
HSE01729,1,1090,82795.47,400.7,182.7,25.1,35.5,3,3149.6,Yes,Coimbatore
HSE01730,1,749,42934.2,611.6,231.7,19.8,67.8,12,4716.67,No,Bangalore
HSE01731,1,589,40077.81,771.6,338.1,30.8,97.2,8,5955.48,No,Mumbai
HSE01732,5,749,38899.76,1072.2,533.0,31.4,75.7,15,8255.6,No,Salem
HSE01733,3,1614,30044.12,586.2,206.5,22.3,14.0,10,3248.15,No,Chennai
HSE01734,2,1676,80771.97,723.0,304.0,33.4,22.3,10,4835.81,No,Coimbatore
HSE01735,1,1493,40036.14,885.6,428.0,26.9,55.7,14,7469.5,Yes,Bangalore
HSE01736,7,1260,38180.88,825.2,383.3,24.7,59.2,5,6845.57,No,Coimbatore
HSE01737,3,640,69784.69,501.5,206.6,24.4,6.2,15,3575.04,No,Coimbatore
HSE01738,3,872,54737.88,722.5,263.7,32.5,19.1,7,4682.84,No,Mumbai
HSE01739,2,702,43416.72,386.5,143.9,21.3,23.9,12,2313.66,No,Kochi
HSE01740,5,1458,79211.08,652.8,248.0,24.0,101.4,6,4421.34,No,Kochi
HSE01741,4,722,42643.82,835.9,296.5,30.7,30.6,14,5282.5,No,Coimbatore
HSE01742,4,879,20649.79,790.0,363.2,30.2,71.5,3,5524.38,No,Coimbatore
HSE01743,3,1117,100212.46,860.3,247.4,24.9,89.3,11,7487.37,No,Hyderabad
HSE01744,6,449,37888.41,670.9,362.4,34.1,29.9,7,4597.68,No,Bangalore
HSE01745,6,1221,39797.49,699.9,338.5,24.5,44.7,4,6213.73,Yes,Delhi
HSE01746,2,1152,39876.67,817.9,277.6,28.2,71.6,14,6141.69,No,Hyderabad
HSE01747,4,1733,56495.08,585.8,153.9,27.6,13.9,4,3296.41,No,Coimbatore
HSE01748,3,831,48614.61,814.5,377.4,27.7,39.5,13,6409.43,No,Chennai
HSE01749,5,615,85795.38,818.3,384.9,28.2,94.6,9,5373.22,Yes,Madurai
HSE01750,4,1032,115311.19,747.0,402.7,28.1,58.3,6,5849.5,No,Hyderabad
HSE01751,3,706,40515.86,670.1,218.5,28.0,58.7,3,4412.59,No,Pune
HSE01752,3,1218,36061.65,823.5,226.3,28.3,81.3,7,6087.34,No,Bangalore
HSE01753,1,400,43487.68,561.0,294.3,33.3,32.7,4,4439.46,No,Delhi
HSE01754,5,928,67014.53,738.9,242.1,28.1,23.3,9,4563.65,No,Chennai
HSE01755,1,782,52194.17,729.4,340.2,31.8,56.4,11,4729.08,No,Pune
HSE01756,2,1455,43910.26,819.0,219.7,29.6,34.3,15,5590.58,No,Pune
HSE01757,1,835,30682.07,509.9,243.8,30.5,32.9,3,3756.64,No,Coimbatore
HSE01758,7,419,20355.13,849.8,244.8,32.1,22.8,14,7103.07,Yes,Chennai
HSE01759,1,1109,34995.18,433.5,198.8,24.4,63.6,4,2703.3,No,Hyderabad
HSE01760,7,1344,97156.23,1088.0,445.8,31.5,41.7,13,7754.73,No,Mumbai
HSE01761,4,1078,66922.15,736.6,395.3,28.2,23.1,8,5387.65,Yes,Mumbai
HSE01762,6,925,50458.05,931.1,243.1,25.2,84.2,10,6280.04,No,Delhi
HSE01763,3,898,76381.25,674.5,227.7,32.1,38.0,9,5394.06,No,Delhi
HSE01764,7,1251,30808.35,875.0,237.0,27.3,64.5,11,5991.96,No,Hyderabad
HSE01765,5,800,56422.65,930.5,478.1,30.5,115.3,4,7700.26,No,Mumbai
HSE01766,1,1052,24617.89,573.7,245.6,18.2,83.4,14,4284.81,No,Coimbatore
HSE01767,7,1538,64266.71,1123.1,461.0,31.9,108.2,11,7104.26,Yes,Chennai
HSE01768,5,614,61813.08,964.9,279.3,39.4,82.4,6,7778.79,No,Hyderabad
HSE01769,6,1180,62478.46,858.9,340.7,29.0,39.6,13,6656.37,No,Pune
HSE01770,6,400,93015.05,643.4,237.8,27.9,27.4,5,4299.39,No,Pune
HSE01771,1,1303,77986.12,588.1,202.7,27.2,38.4,9,3508.43,Yes,Delhi
HSE01772,2,760,31922.85,566.1,272.7,31.2,40.1,7,3664.16,No,Hyderabad
HSE01773,1,1659,93649.29,826.5,221.8,27.8,96.8,15,5775.42,No,Chennai
HSE01774,4,535,50052.87,601.2,266.9,31.6,34.9,7,4057.39,No,Hyderabad
HSE01775,7,1399,22663.74,983.0,488.5,35.9,19.3,14,7704.49,Yes,Coimbatore
HSE01776,3,1750,52373.1,894.6,467.2,32.4,54.5,15,7410.06,No,Mumbai
HSE01777,2,736,73592.36,513.6,243.3,28.3,49.0,4,4222.19,No,Coimbatore
HSE01778,1,812,34851.63,369.2,123.6,24.5,28.3,8,2960.14,No,Coimbatore
HSE01779,5,775,100195.11,684.6,294.5,27.4,36.9,8,5521.56,No,Mumbai
HSE01780,2,981,36300.83,959.9,280.7,28.4,110.1,14,7566.86,Yes,Coimbatore
HSE01781,7,1433,44293.67,800.8,228.3,23.7,63.5,6,7195.68,No,Mumbai
HSE01782,2,945,40780.39,687.5,303.6,33.3,38.7,7,4661.06,Yes,Mumbai
HSE01783,7,696,25490.2,730.0,368.9,31.3,28.2,9,4939.22,Yes,Pune
HSE01784,1,400,35178.08,730.1,197.3,24.8,143.1,10,4856.54,Yes,Coimbatore
HSE01785,7,1921,39924.75,1109.0,312.5,21.9,123.1,8,8114.75,Yes,Coimbatore
HSE01786,2,1956,51872.34,936.1,392.9,31.9,79.3,7,5855.48,No,Pune
HSE01787,5,1452,14248.76,885.1,279.2,22.4,41.3,14,6222.57,No,Chennai
HSE01788,6,835,75927.74,804.9,349.0,29.3,27.3,5,5848.94,No,Madurai
HSE01789,2,1536,75590.93,615.6,193.5,27.4,28.0,9,5325.27,No,Chennai
HSE01790,7,1627,93596.29,1000.5,285.1,32.2,41.0,10,9027.99,No,Mumbai
HSE01791,6,1086,28108.96,717.4,296.8,32.2,34.8,5,5648.77,Yes,Coimbatore
HSE01792,7,1219,48209.64,740.4,376.6,25.7,47.0,7,5425.92,No,Bangalore
HSE01793,5,1754,84013.64,1025.4,467.1,32.6,45.6,13,8725.67,No,Madurai
HSE01794,7,462,87331.07,588.5,291.7,27.8,24.5,4,5150.42,No,Mumbai
HSE01795,1,1649,107002.49,767.0,253.0,29.1,25.1,12,6476.63,No,Delhi
HSE01796,3,1061,57601.86,643.8,332.1,29.2,39.0,12,5312.26,No,Chennai
HSE01797,2,699,53631.95,878.6,319.0,38.0,44.9,14,5584.38,No,Madurai
HSE01798,3,736,27282.79,729.1,368.7,28.5,104.9,6,4704.31,Yes,Mumbai
HSE01799,7,811,88812.51,826.9,323.6,22.3,56.4,14,7019.1,No,Coimbatore
HSE01800,5,655,44709.76,722.2,238.6,26.1,55.1,6,4779.04,Yes,Coimbatore
HSE01801,2,1997,55846.49,904.0,296.6,32.0,57.7,14,6213.61,No,Coimbatore
HSE01802,7,1421,54193.44,1133.8,476.5,27.9,90.9,15,8810.31,No,Coimbatore
HSE01803,6,1679,18722.76,1312.1,359.1,29.1,180.0,10,7811.71,No,Madurai
HSE01804,4,1453,38174.9,789.7,417.8,27.3,33.1,5,6807.09,No,Bangalore
HSE01805,7,1228,67463.03,958.2,317.6,18.0,136.9,7,6792.49,No,Chennai
HSE01806,3,1234,53810.55,669.9,234.9,25.9,17.4,13,3819.97,Yes,Bangalore
HSE01807,2,1021,67704.56,585.3,187.3,28.7,39.2,7,5130.58,Yes,Bangalore
HSE01808,3,1058,78262.17,455.9,114.4,21.9,22.8,4,3250.4,Yes,Chennai
HSE01809,2,566,37972.98,607.3,278.0,24.3,70.3,11,5057.8,No,Coimbatore
HSE01810,7,1687,43619.99,992.8,424.1,27.6,82.0,6,7401.36,No,Coimbatore
HSE01811,1,400,51614.31,500.8,246.8,27.7,19.3,11,4031.75,No,Mumbai
HSE01812,6,724,77898.58,940.1,246.6,30.6,88.0,11,6048.09,No,Bangalore
HSE01813,7,2105,49500.81,1026.6,542.7,27.9,58.5,4,7882.55,No,Madurai
HSE01814,3,1261,24676.21,973.1,339.9,30.4,76.5,11,6363.52,No,Hyderabad
HSE01815,4,1280,50307.34,977.3,512.0,26.2,95.4,11,8791.11,No,Hyderabad
HSE01816,4,1487,76501.08,815.8,230.2,29.8,71.4,4,5067.08,No,Madurai
HSE01817,5,507,101290.43,592.8,280.5,34.9,16.8,13,3963.38,Yes,Hyderabad
HSE01818,2,573,62401.69,734.2,311.2,30.2,36.8,15,6173.39,Yes,Hyderabad
HSE01819,3,1000,28180.62,557.3,199.2,28.1,18.5,8,4205.64,No,Bangalore
HSE01820,5,793,45808.35,617.8,169.1,25.2,10.6,11,4661.94,No,Delhi
HSE01821,3,1166,68108.97,464.4,200.4,29.3,21.8,6,3911.77,No,Bangalore
HSE01822,2,1418,81217.43,617.1,159.2,28.1,38.7,4,4057.91,No,Mumbai
HSE01823,7,1825,69097.28,1186.8,475.2,31.2,131.0,9,7479.52,No,Hyderabad
HSE01824,7,1565,49112.31,888.7,383.3,21.7,46.6,11,7883.14,No,Hyderabad
HSE01825,4,753,80936.52,793.8,372.9,28.2,58.8,8,5336.58,No,Kochi
HSE01826,7,1031,41226.4,913.5,500.1,30.7,33.8,13,6469.81,No,Bangalore
HSE01827,7,909,59765.3,1023.8,335.8,29.5,41.6,13,8171.17,No,Chennai
HSE01828,1,743,77071.81,468.5,162.4,27.7,49.4,6,3187.77,No,Mumbai
HSE01829,4,640,71294.51,600.5,211.6,27.6,40.2,3,5002.22,Yes,Madurai
HSE01830,5,1949,72018.71,761.4,357.5,24.6,66.2,6,5836.8,Yes,Delhi
HSE01831,6,1205,71207.27,840.1,444.9,30.5,31.5,5,7203.14,No,Bangalore
HSE01832,1,1099,34309.45,621.7,337.1,30.7,17.5,9,3997.13,Yes,Salem
HSE01833,5,1418,55436.27,763.8,407.7,23.3,14.8,13,4976.5,No,Bangalore
HSE01834,2,1440,36531.42,942.7,484.4,32.1,78.4,15,8288.35,No,Salem
HSE01835,1,1703,48282.53,507.0,277.5,26.4,6.5,13,3258.16,No,Chennai
HSE01836,5,865,32503.74,766.8,278.2,27.5,41.2,12,5681.31,No,Salem
HSE01837,2,1381,64236.28,781.8,417.9,36.4,22.3,7,6482.06,No,Coimbatore
HSE01838,4,790,22714.76,988.2,472.7,35.4,67.6,14,7654.41,No,Delhi
HSE01839,6,1114,72610.51,589.6,177.2,23.2,47.4,5,4390.13,No,Pune
HSE01840,2,1226,55381.17,448.1,118.1,23.9,48.2,4,3305.5,No,Delhi
HSE01841,7,1270,129451.34,1064.4,334.6,24.8,50.7,15,8887.93,Yes,Pune
HSE01842,3,1250,50162.27,784.7,379.5,35.3,49.7,4,5085.69,Yes,Hyderabad
HSE01843,2,1561,50155.57,476.6,209.5,26.6,17.4,7,3953.57,No,Coimbatore
HSE01844,2,931,74774.19,511.6,162.3,23.1,35.0,15,3282.51,No,Bangalore
HSE01845,6,1282,51491.23,948.4,448.2,33.9,26.5,15,7740.81,Yes,Delhi
HSE01846,3,858,62240.63,559.7,163.7,31.4,29.8,10,4014.77,No,Delhi
HSE01847,7,2514,86040.08,1221.1,606.3,38.0,50.1,10,7996.65,No,Chennai
HSE01848,5,789,48762.01,1171.1,571.8,31.4,78.7,14,8015.38,No,Chennai
HSE01849,5,885,94179.29,730.6,395.8,28.9,77.1,7,5119.1,No,Hyderabad
HSE01850,2,1597,25834.81,870.9,257.0,30.0,55.4,15,5357.78,No,Delhi
HSE01851,3,1007,113170.91,649.2,338.9,27.2,36.4,4,4327.51,No,Kochi
HSE01852,3,1597,24597.84,1021.0,359.7,34.2,48.1,15,8878.93,No,Coimbatore
HSE01853,7,1269,101070.42,1015.0,380.4,34.4,71.6,6,6648.13,No,Madurai
HSE01854,6,1019,23746.26,684.6,267.4,22.7,29.7,9,5962.41,No,Madurai
HSE01855,4,861,134101.37,693.5,303.8,32.8,46.9,8,3719.75,No,Coimbatore
HSE01856,5,845,59129.35,706.7,387.6,24.7,33.6,12,5829.89,No,Hyderabad
HSE01857,6,1023,35950.22,951.4,409.1,38.7,29.4,9,7928.15,No,Mumbai
HSE01858,1,1122,127311.53,759.1,400.8,35.1,45.2,7,6746.2,Yes,Mumbai
HSE01859,5,826,33694.74,540.5,176.5,24.4,36.5,4,3552.36,No,Mumbai
HSE01860,6,1151,49651.27,909.4,336.0,30.0,56.1,10,6775.89,No,Hyderabad
HSE01861,5,708,177585.77,813.3,326.4,33.0,36.8,14,4851.05,No,Chennai
HSE01862,4,1540,65714.88,691.7,239.9,26.5,42.7,4,4798.96,No,Coimbatore
HSE01863,1,1626,22101.08,660.2,358.5,23.5,17.4,14,4945.71,Yes,Chennai
HSE01864,4,883,48635.4,890.9,416.7,29.4,73.4,10,6029.23,No,Pune
HSE01865,7,858,46737.25,866.5,341.1,28.4,74.2,9,6035.74,Yes,Chennai
HSE01866,1,1280,59869.42,468.2,222.6,25.3,26.5,5,2956.28,No,Kochi
HSE01867,2,1769,53910.96,828.3,323.2,33.9,28.1,15,5189.37,No,Bangalore
HSE01868,6,1869,70313.65,900.5,229.8,23.8,51.7,6,5795.28,Yes,Bangalore
HSE01869,1,569,27652.3,616.1,254.4,28.6,34.4,15,5012.01,Yes,Kochi
HSE01870,7,1653,42981.8,895.5,391.8,29.7,55.0,9,5171.81,No,Chennai
HSE01871,7,1172,63285.92,1025.3,558.1,30.2,99.7,6,8420.03,No,Chennai
HSE01872,4,1181,39031.51,847.0,222.1,33.5,27.4,11,7309.45,No,Salem
HSE01873,5,1427,90062.85,945.8,381.8,28.0,76.7,9,7111.99,No,Mumbai
HSE01874,1,984,39384.47,243.0,67.9,18.6,24.3,3,2037.34,No,Chennai
HSE01875,6,1694,58664.29,698.9,206.0,27.5,29.7,3,5706.29,No,Chennai
HSE01876,1,1841,52462.71,654.4,283.4,31.9,51.9,6,4863.51,No,Kochi
HSE01877,3,1858,34838.63,941.6,300.8,28.4,65.7,15,6685.9,Yes,Mumbai
HSE01878,5,400,56517.72,857.2,407.0,28.5,98.0,11,7448.61,No,Coimbatore
HSE01879,6,1097,30476.74,1285.8,519.8,31.1,117.1,15,11821.3,No,Madurai
HSE01880,6,400,45047.08,666.7,210.3,31.6,39.0,6,5320.13,No,Hyderabad
HSE01881,2,856,55754.41,653.9,260.3,21.9,46.6,15,4380.45,No,Salem
HSE01882,4,400,28934.39,677.7,169.6,28.9,56.7,7,5035.2,No,Chennai
HSE01883,2,1403,72814.05,651.8,331.7,28.2,45.4,3,4735.49,Yes,Hyderabad
HSE01884,6,1299,61836.99,842.5,213.8,29.3,38.7,4,6979.92,No,Chennai
HSE01885,5,1005,69876.79,755.4,190.4,21.1,33.0,13,5987.71,Yes,Hyderabad
HSE01886,1,844,55061.14,710.3,307.9,34.3,66.2,6,5297.59,No,Chennai
HSE01887,1,1341,32770.4,839.4,455.0,29.0,98.4,14,6806.75,No,Bangalore
HSE01888,5,745,54998.2,564.3,286.0,30.7,16.0,6,3261.71,No,Chennai
HSE01889,6,714,72800.79,907.2,295.4,36.1,40.7,13,7340.03,No,Chennai
HSE01890,7,659,32191.24,880.1,272.0,30.7,16.2,12,5929.86,No,Salem
HSE01891,1,1108,33363.47,578.9,253.5,22.8,64.0,8,4517.7,Yes,Coimbatore
HSE01892,7,938,49234.53,987.3,490.5,28.7,29.2,15,6199.27,Yes,Hyderabad
HSE01893,1,1027,46536.4,853.8,306.2,31.7,90.9,8,5068.8,No,Mumbai
HSE01894,1,1435,54601.4,625.7,237.6,29.2,42.6,10,3994.49,No,Delhi
HSE01895,4,1633,48234.24,1078.6,307.0,35.8,64.5,14,9511.25,No,Pune
HSE01896,4,1853,59106.03,846.9,250.6,25.6,27.0,15,6744.85,No,Pune
HSE01897,3,1227,95311.58,834.5,350.9,34.0,50.7,11,5982.89,No,Salem
HSE01898,2,1356,70077.93,621.6,174.5,32.4,50.4,3,4925.78,No,Pune
HSE01899,5,1285,56407.46,850.6,264.2,29.4,58.9,3,6742.46,No,Kochi
HSE01900,5,447,33425.3,686.9,220.1,30.3,31.6,8,5289.56,No,Hyderabad
HSE01901,5,1034,39743.22,816.0,312.7,25.1,86.4,6,5914.97,No,Delhi
HSE01902,3,1036,80327.62,741.2,195.4,27.8,56.9,13,4554.83,No,Hyderabad
HSE01903,4,970,44545.66,932.7,373.0,31.3,95.8,6,6617.94,No,Chennai
HSE01904,6,1182,35582.17,583.1,308.2,28.4,17.7,3,3958.21,No,Bangalore
HSE01905,7,1101,141379.55,983.2,253.0,29.2,51.0,11,7965.03,No,Bangalore
HSE01906,7,756,109217.35,1024.9,450.2,33.0,41.7,14,6908.39,No,Bangalore
HSE01907,6,1132,52004.44,1016.2,508.9,21.4,118.5,13,7430.78,No,Hyderabad
HSE01908,3,912,33788.96,733.9,252.3,30.5,67.1,5,5018.74,No,Chennai
HSE01909,6,400,76160.63,850.1,246.1,36.1,45.8,7,5417.25,No,Hyderabad
HSE01910,5,571,44115.12,831.6,218.7,27.5,64.8,12,7544.08,Yes,Madurai
HSE01911,2,1240,82037.21,472.9,209.6,24.0,35.7,3,4489.81,No,Bangalore
HSE01912,1,1691,44135.27,740.9,308.0,27.4,60.2,10,4486.49,Yes,Chennai
HSE01913,7,400,115325.8,1009.2,321.7,22.9,155.8,5,8201.03,No,Bangalore
HSE01914,4,808,43549.55,593.6,296.5,29.9,32.8,3,4335.74,No,Kochi
HSE01915,4,1394,159407.41,783.1,368.6,28.7,50.5,12,6679.05,Yes,Madurai
HSE01916,3,1595,60045.9,710.4,236.5,30.3,28.5,8,4957.56,No,Madurai
HSE01917,4,1011,102541.82,587.6,279.7,28.5,25.4,3,3994.58,Yes,Chennai
HSE01918,5,893,43132.99,828.0,267.9,29.8,77.2,5,7411.99,Yes,Bangalore
HSE01919,7,1749,30484.72,953.8,431.7,30.8,21.6,7,8138.9,Yes,Salem
HSE01920,6,1558,19482.82,867.4,247.7,24.2,59.7,6,6268.95,No,Bangalore
HSE01921,5,1586,97690.56,915.8,419.1,30.4,74.5,9,7647.19,Yes,Coimbatore
HSE01922,3,989,56709.37,730.1,234.8,34.8,36.6,8,5722.75,Yes,Chennai
HSE01923,5,1701,31372.27,1042.8,439.8,25.2,93.9,14,7000.12,No,Salem
HSE01924,6,400,99536.51,851.5,256.9,30.2,89.3,5,6241.72,Yes,Bangalore
HSE01925,2,1709,92529.78,863.7,404.0,34.2,36.5,13,5596.94,No,Madurai
HSE01926,3,1170,102453.27,631.0,169.3,24.4,19.3,10,5205.16,No,Coimbatore
HSE01927,2,1258,30097.12,821.1,246.0,32.2,62.4,10,7161.56,No,Pune
HSE01928,1,775,96372.25,566.6,172.9,28.1,45.0,4,4308.08,No,Coimbatore
HSE01929,2,400,65375.79,683.9,179.5,33.0,52.2,9,5485.6,Yes,Chennai
HSE01930,1,1248,104560.26,479.5,227.0,25.7,62.0,3,3686.9,No,Mumbai
HSE01931,1,1448,70215.02,452.1,246.1,29.0,16.9,4,3182.63,No,Hyderabad
HSE01932,2,1516,59453.24,655.3,316.9,22.9,35.2,10,4516.04,No,Delhi
HSE01933,3,1468,96962.72,973.1,494.5,30.7,111.7,14,7197.34,No,Salem
HSE01934,6,1366,80695.91,730.9,184.0,30.8,53.2,3,5687.19,Yes,Coimbatore
HSE01935,5,784,89490.07,770.9,220.0,31.2,64.4,4,6645.83,No,Chennai
HSE01936,5,1545,44155.25,1060.6,443.0,31.0,50.5,14,7046.07,No,Delhi
HSE01937,6,734,50894.2,840.1,456.5,28.6,63.3,3,6165.35,No,Madurai
HSE01938,7,1698,25206.88,963.3,431.8,23.1,88.2,7,8067.23,No,Pune
HSE01939,7,1162,42746.07,926.2,335.5,33.0,11.1,9,5776.34,No,Hyderabad
HSE01940,1,1177,78493.07,702.1,206.3,28.8,71.8,8,5094.01,No,Pune
HSE01941,1,1590,70896.26,581.9,172.2,30.6,45.4,8,3763.53,No,Chennai
HSE01942,3,1651,35394.05,858.2,307.9,28.3,78.8,8,6606.71,No,Coimbatore
HSE01943,4,1547,97943.29,879.0,408.0,36.8,37.4,10,7545.87,No,Mumbai
HSE01944,2,831,209603.38,602.3,156.3,26.7,36.5,7,4249.4,Yes,Kochi
HSE01945,1,1543,36638.78,615.6,311.3,26.6,21.0,12,5250.78,No,Hyderabad
HSE01946,5,833,50133.35,592.0,315.2,22.8,46.1,9,4048.09,No,Mumbai
HSE01947,3,1555,41579.83,518.1,267.7,29.5,20.0,5,3364.04,No,Bangalore
HSE01948,2,559,52701.01,744.5,390.0,36.4,43.7,11,5412.03,No,Hyderabad
HSE01949,3,1158,62214.67,635.1,161.7,29.5,52.2,12,5570.89,No,Madurai
HSE01950,2,831,40186.59,492.9,267.8,29.9,30.0,5,3246.83,No,Hyderabad
HSE01951,2,1591,48556.07,689.5,248.2,32.9,15.6,8,5037.75,No,Coimbatore
HSE01952,6,1702,57202.22,680.5,347.6,29.6,12.9,5,5342.24,Yes,Pune
HSE01953,1,1290,68003.15,614.1,187.9,33.8,24.6,3,4251.21,Yes,Mumbai
HSE01954,3,1275,106405.26,685.4,263.2,34.4,12.2,3,4182.36,No,Pune
HSE01955,3,1517,54642.81,604.4,159.1,26.6,51.4,5,3880.61,No,Madurai
HSE01956,6,1705,42713.16,1122.5,294.1,23.3,158.2,6,9283.07,No,Chennai
HSE01957,5,1217,75240.21,760.9,405.5,31.8,20.7,4,6768.92,No,Hyderabad
HSE01958,5,975,65852.08,1274.1,628.4,30.3,179.6,11,7864.92,No,Mumbai
HSE01959,7,1491,50428.72,867.9,354.9,24.8,50.2,13,6778.06,No,Bangalore
HSE01960,1,400,68414.91,543.3,221.5,26.3,56.5,10,3290.95,Yes,Kochi
HSE01961,1,1609,46289.55,582.0,276.2,26.3,16.3,14,4591.57,No,Delhi
HSE01962,4,880,43321.99,951.1,335.3,29.6,52.8,15,5680.61,No,Pune
HSE01963,6,1092,23397.76,841.6,402.8,33.0,33.8,5,5018.22,No,Pune
HSE01964,5,1612,47454.33,1106.1,437.5,33.2,107.7,9,9338.36,No,Chennai
HSE01965,2,1013,24883.32,558.8,246.6,32.2,12.9,6,3242.11,No,Pune
HSE01966,3,1491,41247.95,579.8,312.8,27.8,34.2,7,3802.76,No,Pune
HSE01967,1,1713,71385.84,667.3,261.2,37.9,27.5,6,5867.98,No,Kochi
HSE01968,3,1250,27938.53,918.5,344.9,29.1,57.9,11,7980.04,No,Hyderabad
HSE01969,3,1340,50496.45,674.5,351.9,27.4,7.8,13,4031.51,No,Hyderabad
HSE01970,4,1146,56644.58,941.0,490.0,23.5,105.9,9,6960.6,No,Coimbatore
HSE01971,5,1252,49400.76,961.3,526.5,27.6,56.5,15,7336.64,No,Kochi
HSE01972,1,698,44288.83,669.5,278.0,30.8,54.3,6,5039.1,Yes,Hyderabad
HSE01973,3,1068,63672.84,507.2,179.2,22.7,21.4,15,4567.47,No,Mumbai
HSE01974,1,620,67773.94,606.0,195.2,25.2,74.0,10,5292.66,No,Coimbatore
HSE01975,2,796,55037.78,707.2,184.0,27.1,69.7,4,5883.52,Yes,Mumbai
HSE01976,4,400,45410.38,847.4,396.6,25.9,92.8,9,5812.22,No,Coimbatore
HSE01977,2,1319,81163.4,789.2,252.6,25.6,39.1,13,5718.42,No,Madurai
HSE01978,1,1961,30493.09,590.9,255.3,33.5,15.5,3,4373.13,No,Kochi
HSE01979,7,995,74937.43,716.4,376.1,22.4,30.8,10,5315.32,No,Chennai
HSE01980,1,1634,66433.12,847.3,453.4,29.7,80.5,15,5371.86,No,Mumbai
HSE01981,5,1707,60153.24,886.6,222.8,31.1,34.4,14,5718.38,No,Mumbai
HSE01982,3,660,54755.63,1077.2,371.8,27.1,132.8,15,6840.94,No,Pune
HSE01983,3,757,23496.4,772.3,387.1,28.1,75.0,8,5179.52,No,Pune
HSE01984,2,1646,102682.5,1064.2,437.3,28.8,122.6,14,7277.14,No,Salem
HSE01985,4,1158,80216.98,772.0,380.0,31.5,35.6,7,5423.5,No,Bangalore
HSE01986,7,619,35684.19,1023.6,517.9,35.1,60.9,11,7654.43,No,Coimbatore
HSE01987,6,913,77385.35,787.8,301.6,23.9,24.8,11,5908.31,No,Mumbai
HSE01988,3,1389,59878.11,790.2,282.7,25.3,77.3,5,5442.93,No,Pune
HSE01989,5,843,42308.26,740.6,286.3,25.5,63.6,11,6446.46,No,Chennai
HSE01990,2,400,94032.49,798.0,355.8,28.9,72.6,15,6131.51,Yes,Chennai
HSE01991,2,1055,45306.73,606.4,218.4,27.4,37.7,15,5299.16,No,Pune
HSE01992,6,1092,101249.74,953.7,460.2,31.7,51.5,11,8559.61,No,Pune
HSE01993,5,1204,69948.51,744.5,388.0,26.4,49.9,4,4966.89,No,Chennai
HSE01994,4,1766,84587.34,632.9,211.8,25.4,37.8,7,4975.06,Yes,Kochi
HSE01995,5,1224,71373.14,840.8,453.6,25.9,53.3,13,5659.41,No,Coimbatore
HSE01996,4,1309,69899.75,745.7,325.7,29.5,58.9,4,5184.38,No,Coimbatore
HSE01997,5,1675,60593.45,903.8,464.1,32.9,65.3,3,5444.92,No,Bangalore
HSE01998,5,1205,39656.89,768.1,216.0,28.8,37.2,9,6367.84,No,Madurai
HSE01999,1,2161,56569.49,676.9,220.3,26.8,74.9,6,4120.59,No,Delhi
HSE02000,2,631,83072.11,597.2,206.8,24.9,72.1,7,5057.61,Yes,Bangalore
HSE02001,5,780,76020.27,749.5,255.5,34.8,66.1,6,6178.96,Yes,Coimbatore
HSE02002,6,1476,68916.61,860.4,259.5,22.0,78.3,8,6820.45,Yes,Delhi
HSE02003,5,1764,21418.27,906.2,462.6,28.3,42.8,13,5996.82,No,Mumbai
HSE02004,3,1110,49967.98,587.8,220.8,32.0,22.5,4,4300.26,No,Salem
HSE02005,2,745,47660.5,679.6,366.3,28.2,72.3,10,4649.59,No,Pune
HSE02006,3,1992,33477.29,588.2,250.0,26.7,33.2,6,4218.82,No,Coimbatore
HSE02007,2,843,82601.19,568.5,165.7,31.1,16.1,10,4552.15,No,Delhi
HSE02008,3,1353,22108.1,634.7,262.6,24.6,33.8,5,4504.39,No,Chennai
HSE02009,5,1791,80143.54,983.5,539.0,22.0,52.6,14,7282.43,No,Salem
HSE02010,5,1001,100032.03,1252.7,525.6,30.4,101.2,14,10685.95,No,Coimbatore
HSE02011,1,920,50044.09,777.3,194.8,25.0,59.2,13,5021.63,No,Chennai
HSE02012,6,951,53190.55,823.4,436.3,29.5,78.0,7,6139.62,No,Hyderabad
HSE02013,3,1606,85007.11,912.1,292.3,28.5,71.4,14,6873.72,No,Coimbatore
HSE02014,4,1677,39004.95,809.0,369.4,30.0,57.6,5,6008.76,Yes,Bangalore
HSE02015,1,1215,74045.71,693.9,280.7,28.1,40.8,14,5584.34,No,Hyderabad
HSE02016,3,2047,36390.83,907.5,315.5,31.2,24.7,15,8158.14,Yes,Hyderabad
HSE02017,3,1214,31800.57,1163.6,389.6,26.2,142.0,9,8686.96,No,Hyderabad
HSE02018,1,1782,62836.05,569.7,301.2,32.1,34.4,5,4331.35,No,Kochi
HSE02019,5,1006,54343.45,743.2,389.1,24.1,40.3,14,5494.13,No,Hyderabad
HSE02020,3,2250,25352.6,1053.6,425.6,33.7,44.7,10,8699.02,No,Madurai
HSE02021,5,1907,103982.55,980.2,321.1,37.2,33.9,11,7634.69,No,Coimbatore
HSE02022,1,1142,45636.62,831.0,233.3,29.4,64.2,15,5466.92,No,Chennai
HSE02023,5,1846,69209.57,1114.9,331.1,35.3,34.2,14,6909.65,No,Delhi
HSE02024,2,1823,113257.69,791.4,321.8,36.3,39.7,4,6840.34,No,Chennai
HSE02025,4,1899,61482.66,736.1,252.0,27.7,32.6,5,5032.38,No,Bangalore
HSE02026,7,400,97545.08,949.1,249.3,29.2,39.2,14,7306.92,No,Madurai
HSE02027,3,1524,37298.71,685.6,265.0,25.7,21.8,15,5865.89,No,Hyderabad
HSE02028,6,1444,104248.41,724.7,343.4,26.0,18.5,9,5314.56,Yes,Bangalore
HSE02029,4,1412,37928.17,1029.3,532.7,29.9,113.4,7,7911.76,No,Pune
HSE02030,7,1298,42534.67,835.0,355.4,22.5,78.3,12,5276.23,No,Coimbatore
HSE02031,5,1312,28580.76,1164.3,543.7,32.3,103.5,9,10082.44,No,Mumbai
HSE02032,3,1777,62061.4,940.1,337.7,29.7,108.8,4,5654.69,No,Coimbatore
HSE02033,5,1443,73057.78,783.1,312.4,31.7,26.8,6,5854.35,No,Chennai
HSE02034,2,1298,77664.4,638.3,299.3,28.3,101.0,3,4780.24,No,Coimbatore
HSE02035,1,1713,28879.14,742.5,347.7,31.7,86.1,7,6349.43,No,Madurai
HSE02036,3,1388,65109.63,733.5,276.8,30.0,39.0,10,4731.6,No,Coimbatore
HSE02037,7,1431,66202.97,955.7,394.8,31.0,58.9,3,6986.43,No,Hyderabad
HSE02038,7,2040,72528.56,1016.2,535.7,32.6,76.8,9,6825.61,No,Chennai
HSE02039,2,1004,38846.0,707.5,311.0,23.9,67.6,9,5030.63,No,Bangalore
HSE02040,2,518,17813.32,530.6,234.9,26.2,44.9,9,4478.02,No,Hyderabad
HSE02041,3,1233,75584.31,770.7,374.1,38.3,53.1,3,4361.78,Yes,Hyderabad
HSE02042,5,1297,51506.59,1003.7,285.6,29.8,62.9,14,8104.15,No,Pune
HSE02043,6,1525,62392.29,864.9,351.9,22.1,38.3,13,6793.72,Yes,Madurai
HSE02044,7,1248,52707.62,757.3,407.3,22.2,67.0,5,6345.79,No,Bangalore
HSE02045,7,1540,61121.23,1011.9,362.8,28.7,30.9,13,7918.02,No,Coimbatore
HSE02046,2,2327,76633.7,716.3,242.5,26.9,102.8,4,4824.31,No,Madurai
HSE02047,4,1561,23847.36,822.0,353.8,25.8,83.8,7,5835.86,No,Salem
HSE02048,2,1640,91908.39,866.2,274.0,36.2,77.7,4,7967.46,No,Hyderabad
HSE02049,6,1142,50671.78,964.0,401.8,27.5,60.5,15,8517.58,No,Hyderabad
HSE02050,5,577,114378.9,659.1,195.6,32.3,55.4,7,4746.09,No,Coimbatore
HSE02051,5,400,44727.04,881.0,373.5,30.0,85.6,7,7921.35,No,Hyderabad
HSE02052,4,967,40472.15,513.2,221.0,27.8,23.3,6,4564.9,No,Bangalore
HSE02053,7,400,51448.46,754.5,283.3,24.4,28.5,13,6677.96,No,Salem
HSE02054,2,1431,68877.35,838.2,305.8,32.1,67.9,9,6800.42,No,Chennai
HSE02055,5,1028,48612.2,716.4,231.9,19.6,47.4,12,6339.37,Yes,Bangalore
HSE02056,6,609,71162.37,869.9,303.8,32.5,33.9,8,7685.16,Yes,Mumbai
HSE02057,3,1259,46206.78,789.1,315.2,29.6,89.3,4,4734.07,No,Bangalore
HSE02058,1,868,55870.4,631.9,204.9,31.5,52.3,6,5587.15,No,Hyderabad
HSE02059,1,1403,150472.75,807.6,391.6,29.0,58.8,15,5554.51,No,Salem
HSE02060,1,1518,64592.82,860.2,398.0,24.1,90.5,13,6503.85,No,Hyderabad
HSE02061,7,884,66967.44,987.0,326.5,30.6,44.5,9,8162.35,No,Madurai
HSE02062,2,1093,28351.41,1048.3,292.7,32.4,133.9,11,8245.44,No,Coimbatore
HSE02063,4,1297,101165.98,778.9,194.8,27.1,24.7,11,6945.02,No,Coimbatore
HSE02064,5,567,88876.03,1110.7,476.5,31.6,89.0,14,8045.69,Yes,Madurai
HSE02065,3,1297,39878.25,746.6,234.0,30.2,35.3,5,5695.81,No,Coimbatore
HSE02066,6,556,88090.07,790.6,200.6,30.8,81.2,3,4663.56,No,Pune
HSE02067,3,1455,63799.4,769.0,275.1,25.6,31.2,11,5588.12,No,Hyderabad
HSE02068,6,1004,56160.87,863.0,464.8,34.1,18.3,10,7254.57,No,Bangalore
HSE02069,7,554,98323.52,1041.4,475.9,30.2,81.8,9,6959.1,No,Delhi
HSE02070,2,939,43676.0,701.1,355.7,32.3,39.1,8,5417.4,Yes,Delhi
HSE02071,1,958,39736.63,571.4,167.7,27.4,18.8,12,3587.15,No,Madurai
HSE02072,2,1681,60384.76,951.1,258.7,32.9,83.9,9,8021.44,No,Chennai
HSE02073,7,1278,69758.28,1011.0,256.2,27.3,55.1,13,5917.78,Yes,Delhi
HSE02074,4,770,84959.56,702.1,376.8,25.4,39.1,11,5706.47,Yes,Bangalore
HSE02075,4,1942,51387.98,986.3,335.4,36.1,60.6,8,6792.53,Yes,Delhi
HSE02076,7,1482,37522.33,830.5,322.1,19.5,44.3,12,5433.37,No,Coimbatore
HSE02077,6,1049,171603.86,1060.8,390.8,41.0,41.1,5,8887.99,No,Hyderabad
HSE02078,5,501,33729.26,1014.7,476.0,31.8,76.3,15,7423.68,No,Chennai
HSE02079,5,1009,56381.23,694.0,238.0,27.7,55.5,5,5508.16,No,Bangalore
HSE02080,6,1101,78116.45,745.9,306.3,30.3,29.9,6,6005.29,Yes,Delhi
HSE02081,4,1366,92327.16,970.1,532.3,31.8,48.2,12,7853.05,No,Chennai
HSE02082,4,1473,42610.94,937.6,359.3,27.7,75.6,15,7553.39,No,Delhi
HSE02083,4,1563,23656.08,818.4,339.9,37.1,24.1,12,6640.12,No,Hyderabad
HSE02084,2,475,42170.2,757.1,303.4,34.9,93.8,10,5875.78,No,Coimbatore
HSE02085,4,1294,81038.82,907.8,445.7,39.9,54.4,12,6223.53,No,Bangalore
HSE02086,3,1128,73274.06,610.0,201.3,24.1,51.9,11,4176.3,Yes,Kochi
HSE02087,1,2405,74357.78,755.6,227.5,29.9,53.5,10,6738.21,No,Salem
HSE02088,4,1229,75760.88,1088.7,518.5,23.5,116.5,13,9799.61,No,Bangalore
HSE02089,6,920,100521.45,822.0,308.0,24.6,48.4,12,5929.79,No,Coimbatore
HSE02090,1,1250,38790.81,488.2,255.9,27.7,39.4,4,2747.22,Yes,Coimbatore
HSE02091,2,1196,32081.49,505.8,224.2,27.8,44.8,6,3289.38,No,Pune
HSE02092,6,400,64978.04,839.9,352.2,30.5,81.7,6,6688.41,Yes,Delhi
HSE02093,1,1384,34312.07,697.9,189.2,28.6,69.5,14,4811.27,No,Chennai
HSE02094,6,1060,31184.5,787.5,369.4,32.2,48.8,4,6463.4,No,Bangalore
HSE02095,2,1188,95403.49,1283.1,584.9,30.3,148.9,15,10837.31,Yes,Kochi
HSE02096,3,807,61558.94,909.5,402.0,35.6,66.3,10,7905.61,No,Bangalore
HSE02097,2,708,55709.75,527.8,174.4,32.3,27.5,5,3062.55,No,Pune
HSE02098,2,1595,56233.15,508.6,271.6,24.3,11.5,4,4125.38,Yes,Chennai
HSE02099,6,1699,52434.81,954.4,330.7,28.4,70.0,9,8020.09,No,Delhi
HSE02100,7,1388,95115.46,746.5,220.7,28.7,41.1,3,4384.71,No,Hyderabad
HSE02101,5,400,27820.02,760.6,415.4,30.8,17.9,8,5591.38,Yes,Mumbai
HSE02102,4,1417,27306.44,890.8,422.1,33.3,45.7,15,7018.97,Yes,Mumbai
HSE02103,4,400,36088.04,862.4,322.9,30.1,72.7,15,7920.79,No,Hyderabad
HSE02104,3,902,62643.25,669.3,355.2,31.3,43.8,5,4295.67,No,Hyderabad
HSE02105,3,1590,123932.6,754.4,209.2,24.5,47.4,15,4729.25,No,Chennai
HSE02106,4,1496,81322.36,642.3,177.5,27.2,10.7,5,4859.05,Yes,Salem
HSE02107,5,1406,71803.44,748.6,340.4,21.4,70.1,7,6484.44,No,Madurai
HSE02108,4,1791,53058.39,747.0,226.6,30.8,15.2,5,6762.46,No,Hyderabad
HSE02109,7,1452,30195.55,1081.1,567.7,32.4,33.7,14,7139.1,No,Coimbatore
HSE02110,5,400,69343.93,607.5,305.0,23.7,57.2,6,4119.98,No,Chennai
HSE02111,3,1034,136868.19,892.2,305.1,29.6,29.5,15,7767.88,No,Kochi
HSE02112,1,1181,49368.24,651.0,336.3,28.6,33.4,15,5145.0,No,Madurai
HSE02113,6,1129,42735.51,1010.1,265.5,35.8,55.7,5,8972.65,Yes,Chennai
HSE02114,7,922,49475.31,942.4,390.7,25.4,58.3,9,8240.62,No,Pune
HSE02115,7,736,72039.98,971.8,515.7,32.7,49.7,5,6042.32,No,Mumbai
HSE02116,3,2280,57836.02,877.5,444.6,33.6,9.9,12,7461.42,No,Bangalore
HSE02117,3,1025,82834.08,479.8,171.2,28.2,12.8,6,3095.58,No,Hyderabad
HSE02118,2,2258,54178.29,997.8,304.2,30.2,81.7,4,8101.08,No,Delhi
HSE02119,7,686,49347.05,773.6,242.3,33.3,38.5,4,5675.82,No,Coimbatore
HSE02120,2,1496,60970.24,1006.5,407.0,24.6,163.1,11,9077.49,No,Chennai
HSE02121,2,1303,43141.69,760.1,326.1,27.3,55.8,13,6887.38,Yes,Coimbatore
HSE02122,6,785,120382.89,924.0,240.1,29.7,132.5,3,5797.01,Yes,Madurai
HSE02123,2,990,79657.38,703.0,263.0,37.3,43.4,3,4299.69,No,Mumbai
HSE02124,5,1193,33530.95,771.7,385.2,27.4,35.6,12,6080.34,No,Hyderabad
HSE02125,4,820,39320.32,661.7,253.6,27.9,70.6,3,5580.18,No,Delhi
HSE02126,1,1085,70932.93,857.1,257.8,35.2,91.0,5,7279.89,Yes,Salem
HSE02127,3,400,59729.5,618.4,331.7,31.7,43.5,4,5544.82,No,Chennai
HSE02128,5,1520,63020.71,990.8,326.8,37.7,69.3,5,8068.72,Yes,Coimbatore
HSE02129,1,1752,50444.61,647.8,317.1,33.4,15.2,7,4407.94,No,Chennai
HSE02130,7,1404,67502.26,901.3,277.7,28.4,27.5,11,5550.54,No,Madurai
HSE02131,7,2219,50981.38,942.5,355.3,27.8,61.7,4,6271.44,No,Bangalore
HSE02132,7,1507,70870.48,962.0,382.0,25.7,38.7,14,7505.45,No,Pune
HSE02133,5,1714,77882.08,943.8,377.7,23.8,57.1,13,7868.1,No,Chennai
HSE02134,5,1757,113337.07,841.4,340.7,30.4,62.3,3,5864.29,Yes,Hyderabad
HSE02135,3,400,43628.85,843.7,267.9,31.5,68.7,13,7024.47,No,Coimbatore
HSE02136,4,1391,54725.5,875.6,354.4,32.0,80.7,8,6353.95,No,Bangalore
HSE02137,2,578,31778.55,601.3,237.2,28.5,81.8,5,4190.67,No,Chennai
HSE02138,7,669,125104.68,945.2,295.5,36.7,23.7,15,7136.48,No,Mumbai
HSE02139,6,747,22609.35,681.9,372.6,23.6,44.0,9,4806.63,No,Pune
HSE02140,4,1059,117287.06,730.9,372.5,23.1,43.2,8,6575.67,No,Madurai
HSE02141,6,1493,57362.71,974.2,503.0,25.7,46.8,13,7299.19,No,Chennai
HSE02142,3,1395,66395.27,660.2,300.8,29.0,41.0,9,4297.78,No,Pune
HSE02143,3,1194,51048.8,808.4,240.9,24.6,48.6,15,7266.13,Yes,Madurai
HSE02144,3,1525,55775.15,886.6,372.8,34.4,32.8,15,7938.13,No,Coimbatore
HSE02145,1,1553,71662.76,653.6,324.5,26.0,77.8,7,4952.36,Yes,Mumbai
HSE02146,6,1399,26333.5,672.1,175.8,25.3,62.4,3,4401.1,Yes,Mumbai
HSE02147,4,424,41012.48,696.2,277.6,33.2,32.6,5,4404.39,No,Chennai
HSE02148,4,867,37602.01,588.0,216.9,29.8,49.2,5,3874.49,Yes,Coimbatore
HSE02149,5,1212,67266.7,1116.3,350.1,32.1,125.3,9,7151.13,Yes,Chennai
HSE02150,5,1530,55108.17,828.1,301.0,28.8,24.6,15,7374.8,No,Mumbai
HSE02151,7,602,72637.14,778.0,424.0,30.1,28.1,5,4992.41,No,Chennai
HSE02152,5,1195,59233.18,888.9,415.1,23.3,79.8,13,6849.7,Yes,Chennai
HSE02153,3,495,88561.58,795.6,270.4,28.4,110.5,7,6396.32,No,Delhi
HSE02154,4,1662,39417.5,744.6,321.4,24.8,58.5,6,6443.2,No,Bangalore
HSE02155,6,1309,56458.35,976.8,316.5,36.8,51.1,6,6216.55,No,Coimbatore
HSE02156,3,594,90608.38,764.3,331.1,34.2,21.6,15,5561.96,Yes,Bangalore
HSE02157,1,591,82808.43,493.3,255.9,26.4,36.7,9,3412.98,No,Salem
HSE02158,5,1374,28261.29,649.5,270.9,28.2,35.6,3,3840.87,No,Chennai
HSE02159,3,1819,34737.97,654.4,307.6,28.4,37.0,9,4411.35,No,Chennai
HSE02160,3,706,53012.47,687.1,265.2,37.6,30.2,10,5362.52,No,Chennai
HSE02161,1,1554,49484.36,602.0,245.2,30.6,20.7,5,3627.99,Yes,Chennai
HSE02162,2,956,53404.29,615.0,282.0,27.3,71.0,5,4362.74,No,Mumbai
HSE02163,4,1570,78698.08,772.8,381.5,29.6,60.6,6,5175.99,Yes,Salem
HSE02164,6,1507,62649.49,737.2,330.1,22.9,20.7,15,6434.69,No,Mumbai
HSE02165,7,1270,64315.08,785.2,426.6,28.7,49.6,8,5863.93,Yes,Bangalore
HSE02166,2,400,74374.21,454.3,225.3,24.7,40.0,9,4122.01,No,Bangalore
HSE02167,5,1507,89184.89,928.3,448.5,21.6,117.9,3,6302.45,No,Coimbatore
HSE02168,3,1426,13903.32,1102.2,555.0,36.9,95.8,15,9183.75,No,Coimbatore
HSE02169,1,1385,46217.17,861.7,288.1,28.9,117.5,6,6230.09,No,Pune
HSE02170,1,1288,36965.97,619.3,235.1,25.9,36.4,14,4198.22,No,Hyderabad
HSE02171,4,805,68116.91,565.5,237.1,22.2,13.8,9,4692.38,Yes,Coimbatore
HSE02172,2,1687,44673.76,702.6,273.1,28.1,23.2,13,5917.2,No,Chennai
HSE02173,7,1604,56909.99,742.0,374.1,28.4,36.8,4,6754.45,No,Bangalore
HSE02174,4,716,80704.76,621.4,160.4,32.1,41.8,3,5126.77,No,Pune
HSE02175,3,1791,41929.49,996.1,311.5,25.2,119.0,3,6503.57,No,Hyderabad
HSE02176,4,1259,64754.31,1028.9,529.4,26.9,77.5,12,6995.31,Yes,Pune
HSE02177,6,1258,110670.32,877.4,234.9,25.3,60.6,8,6524.4,No,Mumbai
HSE02178,1,1121,79962.69,857.5,272.8,28.1,96.6,14,5457.48,No,Coimbatore
HSE02179,1,1165,26943.27,565.5,201.0,21.0,66.7,7,4664.98,No,Salem
HSE02180,5,1817,48233.18,850.9,404.4,25.8,74.9,3,6225.49,No,Chennai
HSE02181,5,1665,64550.67,943.5,394.4,31.5,40.0,12,8357.96,No,Chennai
HSE02182,7,1655,70533.37,757.9,406.5,24.1,17.8,5,5894.25,No,Pune
HSE02183,3,1283,49095.93,786.5,250.4,33.0,15.3,13,5801.65,No,Chennai
HSE02184,6,1600,41240.81,844.0,431.8,32.5,15.5,9,4957.41,No,Bangalore
HSE02185,2,825,56702.97,779.9,261.2,32.8,70.5,14,4732.82,No,Kochi
HSE02186,4,1463,33724.85,753.5,243.9,29.0,28.8,11,6395.62,No,Mumbai
HSE02187,7,1131,90216.61,1039.3,415.2,28.6,40.2,15,9379.8,No,Bangalore
HSE02188,3,400,127515.72,600.7,163.0,30.3,19.5,11,4685.39,No,Delhi
HSE02189,5,486,65689.92,954.6,348.7,34.3,89.6,8,8039.4,Yes,Kochi
HSE02190,4,902,49537.79,725.8,258.9,33.9,48.1,5,5428.74,No,Bangalore
HSE02191,5,1387,83993.43,589.9,175.8,22.4,55.5,3,5199.4,Yes,Mumbai
HSE02192,4,902,77843.57,637.2,323.8,25.5,58.8,5,4503.67,No,Salem
HSE02193,2,934,48586.22,625.1,228.6,24.8,63.0,12,4649.43,No,Salem
HSE02194,3,1543,53828.53,794.7,432.8,31.9,92.2,4,5944.16,No,Hyderabad
HSE02195,4,950,41806.12,942.0,489.8,26.3,71.9,13,7214.52,No,Coimbatore
HSE02196,6,1799,59230.78,791.8,244.2,28.2,25.4,7,5505.88,No,Delhi
HSE02197,7,1724,62918.63,981.3,394.0,35.8,27.9,10,7687.71,No,Chennai
HSE02198,1,1210,38716.8,1213.0,522.2,33.5,180.0,7,9220.95,Yes,Delhi
HSE02199,6,1539,33910.64,1053.8,522.4,34.5,83.0,3,6740.93,No,Bangalore
HSE02200,6,1478,30284.2,1091.1,562.7,26.1,151.0,5,8961.57,Yes,Delhi
HSE02201,7,1089,66338.72,837.0,365.9,18.0,42.0,14,6625.23,No,Bangalore
HSE02202,1,1588,54716.54,814.0,212.1,27.4,110.3,7,7015.96,No,Madurai
HSE02203,6,1654,52969.95,840.8,331.6,23.2,64.3,9,6423.36,Yes,Coimbatore
HSE02204,4,771,67786.96,639.1,329.4,21.2,57.6,7,4193.13,No,Coimbatore
HSE02205,4,1269,36667.85,890.8,413.5,33.5,49.3,12,6217.88,No,Pune
HSE02206,4,1264,33978.21,794.7,406.1,25.4,76.8,7,4957.7,No,Bangalore
HSE02207,1,1582,61302.46,771.2,348.8,25.8,65.9,9,6294.85,No,Hyderabad
HSE02208,6,1000,25265.19,980.5,258.1,27.5,43.5,15,6017.72,No,Madurai
HSE02209,1,931,48949.55,644.7,348.4,35.6,33.6,10,4588.3,Yes,Mumbai
HSE02210,4,1276,166873.17,819.9,430.8,28.4,44.3,10,4840.87,No,Delhi
HSE02211,7,1732,29978.83,958.1,275.9,32.8,48.5,9,5624.09,No,Coimbatore
HSE02212,6,660,45329.1,892.5,253.3,27.7,37.9,15,7682.41,Yes,Delhi
HSE02213,6,739,21158.28,591.9,243.7,22.7,27.3,5,5022.63,No,Bangalore
HSE02214,5,966,49509.05,831.0,396.5,24.2,50.5,13,6144.48,No,Hyderabad
HSE02215,5,1046,133256.33,738.5,269.3,29.0,61.5,4,4793.35,Yes,Pune
HSE02216,2,405,67859.95,666.6,193.9,29.4,56.9,3,5684.62,No,Hyderabad
HSE02217,3,1874,41726.34,687.1,277.0,31.2,22.9,8,5873.67,No,Salem
HSE02218,5,1141,146784.86,1247.6,438.2,31.2,117.1,15,10867.54,No,Pune
HSE02219,1,1074,25110.21,920.2,327.2,32.6,133.3,11,6860.7,No,Delhi
HSE02220,5,1930,67464.91,898.8,398.6,25.9,69.8,5,5850.94,No,Mumbai
HSE02221,2,1523,56630.29,937.8,483.6,36.3,77.9,7,5788.5,No,Bangalore
HSE02222,6,959,49213.7,1021.0,426.3,36.7,55.8,11,8951.4,No,Coimbatore
HSE02223,2,1274,79085.09,705.4,321.9,26.9,59.6,11,6170.63,No,Coimbatore
HSE02224,6,1181,32312.12,722.6,323.7,25.8,14.7,9,5115.67,No,Coimbatore
HSE02225,7,1852,63308.11,844.3,350.7,21.9,45.9,6,5837.93,No,Salem
HSE02226,7,1125,59792.45,1108.0,380.3,29.7,46.3,13,8698.54,No,Bangalore
HSE02227,6,551,37165.37,933.3,339.1,30.8,131.0,4,7926.32,No,Delhi
HSE02228,3,400,132268.14,451.5,155.6,26.7,40.6,4,3676.88,No,Mumbai
HSE02229,5,1864,50678.74,1104.3,580.0,30.1,116.0,6,8530.52,No,Mumbai
HSE02230,1,845,51673.26,396.2,197.3,23.4,49.3,3,2673.8,No,Mumbai
HSE02231,1,1502,34635.48,643.5,272.7,32.9,37.1,6,4428.9,No,Bangalore
HSE02232,4,1232,51102.32,812.5,425.5,26.9,15.4,14,6972.92,No,Madurai
HSE02233,6,1013,157271.37,774.9,399.8,30.2,59.0,13,6527.51,No,Madurai
HSE02234,1,1083,49087.91,524.5,277.1,29.8,29.8,8,3331.54,Yes,Delhi
HSE02235,3,1913,69459.86,463.7,146.8,21.2,16.9,8,3119.86,No,Kochi
HSE02236,6,548,84358.85,826.0,384.3,32.3,69.5,9,6471.31,No,Coimbatore
HSE02237,3,1026,50688.66,839.2,363.2,25.9,60.4,7,5703.92,No,Coimbatore
HSE02238,1,1608,45742.03,833.0,391.6,29.8,63.5,11,6349.49,No,Mumbai
HSE02239,1,623,68023.41,471.2,155.0,23.4,49.0,4,3889.28,Yes,Kochi
HSE02240,4,1793,49341.57,674.1,309.0,27.1,31.6,4,5836.36,No,Bangalore
HSE02241,1,1602,47370.65,640.5,238.9,30.5,24.9,6,5052.9,No,Mumbai
HSE02242,6,1322,83955.23,833.8,417.1,24.7,107.9,6,5823.33,Yes,Coimbatore
HSE02243,7,974,53308.34,924.0,451.5,24.9,72.8,6,6651.21,No,Salem
HSE02244,6,565,94944.37,749.8,235.0,29.5,83.7,3,4859.31,No,Pune
HSE02245,6,1518,52771.23,795.2,242.7,28.3,44.6,6,6851.8,No,Bangalore
HSE02246,4,2437,30404.64,1014.2,471.9,30.4,29.2,14,8347.24,Yes,Salem
HSE02247,4,1266,11772.02,684.6,284.2,27.5,27.2,7,4902.73,No,Coimbatore
HSE02248,1,400,24050.75,639.4,266.7,31.6,51.1,11,4458.39,No,Hyderabad
HSE02249,2,1406,25988.42,454.8,216.4,26.7,30.0,5,2813.19,No,Coimbatore
HSE02250,2,1587,62008.73,596.9,302.3,31.4,13.6,5,4636.39,No,Bangalore
HSE02251,4,787,35524.89,769.7,247.6,25.4,67.5,7,5095.56,No,Chennai
HSE02252,1,910,22623.16,704.8,293.7,26.6,83.7,12,5465.11,Yes,Bangalore
HSE02253,2,864,51853.67,723.9,361.0,31.9,34.6,8,5617.89,No,Madurai
HSE02254,1,961,33801.68,350.2,179.2,26.9,16.4,5,2595.17,Yes,Bangalore
HSE02255,1,1123,67743.45,475.9,160.0,24.3,53.8,3,4113.54,No,Bangalore
HSE02256,1,813,66990.72,851.0,239.3,35.9,44.2,12,6077.95,Yes,Delhi
HSE02257,5,644,70257.85,696.6,222.8,28.9,38.6,10,5965.57,Yes,Delhi
HSE02258,6,1278,17393.68,1118.3,596.8,30.9,62.7,14,6779.59,No,Salem
HSE02259,1,1118,56135.44,543.4,211.2,20.0,52.2,3,3347.09,No,Mumbai
HSE02260,5,1004,52075.89,845.4,317.5,34.3,61.4,4,6029.31,No,Pune
HSE02261,4,1237,31740.49,843.1,214.1,39.6,50.8,5,6422.65,No,Bangalore
HSE02262,2,516,21020.31,552.5,146.6,34.0,29.9,8,3231.78,No,Chennai
HSE02263,6,1318,52374.77,941.2,424.1,34.5,28.5,6,6889.24,Yes,Bangalore
HSE02264,7,1013,88782.13,906.7,387.1,27.4,49.0,6,6236.09,No,Bangalore
HSE02265,2,1308,17210.89,958.4,405.1,30.0,80.3,11,7949.12,No,Bangalore
HSE02266,6,1380,37814.73,912.4,258.3,31.0,51.6,8,7069.21,No,Delhi
HSE02267,7,1709,58353.77,1045.8,371.9,26.2,32.2,14,8018.47,Yes,Bangalore
HSE02268,2,1246,91244.91,612.4,302.3,28.5,53.7,4,5390.2,No,Salem
HSE02269,6,1680,47787.59,827.8,250.4,25.0,55.0,9,6797.36,No,Salem
HSE02270,2,1055,131142.5,777.6,400.3,27.4,30.1,15,5644.06,No,Hyderabad
HSE02271,2,1077,24518.92,1037.7,297.2,32.4,132.2,5,7938.18,No,Mumbai
HSE02272,7,1159,22191.54,863.7,259.8,21.9,78.0,11,6617.77,Yes,Bangalore
HSE02273,2,1548,86947.54,687.0,270.2,32.8,44.7,8,4242.41,No,Bangalore
HSE02274,2,1484,19106.0,901.8,481.2,22.7,126.7,10,5672.12,Yes,Salem
HSE02275,7,1261,67695.71,1135.7,396.2,29.2,59.2,15,7785.36,No,Coimbatore
HSE02276,4,648,48172.75,777.9,348.1,29.6,56.4,15,6548.64,No,Bangalore
HSE02277,1,1476,36667.21,792.9,338.3,31.3,102.0,3,5498.48,No,Coimbatore
HSE02278,3,812,45391.87,643.2,189.7,28.3,78.3,4,3912.37,No,Delhi
HSE02279,5,788,30791.87,794.7,257.8,24.8,64.1,8,5398.98,No,Chennai
HSE02280,3,688,47659.54,523.5,277.0,29.7,37.9,5,4023.38,No,Madurai
HSE02281,3,1163,55432.82,808.6,247.0,37.7,48.6,3,6354.34,Yes,Bangalore
HSE02282,6,1745,45605.73,892.3,409.1,28.9,44.2,8,6973.71,No,Madurai
HSE02283,1,766,42271.45,389.1,209.9,25.5,32.6,7,2734.21,No,Salem
HSE02284,6,1955,61663.66,1390.4,397.4,27.1,156.2,15,12096.29,No,Pune
HSE02285,1,1609,116063.85,701.3,259.3,29.6,78.7,11,4959.75,No,Mumbai
HSE02286,7,541,48790.79,746.5,236.8,27.9,43.2,8,5384.95,No,Coimbatore
HSE02287,7,1028,79545.48,897.6,284.1,27.4,60.5,7,8075.67,No,Madurai
HSE02288,1,732,35607.4,424.7,121.3,34.3,44.5,3,3714.36,No,Pune
HSE02289,2,1499,30174.48,409.5,182.2,31.1,29.4,3,3451.87,No,Chennai
HSE02290,4,755,67445.85,516.2,244.6,28.5,13.4,13,4462.53,No,Hyderabad
HSE02291,2,470,49513.37,630.5,285.6,28.6,63.5,3,5041.65,No,Coimbatore
HSE02292,4,1053,91433.05,772.2,407.3,29.7,49.6,9,5174.34,No,Delhi
HSE02293,6,1726,99860.46,1048.0,307.8,31.2,91.0,8,7543.75,No,Coimbatore
HSE02294,4,1113,80231.91,833.9,288.5,34.1,34.9,7,6433.09,No,Delhi
HSE02295,6,1379,79451.31,922.4,326.0,27.4,91.0,6,7280.62,No,Delhi
HSE02296,7,1397,11774.31,1125.5,359.7,25.0,96.9,13,8056.64,No,Bangalore
HSE02297,3,519,67179.51,632.4,185.1,26.8,17.6,15,5602.35,No,Madurai
HSE02298,7,795,81095.63,1004.1,397.6,25.5,84.1,15,7447.44,No,Pune
HSE02299,7,1203,31032.37,1006.6,503.6,22.9,76.3,13,6806.89,Yes,Hyderabad
HSE02300,3,949,55217.55,856.4,459.3,34.6,46.7,10,4774.79,No,Madurai
HSE02301,4,1967,34401.68,1116.4,322.4,32.4,90.1,13,9748.63,No,Kochi
HSE02302,4,647,87331.65,671.6,333.7,19.9,82.1,10,5490.0,No,Delhi
HSE02303,6,791,35770.88,789.1,392.5,29.9,52.7,7,6272.7,No,Coimbatore
HSE02304,2,1331,38495.65,368.8,135.2,27.5,17.0,6,3048.01,Yes,Hyderabad
HSE02305,6,917,44634.66,716.3,202.7,27.0,42.0,4,5958.82,No,Kochi
HSE02306,2,400,151345.88,477.9,261.4,19.1,84.7,9,4101.46,No,Mumbai
HSE02307,7,2071,86438.72,1059.6,473.3,28.9,58.6,7,7849.3,No,Mumbai
HSE02308,3,717,113636.52,567.9,309.3,29.3,37.1,5,4360.87,No,Salem
HSE02309,7,1452,24323.17,926.0,365.9,24.3,50.6,11,5865.58,No,Coimbatore
HSE02310,1,636,31067.14,774.2,285.3,35.5,52.6,11,6775.75,No,Coimbatore
HSE02311,4,812,100453.41,726.7,235.6,32.2,28.8,13,6502.54,No,Madurai
HSE02312,2,470,24909.78,598.2,326.1,24.7,36.4,13,4829.67,No,Coimbatore
HSE02313,6,866,40653.11,1289.2,420.2,33.1,149.7,12,9553.43,No,Bangalore
HSE02314,3,910,138689.38,597.9,153.7,27.1,6.6,13,4271.71,Yes,Madurai
HSE02315,2,1140,35650.89,705.8,285.0,33.2,50.3,10,5290.61,No,Delhi
HSE02316,6,1032,24237.1,813.5,295.4,23.2,84.7,3,5464.53,Yes,Delhi
HSE02317,4,551,56187.63,857.2,281.5,29.7,49.8,14,6671.18,No,Delhi
HSE02318,7,964,24691.25,703.9,310.0,24.1,34.0,5,4679.57,No,Bangalore
HSE02319,4,1851,95975.77,618.0,222.0,25.7,40.1,4,5547.16,No,Hyderabad
HSE02320,5,1798,36768.69,948.5,351.6,21.3,128.8,6,7133.73,Yes,Mumbai
HSE02321,1,1405,33598.31,576.4,148.1,24.1,71.4,4,5197.26,No,Bangalore
HSE02322,5,1498,55732.04,990.8,422.8,24.0,69.0,14,7839.72,No,Pune
HSE02323,3,2127,45848.21,720.0,206.4,23.5,46.6,13,4966.24,No,Bangalore
HSE02324,2,1457,61614.07,739.1,232.2,29.8,56.8,10,5017.17,No,Coimbatore
HSE02325,3,1490,69547.51,455.7,212.0,21.9,25.8,3,4202.98,Yes,Chennai
HSE02326,7,496,49876.69,1060.3,364.7,30.2,133.0,6,8849.93,No,Bangalore
HSE02327,6,699,32612.03,825.9,246.9,33.0,74.1,7,5603.74,Yes,Madurai
HSE02328,4,1185,76406.05,769.0,325.5,25.4,50.0,12,4770.51,No,Bangalore
HSE02329,5,837,40257.6,721.6,226.9,28.7,54.5,6,5862.26,Yes,Coimbatore
HSE02330,5,751,37197.56,752.9,249.4,27.7,65.6,10,4981.56,No,Chennai
HSE02331,7,803,58646.65,673.0,293.7,27.4,25.6,4,4442.35,Yes,Mumbai
HSE02332,5,559,23090.82,571.7,269.8,18.8,41.4,11,4429.15,No,Chennai
HSE02333,7,844,65577.16,679.3,320.6,24.5,26.2,4,5370.49,No,Coimbatore
HSE02334,3,1353,60064.93,770.5,304.1,34.8,73.8,4,5629.44,No,Delhi
HSE02335,4,2008,91117.7,922.7,356.4,30.3,20.6,15,8027.73,No,Pune
HSE02336,2,1559,43910.64,504.9,245.5,28.0,27.3,4,3869.49,Yes,Kochi
HSE02337,6,1486,99833.86,930.3,286.4,20.9,79.2,14,8123.71,No,Kochi
HSE02338,2,469,69802.69,741.2,219.1,31.4,56.9,12,4813.66,Yes,Bangalore
HSE02339,3,1254,54340.95,954.5,429.0,25.4,120.8,10,6500.77,Yes,Pune
HSE02340,6,1170,124567.33,669.2,249.5,24.1,41.1,5,3971.67,No,Mumbai
HSE02341,5,1331,57407.73,799.6,370.2,24.5,45.4,12,5474.61,No,Coimbatore
HSE02342,1,1038,43556.89,813.2,265.9,31.0,106.7,13,7456.15,No,Bangalore
HSE02343,3,1948,58152.05,1111.6,386.2,28.7,91.6,12,10089.48,No,Coimbatore
HSE02344,3,1224,43154.95,958.8,497.6,32.5,80.1,10,8007.21,Yes,Coimbatore
HSE02345,4,1268,65070.69,846.5,318.7,33.5,31.0,9,6349.07,No,Coimbatore
HSE02346,2,400,99647.85,442.0,188.9,26.0,32.7,12,3787.93,No,Salem
HSE02347,3,1152,54802.26,629.2,177.4,28.8,47.7,6,4699.84,No,Kochi
HSE02348,3,1717,57276.82,751.7,228.3,27.8,46.9,9,4464.25,Yes,Hyderabad
HSE02349,5,1450,78756.22,657.3,171.4,23.6,31.4,13,4799.15,No,Chennai
HSE02350,5,400,93840.0,709.8,267.8,24.1,40.0,10,5697.65,No,Coimbatore
HSE02351,6,998,44864.52,920.2,503.1,28.3,48.5,8,6395.23,Yes,Hyderabad
HSE02352,7,1979,59435.07,1262.0,646.3,28.8,88.8,8,8335.43,No,Mumbai
HSE02353,7,1132,78913.41,932.6,410.2,28.8,102.5,5,6673.29,No,Pune
HSE02354,1,1345,63803.73,709.3,360.6,28.8,72.4,7,5657.07,No,Coimbatore
HSE02355,7,1929,23793.04,1004.8,430.3,25.7,18.5,12,6533.22,No,Bangalore
HSE02356,4,1130,85589.3,942.6,339.9,37.5,95.4,4,7737.39,No,Salem
HSE02357,1,1556,69590.62,829.9,250.7,29.9,72.6,14,5804.52,No,Coimbatore
HSE02358,6,1385,71852.12,798.8,356.2,26.7,81.8,7,5478.59,No,Bangalore
HSE02359,5,1481,32164.56,876.3,269.8,30.6,32.6,7,7370.1,No,Chennai
HSE02360,7,1371,58903.98,1077.7,404.4,25.6,108.9,9,8094.0,No,Coimbatore
HSE02361,2,954,80385.88,545.0,271.3,29.1,44.4,6,3994.84,No,Kochi
HSE02362,5,998,37005.7,862.2,249.0,30.6,31.1,13,7324.42,Yes,Delhi
HSE02363,4,815,41599.5,849.0,245.1,31.2,76.1,8,6044.66,No,Bangalore
HSE02364,5,462,81008.07,708.8,224.9,24.0,48.0,11,6095.32,No,Bangalore
HSE02365,4,1760,40737.01,1033.7,429.6,41.1,71.3,6,7788.85,No,Kochi
HSE02366,4,1205,50074.11,1010.0,328.8,33.7,39.8,13,6693.22,No,Coimbatore
HSE02367,4,1737,34527.45,862.7,345.9,37.1,24.4,8,6509.54,No,Coimbatore
HSE02368,6,1904,124749.23,1132.3,385.7,28.0,39.2,15,7356.0,No,Madurai
HSE02369,4,1224,69519.93,840.6,337.8,30.0,21.0,14,5245.18,Yes,Kochi
HSE02370,4,609,49028.68,849.8,283.2,29.1,72.7,11,5223.8,Yes,Pune
HSE02371,2,1112,45072.14,564.1,306.9,26.8,8.0,12,3581.5,No,Mumbai
HSE02372,1,898,31644.65,952.3,378.8,32.0,92.0,14,7808.04,No,Chennai
HSE02373,3,400,52341.43,403.1,190.7,25.5,22.1,3,3628.21,Yes,Madurai
HSE02374,1,974,74188.51,732.6,337.1,31.8,85.6,10,6420.18,Yes,Hyderabad
HSE02375,4,1168,38203.11,633.2,251.5,27.0,67.7,3,4396.31,Yes,Chennai
HSE02376,2,911,57675.17,537.7,173.0,30.6,11.5,6,4469.77,No,Bangalore
HSE02377,5,853,46619.15,758.8,306.0,34.8,55.6,5,4910.75,No,Coimbatore
HSE02378,2,625,102348.67,465.5,211.5,28.5,20.1,6,3580.46,No,Chennai
HSE02379,4,1288,41298.19,935.6,363.0,32.1,55.8,9,8214.5,No,Chennai
HSE02380,2,2041,78026.88,841.8,231.1,27.0,33.0,15,5068.66,No,Coimbatore
HSE02381,7,1775,102991.18,782.4,199.8,24.3,11.7,11,6931.35,No,Coimbatore
HSE02382,2,1494,46415.08,1015.5,353.8,35.6,65.8,11,8947.96,No,Chennai
HSE02383,4,1504,42202.24,950.2,280.4,32.0,47.0,12,7889.57,No,Coimbatore
HSE02384,6,1140,83308.39,823.9,430.0,28.5,49.8,3,6969.69,Yes,Coimbatore
HSE02385,7,400,24674.8,645.2,195.3,31.8,13.4,12,5033.95,No,Coimbatore
HSE02386,2,1034,66759.78,409.1,150.7,24.9,12.3,3,3561.71,No,Chennai
HSE02387,3,764,27070.33,783.8,363.4,30.8,41.6,11,6587.41,No,Bangalore
HSE02388,3,1270,95337.04,937.7,463.8,29.9,84.3,6,6632.16,No,Mumbai
HSE02389,2,1755,49101.51,864.3,339.9,31.6,73.5,14,6407.64,No,Bangalore
HSE02390,6,2088,52798.51,1320.7,401.9,35.6,64.6,15,9217.8,No,Coimbatore
HSE02391,5,1229,39702.77,1122.3,371.8,34.8,99.3,5,10445.06,No,Madurai
HSE02392,4,450,26980.51,528.2,198.4,23.4,34.2,15,4640.01,No,Hyderabad
HSE02393,3,1228,97219.41,747.6,268.7,21.0,66.8,11,5867.46,No,Pune
HSE02394,5,1240,50925.17,749.6,265.8,30.0,16.1,7,6138.62,No,Delhi
HSE02395,2,1505,233056.07,1145.9,331.8,29.7,154.9,14,10046.42,No,Chennai
HSE02396,5,1191,38196.79,647.4,339.2,24.5,30.4,8,4355.3,Yes,Mumbai
HSE02397,7,1230,41112.85,850.8,220.3,25.2,63.9,3,6785.26,Yes,Mumbai
HSE02398,1,916,36729.25,641.8,245.2,25.9,119.5,3,4973.96,No,Bangalore
HSE02399,3,1060,50808.36,861.3,468.6,34.3,39.0,15,7234.87,No,Delhi
HSE02400,2,1431,111740.73,793.7,355.5,27.1,63.0,9,5677.61,Yes,Pune
HSE02401,4,400,86651.56,792.8,282.7,23.0,55.0,12,6140.8,No,Bangalore
HSE02402,6,1057,27946.28,871.0,255.9,28.7,37.8,10,5970.51,No,Coimbatore
HSE02403,7,1510,94555.52,984.8,531.0,29.0,32.9,13,6251.7,Yes,Bangalore
HSE02404,2,1938,74782.9,614.7,156.3,24.9,21.8,10,4043.18,No,Coimbatore
HSE02405,4,1021,68303.27,693.5,315.1,31.4,4.9,15,4648.41,No,Coimbatore
HSE02406,6,1733,40424.05,1067.9,548.9,33.5,44.6,9,6351.43,Yes,Bangalore
HSE02407,6,1961,41799.05,982.5,253.0,27.6,30.9,15,7194.28,No,Chennai
HSE02408,2,1027,58499.22,672.5,314.4,23.0,29.6,13,5558.5,No,Madurai
HSE02409,7,949,42880.19,949.7,522.0,27.9,69.5,11,5912.62,No,Delhi
HSE02410,5,1118,99287.29,694.7,307.0,30.2,52.8,3,5159.5,No,Hyderabad
HSE02411,5,1163,42062.35,757.0,283.4,20.4,87.5,4,5810.61,Yes,Coimbatore
HSE02412,6,1691,22903.49,1026.4,525.8,30.9,37.6,15,6519.33,Yes,Coimbatore
HSE02413,5,852,30620.74,524.0,218.1,27.5,23.0,5,4016.85,No,Pune
HSE02414,1,1892,31508.26,1036.6,492.2,29.2,70.1,15,8723.74,No,Bangalore
HSE02415,6,840,48853.53,932.0,397.3,27.8,72.2,14,5506.12,No,Coimbatore
HSE02416,6,631,60616.24,962.2,251.6,26.0,58.3,15,6449.01,Yes,Kochi
HSE02417,4,1436,56347.81,764.4,240.0,28.6,29.1,7,6892.54,No,Bangalore
HSE02418,5,1754,67676.72,726.3,198.7,27.0,50.3,6,6147.07,No,Bangalore
HSE02419,7,1280,49097.45,696.8,196.5,27.6,22.3,6,5389.91,No,Salem
HSE02420,6,1396,49885.23,781.8,199.1,25.5,30.6,10,6120.67,Yes,Coimbatore
HSE02421,7,2079,120985.44,1156.5,435.2,31.1,94.1,10,9977.8,No,Delhi
HSE02422,1,1760,94608.19,938.2,284.8,33.9,35.5,13,7926.73,No,Madurai
HSE02423,4,1214,66093.37,822.9,417.0,25.5,81.8,9,5906.41,Yes,Coimbatore
HSE02424,2,1006,83082.57,652.5,309.9,28.5,60.3,3,4892.95,No,Kochi
HSE02425,7,1693,23116.26,1221.7,515.5,24.6,118.0,12,9841.59,No,Bangalore
HSE02426,6,1573,37984.98,938.0,372.1,30.6,59.0,6,6104.77,No,Kochi
HSE02427,1,1388,45278.92,603.6,197.2,29.9,56.8,3,5432.75,No,Bangalore
HSE02428,3,1053,38186.75,739.3,290.2,26.7,16.2,13,5378.76,No,Salem
HSE02429,1,1166,27433.13,488.5,216.1,28.7,31.2,7,3460.67,No,Delhi
HSE02430,1,1134,66458.51,717.2,347.6,32.5,41.5,5,5722.65,No,Mumbai
HSE02431,4,1060,102608.39,811.9,222.9,22.6,144.0,5,5031.21,Yes,Pune
HSE02432,2,929,54683.87,530.8,245.5,23.8,32.7,6,3415.18,No,Hyderabad
HSE02433,3,1319,73627.24,516.0,244.0,31.3,23.3,4,4330.96,No,Chennai
HSE02434,5,909,53957.3,675.9,282.3,29.2,18.4,9,4703.85,No,Chennai
HSE02435,5,1280,45087.08,823.2,258.7,28.7,15.8,14,6856.77,Yes,Bangalore
HSE02436,7,400,83177.06,1266.0,521.3,32.8,146.9,15,7822.26,No,Mumbai
HSE02437,1,930,28923.29,607.6,243.5,31.8,54.3,6,4469.24,No,Kochi
HSE02438,4,1694,23778.98,737.0,289.4,35.9,25.4,7,5339.85,Yes,Hyderabad
HSE02439,4,795,28740.24,974.8,378.4,32.6,100.8,14,8139.23,No,Bangalore
HSE02440,5,1466,80757.25,1085.1,307.4,31.1,126.8,4,7129.47,No,Pune
HSE02441,7,832,57201.39,781.8,238.3,28.8,26.2,8,5750.75,Yes,Chennai
HSE02442,7,1549,65155.41,899.0,251.0,28.4,36.7,11,7854.86,No,Delhi
HSE02443,7,1066,116973.63,1150.0,371.2,29.0,92.0,10,9804.54,No,Coimbatore
HSE02444,3,1049,32584.29,741.6,244.0,29.9,72.7,10,5946.54,No,Coimbatore
HSE02445,2,1224,94557.66,492.0,159.2,24.2,43.9,4,3713.33,No,Delhi
HSE02446,3,595,46015.91,734.4,230.1,30.1,93.4,6,5899.58,No,Coimbatore
HSE02447,6,1637,42972.95,864.7,407.0,28.0,15.7,10,7086.94,No,Coimbatore
HSE02448,6,1787,57047.39,955.1,473.3,30.4,22.6,13,8128.34,No,Mumbai
HSE02449,2,1038,61210.24,462.8,161.1,26.7,30.1,3,4107.07,No,Hyderabad
HSE02450,5,1436,50028.32,637.9,217.9,26.4,27.7,10,5683.57,No,Mumbai
HSE02451,2,1551,72383.23,609.6,306.8,29.9,9.2,5,5203.38,No,Salem
HSE02452,4,1159,57150.75,774.3,338.5,30.9,38.1,10,4969.32,Yes,Mumbai
HSE02453,6,701,50281.34,824.3,278.6,26.6,66.9,8,6804.18,No,Mumbai
HSE02454,1,1917,45604.45,855.7,397.1,34.3,78.6,9,7061.99,No,Bangalore
HSE02455,1,1023,61227.05,634.7,224.3,34.2,75.1,4,5926.19,No,Mumbai
HSE02456,5,926,29869.48,823.8,350.9,22.7,88.5,3,7256.65,Yes,Coimbatore
HSE02457,4,1937,33913.88,725.8,397.6,25.9,62.5,8,5562.18,No,Mumbai
HSE02458,3,1475,46617.72,746.8,254.3,29.5,34.1,14,5909.25,Yes,Coimbatore
HSE02459,4,1316,70282.79,735.7,389.3,30.5,13.0,5,4587.44,Yes,Chennai
HSE02460,1,763,144259.79,597.6,206.9,37.5,12.7,6,4378.77,No,Mumbai
HSE02461,1,1561,51194.73,795.3,327.7,29.6,52.1,15,5586.6,Yes,Delhi
HSE02462,6,2503,24752.56,1072.9,416.3,28.5,26.5,11,9529.29,No,Bangalore
HSE02463,4,1596,38540.97,725.7,351.9,24.4,50.6,5,6687.04,No,Bangalore
HSE02464,4,1423,73982.94,551.7,148.0,22.7,21.0,4,4847.81,No,Hyderabad
HSE02465,1,1524,35541.69,763.4,334.5,28.5,98.5,4,4565.41,No,Pune
HSE02466,3,1052,30561.71,753.6,360.4,37.2,39.0,4,5523.4,No,Coimbatore
HSE02467,5,1048,73809.26,789.4,309.2,28.2,41.0,8,6270.29,No,Hyderabad
HSE02468,7,1042,67797.76,898.1,252.9,25.9,43.4,4,5545.27,Yes,Coimbatore
HSE02469,5,941,28351.78,735.8,238.0,30.8,3.3,13,5026.13,No,Bangalore
HSE02470,4,1041,36766.47,770.8,349.9,21.0,92.3,9,6843.84,No,Hyderabad
HSE02471,5,1039,96296.77,643.2,333.6,29.3,23.0,9,3827.81,No,Coimbatore
HSE02472,1,1090,80730.23,664.8,250.3,32.3,44.1,9,3863.45,No,Hyderabad
HSE02473,1,1077,32089.09,816.4,341.4,25.2,49.6,15,6306.77,No,Madurai
HSE02474,4,1309,22473.41,791.1,252.0,34.5,28.3,4,6807.01,No,Delhi
HSE02475,4,1235,62064.01,848.4,317.0,31.6,67.9,9,7014.94,No,Pune
HSE02476,7,1275,48139.48,1185.1,416.0,34.5,86.4,12,10625.14,No,Mumbai
HSE02477,7,1885,59687.17,728.9,325.6,23.5,12.8,10,5856.24,Yes,Madurai
HSE02478,6,1235,73180.65,890.3,485.6,28.3,72.0,10,6916.35,No,Coimbatore
HSE02479,4,2195,35766.51,756.2,373.6,32.7,10.9,4,6588.72,No,Hyderabad
HSE02480,3,1359,45280.1,530.0,163.1,23.0,28.3,7,3809.71,No,Mumbai
HSE02481,5,999,36699.27,720.6,305.0,32.8,33.7,8,5133.99,Yes,Kochi
HSE02482,4,1807,37295.68,868.4,234.4,28.3,34.3,11,6106.61,No,Bangalore
HSE02483,2,1164,70914.49,868.9,281.6,32.8,95.0,8,7426.72,No,Coimbatore
HSE02484,6,400,58683.82,692.3,208.8,29.9,35.8,12,6121.22,Yes,Salem
HSE02485,2,1198,27221.56,571.1,200.3,34.6,35.8,8,3976.54,Yes,Coimbatore
HSE02486,1,1088,76220.45,474.5,215.3,23.8,19.0,12,3554.32,Yes,Coimbatore
HSE02487,7,1923,46983.74,993.4,397.2,30.3,57.3,12,8714.69,No,Bangalore
HSE02488,5,796,77816.82,518.1,274.5,23.0,42.0,8,3440.05,No,Hyderabad
HSE02489,4,1050,34837.73,952.7,299.0,30.7,63.8,11,8406.62,No,Kochi
HSE02490,2,1770,36262.12,731.2,262.7,30.3,18.8,12,5192.5,No,Hyderabad
HSE02491,5,1377,61596.42,1039.9,362.9,27.9,119.6,9,7180.5,No,Mumbai
HSE02492,1,1123,33579.85,554.1,177.7,25.9,75.0,3,4086.01,No,Chennai
HSE02493,7,860,48600.64,1089.1,596.8,27.7,180.0,3,7528.38,No,Mumbai
HSE02494,3,1358,31906.19,738.2,270.3,29.4,49.2,6,6221.7,No,Bangalore
HSE02495,6,1187,46118.62,1079.3,574.4,30.1,83.6,14,9500.76,No,Coimbatore
HSE02496,5,854,54217.23,990.1,363.5,36.7,121.3,4,7466.48,No,Madurai
HSE02497,5,878,55378.93,755.9,235.3,32.5,58.0,5,6369.15,No,Coimbatore
HSE02498,3,833,46674.45,643.5,183.9,26.7,42.8,14,5319.92,No,Delhi
HSE02499,5,753,63901.37,736.4,373.1,31.3,35.3,9,5233.94,No,Madurai
HSE02500,1,1620,58782.42,703.8,182.7,32.5,39.6,9,5498.86,Yes,Chennai
HSE02501,1,1560,52832.06,5000.0,391.3,26.4,53.3,14,42000.0,Yes,Chennai
HSE02502,3,1621,41500.29,738.5,277.3,31.8,41.6,5,4514.02,Yes,Bangalore
HSE02503,6,1202,88947.19,958.1,310.6,23.1,71.2,15,7220.41,No,Chennai
HSE02504,4,1091,65441.88,829.6,361.1,26.2,103.9,4,7491.44,No,Pune
HSE02505,2,1099,34504.31,680.9,197.4,23.3,21.4,15,5411.79,Yes,Bangalore
HSE02506,4,1659,73650.5,887.1,241.0,28.2,21.4,15,6492.93,No,Salem
HSE02507,5,400,81557.26,620.8,309.4,27.1,36.1,3,4056.23,No,Kochi
HSE02508,2,968,53017.87,502.1,189.5,27.4,12.9,11,3488.28,No,Madurai
HSE02509,3,801,54627.85,968.4,392.7,32.3,114.8,12,6881.82,No,Coimbatore
HSE02510,3,1812,21776.72,918.0,278.2,29.4,88.7,5,6235.84,Yes,Chennai
HSE02511,6,985,37629.36,957.2,256.9,32.2,42.5,11,6275.05,No,Chennai
HSE02512,2,464,80398.51,587.7,211.8,35.5,45.0,6,4093.87,No,Delhi
HSE02513,1,1301,38673.43,914.4,367.4,37.4,58.9,12,7103.65,No,Coimbatore
HSE02514,2,1033,51182.84,514.4,246.7,28.4,28.6,8,3488.33,Yes,Pune
HSE02515,5,949,37373.21,937.9,375.5,31.1,38.7,15,5418.19,No,Mumbai
HSE02516,1,903,61019.91,540.5,262.0,28.4,30.0,9,3219.61,No,Mumbai
HSE02517,7,885,65661.8,900.8,256.4,33.1,49.7,12,6239.05,No,Hyderabad
HSE02518,7,1519,66456.45,962.3,259.0,32.3,50.6,8,6267.23,No,Hyderabad
HSE02519,7,1301,32937.79,920.3,273.9,26.4,44.2,3,7034.91,Yes,Chennai
HSE02520,3,1111,57705.31,803.8,387.1,26.9,84.0,8,5554.32,No,Chennai
HSE02521,2,706,111808.72,935.0,446.7,34.5,44.6,13,6367.16,No,Hyderabad
HSE02522,7,1124,77026.78,748.0,218.7,26.8,46.3,8,6480.77,No,Delhi
HSE02523,4,1317,57359.14,703.4,182.4,28.6,16.5,7,5150.76,Yes,Chennai
HSE02524,6,1334,23066.81,746.9,340.3,31.7,69.9,5,4452.05,No,Pune
HSE02525,4,1272,49162.09,846.8,429.0,28.3,52.7,12,6023.25,No,Kochi
HSE02526,7,785,115376.15,1012.6,482.2,35.1,74.3,5,9125.23,Yes,Chennai
HSE02527,6,400,99554.6,898.2,279.2,33.1,26.9,13,7825.83,No,Mumbai
HSE02528,5,2010,67692.23,785.4,333.9,25.5,22.4,12,5337.39,Yes,Bangalore
HSE02529,4,611,39790.75,833.4,397.7,26.7,41.2,15,5228.45,Yes,Chennai
HSE02530,2,400,56309.24,474.8,155.1,31.4,11.3,9,3527.42,No,Pune
HSE02531,2,1259,77897.94,925.8,378.0,28.8,118.5,10,6923.7,No,Salem
HSE02532,4,431,83979.76,443.7,152.8,21.2,40.4,5,3062.6,Yes,Mumbai
HSE02533,7,838,63308.04,529.3,168.1,25.1,6.8,5,4149.99,No,Madurai
HSE02534,2,1447,80810.03,799.4,432.4,29.9,34.5,9,5514.77,Yes,Delhi
HSE02535,5,1998,53566.37,1016.0,532.2,32.6,43.1,12,6493.75,No,Mumbai
HSE02536,1,1374,52511.13,1065.8,408.9,32.6,104.3,14,8293.31,No,Hyderabad
HSE02537,7,1002,44737.92,1086.9,316.3,36.9,49.4,9,9300.81,No,Chennai
HSE02538,5,1177,66578.04,686.5,321.5,26.2,17.5,13,4647.89,Yes,Coimbatore
HSE02539,6,400,86270.38,892.2,291.5,26.4,59.4,11,7223.27,No,Hyderabad
HSE02540,5,997,75651.17,818.9,246.1,28.9,48.9,8,5820.83,No,Mumbai
HSE02541,7,998,31792.07,806.1,293.8,22.3,42.1,15,5573.77,Yes,Hyderabad
HSE02542,6,1269,32567.66,877.3,358.8,29.0,38.0,9,7643.28,No,Delhi
HSE02543,7,2074,90375.31,1112.8,310.7,28.2,80.8,13,8292.97,No,Chennai
HSE02544,2,400,59548.49,808.4,340.8,32.2,48.1,12,6069.8,No,Bangalore
HSE02545,1,1017,60604.85,622.8,158.6,32.8,46.2,3,4700.98,No,Bangalore
HSE02546,7,400,59993.41,974.1,504.2,30.4,91.6,9,6071.12,No,Chennai
HSE02547,7,973,120973.43,973.9,512.5,29.0,75.5,4,7671.75,No,Madurai
HSE02548,2,811,44992.91,591.5,278.0,30.5,59.5,9,4147.95,No,Delhi
HSE02549,3,528,90905.32,425.5,165.9,25.8,30.5,5,2852.01,No,Coimbatore
HSE02550,2,1611,61096.61,725.9,237.0,28.7,39.6,11,5685.79,No,Delhi
HSE02551,6,1315,26765.19,1140.8,539.9,29.1,45.3,15,7092.57,No,Mumbai
HSE02552,2,1558,37945.45,524.6,277.8,28.7,19.1,7,3199.49,No,Hyderabad
HSE02553,2,961,41853.25,489.0,145.5,28.3,34.9,9,3827.57,No,Salem
HSE02554,1,1168,89948.01,523.7,204.1,26.5,49.1,10,3158.58,No,Mumbai
HSE02555,2,1918,95546.9,946.5,326.1,24.9,67.0,15,7779.43,No,Madurai
HSE02556,7,1199,64493.69,1006.2,359.2,28.2,65.3,14,9257.29,No,Madurai
HSE02557,1,1564,43470.62,514.7,191.3,31.4,14.1,4,3192.62,No,Coimbatore
HSE02558,4,922,36502.9,736.5,394.4,22.1,38.1,13,5350.16,No,Coimbatore
HSE02559,3,1522,91766.26,560.5,183.6,27.0,28.1,3,4358.63,No,Hyderabad
HSE02560,1,953,30854.56,638.9,254.2,37.3,12.1,9,4825.98,No,Pune
HSE02561,6,400,52487.89,767.9,411.2,28.2,43.9,8,6195.86,Yes,Kochi
HSE02562,4,1197,159388.6,697.2,273.9,29.6,34.6,8,4827.82,No,Pune
HSE02563,1,988,43529.07,628.8,320.1,36.4,48.1,4,4064.56,No,Hyderabad
HSE02564,1,469,31033.55,578.0,154.7,30.3,65.7,5,3260.87,Yes,Pune
HSE02565,3,1286,24850.48,808.5,433.3,30.4,59.2,6,6802.59,No,Delhi
HSE02566,7,798,162249.48,940.6,288.1,25.4,127.9,5,6256.0,No,Bangalore
HSE02567,6,2592,64342.18,769.4,418.5,30.3,52.6,4,6355.52,No,Chennai
HSE02568,5,541,37197.78,892.7,270.2,28.9,102.1,5,7405.96,No,Mumbai
HSE02569,5,654,50512.54,782.2,299.8,32.7,23.2,8,4742.67,No,Delhi
HSE02570,1,1591,40813.1,851.9,291.8,34.1,58.6,11,5852.7,No,Mumbai
HSE02571,2,1140,23777.34,591.7,224.8,29.1,30.2,6,3907.85,No,Chennai
HSE02572,6,1582,78412.71,857.7,278.9,30.5,40.9,8,7075.99,No,Chennai
HSE02573,4,1371,55843.27,704.7,380.3,21.4,76.6,3,6094.08,No,Delhi
HSE02574,2,938,75533.47,650.7,222.4,20.1,40.6,14,4253.76,No,Salem
HSE02575,2,579,55162.36,784.8,350.0,33.4,84.8,8,5111.29,No,Madurai
HSE02576,6,1682,58346.16,986.8,287.4,19.0,30.8,14,7356.45,Yes,Hyderabad
HSE02577,7,620,20118.97,601.8,299.3,30.3,22.6,5,3723.61,No,Madurai
HSE02578,1,1452,82753.36,732.5,302.3,28.3,54.5,11,5555.51,No,Coimbatore
HSE02579,1,1614,33703.23,657.2,357.4,33.9,56.0,6,5120.47,No,Kochi
HSE02580,1,1143,37822.18,669.0,252.2,28.9,39.0,9,4740.43,No,Hyderabad
HSE02581,1,1063,43370.98,637.1,196.6,36.2,68.5,6,4587.48,Yes,Pune
HSE02582,5,757,21778.55,618.4,218.8,28.2,10.6,13,4574.89,No,Coimbatore
HSE02583,1,1408,42316.74,603.0,284.1,33.6,25.1,8,4300.03,No,Kochi
HSE02584,5,400,41011.41,699.8,313.3,23.0,61.3,9,4681.06,No,Mumbai
HSE02585,5,1522,46400.4,573.1,277.1,19.8,41.6,4,4090.21,No,Chennai
HSE02586,7,1254,25579.79,880.4,239.5,28.9,31.7,12,6533.65,Yes,Bangalore
HSE02587,1,1100,83496.29,531.1,225.2,23.4,52.1,8,3469.99,No,Chennai
HSE02588,3,1309,65789.39,852.0,451.3,28.8,81.2,10,5173.28,No,Bangalore
HSE02589,4,582,37282.17,926.6,261.6,27.3,58.8,15,5693.82,No,Bangalore
HSE02590,2,400,42335.98,868.2,241.6,31.4,73.8,15,5245.41,No,Hyderabad
HSE02591,5,1411,80198.11,893.0,415.2,24.7,60.6,14,6600.71,No,Kochi
HSE02592,6,1792,48982.81,1239.6,427.1,30.7,93.2,8,8612.45,No,Salem
HSE02593,6,417,31471.8,730.3,326.9,32.5,34.8,4,5266.02,No,Chennai
HSE02594,4,726,52969.53,704.7,291.5,28.2,84.2,6,5184.48,Yes,Coimbatore
HSE02595,6,1539,33710.31,742.8,405.4,30.9,14.9,3,5797.43,Yes,Bangalore
HSE02596,3,1362,39996.43,646.9,334.3,25.1,21.1,9,5328.29,No,Coimbatore
HSE02597,6,2533,53761.22,1040.0,471.6,27.5,67.7,10,7553.24,No,Kochi
HSE02598,2,1684,88427.09,558.0,183.3,23.6,20.2,12,3277.05,No,Hyderabad
HSE02599,2,1576,136705.55,763.3,250.8,38.4,39.1,4,4731.05,No,Mumbai
HSE02600,5,856,101545.83,1027.7,528.9,33.9,92.4,12,6728.84,No,Coimbatore
HSE02601,1,1436,53250.0,759.5,323.2,35.6,23.0,7,5414.52,Yes,Pune
HSE02602,7,1873,151887.57,1287.1,626.5,33.9,77.5,13,7863.48,No,Salem
HSE02603,3,1126,70707.69,626.0,241.0,26.3,37.9,10,4341.99,No,Hyderabad
HSE02604,5,1147,35391.56,744.1,209.0,22.9,21.6,13,6606.85,No,Salem
HSE02605,3,1264,57390.61,822.8,287.8,27.3,47.8,10,5068.01,Yes,Coimbatore
HSE02606,1,901,40924.16,634.9,189.4,30.9,89.0,7,5760.26,No,Coimbatore
HSE02607,6,1321,31367.6,722.0,349.8,27.8,19.7,10,6266.7,Yes,Salem
HSE02608,6,1310,32425.09,637.7,293.4,20.1,19.0,8,5116.16,No,Delhi
HSE02609,7,1866,51474.05,1064.9,294.5,32.0,66.4,7,9201.54,Yes,Chennai
HSE02610,1,1115,77225.2,597.0,260.5,22.6,33.7,15,3245.17,No,Bangalore
HSE02611,5,1504,88945.57,1144.4,586.2,27.3,128.8,13,7224.25,Yes,Hyderabad
HSE02612,7,1128,31412.63,959.7,440.7,36.0,56.0,6,6228.43,Yes,Delhi
HSE02613,1,1488,47983.96,779.0,314.2,29.2,81.1,7,4932.06,No,Kochi
HSE02614,4,1087,68463.38,1022.0,351.1,33.3,54.9,14,6818.54,Yes,Coimbatore
HSE02615,2,1458,58889.9,564.6,291.4,30.4,20.1,6,4592.37,No,Delhi
HSE02616,7,1528,75179.53,887.5,334.4,25.0,26.4,3,5526.24,No,Hyderabad
HSE02617,7,720,45228.21,904.3,458.1,31.9,28.8,5,5846.69,No,Mumbai
HSE02618,5,1696,97528.54,1037.7,503.2,28.7,62.7,10,8434.54,No,Hyderabad
HSE02619,3,1125,54895.11,676.8,334.9,23.1,46.8,9,4157.26,Yes,Hyderabad
HSE02620,4,989,77347.56,772.9,422.7,22.4,12.7,14,5503.37,No,Chennai
HSE02621,5,880,46339.05,857.5,407.0,30.5,69.6,9,5907.44,No,Hyderabad
HSE02622,1,1334,56464.33,1105.2,287.6,37.6,142.3,13,9446.38,No,Chennai
HSE02623,1,1198,26819.29,390.1,121.6,24.7,22.7,5,3126.88,No,Coimbatore
HSE02624,1,1367,37742.75,500.2,130.3,25.2,25.1,11,3934.77,No,Bangalore
HSE02625,1,1376,50097.67,625.8,192.1,30.6,31.0,8,4160.97,No,Coimbatore
HSE02626,3,1474,57533.13,712.6,191.3,23.7,43.5,10,5815.52,No,Mumbai
HSE02627,4,2449,183804.72,1025.4,410.7,38.4,23.9,10,7344.38,No,Coimbatore
HSE02628,6,1218,46315.57,886.2,229.0,25.5,91.7,5,6964.19,No,Hyderabad
HSE02629,2,869,29602.09,777.4,304.6,27.0,111.2,6,6697.65,Yes,Salem
HSE02630,3,400,118326.92,702.1,364.8,25.8,50.5,8,5157.14,No,Coimbatore
HSE02631,3,662,89372.24,670.3,318.1,32.7,45.3,4,5237.5,Yes,Bangalore
HSE02632,6,1756,32684.56,1110.8,592.3,37.6,13.9,14,6895.45,No,Delhi
HSE02633,6,1524,67809.42,884.4,281.2,26.2,21.3,14,6223.82,No,Coimbatore
HSE02634,2,593,80092.01,504.3,206.4,32.5,9.3,13,4142.39,No,Mumbai
HSE02635,2,2309,59207.87,656.5,226.9,23.8,32.0,14,4251.06,No,Chennai
HSE02636,6,1347,63685.25,1051.0,418.5,32.8,35.8,9,9332.74,Yes,Chennai
HSE02637,1,1407,41380.84,704.5,293.9,36.0,65.9,4,5944.14,No,Madurai
HSE02638,3,2210,68995.3,980.9,255.9,34.8,50.9,13,7556.13,Yes,Chennai
HSE02639,5,1983,44089.59,842.3,269.5,29.5,27.7,7,6551.78,Yes,Bangalore
HSE02640,2,1552,16725.02,862.9,398.2,24.9,68.0,14,5632.81,No,Chennai
HSE02641,2,1573,60078.55,1071.1,516.1,29.0,155.3,6,6906.32,No,Chennai
HSE02642,6,1615,25871.86,1132.0,476.4,27.8,70.0,11,8108.32,No,Chennai
HSE02643,4,1092,86782.55,907.6,300.6,27.2,33.9,15,6532.23,No,Bangalore
HSE02644,5,1329,33064.63,922.8,342.8,29.8,54.1,15,8019.3,No,Delhi
HSE02645,5,1458,18237.53,750.5,209.2,28.7,23.5,4,5400.34,Yes,Pune
HSE02646,2,1143,24807.65,614.0,329.1,31.8,21.8,9,4534.36,No,Hyderabad
HSE02647,1,766,53982.97,951.7,485.9,31.9,115.9,15,5752.02,No,Mumbai
HSE02648,4,1080,59815.31,705.2,190.2,28.7,54.6,9,5891.15,No,Kochi
HSE02649,5,755,29126.45,788.9,236.6,30.7,82.6,9,6301.06,Yes,Salem
HSE02650,2,1229,33945.57,635.8,269.8,34.3,39.7,3,4754.13,No,Hyderabad
HSE02651,5,400,54800.66,564.0,180.3,26.9,21.7,10,4985.37,No,Madurai
HSE02652,7,1353,85185.88,816.3,432.9,29.1,18.9,4,7081.3,No,Hyderabad
HSE02653,4,466,31906.07,503.9,240.2,24.9,26.0,7,4051.39,No,Pune
HSE02654,4,1018,65232.78,753.1,250.0,30.9,59.0,4,6626.75,No,Mumbai
HSE02655,7,1427,25151.62,1055.8,265.9,29.8,16.2,15,8112.76,Yes,Madurai
HSE02656,3,1556,63401.22,664.3,325.4,30.8,48.0,7,5638.36,No,Hyderabad
HSE02657,7,1503,77280.34,889.8,335.7,25.0,63.5,9,6711.72,No,Delhi
HSE02658,6,1344,69632.13,842.0,372.8,32.1,21.1,8,5356.13,No,Hyderabad
HSE02659,6,696,86039.99,1286.8,432.5,29.4,154.8,15,11577.54,No,Kochi
HSE02660,2,1641,83497.55,1064.1,311.6,33.1,77.0,14,7032.01,No,Salem
HSE02661,4,707,126273.79,703.4,318.4,27.2,43.4,7,4869.81,No,Chennai
HSE02662,3,1693,57755.09,725.9,279.5,31.7,28.9,6,4880.87,No,Hyderabad
HSE02663,3,1482,126442.08,859.6,275.5,30.8,55.8,10,5891.65,No,Coimbatore
HSE02664,5,1812,35962.93,1106.2,322.2,35.1,54.7,13,7510.71,No,Coimbatore
HSE02665,5,1211,50145.53,735.5,312.0,28.5,48.6,10,5592.89,No,Madurai
HSE02666,7,832,52226.07,747.3,349.5,26.8,57.0,3,6855.77,No,Mumbai
HSE02667,3,618,34400.81,630.6,211.4,27.0,24.4,12,4012.15,No,Bangalore
HSE02668,7,668,19011.36,796.6,374.8,24.6,69.8,4,6410.74,Yes,Delhi
HSE02669,7,463,81330.2,563.5,171.8,27.0,18.0,5,3667.72,No,Mumbai
HSE02670,5,1624,36192.89,657.3,231.1,19.6,17.9,15,4229.91,No,Chennai
HSE02671,4,1680,45922.73,673.4,318.8,34.5,9.9,3,5288.09,No,Chennai
HSE02672,7,1449,112212.74,1325.4,593.8,36.7,65.4,13,11481.39,No,Mumbai
HSE02673,1,1185,71148.66,536.8,177.8,28.4,58.1,5,3636.2,No,Chennai
HSE02674,4,2127,120352.91,1047.9,300.4,30.8,46.1,12,7123.63,No,Coimbatore
HSE02675,3,1156,58065.53,886.4,232.9,29.7,31.0,14,5794.5,Yes,Bangalore
HSE02676,3,1299,70619.4,645.6,323.7,23.7,34.7,10,5858.3,Yes,Kochi
HSE02677,7,1178,49354.6,794.4,216.5,33.1,23.8,6,5303.95,Yes,Coimbatore
HSE02678,4,1048,37540.48,995.6,283.2,33.7,54.2,15,7451.71,Yes,Kochi
HSE02679,5,1484,70501.93,791.2,254.2,24.8,8.6,15,6875.85,No,Mumbai
HSE02680,5,915,45203.64,635.2,243.7,30.3,12.2,9,4743.34,No,Coimbatore
HSE02681,6,885,73506.08,694.3,338.1,27.9,24.6,9,6091.46,Yes,Mumbai
HSE02682,3,1507,42547.54,954.9,309.6,33.8,50.4,13,8288.7,No,Bangalore
HSE02683,2,976,50826.14,674.4,278.6,28.7,43.9,7,4820.41,No,Kochi
HSE02684,6,1260,52691.6,1093.5,303.0,28.8,95.6,14,8425.72,No,Madurai
HSE02685,5,1046,89296.96,774.6,301.6,36.3,39.2,3,5195.12,Yes,Chennai
HSE02686,4,1195,45439.25,883.3,267.9,23.9,73.0,12,7894.73,No,Pune
HSE02687,5,897,93829.45,740.0,231.9,30.0,48.9,6,5010.1,No,Bangalore
HSE02688,4,912,36603.72,607.5,218.7,29.4,9.7,9,5113.26,No,Chennai
HSE02689,6,831,62101.44,616.3,294.8,26.6,21.7,7,4372.1,Yes,Chennai
HSE02690,3,1579,40362.97,681.6,322.5,37.2,23.8,4,4523.77,No,Delhi
HSE02691,5,1277,90868.99,993.5,372.1,30.3,27.8,10,6225.13,No,Chennai
HSE02692,7,1613,38051.28,864.8,247.0,31.7,36.7,4,6286.16,No,Hyderabad
HSE02693,4,1661,39837.29,1166.5,389.9,32.3,83.8,13,7826.6,No,Kochi
HSE02694,3,993,31249.3,803.7,322.8,27.7,41.0,10,5207.09,No,Pune
HSE02695,2,1597,57610.31,850.1,434.3,34.0,30.1,15,5781.23,No,Kochi
HSE02696,4,1194,71758.41,1028.6,555.9,33.2,75.8,13,6974.16,No,Chennai
HSE02697,6,1129,68356.82,858.8,378.9,28.5,75.5,4,6550.19,Yes,Mumbai
HSE02698,2,1764,51543.5,642.5,228.2,32.8,7.1,13,4610.61,No,Madurai
HSE02699,2,1449,40857.47,636.1,291.4,34.0,43.7,7,3839.06,Yes,Coimbatore
HSE02700,1,1041,48517.63,757.0,265.6,32.2,89.9,6,5558.45,No,Pune
HSE02701,5,1420,49357.76,636.6,278.6,25.7,39.5,3,5276.7,Yes,Chennai
HSE02702,4,630,61621.32,845.7,273.3,28.6,22.4,14,6393.16,No,Delhi
HSE02703,2,1311,59743.89,811.6,267.9,30.9,72.6,10,7220.86,No,Delhi
HSE02704,1,525,120326.25,680.2,185.4,30.0,20.2,12,4194.99,No,Madurai
HSE02705,6,757,55989.79,832.3,313.0,26.0,49.3,14,7119.57,No,Hyderabad
HSE02706,3,1463,64695.63,783.7,341.3,27.9,39.3,5,5899.95,No,Kochi
HSE02707,7,400,56797.27,873.9,425.3,30.4,13.9,15,6691.42,No,Coimbatore
HSE02708,7,2011,47479.74,1014.2,500.1,23.0,81.4,6,7744.24,No,Bangalore
HSE02709,4,1576,64500.1,764.2,418.6,29.1,56.7,6,5298.68,No,Hyderabad
HSE02710,2,400,45514.73,798.7,220.7,31.8,97.6,7,5548.57,No,Hyderabad
HSE02711,7,2279,53577.83,1093.3,435.1,30.1,43.7,5,8722.48,No,Hyderabad
HSE02712,5,2403,92666.22,865.7,351.8,25.6,23.6,11,5750.73,No,Salem
HSE02713,7,1119,44208.69,680.4,334.3,26.3,14.8,6,5106.19,No,Coimbatore
HSE02714,7,783,65473.01,1080.7,356.5,34.9,76.4,12,8840.91,Yes,Chennai
HSE02715,7,1959,18006.38,1050.9,284.6,25.2,22.0,13,7213.56,Yes,Salem
HSE02716,1,1045,50598.83,1168.5,402.1,33.7,154.3,13,7769.18,No,Hyderabad
HSE02717,2,1272,44074.43,934.3,509.4,26.5,118.7,6,6082.57,Yes,Mumbai
HSE02718,5,1748,58058.46,956.7,497.3,33.5,46.4,8,5953.5,Yes,Coimbatore
HSE02719,2,1131,49453.19,701.5,258.6,31.2,37.5,10,4425.77,No,Chennai
HSE02720,4,1092,58616.5,818.0,419.5,27.6,27.6,15,5228.96,No,Coimbatore
HSE02721,4,627,46383.02,621.3,161.4,21.9,29.9,9,3442.46,No,Coimbatore
HSE02722,4,916,65443.28,988.5,340.3,30.6,138.7,6,6977.12,Yes,Mumbai
HSE02723,6,1083,25425.29,862.7,403.8,29.7,33.9,6,6120.27,Yes,Pune
HSE02724,7,643,57827.75,898.4,284.3,30.7,59.1,7,8049.22,No,Kochi
HSE02725,6,683,36076.71,770.0,238.3,31.2,61.7,12,6749.75,No,Chennai
HSE02726,1,1215,93025.45,691.3,351.6,23.7,78.8,7,4551.03,No,Bangalore
HSE02727,4,400,35815.72,735.1,319.6,30.6,56.3,14,4945.38,No,Mumbai
HSE02728,5,804,86071.86,761.4,416.3,32.0,44.0,3,5830.61,No,Coimbatore
HSE02729,2,2075,54715.31,938.5,272.5,31.9,25.9,15,6205.1,Yes,Pune
HSE02730,7,1045,24152.55,903.1,322.3,24.0,60.8,10,6973.32,No,Hyderabad
HSE02731,3,988,37077.59,887.8,304.8,33.6,53.5,12,6077.18,No,Salem
HSE02732,5,1043,80547.22,969.8,498.5,30.7,33.5,15,6708.42,No,Coimbatore
HSE02733,7,1050,78514.8,890.3,290.8,31.2,57.8,7,7717.65,No,Coimbatore
HSE02734,6,1459,30649.78,810.4,288.5,25.4,41.8,5,6709.47,No,Bangalore
HSE02735,6,1427,111120.84,968.9,283.7,32.0,53.5,5,8904.37,No,Chennai
HSE02736,5,1024,54395.38,832.5,401.8,22.1,67.8,6,5878.03,No,Delhi
HSE02737,6,1104,81901.21,822.9,264.4,25.6,49.0,14,7344.72,Yes,Madurai
HSE02738,4,1791,31880.82,1030.8,278.8,34.1,71.5,9,7967.12,Yes,Coimbatore
HSE02739,1,520,44797.67,503.3,191.5,31.8,48.5,7,3832.29,No,Chennai
HSE02740,2,1174,66319.91,624.8,229.6,30.2,78.8,3,5479.51,No,Chennai
HSE02741,1,1261,47770.56,786.9,238.7,32.8,36.4,14,6704.37,No,Hyderabad
HSE02742,7,850,14775.6,965.9,280.2,33.1,22.5,15,7760.88,No,Hyderabad
HSE02743,2,1148,50475.15,785.3,407.5,32.0,52.0,7,5403.34,No,Delhi
HSE02744,2,790,22719.4,763.8,206.5,28.1,109.6,7,5715.98,No,Pune
HSE02745,1,1487,33971.49,683.6,191.3,25.5,74.4,8,5292.36,No,Mumbai
HSE02746,5,598,29254.77,921.2,298.0,26.3,108.8,9,7864.32,No,Mumbai
HSE02747,2,1678,91558.96,687.6,368.5,34.6,33.3,7,5640.82,No,Kochi
HSE02748,1,1167,105445.37,608.4,167.7,23.9,43.9,15,4189.66,No,Bangalore
HSE02749,2,998,64138.0,766.8,379.4,31.0,23.4,13,5588.84,No,Coimbatore
HSE02750,3,748,49590.65,488.8,253.0,31.0,18.9,4,2931.89,No,Chennai
HSE02751,5,1664,55705.88,1129.2,410.3,34.9,100.4,4,9940.48,No,Coimbatore
HSE02752,4,907,91530.1,1074.4,363.3,31.0,94.7,15,6853.94,No,Bangalore
HSE02753,2,675,22528.71,490.6,222.3,27.3,64.2,6,3962.96,Yes,Bangalore
HSE02754,3,1673,33904.15,650.4,299.7,27.4,33.6,3,5723.82,Yes,Coimbatore
HSE02755,4,793,86414.22,833.9,403.6,29.0,68.8,9,6130.8,No,Pune
HSE02756,4,1157,94902.98,1114.9,556.5,33.5,90.3,15,9109.94,No,Mumbai
HSE02757,7,1568,71715.56,1108.0,366.2,32.2,116.5,3,9125.26,No,Chennai
HSE02758,2,1271,34366.97,393.1,179.3,24.7,15.9,5,2280.82,No,Pune
HSE02759,1,1979,85852.46,867.0,251.8,30.1,36.8,12,6338.54,No,Delhi
HSE02760,2,824,101491.79,644.0,259.7,32.3,34.6,9,4966.68,Yes,Chennai
HSE02761,3,1105,75985.75,695.5,301.8,28.1,40.4,13,5114.99,No,Salem
HSE02762,4,1140,17904.08,808.6,241.4,20.4,61.5,14,6221.67,No,Chennai
HSE02763,2,1480,58171.81,628.6,171.6,28.2,10.3,14,4544.2,No,Pune
HSE02764,1,1780,71571.09,493.6,152.2,23.1,33.1,8,2989.77,No,Salem
HSE02765,7,1233,43610.82,752.3,283.0,22.4,35.2,9,5631.5,No,Delhi
HSE02766,2,1138,59819.87,664.7,343.2,33.3,48.2,7,4170.49,Yes,Delhi
HSE02767,5,533,43653.2,862.7,353.3,39.1,51.9,10,5410.38,Yes,Madurai
HSE02768,7,1251,37323.24,1016.1,482.2,34.5,40.0,8,7471.83,No,Chennai
HSE02769,1,907,108537.86,798.5,241.3,18.6,130.2,14,5723.96,No,Chennai
HSE02770,3,1478,60589.04,772.9,217.8,28.3,42.3,6,5241.31,No,Delhi
HSE02771,4,1016,33436.31,775.9,249.8,26.6,61.2,13,6421.64,No,Madurai
HSE02772,2,1092,29602.63,421.9,145.2,23.1,67.6,3,3342.56,No,Mumbai
HSE02773,1,543,37333.51,441.7,183.1,30.9,25.2,4,3835.65,Yes,Salem
HSE02774,7,400,37424.48,957.9,492.7,28.3,26.1,14,6912.29,Yes,Chennai
HSE02775,5,2037,58748.86,938.7,354.7,24.3,68.3,8,6214.52,No,Kochi
HSE02776,1,1258,68431.53,851.3,345.3,20.8,95.4,6,7338.57,No,Madurai
HSE02777,6,1382,68398.59,1024.6,257.6,26.6,116.1,5,7983.09,No,Bangalore
HSE02778,5,789,39243.38,720.4,187.3,29.0,25.7,9,5158.54,No,Salem
HSE02779,7,1594,83230.76,909.7,250.3,28.5,81.2,9,6434.68,No,Chennai
HSE02780,3,1513,95570.4,769.9,353.9,33.3,45.9,4,4779.38,No,Salem
HSE02781,4,839,48927.99,936.2,370.6,30.4,94.6,10,6505.73,Yes,Madurai
HSE02782,7,723,34567.06,909.6,280.1,27.6,57.3,13,5546.89,No,Coimbatore
HSE02783,3,870,57538.85,580.7,248.4,25.7,64.5,3,4608.18,No,Hyderabad
HSE02784,2,1187,145382.4,828.3,342.4,21.9,104.1,13,7120.66,No,Hyderabad
HSE02785,1,1275,34161.5,828.0,229.1,24.6,110.2,12,7134.88,No,Coimbatore
HSE02786,6,1217,43404.35,1106.6,489.3,34.4,50.4,9,6719.55,No,Coimbatore
HSE02787,5,1784,56440.02,868.0,416.8,32.5,14.5,12,7726.64,No,Coimbatore
HSE02788,5,878,70181.31,845.7,284.1,30.2,29.2,14,6343.6,No,Hyderabad
HSE02789,1,711,22506.91,716.6,326.9,27.0,140.8,3,4819.63,No,Hyderabad
HSE02790,6,1200,98986.42,1166.3,361.5,34.0,66.4,15,9806.6,No,Madurai
HSE02791,1,438,98382.66,524.5,250.2,25.0,25.8,14,3805.01,No,Bangalore
HSE02792,2,1513,45430.15,524.7,274.7,25.0,32.1,5,3738.43,No,Delhi
HSE02793,3,1244,185919.06,649.9,248.6,28.6,86.4,5,4597.64,No,Coimbatore
HSE02794,7,1048,95564.42,1094.2,353.8,20.3,128.4,12,8453.63,No,Delhi
HSE02795,5,1023,93301.45,627.7,232.1,24.8,47.7,4,4026.03,Yes,Madurai
HSE02796,2,1609,93853.22,924.4,300.5,28.1,94.7,12,7645.55,No,Bangalore
HSE02797,3,1595,92643.19,884.2,221.4,27.2,80.5,15,6619.67,No,Bangalore
HSE02798,2,1089,54460.4,712.0,316.9,25.0,57.8,7,4880.03,No,Mumbai
HSE02799,6,1466,52086.26,1103.9,290.1,37.1,71.4,6,6778.76,Yes,Bangalore
HSE02800,5,1589,35971.49,1188.5,372.1,34.5,56.3,15,9856.29,No,Bangalore
HSE02801,7,1351,42415.59,1254.0,585.3,35.9,96.6,8,9580.1,No,Chennai
HSE02802,1,1108,47819.3,661.6,297.5,28.6,73.8,4,5199.15,No,Bangalore
HSE02803,1,1372,56644.23,398.6,108.4,27.0,15.9,6,3040.9,No,Delhi
HSE02804,3,732,112907.22,974.3,436.5,35.4,42.0,14,6020.59,No,Madurai
HSE02805,7,1232,21353.39,786.0,415.9,29.3,25.5,9,5389.04,No,Mumbai
HSE02806,4,1095,100741.07,586.8,159.8,24.8,51.0,3,4223.23,No,Coimbatore
HSE02807,6,1025,34882.63,922.1,345.5,25.0,40.5,15,6787.56,Yes,Chennai
HSE02808,3,423,52473.03,694.0,325.4,27.7,31.5,13,4656.5,No,Salem
HSE02809,4,738,39700.12,602.1,271.1,28.9,20.3,5,4288.98,No,Madurai
HSE02810,2,981,126691.85,408.3,129.8,29.3,9.4,3,2845.22,No,Coimbatore
HSE02811,6,1603,43919.23,927.6,277.3,28.3,95.7,4,8026.49,No,Madurai
HSE02812,2,1329,69545.75,1211.8,588.1,38.4,95.6,11,8478.87,No,Salem
HSE02813,7,1623,71186.5,845.0,453.7,23.6,19.7,12,5321.48,No,Bangalore
HSE02814,5,1759,32633.2,914.0,439.0,31.7,57.1,7,7482.81,No,Delhi
HSE02815,6,1348,52656.33,804.9,433.8,27.1,13.0,15,5666.97,No,Mumbai
HSE02816,4,1263,94564.3,683.3,294.8,28.8,28.0,6,5198.64,No,Bangalore
HSE02817,5,762,37128.23,903.8,477.9,32.8,38.9,14,7009.2,Yes,Coimbatore
HSE02818,1,2094,79867.4,533.0,243.7,21.9,30.1,6,4208.57,No,Bangalore
HSE02819,4,562,47386.97,749.3,391.6,25.2,66.3,10,5668.04,No,Madurai
HSE02820,3,1253,92849.28,810.3,241.9,28.5,5.3,14,4875.87,No,Kochi
HSE02821,1,1575,120748.13,598.2,295.9,34.9,27.3,5,4812.07,Yes,Bangalore
HSE02822,1,1581,22282.58,965.9,298.5,34.9,77.4,14,6605.6,No,Mumbai
HSE02823,3,680,30119.49,678.5,175.2,34.1,12.1,14,5061.57,No,Bangalore
HSE02824,6,1011,45150.61,622.0,252.1,20.2,29.4,6,4155.81,No,Hyderabad
HSE02825,1,840,106354.11,521.9,180.3,24.8,83.4,4,4464.13,No,Pune
HSE02826,7,400,69891.42,986.4,259.5,25.0,136.3,8,7616.95,No,Mumbai
HSE02827,4,1259,31412.16,924.2,502.8,28.8,95.7,14,7347.83,No,Chennai
HSE02828,5,877,74652.75,686.3,308.8,21.6,38.2,11,5311.17,No,Chennai
HSE02829,1,1877,36457.7,1192.9,621.0,33.4,135.8,14,7446.38,Yes,Mumbai
HSE02830,4,1477,81375.36,867.3,476.8,21.0,78.7,6,5918.93,No,Delhi
HSE02831,2,1219,70096.12,769.0,282.7,33.1,20.1,13,5673.49,No,Hyderabad
HSE02832,4,987,36385.96,646.7,211.1,32.5,13.5,8,4480.42,No,Mumbai
HSE02833,5,1252,53391.61,702.1,214.3,24.6,75.0,6,4496.21,No,Pune
HSE02834,4,1085,95434.57,648.7,262.4,34.0,42.8,4,5975.13,No,Mumbai
HSE02835,3,1231,23474.54,645.2,278.6,27.7,19.6,15,5072.84,Yes,Salem
HSE02836,5,2056,62980.94,984.0,385.5,26.6,41.5,8,7082.81,No,Chennai
HSE02837,6,721,33422.47,1021.9,374.2,27.3,87.1,14,8429.56,No,Madurai
HSE02838,2,1124,54600.81,563.9,169.4,27.7,30.4,9,4528.31,No,Chennai
HSE02839,3,1518,67580.95,578.3,221.2,28.0,29.8,6,3567.83,No,Hyderabad
HSE02840,6,1020,136082.21,842.5,232.2,28.1,41.1,14,6044.38,No,Hyderabad
HSE02841,4,1911,54352.97,830.0,422.9,25.4,44.8,13,5499.31,No,Bangalore
HSE02842,5,1505,106358.95,877.2,231.6,26.4,36.4,9,5776.88,No,Salem
HSE02843,2,876,37679.23,782.6,285.0,26.7,66.9,15,5316.72,No,Chennai
HSE02844,3,1292,44016.92,891.1,249.5,35.7,71.2,13,7884.98,No,Delhi
HSE02845,6,883,71629.68,963.4,464.8,26.7,43.8,10,7001.79,No,Pune
HSE02846,6,842,60227.3,720.8,247.8,26.5,29.1,13,6390.3,No,Chennai
HSE02847,2,1137,47443.74,612.8,174.0,35.1,33.2,5,3621.77,No,Salem
HSE02848,7,1769,46868.78,1134.7,464.6,27.7,101.0,4,7356.87,No,Mumbai
HSE02849,4,1535,100214.79,1035.7,543.6,25.4,134.5,7,8809.92,No,Madurai
HSE02850,2,1190,48304.96,400.9,209.5,24.6,17.2,4,3034.37,No,Delhi
HSE02851,6,1552,34742.06,707.1,229.7,23.3,20.8,12,6324.5,No,Delhi
HSE02852,1,1321,37436.24,539.5,251.4,31.2,32.7,7,3085.76,No,Bangalore
HSE02853,3,674,74350.37,728.1,188.6,21.8,102.4,12,6794.02,No,Pune
HSE02854,2,1135,151831.03,834.2,241.5,34.4,36.4,15,6081.23,Yes,Coimbatore
HSE02855,7,1167,43446.96,959.9,383.8,28.6,66.7,8,6275.53,No,Mumbai
HSE02856,6,1543,144635.19,871.7,277.7,27.3,41.4,10,6758.16,Yes,Coimbatore
HSE02857,4,945,54732.34,667.4,326.7,28.1,33.2,8,5591.58,No,Bangalore
HSE02858,6,789,48492.91,695.0,367.9,30.9,39.8,6,4443.68,Yes,Coimbatore
HSE02859,4,1180,36514.47,606.7,152.5,27.1,19.7,5,5474.78,No,Madurai
HSE02860,2,910,50311.16,717.6,229.5,28.2,71.5,4,5831.39,No,Mumbai
HSE02861,4,1054,39137.06,860.2,328.5,33.2,28.8,15,5981.28,No,Delhi
HSE02862,5,1164,37749.11,666.1,279.0,30.4,31.0,3,4050.89,No,Kochi
HSE02863,5,1028,26151.6,575.3,301.9,24.0,26.3,4,3880.2,No,Pune
HSE02864,5,1633,121764.12,1024.1,530.0,26.2,110.9,4,7032.72,Yes,Coimbatore
HSE02865,7,1836,88792.91,742.9,327.7,21.9,34.6,7,5717.53,No,Mumbai
HSE02866,7,1588,62150.16,1153.2,377.3,31.5,53.3,11,9809.68,Yes,Salem
HSE02867,1,403,51548.65,388.5,188.4,31.9,8.8,3,2952.27,Yes,Chennai
HSE02868,7,911,54862.06,634.8,197.3,25.3,5.0,6,4610.63,No,Mumbai
HSE02869,2,1120,38773.0,867.6,468.1,38.2,20.1,12,5736.91,Yes,Mumbai
HSE02870,6,400,33019.56,951.1,239.4,38.8,83.4,9,8216.5,Yes,Bangalore
HSE02871,6,806,75957.16,942.6,396.8,29.1,51.2,13,6623.53,No,Salem
HSE02872,1,1114,48878.27,892.5,246.8,25.8,117.4,12,5993.33,No,Bangalore
HSE02873,7,998,63682.78,906.3,337.4,30.1,90.8,5,7038.91,No,Coimbatore
HSE02874,4,1204,26029.63,712.7,313.9,25.7,26.7,10,5917.88,No,Salem
HSE02875,1,579,47721.89,554.1,253.2,32.8,41.5,5,4759.5,No,Delhi
HSE02876,4,993,32730.96,934.9,454.1,29.7,99.3,10,7986.17,Yes,Bangalore
HSE02877,4,1268,68385.33,942.0,403.2,30.0,38.9,15,8247.97,No,Chennai
HSE02878,3,1205,86074.07,780.3,253.9,36.0,69.9,4,5796.99,No,Madurai
HSE02879,6,1401,106080.47,741.2,383.0,26.5,17.4,7,5036.56,No,Chennai
HSE02880,5,1375,41441.89,777.0,383.3,26.7,57.1,6,6133.66,No,Hyderabad
HSE02881,7,1017,33108.12,965.6,287.8,32.4,45.8,13,6197.36,No,Chennai
HSE02882,4,1254,45557.08,764.6,380.7,27.3,27.0,11,5282.75,No,Salem
HSE02883,3,840,40150.8,683.3,370.2,35.4,42.5,5,4237.84,No,Pune
HSE02884,6,1078,66778.97,928.7,409.7,33.0,56.4,14,6159.54,No,Mumbai
HSE02885,5,725,29255.9,798.5,267.1,27.5,81.6,13,6149.7,No,Pune
HSE02886,4,1679,24974.5,954.1,412.2,21.8,112.3,7,6452.07,No,Madurai
HSE02887,4,1077,47060.38,734.1,259.0,23.2,75.4,12,5131.49,Yes,Salem
HSE02888,1,1679,76268.57,875.7,396.5,27.1,93.8,11,7102.67,No,Pune
HSE02889,1,1340,34638.91,721.7,298.4,30.6,24.4,15,5910.99,Yes,Kochi
HSE02890,6,801,80594.8,759.1,401.4,33.4,21.5,8,6553.44,No,Bangalore
HSE02891,5,1313,64827.84,925.7,403.0,28.1,64.9,4,7334.49,Yes,Bangalore
HSE02892,4,1564,110320.66,579.1,182.0,25.4,18.4,3,3854.32,No,Pune
HSE02893,6,1165,38333.29,973.7,455.2,28.4,40.0,14,6219.72,No,Pune
HSE02894,6,1233,26693.52,1051.5,357.8,29.1,74.4,13,8356.5,Yes,Madurai
HSE02895,2,952,72000.78,788.7,261.6,34.2,102.7,3,6635.85,No,Coimbatore
HSE02896,7,1211,62382.0,1021.6,375.5,34.0,58.0,9,6468.35,Yes,Delhi
HSE02897,1,1307,60247.27,709.2,179.9,25.0,22.9,14,5894.41,No,Delhi
HSE02898,5,940,34322.83,804.0,434.8,30.8,47.2,4,5701.07,No,Pune
HSE02899,4,714,77956.5,815.2,334.0,25.6,50.6,9,5341.75,No,Coimbatore
HSE02900,6,1780,41359.06,737.1,355.3,25.7,29.2,3,5767.73,No,Kochi
HSE02901,4,1472,60235.41,652.3,213.5,33.2,14.4,6,5279.54,No,Bangalore
HSE02902,2,954,44724.77,758.9,359.7,28.2,75.4,12,4393.62,No,Delhi
HSE02903,5,1299,64509.01,877.0,368.5,31.6,40.7,15,6578.15,Yes,Mumbai
HSE02904,6,535,32121.46,1015.2,383.0,31.1,69.3,13,8764.36,Yes,Hyderabad
HSE02905,4,400,68867.78,605.5,327.7,28.7,54.7,6,4871.8,No,Pune
HSE02906,1,1688,73939.59,449.7,179.0,30.3,40.8,7,3120.97,No,Salem
HSE02907,7,1303,57946.68,1130.9,505.8,29.8,37.2,12,9875.13,No,Bangalore
HSE02908,2,1179,115248.04,460.5,117.2,24.4,45.0,3,3321.18,No,Pune
HSE02909,5,1305,60373.81,878.5,299.1,30.9,64.6,9,5794.62,No,Bangalore
HSE02910,2,2652,83160.49,879.3,454.3,26.2,6.9,13,6260.03,No,Kochi
HSE02911,1,1591,57335.54,502.4,240.0,24.7,63.6,4,4354.77,Yes,Hyderabad
HSE02912,5,730,79882.97,1029.1,423.0,32.4,60.6,14,7581.34,Yes,Hyderabad
HSE02913,2,444,27587.04,680.2,353.7,26.6,75.0,13,5523.3,No,Pune
HSE02914,3,1675,55821.46,1057.9,418.8,33.4,105.8,15,9579.3,Yes,Hyderabad
HSE02915,1,1585,33122.48,890.0,373.8,33.4,29.8,13,7263.85,No,Chennai
HSE02916,1,1459,58587.74,718.4,262.0,27.1,16.3,15,4765.21,No,Salem
HSE02917,1,834,65380.23,654.9,285.5,33.3,52.8,4,5077.05,No,Mumbai
HSE02918,3,1363,79099.54,780.9,270.0,27.4,50.2,10,6249.68,No,Delhi
HSE02919,3,874,68565.72,736.3,269.2,28.7,37.8,11,4849.31,No,Delhi
HSE02920,4,1498,47264.02,785.3,424.0,31.0,61.8,8,5542.61,No,Madurai
HSE02921,6,1642,39181.91,1071.7,303.7,37.2,31.2,13,8869.81,No,Chennai
HSE02922,7,955,19167.14,746.8,210.3,32.8,41.0,3,5029.8,No,Coimbatore
HSE02923,2,1709,56730.78,592.1,155.7,28.8,63.5,3,4024.39,No,Bangalore
HSE02924,4,1252,91777.85,861.6,298.1,29.4,38.3,13,6959.03,Yes,Mumbai
HSE02925,2,1421,57749.24,710.1,262.4,22.7,50.3,9,6209.39,No,Chennai
HSE02926,7,611,52941.89,864.4,240.6,33.0,38.4,10,5444.28,No,Delhi
HSE02927,6,1304,58657.12,769.9,319.3,32.6,23.2,5,5557.69,Yes,Coimbatore
HSE02928,3,896,46194.65,755.4,321.0,30.1,74.4,11,5844.41,Yes,Pune
HSE02929,6,1414,60043.47,957.6,455.2,31.9,70.6,6,7796.43,Yes,Delhi
HSE02930,3,1860,45837.36,759.7,412.4,20.9,69.3,6,7154.81,Yes,Chennai
HSE02931,7,1330,36702.19,833.1,363.1,24.7,43.0,5,6922.08,No,Chennai
HSE02932,6,795,53167.58,1080.2,306.2,36.2,77.7,10,8287.63,No,Pune
HSE02933,4,1482,52648.45,892.6,246.9,28.0,79.7,11,7803.31,No,Pune
HSE02934,5,1381,127888.62,899.7,434.8,32.0,98.6,3,5465.54,No,Kochi
HSE02935,4,2126,38274.07,797.0,354.7,26.0,43.5,4,4977.78,No,Bangalore
HSE02936,2,1314,51192.06,638.9,190.8,27.2,52.3,3,4916.75,No,Salem
HSE02937,4,937,49000.66,713.3,232.5,36.4,23.1,6,5270.56,No,Delhi
HSE02938,7,1547,44964.62,1156.0,549.2,28.4,105.7,12,7504.47,No,Coimbatore
HSE02939,1,1143,69285.15,722.2,303.2,31.1,39.0,9,4998.17,No,Hyderabad
HSE02940,2,1236,150568.26,583.1,248.1,29.5,18.9,9,4637.26,No,Delhi
HSE02941,6,782,47606.1,1143.7,358.0,30.0,100.2,14,9976.69,No,Chennai
HSE02942,2,1145,69372.17,649.8,285.1,29.8,42.5,8,4274.05,Yes,Madurai
HSE02943,5,1214,23260.71,1001.7,482.0,21.1,129.0,15,7732.83,Yes,Pune
HSE02944,3,1142,46073.82,942.0,485.7,30.9,48.3,13,6411.14,No,Coimbatore
HSE02945,6,934,110740.73,716.6,337.5,26.8,29.1,7,5624.01,No,Madurai
HSE02946,2,1330,53655.93,923.5,390.6,36.1,76.0,13,6863.35,No,Bangalore
HSE02947,6,784,68950.32,599.1,270.8,25.9,40.9,6,5295.01,Yes,Hyderabad
HSE02948,6,678,41558.21,841.8,333.0,27.1,67.9,14,5258.13,No,Pune
HSE02949,6,1519,61758.64,1079.8,343.5,38.8,30.2,15,8133.71,Yes,Delhi
HSE02950,3,1478,114672.76,1014.1,521.9,31.9,63.6,10,6878.35,No,Hyderabad
HSE02951,7,612,32632.08,709.1,290.6,25.1,36.9,9,5662.95,No,Chennai
HSE02952,4,400,147124.23,947.7,405.9,29.7,73.1,13,7865.52,Yes,Hyderabad
HSE02953,6,746,27430.58,794.5,434.6,24.1,44.9,13,7011.98,No,Mumbai
HSE02954,1,1142,44205.86,637.4,347.7,30.0,52.2,12,4664.97,No,Mumbai
HSE02955,7,1719,37756.98,763.4,325.1,25.8,40.4,3,6426.23,No,Mumbai
HSE02956,5,1131,48653.6,815.1,212.1,36.5,46.1,8,5427.42,Yes,Mumbai
HSE02957,3,854,37536.99,646.7,238.5,30.7,72.4,4,4152.47,No,Hyderabad
HSE02958,2,1267,36277.92,532.5,282.9,31.1,22.8,6,4455.3,No,Mumbai
HSE02959,3,1149,32242.88,642.1,216.1,32.8,56.1,7,3687.96,No,Chennai
HSE02960,2,579,73490.59,1180.5,649.0,33.2,166.3,10,7148.98,No,Coimbatore
HSE02961,3,581,49414.9,756.5,208.3,26.2,92.2,8,5299.13,No,Mumbai
HSE02962,2,593,43928.07,630.7,265.2,29.4,43.0,13,4836.41,No,Coimbatore
HSE02963,6,2316,62448.91,910.0,368.2,27.2,50.5,4,5758.96,No,Coimbatore
HSE02964,4,1587,28071.29,816.9,266.8,37.4,35.3,7,6841.77,No,Chennai
HSE02965,2,933,63130.3,357.3,191.0,19.9,66.5,7,2543.12,Yes,Chennai
HSE02966,2,1699,52727.49,811.8,353.7,26.7,19.2,8,6026.45,Yes,Bangalore
HSE02967,1,944,53461.73,478.8,152.8,28.7,36.8,3,3651.99,No,Bangalore
HSE02968,2,1684,69474.39,671.5,245.2,29.5,29.1,10,5181.02,No,Coimbatore
HSE02969,1,1236,115228.72,411.3,191.8,29.5,36.2,5,3160.58,No,Chennai
HSE02970,5,904,63603.71,666.0,226.0,28.8,54.4,7,5762.55,No,Coimbatore
HSE02971,6,1506,50269.05,884.2,454.4,28.4,7.7,9,7875.37,No,Bangalore
HSE02972,1,1262,32302.45,672.7,201.6,30.0,39.4,5,4698.01,No,Pune
HSE02973,4,1379,18755.09,890.6,293.3,30.8,34.2,12,7667.84,No,Chennai
HSE02974,7,1297,58257.98,1172.0,343.9,36.2,81.7,15,8176.27,No,Delhi
HSE02975,6,1292,31202.5,1003.2,282.2,36.1,25.6,8,5895.36,No,Coimbatore
HSE02976,1,1560,17535.28,723.4,246.0,30.2,54.9,7,6231.06,Yes,Coimbatore
HSE02977,6,2363,46966.82,1009.3,554.9,27.0,43.1,9,6597.56,Yes,Hyderabad
HSE02978,6,1762,61258.34,1115.5,310.4,27.3,85.1,12,6783.17,No,Hyderabad
HSE02979,6,1299,76881.86,866.4,272.0,23.7,78.6,13,7165.07,No,Chennai
HSE02980,5,1060,88667.73,925.9,306.9,32.8,115.8,5,7974.83,No,Chennai
HSE02981,4,1110,81565.28,962.6,419.4,28.8,86.9,15,6124.91,No,Coimbatore
HSE02982,3,635,82557.25,677.1,320.7,30.7,57.3,4,5560.06,No,Pune
HSE02983,3,1499,28408.88,727.3,345.9,30.3,75.5,6,6045.07,No,Bangalore
HSE02984,1,743,51419.38,440.1,111.2,26.2,40.7,5,4123.71,No,Chennai
HSE02985,6,1032,71397.24,743.5,331.3,25.7,51.1,6,5482.15,No,Pune
HSE02986,1,1502,56159.83,723.7,317.9,27.2,52.5,9,5803.02,No,Coimbatore
HSE02987,5,1093,51291.04,782.7,317.2,30.9,26.5,7,6588.57,No,Chennai
HSE02988,5,978,55699.64,782.0,284.5,28.7,83.4,6,6568.68,Yes,Chennai
HSE02989,2,661,61425.4,772.9,378.1,21.9,101.5,8,6098.28,Yes,Chennai
HSE02990,5,1742,53129.43,732.3,258.6,24.9,43.5,9,5464.47,No,Coimbatore
HSE02991,2,825,37581.33,786.9,251.0,27.9,45.6,14,5833.42,No,Madurai
HSE02992,4,936,25560.86,726.5,249.2,28.9,31.3,13,6692.86,No,Kochi
HSE02993,1,400,50175.2,469.8,179.4,31.1,21.2,7,3497.85,Yes,Bangalore
HSE02994,7,1191,56441.26,1095.3,344.2,29.2,70.8,14,6614.31,No,Hyderabad
HSE02995,4,1050,56165.01,670.4,289.8,27.5,22.2,9,5581.73,Yes,Hyderabad
HSE02996,5,1282,84448.99,700.2,360.8,27.4,21.3,5,4392.19,Yes,Hyderabad
HSE02997,4,671,91478.69,820.5,351.7,29.8,68.3,9,6393.38,No,Pune
HSE02998,4,1530,52484.76,1005.2,386.0,30.7,52.9,14,6396.13,Yes,Hyderabad
HSE02999,4,400,52654.09,698.2,341.5,27.7,71.0,5,5320.54,No,Chennai
HSE03000,5,1159,71182.08,587.2,278.6,24.7,28.8,8,5462.31,No,Coimbatore
HSE03001,7,1252,66638.33,1195.6,430.6,28.6,124.2,10,9826.1,No,Madurai
HSE03002,6,1226,45068.43,831.8,358.7,26.4,26.0,15,5566.68,No,Coimbatore
HSE03003,4,1271,73987.0,666.3,312.5,30.2,34.2,8,5906.77,No,Madurai
HSE03004,2,1555,51493.97,795.5,257.5,34.9,29.6,12,5504.42,Yes,Delhi
HSE03005,5,1796,51989.06,1137.1,409.2,23.6,122.1,13,8243.36,Yes,Bangalore
HSE03006,4,1130,66850.54,751.1,211.6,33.6,37.2,5,5495.59,No,Chennai
HSE03007,7,764,48029.15,979.5,535.1,30.9,24.5,14,9009.47,No,Bangalore
HSE03008,6,1452,57393.77,1380.4,380.7,33.4,160.2,7,8479.0,Yes,Hyderabad
HSE03009,5,1074,62880.0,1045.4,314.2,27.3,111.1,11,8362.73,Yes,Delhi
HSE03010,3,1769,79444.89,914.7,360.3,23.2,93.2,10,6458.1,No,Delhi
HSE03011,6,929,77014.71,1027.0,523.3,29.7,107.6,8,6659.73,Yes,Hyderabad
HSE03012,2,814,62022.87,744.0,265.4,34.6,25.2,11,6754.6,No,Bangalore
HSE03013,4,1265,17002.96,885.8,425.7,24.8,115.9,4,6811.22,No,Pune
HSE03014,7,417,61365.09,850.7,385.2,25.4,41.7,15,7248.07,No,Madurai
HSE03015,3,990,65784.34,1000.5,441.8,31.3,58.6,13,6743.98,No,Madurai
HSE03016,7,1052,72078.17,861.4,433.7,27.0,47.0,11,6984.56,No,Mumbai
HSE03017,3,1299,35770.44,1172.4,298.1,35.7,101.0,12,9862.61,No,Coimbatore
HSE03018,5,752,21166.06,692.2,366.0,31.6,7.1,15,5295.05,No,Coimbatore
HSE03019,3,804,79052.3,673.9,336.1,26.1,22.8,12,5574.64,Yes,Bangalore
HSE03020,2,1721,31699.35,990.6,526.4,26.7,107.5,8,8889.38,No,Pune
HSE03021,2,1194,95326.66,507.4,247.6,26.9,31.6,11,4231.32,Yes,Hyderabad
HSE03022,1,1589,42391.16,950.9,488.4,28.8,98.9,14,6951.94,No,Mumbai
HSE03023,2,956,34643.33,618.7,192.4,30.2,30.6,6,4808.48,No,Kochi
HSE03024,6,1175,64370.99,838.4,289.9,29.9,40.7,7,6891.88,Yes,Coimbatore
HSE03025,3,1297,72574.41,876.7,302.1,24.5,129.7,4,5195.48,No,Madurai
HSE03026,2,1986,70653.9,862.2,243.8,32.6,75.1,5,6680.79,No,Bangalore
HSE03027,5,1102,68927.68,627.8,294.4,27.8,53.5,3,5642.78,No,Coimbatore
HSE03028,7,1125,39997.92,1016.3,295.6,25.3,65.0,6,8958.99,No,Kochi
HSE03029,7,1694,27666.54,1125.3,299.1,27.1,87.1,14,9522.2,Yes,Madurai
HSE03030,1,1029,46154.03,637.8,307.8,33.1,51.7,4,4166.92,No,Pune
HSE03031,7,1328,32843.86,1051.0,548.0,29.8,68.1,14,9398.96,No,Pune
HSE03032,3,1655,66818.51,921.5,441.6,30.1,162.1,4,7184.37,Yes,Kochi
HSE03033,1,941,81511.55,293.2,145.9,24.3,23.9,3,1923.49,No,Hyderabad
HSE03034,3,1353,59444.71,729.8,312.9,29.5,53.2,12,6132.84,No,Delhi
HSE03035,5,1985,54976.62,1104.2,570.1,33.0,35.2,14,9374.1,No,Chennai
HSE03036,1,1615,47829.3,386.4,154.2,21.8,26.9,4,2555.94,No,Chennai
HSE03037,4,1328,85497.78,696.3,380.5,27.4,52.8,6,5957.44,No,Mumbai
HSE03038,6,1099,24134.01,736.2,206.9,31.5,27.3,8,6512.55,No,Pune
HSE03039,6,928,31962.56,885.7,436.4,29.6,24.6,15,5448.3,No,Bangalore
HSE03040,3,755,125131.25,650.3,287.7,24.9,45.1,14,5853.4,No,Bangalore
HSE03041,7,1879,31268.2,1150.3,488.0,30.6,67.0,9,10100.01,No,Salem
HSE03042,4,1792,69846.48,852.2,398.6,24.3,63.9,9,5009.05,Yes,Hyderabad
HSE03043,1,904,76622.34,508.9,255.5,25.5,45.6,9,3361.39,No,Salem
HSE03044,4,1352,23115.89,664.4,338.1,25.9,19.1,6,4903.7,No,Kochi
HSE03045,4,1250,25201.39,874.1,264.5,35.2,18.3,14,6534.21,No,Mumbai
HSE03046,7,1733,97169.28,881.0,272.3,22.3,59.7,7,7442.25,No,Coimbatore
HSE03047,1,1372,35499.14,488.3,124.4,22.6,32.2,13,3227.2,No,Chennai
HSE03048,5,1190,35938.13,947.3,274.3,30.1,55.0,14,8546.42,No,Bangalore
HSE03049,7,956,43507.74,850.8,280.1,29.4,50.8,5,7474.54,No,Delhi
HSE03050,4,1353,35538.49,639.6,298.3,27.1,12.0,3,4382.67,Yes,Bangalore
HSE03051,4,1043,69696.75,921.5,361.9,29.1,108.6,10,6969.28,No,Kochi
HSE03052,5,1299,32311.28,889.8,424.8,24.7,18.1,12,6891.51,Yes,Delhi
HSE03053,4,1166,22708.54,871.4,345.0,29.4,41.4,13,6754.85,No,Bangalore
HSE03054,4,1032,92544.87,577.7,240.7,29.8,20.7,9,4006.54,No,Pune
HSE03055,4,762,33033.54,725.2,205.5,33.9,31.7,11,4903.13,No,Bangalore
HSE03056,6,1431,39209.72,1120.6,541.2,36.6,34.2,12,6812.06,No,Coimbatore
HSE03057,7,1219,79899.47,896.0,427.8,27.9,36.3,6,5887.68,No,Chennai
HSE03058,2,2004,56766.31,782.3,267.8,23.9,42.2,14,6564.35,No,Coimbatore
HSE03059,7,735,90729.88,1218.0,424.6,30.5,121.8,14,8371.29,Yes,Kochi
HSE03060,5,1481,80450.91,663.5,209.6,28.5,26.2,7,3913.21,No,Mumbai
HSE03061,4,1163,44848.47,886.1,437.9,28.3,68.3,7,6823.99,No,Mumbai
HSE03062,7,2145,87112.22,1114.2,528.2,22.6,92.8,15,6844.58,No,Delhi
HSE03063,6,1447,59313.15,1016.2,439.8,29.4,64.2,9,6584.47,Yes,Delhi
HSE03064,5,1346,42016.34,1248.5,401.6,30.7,103.7,15,10054.54,No,Mumbai
HSE03065,3,1164,62678.21,882.8,266.2,33.0,64.6,11,7020.42,No,Kochi
HSE03066,7,884,30510.63,982.0,260.3,27.0,63.5,10,6020.18,No,Hyderabad
HSE03067,3,1340,80043.05,979.4,258.3,25.7,94.3,9,7263.23,No,Pune
HSE03068,4,578,75504.08,617.2,189.0,26.9,58.3,3,4738.03,No,Pune
HSE03069,6,599,58061.02,1074.7,301.1,32.7,93.0,14,8337.02,No,Chennai
HSE03070,6,1656,23199.03,1088.8,453.8,34.5,58.2,12,8946.14,No,Hyderabad
HSE03071,7,407,92463.63,1084.1,387.5,33.5,92.1,15,7691.95,No,Kochi
HSE03072,5,1056,66955.28,990.1,379.7,31.6,115.3,8,7372.7,No,Kochi
HSE03073,5,728,54434.71,820.1,351.2,28.9,38.2,12,6914.62,No,Coimbatore
HSE03074,6,1019,50705.44,837.3,374.9,29.5,34.7,11,7258.55,Yes,Chennai
HSE03075,5,1283,43198.66,1159.6,515.4,30.1,103.5,15,9959.47,No,Bangalore
HSE03076,6,1643,47102.28,941.4,309.0,28.0,91.1,9,6936.81,No,Coimbatore
HSE03077,7,1748,77748.61,809.5,399.0,32.6,13.5,3,6204.18,No,Chennai
HSE03078,2,786,43589.07,672.7,353.4,22.4,55.4,11,5254.43,No,Chennai
HSE03079,6,990,48613.3,865.4,298.4,23.1,129.2,5,7187.79,No,Chennai
HSE03080,3,3024,51931.02,810.7,206.8,22.4,22.7,11,6556.63,No,Bangalore
HSE03081,5,1087,52575.19,491.2,255.3,25.8,20.5,6,3235.01,No,Kochi
HSE03082,6,803,41650.69,793.2,418.1,34.4,31.0,11,5073.34,Yes,Chennai
HSE03083,6,878,50944.84,887.0,235.3,24.2,36.6,15,6545.72,No,Mumbai
HSE03084,7,1090,64188.53,724.4,182.2,24.4,15.4,10,4922.69,No,Mumbai
HSE03085,5,1023,36604.5,801.1,396.5,25.7,22.9,9,7137.47,No,Kochi
HSE03086,2,1095,51051.07,611.8,208.3,33.4,14.4,6,4234.08,No,Bangalore
HSE03087,7,1190,131141.39,1092.2,572.7,34.7,54.3,11,6962.7,No,Chennai
HSE03088,2,1187,53459.17,638.4,201.1,33.1,53.7,6,5815.86,No,Madurai
HSE03089,7,770,36184.93,972.1,494.2,33.3,104.1,3,5965.13,No,Kochi
HSE03090,5,1366,34329.25,903.0,244.3,35.6,57.0,8,6403.82,No,Mumbai
HSE03091,1,1254,31124.5,477.2,156.6,21.8,67.6,6,3469.12,No,Coimbatore
HSE03092,5,1423,114381.08,954.5,517.3,24.1,71.8,12,7370.34,No,Coimbatore
HSE03093,5,428,86569.13,606.5,193.7,26.2,25.5,5,4035.26,Yes,Chennai
HSE03094,2,1271,30784.21,743.3,215.5,29.4,23.4,14,5601.86,No,Chennai
HSE03095,2,400,60551.91,419.2,212.6,29.4,21.0,7,3171.04,No,Coimbatore
HSE03096,5,1121,95441.11,737.3,210.4,29.5,36.6,5,5768.48,Yes,Chennai
HSE03097,5,1496,54007.48,804.9,224.8,32.3,34.6,13,5862.83,Yes,Bangalore
HSE03098,5,1671,44084.44,901.0,312.7,21.3,50.1,11,7581.56,No,Pune
HSE03099,2,1351,150767.37,784.2,345.5,28.4,75.0,14,5789.81,No,Delhi
HSE03100,5,1504,23334.38,843.5,390.7,30.1,67.5,8,6212.45,No,Coimbatore
HSE03101,5,1065,179826.87,681.5,350.5,27.7,34.4,5,5288.39,No,Salem
HSE03102,4,971,56505.21,686.7,283.1,29.8,30.6,7,4463.01,No,Pune
HSE03103,1,2412,98300.27,816.8,300.6,33.1,33.1,10,4958.16,Yes,Chennai
HSE03104,3,1572,32042.31,684.1,244.7,29.2,36.0,10,5708.31,No,Coimbatore
HSE03105,1,672,39678.93,673.3,339.4,37.6,17.3,8,4376.61,No,Coimbatore
HSE03106,4,419,33830.16,619.3,289.3,32.8,57.5,7,4993.1,No,Pune
HSE03107,3,991,52555.47,847.3,442.0,30.1,129.6,7,5201.09,Yes,Chennai
HSE03108,7,1736,63168.76,895.0,482.6,31.0,48.5,3,7458.61,No,Coimbatore
HSE03109,5,1222,88889.51,699.8,237.9,32.0,49.9,4,6033.47,Yes,Bangalore
HSE03110,4,400,25461.77,1005.8,411.3,35.7,62.4,14,7363.19,Yes,Delhi
HSE03111,7,1120,59023.22,883.4,388.3,33.7,22.5,13,6518.16,No,Bangalore
HSE03112,5,1199,82272.93,857.2,256.4,31.1,31.2,6,6169.32,Yes,Hyderabad
HSE03113,2,400,89507.0,557.8,148.4,26.1,33.4,8,5118.64,Yes,Chennai
HSE03114,6,1211,45109.8,971.0,495.5,30.7,21.8,13,5957.17,No,Bangalore
HSE03115,4,744,45363.1,1104.6,453.6,31.3,114.6,9,8426.8,Yes,Bangalore
HSE03116,2,400,52768.91,620.3,261.3,32.1,73.8,3,5185.16,Yes,Hyderabad
HSE03117,4,1922,59803.06,862.3,359.1,26.1,76.9,10,6459.61,No,Hyderabad
HSE03118,4,724,98839.98,820.5,391.0,32.0,38.7,14,5742.68,No,Coimbatore
HSE03119,2,900,31905.87,567.7,166.7,32.2,52.3,3,3934.68,Yes,Coimbatore
HSE03120,3,894,38610.3,576.1,250.2,24.2,36.7,11,4641.73,No,Chennai
HSE03121,1,1201,30210.76,509.4,199.1,24.2,41.8,6,3148.56,Yes,Coimbatore
HSE03122,5,1995,66674.5,1062.1,551.3,33.5,50.0,14,7908.39,No,Chennai
HSE03123,4,662,90282.97,596.7,242.2,25.6,43.4,9,3973.59,No,Coimbatore
HSE03124,5,1062,29017.47,961.3,512.3,35.2,49.7,13,6332.79,No,Bangalore
HSE03125,6,1254,57239.81,777.0,276.6,27.9,15.8,8,5728.01,No,Chennai
HSE03126,2,809,87390.33,759.5,410.2,30.5,22.8,15,6632.29,No,Madurai
HSE03127,5,1055,78286.82,714.0,366.0,30.3,36.6,11,5527.87,Yes,Kochi
HSE03128,2,1468,77872.46,543.7,231.2,26.1,40.7,4,4460.69,No,Bangalore
HSE03129,5,860,32197.51,906.5,322.8,34.6,40.7,13,7020.2,No,Hyderabad
HSE03130,1,1048,77756.23,585.6,212.4,27.9,66.3,9,5009.25,No,Salem
HSE03131,1,1006,50585.59,712.3,343.2,29.2,55.6,13,5587.29,No,Hyderabad
HSE03132,1,1153,89024.0,535.1,227.0,21.1,60.6,7,4615.95,No,Kochi
HSE03133,1,1309,67320.05,674.8,250.0,23.7,33.1,15,5125.42,No,Kochi
HSE03134,1,1464,38105.47,676.5,298.2,33.5,25.3,9,5027.4,No,Madurai
HSE03135,1,2072,62352.18,562.9,264.5,29.0,42.8,3,4402.09,Yes,Bangalore
HSE03136,2,400,79492.72,844.9,217.0,26.7,70.8,13,5785.08,No,Coimbatore
HSE03137,4,1125,43792.8,1070.6,296.5,26.7,111.9,13,7038.29,No,Coimbatore
HSE03138,5,586,58282.05,830.9,231.3,31.2,33.7,12,5529.73,Yes,Mumbai
HSE03139,1,1027,30140.17,1009.0,322.5,34.0,111.7,11,7983.82,No,Hyderabad
HSE03140,2,1596,70414.38,534.8,202.2,26.8,23.5,3,3231.4,Yes,Chennai
HSE03141,2,1739,53624.95,774.5,380.4,33.4,16.8,7,5683.57,No,Chennai
HSE03142,2,1760,82986.01,743.9,264.3,28.4,39.9,10,6450.23,Yes,Delhi
HSE03143,4,1756,69527.56,696.1,177.7,31.0,25.4,3,5243.23,No,Bangalore
HSE03144,5,1122,45791.81,696.9,275.3,21.9,30.4,9,4876.06,Yes,Mumbai
HSE03145,4,1829,37579.82,884.7,485.7,22.6,80.9,4,7561.89,Yes,Delhi
HSE03146,3,1919,33884.35,1067.4,378.6,32.3,76.5,9,7214.05,No,Hyderabad
HSE03147,7,1262,43771.95,1004.7,540.9,30.1,55.7,9,7566.68,No,Chennai
HSE03148,2,1730,81984.21,865.7,242.7,30.6,53.1,11,6598.91,No,Kochi
HSE03149,3,1219,24953.47,645.8,195.0,24.7,30.1,8,4024.14,No,Coimbatore
HSE03150,6,1835,34510.27,919.6,429.7,27.3,43.1,6,5744.09,No,Kochi
HSE03151,1,1127,80954.15,596.8,238.9,22.3,38.8,9,3952.36,Yes,Kochi
HSE03152,7,926,100019.15,723.0,346.7,25.6,19.5,9,4587.55,No,Mumbai
HSE03153,1,696,35336.34,860.9,438.3,28.9,123.0,6,5851.63,No,Mumbai
HSE03154,4,1122,34338.57,696.5,226.6,30.3,39.5,4,6138.08,No,Bangalore
HSE03155,7,1238,103601.86,952.4,433.2,26.1,24.0,15,7028.98,No,Kochi
HSE03156,5,774,52024.55,879.9,380.4,31.2,18.2,13,7262.51,No,Chennai
HSE03157,3,1087,36773.93,853.7,434.1,28.8,62.8,11,6478.67,No,Mumbai
HSE03158,5,963,88006.55,1085.9,411.6,28.1,117.1,10,8593.7,No,Coimbatore
HSE03159,4,715,68985.72,951.9,252.8,29.3,138.4,7,6340.01,Yes,Madurai
HSE03160,1,1666,76617.65,885.5,373.9,37.4,44.9,7,5960.42,No,Madurai
HSE03161,7,1745,37646.33,884.5,475.6,28.4,39.5,3,6740.24,No,Delhi
HSE03162,5,1664,65105.21,1025.8,261.0,32.8,50.4,13,8926.38,No,Bangalore
HSE03163,5,1162,96366.82,971.9,313.0,31.2,49.8,11,5626.13,No,Chennai
HSE03164,1,1190,73382.88,766.3,264.2,28.0,12.0,13,5751.34,No,Hyderabad
HSE03165,7,722,83202.27,699.6,335.6,22.8,36.5,12,3990.97,No,Pune
HSE03166,3,1387,103414.72,766.3,265.9,26.5,57.7,13,5711.22,No,Mumbai
HSE03167,1,1276,66671.97,917.6,295.2,29.3,64.7,10,7105.29,No,Hyderabad
HSE03168,5,2480,42650.06,1028.5,457.2,28.6,67.5,7,8682.44,Yes,Kochi
HSE03169,3,1689,81616.64,943.1,248.9,34.2,49.4,12,6018.01,Yes,Bangalore
HSE03170,3,1342,33440.43,603.0,181.6,26.1,23.3,8,3780.72,No,Kochi
HSE03171,1,1181,49763.88,795.8,296.4,28.4,44.2,14,6113.01,Yes,Hyderabad
HSE03172,5,1651,71662.59,1297.7,462.9,31.1,95.1,12,11514.72,Yes,Coimbatore
HSE03173,4,788,12929.52,778.1,275.6,27.9,60.2,13,5660.77,No,Pune
HSE03174,5,1713,61617.24,967.9,273.5,32.9,40.5,12,7132.97,No,Kochi
HSE03175,2,711,62938.93,870.4,311.8,24.6,145.5,10,6285.83,Yes,Hyderabad
HSE03176,7,947,32988.61,835.3,408.8,22.9,50.9,8,4973.55,Yes,Hyderabad
HSE03177,6,400,63686.36,882.9,330.3,27.9,43.7,12,7571.45,Yes,Pune
HSE03178,4,1476,59908.0,941.0,400.7,28.7,70.9,6,6450.59,Yes,Madurai
HSE03179,3,1312,55847.26,659.4,197.2,29.9,21.8,5,5209.44,Yes,Salem
HSE03180,4,947,93932.68,907.1,245.7,29.6,39.4,9,6779.49,No,Bangalore
HSE03181,7,782,81682.71,896.4,460.7,27.4,44.3,15,7204.71,Yes,Mumbai
HSE03182,3,1820,73356.09,465.0,162.5,23.0,15.0,4,2885.45,No,Kochi
HSE03183,7,1140,34689.38,1021.0,362.6,28.5,53.7,9,8894.88,No,Hyderabad
HSE03184,3,855,54572.47,583.6,299.6,24.8,64.5,3,4114.31,No,Hyderabad
HSE03185,4,2065,93721.61,855.7,395.6,29.3,34.3,15,7131.11,Yes,Mumbai
HSE03186,3,904,49935.66,744.6,355.1,24.6,72.9,12,6228.69,No,Bangalore
HSE03187,3,1712,110691.95,925.6,420.8,30.5,87.1,7,6812.44,No,Chennai
HSE03188,2,682,74326.7,863.7,243.3,35.7,93.3,11,5821.8,No,Coimbatore
HSE03189,5,1040,118704.29,721.4,387.7,26.1,23.8,15,6320.4,No,Mumbai
HSE03190,5,1426,34022.9,883.1,461.6,23.9,52.5,15,5867.99,No,Bangalore
HSE03191,6,1174,51302.39,818.6,262.7,33.6,68.5,3,6938.48,No,Madurai
HSE03192,6,1310,53531.71,1065.8,523.5,36.1,52.4,10,7226.92,No,Chennai
HSE03193,2,958,72248.47,599.7,223.6,24.0,83.7,11,4393.51,No,Bangalore
HSE03194,6,481,39447.25,842.0,383.2,28.6,55.0,11,5307.56,No,Salem
HSE03195,7,1860,26679.89,997.6,299.0,30.9,23.3,10,5986.45,No,Mumbai
HSE03196,4,985,65204.09,795.3,327.3,28.0,84.5,6,5071.2,No,Bangalore
HSE03197,1,1330,46638.21,642.9,185.1,22.0,51.5,9,4233.92,Yes,Kochi
HSE03198,7,1516,44501.35,876.6,360.2,23.5,113.8,3,7502.56,No,Pune
HSE03199,1,1339,40268.49,457.0,147.6,23.9,23.4,9,3878.03,No,Mumbai
HSE03200,1,881,58153.33,515.0,198.7,24.8,52.0,8,2764.81,No,Madurai
HSE03201,2,1722,33877.37,966.2,435.2,29.3,109.1,7,6370.94,Yes,Coimbatore
HSE03202,7,1431,50397.68,940.3,482.5,33.4,55.7,3,7755.84,No,Bangalore
HSE03203,2,1289,37879.59,875.0,262.1,23.6,75.4,10,6002.09,No,Kochi
HSE03204,3,1279,41812.83,826.1,427.9,25.9,88.9,12,6991.39,No,Bangalore
HSE03205,1,1957,64492.42,470.8,172.8,24.6,50.2,3,3650.86,No,Madurai
HSE03206,4,871,73734.27,712.6,358.5,30.2,28.4,3,5756.53,Yes,Coimbatore
HSE03207,6,1387,47922.54,775.7,313.2,25.7,80.9,5,6056.2,No,Bangalore
HSE03208,4,962,85017.48,836.3,425.4,25.0,44.7,15,6708.14,No,Bangalore
HSE03209,6,400,35502.82,510.0,228.9,22.6,11.4,10,3302.1,No,Delhi
HSE03210,1,400,27753.97,662.1,266.6,34.4,97.8,10,5061.97,No,Chennai
HSE03211,1,743,30144.03,931.7,320.3,37.8,121.8,9,5441.8,No,Coimbatore
HSE03212,1,904,33899.5,593.5,320.9,29.3,33.3,7,4816.46,No,Salem
HSE03213,2,2178,30463.56,830.8,407.3,34.9,48.9,10,6163.56,No,Madurai
HSE03214,7,1514,136572.07,1122.8,409.1,26.7,127.6,4,9410.28,No,Bangalore
HSE03215,6,1555,27377.84,1183.0,354.9,29.0,110.3,10,7973.47,No,Hyderabad
HSE03216,7,913,83862.3,986.4,477.3,31.6,68.7,14,7311.03,No,Hyderabad
HSE03217,2,1228,54381.56,884.8,484.0,26.0,104.5,13,5642.59,No,Kochi
HSE03218,2,2238,60849.49,809.2,270.0,28.4,42.9,4,6294.17,Yes,Mumbai
HSE03219,5,654,36589.26,750.0,393.6,27.9,19.2,12,6146.78,No,Kochi
HSE03220,4,1405,63674.67,920.3,264.7,30.8,92.8,7,7581.38,No,Madurai
HSE03221,4,1925,36454.68,970.4,519.8,29.2,47.9,13,8629.2,No,Mumbai
HSE03222,3,1635,83310.78,700.6,331.8,26.1,15.9,15,6355.26,No,Chennai
HSE03223,2,2011,86471.45,748.4,264.9,27.8,34.1,6,6294.23,No,Hyderabad
HSE03224,6,1296,51761.43,1115.0,380.6,33.5,41.9,15,7333.45,No,Kochi
HSE03225,5,1472,53309.76,781.1,346.1,31.2,45.0,3,5099.2,No,Mumbai
HSE03226,5,1249,66823.78,781.9,334.7,30.8,30.6,7,5622.01,Yes,Madurai
HSE03227,7,1440,65304.27,934.2,491.1,38.0,24.8,9,8154.83,Yes,Madurai
HSE03228,4,788,87199.54,352.8,169.3,24.5,14.5,3,2403.1,No,Bangalore
HSE03229,2,1557,86096.08,549.6,226.5,31.8,14.1,4,3626.05,Yes,Hyderabad
HSE03230,3,1332,54290.8,835.1,441.2,29.2,47.3,14,7630.94,Yes,Delhi
HSE03231,2,1228,44370.83,852.2,364.6,30.4,56.7,11,5928.29,No,Coimbatore
HSE03232,7,1986,79246.41,1098.5,554.6,29.7,24.4,14,8664.66,No,Hyderabad
HSE03233,1,1081,51264.81,741.6,372.5,26.2,103.1,7,6095.18,No,Coimbatore
HSE03234,2,1744,57888.45,851.1,447.5,24.9,37.5,15,7320.17,No,Kochi
HSE03235,7,1788,69823.84,909.8,245.9,29.0,45.1,9,7920.67,Yes,Madurai
HSE03236,1,1585,85313.6,615.0,261.5,25.9,43.4,4,5217.3,No,Coimbatore
HSE03237,1,766,61850.17,401.1,156.6,27.5,12.5,9,2949.73,Yes,Delhi
HSE03238,3,1362,42228.45,1004.7,399.0,32.2,84.2,9,7023.43,No,Mumbai
HSE03239,6,2081,123468.72,964.2,374.1,24.1,67.8,9,7749.28,No,Pune
HSE03240,4,400,109506.84,678.1,339.9,28.2,105.0,7,5949.91,No,Delhi
HSE03241,2,1116,34786.58,999.9,345.5,33.2,101.2,11,7378.06,Yes,Chennai
HSE03242,1,1723,36489.92,692.0,269.1,27.0,63.0,4,4554.72,Yes,Chennai
HSE03243,2,1148,38614.47,758.2,235.2,34.9,70.6,6,5356.16,No,Chennai
HSE03244,6,1564,80574.41,625.3,203.5,22.8,23.3,4,4600.58,No,Madurai
HSE03245,4,1834,125605.7,939.1,420.8,36.3,37.7,10,5620.6,No,Hyderabad
HSE03246,6,1304,43794.59,823.5,234.8,29.1,43.2,14,6688.45,Yes,Salem
HSE03247,4,1429,59353.08,590.8,181.0,23.7,34.5,13,3730.73,No,Hyderabad
HSE03248,5,1241,39199.37,1027.9,419.8,32.3,99.8,3,6418.22,Yes,Mumbai
HSE03249,4,1334,118204.94,817.1,215.0,30.7,53.5,11,5833.31,No,Pune
HSE03250,3,2146,79718.84,1089.0,313.7,34.5,28.8,14,8336.08,Yes,Pune
HSE03251,6,1171,37949.15,1132.8,576.6,22.9,96.2,15,7945.08,No,Chennai
HSE03252,1,1041,21354.87,654.0,329.5,24.6,54.5,7,4527.48,No,Chennai
HSE03253,5,1669,87728.55,1063.3,376.8,32.1,82.2,13,9753.65,No,Coimbatore
HSE03254,3,821,42508.97,739.2,262.0,39.2,22.9,14,6374.99,No,Pune
HSE03255,2,923,80363.71,571.6,303.5,31.3,57.0,5,5041.58,Yes,Pune
HSE03256,6,926,62771.04,875.0,225.5,31.9,28.0,14,6659.92,No,Coimbatore
HSE03257,7,1085,24092.49,784.7,332.8,26.0,55.2,13,6923.71,No,Chennai
HSE03258,7,1105,38255.36,869.1,373.0,28.3,67.9,6,7304.83,No,Hyderabad
HSE03259,1,1515,46897.67,437.7,212.9,26.5,21.4,3,3809.68,No,Mumbai
HSE03260,4,1046,40578.07,625.0,334.7,31.0,46.9,5,3676.31,No,Hyderabad
HSE03261,1,1533,57951.64,658.6,235.0,32.7,22.8,13,3965.6,No,Salem
HSE03262,7,1589,65887.9,1091.8,416.4,29.7,84.7,10,7065.93,No,Pune
HSE03263,2,906,123044.39,823.0,371.5,32.2,49.8,14,7388.34,No,Coimbatore
HSE03264,5,1579,68021.87,654.8,353.7,28.9,28.8,4,5076.57,No,Chennai
HSE03265,5,1620,107590.1,839.5,434.2,34.3,33.8,4,5764.29,No,Bangalore
HSE03266,6,408,44378.97,733.9,330.3,25.6,37.0,11,5648.55,No,Bangalore
HSE03267,5,1332,92914.45,1072.7,543.9,34.7,104.1,7,9338.72,No,Pune
HSE03268,6,972,46330.2,710.4,195.8,26.1,45.9,7,5942.63,No,Bangalore
HSE03269,6,1786,36403.89,831.6,302.0,29.1,76.6,3,7134.9,No,Hyderabad
HSE03270,6,968,35718.14,994.3,252.5,24.2,47.3,15,8483.75,No,Hyderabad
HSE03271,7,597,16750.92,819.3,248.4,31.0,23.3,8,5589.7,Yes,Chennai
HSE03272,7,1187,80775.23,962.5,422.7,29.5,33.5,10,6922.48,Yes,Bangalore
HSE03273,4,796,30776.32,786.2,405.4,32.0,58.6,8,6994.59,Yes,Pune
HSE03274,3,1582,103647.79,552.2,242.9,22.1,12.6,9,4368.64,No,Kochi
HSE03275,6,836,50852.74,866.2,389.1,29.5,64.4,6,6855.05,No,Coimbatore
HSE03276,6,1192,27320.68,618.9,174.0,30.6,30.7,4,3597.82,No,Mumbai
HSE03277,3,1896,33259.97,588.7,264.6,25.0,53.2,3,3603.04,No,Mumbai
HSE03278,1,1694,59926.51,726.0,280.5,31.1,34.4,14,4903.77,Yes,Pune
HSE03279,6,1415,23602.49,783.1,348.8,19.8,71.6,8,6131.95,No,Delhi
HSE03280,4,1143,71722.78,743.8,258.7,28.5,49.3,11,5842.95,No,Kochi
HSE03281,5,1372,27798.54,1077.3,457.3,34.6,70.1,12,9447.16,Yes,Coimbatore
HSE03282,5,1510,39440.52,716.8,270.4,28.5,14.5,7,5812.33,No,Bangalore
HSE03283,2,756,60144.94,763.7,318.9,26.1,42.8,14,5034.96,Yes,Pune
HSE03284,2,1583,67881.12,757.9,222.9,28.7,30.4,4,4897.15,Yes,Kochi
HSE03285,5,704,78752.27,624.0,230.1,29.4,63.4,3,5200.05,No,Chennai
HSE03286,5,1458,30550.7,963.4,349.0,32.6,84.1,5,7079.96,No,Mumbai
HSE03287,7,702,47871.94,928.6,437.3,29.5,82.4,6,7350.81,No,Chennai
HSE03288,4,2083,89943.61,1119.3,517.0,32.0,107.3,9,8556.9,No,Kochi
HSE03289,3,1544,47877.12,861.3,450.2,29.4,85.3,11,5824.82,Yes,Pune
HSE03290,2,500,62787.54,497.1,218.5,26.0,42.6,10,3385.85,Yes,Chennai
HSE03291,7,1200,59170.96,812.7,279.9,23.4,25.9,11,6050.31,Yes,Mumbai
HSE03292,7,965,98779.48,738.1,358.0,30.5,15.3,9,5552.29,No,Hyderabad
HSE03293,3,912,44597.33,543.7,217.0,19.1,25.2,12,4616.71,No,Chennai
HSE03294,7,1266,29425.34,706.4,217.6,21.9,13.5,10,5574.13,No,Madurai
HSE03295,4,782,35580.25,582.8,276.4,23.4,19.7,10,5168.41,No,Coimbatore
HSE03296,5,1543,59878.23,760.1,220.2,31.9,56.0,3,6559.7,No,Hyderabad
HSE03297,6,1517,27140.85,811.5,246.2,23.0,14.5,14,6040.01,No,Mumbai
HSE03298,3,1358,43049.34,849.8,405.9,30.9,60.3,14,6186.36,No,Kochi
HSE03299,5,1191,56898.59,763.5,367.3,24.9,33.7,11,6178.48,No,Coimbatore
HSE03300,5,1497,38953.43,863.3,420.6,28.4,50.6,4,5193.38,No,Mumbai
HSE03301,1,1556,63714.82,802.0,271.1,28.7,51.4,14,7242.51,No,Coimbatore
HSE03302,3,1405,76196.72,1035.1,527.9,28.4,107.5,13,7642.6,No,Kochi
HSE03303,7,610,67494.23,876.4,409.1,26.4,52.5,9,7636.13,No,Chennai
HSE03304,6,845,27411.32,653.6,326.9,22.7,20.3,15,5852.81,No,Delhi
HSE03305,3,1079,56995.09,828.1,383.1,29.1,26.8,12,6350.06,No,Mumbai
HSE03306,7,536,59038.05,858.6,363.9,31.2,51.3,12,5122.51,No,Coimbatore
HSE03307,5,1301,46335.79,1025.7,290.1,31.7,41.4,15,7704.6,Yes,Chennai
HSE03308,6,1835,63327.72,981.6,454.8,29.3,52.7,7,7732.02,No,Chennai
HSE03309,7,1763,62313.26,921.3,421.2,30.0,60.9,6,7608.71,No,Madurai
HSE03310,4,1533,52796.21,670.1,230.3,25.9,27.5,3,4218.51,No,Hyderabad
HSE03311,7,1527,35002.2,952.5,448.4,30.8,62.0,3,7049.24,No,Madurai
HSE03312,1,2197,54345.06,908.0,376.9,30.7,66.1,5,7926.02,No,Coimbatore
HSE03313,5,1580,127415.33,774.4,323.6,27.8,53.2,3,7011.96,No,Coimbatore
HSE03314,7,1617,46099.17,1226.7,442.0,29.2,125.7,10,7943.03,No,Madurai
HSE03315,2,552,88113.05,398.9,113.7,28.9,15.7,5,3507.32,No,Delhi
HSE03316,2,1800,55970.17,959.7,302.4,30.8,117.1,13,6103.76,No,Pune
HSE03317,1,1379,38359.61,576.0,276.9,22.8,39.0,12,5366.08,No,Madurai
HSE03318,4,1164,48128.03,514.5,170.5,22.7,30.2,4,3310.87,No,Salem
HSE03319,5,1053,54584.04,766.3,192.1,23.0,63.3,8,6739.58,No,Coimbatore
HSE03320,3,953,73860.51,478.9,263.0,27.2,33.8,6,3815.58,No,Coimbatore
HSE03321,1,1766,160509.58,936.4,293.3,30.8,81.0,15,6496.25,No,Chennai
HSE03322,4,1187,56369.73,760.7,339.7,20.0,38.4,15,5336.06,No,Kochi
HSE03323,3,970,31609.15,958.0,505.9,29.4,87.3,13,6346.9,No,Bangalore
HSE03324,2,853,26121.88,622.3,267.5,33.8,24.4,15,4576.41,No,Mumbai
HSE03325,2,1277,45491.71,868.8,425.5,30.1,58.0,13,7672.71,No,Kochi
HSE03326,3,1038,33105.31,622.6,338.0,20.9,28.7,15,5031.17,No,Delhi
HSE03327,1,936,70696.14,613.6,311.8,31.1,59.3,6,5199.4,Yes,Coimbatore
HSE03328,2,578,70930.34,278.4,116.2,30.0,18.0,4,2444.84,No,Hyderabad
HSE03329,5,1632,51503.22,777.5,279.2,27.6,19.1,4,6883.21,Yes,Coimbatore
HSE03330,6,1138,73932.84,925.4,365.3,29.7,38.1,13,7589.1,No,Hyderabad
HSE03331,7,712,56626.38,779.6,391.8,23.4,89.5,8,5612.93,No,Chennai
HSE03332,3,1078,127452.2,611.5,309.4,29.2,16.2,7,4733.51,No,Coimbatore
HSE03333,3,1447,72900.06,1015.4,511.5,30.9,98.8,11,6842.01,No,Kochi
HSE03334,2,1213,82299.16,716.9,307.7,26.2,59.3,6,6246.5,No,Salem
HSE03335,1,1286,28664.97,689.1,270.9,27.1,85.6,7,5235.32,No,Salem
HSE03336,5,1219,32468.72,689.4,236.7,26.7,49.3,3,4625.93,No,Chennai
HSE03337,1,625,68224.96,609.7,153.0,27.1,53.5,14,4138.99,No,Kochi
HSE03338,4,1627,27390.13,894.0,428.5,25.7,42.0,14,7044.8,No,Delhi
HSE03339,4,431,41525.97,467.8,155.8,25.9,39.2,4,3068.66,No,Pune
HSE03340,6,1408,93510.04,870.6,303.8,31.1,72.7,5,7711.82,No,Kochi
HSE03341,2,1477,41128.37,501.6,252.3,22.0,24.4,7,3498.04,No,Salem
HSE03342,2,1101,31911.09,694.6,184.5,29.7,48.7,14,5014.86,No,Coimbatore
HSE03343,2,1359,74271.53,713.6,377.0,31.1,15.9,7,4459.47,Yes,Pune
HSE03344,6,1075,139829.34,764.3,191.4,23.6,19.8,6,5017.58,No,Pune
HSE03345,4,1364,38223.21,810.0,430.7,28.7,45.8,12,5934.29,No,Chennai
HSE03346,1,1647,95406.32,422.8,163.4,25.3,32.1,5,3440.97,No,Bangalore
HSE03347,6,844,36140.15,937.0,263.0,33.5,42.7,11,6491.15,Yes,Chennai
HSE03348,6,1503,52285.69,685.3,309.9,28.2,27.1,3,4222.91,No,Madurai
HSE03349,1,1962,53315.3,953.4,494.6,34.9,68.2,8,6333.42,No,Kochi
HSE03350,2,1319,38684.59,641.2,244.6,34.3,20.8,9,5474.79,Yes,Mumbai
HSE03351,5,974,81553.65,1135.1,519.2,30.2,119.1,12,8461.82,No,Hyderabad
HSE03352,1,2218,27507.5,1004.0,546.0,37.6,96.2,6,6956.11,No,Chennai
HSE03353,4,1240,60045.62,746.2,240.4,22.7,63.5,12,5180.04,No,Pune
HSE03354,3,1304,89184.5,685.1,339.9,34.8,18.7,5,5759.99,No,Coimbatore
HSE03355,3,1314,78555.61,794.6,269.0,27.9,42.8,10,5642.18,Yes,Hyderabad
HSE03356,7,1402,68606.0,1029.7,389.1,28.5,65.6,11,8350.0,No,Kochi
HSE03357,7,1048,112248.81,1096.2,366.7,27.2,83.0,15,9843.16,No,Mumbai
HSE03358,6,1285,49824.43,735.1,282.1,23.2,82.8,3,4477.72,No,Mumbai
HSE03359,3,1628,27693.74,1054.5,265.2,31.3,73.6,13,6974.58,No,Coimbatore
HSE03360,5,1032,58450.27,771.9,263.2,24.0,10.3,14,5022.3,No,Chennai
HSE03361,2,1011,51973.82,582.9,223.6,26.6,25.1,12,4270.11,No,Delhi
HSE03362,4,1069,21225.73,843.9,371.0,26.8,74.8,11,5251.64,No,Coimbatore
HSE03363,7,706,33149.83,967.9,427.0,33.0,33.5,9,7101.67,Yes,Bangalore
HSE03364,5,893,31301.04,626.0,266.1,28.7,57.4,3,5540.19,No,Bangalore
HSE03365,4,874,38122.07,877.7,296.6,19.2,123.6,9,5311.06,No,Hyderabad
HSE03366,4,1200,46960.4,600.9,321.0,25.4,32.5,7,4437.34,No,Bangalore
HSE03367,2,1576,47776.79,942.7,346.5,22.8,86.3,12,7698.05,No,Hyderabad
HSE03368,6,1854,38739.94,1126.4,354.9,31.0,59.2,15,6920.48,Yes,Mumbai
HSE03369,3,1226,31282.56,1204.6,501.5,24.3,154.6,15,7451.97,No,Coimbatore
HSE03370,2,1405,65182.2,661.1,313.8,26.6,59.3,9,5289.13,No,Chennai
HSE03371,5,1310,57962.17,900.0,228.3,36.0,33.8,14,5600.41,No,Kochi
HSE03372,6,400,58752.6,833.3,277.4,31.5,48.8,11,6879.43,Yes,Hyderabad
HSE03373,5,683,122472.71,652.0,324.4,24.3,24.1,10,4140.34,Yes,Bangalore
HSE03374,6,1543,59182.54,983.3,395.4,32.3,72.0,8,7650.92,No,Hyderabad
HSE03375,7,1586,46634.34,847.5,315.7,26.1,37.7,4,7102.0,No,Chennai
HSE03376,5,1576,52442.67,925.1,489.6,32.3,48.8,10,6079.94,Yes,Chennai
HSE03377,2,1120,57500.97,735.3,203.6,27.4,90.2,14,4517.22,Yes,Hyderabad
HSE03378,6,400,72561.91,619.4,269.2,25.2,22.4,6,4121.04,No,Bangalore
HSE03379,6,737,53904.23,819.9,289.1,24.8,83.2,10,7314.23,No,Hyderabad
HSE03380,4,806,22943.14,626.8,170.0,30.2,17.3,9,5090.5,No,Coimbatore
HSE03381,4,1483,45186.42,914.5,287.3,32.7,45.1,6,6000.72,No,Coimbatore
HSE03382,1,1039,55036.97,840.1,368.3,30.5,63.7,10,6598.91,No,Bangalore
HSE03383,5,1961,98911.34,1007.9,260.5,27.3,74.8,13,8124.48,Yes,Bangalore
HSE03384,4,1860,38616.52,785.5,335.9,21.8,23.7,13,6935.4,No,Madurai
HSE03385,1,1953,26349.93,992.4,533.0,26.4,124.6,14,7125.04,No,Coimbatore
HSE03386,7,788,56616.64,893.9,436.7,24.0,64.2,13,7410.37,Yes,Salem
HSE03387,7,1421,81218.24,978.6,346.1,34.5,75.3,4,7123.12,No,Salem
HSE03388,4,985,46076.03,697.9,203.4,27.4,64.5,11,5885.43,Yes,Mumbai
HSE03389,5,1348,160726.71,773.5,301.3,30.2,24.4,8,5022.8,No,Delhi
HSE03390,6,837,144561.83,769.5,283.1,27.6,30.6,9,4867.06,No,Madurai
HSE03391,3,1752,53235.23,989.5,535.8,30.7,96.8,12,8357.07,No,Chennai
HSE03392,5,846,59820.84,955.7,522.7,31.9,98.6,3,8134.0,No,Bangalore
HSE03393,2,400,101825.68,515.4,192.3,38.3,12.0,5,3482.99,No,Coimbatore
HSE03394,7,2115,52820.93,1082.0,318.8,27.2,71.5,12,8853.91,No,Mumbai
HSE03395,4,1399,38301.66,856.5,448.1,33.2,44.6,7,6289.84,No,Coimbatore
HSE03396,4,719,82051.95,764.9,373.3,30.1,61.9,14,4616.17,Yes,Madurai
HSE03397,6,1127,67783.51,909.0,366.7,26.7,54.0,9,5591.44,No,Hyderabad
HSE03398,2,940,38245.58,509.8,183.3,27.0,53.5,3,2717.8,Yes,Madurai
HSE03399,6,1203,62362.06,939.7,361.3,30.9,28.0,11,7534.66,No,Chennai
HSE03400,2,1561,51177.81,885.6,461.0,27.8,84.4,7,6147.59,No,Delhi
HSE03401,3,1491,46249.01,882.3,269.4,29.4,33.6,15,5661.65,No,Delhi
HSE03402,7,1314,38617.49,989.5,486.9,31.7,44.1,14,8832.6,No,Bangalore
HSE03403,4,1202,58088.32,707.6,180.8,39.0,28.4,5,4626.95,No,Madurai
HSE03404,4,1685,48798.39,741.2,390.0,29.1,48.7,9,5870.92,No,Hyderabad
HSE03405,3,400,62517.79,615.9,246.4,24.5,21.0,12,5415.97,No,Chennai
HSE03406,1,863,79540.01,594.2,189.0,30.6,34.7,10,4046.01,No,Salem
HSE03407,7,760,61040.53,960.9,241.0,27.1,84.1,12,6466.28,No,Hyderabad
HSE03408,6,1653,61512.55,1004.0,419.5,36.6,23.4,12,7706.86,No,Chennai
HSE03409,3,867,43112.09,742.2,240.0,27.0,71.1,5,5638.71,Yes,Bangalore
HSE03410,6,621,93297.51,765.6,336.4,29.1,19.7,9,6039.1,No,Mumbai
HSE03411,5,1447,37543.3,872.2,291.6,31.5,32.3,9,6825.69,Yes,Hyderabad
HSE03412,4,791,26627.29,701.9,194.0,31.0,32.6,6,6002.26,No,Mumbai
HSE03413,6,1042,33967.04,1103.0,442.9,34.6,79.8,12,6901.75,No,Delhi
HSE03414,2,2272,87597.46,1079.4,452.6,31.7,99.1,11,9020.63,No,Coimbatore
HSE03415,6,1554,67615.5,933.7,360.2,38.4,39.6,3,6463.01,No,Bangalore
HSE03416,5,1105,99256.5,645.5,250.1,30.8,20.9,3,4602.53,No,Pune
HSE03417,7,1145,30324.62,963.4,411.3,34.2,35.7,7,5971.99,No,Delhi
HSE03418,4,1608,156245.95,900.1,367.2,27.1,37.6,15,6357.66,Yes,Coimbatore
HSE03419,3,1498,48408.49,713.6,206.8,36.9,35.0,5,5878.25,No,Bangalore
HSE03420,5,1234,24907.74,888.1,274.5,27.6,44.7,12,5809.1,Yes,Madurai
HSE03421,4,1247,147737.29,936.3,273.9,34.9,28.4,15,6427.58,No,Kochi
HSE03422,6,534,30501.84,838.3,383.9,32.6,21.7,11,5950.05,No,Delhi
HSE03423,7,439,45983.38,672.8,274.9,29.3,13.1,7,4479.72,No,Coimbatore
HSE03424,1,1120,50136.27,877.2,332.4,35.0,77.8,9,7465.44,No,Mumbai
HSE03425,7,915,67166.23,786.3,384.9,29.0,53.7,3,6441.7,Yes,Coimbatore
HSE03426,1,1464,38522.66,781.5,271.8,34.5,67.4,4,6864.94,Yes,Delhi
HSE03427,2,1289,87796.72,808.6,340.0,30.5,62.3,13,5969.47,No,Pune
HSE03428,7,852,77205.4,908.8,247.5,27.5,46.6,14,6918.45,No,Hyderabad
HSE03429,4,1273,55473.93,785.1,371.6,30.3,44.6,6,5390.43,Yes,Coimbatore
HSE03430,1,1012,99811.3,876.3,401.8,29.1,123.0,11,7187.11,No,Delhi
HSE03431,3,2130,53345.93,897.0,440.2,27.2,35.3,7,6646.9,No,Kochi
HSE03432,4,1374,48583.92,822.1,423.7,29.9,49.4,7,7282.81,No,Mumbai
HSE03433,3,498,135162.73,677.9,323.6,30.6,37.3,11,6006.59,No,Delhi
HSE03434,7,2019,62828.85,869.3,437.6,19.2,25.5,10,8061.27,No,Coimbatore
HSE03435,3,915,35296.72,941.5,333.0,31.0,152.6,4,6680.95,No,Delhi
HSE03436,1,761,37513.92,758.2,267.6,32.0,65.7,9,5493.66,No,Mumbai
HSE03437,4,2165,55471.22,885.5,472.2,34.8,31.9,3,7214.32,No,Bangalore
HSE03438,6,1356,18694.59,891.6,467.5,24.1,27.7,12,7150.97,No,Delhi
HSE03439,5,1515,41367.18,915.6,379.6,24.9,71.0,13,7521.72,No,Delhi
HSE03440,1,1530,52570.54,810.0,291.6,29.8,87.8,13,5248.84,No,Mumbai
HSE03441,1,1107,51013.7,503.5,256.7,26.1,23.1,11,4378.66,No,Chennai
HSE03442,6,942,31233.27,660.5,229.2,24.2,43.5,5,4980.6,No,Chennai
HSE03443,4,1016,44947.77,960.9,284.5,27.3,49.3,15,6867.49,No,Salem
HSE03444,4,1924,93526.51,913.9,403.8,27.6,49.5,4,7724.94,Yes,Hyderabad
HSE03445,7,1292,85221.19,857.6,225.4,24.9,55.3,6,6434.78,No,Coimbatore
HSE03446,3,1791,57418.16,668.0,243.0,24.9,40.9,6,5378.48,Yes,Madurai
HSE03447,7,1166,53320.65,798.8,393.2,28.5,45.6,5,5745.42,No,Chennai
HSE03448,6,860,51141.75,706.6,239.2,23.2,47.1,4,5635.65,No,Bangalore
HSE03449,7,551,61170.97,782.9,414.5,23.1,22.2,7,4941.98,No,Chennai
HSE03450,6,1492,57598.08,1215.0,652.1,29.3,121.4,6,8902.13,No,Salem
HSE03451,4,1962,63637.1,1086.0,537.3,35.0,73.4,7,8501.7,No,Bangalore
HSE03452,3,801,68933.38,1035.6,565.7,31.9,85.1,15,7925.6,No,Delhi
HSE03453,7,1431,31891.35,1191.6,487.6,33.9,56.6,14,10332.16,No,Mumbai
HSE03454,1,581,47832.83,891.7,375.2,21.8,155.1,14,6061.21,Yes,Coimbatore
HSE03455,2,950,60123.08,408.3,204.5,23.4,6.2,10,3320.48,No,Bangalore
HSE03456,5,1321,35612.88,917.3,364.9,29.0,50.4,13,6309.37,Yes,Bangalore
HSE03457,1,422,40614.03,473.4,176.1,32.3,27.1,4,3708.77,No,Salem
HSE03458,4,1192,49863.02,767.2,333.3,31.6,52.8,11,4736.6,No,Kochi
HSE03459,5,823,50976.14,933.0,417.3,23.6,107.8,12,6106.67,No,Kochi
HSE03460,2,1472,60630.89,694.6,330.1,33.5,70.1,3,5745.22,Yes,Bangalore
HSE03461,2,1126,37551.73,763.3,343.8,28.7,47.4,10,4919.97,No,Bangalore
HSE03462,3,1623,85024.75,1094.9,518.7,32.1,114.1,14,9689.6,No,Hyderabad
HSE03463,5,1074,50787.44,864.8,391.2,26.6,80.6,7,5674.59,No,Mumbai
HSE03464,3,587,58713.64,486.3,191.7,22.8,65.9,4,3905.55,Yes,Delhi
HSE03465,1,531,46567.77,799.2,232.2,32.4,64.9,10,6433.26,No,Kochi
HSE03466,6,400,61152.82,742.7,360.7,30.9,77.9,7,5477.27,No,Kochi
HSE03467,6,1485,116673.88,870.0,225.5,24.0,33.6,12,5312.35,Yes,Coimbatore
HSE03468,6,2351,46373.57,877.1,480.4,26.3,30.9,12,6348.83,No,Pune
HSE03469,5,1396,43047.74,888.3,442.9,31.7,25.3,15,5790.42,No,Mumbai
HSE03470,6,1952,37855.0,871.4,393.2,29.8,34.6,5,6899.06,Yes,Hyderabad
HSE03471,1,1710,53543.98,952.4,514.3,31.0,110.1,9,7417.55,No,Mumbai
HSE03472,3,967,53265.64,622.8,270.1,26.9,43.5,6,5048.11,No,Madurai
HSE03473,5,1769,56288.07,1263.9,337.4,34.7,111.4,13,11101.5,No,Mumbai
HSE03474,3,985,67900.83,681.9,284.9,28.6,33.0,13,5258.19,No,Chennai
HSE03475,5,994,64155.44,833.7,277.8,19.5,89.8,12,5467.03,No,Hyderabad
HSE03476,3,1106,54445.41,985.7,355.7,29.4,99.3,14,7073.95,Yes,Madurai
HSE03477,2,1127,132494.87,729.8,283.1,31.4,53.4,8,6193.41,No,Kochi
HSE03478,3,1498,75048.86,822.1,396.6,30.2,43.1,12,5273.72,No,Chennai
HSE03479,6,898,33688.83,817.7,327.8,27.3,29.5,10,6470.65,No,Delhi
HSE03480,2,1600,27439.74,633.4,248.5,21.2,83.7,3,3756.73,No,Chennai
HSE03481,3,1594,40217.05,648.1,220.7,26.4,42.1,4,4288.03,No,Bangalore
HSE03482,5,1354,58911.1,862.2,355.2,26.8,38.9,15,6880.19,No,Hyderabad
HSE03483,5,2073,38727.83,874.4,283.8,26.4,60.4,10,6168.45,No,Hyderabad
HSE03484,5,1779,41467.12,1011.9,332.2,31.4,70.2,9,7378.58,Yes,Coimbatore
HSE03485,4,1681,55648.96,893.9,426.5,27.7,28.5,12,7256.28,No,Pune
HSE03486,1,1230,47155.26,836.8,295.2,34.5,60.2,11,5596.58,No,Kochi
HSE03487,5,1358,21886.45,848.0,225.1,28.1,99.6,4,5980.84,No,Hyderabad
HSE03488,2,1436,89305.46,792.9,280.0,33.9,25.0,10,6449.95,No,Chennai
HSE03489,5,1206,80444.2,914.8,403.9,29.9,84.7,8,6726.02,No,Chennai
HSE03490,4,1031,30846.67,834.0,412.2,30.1,84.3,3,5051.81,No,Coimbatore
HSE03491,6,400,56426.23,782.6,421.5,26.3,88.4,6,6365.61,Yes,Chennai
HSE03492,2,1523,33277.62,658.6,312.1,23.6,71.9,4,5218.9,No,Kochi
HSE03493,4,1669,41820.0,864.8,327.5,28.7,69.8,9,5308.45,No,Hyderabad
HSE03494,6,677,68449.89,1021.1,346.9,35.7,83.1,11,8367.17,No,Coimbatore
HSE03495,7,1472,79190.35,831.6,240.2,27.2,60.2,8,6191.32,No,Chennai
HSE03496,7,934,78360.7,792.5,347.4,26.5,37.2,6,5003.25,No,Madurai
HSE03497,2,1035,61406.2,612.7,246.9,28.3,36.6,7,4441.06,No,Hyderabad
HSE03498,3,1790,97629.12,1008.6,457.2,36.1,46.4,13,7923.54,No,Hyderabad
HSE03499,1,754,41786.8,634.3,203.7,32.1,74.7,3,5399.83,No,Hyderabad
HSE03500,1,754,46175.53,716.7,248.8,33.9,47.2,15,5999.49,No,Coimbatore
HSE03501,4,2012,17111.5,4500.0,255.1,21.1,42.8,6,30000.0,No,Salem
HSE03502,6,1134,52744.41,1117.7,546.9,25.7,88.0,15,6865.94,No,Coimbatore
HSE03503,1,1761,71392.67,683.2,205.9,25.8,54.4,12,5774.46,Yes,Delhi
HSE03504,6,481,62533.35,726.8,314.4,33.5,20.1,5,6582.55,No,Coimbatore
HSE03505,6,517,41534.48,851.2,225.9,31.6,25.3,11,5537.66,Yes,Hyderabad
HSE03506,4,789,80428.59,663.3,275.2,33.2,23.3,8,4219.69,No,Madurai
HSE03507,4,983,53202.71,566.3,152.4,21.5,48.0,6,4637.57,No,Pune
HSE03508,4,569,77651.06,664.9,201.3,33.4,26.0,5,5177.8,No,Bangalore
HSE03509,1,1366,68449.79,672.1,190.8,31.6,43.1,14,4650.59,No,Mumbai
HSE03510,7,1396,104413.84,873.8,309.3,25.3,35.3,15,6949.84,Yes,Chennai
HSE03511,4,796,64074.51,498.2,175.9,28.2,17.5,6,3170.19,No,Salem
HSE03512,1,832,72371.12,365.1,181.8,25.4,25.0,10,2383.85,No,Delhi
HSE03513,4,891,53133.65,1113.0,353.6,28.6,113.8,14,7724.44,No,Bangalore
HSE03514,5,676,43861.31,587.0,162.0,30.8,39.7,7,4573.32,No,Bangalore
HSE03515,6,400,68591.09,957.9,412.9,34.6,38.1,15,7936.62,No,Chennai
HSE03516,4,1162,108154.63,811.7,370.3,25.2,37.0,13,6556.11,No,Pune
HSE03517,2,1006,41686.9,536.1,181.4,27.1,56.4,3,3527.25,No,Hyderabad
HSE03518,6,1052,49189.09,705.9,304.1,24.6,48.9,7,6217.55,No,Bangalore
HSE03519,6,745,55663.57,1152.1,556.3,32.1,128.1,10,6747.69,No,Madurai
HSE03520,4,1565,74853.77,938.9,332.6,22.7,91.1,13,7856.3,Yes,Coimbatore
HSE03521,7,2291,64250.49,1465.5,597.3,29.7,125.9,14,12307.64,Yes,Chennai
HSE03522,3,825,82947.81,461.3,135.6,24.1,74.0,6,2917.16,No,Bangalore
HSE03523,7,1830,133699.19,905.8,232.9,29.2,68.9,4,6243.48,Yes,Chennai
HSE03524,4,1365,41257.28,939.9,511.7,33.6,24.3,15,8184.0,No,Mumbai
HSE03525,6,1216,72364.17,657.5,223.5,27.0,11.9,5,4990.2,No,Mumbai
HSE03526,2,1045,63536.92,718.9,239.9,29.9,19.8,13,4488.89,No,Coimbatore
HSE03527,6,1163,55473.27,769.8,417.2,25.4,18.1,11,6569.29,No,Coimbatore
HSE03528,7,1717,72245.61,949.7,444.9,28.6,44.4,9,6917.8,No,Chennai
HSE03529,2,688,48777.63,548.2,233.3,22.8,81.2,5,4034.66,No,Coimbatore
HSE03530,1,1076,63605.74,749.2,344.5,31.8,32.6,7,6008.26,No,Coimbatore
HSE03531,5,1762,30567.94,837.7,387.8,27.3,27.9,5,6798.25,No,Chennai
HSE03532,6,1643,43157.94,1093.8,523.9,28.2,77.5,12,7456.28,No,Bangalore
HSE03533,4,695,88121.59,611.3,165.1,29.3,28.1,6,4194.61,No,Pune
HSE03534,1,1118,86610.45,843.0,315.2,21.1,110.2,14,6436.81,No,Chennai
HSE03535,5,1528,61810.8,826.2,279.7,26.2,25.6,10,6691.28,No,Delhi
HSE03536,4,1499,44856.15,885.9,240.2,29.5,81.0,5,7736.58,No,Coimbatore
HSE03537,3,1639,79734.54,683.1,255.3,28.4,57.2,5,5273.11,No,Delhi
HSE03538,4,1373,95942.83,1002.7,436.0,37.7,8.9,13,7769.92,No,Pune
HSE03539,2,1448,45684.91,825.0,250.4,34.0,29.7,13,4918.97,No,Mumbai
HSE03540,2,1354,28576.2,990.3,338.2,29.6,83.7,10,9004.03,No,Chennai
HSE03541,3,1911,67319.09,728.9,322.0,24.9,17.8,12,4815.44,No,Bangalore
HSE03542,1,1010,82974.13,651.9,276.3,27.0,38.4,15,4950.26,No,Pune
HSE03543,5,1222,71643.38,922.4,471.0,31.6,18.4,12,8077.08,No,Hyderabad
HSE03544,4,743,111232.08,739.1,360.2,29.3,44.5,9,6239.88,No,Chennai
HSE03545,2,655,111443.58,751.0,405.3,34.1,60.8,9,5845.54,Yes,Madurai
HSE03546,1,1346,47937.8,649.7,278.8,29.3,52.1,12,5380.5,No,Mumbai
HSE03547,3,874,60152.36,680.6,312.8,29.5,54.7,4,6126.28,No,Pune
HSE03548,7,1174,43986.93,1077.2,547.4,35.5,52.0,14,9084.29,No,Coimbatore
HSE03549,6,1928,34723.08,840.4,421.9,24.6,42.0,9,6531.65,Yes,Bangalore
HSE03550,7,1902,35651.3,1211.6,564.1,35.9,76.0,12,9659.85,Yes,Hyderabad
HSE03551,7,2201,75943.74,1086.4,434.6,32.1,17.5,13,6908.85,No,Mumbai
HSE03552,2,1937,63031.37,1106.5,367.3,41.9,106.9,12,7894.04,No,Chennai
HSE03553,3,2281,82089.95,752.8,386.3,26.2,53.4,5,5250.74,No,Hyderabad
HSE03554,4,1396,171839.83,876.8,423.5,35.5,19.1,9,6534.91,No,Delhi
HSE03555,7,794,68873.65,1057.1,530.0,29.5,98.9,15,8415.08,No,Bangalore
HSE03556,7,750,38581.35,791.6,231.3,28.3,42.8,6,4696.09,No,Delhi
HSE03557,5,1828,87631.48,939.2,323.5,30.2,34.7,15,5581.25,No,Bangalore
HSE03558,2,1223,38259.91,598.4,225.9,29.5,19.5,10,4465.99,No,Hyderabad
HSE03559,2,1257,120793.78,733.6,367.9,25.9,32.3,10,4851.78,No,Coimbatore
HSE03560,4,953,22650.48,705.2,365.2,28.5,78.1,8,5245.93,No,Delhi
HSE03561,6,1007,43008.0,958.8,321.6,30.2,27.0,15,8351.19,No,Chennai
HSE03562,1,1373,72769.39,795.6,362.7,27.3,79.0,14,6457.89,No,Kochi
HSE03563,5,725,93430.48,661.6,180.8,31.2,38.6,5,4496.08,No,Mumbai
HSE03564,2,1316,40556.29,514.8,192.0,27.8,24.6,8,3161.27,No,Mumbai
HSE03565,5,1880,37379.3,921.3,364.8,30.8,33.4,8,7495.38,No,Madurai
HSE03566,2,400,58797.45,577.5,277.0,30.4,63.1,5,4751.1,No,Chennai
HSE03567,5,506,129850.06,839.5,434.5,30.8,54.7,13,6371.05,No,Hyderabad
HSE03568,3,1504,27524.13,854.0,299.9,23.6,113.7,6,5832.63,No,Bangalore
HSE03569,7,1814,47750.0,926.1,378.1,33.4,39.8,4,5726.42,No,Salem
HSE03570,2,980,61831.72,466.3,207.1,25.5,80.4,3,3339.38,No,Pune
HSE03571,5,400,38442.21,581.9,202.9,28.3,44.3,4,4169.98,No,Pune
HSE03572,1,1844,38382.8,683.5,373.0,26.4,28.6,9,5964.64,Yes,Chennai
HSE03573,3,835,49516.55,559.7,287.0,29.3,21.7,12,5023.66,No,Chennai
HSE03574,3,1037,62743.35,571.8,193.8,28.6,40.2,7,4207.63,No,Coimbatore
HSE03575,1,1344,50378.04,706.0,284.1,31.6,47.7,11,5870.35,No,Mumbai
HSE03576,5,900,106360.87,826.2,263.8,29.2,97.2,5,7199.09,No,Bangalore
HSE03577,4,806,71808.65,824.4,333.3,27.4,113.0,4,6759.88,No,Bangalore
HSE03578,1,814,65349.97,567.1,258.0,21.8,112.8,6,4945.45,No,Mumbai
HSE03579,5,2036,87337.27,804.6,221.8,32.5,30.6,4,6814.09,No,Kochi
HSE03580,1,1722,65870.75,739.2,377.8,31.1,26.7,13,5368.32,No,Coimbatore
HSE03581,1,1459,45055.69,726.7,311.1,32.7,32.4,9,4299.77,Yes,Madurai
HSE03582,2,400,48857.83,710.2,388.4,28.3,43.6,12,6294.56,Yes,Coimbatore
HSE03583,5,1460,33085.23,733.6,189.0,30.4,14.6,8,5269.44,Yes,Coimbatore
HSE03584,4,1436,135575.46,847.1,423.1,26.4,25.5,10,6943.79,No,Kochi
HSE03585,7,625,83609.65,1041.0,507.6,26.0,93.4,15,8899.83,No,Hyderabad
HSE03586,2,1316,17383.5,736.6,213.5,27.9,56.6,7,5436.84,Yes,Madurai
HSE03587,1,1673,100207.29,757.3,265.5,32.7,34.0,4,5815.97,Yes,Hyderabad
HSE03588,7,1456,28436.21,943.5,486.3,27.9,15.8,15,7099.08,Yes,Madurai
HSE03589,6,894,69521.37,704.7,285.8,28.8,55.8,6,4495.12,No,Chennai
HSE03590,7,1206,20399.73,833.2,308.6,30.0,49.4,3,5304.37,Yes,Mumbai
HSE03591,1,1529,45362.01,480.8,250.8,29.1,25.5,4,3603.16,Yes,Salem
HSE03592,1,1227,100559.87,710.7,197.6,33.1,71.3,6,4558.37,No,Bangalore
HSE03593,5,1764,103112.27,926.9,363.3,26.0,35.1,8,6465.95,No,Coimbatore
HSE03594,5,1378,63141.74,727.1,324.1,29.4,52.6,6,4715.28,No,Coimbatore
HSE03595,2,1539,78389.68,931.3,402.8,30.9,112.2,6,7591.47,No,Kochi
HSE03596,4,1570,29114.22,803.4,264.5,22.4,69.2,13,6985.51,No,Hyderabad
HSE03597,2,720,70076.2,590.1,247.2,30.1,19.6,12,4783.99,No,Hyderabad
HSE03598,3,1222,80662.2,992.5,459.1,34.4,69.3,12,7115.58,No,Pune
HSE03599,1,1050,174813.35,484.8,206.3,27.6,31.4,4,4456.51,No,Kochi
HSE03600,7,1670,41549.46,976.0,444.4,24.7,63.4,11,6242.75,No,Hyderabad
HSE03601,6,1408,55404.98,1069.7,349.6,30.9,79.9,14,7497.83,Yes,Kochi
HSE03602,1,1115,56967.73,736.1,367.9,29.7,52.7,12,5241.56,No,Hyderabad
HSE03603,1,623,75316.25,717.0,276.0,35.1,20.7,10,4956.48,Yes,Delhi
HSE03604,2,481,81741.6,467.1,255.1,30.8,11.1,10,2996.07,No,Coimbatore
HSE03605,6,1340,88654.34,1059.7,272.3,25.2,89.4,7,7169.63,No,Coimbatore
HSE03606,6,877,85791.18,964.6,351.2,25.0,104.8,5,6523.74,No,Kochi
HSE03607,6,1500,28242.56,977.5,297.3,32.4,30.2,8,7540.84,No,Bangalore
HSE03608,2,461,16969.11,557.3,232.2,30.4,9.8,11,3866.26,No,Bangalore
HSE03609,1,1917,43635.18,731.6,236.3,28.8,18.0,10,5776.74,No,Delhi
HSE03610,2,1499,54130.38,627.0,295.5,29.7,36.0,9,4923.06,No,Mumbai
HSE03611,5,1245,41735.94,983.0,505.8,30.8,79.5,13,6477.71,No,Coimbatore
HSE03612,5,1957,44722.16,887.3,278.0,30.5,9.8,10,7478.11,No,Pune
HSE03613,2,1627,47276.86,770.5,229.8,23.0,95.8,6,5757.41,No,Mumbai
HSE03614,6,986,71320.35,1022.2,524.0,33.9,89.6,8,6400.14,Yes,Kochi
HSE03615,1,1235,34541.85,663.9,237.9,34.1,94.8,7,4109.9,No,Hyderabad
HSE03616,2,400,53107.1,684.6,260.4,36.2,24.1,14,5458.54,No,Bangalore
HSE03617,2,1679,53290.34,783.9,247.9,35.4,83.3,4,6393.83,No,Bangalore
HSE03618,2,1067,70594.19,814.2,307.4,34.7,48.8,10,6287.84,No,Coimbatore
HSE03619,3,400,92776.22,457.0,146.0,27.9,23.1,5,3299.44,No,Coimbatore
HSE03620,5,668,117352.42,712.2,320.3,30.2,52.2,7,5463.0,Yes,Coimbatore
HSE03621,7,1592,39316.23,1234.5,493.4,33.7,47.8,10,10025.98,No,Madurai
HSE03622,6,1926,22361.59,897.4,436.5,21.8,18.0,13,7777.64,Yes,Madurai
HSE03623,4,1209,49326.7,939.5,323.0,28.1,67.5,11,7192.08,No,Hyderabad
HSE03624,7,758,26908.86,1016.6,408.3,22.2,46.4,15,7209.26,Yes,Chennai
HSE03625,6,561,188272.95,868.6,284.8,30.1,37.7,11,5196.79,No,Coimbatore
HSE03626,4,1837,37134.15,806.7,427.8,34.1,36.8,7,5052.68,No,Chennai
HSE03627,3,1402,70884.97,640.2,260.3,29.1,58.0,4,5028.93,No,Madurai
HSE03628,2,1051,83735.49,663.5,200.4,26.7,35.1,9,4218.32,No,Hyderabad
HSE03629,3,944,64110.83,531.4,176.3,30.1,11.5,13,3964.77,No,Pune
HSE03630,3,1502,140030.09,779.2,214.2,30.6,22.3,13,6156.07,No,Hyderabad
HSE03631,7,1490,50210.12,821.8,212.3,30.9,46.7,9,5757.25,No,Mumbai
HSE03632,1,797,37774.58,574.2,234.1,24.1,33.8,14,4495.36,Yes,Mumbai
HSE03633,7,686,36905.19,1001.8,351.8,30.0,37.4,15,7978.23,No,Coimbatore
HSE03634,5,709,77079.38,739.5,398.7,29.7,24.8,10,5195.76,No,Hyderabad
HSE03635,4,989,50497.51,821.3,247.5,32.8,25.0,10,7113.42,No,Kochi
HSE03636,2,890,36907.44,799.7,390.4,28.7,63.7,7,6398.23,No,Hyderabad
HSE03637,7,1928,67082.32,1014.3,349.7,36.9,51.7,3,7224.62,No,Hyderabad
HSE03638,4,973,75678.59,995.2,315.5,29.3,27.3,15,8539.22,No,Hyderabad
HSE03639,6,638,62141.9,824.1,445.7,27.1,36.6,13,6817.33,No,Bangalore
HSE03640,4,663,82446.66,909.6,446.4,25.0,73.0,15,7594.8,No,Hyderabad
HSE03641,6,1117,57224.24,646.9,284.1,26.9,21.6,6,5249.73,No,Coimbatore
HSE03642,7,400,42106.49,927.9,426.0,25.8,78.6,6,6775.2,No,Salem
HSE03643,5,1173,79238.57,939.7,514.4,28.4,42.5,13,6669.33,Yes,Coimbatore
HSE03644,7,599,36847.71,938.5,401.6,35.7,36.9,5,7542.53,No,Hyderabad
HSE03645,6,1721,33093.43,773.2,216.9,23.2,18.7,10,5059.23,No,Chennai
HSE03646,4,1252,92527.93,931.7,251.1,23.4,169.8,5,7586.04,Yes,Coimbatore
HSE03647,4,2154,47030.75,1060.2,477.1,28.1,60.3,15,7475.94,No,Delhi
HSE03648,6,1097,116383.52,502.2,224.6,23.5,11.2,7,4030.64,No,Salem
HSE03649,3,400,80866.6,483.8,229.5,25.1,53.4,4,3574.65,No,Pune
HSE03650,5,1856,45449.68,1050.6,296.9,30.4,88.9,8,7888.55,No,Chennai
HSE03651,1,1426,68452.0,841.4,448.9,28.8,55.6,8,6978.76,No,Hyderabad
HSE03652,2,1496,171589.38,875.9,363.8,30.8,74.1,10,6973.68,Yes,Coimbatore
HSE03653,4,749,77227.54,740.9,329.6,31.4,32.9,10,5085.83,No,Hyderabad
HSE03654,2,1181,71457.13,598.9,156.0,34.4,30.2,3,3584.16,No,Coimbatore
HSE03655,1,1284,42085.73,518.8,279.3,30.5,39.1,7,4165.34,No,Pune
HSE03656,7,1093,126138.79,891.0,373.1,33.8,48.4,4,7856.11,Yes,Coimbatore
HSE03657,2,420,99524.63,616.5,258.3,29.4,33.4,12,3869.6,Yes,Coimbatore
HSE03658,1,2446,42259.55,821.1,437.7,30.6,42.0,14,5542.86,Yes,Kochi
HSE03659,6,1576,128190.7,736.2,389.3,30.5,22.4,7,4878.47,No,Madurai
HSE03660,3,1389,59232.55,687.2,217.2,30.1,14.6,12,6263.03,Yes,Coimbatore
HSE03661,4,1791,37681.21,892.1,472.2,29.8,27.7,14,5938.81,No,Chennai
HSE03662,1,1490,42013.87,1028.1,484.2,36.3,121.5,11,6743.91,Yes,Pune
HSE03663,2,895,81638.32,710.8,181.7,31.8,92.8,6,4776.67,No,Hyderabad
HSE03664,4,1762,37798.07,878.1,282.7,27.2,54.2,10,7183.67,Yes,Madurai
HSE03665,3,1583,33479.42,751.4,280.9,38.4,16.8,3,6692.46,Yes,Bangalore
HSE03666,6,912,45143.2,826.9,351.3,27.5,44.2,10,5721.8,No,Coimbatore
HSE03667,7,1556,48281.68,908.9,418.5,29.0,50.8,8,5629.04,No,Coimbatore
HSE03668,4,1092,40623.28,725.9,227.3,25.7,32.1,10,5425.59,No,Mumbai
HSE03669,7,1294,44838.09,1091.6,546.9,31.9,96.0,8,7313.0,No,Pune
HSE03670,1,1470,83092.32,683.6,344.3,35.8,21.7,13,4324.32,Yes,Pune
HSE03671,3,1816,61729.34,769.6,339.0,23.0,63.8,5,6578.67,Yes,Madurai
HSE03672,2,909,43610.36,667.5,351.3,27.9,21.3,14,5707.02,No,Chennai
HSE03673,3,1364,45367.75,806.1,398.1,33.5,23.2,13,7424.9,No,Pune
HSE03674,3,2107,51836.16,676.3,214.0,24.8,44.2,10,4894.51,Yes,Kochi
HSE03675,5,1121,53188.74,636.4,311.6,31.3,8.9,7,4432.88,No,Kochi
HSE03676,3,1288,53290.04,911.9,488.7,23.8,52.2,14,7453.87,No,Bangalore
HSE03677,3,2106,81731.92,772.5,225.0,30.6,34.5,12,5250.57,No,Mumbai
HSE03678,4,1487,60099.44,746.4,405.8,29.3,42.2,7,5136.3,No,Mumbai
HSE03679,2,537,60900.36,835.0,215.0,42.0,29.6,14,5398.68,No,Mumbai
HSE03680,4,842,104520.85,953.2,387.6,32.0,94.6,9,8393.51,No,Chennai
HSE03681,4,1510,127973.9,656.3,316.4,20.3,77.0,8,5000.53,No,Delhi
HSE03682,1,1390,31607.55,760.4,370.4,28.7,63.4,11,5029.47,No,Delhi
HSE03683,4,1273,27026.68,643.4,302.7,32.3,24.1,9,4408.13,Yes,Chennai
HSE03684,5,2173,46997.78,914.4,373.8,27.3,67.9,5,7405.93,No,Hyderabad
HSE03685,5,922,78236.87,816.8,363.7,27.2,56.2,13,6609.82,No,Bangalore
HSE03686,7,1167,65139.24,1245.9,573.1,27.4,156.7,13,10013.49,No,Pune
HSE03687,1,400,88382.86,629.6,250.8,31.2,16.6,14,4144.67,No,Delhi
HSE03688,7,1722,46097.99,825.1,353.7,24.0,40.3,7,6065.49,Yes,Hyderabad
HSE03689,7,841,22801.24,849.8,428.2,26.8,29.9,11,6322.62,No,Delhi
HSE03690,6,1676,29733.71,1125.5,387.0,33.1,57.3,13,9958.58,No,Chennai
HSE03691,2,1628,70913.69,804.4,327.4,27.1,15.2,15,5395.01,No,Chennai
HSE03692,2,2257,88687.8,825.8,208.6,26.8,70.8,12,6744.23,No,Chennai
HSE03693,4,1492,23319.14,601.2,274.3,23.5,15.1,4,4127.03,No,Coimbatore
HSE03694,4,1040,103765.04,724.2,223.5,31.6,57.9,3,5075.74,No,Delhi
HSE03695,6,1404,67790.21,929.3,366.4,30.7,36.8,13,6131.62,No,Salem
HSE03696,4,858,53284.38,664.2,207.9,32.9,26.0,10,5757.96,Yes,Bangalore
HSE03697,2,1344,41482.13,675.0,173.5,28.5,21.5,10,4441.95,No,Madurai
HSE03698,7,1110,112545.28,710.2,280.5,30.3,29.7,4,5290.29,No,Mumbai
HSE03699,3,1168,82350.63,860.0,324.6,30.2,37.7,15,6338.7,No,Chennai
HSE03700,5,796,68593.91,836.8,315.9,23.3,45.9,10,7418.27,Yes,Coimbatore
HSE03701,3,1335,39575.18,929.2,290.5,38.4,49.5,7,7832.04,No,Delhi
HSE03702,3,1571,113717.21,821.7,438.9,32.9,40.7,4,5123.46,No,Delhi
HSE03703,2,457,55756.34,516.2,129.6,29.3,36.0,9,3086.26,No,Chennai
HSE03704,3,890,62921.7,934.7,483.7,28.1,109.7,9,6921.06,No,Bangalore
HSE03705,6,1276,56838.27,870.4,410.0,34.3,68.1,5,6378.68,No,Madurai
HSE03706,1,400,38971.69,331.1,99.9,29.4,17.0,3,2187.65,No,Coimbatore
HSE03707,4,1983,63510.65,1072.1,419.9,32.7,32.1,13,8926.61,No,Kochi
HSE03708,1,880,75260.51,459.8,251.4,26.7,43.2,6,3138.16,No,Chennai
HSE03709,7,778,45087.72,730.8,323.8,25.5,26.6,4,6766.73,No,Hyderabad
HSE03710,5,1107,61109.52,788.6,227.3,28.4,37.7,6,4566.26,No,Hyderabad
HSE03711,4,1262,56467.09,784.3,303.8,29.0,18.0,10,4946.11,Yes,Hyderabad
HSE03712,3,860,83025.04,541.2,211.3,30.7,48.2,4,3674.68,No,Chennai
HSE03713,5,1641,48077.28,1159.1,568.7,34.9,130.6,3,8781.75,No,Chennai
HSE03714,4,1380,60903.47,934.3,490.4,33.4,49.9,13,5803.68,No,Pune
HSE03715,6,823,66957.59,913.8,251.0,34.3,49.8,5,7238.11,No,Chennai
HSE03716,6,965,47590.25,712.7,245.3,26.1,40.7,12,5019.51,No,Mumbai
HSE03717,6,517,37936.88,708.3,240.5,27.8,20.8,9,4473.19,No,Kochi
HSE03718,6,636,40819.52,1201.2,659.2,32.9,115.8,15,10383.71,Yes,Kochi
HSE03719,3,1374,66119.83,795.7,332.4,33.9,53.0,14,7148.17,No,Chennai
HSE03720,1,828,49473.69,613.9,315.5,32.0,63.3,8,4858.12,No,Delhi
HSE03721,4,2012,49179.06,657.7,248.5,26.7,35.9,8,5767.31,No,Mumbai
HSE03722,3,1232,72182.64,677.4,316.2,24.8,64.5,9,4577.98,No,Chennai
HSE03723,6,591,87017.08,1081.8,363.5,29.9,115.3,10,7226.35,Yes,Bangalore
HSE03724,7,685,94029.2,887.7,464.7,25.4,94.0,5,6351.38,No,Chennai
HSE03725,1,1674,41750.34,520.2,201.1,30.8,1.7,5,4712.01,No,Hyderabad
HSE03726,7,1166,83310.01,1103.4,541.9,34.0,90.7,12,8766.8,Yes,Pune
HSE03727,5,1646,140551.73,1000.1,326.8,29.8,24.1,15,5879.23,No,Kochi
HSE03728,7,1035,58210.44,760.5,348.4,23.8,25.2,10,5409.38,No,Delhi
HSE03729,5,948,53215.17,761.4,282.9,27.0,18.2,14,4400.29,No,Hyderabad
HSE03730,5,1704,48450.41,1033.0,268.0,32.5,23.5,15,6759.83,No,Salem
HSE03731,6,814,34077.67,922.7,345.0,30.9,58.1,15,6864.26,No,Mumbai
HSE03732,5,1420,80346.4,904.8,375.5,31.2,49.5,9,6343.62,No,Hyderabad
HSE03733,2,1105,53321.82,926.9,273.9,36.1,66.3,12,5749.89,Yes,Kochi
HSE03734,4,1595,51416.74,767.7,234.3,30.4,46.1,7,4967.69,No,Chennai
HSE03735,4,2018,74936.25,812.4,316.4,30.3,24.1,6,6174.61,No,Coimbatore
HSE03736,6,1024,78108.63,984.0,347.2,32.4,69.6,8,7913.77,No,Pune
HSE03737,2,954,41969.94,586.8,224.3,24.3,38.1,11,4058.22,No,Kochi
HSE03738,7,1500,42423.36,969.0,376.2,27.2,70.7,8,7814.21,Yes,Coimbatore
HSE03739,3,713,41584.32,703.1,205.3,26.0,53.4,10,4552.89,Yes,Pune
HSE03740,7,1927,142367.91,990.0,301.3,31.6,48.6,3,6337.98,No,Bangalore
HSE03741,3,1851,106916.58,1106.0,557.9,25.3,127.5,14,9549.25,Yes,Delhi
HSE03742,5,750,75603.41,749.4,223.9,31.3,11.7,8,5368.61,Yes,Coimbatore
HSE03743,1,488,46451.01,388.2,174.6,28.1,12.5,4,3112.87,No,Salem
HSE03744,3,678,48994.85,395.5,148.5,27.6,29.8,5,3322.22,No,Madurai
HSE03745,1,685,64772.43,594.7,321.4,32.6,71.2,8,4282.99,No,Bangalore
HSE03746,4,1561,148627.29,686.9,185.3,23.7,32.6,4,3969.24,No,Madurai
HSE03747,1,1897,62635.23,597.8,298.4,27.0,38.9,6,5498.87,No,Madurai
HSE03748,4,1556,69151.84,879.6,349.6,40.7,13.1,8,5224.41,No,Hyderabad
HSE03749,2,1094,17466.62,900.4,226.5,36.4,69.5,7,7399.27,No,Madurai
HSE03750,2,1354,61759.25,470.4,154.8,21.7,13.7,8,3539.57,No,Salem
HSE03751,6,809,29373.58,739.2,275.2,27.0,36.1,8,5552.76,No,Chennai
HSE03752,6,1694,44176.17,765.1,263.4,29.3,8.8,10,5899.53,No,Coimbatore
HSE03753,5,1394,56172.75,923.1,331.1,23.4,78.4,11,6676.7,No,Bangalore
HSE03754,3,1548,48008.95,790.3,414.9,37.1,12.8,7,6520.67,Yes,Hyderabad
HSE03755,5,873,41311.93,685.2,245.5,29.1,34.5,8,5945.63,No,Coimbatore
HSE03756,4,1124,41477.95,620.5,233.1,28.3,30.2,8,3857.32,Yes,Coimbatore
HSE03757,5,1526,50016.93,1102.0,527.1,30.5,63.6,8,9586.02,No,Salem
HSE03758,1,1850,49043.83,656.0,320.2,30.5,50.3,4,4001.69,No,Pune
HSE03759,4,926,55504.04,835.1,229.8,25.6,123.4,6,5248.55,No,Kochi
HSE03760,6,1551,53668.05,832.2,383.8,34.3,16.6,3,7507.56,No,Salem
HSE03761,2,880,97790.49,883.0,348.6,29.6,90.6,14,6542.96,No,Bangalore
HSE03762,6,2153,21867.75,1049.2,304.4,34.2,101.5,3,6850.43,No,Delhi
HSE03763,3,1013,61409.9,836.4,275.5,26.7,120.8,3,6177.71,Yes,Chennai
HSE03764,4,1490,56785.87,640.6,168.8,21.8,46.1,9,4588.0,No,Mumbai
HSE03765,4,1275,51777.08,783.7,280.6,34.7,19.0,3,5997.44,No,Chennai
HSE03766,1,2372,40033.58,884.6,288.9,32.0,59.8,8,6947.6,Yes,Chennai
HSE03767,3,1303,51416.77,600.6,219.0,33.7,14.4,4,5011.48,No,Coimbatore
HSE03768,2,968,26370.73,842.4,357.3,33.9,84.7,8,5204.91,No,Mumbai
HSE03769,7,1488,60361.79,979.6,460.1,29.1,42.9,8,6300.26,No,Madurai
HSE03770,4,1478,65494.08,918.4,396.4,27.5,55.8,14,5594.81,No,Coimbatore
HSE03771,4,1129,40064.97,1217.6,552.2,28.6,120.5,13,7650.63,No,Hyderabad
HSE03772,1,707,131715.48,632.0,322.1,31.2,49.9,5,5858.44,No,Delhi
HSE03773,5,962,52098.35,772.2,395.5,30.1,19.1,10,6917.03,No,Hyderabad
HSE03774,2,1597,56101.69,618.8,314.5,21.7,43.2,13,4987.36,No,Madurai
HSE03775,6,414,100327.01,648.5,191.9,28.5,30.8,6,4839.3,No,Chennai
HSE03776,3,1088,144212.62,964.8,313.9,34.7,53.2,15,8250.64,No,Coimbatore
HSE03777,4,1648,33176.12,735.8,294.8,29.0,35.5,9,4588.99,Yes,Bangalore
HSE03778,4,1158,42419.58,881.2,315.1,37.9,28.2,6,5589.97,No,Mumbai
HSE03779,6,2178,52516.56,741.3,214.6,25.2,44.1,3,5478.18,No,Chennai
HSE03780,2,415,39371.43,459.7,154.6,30.4,18.6,8,3882.54,No,Chennai
HSE03781,5,767,80486.05,618.6,335.7,25.1,41.7,7,4177.19,No,Pune
HSE03782,4,400,37468.14,765.1,270.9,25.6,61.9,11,5673.17,Yes,Chennai
HSE03783,2,2097,97251.91,908.0,341.1,25.6,104.9,11,6154.36,No,Hyderabad
HSE03784,6,775,72818.82,861.2,217.0,37.8,31.3,14,6912.02,No,Salem
HSE03785,1,400,92865.54,961.4,447.8,28.0,135.4,13,8297.31,Yes,Mumbai
HSE03786,5,925,37543.73,853.1,319.1,26.2,56.3,15,5900.33,No,Hyderabad
HSE03787,3,573,46282.35,567.0,159.3,29.0,36.9,10,4095.3,No,Bangalore
HSE03788,4,928,82386.92,654.4,353.7,28.1,39.8,9,4593.52,No,Hyderabad
HSE03789,2,1219,75929.11,761.1,367.8,32.2,45.2,4,6315.66,No,Pune
HSE03790,1,1562,48339.39,492.9,230.6,20.8,34.2,10,3704.59,No,Kochi
HSE03791,3,1121,51536.67,525.7,282.5,25.2,28.7,5,3778.01,No,Delhi
HSE03792,7,1211,45235.25,931.4,346.7,32.4,52.3,8,6985.49,No,Pune
HSE03793,2,938,50916.31,478.8,222.9,27.0,11.4,12,2831.84,Yes,Coimbatore
HSE03794,2,520,35620.81,439.3,137.0,26.0,25.6,9,3544.34,No,Coimbatore
HSE03795,3,400,33028.98,660.6,303.3,25.8,70.2,14,5758.99,No,Pune
HSE03796,1,1036,86468.22,594.8,151.2,31.9,9.7,8,4288.29,No,Chennai
HSE03797,7,1238,50144.12,962.4,277.1,31.7,57.9,7,6264.87,No,Kochi
HSE03798,6,1003,92335.68,1024.0,386.6,32.8,48.4,6,8445.91,No,Hyderabad
HSE03799,1,400,71917.98,281.5,71.4,24.3,30.2,4,2097.75,No,Hyderabad
HSE03800,5,1291,63290.67,696.6,270.7,24.1,35.1,11,5061.89,No,Pune
HSE03801,4,1933,39954.18,1029.3,418.8,33.5,43.9,9,6293.93,No,Pune
HSE03802,3,1148,31896.05,850.3,371.1,29.8,59.2,9,7160.41,Yes,Delhi
HSE03803,6,939,44778.33,801.1,224.4,26.6,56.1,6,6575.92,No,Delhi
HSE03804,7,1173,109584.51,913.8,278.1,28.4,87.2,7,7939.84,No,Hyderabad
HSE03805,3,703,82052.87,725.4,314.8,24.1,54.2,8,5105.49,Yes,Madurai
HSE03806,3,674,42933.26,880.5,394.0,26.9,96.6,14,7373.14,No,Madurai
HSE03807,1,1403,45007.59,601.4,155.0,29.6,11.0,13,4592.83,No,Bangalore
HSE03808,4,1646,36206.65,1146.4,472.4,30.4,86.2,14,7999.96,No,Pune
HSE03809,5,1134,27416.49,685.4,332.8,28.7,37.0,4,6094.82,No,Madurai
HSE03810,2,400,57572.97,454.6,123.1,28.2,50.7,6,3983.76,No,Mumbai
HSE03811,2,1359,119536.05,920.3,344.1,31.9,65.9,15,7855.67,Yes,Mumbai
HSE03812,3,2130,120213.33,649.3,225.9,28.6,22.3,6,5393.54,No,Delhi
HSE03813,4,1090,72304.76,591.9,310.2,27.2,39.6,14,4787.27,Yes,Chennai
HSE03814,7,1120,41935.41,1045.2,319.6,26.0,91.4,15,8708.82,No,Coimbatore
HSE03815,7,807,28647.53,851.4,294.2,21.9,104.7,6,7479.57,No,Kochi
HSE03816,6,1417,88103.4,796.5,413.8,31.6,30.1,9,5850.89,No,Mumbai
HSE03817,1,898,67261.01,894.1,312.2,34.9,63.3,15,5766.49,No,Coimbatore
HSE03818,4,1660,47704.73,688.0,281.7,25.7,34.6,9,5349.75,No,Bangalore
HSE03819,4,904,44249.84,595.8,154.9,23.9,15.1,9,5243.06,No,Chennai
HSE03820,1,1354,72062.2,707.9,386.1,26.5,100.7,9,4837.86,No,Kochi
HSE03821,7,1179,37915.25,821.5,408.7,30.2,22.3,4,6874.5,Yes,Hyderabad
HSE03822,7,1900,61251.46,1208.4,532.1,27.0,162.1,7,7888.77,No,Mumbai
HSE03823,7,1384,31766.54,699.3,187.6,26.9,18.0,12,6168.46,No,Chennai
HSE03824,3,1824,149929.23,919.7,250.6,28.7,84.9,4,7709.7,Yes,Pune
HSE03825,4,1249,40373.02,805.6,333.1,29.4,82.4,7,6219.17,No,Madurai
HSE03826,2,1123,73634.43,873.6,293.1,30.5,34.8,14,7146.04,No,Pune
HSE03827,1,1183,32079.7,668.2,291.9,27.8,54.9,8,5635.72,No,Hyderabad
HSE03828,7,853,51104.33,796.5,342.1,27.7,35.4,5,6899.75,No,Kochi
HSE03829,6,1439,81892.84,767.2,384.8,21.3,25.9,8,7071.75,Yes,Chennai
HSE03830,7,889,90266.2,945.0,316.0,32.7,60.6,7,5759.47,Yes,Coimbatore
HSE03831,7,1251,77541.47,977.1,413.7,30.0,75.1,6,6006.29,No,Hyderabad
HSE03832,5,1585,51682.71,1042.4,503.7,35.0,28.6,12,8841.52,Yes,Chennai
HSE03833,3,1913,40758.13,1062.9,422.2,31.0,100.8,11,9429.27,No,Chennai
HSE03834,1,1273,33864.88,688.8,343.8,28.7,53.9,13,4869.79,No,Mumbai
HSE03835,5,1588,108206.62,834.3,241.4,23.1,45.7,10,5163.37,No,Bangalore
HSE03836,5,1534,57618.88,704.7,331.3,22.5,46.6,14,5262.43,No,Kochi
HSE03837,6,1028,62617.25,1167.8,622.3,33.2,99.1,9,8240.91,Yes,Chennai
HSE03838,4,2149,92921.0,1059.7,370.4,31.2,37.8,13,8654.02,No,Salem
HSE03839,6,941,71619.13,874.1,314.6,34.9,39.0,3,5035.64,No,Bangalore
HSE03840,4,1241,51935.13,1116.9,307.2,32.7,97.9,11,7532.99,No,Hyderabad
HSE03841,4,1854,76885.3,1039.4,459.9,27.5,102.3,11,8864.26,No,Coimbatore
HSE03842,1,1843,41562.04,665.5,276.7,19.8,81.5,8,4462.62,No,Mumbai
HSE03843,7,1206,27366.5,773.7,202.8,31.4,19.4,9,6316.0,No,Salem
HSE03844,1,1646,103820.37,1140.6,542.5,24.9,133.5,15,8390.6,No,Pune
HSE03845,3,1099,43150.4,615.6,307.1,28.3,51.0,5,4659.37,No,Chennai
HSE03846,4,980,47961.7,755.1,394.3,30.6,44.9,7,4882.01,No,Hyderabad
HSE03847,5,654,49903.72,847.2,350.5,26.5,81.7,9,5974.21,No,Bangalore
HSE03848,7,1526,41944.23,734.7,283.4,25.7,58.1,3,5439.26,No,Coimbatore
HSE03849,2,1573,90281.58,644.6,330.6,27.8,35.6,14,5324.17,No,Madurai
HSE03850,3,944,65094.4,673.3,248.9,20.8,110.5,3,5273.61,No,Bangalore
HSE03851,1,1321,47972.56,519.3,231.9,24.9,44.7,7,3209.09,No,Hyderabad
HSE03852,6,2393,30978.15,986.2,428.6,24.8,50.1,11,7960.16,Yes,Chennai
HSE03853,3,1716,63057.2,1056.0,381.9,28.1,110.0,9,6789.21,No,Coimbatore
HSE03854,3,794,18257.19,634.9,175.3,25.2,78.7,3,5526.88,No,Madurai
HSE03855,7,1651,61072.94,1160.7,297.6,26.9,67.5,15,7968.04,No,Coimbatore
HSE03856,3,796,100661.6,755.4,285.9,27.2,34.6,15,5625.96,No,Bangalore
HSE03857,3,400,56621.26,872.0,343.9,37.5,59.9,14,5597.91,No,Pune
HSE03858,2,1191,94649.49,674.0,334.8,32.1,62.1,7,5025.07,No,Bangalore
HSE03859,6,1903,31633.08,1025.6,383.9,28.5,61.3,10,7722.07,No,Hyderabad
HSE03860,6,1829,137644.85,988.3,330.4,30.8,45.6,10,7172.06,No,Mumbai
HSE03861,6,1370,90117.25,1037.5,403.2,32.7,28.6,14,6277.47,Yes,Salem
HSE03862,4,956,68136.83,787.1,253.0,30.2,85.3,4,6641.57,No,Pune
HSE03863,5,1419,42016.22,722.8,200.5,24.9,33.7,9,5525.21,No,Salem
HSE03864,6,1079,38989.73,887.4,251.9,28.5,48.6,12,6857.42,No,Delhi
HSE03865,3,969,53272.74,417.5,144.3,25.1,7.2,7,3347.81,No,Chennai
HSE03866,3,1678,94498.45,1003.8,254.8,27.7,77.4,11,7864.42,Yes,Chennai
HSE03867,6,963,30427.56,767.3,242.5,28.4,25.3,5,4721.39,No,Kochi
HSE03868,7,1707,55258.26,891.0,433.3,33.2,62.2,3,7580.68,No,Bangalore
HSE03869,6,934,76533.79,865.0,277.1,25.8,20.2,15,5966.33,No,Bangalore
HSE03870,3,2126,83557.93,591.2,167.4,25.5,42.1,6,4550.74,No,Madurai
HSE03871,4,462,76431.09,689.6,368.7,26.1,39.6,9,5612.52,Yes,Coimbatore
HSE03872,1,769,29061.55,328.1,143.3,26.6,25.5,3,2727.45,No,Hyderabad
HSE03873,1,1130,91526.93,573.0,153.6,27.7,54.6,4,4984.94,No,Pune
HSE03874,6,400,56688.44,523.2,140.6,30.3,17.1,7,3658.37,No,Pune
HSE03875,2,400,33744.43,577.3,250.3,25.9,72.4,11,4623.57,No,Bangalore
HSE03876,6,400,54405.08,791.7,326.2,29.5,74.8,3,6034.15,No,Hyderabad
HSE03877,7,1069,22781.16,881.4,238.4,29.5,27.4,14,5617.5,No,Coimbatore
HSE03878,6,1080,71347.86,936.7,297.2,31.2,98.4,6,6948.43,No,Hyderabad
HSE03879,1,1350,51928.3,821.4,434.3,28.2,42.7,14,7119.69,No,Mumbai
HSE03880,3,1111,31055.66,779.1,328.5,32.3,23.9,5,5326.96,No,Kochi
HSE03881,6,1335,48269.44,827.2,316.1,30.5,13.4,7,6089.55,No,Chennai
HSE03882,3,997,40003.78,474.3,154.2,30.3,3.3,7,3373.37,No,Kochi
HSE03883,3,1522,41170.44,1069.0,310.1,26.8,95.3,12,8534.24,No,Delhi
HSE03884,2,1467,19883.07,480.6,178.2,30.1,29.8,4,3805.11,No,Delhi
HSE03885,3,1053,25915.98,648.0,341.3,30.4,37.8,7,3828.6,Yes,Bangalore
HSE03886,1,1440,49598.9,637.6,168.7,26.6,35.6,11,4429.96,No,Bangalore
HSE03887,4,1114,45903.69,1052.0,575.8,33.8,83.0,7,7265.3,No,Delhi
HSE03888,4,515,85253.0,1043.3,325.9,39.5,64.4,13,7430.29,No,Salem
HSE03889,5,1607,41389.65,865.6,322.5,26.4,51.0,12,7723.26,No,Bangalore
HSE03890,7,792,43388.38,586.0,154.4,27.1,18.3,4,3314.62,Yes,Madurai
HSE03891,6,1602,44310.66,1168.7,497.2,27.2,112.9,9,7421.24,No,Mumbai
HSE03892,7,1346,50333.45,854.1,337.4,23.8,65.3,8,7267.49,No,Kochi
HSE03893,1,1162,57310.97,661.0,297.5,25.5,66.2,9,4578.44,No,Chennai
HSE03894,3,400,45809.24,522.1,215.5,32.4,20.0,10,4645.9,No,Pune
HSE03895,4,1893,71121.01,872.1,322.2,28.7,23.0,12,7389.46,No,Kochi
HSE03896,7,1037,154846.24,1015.1,478.4,36.7,50.0,7,6748.05,No,Kochi
HSE03897,1,1486,37935.35,493.0,127.0,27.8,50.8,4,3047.29,Yes,Pune
HSE03898,4,1149,65605.31,799.2,329.5,30.7,25.5,9,5147.83,No,Bangalore
HSE03899,3,1078,55735.65,615.8,175.0,25.4,20.2,9,4232.94,Yes,Hyderabad
HSE03900,7,1287,88102.31,941.2,358.4,28.6,33.1,10,6419.47,No,Chennai
HSE03901,4,1212,60260.88,732.1,356.8,29.4,39.1,9,6236.16,No,Bangalore
HSE03902,6,1080,39663.45,701.3,205.3,20.6,18.5,12,6053.99,No,Bangalore
HSE03903,6,1175,32559.17,880.7,467.4,25.7,66.5,9,5384.27,No,Chennai
HSE03904,5,1392,72388.94,1049.3,542.0,31.5,68.8,15,9027.02,No,Delhi
HSE03905,5,1424,33771.67,981.0,367.4,31.3,62.7,11,5979.96,No,Delhi
HSE03906,4,1220,93692.34,721.1,181.6,24.0,19.3,10,5698.34,Yes,Chennai
HSE03907,1,1479,70546.35,593.4,288.9,27.6,32.7,4,3915.15,Yes,Delhi
HSE03908,6,1009,57188.47,614.3,315.9,19.5,73.9,4,3660.11,No,Chennai
HSE03909,1,2201,30472.31,850.3,257.1,29.0,53.2,9,6817.84,No,Chennai
HSE03910,1,1869,74532.0,1101.4,578.1,34.0,99.3,12,8065.71,Yes,Pune
HSE03911,4,1543,113849.56,1098.7,576.0,34.2,91.3,13,8557.91,No,Bangalore
HSE03912,1,400,45424.0,764.5,299.2,34.1,46.7,15,5807.94,No,Mumbai
HSE03913,6,1473,39388.54,972.2,475.8,31.1,32.3,12,5820.31,No,Chennai
HSE03914,3,1049,52768.88,730.8,280.3,33.6,72.0,5,6047.15,No,Mumbai
HSE03915,5,760,67860.71,715.0,299.7,28.2,76.1,3,5999.69,No,Chennai
HSE03916,3,1037,43305.71,879.3,304.2,26.9,81.5,11,5344.03,No,Chennai
HSE03917,1,809,82431.89,575.0,171.3,33.6,52.7,5,4375.2,No,Bangalore
HSE03918,3,1428,129950.85,681.7,323.1,30.2,29.7,3,5244.59,No,Pune
HSE03919,6,1927,63812.16,967.6,242.3,21.8,62.2,8,7397.89,No,Chennai
HSE03920,6,1572,47517.09,1064.4,451.2,33.9,63.8,6,8392.53,No,Coimbatore
HSE03921,1,2443,67043.05,883.5,450.1,28.1,70.7,3,7284.38,Yes,Coimbatore
HSE03922,4,501,93421.17,551.7,174.5,26.3,34.5,6,4730.17,No,Bangalore
HSE03923,3,972,59096.38,677.7,237.1,32.9,11.0,10,4645.57,No,Chennai
HSE03924,4,776,68417.32,918.3,391.4,32.4,61.8,13,7117.14,No,Chennai
HSE03925,4,1753,75526.08,683.6,221.5,25.2,16.4,9,5529.34,No,Salem
HSE03926,2,1101,37091.3,881.8,444.6,28.4,74.6,14,6773.29,No,Chennai
HSE03927,1,1285,67622.3,384.5,138.4,25.4,51.6,3,2943.25,No,Hyderabad
HSE03928,5,1485,30067.84,822.2,349.0,25.5,31.6,12,6365.94,No,Salem
HSE03929,6,545,40896.28,776.4,246.8,18.0,97.0,14,6248.52,No,Coimbatore
HSE03930,6,920,92100.58,709.8,186.3,24.9,37.6,11,5715.87,No,Delhi
HSE03931,1,1649,81393.79,733.8,221.7,28.3,51.9,8,4793.29,No,Bangalore
HSE03932,7,953,48703.56,570.9,150.6,18.0,33.9,4,3962.76,Yes,Madurai
HSE03933,7,429,118503.23,718.7,280.7,23.5,48.7,5,6146.41,No,Madurai
HSE03934,7,794,30500.64,938.9,400.0,31.4,64.4,9,8114.06,No,Bangalore
HSE03935,5,1071,50151.26,690.9,182.0,23.4,35.6,5,5882.1,No,Chennai
HSE03936,6,1275,62248.23,943.3,261.4,28.4,42.5,15,7538.98,No,Bangalore
HSE03937,1,1168,15543.18,415.5,164.4,22.4,73.8,5,2994.22,No,Salem
HSE03938,6,924,51233.06,723.8,354.5,30.6,11.6,7,5106.69,No,Chennai
HSE03939,4,1623,33158.83,677.9,297.2,27.7,76.4,5,4322.59,Yes,Salem
HSE03940,3,1142,33500.2,616.5,173.5,25.3,84.9,5,5167.52,No,Kochi
HSE03941,3,1294,48658.66,519.6,268.3,18.4,23.8,13,3813.75,No,Chennai
HSE03942,6,948,24186.31,569.7,299.2,25.4,13.9,7,4463.59,No,Pune
HSE03943,2,1879,38235.0,646.9,224.8,31.7,19.7,7,5538.87,No,Coimbatore
HSE03944,5,1024,24442.08,843.8,366.9,35.2,26.2,14,7278.1,No,Mumbai
HSE03945,7,1234,58150.67,757.6,301.3,28.1,21.4,11,6534.15,No,Bangalore
HSE03946,5,1666,57644.19,936.2,498.6,28.6,67.3,3,7054.16,Yes,Bangalore
HSE03947,5,1326,47015.94,631.3,254.2,26.3,44.1,3,4995.46,No,Hyderabad
HSE03948,4,1315,86119.3,811.5,436.6,33.9,57.0,13,5498.58,No,Hyderabad
HSE03949,5,400,48137.43,829.9,257.1,28.0,81.0,11,5453.92,No,Delhi
HSE03950,3,1506,54431.71,785.8,277.9,32.6,71.5,7,4956.28,No,Delhi
HSE03951,4,1225,36584.8,877.5,425.1,30.0,109.2,6,5674.84,No,Salem
HSE03952,1,1444,19508.68,775.2,376.0,29.5,89.9,4,6465.46,No,Pune
HSE03953,5,1282,51517.95,692.4,325.2,24.9,4.5,14,4570.59,No,Delhi
HSE03954,5,948,48577.31,834.7,423.9,36.1,41.3,11,6625.71,No,Bangalore
HSE03955,1,1602,118722.89,840.0,387.0,34.9,62.2,8,5304.26,No,Coimbatore
HSE03956,5,1289,74268.28,1291.2,569.2,38.1,111.4,11,11245.13,No,Coimbatore
HSE03957,1,620,45669.41,477.3,185.0,24.6,37.6,7,3198.62,Yes,Hyderabad
HSE03958,4,1789,58620.33,696.1,271.6,30.1,65.2,6,5127.35,No,Delhi
HSE03959,3,556,82722.47,792.4,294.7,25.8,129.6,9,5797.22,No,Delhi
HSE03960,1,1605,69399.03,756.6,329.9,30.8,69.6,7,6512.27,Yes,Salem
HSE03961,2,1869,116552.38,713.6,265.5,30.2,24.5,10,4564.06,No,Bangalore
HSE03962,1,702,38555.73,446.9,131.5,27.3,14.4,10,3834.22,No,Mumbai
HSE03963,5,1145,85293.53,779.4,219.8,28.1,27.9,15,6101.97,Yes,Madurai
HSE03964,7,1103,45469.45,824.6,434.8,37.4,43.0,4,5664.38,Yes,Bangalore
HSE03965,7,1123,60006.96,1387.7,357.2,28.5,123.4,15,8675.18,No,Hyderabad
HSE03966,4,2024,42793.17,825.7,232.6,20.2,83.4,7,6755.76,No,Madurai
HSE03967,6,707,51595.24,843.3,323.5,26.9,37.2,12,5801.06,Yes,Mumbai
HSE03968,4,1062,60493.51,643.2,211.5,24.6,25.4,10,5666.07,No,Pune
HSE03969,6,1876,71829.65,753.5,280.1,25.3,25.2,5,4564.72,No,Madurai
HSE03970,7,1055,56539.75,1240.5,353.8,31.8,143.5,9,9435.93,No,Mumbai
HSE03971,7,779,17967.52,688.0,199.0,32.6,23.1,5,5314.05,No,Coimbatore
HSE03972,1,1318,53128.11,572.7,280.7,25.6,75.8,8,4863.05,No,Kochi
HSE03973,3,1563,106592.54,763.5,364.7,26.8,73.4,4,5122.08,No,Kochi
HSE03974,2,1023,52939.03,598.1,168.2,26.2,40.7,8,5497.26,No,Coimbatore
HSE03975,4,1449,107948.04,864.8,389.5,35.1,21.8,8,6993.87,No,Mumbai
HSE03976,5,581,52104.15,922.7,399.3,32.7,62.8,10,6737.21,Yes,Hyderabad
HSE03977,6,606,27111.05,970.9,450.5,31.7,118.2,7,7741.0,No,Kochi
HSE03978,5,1002,45263.61,620.7,243.5,24.9,19.9,3,4945.43,No,Chennai
HSE03979,3,1466,42778.6,742.8,245.9,22.2,50.1,10,6666.47,No,Bangalore
HSE03980,6,1543,49602.6,1197.2,537.7,33.9,71.3,14,10524.46,No,Mumbai
HSE03981,4,668,32263.61,1235.6,446.6,36.7,113.9,11,8142.25,No,Hyderabad
HSE03982,1,1526,54782.1,498.3,157.3,22.0,11.9,3,3532.54,Yes,Salem
HSE03983,5,1275,47447.14,1039.8,387.4,38.0,66.4,7,9343.5,No,Salem
HSE03984,3,804,98186.72,1017.4,487.3,28.6,112.6,14,6760.68,No,Coimbatore
HSE03985,4,600,31903.84,865.7,340.0,29.7,76.1,8,7687.51,No,Chennai
HSE03986,7,1303,61429.13,702.0,238.7,23.7,32.2,6,5771.3,No,Coimbatore
HSE03987,7,1780,66174.54,921.0,460.1,21.9,51.5,13,5734.99,No,Bangalore
HSE03988,4,1216,77950.54,712.6,366.6,19.9,82.5,4,4604.91,No,Delhi
HSE03989,4,779,46698.81,815.9,310.0,33.1,85.9,7,6221.3,Yes,Hyderabad
HSE03990,4,400,60745.54,754.0,273.3,28.7,75.3,6,6555.09,No,Coimbatore
HSE03991,6,1888,64476.99,1118.9,485.4,30.8,54.5,15,7748.13,Yes,Chennai
HSE03992,4,1669,26195.02,835.4,223.4,33.5,45.5,9,5811.79,No,Chennai
HSE03993,5,1336,47459.08,951.2,435.1,28.6,89.4,8,8353.56,No,Hyderabad
HSE03994,3,1865,54197.45,984.7,477.3,35.8,63.3,5,5785.37,No,Delhi
HSE03995,6,1301,57133.66,888.7,328.1,25.7,52.6,11,6730.31,No,Bangalore
HSE03996,4,961,56819.85,620.8,187.7,27.3,30.3,6,4598.56,No,Coimbatore
HSE03997,2,1450,66968.19,699.8,181.0,25.4,29.0,13,4290.6,No,Pune
HSE03998,2,827,131532.69,685.4,302.4,32.3,46.4,7,4198.2,Yes,Kochi
HSE03999,3,752,42072.33,720.4,238.2,33.5,69.0,5,5267.22,No,Chennai
HSE04000,7,1547,65291.41,1029.7,400.7,27.2,66.1,10,6446.99,No,Bangalore
