House_ID,Area_sqft,Bedrooms,Bathrooms,Location,Property_Type,Year_Built,Price_Lakhs,Parking_Spaces,Furnishing,Property_Status,Owner_Count,Distance_to_City_km
H13882,1839.0,5.0,2.0,Mumbai,Townhouse,2015.0,48.9,3.0,Furnished,Under Construction,4.0,24.8
H11685,3729.0,6.0,5.0,Coimbatore,Apartment,2022.0,364.02,1.0,Semi-Furnished,Ready to Move,4.0,8.5
H11045,703.0,6.0,4.0,Kochi,,2021.0,366.08,0.0,,Under Construction,3.0,5.7
H14811,1714.0,5.0,4.0,Kochi,Townhouse,2005.0,283.89,0.0,Semi-Furnished,Ready to Move,3.0,21.5
H11539,2292.0,3.0,1.0,Coimbatore,Villa,1997.0,449.37,1.0,Unfurnished,Ready to Move,3.0,30.9
H11035,1800.0,2.0,4.0,Kochi,Townhouse,2009.0,331.77,0.0,Furnished,,4.0,2.3
H12108,4981.0,4.0,1.0,Chennai,Villa,2015.0,314.68,2.0,Unfurnished,Under Construction,3.0,8.2
H14262,2207.0,2.0,3.0,Bangalore,Townhouse,2013.0,42.79,3.0,Unfurnished,Ready to Move,4.0,19.3
H14027,1282.0,6.0,5.0,Kochi,Villa,1995.0,,1.0,Furnished,Under Construction,4.0,33.5
H14064,3726.0,1.0,5.0,Coimbatore,Townhouse,2016.0,263.39,3.0,Furnished,Ready to Move,3.0,11.4
H13239,2088.0,2.0,1.0,Hyderabad,Townhouse,2023.0,251.09,1.0,Furnished,Under Construction,2.0,30.9
H11757,3373.0,1.0,5.0,Chennai,Independent House,2001.0,425.18,0.0,Unfurnished,Ready to Move,2.0,20.0
H12751,4758.0,1.0,5.0,Chennai,Apartment,1994.0,367.34,2.0,Furnished,Under Construction,4.0,3.1
H13397,3354.0,3.0,1.0,Hyderabad,Villa,1998.0,322.76,2.0,Furnished,Ready to Move,1.0,2.0
H13190,4149.0,6.0,3.0,Hyderabad,Villa,2020.0,428.85,3.0,Semi-Furnished,Ready to Move,2.0,27.4
H10473,3691.0,1.0,3.0,Kochi,Apartment,2006.0,232.73,3.0,Furnished,Ready to Move,3.0,29.2
H11630,1990.0,4.0,3.0,Pune,Independent House,1995.0,193.47,1.0,Unfurnished,Ready to Move,3.0,15.3
H11804,3057.0,5.0,3.0,Mumbai,Apartment,1998.0,312.3,2.0,Furnished,Ready to Move,,10.5
H10492,2546.0,6.0,1.0,Pune,Apartment,2015.0,342.9,3.0,Semi-Furnished,Ready to Move,2.0,8.2
H14612,4691.0,2.0,4.0,Kochi,Independent House,2009.0,214.83,0.0,Semi-Furnished,Ready to Move,4.0,1.5
H14380,4489.0,2.0,4.0,Bangalore,Villa,2017.0,27.37,1.0,Furnished,Ready to Move,4.0,23.1
H12652,1496.0,5.0,5.0,Hyderabad,,1997.0,298.89,2.0,Furnished,Ready to Move,4.0,21.4
H10009,680.0,4.0,2.0,Hyderabad,Apartment,2020.0,303.36,3.0,Unfurnished,Ready to Move,4.0,3.2
H13699,3484.0,4.0,3.0,Mumbai,Independent House,2019.0,316.73,2.0,Unfurnished,Ready to Move,4.0,24.7
H14350,1014.0,3.0,2.0,Coimbatore,Townhouse,1998.0,265.74,0.0,Furnished,Under Construction,1.0,29.9
H14477,4966.0,4.0,2.0,,Independent House,2011.0,114.51,2.0,Semi-Furnished,Under Construction,4.0,
H13663,,1.0,2.0,Mumbai,Villa,1995.0,43.53,1.0,Furnished,Under Construction,4.0,11.0
H10634,3667.0,2.0,,,Independent House,2025.0,412.61,2.0,Furnished,Under Construction,2.0,33.8
H11145,3174.0,6.0,3.0,Chennai,Villa,2022.0,340.51,1.0,Unfurnished,Under Construction,2.0,33.6
H13713,1239.0,4.0,2.0,Hyderabad,Townhouse,1993.0,278.6,,Semi-Furnished,Ready to Move,2.0,10.8
H10502,4177.0,5.0,3.0,Hyderabad,Apartment,2004.0,99.04,,Unfurnished,Ready to Move,,10.1
H11498,2196.0,5.0,1.0,Mumbai,Independent House,2013.0,41.3,,Semi-Furnished,Ready to Move,2.0,7.8
H10788,2742.0,4.0,4.0,Kochi,Independent House,2009.0,84.24,0.0,Semi-Furnished,Ready to Move,4.0,32.2
H14704,2630.0,2.0,1.0,Kochi,Apartment,2011.0,117.44,2.0,Unfurnished,Under Construction,1.0,32.4
H14037,1806.0,2.0,2.0,Mumbai,Apartment,2020.0,429.34,0.0,Furnished,Ready to Move,2.0,12.0
H10556,,5.0,3.0,Coimbatore,Apartment,2004.0,294.29,0.0,Semi-Furnished,Under Construction,3.0,10.5
H14750,3674.0,1.0,1.0,Kochi,Villa,1996.0,,0.0,Unfurnished,Under Construction,4.0,1.7
H12099,,1.0,5.0,Bangalore,Apartment,2006.0,406.63,3.0,Furnished,Under Construction,3.0,5.9
H11520,819.0,3.0,4.0,Hyderabad,Apartment,2020.0,123.25,0.0,Semi-Furnished,Ready to Move,4.0,24.3
H13989,3907.0,2.0,4.0,Pune,Villa,2016.0,157.28,,Semi-Furnished,Ready to Move,4.0,25.5
H10585,3364.0,1.0,1.0,Coimbatore,Villa,2015.0,117.99,1.0,Furnished,Under Construction,4.0,9.0
H11116,1470.0,5.0,3.0,Kochi,Villa,2008.0,397.66,2.0,Semi-Furnished,Ready to Move,4.0,31.5
H13517,4934.0,2.0,5.0,Chennai,Townhouse,2014.0,325.04,3.0,Semi-Furnished,Under Construction,2.0,10.8
H12118,4438.0,4.0,5.0,Bangalore,Independent House,2007.0,385.67,0.0,Furnished,Under Construction,1.0,34.1
H10024,2356.0,3.0,3.0,Coimbatore,Villa,2000.0,110.02,3.0,Unfurnished,Under Construction,3.0,6.3
H14833,1691.0,4.0,1.0,Hyderabad,Apartment,2014.0,171.82,0.0,Semi-Furnished,Under Construction,4.0,7.4
H11324,4513.0,4.0,1.0,Bangalore,Independent House,1994.0,232.43,3.0,Semi-Furnished,Ready to Move,4.0,15.8
H12116,4705.0,3.0,3.0,Bangalore,Villa,1999.0,57.97,3.0,Unfurnished,Under Construction,4.0,5.8
H10288,3500.0,6.0,1.0,Chennai,Apartment,2001.0,,1.0,Semi-Furnished,Ready to Move,4.0,27.9
H12187,3841.0,5.0,5.0,Bangalore,Apartment,2015.0,398.8,1.0,Semi-Furnished,Under Construction,1.0,14.8
H13479,610.0,4.0,2.0,Coimbatore,Independent House,2016.0,307.77,3.0,Semi-Furnished,Ready to Move,4.0,9.4
H11613,4103.0,5.0,2.0,Hyderabad,Apartment,1992.0,91.02,,Semi-Furnished,Under Construction,3.0,34.9
H10706,1613.0,1.0,5.0,Mumbai,Apartment,2001.0,30.15,3.0,Furnished,Under Construction,3.0,25.0
H14584,4782.0,2.0,2.0,Kochi,,2024.0,64.58,3.0,Furnished,Ready to Move,3.0,
H11033,736.0,4.0,2.0,Bangalore,Independent House,2021.0,369.5,2.0,Unfurnished,Ready to Move,4.0,27.8
H10692,2010.0,,2.0,Pune,Independent House,2006.0,431.0,3.0,Unfurnished,Under Construction,1.0,32.9
H13510,2197.0,1.0,1.0,Bangalore,Villa,2008.0,64.73,1.0,Furnished,Under Construction,1.0,30.6
H12606,4096.0,2.0,4.0,Pune,Villa,1990.0,241.88,3.0,Furnished,Under Construction,4.0,23.9
H10534,3058.0,6.0,5.0,Chennai,Townhouse,1997.0,,,Unfurnished,Under Construction,1.0,6.9
H13616,4685.0,5.0,4.0,Hyderabad,Apartment,2025.0,107.92,2.0,Furnished,Ready to Move,2.0,24.8
H10388,2632.0,1.0,,Chennai,Independent House,2005.0,81.82,0.0,Semi-Furnished,Ready to Move,3.0,17.2
H10995,991.0,2.0,5.0,Chennai,Independent House,2022.0,316.63,,Furnished,Ready to Move,3.0,28.1
H14736,3806.0,4.0,4.0,Bangalore,Independent House,1990.0,241.44,2.0,,Under Construction,3.0,33.6
H11176,1486.0,4.0,3.0,Chennai,Townhouse,1993.0,358.74,0.0,Semi-Furnished,Ready to Move,3.0,23.3
H10539,3874.0,3.0,5.0,Pune,Townhouse,2004.0,371.21,0.0,Unfurnished,Ready to Move,2.0,7.8
H12749,2861.0,2.0,1.0,Bangalore,Independent House,2024.0,152.61,2.0,Unfurnished,Ready to Move,4.0,6.2
H10882,2672.0,4.0,5.0,Coimbatore,Townhouse,2013.0,263.58,2.0,Semi-Furnished,Ready to Move,4.0,2.4
H12035,1918.0,5.0,5.0,Mumbai,Apartment,2005.0,90.07,1.0,Semi-Furnished,Under Construction,4.0,15.0
H13590,3032.0,2.0,4.0,Kochi,Villa,2005.0,66.25,1.0,Unfurnished,Under Construction,1.0,8.8
H14737,3706.0,6.0,5.0,Coimbatore,Villa,1990.0,202.24,2.0,Semi-Furnished,Ready to Move,4.0,11.3
H11085,596.0,1.0,3.0,Bangalore,Independent House,2015.0,95.14,3.0,Semi-Furnished,Under Construction,4.0,32.1
H10101,3340.0,3.0,2.0,Mumbai,Apartment,2008.0,274.11,2.0,Furnished,Under Construction,3.0,25.9
H12094,1563.0,4.0,3.0,Pune,Independent House,2025.0,365.29,3.0,Unfurnished,Ready to Move,4.0,26.2
H12179,2169.0,2.0,5.0,Hyderabad,Villa,2016.0,230.38,1.0,Semi-Furnished,Under Construction,2.0,34.8
H11774,4433.0,2.0,5.0,Kochi,Townhouse,2000.0,291.18,3.0,Semi-Furnished,Under Construction,4.0,21.6
H10479,1263.0,2.0,4.0,Bangalore,Apartment,2010.0,372.6,0.0,Semi-Furnished,Ready to Move,4.0,34.9
H11972,3117.0,1.0,4.0,Mumbai,Townhouse,2018.0,435.4,2.0,Semi-Furnished,Under Construction,4.0,2.5
H12446,1997.0,4.0,5.0,Mumbai,Townhouse,2017.0,98.58,0.0,,Under Construction,2.0,8.1
H13836,4355.0,6.0,5.0,,Villa,2008.0,404.35,2.0,Furnished,Under Construction,3.0,14.5
H10034,1196.0,3.0,4.0,Chennai,Apartment,1995.0,202.91,3.0,Furnished,Under Construction,2.0,12.5
H12644,4713.0,4.0,4.0,Coimbatore,Apartment,1998.0,232.64,1.0,Unfurnished,Ready to Move,1.0,1.9
H14537,4030.0,3.0,2.0,Hyderabad,Independent House,2017.0,353.8,2.0,Semi-Furnished,Under Construction,4.0,7.3
H10180,2393.0,1.0,3.0,Chennai,Townhouse,1998.0,103.69,3.0,Unfurnished,Under Construction,2.0,11.5
H14465,734.0,4.0,5.0,Mumbai,Apartment,2018.0,68.21,1.0,Semi-Furnished,Under Construction,4.0,30.2
H10200,2805.0,2.0,2.0,Kochi,Apartment,2001.0,438.46,0.0,Semi-Furnished,Under Construction,2.0,8.4
H10938,3629.0,2.0,2.0,Bangalore,Apartment,2022.0,298.97,2.0,Semi-Furnished,Ready to Move,3.0,26.1
H12575,4570.0,4.0,4.0,Chennai,Independent House,1995.0,214.14,0.0,Semi-Furnished,Under Construction,2.0,1.8
H10228,3285.0,4.0,2.0,Coimbatore,Apartment,2002.0,,1.0,Furnished,Under Construction,2.0,18.9
H10625,,6.0,2.0,Bangalore,Villa,2024.0,186.02,0.0,Furnished,Under Construction,3.0,15.8
H10351,3509.0,6.0,2.0,Mumbai,Apartment,2007.0,255.69,0.0,Unfurnished,Ready to Move,1.0,3.8
H10145,3702.0,6.0,4.0,Hyderabad,Apartment,2001.0,369.23,,Semi-Furnished,Under Construction,1.0,10.0
H13818,2937.0,4.0,1.0,Pune,Independent House,1999.0,122.68,0.0,Unfurnished,Under Construction,2.0,5.2
H13839,1474.0,2.0,1.0,Chennai,Townhouse,2005.0,132.94,1.0,Furnished,Ready to Move,1.0,22.5
H13566,3013.0,1.0,5.0,Hyderabad,Independent House,2008.0,153.73,1.0,Furnished,Ready to Move,4.0,23.0
H14595,3499.0,2.0,2.0,,Townhouse,2009.0,151.17,0.0,Unfurnished,Ready to Move,2.0,27.9
H12211,4287.0,1.0,5.0,Mumbai,Apartment,1994.0,254.75,3.0,Furnished,Ready to Move,2.0,9.7
H13504,3054.0,2.0,5.0,Hyderabad,Apartment,2000.0,194.04,2.0,Furnished,Under Construction,1.0,34.1
H14248,3934.0,2.0,1.0,Kochi,Independent House,2014.0,78.95,2.0,Semi-Furnished,Under Construction,3.0,4.5
H13016,3856.0,6.0,4.0,Bangalore,Apartment,1998.0,441.26,1.0,Furnished,Ready to Move,3.0,15.3
H12893,3873.0,6.0,4.0,Coimbatore,Independent House,2006.0,126.83,2.0,Unfurnished,Ready to Move,3.0,32.2
H13602,1281.0,5.0,2.0,Bangalore,Apartment,2002.0,37.44,2.0,Unfurnished,Ready to Move,3.0,24.4
H12604,1992.0,1.0,3.0,Chennai,Independent House,1993.0,320.24,0.0,Semi-Furnished,Ready to Move,3.0,12.9
H12679,1206.0,6.0,3.0,Kochi,Independent House,2000.0,402.59,2.0,Semi-Furnished,Ready to Move,1.0,8.6
H13400,3334.0,5.0,1.0,Coimbatore,Apartment,2004.0,298.31,2.0,Semi-Furnished,Under Construction,3.0,28.8
H13599,3348.0,3.0,1.0,Hyderabad,Independent House,2000.0,321.41,2.0,Semi-Furnished,Under Construction,1.0,26.0
H11025,4326.0,3.0,1.0,Hyderabad,Villa,1992.0,139.47,3.0,Furnished,Ready to Move,4.0,15.5
H12868,4622.0,2.0,3.0,Chennai,Apartment,2013.0,268.65,1.0,Unfurnished,Under Construction,2.0,17.6
H11221,3570.0,5.0,4.0,Chennai,Independent House,2018.0,189.57,2.0,Unfurnished,Under Construction,1.0,15.7
H12669,3720.0,1.0,3.0,Bangalore,Independent House,2019.0,363.11,2.0,Furnished,Ready to Move,4.0,33.4
H13332,757.0,4.0,1.0,Bangalore,Villa,2005.0,367.42,3.0,Furnished,Ready to Move,2.0,21.0
H13868,3707.0,5.0,1.0,Bangalore,Villa,1992.0,333.12,0.0,Semi-Furnished,Under Construction,1.0,19.9
H10627,1221.0,5.0,4.0,Hyderabad,Villa,2001.0,437.71,1.0,Furnished,Under Construction,1.0,30.0
H14661,1479.0,1.0,5.0,Kochi,Townhouse,,363.8,3.0,Furnished,Under Construction,4.0,29.4
H14193,2326.0,4.0,3.0,Kochi,Townhouse,1993.0,149.52,3.0,Semi-Furnished,Ready to Move,1.0,11.4
H10080,2045.0,6.0,3.0,Hyderabad,Townhouse,2006.0,439.1,2.0,Furnished,Ready to Move,3.0,33.0
H10554,2183.0,3.0,4.0,Kochi,Apartment,1991.0,384.88,3.0,Unfurnished,Ready to Move,3.0,28.0
H11245,4288.0,1.0,5.0,Coimbatore,Villa,1999.0,243.47,1.0,Semi-Furnished,,3.0,2.9
H10297,2532.0,1.0,5.0,Kochi,Independent House,1995.0,168.24,,Semi-Furnished,Ready to Move,3.0,10.3
H10654,2675.0,1.0,1.0,Bangalore,Apartment,2025.0,99.47,3.0,Furnished,Under Construction,3.0,8.1
H10355,2307.0,1.0,3.0,Pune,Independent House,2018.0,283.16,0.0,Semi-Furnished,Ready to Move,1.0,15.8
H10932,2451.0,2.0,5.0,Mumbai,Villa,2024.0,349.97,2.0,Semi-Furnished,Ready to Move,1.0,18.2
H11590,1536.0,1.0,2.0,Pune,Townhouse,2016.0,74.47,3.0,Unfurnished,Under Construction,2.0,9.3
H13334,4667.0,4.0,4.0,Mumbai,Apartment,2009.0,130.79,3.0,Semi-Furnished,Ready to Move,1.0,34.9
H13435,3393.0,2.0,2.0,Bangalore,Villa,2013.0,392.37,,Semi-Furnished,Ready to Move,3.0,32.9
H13880,2693.0,3.0,2.0,Hyderabad,Independent House,1991.0,101.99,0.0,Unfurnished,Under Construction,4.0,28.2
H11739,4152.0,3.0,2.0,,Villa,2020.0,148.53,0.0,Semi-Furnished,Under Construction,2.0,23.2
H10545,1347.0,6.0,1.0,Chennai,Apartment,2012.0,391.13,0.0,Furnished,Under Construction,3.0,16.2
H14312,1267.0,2.0,5.0,Mumbai,Apartment,2021.0,38.19,1.0,Unfurnished,Under Construction,1.0,27.3
H10316,1185.0,1.0,4.0,Mumbai,Independent House,2002.0,259.56,0.0,Unfurnished,Ready to Move,2.0,25.1
H14413,3038.0,4.0,2.0,Hyderabad,Villa,,63.04,1.0,Unfurnished,Ready to Move,2.0,17.1
H14403,2527.0,2.0,1.0,Chennai,Apartment,2012.0,248.34,1.0,Unfurnished,Ready to Move,,6.2
H10599,1908.0,2.0,5.0,Hyderabad,Independent House,,312.57,2.0,Unfurnished,Under Construction,2.0,14.1
H14528,1334.0,2.0,1.0,Pune,Townhouse,2021.0,88.62,1.0,Furnished,Under Construction,1.0,12.3
H12666,1853.0,4.0,4.0,Coimbatore,Independent House,2000.0,347.56,3.0,Semi-Furnished,Under Construction,3.0,2.3
H10721,1691.0,2.0,5.0,Kochi,Independent House,2001.0,203.02,3.0,Unfurnished,Ready to Move,2.0,13.3
H13335,703.0,2.0,1.0,Coimbatore,Independent House,2000.0,373.11,2.0,Furnished,Ready to Move,4.0,
H10066,1825.0,3.0,5.0,Chennai,Townhouse,,323.25,0.0,Semi-Furnished,Ready to Move,4.0,2.0
H14083,1086.0,5.0,4.0,Chennai,Apartment,2007.0,249.64,1.0,Furnished,Ready to Move,1.0,4.6
H11262,2535.0,5.0,4.0,Coimbatore,Villa,2019.0,376.47,3.0,Unfurnished,Ready to Move,3.0,27.0
H13085,4972.0,4.0,5.0,Coimbatore,Apartment,2022.0,,1.0,Unfurnished,Ready to Move,3.0,7.8
H12949,4976.0,4.0,1.0,Chennai,Villa,2006.0,353.22,,Furnished,Under Construction,2.0,29.1
H12656,890.0,2.0,1.0,Pune,Townhouse,2001.0,163.87,2.0,Semi-Furnished,Under Construction,4.0,6.1
H14077,4782.0,4.0,3.0,Chennai,Independent House,2019.0,105.72,3.0,Unfurnished,Ready to Move,3.0,17.0
H12128,1756.0,3.0,5.0,Pune,Independent House,2002.0,174.85,0.0,Semi-Furnished,Ready to Move,1.0,17.1
H14506,1973.0,1.0,2.0,Kochi,Villa,2018.0,34.0,3.0,Unfurnished,Under Construction,1.0,12.3
H14222,1623.0,3.0,5.0,Bangalore,Townhouse,1999.0,40.88,2.0,Unfurnished,Under Construction,4.0,15.0
H11695,2258.0,4.0,1.0,Pune,Villa,2023.0,382.83,1.0,Semi-Furnished,Ready to Move,1.0,5.5
H13077,3337.0,6.0,5.0,Bangalore,Independent House,,195.0,2.0,Unfurnished,Under Construction,3.0,20.3
H14627,,4.0,5.0,Kochi,Townhouse,,107.16,3.0,Furnished,Under Construction,1.0,1.9
H13347,4718.0,6.0,5.0,Mumbai,Villa,1990.0,142.25,1.0,Unfurnished,Ready to Move,3.0,26.3
H11898,2099.0,5.0,1.0,Chennai,Townhouse,1995.0,371.18,1.0,Furnished,Under Construction,2.0,15.3
H10427,1248.0,4.0,3.0,Kochi,Villa,2019.0,319.61,,Semi-Furnished,Under Construction,3.0,4.4
H11175,2815.0,6.0,5.0,Chennai,Townhouse,2022.0,326.36,3.0,Furnished,Ready to Move,3.0,30.5
H12105,3113.0,2.0,4.0,Hyderabad,Independent House,1999.0,355.85,1.0,Semi-Furnished,Ready to Move,,17.0
H14783,2612.0,1.0,2.0,Chennai,Independent House,2012.0,231.41,3.0,Unfurnished,Under Construction,2.0,23.7
H14785,2187.0,6.0,1.0,Mumbai,Independent House,2025.0,350.67,3.0,Semi-Furnished,Ready to Move,2.0,23.0
H11505,,2.0,4.0,Kochi,Apartment,1994.0,306.53,1.0,Unfurnished,Ready to Move,2.0,5.5
H12096,2378.0,1.0,4.0,Kochi,Independent House,1996.0,361.14,2.0,Unfurnished,Ready to Move,4.0,8.8
H10678,,2.0,3.0,Bangalore,Villa,1991.0,148.99,3.0,Semi-Furnished,Under Construction,1.0,18.7
H12847,2560.0,6.0,2.0,Hyderabad,Apartment,2003.0,100.15,3.0,Furnished,Under Construction,3.0,11.1
H10150,4024.0,6.0,5.0,Pune,Apartment,2021.0,409.87,2.0,Semi-Furnished,Ready to Move,3.0,33.1
H10803,1804.0,3.0,4.0,Coimbatore,Townhouse,2025.0,319.58,2.0,Furnished,Under Construction,2.0,1.4
H12537,4556.0,5.0,3.0,Bangalore,Villa,2010.0,235.57,3.0,Furnished,Ready to Move,1.0,33.5
H14779,4117.0,4.0,2.0,Kochi,Independent House,2004.0,34.86,3.0,Unfurnished,Ready to Move,1.0,13.6
H14314,1566.0,3.0,2.0,Kochi,Villa,1999.0,193.44,3.0,Furnished,Under Construction,4.0,26.9
H10562,2010.0,6.0,5.0,Hyderabad,Townhouse,2009.0,384.05,1.0,Furnished,Ready to Move,3.0,15.2
H11559,825.0,5.0,3.0,Coimbatore,Townhouse,1994.0,164.1,1.0,Unfurnished,Ready to Move,1.0,29.4
H13949,3503.0,3.0,3.0,Coimbatore,Independent House,2010.0,249.6,2.0,Unfurnished,Ready to Move,4.0,1.8
H13501,3062.0,2.0,2.0,Bangalore,Townhouse,2018.0,,1.0,Semi-Furnished,Under Construction,3.0,
H14557,2626.0,3.0,5.0,,Apartment,2014.0,87.29,,Furnished,Under Construction,3.0,
H14480,2244.0,4.0,3.0,Mumbai,Townhouse,2011.0,347.74,2.0,Semi-Furnished,Ready to Move,3.0,33.2
H10249,1610.0,1.0,4.0,Hyderabad,Villa,2021.0,96.03,3.0,Semi-Furnished,Ready to Move,1.0,8.0
H12474,2486.0,1.0,2.0,Chennai,Villa,,179.16,2.0,Furnished,Ready to Move,4.0,19.6
H12956,744.0,6.0,4.0,Kochi,Townhouse,1996.0,197.53,3.0,Semi-Furnished,Ready to Move,1.0,23.2
H11753,3114.0,6.0,2.0,Bangalore,Apartment,2017.0,318.15,1.0,Unfurnished,Ready to Move,2.0,33.5
H14847,4336.0,1.0,3.0,Kochi,Independent House,2014.0,403.7,2.0,Unfurnished,Ready to Move,2.0,9.3
H10417,4682.0,2.0,2.0,Pune,Apartment,2004.0,423.13,3.0,Unfurnished,Ready to Move,2.0,26.2
H10469,,2.0,1.0,Mumbai,Townhouse,2014.0,41.6,2.0,Semi-Furnished,Ready to Move,2.0,4.9
H12698,1757.0,3.0,5.0,Mumbai,Independent House,2025.0,390.23,0.0,Furnished,Under Construction,1.0,10.9
H10765,3941.0,2.0,1.0,Mumbai,Independent House,,449.85,1.0,Unfurnished,Under Construction,3.0,16.6
H11766,3367.0,4.0,2.0,,Townhouse,2023.0,64.7,1.0,Unfurnished,Ready to Move,1.0,14.0
H10231,1595.0,6.0,1.0,Mumbai,Independent House,2003.0,199.82,0.0,Semi-Furnished,Under Construction,4.0,16.6
H12765,3748.0,3.0,2.0,Coimbatore,Apartment,2022.0,44.73,3.0,Unfurnished,Ready to Move,2.0,20.4
H10133,3995.0,3.0,2.0,Kochi,Villa,2017.0,277.46,0.0,Unfurnished,Under Construction,3.0,2.3
H14419,2457.0,6.0,5.0,Bangalore,Independent House,1993.0,220.54,2.0,Unfurnished,Under Construction,3.0,21.0
H10682,3210.0,5.0,2.0,Hyderabad,Townhouse,2001.0,45.54,3.0,Unfurnished,Under Construction,2.0,21.5
H11136,821.0,4.0,4.0,Mumbai,Townhouse,2024.0,304.59,0.0,Semi-Furnished,Under Construction,3.0,10.0
H12623,1728.0,6.0,4.0,Pune,Villa,2011.0,109.73,0.0,Unfurnished,Ready to Move,1.0,24.6
H14644,1496.0,2.0,2.0,Kochi,Townhouse,2010.0,92.93,3.0,Furnished,Ready to Move,1.0,11.9
H13751,1808.0,4.0,5.0,Mumbai,Independent House,2011.0,,3.0,Furnished,Ready to Move,3.0,22.8
H11398,2719.0,1.0,5.0,Bangalore,Townhouse,2013.0,351.7,0.0,Unfurnished,Under Construction,3.0,22.2
H14613,4442.0,1.0,,Coimbatore,Apartment,1995.0,135.34,1.0,Furnished,Ready to Move,,4.4
H10719,1396.0,4.0,3.0,Pune,Apartment,2021.0,254.07,0.0,Semi-Furnished,Under Construction,3.0,8.2
H11567,1758.0,5.0,1.0,Hyderabad,Apartment,2010.0,194.69,,Semi-Furnished,Under Construction,3.0,30.9
H13050,4832.0,5.0,,Chennai,Townhouse,,428.66,3.0,Unfurnished,Under Construction,3.0,26.5
H10229,1504.0,5.0,5.0,Chennai,Independent House,2003.0,201.1,0.0,Semi-Furnished,Ready to Move,3.0,3.2
H14190,4066.0,2.0,4.0,Pune,Townhouse,2022.0,45.98,2.0,Unfurnished,Under Construction,4.0,30.8
H14036,1048.0,2.0,4.0,Hyderabad,Apartment,2020.0,294.08,0.0,Furnished,Ready to Move,1.0,11.7
H12687,816.0,1.0,2.0,Chennai,Independent House,2013.0,85.06,3.0,Semi-Furnished,Under Construction,3.0,5.6
H13808,2407.0,3.0,5.0,Mumbai,Independent House,2004.0,442.05,3.0,Semi-Furnished,Under Construction,3.0,15.5
H11306,1436.0,6.0,2.0,Bangalore,Independent House,2012.0,389.18,3.0,Semi-Furnished,Ready to Move,2.0,19.4
H12768,2791.0,6.0,2.0,Mumbai,Apartment,2001.0,156.59,1.0,Semi-Furnished,Ready to Move,1.0,34.4
H13394,4301.0,1.0,2.0,Coimbatore,Independent House,2000.0,170.32,3.0,Semi-Furnished,Under Construction,4.0,10.8
H12347,1445.0,1.0,2.0,Hyderabad,Townhouse,2020.0,323.5,2.0,Unfurnished,Ready to Move,4.0,2.1
H14372,2624.0,1.0,4.0,Bangalore,Villa,,225.4,0.0,Semi-Furnished,Ready to Move,4.0,27.9
H10808,1670.0,4.0,2.0,Coimbatore,Townhouse,2012.0,314.9,2.0,Unfurnished,Ready to Move,4.0,33.4
H13505,3860.0,2.0,2.0,,Apartment,2006.0,212.43,1.0,Semi-Furnished,Ready to Move,3.0,19.0
H12064,998.0,5.0,,Coimbatore,Apartment,2004.0,81.99,0.0,Furnished,Under Construction,3.0,34.4
H10945,3850.0,1.0,3.0,Mumbai,Townhouse,2014.0,40.93,2.0,Semi-Furnished,,1.0,
H13769,4184.0,6.0,3.0,Chennai,Independent House,2009.0,350.68,2.0,Semi-Furnished,Under Construction,1.0,11.6
H11892,3852.0,5.0,5.0,Pune,Apartment,2024.0,161.3,3.0,Semi-Furnished,Under Construction,3.0,23.9
H11486,4141.0,6.0,1.0,Bangalore,Townhouse,1992.0,370.98,3.0,Furnished,Ready to Move,3.0,14.7
H11026,3416.0,2.0,4.0,Pune,Independent House,2023.0,391.36,2.0,Semi-Furnished,Under Construction,,12.6
H13657,4106.0,6.0,4.0,Pune,Villa,2002.0,42.5,1.0,Semi-Furnished,Under Construction,2.0,23.8
H14196,1565.0,3.0,4.0,Coimbatore,Independent House,2000.0,325.26,0.0,Unfurnished,Under Construction,2.0,11.1
H13814,3473.0,1.0,5.0,Kochi,Apartment,2018.0,80.07,2.0,Furnished,Ready to Move,4.0,25.9
H11557,1779.0,2.0,2.0,Chennai,Independent House,2013.0,239.46,1.0,Furnished,Under Construction,3.0,17.6
H10684,2311.0,2.0,5.0,Coimbatore,Independent House,2016.0,344.2,0.0,Unfurnished,Ready to Move,1.0,10.5
H10927,3843.0,6.0,3.0,Hyderabad,Independent House,2015.0,219.71,,Furnished,Ready to Move,2.0,14.6
H14239,4108.0,5.0,2.0,Kochi,Townhouse,2008.0,395.02,,Furnished,Under Construction,3.0,34.3
H11184,3720.0,3.0,2.0,Mumbai,Townhouse,2024.0,286.17,1.0,Unfurnished,Ready to Move,4.0,20.8
H10622,3816.0,2.0,3.0,,,1990.0,420.12,2.0,Semi-Furnished,Ready to Move,4.0,7.1
H11542,1824.0,2.0,2.0,Kochi,Villa,,239.07,2.0,Unfurnished,Ready to Move,3.0,8.9
H14601,4507.0,5.0,3.0,Chennai,Apartment,2016.0,234.32,3.0,Unfurnished,Under Construction,4.0,1.5
H10415,2693.0,6.0,1.0,Pune,Apartment,1997.0,330.03,0.0,Semi-Furnished,Ready to Move,4.0,
H13440,3808.0,1.0,3.0,Coimbatore,Townhouse,2024.0,393.1,2.0,Unfurnished,Ready to Move,1.0,27.4
H14259,1002.0,1.0,4.0,Coimbatore,Independent House,2022.0,59.26,3.0,Furnished,Under Construction,3.0,7.9
H10158,1316.0,4.0,2.0,Chennai,Villa,2000.0,216.6,1.0,Unfurnished,Ready to Move,4.0,12.8
H12488,890.0,5.0,3.0,Chennai,Independent House,2017.0,242.08,0.0,Furnished,Ready to Move,4.0,31.2
H14202,1535.0,6.0,4.0,Kochi,Townhouse,2012.0,157.12,3.0,Semi-Furnished,Ready to Move,2.0,26.9
H12511,3554.0,2.0,2.0,Chennai,Independent House,2017.0,245.17,0.0,Semi-Furnished,Ready to Move,3.0,20.6
H11947,1405.0,2.0,1.0,Hyderabad,Villa,2007.0,132.12,1.0,Furnished,Under Construction,1.0,11.7
H11768,1782.0,6.0,1.0,Coimbatore,Independent House,2009.0,43.23,1.0,Semi-Furnished,Ready to Move,3.0,29.5
H13019,4373.0,1.0,4.0,,Villa,1992.0,344.25,0.0,,Ready to Move,1.0,19.1
H12639,4704.0,4.0,1.0,Kochi,Independent House,2008.0,439.16,2.0,Semi-Furnished,Ready to Move,3.0,32.6
H10013,2983.0,3.0,5.0,Hyderabad,Apartment,2006.0,361.3,1.0,Unfurnished,Ready to Move,1.0,12.6
H11973,2123.0,2.0,2.0,Mumbai,,2002.0,111.0,1.0,Semi-Furnished,Ready to Move,2.0,8.1
H11946,4476.0,5.0,4.0,Bangalore,Apartment,2018.0,92.71,3.0,Unfurnished,Ready to Move,1.0,14.3
H12519,4291.0,4.0,3.0,Pune,Townhouse,,420.6,2.0,Unfurnished,Ready to Move,4.0,11.5
H12079,3163.0,1.0,1.0,Coimbatore,Townhouse,2006.0,196.43,1.0,Furnished,Under Construction,4.0,12.5
H13299,,3.0,5.0,Kochi,Independent House,2016.0,328.25,2.0,Semi-Furnished,Ready to Move,1.0,7.0
H13727,2225.0,4.0,1.0,Mumbai,Independent House,2005.0,201.89,2.0,Semi-Furnished,Under Construction,1.0,28.0
H14814,3255.0,5.0,1.0,Bangalore,Independent House,2010.0,306.22,0.0,Semi-Furnished,Ready to Move,3.0,23.3
H10734,1451.0,3.0,2.0,Chennai,Townhouse,2017.0,222.77,1.0,Furnished,Under Construction,1.0,1.8
H10291,2918.0,3.0,4.0,Coimbatore,Villa,2017.0,396.85,0.0,Semi-Furnished,Under Construction,1.0,34.3
H10298,1403.0,5.0,4.0,Bangalore,Villa,2000.0,257.88,2.0,Unfurnished,Ready to Move,4.0,
H10091,3323.0,6.0,5.0,Chennai,Apartment,1999.0,39.3,3.0,Furnished,Ready to Move,2.0,10.8
H12471,2811.0,6.0,5.0,Hyderabad,Townhouse,2010.0,296.85,1.0,Unfurnished,Under Construction,3.0,10.0
H14646,1056.0,5.0,5.0,Pune,Townhouse,2008.0,183.62,3.0,Unfurnished,Ready to Move,3.0,18.0
H11843,644.0,1.0,2.0,Hyderabad,Villa,2006.0,168.36,1.0,Unfurnished,Ready to Move,4.0,15.6
H13665,3125.0,4.0,3.0,,Apartment,1997.0,78.32,2.0,Furnished,Under Construction,2.0,9.0
H12891,905.0,5.0,5.0,Chennai,Independent House,1990.0,219.06,0.0,Furnished,Under Construction,3.0,27.1
H10027,3555.0,6.0,1.0,Chennai,Apartment,2025.0,29.25,1.0,Semi-Furnished,Under Construction,,29.2
H13641,3168.0,1.0,2.0,Chennai,Apartment,2006.0,363.42,1.0,Furnished,Ready to Move,3.0,16.3
H11422,1008.0,4.0,2.0,Pune,Apartment,2018.0,311.9,0.0,Semi-Furnished,Under Construction,4.0,21.1
H13425,1564.0,5.0,3.0,Mumbai,Apartment,2006.0,87.68,2.0,Semi-Furnished,Under Construction,4.0,27.1
H12522,4310.0,6.0,2.0,Mumbai,Villa,1994.0,250.83,2.0,Furnished,Under Construction,3.0,12.6
H11489,1489.0,5.0,2.0,Pune,Townhouse,2002.0,292.85,0.0,Furnished,Under Construction,3.0,6.7
H12081,2806.0,5.0,5.0,Chennai,Apartment,2013.0,283.3,0.0,Semi-Furnished,Under Construction,1.0,32.5
H11535,2205.0,6.0,1.0,Mumbai,Villa,2004.0,356.37,3.0,Semi-Furnished,Ready to Move,3.0,32.9
H11863,3269.0,4.0,2.0,Pune,Independent House,2021.0,53.24,0.0,Furnished,Ready to Move,2.0,4.7
H10255,3720.0,4.0,1.0,Pune,Townhouse,2022.0,435.22,3.0,Unfurnished,Ready to Move,2.0,18.3
H14421,679.0,2.0,3.0,Coimbatore,Townhouse,2021.0,319.35,2.0,Semi-Furnished,Under Construction,3.0,27.4
H10590,2672.0,2.0,1.0,Kochi,Independent House,1999.0,436.71,3.0,Unfurnished,Under Construction,4.0,29.4
H14185,1139.0,2.0,2.0,Bangalore,Townhouse,2015.0,317.4,0.0,Semi-Furnished,Ready to Move,2.0,19.2
H12389,1145.0,2.0,5.0,Hyderabad,Apartment,1996.0,,2.0,Unfurnished,Under Construction,1.0,3.1
H14045,4749.0,1.0,2.0,Hyderabad,Villa,2016.0,291.7,1.0,Semi-Furnished,Ready to Move,3.0,28.5
H14492,4977.0,2.0,1.0,Bangalore,Apartment,1995.0,356.51,3.0,Semi-Furnished,Under Construction,2.0,1.1
H13850,2590.0,1.0,5.0,Coimbatore,Apartment,2007.0,339.64,2.0,Furnished,Ready to Move,2.0,34.5
H11130,4360.0,4.0,1.0,Chennai,Apartment,2024.0,290.65,0.0,Furnished,Under Construction,4.0,21.6
H14532,1485.0,6.0,4.0,Kochi,,2003.0,78.57,2.0,Unfurnished,Under Construction,1.0,8.7
H11514,4946.0,5.0,4.0,Hyderabad,Apartment,2007.0,63.41,3.0,Furnished,Under Construction,3.0,20.3
H14041,1366.0,2.0,4.0,Chennai,Villa,2023.0,29.12,0.0,Furnished,Ready to Move,2.0,28.5
H10070,1626.0,5.0,3.0,Kochi,Apartment,2017.0,94.84,2.0,Unfurnished,Under Construction,4.0,18.6
H11159,2591.0,5.0,3.0,Hyderabad,Apartment,2000.0,180.05,1.0,Furnished,Under Construction,3.0,7.8
H10578,4913.0,5.0,3.0,,Apartment,2012.0,385.09,2.0,Furnished,Under Construction,1.0,19.5
H12334,3898.0,5.0,4.0,Bangalore,Apartment,1999.0,250.98,0.0,Semi-Furnished,Under Construction,2.0,11.0
H13613,2920.0,2.0,1.0,Coimbatore,Independent House,1996.0,449.77,,Furnished,Under Construction,4.0,7.0
H12463,743.0,3.0,4.0,Kochi,Apartment,2004.0,436.43,1.0,Furnished,Ready to Move,1.0,3.8
H11028,4674.0,2.0,3.0,Pune,Townhouse,2018.0,276.39,1.0,Semi-Furnished,Under Construction,4.0,23.5
H13838,3685.0,4.0,5.0,Hyderabad,Villa,2014.0,448.37,1.0,Unfurnished,Ready to Move,3.0,23.2
H10928,1496.0,5.0,1.0,Mumbai,Townhouse,1993.0,316.73,3.0,Unfurnished,Under Construction,4.0,27.6
H13807,3570.0,4.0,1.0,Bangalore,Villa,1994.0,182.91,2.0,,Ready to Move,3.0,31.1
H13647,3522.0,3.0,2.0,Bangalore,Villa,2014.0,32.4,2.0,Furnished,Under Construction,4.0,32.8
H12058,1854.0,3.0,5.0,Bangalore,Apartment,2008.0,63.99,3.0,Semi-Furnished,Ready to Move,2.0,17.6
H13708,1157.0,6.0,4.0,Pune,Townhouse,2000.0,336.21,0.0,Semi-Furnished,Under Construction,2.0,31.3
H10110,3707.0,,4.0,Bangalore,Townhouse,2022.0,200.17,0.0,,Ready to Move,4.0,24.3
H14054,4583.0,2.0,3.0,,Villa,1997.0,422.3,0.0,Semi-Furnished,Ready to Move,2.0,14.1
H12958,1038.0,4.0,5.0,Coimbatore,Townhouse,2025.0,430.44,2.0,Semi-Furnished,Ready to Move,3.0,24.1
H11558,1585.0,4.0,3.0,Mumbai,Apartment,2002.0,297.73,1.0,Unfurnished,Ready to Move,2.0,23.5
H14460,1947.0,1.0,5.0,Mumbai,Independent House,2024.0,76.74,2.0,Unfurnished,Ready to Move,1.0,4.1
H12214,4810.0,3.0,2.0,Kochi,Apartment,2016.0,435.5,0.0,Furnished,Under Construction,2.0,34.3
H10658,1468.0,5.0,5.0,,Independent House,1990.0,299.0,,Furnished,Ready to Move,3.0,22.3
H14011,4421.0,5.0,1.0,Coimbatore,Independent House,2019.0,295.92,,Unfurnished,Under Construction,3.0,14.4
H10677,2708.0,5.0,5.0,Bangalore,Independent House,2009.0,443.23,2.0,Unfurnished,Ready to Move,2.0,31.7
H11341,1140.0,2.0,1.0,Pune,Apartment,1993.0,248.77,1.0,Furnished,Ready to Move,1.0,27.2
H13489,3404.0,4.0,3.0,,Apartment,1999.0,205.41,2.0,Furnished,Under Construction,2.0,27.5
H13703,710.0,1.0,1.0,Coimbatore,Villa,1991.0,28.06,0.0,Furnished,Under Construction,1.0,21.4
H10487,1005.0,6.0,4.0,Pune,Townhouse,1996.0,144.33,3.0,Unfurnished,Ready to Move,3.0,6.0
H12222,2481.0,6.0,5.0,Chennai,Townhouse,2025.0,391.94,2.0,Semi-Furnished,Ready to Move,2.0,8.5
H10178,3461.0,2.0,4.0,Pune,Independent House,2023.0,424.94,,Semi-Furnished,Ready to Move,4.0,23.7
H14487,3219.0,4.0,5.0,Mumbai,Townhouse,1993.0,363.82,2.0,Unfurnished,Ready to Move,2.0,12.3
H14445,3917.0,1.0,1.0,Coimbatore,Independent House,2025.0,323.31,0.0,Unfurnished,Ready to Move,,31.3
H12597,2141.0,5.0,5.0,Pune,,2004.0,389.03,1.0,Semi-Furnished,Ready to Move,4.0,8.1
H13942,955.0,2.0,2.0,Chennai,Townhouse,2014.0,409.58,0.0,Furnished,Under Construction,4.0,6.7
H12308,1675.0,3.0,2.0,Mumbai,Townhouse,2025.0,59.26,0.0,Semi-Furnished,Ready to Move,3.0,2.1
H11053,4670.0,4.0,2.0,Mumbai,Villa,2020.0,31.45,1.0,Semi-Furnished,Under Construction,4.0,30.1
H10752,4227.0,6.0,2.0,Kochi,Independent House,2012.0,26.14,1.0,,Under Construction,2.0,31.6
H11908,2935.0,1.0,5.0,Pune,Townhouse,2000.0,368.04,0.0,Furnished,Ready to Move,1.0,26.3
H10094,4390.0,5.0,2.0,Pune,Independent House,2019.0,340.77,1.0,Unfurnished,Ready to Move,2.0,33.9
H11667,4969.0,6.0,5.0,Pune,Villa,2001.0,36.72,1.0,Semi-Furnished,Ready to Move,2.0,12.7
H10671,3833.0,4.0,2.0,Hyderabad,Townhouse,1995.0,69.6,1.0,Semi-Furnished,Under Construction,3.0,18.1
H14525,4688.0,5.0,3.0,Chennai,Villa,1991.0,251.54,2.0,Semi-Furnished,Ready to Move,4.0,30.8
H12418,2931.0,1.0,2.0,Kochi,Townhouse,2000.0,212.21,1.0,Semi-Furnished,Under Construction,1.0,4.3
H11261,844.0,6.0,4.0,Pune,Independent House,2012.0,407.54,1.0,Semi-Furnished,Ready to Move,1.0,16.5
H14344,,5.0,1.0,Hyderabad,Townhouse,2011.0,372.33,1.0,Unfurnished,Ready to Move,3.0,32.7
H14051,3768.0,1.0,4.0,Bangalore,Apartment,2015.0,185.23,1.0,Furnished,Under Construction,4.0,6.9
H14662,2089.0,2.0,4.0,Hyderabad,Independent House,2025.0,235.69,0.0,Semi-Furnished,Under Construction,1.0,2.3
H14304,3796.0,3.0,4.0,Chennai,Apartment,,201.14,2.0,Furnished,Ready to Move,1.0,24.6
H11554,3082.0,3.0,3.0,Hyderabad,Apartment,2008.0,127.19,3.0,,,4.0,15.7
H13173,2537.0,5.0,5.0,Chennai,Apartment,2023.0,224.03,2.0,Semi-Furnished,Under Construction,2.0,7.4
H14447,561.0,2.0,3.0,Kochi,Villa,1993.0,103.81,3.0,Unfurnished,Under Construction,4.0,16.4
H12182,3011.0,1.0,2.0,Kochi,Villa,1990.0,436.26,0.0,,Under Construction,,26.5
H11408,2606.0,6.0,5.0,,Townhouse,2013.0,122.15,3.0,Unfurnished,Under Construction,4.0,10.9
H11787,3633.0,4.0,3.0,Mumbai,Independent House,2024.0,354.39,1.0,Furnished,Under Construction,1.0,16.5
H13964,3314.0,1.0,1.0,Bangalore,Apartment,1995.0,293.02,1.0,Furnished,Under Construction,4.0,28.4
H13457,3828.0,5.0,1.0,Bangalore,Apartment,1992.0,315.36,2.0,Unfurnished,Under Construction,3.0,25.8
H10466,1049.0,2.0,3.0,Hyderabad,Townhouse,1995.0,72.01,1.0,Furnished,Under Construction,1.0,12.9
H11865,4688.0,1.0,1.0,Bangalore,Villa,2021.0,424.1,0.0,Furnished,Ready to Move,2.0,
H13149,3133.0,2.0,4.0,Coimbatore,Townhouse,1990.0,96.82,0.0,Unfurnished,Under Construction,2.0,32.9
H10472,2377.0,6.0,2.0,Kochi,Apartment,2007.0,333.64,1.0,Furnished,Ready to Move,1.0,31.7
H11814,2275.0,1.0,5.0,Pune,Villa,1992.0,243.8,1.0,Unfurnished,Under Construction,4.0,5.4
H13812,4425.0,4.0,1.0,Bangalore,Townhouse,2016.0,327.89,2.0,Furnished,Ready to Move,3.0,24.4
H10044,1913.0,1.0,4.0,Coimbatore,Villa,2005.0,298.12,2.0,Unfurnished,Under Construction,1.0,17.8
H10839,912.0,5.0,1.0,Bangalore,Villa,2000.0,128.35,3.0,Semi-Furnished,Under Construction,4.0,18.9
H12022,3094.0,5.0,5.0,Pune,Independent House,2019.0,335.7,3.0,Unfurnished,Ready to Move,4.0,24.4
H11294,1456.0,5.0,5.0,Kochi,Villa,2000.0,416.26,2.0,Unfurnished,Ready to Move,2.0,4.6
H10965,1858.0,2.0,4.0,,Apartment,2005.0,443.97,2.0,Semi-Furnished,Under Construction,4.0,14.9
H13581,4034.0,2.0,4.0,Bangalore,Townhouse,1995.0,73.03,1.0,Unfurnished,Ready to Move,1.0,4.7
H13166,2223.0,5.0,1.0,Pune,Apartment,2020.0,191.34,1.0,Unfurnished,Under Construction,2.0,27.1
H13723,1755.0,6.0,1.0,Bangalore,Townhouse,1994.0,116.26,1.0,Unfurnished,Under Construction,4.0,20.9
H13525,4161.0,4.0,1.0,Mumbai,Apartment,2002.0,360.62,0.0,Semi-Furnished,Ready to Move,1.0,18.3
H11540,2475.0,1.0,4.0,Pune,Independent House,1996.0,275.04,0.0,Furnished,Under Construction,4.0,1.8
H10394,3619.0,5.0,2.0,Pune,Townhouse,2009.0,350.65,2.0,Furnished,Under Construction,1.0,9.0
H12925,4308.0,4.0,4.0,Pune,Apartment,2022.0,434.09,1.0,Furnished,Ready to Move,2.0,31.9
H10430,4910.0,2.0,4.0,Pune,Independent House,2013.0,,0.0,Furnished,Ready to Move,3.0,11.8
H14131,4609.0,1.0,,Bangalore,Independent House,1993.0,363.91,1.0,,Ready to Move,2.0,2.5
H12212,3089.0,5.0,4.0,Bangalore,Independent House,2019.0,131.03,2.0,Unfurnished,Under Construction,4.0,15.5
H12553,2178.0,3.0,1.0,Chennai,Townhouse,2021.0,347.69,1.0,Unfurnished,Under Construction,4.0,22.5
H14166,2161.0,1.0,5.0,Bangalore,Apartment,2005.0,426.04,1.0,Unfurnished,Ready to Move,3.0,7.5
H10486,1631.0,3.0,5.0,Chennai,Independent House,2001.0,212.12,3.0,Unfurnished,Ready to Move,3.0,11.2
H12438,2594.0,6.0,3.0,Pune,Independent House,2004.0,439.08,0.0,Furnished,Ready to Move,3.0,17.3
H11470,4361.0,4.0,5.0,Pune,Townhouse,2011.0,414.4,2.0,Semi-Furnished,Ready to Move,2.0,12.5
H13820,3116.0,1.0,1.0,Bangalore,Townhouse,2022.0,436.58,0.0,Unfurnished,Ready to Move,2.0,4.8
H12228,2237.0,4.0,1.0,Mumbai,Villa,2010.0,296.87,2.0,Semi-Furnished,Ready to Move,1.0,24.8
H11565,4862.0,5.0,2.0,Coimbatore,Villa,2002.0,423.01,1.0,Semi-Furnished,Under Construction,2.0,23.7
H10107,1609.0,1.0,1.0,Hyderabad,Apartment,2017.0,333.37,2.0,Unfurnished,Ready to Move,3.0,34.6
H14689,4900.0,5.0,5.0,Hyderabad,Apartment,2009.0,311.52,1.0,Furnished,Under Construction,4.0,3.3
H14725,2256.0,1.0,4.0,Bangalore,Independent House,,306.54,2.0,Unfurnished,Ready to Move,3.0,26.0
H12472,4286.0,3.0,1.0,Bangalore,Townhouse,2004.0,394.62,0.0,Unfurnished,Ready to Move,2.0,12.8
H14281,2025.0,2.0,4.0,Coimbatore,Apartment,2016.0,154.74,3.0,Unfurnished,Under Construction,1.0,
H11345,1509.0,1.0,5.0,Bangalore,Villa,1991.0,270.78,2.0,Furnished,Ready to Move,2.0,17.1
H11418,4756.0,4.0,4.0,Bangalore,Villa,2013.0,424.9,0.0,Unfurnished,Ready to Move,3.0,20.7
H13592,3157.0,5.0,4.0,Chennai,Apartment,2008.0,273.15,1.0,Unfurnished,Under Construction,4.0,8.4
H10811,2886.0,2.0,5.0,Coimbatore,Townhouse,2006.0,88.24,2.0,Unfurnished,Under Construction,2.0,13.3
H10643,4693.0,3.0,4.0,Bangalore,Apartment,1995.0,192.22,3.0,,Under Construction,1.0,2.8
H13741,1499.0,2.0,1.0,Coimbatore,Apartment,1992.0,404.95,0.0,Unfurnished,Ready to Move,4.0,25.7
H13890,3332.0,3.0,2.0,,Apartment,2019.0,282.73,3.0,Furnished,Ready to Move,1.0,5.5
H11834,3688.0,2.0,5.0,Pune,Villa,2008.0,418.38,1.0,Unfurnished,Ready to Move,3.0,21.9
H10323,1290.0,3.0,3.0,Coimbatore,Villa,2009.0,43.3,0.0,Unfurnished,Ready to Move,3.0,16.5
H10374,2977.0,5.0,3.0,Mumbai,Villa,2015.0,323.04,2.0,Unfurnished,Ready to Move,1.0,3.5
H10498,1373.0,4.0,5.0,Bangalore,Apartment,1997.0,283.18,0.0,Unfurnished,Under Construction,2.0,7.4
H13945,2603.0,5.0,2.0,Chennai,Villa,1996.0,53.55,3.0,Unfurnished,Ready to Move,2.0,26.6
H11002,2725.0,2.0,5.0,Kochi,Apartment,1999.0,154.17,1.0,Furnished,,1.0,12.5
H13193,859.0,5.0,4.0,Chennai,Townhouse,2000.0,165.28,3.0,Unfurnished,Ready to Move,2.0,24.7
H12481,3350.0,3.0,3.0,Coimbatore,Apartment,2016.0,216.17,1.0,Semi-Furnished,Under Construction,1.0,25.1
H12528,969.0,3.0,3.0,Pune,Townhouse,2018.0,27.48,3.0,Semi-Furnished,Ready to Move,2.0,21.4
H11109,3217.0,3.0,4.0,Coimbatore,Townhouse,2020.0,45.19,3.0,,Under Construction,2.0,
H10732,2576.0,1.0,2.0,Coimbatore,Independent House,2015.0,279.31,2.0,Semi-Furnished,Under Construction,3.0,33.2
H12012,4633.0,6.0,4.0,Kochi,Independent House,1996.0,286.64,2.0,Furnished,Ready to Move,3.0,16.4
H11887,1369.0,3.0,3.0,Coimbatore,Townhouse,2014.0,226.98,1.0,Unfurnished,Under Construction,1.0,20.4
H11587,4269.0,5.0,5.0,Bangalore,Townhouse,2022.0,58.7,2.0,Semi-Furnished,Ready to Move,2.0,33.9
H14703,3204.0,6.0,2.0,Coimbatore,Apartment,2021.0,406.4,0.0,Furnished,Ready to Move,2.0,13.3
H13104,2711.0,,4.0,,Townhouse,2016.0,189.24,1.0,Unfurnished,Ready to Move,2.0,1.7
H10220,1506.0,2.0,3.0,Hyderabad,Apartment,2010.0,65.49,1.0,Semi-Furnished,Under Construction,4.0,1.1
H12877,2566.0,1.0,5.0,Coimbatore,Townhouse,2002.0,347.67,3.0,Unfurnished,,3.0,19.0
H10292,4397.0,4.0,3.0,Hyderabad,Townhouse,2002.0,262.01,3.0,Unfurnished,Under Construction,1.0,24.6
H14086,3599.0,3.0,3.0,Pune,Townhouse,2018.0,253.88,1.0,Semi-Furnished,Ready to Move,3.0,20.8
H11182,1276.0,,1.0,Mumbai,Townhouse,2007.0,424.14,3.0,Unfurnished,Under Construction,1.0,4.2
H10506,3834.0,6.0,2.0,Bangalore,Independent House,2006.0,441.47,1.0,Unfurnished,Ready to Move,4.0,14.9
H11407,2475.0,4.0,5.0,Chennai,Villa,2003.0,157.72,3.0,Semi-Furnished,Under Construction,1.0,31.1
H14827,2091.0,6.0,2.0,Chennai,Townhouse,2021.0,407.69,1.0,Furnished,Under Construction,1.0,34.9
H14849,1548.0,5.0,2.0,Kochi,Villa,,253.88,3.0,Semi-Furnished,Ready to Move,2.0,9.8
H10136,3854.0,4.0,3.0,Coimbatore,Independent House,1997.0,115.62,1.0,Furnished,Under Construction,2.0,26.7
H14280,4272.0,1.0,1.0,Mumbai,Villa,1996.0,122.39,0.0,Unfurnished,Under Construction,2.0,12.3
H14485,3514.0,3.0,3.0,Coimbatore,Townhouse,1999.0,404.38,2.0,Unfurnished,Ready to Move,3.0,19.9
H11937,4645.0,6.0,3.0,Hyderabad,Independent House,2006.0,65.23,3.0,Unfurnished,Under Construction,3.0,30.9
H11435,2110.0,6.0,2.0,Coimbatore,Apartment,2011.0,400.03,,Furnished,Under Construction,4.0,19.8
H12703,3217.0,2.0,4.0,Kochi,Independent House,2006.0,165.1,1.0,Semi-Furnished,Ready to Move,1.0,14.2
H11794,2090.0,1.0,1.0,Chennai,Independent House,1992.0,163.71,3.0,Unfurnished,Ready to Move,4.0,8.3
H13809,1354.0,5.0,5.0,Hyderabad,Apartment,2025.0,69.74,2.0,Furnished,Under Construction,1.0,5.3
H10030,2078.0,4.0,4.0,Mumbai,Independent House,2017.0,228.24,0.0,Semi-Furnished,Under Construction,4.0,15.4
H11039,3261.0,4.0,5.0,Bangalore,Apartment,2005.0,246.94,2.0,Semi-Furnished,,3.0,16.0
H12324,1195.0,1.0,3.0,Mumbai,Townhouse,2006.0,334.07,2.0,Semi-Furnished,,4.0,25.0
H14820,3329.0,1.0,5.0,Chennai,Townhouse,2004.0,77.94,1.0,Furnished,Under Construction,4.0,7.0
H14084,1823.0,3.0,1.0,Mumbai,Apartment,2012.0,383.72,,Furnished,Ready to Move,3.0,14.3
H10764,3110.0,1.0,5.0,Mumbai,Apartment,2021.0,179.16,2.0,Furnished,Under Construction,1.0,22.7
H13110,4750.0,1.0,1.0,Chennai,Townhouse,2024.0,391.68,3.0,Semi-Furnished,,2.0,33.7
H12504,4179.0,2.0,2.0,Mumbai,Townhouse,2018.0,441.19,3.0,Semi-Furnished,,4.0,10.4
H11019,3578.0,2.0,2.0,Kochi,Villa,2020.0,411.97,0.0,Semi-Furnished,Ready to Move,4.0,9.5
H14468,2759.0,3.0,3.0,Bangalore,Villa,1996.0,,0.0,Semi-Furnished,Under Construction,2.0,6.8
H13929,3753.0,3.0,5.0,Hyderabad,Apartment,2021.0,417.39,0.0,Furnished,Ready to Move,2.0,
H14806,4412.0,5.0,4.0,Mumbai,Apartment,2018.0,334.66,1.0,Semi-Furnished,Under Construction,3.0,31.6
H10813,3195.0,5.0,1.0,Bangalore,Apartment,1996.0,266.2,0.0,Furnished,Ready to Move,1.0,32.6
H13188,4361.0,4.0,3.0,Kochi,Villa,2021.0,303.17,2.0,Semi-Furnished,Under Construction,3.0,2.6
H14735,3646.0,1.0,5.0,Bangalore,Townhouse,1991.0,320.83,1.0,,Under Construction,3.0,12.7
H12100,4833.0,4.0,3.0,Mumbai,Villa,2021.0,96.27,2.0,Furnished,Ready to Move,3.0,29.5
H12281,3889.0,6.0,2.0,Kochi,Apartment,2010.0,271.3,0.0,Semi-Furnished,Under Construction,3.0,13.5
H14512,2993.0,2.0,4.0,Chennai,Townhouse,1990.0,67.85,2.0,Furnished,,4.0,20.4
H10597,4894.0,5.0,3.0,Chennai,Townhouse,1991.0,382.17,3.0,Unfurnished,Under Construction,4.0,18.5
H11965,3096.0,4.0,2.0,Mumbai,Villa,2018.0,199.38,2.0,Furnished,Ready to Move,3.0,
H10908,3762.0,5.0,3.0,Kochi,Apartment,2007.0,,3.0,Unfurnished,Under Construction,2.0,16.7
H14227,2995.0,5.0,5.0,Mumbai,Independent House,2023.0,134.41,3.0,Unfurnished,Ready to Move,2.0,4.3
H14394,1861.0,6.0,2.0,Bangalore,Villa,2021.0,204.28,1.0,Furnished,Ready to Move,1.0,10.6
H14776,1106.0,1.0,2.0,Bangalore,Villa,,243.57,2.0,Semi-Furnished,Under Construction,3.0,6.9
H12120,1213.0,,4.0,Pune,Villa,,53.15,1.0,Furnished,Under Construction,2.0,16.7
H13456,2685.0,2.0,1.0,Hyderabad,Townhouse,1996.0,427.49,,Semi-Furnished,Under Construction,,
H13136,3768.0,1.0,5.0,Bangalore,Villa,2004.0,225.74,2.0,Semi-Furnished,Under Construction,2.0,14.3
H10743,870.0,6.0,4.0,Hyderabad,Townhouse,,121.56,0.0,Semi-Furnished,Under Construction,3.0,24.4
H13476,2909.0,1.0,3.0,Pune,Townhouse,2008.0,149.66,0.0,Semi-Furnished,Under Construction,3.0,4.7
H10600,3727.0,1.0,1.0,Mumbai,Apartment,2014.0,115.51,1.0,Unfurnished,Ready to Move,4.0,3.8
H10253,4826.0,2.0,2.0,Hyderabad,Independent House,2004.0,158.82,3.0,Furnished,Ready to Move,,3.9
H13801,1869.0,2.0,1.0,Mumbai,Villa,2013.0,444.01,1.0,Semi-Furnished,Under Construction,,3.9
H11056,1802.0,5.0,3.0,Bangalore,Apartment,1992.0,351.39,2.0,Furnished,Under Construction,4.0,2.9
H11439,1299.0,,4.0,Kochi,Independent House,1990.0,,0.0,Unfurnished,Under Construction,2.0,21.5
H11584,3024.0,3.0,4.0,Kochi,Townhouse,2025.0,244.62,2.0,,Under Construction,1.0,15.1
H10062,2531.0,3.0,2.0,Kochi,Apartment,1998.0,428.06,3.0,Furnished,Under Construction,2.0,13.9
H10241,3670.0,3.0,1.0,,Villa,2015.0,373.24,2.0,Unfurnished,Ready to Move,4.0,25.4
H14593,3896.0,6.0,2.0,Hyderabad,Apartment,2004.0,69.01,0.0,Semi-Furnished,Under Construction,3.0,11.0
H11323,2232.0,4.0,2.0,Kochi,Townhouse,2006.0,239.57,1.0,Unfurnished,Under Construction,4.0,8.4
H11692,2348.0,1.0,5.0,Bangalore,Apartment,2021.0,339.06,,Furnished,Ready to Move,1.0,18.0
H11790,3112.0,5.0,4.0,Hyderabad,Apartment,2015.0,87.02,2.0,Unfurnished,Ready to Move,4.0,6.2
H13514,1034.0,4.0,3.0,Chennai,Independent House,2023.0,191.81,0.0,Furnished,Under Construction,4.0,19.8
H14130,1079.0,3.0,5.0,Pune,Independent House,2025.0,367.87,2.0,Semi-Furnished,Under Construction,1.0,18.3
H11523,3441.0,1.0,3.0,Mumbai,Villa,2007.0,448.33,3.0,Unfurnished,Under Construction,3.0,22.8
H11062,2872.0,4.0,1.0,Pune,Townhouse,2014.0,381.97,,Unfurnished,Under Construction,1.0,32.4
H10878,4762.0,2.0,3.0,Bangalore,Apartment,1994.0,421.01,3.0,Unfurnished,Under Construction,4.0,26.6
H14055,2123.0,1.0,3.0,Hyderabad,Apartment,2012.0,396.33,0.0,Unfurnished,Under Construction,2.0,7.8
H10071,4543.0,5.0,1.0,Bangalore,Apartment,2004.0,33.72,3.0,Semi-Furnished,Under Construction,3.0,29.1
H13174,4609.0,1.0,5.0,Hyderabad,Villa,1997.0,199.57,0.0,Furnished,Under Construction,4.0,
H11259,2562.0,6.0,1.0,Coimbatore,Apartment,2017.0,238.45,0.0,Semi-Furnished,Under Construction,2.0,24.9
H13152,4456.0,1.0,5.0,Bangalore,Independent House,,354.37,3.0,Furnished,Ready to Move,4.0,32.0
H13786,3055.0,3.0,3.0,Pune,,2015.0,166.1,3.0,Unfurnished,Under Construction,2.0,29.4
H11979,909.0,5.0,4.0,Kochi,Villa,2011.0,,2.0,Semi-Furnished,Ready to Move,4.0,19.9
H12992,708.0,4.0,5.0,Hyderabad,Apartment,1993.0,339.02,0.0,Unfurnished,Under Construction,4.0,24.8
H14251,2031.0,2.0,5.0,Pune,Villa,2025.0,243.19,2.0,Furnished,Under Construction,3.0,7.4
H14583,1473.0,1.0,5.0,Kochi,Villa,2009.0,358.6,3.0,Unfurnished,Under Construction,2.0,26.2
H11607,1897.0,6.0,1.0,Kochi,Independent House,2014.0,233.24,0.0,Unfurnished,Ready to Move,4.0,34.9
H13500,636.0,6.0,2.0,Coimbatore,Villa,2004.0,442.87,,Furnished,Under Construction,4.0,3.6
H10048,4564.0,,5.0,Mumbai,Apartment,2023.0,204.74,,Unfurnished,Under Construction,1.0,23.4
H11492,924.0,3.0,2.0,Kochi,Apartment,2010.0,372.81,3.0,Furnished,Ready to Move,4.0,5.1
H11269,4076.0,6.0,3.0,Hyderabad,Townhouse,,92.31,0.0,Furnished,Ready to Move,1.0,20.8
H13955,3966.0,6.0,4.0,Hyderabad,Villa,2017.0,213.49,1.0,Unfurnished,Ready to Move,3.0,11.1
H11074,888.0,5.0,3.0,Chennai,Townhouse,2015.0,92.64,0.0,Unfurnished,Ready to Move,3.0,9.0
H12589,1691.0,5.0,4.0,Coimbatore,Independent House,2005.0,185.39,1.0,Unfurnished,Under Construction,1.0,16.2
H13927,2180.0,1.0,5.0,Kochi,Apartment,1998.0,164.18,2.0,Unfurnished,Ready to Move,1.0,27.1
H14576,2585.0,4.0,1.0,Chennai,Independent House,2003.0,237.85,3.0,Furnished,Under Construction,4.0,34.5
H13495,3144.0,4.0,5.0,Kochi,Townhouse,1997.0,322.8,0.0,Semi-Furnished,Under Construction,2.0,7.5
H13883,1997.0,5.0,4.0,Mumbai,Townhouse,1992.0,427.99,1.0,Semi-Furnished,Ready to Move,1.0,32.7
H14410,3075.0,1.0,5.0,Hyderabad,Townhouse,1996.0,157.24,0.0,Unfurnished,Under Construction,1.0,26.3
H12037,4418.0,2.0,4.0,Mumbai,Apartment,,303.8,3.0,Unfurnished,Under Construction,1.0,21.3
H11193,4805.0,4.0,2.0,Pune,Villa,2015.0,274.64,2.0,Unfurnished,Ready to Move,4.0,25.9
H12433,1210.0,1.0,5.0,Kochi,Independent House,1992.0,420.32,1.0,Furnished,Under Construction,3.0,1.3
H11903,3258.0,4.0,1.0,Pune,Apartment,2017.0,383.53,1.0,Semi-Furnished,Under Construction,3.0,13.7
H13554,3237.0,6.0,5.0,Pune,Villa,2025.0,171.23,2.0,Unfurnished,Under Construction,3.0,35.0
H11169,1434.0,2.0,3.0,Kochi,Villa,2021.0,412.59,0.0,Semi-Furnished,Ready to Move,4.0,17.4
H10857,4696.0,6.0,2.0,Mumbai,Villa,2021.0,149.04,1.0,Semi-Furnished,Ready to Move,2.0,6.4
H11102,1484.0,6.0,4.0,Chennai,Apartment,1994.0,155.75,1.0,Unfurnished,Under Construction,1.0,19.5
H12946,4268.0,2.0,3.0,Bangalore,Townhouse,1996.0,399.33,1.0,Furnished,Under Construction,3.0,20.5
H10842,2738.0,1.0,5.0,,Independent House,2010.0,274.17,1.0,Furnished,Ready to Move,1.0,24.7
H13255,918.0,6.0,4.0,Pune,Townhouse,1999.0,199.69,0.0,Furnished,Under Construction,1.0,11.7
H10587,3828.0,5.0,4.0,Pune,Townhouse,2019.0,62.0,0.0,Semi-Furnished,Ready to Move,4.0,9.4
H13129,633.0,5.0,5.0,Mumbai,Apartment,,250.81,3.0,Semi-Furnished,Under Construction,3.0,1.9
H10152,3327.0,4.0,3.0,Chennai,Villa,2021.0,153.42,3.0,Unfurnished,Ready to Move,1.0,5.1
H11871,1239.0,1.0,2.0,Pune,Villa,2010.0,198.4,1.0,Semi-Furnished,Under Construction,1.0,4.0
H12875,4443.0,5.0,2.0,Hyderabad,Apartment,1996.0,41.64,0.0,Semi-Furnished,,2.0,24.4
H12811,2137.0,1.0,4.0,Chennai,Townhouse,2015.0,288.12,3.0,Furnished,Under Construction,2.0,4.1
H13805,639.0,1.0,4.0,Bangalore,Apartment,2013.0,152.68,2.0,Semi-Furnished,Under Construction,3.0,5.4
H11744,4681.0,5.0,2.0,Coimbatore,Villa,2015.0,65.17,2.0,Furnished,Ready to Move,4.0,29.0
H11171,1939.0,2.0,3.0,Coimbatore,Apartment,2003.0,99.86,0.0,Unfurnished,Under Construction,3.0,8.0
H12017,2710.0,4.0,5.0,Bangalore,Townhouse,2004.0,61.67,,Semi-Furnished,Ready to Move,2.0,19.6
H11515,3924.0,3.0,5.0,Pune,Villa,1991.0,355.17,0.0,Semi-Furnished,Under Construction,2.0,18.3
H14691,806.0,6.0,4.0,Bangalore,Villa,1995.0,105.95,3.0,Semi-Furnished,Ready to Move,1.0,4.4
H14201,3626.0,2.0,1.0,Chennai,Independent House,1994.0,289.83,3.0,Furnished,Ready to Move,2.0,4.1
H13175,3659.0,2.0,5.0,Pune,Independent House,2008.0,124.02,0.0,Unfurnished,Under Construction,3.0,9.9
H13415,2223.0,3.0,4.0,Mumbai,Townhouse,1992.0,178.69,2.0,Semi-Furnished,Ready to Move,2.0,19.6
H14215,2489.0,1.0,1.0,Kochi,Independent House,1998.0,143.69,3.0,Furnished,Under Construction,2.0,20.2
H10234,1112.0,3.0,4.0,Chennai,Villa,2009.0,,2.0,Semi-Furnished,Ready to Move,4.0,13.3
H14839,2588.0,3.0,4.0,Bangalore,Townhouse,1995.0,355.89,1.0,Semi-Furnished,Under Construction,3.0,9.0
H12291,1162.0,4.0,5.0,,Independent House,,448.64,1.0,Semi-Furnished,Under Construction,1.0,24.6
H13654,2362.0,1.0,5.0,Chennai,Apartment,2011.0,227.96,1.0,Furnished,Under Construction,3.0,15.4
H14623,1648.0,2.0,,Pune,Villa,2002.0,236.8,3.0,Furnished,Ready to Move,3.0,21.9
H11984,4182.0,4.0,3.0,Coimbatore,Villa,2022.0,273.86,2.0,Furnished,Ready to Move,4.0,22.2
H12918,3809.0,1.0,1.0,Pune,Apartment,2012.0,136.96,2.0,Unfurnished,Ready to Move,2.0,13.2
H11546,2931.0,2.0,1.0,Kochi,Independent House,2010.0,239.64,0.0,Unfurnished,Ready to Move,3.0,7.3
H11011,1195.0,1.0,2.0,Kochi,Villa,2021.0,168.6,0.0,Unfurnished,Under Construction,2.0,23.2
H12777,4205.0,2.0,4.0,,Villa,2008.0,151.95,,Furnished,Ready to Move,1.0,34.5
H10531,3329.0,4.0,1.0,Chennai,Townhouse,1991.0,,2.0,Unfurnished,Ready to Move,2.0,2.5
H10416,2237.0,6.0,2.0,Chennai,Townhouse,2016.0,405.21,2.0,Unfurnished,Under Construction,2.0,20.0
H11413,1265.0,2.0,4.0,Bangalore,Townhouse,1996.0,192.49,2.0,Semi-Furnished,Under Construction,2.0,4.5
H13063,,4.0,2.0,Coimbatore,Independent House,1990.0,435.36,0.0,Unfurnished,Ready to Move,1.0,3.0
H11502,679.0,5.0,4.0,Hyderabad,Independent House,2004.0,125.07,0.0,Furnished,Ready to Move,4.0,29.6
H11748,3022.0,6.0,2.0,Coimbatore,Townhouse,2023.0,225.2,3.0,Furnished,Under Construction,3.0,25.4
H14701,1674.0,6.0,1.0,Kochi,Apartment,2022.0,173.06,0.0,Semi-Furnished,Ready to Move,2.0,14.3
H10018,1024.0,4.0,4.0,Mumbai,Apartment,2019.0,447.47,3.0,Unfurnished,Under Construction,3.0,31.7
H12690,4180.0,5.0,5.0,Bangalore,Villa,2025.0,156.45,2.0,Furnished,Under Construction,2.0,10.8
H10760,925.0,3.0,3.0,Coimbatore,Apartment,1999.0,343.35,3.0,Unfurnished,Ready to Move,2.0,26.9
H12046,2875.0,2.0,2.0,Kochi,Townhouse,,429.41,1.0,Furnished,Under Construction,2.0,
H12089,1247.0,1.0,3.0,Pune,Villa,2018.0,229.37,1.0,Semi-Furnished,Ready to Move,2.0,17.3
H11372,2117.0,6.0,5.0,Kochi,Independent House,2013.0,281.3,0.0,Furnished,Under Construction,1.0,28.9
H11449,1211.0,6.0,4.0,Hyderabad,Townhouse,,358.98,1.0,Semi-Furnished,Ready to Move,1.0,6.8
H10372,2481.0,2.0,5.0,Chennai,Townhouse,2009.0,227.08,3.0,Semi-Furnished,Under Construction,,13.9
H10239,3617.0,1.0,2.0,Bangalore,Independent House,2017.0,78.01,2.0,Semi-Furnished,Under Construction,2.0,26.4
H13227,716.0,4.0,3.0,Pune,Apartment,2001.0,334.2,0.0,Unfurnished,Under Construction,3.0,31.2
H11201,4231.0,6.0,3.0,Hyderabad,Independent House,2001.0,77.92,,Furnished,Under Construction,3.0,29.3
H11296,4549.0,6.0,3.0,Chennai,Independent House,2000.0,311.66,0.0,Semi-Furnished,Under Construction,3.0,5.4
H10970,1959.0,1.0,1.0,Mumbai,Independent House,2021.0,188.28,1.0,Furnished,Under Construction,3.0,26.3
H10843,3555.0,3.0,3.0,Coimbatore,Independent House,2020.0,132.75,3.0,Unfurnished,Under Construction,3.0,33.4
H13981,705.0,4.0,4.0,Chennai,Townhouse,2024.0,295.88,0.0,Furnished,Ready to Move,2.0,20.5
H12421,617.0,1.0,5.0,Kochi,Apartment,2002.0,297.74,3.0,Furnished,Ready to Move,1.0,12.5
H13287,4618.0,2.0,5.0,Bangalore,Townhouse,2011.0,440.83,1.0,Semi-Furnished,Ready to Move,4.0,8.2
H12945,1522.0,4.0,1.0,Mumbai,,2014.0,272.4,0.0,Furnished,Ready to Move,3.0,19.8
H10722,2360.0,5.0,1.0,Mumbai,Townhouse,1997.0,309.41,1.0,Semi-Furnished,Ready to Move,3.0,16.4
H14388,1241.0,4.0,5.0,Chennai,Townhouse,2011.0,380.31,1.0,Furnished,Under Construction,1.0,24.8
H12898,2651.0,5.0,3.0,Hyderabad,Apartment,2019.0,120.62,1.0,Furnished,Ready to Move,2.0,10.4
H14128,2537.0,2.0,1.0,Pune,Villa,2011.0,35.29,0.0,Semi-Furnished,Under Construction,,12.9
H13197,4192.0,,1.0,Bangalore,Independent House,2004.0,219.47,1.0,Furnished,Ready to Move,4.0,9.9
H13661,2255.0,1.0,4.0,Chennai,Townhouse,2016.0,100.5,2.0,Semi-Furnished,Under Construction,3.0,8.3
H12405,2081.0,2.0,5.0,Pune,Apartment,2012.0,247.96,2.0,Semi-Furnished,Under Construction,1.0,11.5
H14009,,2.0,2.0,Mumbai,Townhouse,2009.0,181.47,1.0,Unfurnished,Ready to Move,2.0,25.9
H12452,955.0,3.0,3.0,Chennai,Townhouse,1991.0,226.1,0.0,Unfurnished,Ready to Move,2.0,13.2
H11771,2044.0,5.0,5.0,Bangalore,Apartment,2006.0,66.79,1.0,Furnished,Under Construction,3.0,24.6
H14217,2248.0,2.0,2.0,Pune,Townhouse,2018.0,116.65,2.0,Semi-Furnished,Under Construction,4.0,12.3
H10834,3147.0,3.0,3.0,Mumbai,Villa,2023.0,390.59,1.0,,Ready to Move,4.0,15.5
H14151,3349.0,6.0,3.0,Coimbatore,Independent House,1993.0,233.11,3.0,Semi-Furnished,Ready to Move,2.0,2.0
H13405,,2.0,3.0,Chennai,Apartment,2006.0,99.45,0.0,Furnished,Under Construction,1.0,32.9
H10052,2135.0,3.0,3.0,Hyderabad,Independent House,2017.0,199.74,2.0,Unfurnished,Under Construction,2.0,5.3
H10603,687.0,5.0,2.0,Bangalore,Independent House,1992.0,281.97,3.0,Furnished,Ready to Move,1.0,2.7
H14433,4500.0,6.0,5.0,Coimbatore,Independent House,1993.0,203.85,0.0,Furnished,Ready to Move,,22.9
H14452,3559.0,6.0,3.0,Kochi,Independent House,1990.0,248.19,2.0,Semi-Furnished,Under Construction,2.0,22.7
H10535,3329.0,5.0,4.0,Mumbai,Villa,2015.0,,0.0,Semi-Furnished,Ready to Move,4.0,8.0
H13025,2440.0,2.0,1.0,Mumbai,Townhouse,2017.0,216.9,1.0,Semi-Furnished,Under Construction,2.0,19.9
H12595,556.0,3.0,1.0,Coimbatore,Townhouse,2006.0,438.18,1.0,Semi-Furnished,Ready to Move,4.0,32.2
H10444,2706.0,2.0,2.0,Bangalore,Independent House,2002.0,97.63,2.0,Semi-Furnished,Ready to Move,4.0,11.6
H13732,2024.0,5.0,4.0,Mumbai,Villa,2005.0,240.87,0.0,Unfurnished,Ready to Move,3.0,15.1
H14643,3714.0,1.0,3.0,Chennai,Independent House,1993.0,63.82,2.0,Semi-Furnished,Under Construction,4.0,7.1
H14374,1737.0,4.0,5.0,Mumbai,Independent House,1998.0,184.08,2.0,Unfurnished,Under Construction,1.0,6.7
H11243,2266.0,2.0,1.0,Coimbatore,Townhouse,1991.0,291.92,2.0,Unfurnished,Ready to Move,2.0,29.2
H11484,3508.0,2.0,4.0,Coimbatore,Apartment,1995.0,340.81,3.0,Unfurnished,Ready to Move,1.0,24.4
H12813,709.0,5.0,2.0,Pune,Independent House,1992.0,315.27,2.0,Semi-Furnished,Under Construction,1.0,12.4
H13159,803.0,3.0,1.0,Chennai,Townhouse,2001.0,315.75,1.0,Semi-Furnished,Under Construction,4.0,32.7
H14441,4609.0,3.0,1.0,Bangalore,Villa,2025.0,369.62,0.0,Furnished,Ready to Move,1.0,3.0
H14398,4138.0,5.0,1.0,Coimbatore,Independent House,2024.0,65.28,1.0,Semi-Furnished,Under Construction,2.0,7.4
H14657,3927.0,5.0,4.0,Pune,Apartment,2011.0,84.06,0.0,Furnished,Under Construction,4.0,4.3
H14273,2314.0,1.0,3.0,Hyderabad,Townhouse,2022.0,368.63,1.0,Furnished,Ready to Move,4.0,5.4
H10121,2588.0,2.0,,Pune,Townhouse,1999.0,421.79,2.0,Unfurnished,Under Construction,2.0,2.6
H11478,1944.0,2.0,5.0,Pune,Independent House,1993.0,424.68,3.0,Furnished,Under Construction,2.0,8.6
H11322,4729.0,5.0,1.0,Kochi,Villa,2021.0,27.45,1.0,Furnished,Ready to Move,4.0,14.3
H14745,2204.0,3.0,2.0,Kochi,Independent House,2015.0,140.6,1.0,Unfurnished,Ready to Move,3.0,6.5
H11346,1242.0,1.0,1.0,Kochi,Townhouse,1992.0,429.02,2.0,Unfurnished,Ready to Move,3.0,11.1
H10135,2045.0,2.0,2.0,Hyderabad,Villa,2018.0,273.39,0.0,Semi-Furnished,Under Construction,2.0,31.4
H12343,4983.0,,1.0,Mumbai,Villa,2018.0,170.32,1.0,Semi-Furnished,Under Construction,1.0,31.0
H11770,2951.0,1.0,5.0,Coimbatore,Apartment,2024.0,307.26,2.0,Furnished,Under Construction,4.0,13.3
H12358,1620.0,3.0,2.0,Pune,Independent House,2008.0,46.87,3.0,Unfurnished,Ready to Move,3.0,19.8
H14129,640.0,3.0,1.0,Mumbai,Apartment,2017.0,,2.0,Unfurnished,Ready to Move,2.0,20.5
H12806,4408.0,6.0,1.0,Mumbai,Apartment,2025.0,332.94,2.0,Unfurnished,Under Construction,2.0,26.7
H10512,3926.0,1.0,2.0,Chennai,Villa,2012.0,420.26,,Unfurnished,Under Construction,4.0,18.4
H13846,4695.0,3.0,2.0,Coimbatore,Villa,2000.0,319.77,3.0,Furnished,Under Construction,1.0,21.8
H12978,4062.0,5.0,4.0,Bangalore,Villa,1994.0,107.86,2.0,Semi-Furnished,Under Construction,1.0,3.6
H14607,3945.0,1.0,1.0,Mumbai,Villa,2023.0,371.52,1.0,Furnished,Ready to Move,2.0,17.4
H14348,566.0,2.0,1.0,Kochi,Villa,2006.0,202.02,0.0,Semi-Furnished,Under Construction,3.0,10.8
H10806,2754.0,4.0,3.0,Coimbatore,Townhouse,2022.0,224.17,1.0,Semi-Furnished,Ready to Move,2.0,10.8
H10252,851.0,3.0,2.0,Bangalore,Apartment,2012.0,82.4,2.0,Semi-Furnished,Ready to Move,1.0,10.7
H13783,1998.0,6.0,4.0,Pune,Apartment,2015.0,408.13,1.0,Unfurnished,Under Construction,4.0,32.3
H11704,3181.0,2.0,3.0,Pune,Apartment,2024.0,415.03,2.0,Furnished,Ready to Move,2.0,3.6
H10123,2787.0,2.0,1.0,Pune,Independent House,2001.0,178.2,3.0,Furnished,Under Construction,3.0,23.7
H11555,4378.0,3.0,4.0,Hyderabad,Townhouse,2019.0,65.38,1.0,Furnished,Under Construction,3.0,32.5
H12785,2680.0,6.0,5.0,Hyderabad,Villa,2018.0,449.49,1.0,Semi-Furnished,Ready to Move,3.0,6.5
H13106,4249.0,2.0,2.0,Hyderabad,Apartment,2021.0,295.05,3.0,Furnished,Under Construction,2.0,5.6
H11076,3258.0,1.0,5.0,Chennai,Townhouse,2017.0,437.88,2.0,Semi-Furnished,Under Construction,4.0,8.1
H10568,1266.0,5.0,4.0,Hyderabad,Apartment,1997.0,28.69,1.0,Furnished,Ready to Move,1.0,30.4
H13502,3492.0,5.0,4.0,,Independent House,2014.0,53.24,2.0,Furnished,Ready to Move,1.0,24.2
H11048,2893.0,5.0,1.0,Chennai,Apartment,2001.0,406.79,3.0,Unfurnished,Under Construction,1.0,20.6
H12219,2902.0,3.0,4.0,Coimbatore,Apartment,1998.0,223.61,1.0,Unfurnished,Ready to Move,2.0,32.7
H10812,2793.0,4.0,2.0,,Villa,2021.0,251.28,2.0,Unfurnished,Under Construction,3.0,
H13008,2899.0,6.0,3.0,Bangalore,Villa,,99.53,0.0,Semi-Furnished,Ready to Move,1.0,1.1
H11042,2312.0,2.0,1.0,Hyderabad,Townhouse,2018.0,182.94,0.0,Furnished,Under Construction,2.0,6.5
H12578,3809.0,5.0,3.0,Bangalore,,2019.0,347.91,0.0,Furnished,Ready to Move,2.0,31.0
H14717,2275.0,3.0,2.0,Chennai,Apartment,1994.0,375.24,1.0,Unfurnished,Ready to Move,2.0,10.8
H11336,2157.0,5.0,2.0,Coimbatore,Villa,2022.0,153.0,1.0,Semi-Furnished,Ready to Move,4.0,14.0
H12729,3317.0,3.0,1.0,Kochi,Apartment,2019.0,213.7,,Furnished,Ready to Move,4.0,33.3
H13683,3102.0,4.0,3.0,Bangalore,Apartment,2006.0,154.18,2.0,Semi-Furnished,Ready to Move,3.0,34.3
H10319,669.0,5.0,4.0,Hyderabad,Independent House,2020.0,26.86,,Unfurnished,Ready to Move,4.0,11.6
H13528,4180.0,1.0,5.0,Kochi,Villa,2007.0,238.3,1.0,,Ready to Move,4.0,33.3
H13659,4195.0,4.0,,Kochi,Townhouse,2011.0,386.69,3.0,Furnished,Ready to Move,1.0,8.6
H10275,3559.0,2.0,3.0,Coimbatore,Townhouse,,273.95,3.0,Unfurnished,Under Construction,3.0,21.0
H13718,4125.0,4.0,2.0,Coimbatore,Townhouse,2020.0,214.6,0.0,Furnished,Ready to Move,1.0,24.1
H13363,833.0,2.0,4.0,Coimbatore,Townhouse,1991.0,215.21,3.0,Unfurnished,Ready to Move,1.0,18.5
H14025,3013.0,2.0,3.0,Hyderabad,Villa,1990.0,113.48,1.0,Unfurnished,Ready to Move,1.0,13.7
H13356,3514.0,3.0,4.0,Chennai,Townhouse,2012.0,282.31,0.0,Furnished,Under Construction,1.0,24.7
H10606,4129.0,3.0,2.0,Mumbai,Apartment,1994.0,174.31,1.0,Unfurnished,Under Construction,4.0,34.3
H12477,4928.0,4.0,2.0,Hyderabad,Independent House,2022.0,209.43,2.0,Semi-Furnished,Under Construction,3.0,10.4
H10912,1501.0,6.0,5.0,Bangalore,Townhouse,1994.0,106.22,3.0,Semi-Furnished,Under Construction,1.0,7.0
H10777,1615.0,4.0,1.0,Bangalore,Apartment,2000.0,388.13,0.0,Unfurnished,Ready to Move,3.0,30.4
H12232,4822.0,3.0,2.0,Kochi,Apartment,1994.0,64.73,0.0,Semi-Furnished,Under Construction,2.0,15.9
H12296,3563.0,2.0,3.0,Chennai,Independent House,2019.0,,1.0,Unfurnished,Under Construction,4.0,29.2
H13575,3022.0,6.0,2.0,,Villa,2007.0,277.82,2.0,Semi-Furnished,Ready to Move,1.0,2.6
H14686,1851.0,1.0,5.0,Hyderabad,,1997.0,361.61,3.0,Semi-Furnished,Ready to Move,3.0,26.4
H13323,2919.0,2.0,2.0,Hyderabad,Apartment,2002.0,,0.0,Semi-Furnished,Ready to Move,1.0,17.0
H10299,4696.0,6.0,1.0,Kochi,Townhouse,2018.0,353.74,3.0,Furnished,Ready to Move,1.0,25.2
H12338,1530.0,6.0,5.0,Hyderabad,Apartment,2002.0,306.83,1.0,Semi-Furnished,Ready to Move,1.0,30.5
H13264,3936.0,5.0,2.0,Bangalore,Apartment,1997.0,354.7,0.0,Unfurnished,Ready to Move,3.0,4.4
H13120,2879.0,6.0,2.0,Pune,Apartment,2012.0,382.51,0.0,Semi-Furnished,Ready to Move,2.0,23.8
H10916,3267.0,6.0,4.0,Coimbatore,Townhouse,,149.09,2.0,Furnished,Under Construction,2.0,2.6
H13079,3868.0,2.0,4.0,Pune,Villa,2013.0,43.08,0.0,Unfurnished,Ready to Move,3.0,6.4
H10894,4708.0,3.0,4.0,Pune,Villa,2024.0,126.62,1.0,Unfurnished,Ready to Move,4.0,
H14539,2535.0,4.0,2.0,,Apartment,2004.0,273.6,2.0,Semi-Furnished,Under Construction,,12.6
H14285,3013.0,3.0,1.0,Coimbatore,Apartment,1999.0,376.82,2.0,Furnished,Ready to Move,4.0,13.8
H12241,647.0,2.0,1.0,Kochi,Villa,2018.0,300.0,0.0,Furnished,,1.0,19.6
H12355,1485.0,4.0,5.0,Kochi,Villa,2021.0,361.02,,Semi-Furnished,Ready to Move,3.0,10.7
H11628,4536.0,2.0,5.0,Coimbatore,Independent House,2002.0,57.42,0.0,Semi-Furnished,Ready to Move,3.0,11.7
H11936,4447.0,5.0,5.0,Hyderabad,Townhouse,2019.0,337.38,0.0,Furnished,Ready to Move,1.0,14.1
H14450,3392.0,6.0,3.0,Kochi,Apartment,1992.0,190.8,1.0,Semi-Furnished,Ready to Move,3.0,17.1
H11666,4404.0,5.0,5.0,Hyderabad,Apartment,1997.0,338.96,1.0,Furnished,Under Construction,2.0,17.8
H10377,3288.0,6.0,3.0,Coimbatore,Apartment,1992.0,152.69,0.0,Unfurnished,,1.0,7.8
H13936,769.0,6.0,1.0,Hyderabad,Townhouse,2015.0,238.66,2.0,Semi-Furnished,Under Construction,1.0,5.0
H12054,2203.0,3.0,1.0,Chennai,Townhouse,2023.0,101.26,2.0,Unfurnished,Ready to Move,2.0,25.8
H10656,914.0,2.0,3.0,Pune,Independent House,1990.0,194.99,0.0,Semi-Furnished,Under Construction,2.0,18.6
H12808,2934.0,1.0,2.0,Mumbai,Townhouse,2009.0,169.86,,Furnished,Under Construction,4.0,17.3
H13215,2302.0,2.0,2.0,Pune,Townhouse,1992.0,51.41,1.0,Semi-Furnished,Ready to Move,3.0,11.4
H13755,4984.0,6.0,1.0,Mumbai,Villa,1995.0,153.28,0.0,Semi-Furnished,Under Construction,4.0,20.0
H11457,1452.0,4.0,1.0,Hyderabad,Independent House,1994.0,56.02,0.0,Unfurnished,Ready to Move,3.0,21.2
H11210,2110.0,4.0,3.0,Mumbai,Independent House,2000.0,314.35,2.0,Unfurnished,Under Construction,2.0,16.9
H14266,3516.0,1.0,4.0,Mumbai,Villa,2006.0,231.72,0.0,Furnished,Under Construction,3.0,23.7
H11511,4906.0,2.0,3.0,Hyderabad,Townhouse,,245.02,0.0,Unfurnished,,3.0,8.7
H14509,4364.0,5.0,2.0,Bangalore,Apartment,1998.0,52.82,,Semi-Furnished,Ready to Move,3.0,26.2
H10829,2384.0,4.0,3.0,Chennai,Apartment,2014.0,42.63,1.0,Semi-Furnished,Under Construction,1.0,11.7
H13540,2498.0,4.0,5.0,Bangalore,Independent House,2012.0,245.83,1.0,Unfurnished,Ready to Move,4.0,14.0
H12385,3209.0,6.0,3.0,Hyderabad,Independent House,1996.0,440.15,2.0,Unfurnished,Under Construction,3.0,33.8
H12810,2139.0,4.0,1.0,Chennai,Townhouse,2025.0,315.49,1.0,Furnished,Under Construction,3.0,27.5
H10176,696.0,2.0,4.0,Hyderabad,Townhouse,2011.0,237.04,2.0,Furnished,Under Construction,3.0,19.7
H12818,1778.0,2.0,5.0,Mumbai,Apartment,1995.0,170.47,2.0,Unfurnished,Ready to Move,3.0,21.5
H11730,1319.0,5.0,4.0,Mumbai,Villa,1996.0,361.83,3.0,Furnished,Ready to Move,3.0,17.8
H10046,3106.0,6.0,1.0,Kochi,Villa,2001.0,27.74,2.0,Semi-Furnished,,3.0,7.9
H13306,599.0,2.0,1.0,Hyderabad,Independent House,2015.0,420.12,3.0,Unfurnished,Under Construction,1.0,31.8
H12300,4508.0,4.0,2.0,Coimbatore,Villa,2011.0,33.87,1.0,Unfurnished,Under Construction,4.0,32.5
H14016,621.0,1.0,4.0,Coimbatore,Villa,2001.0,264.45,0.0,Furnished,Under Construction,2.0,22.3
H10950,3741.0,4.0,3.0,Chennai,Townhouse,1992.0,433.02,2.0,Unfurnished,Ready to Move,4.0,10.8
H11371,715.0,3.0,3.0,Hyderabad,Townhouse,2013.0,398.36,3.0,Semi-Furnished,Ready to Move,4.0,21.1
H10978,3311.0,3.0,4.0,Bangalore,Independent House,2001.0,94.1,0.0,Furnished,Ready to Move,4.0,16.1
H12020,2117.0,1.0,1.0,Bangalore,Townhouse,1999.0,379.98,0.0,Furnished,Ready to Move,1.0,21.5
H11719,1211.0,4.0,2.0,Mumbai,Townhouse,2024.0,430.66,0.0,Semi-Furnished,Under Construction,3.0,26.4
H11527,1125.0,4.0,3.0,Coimbatore,Townhouse,2025.0,41.83,3.0,Unfurnished,Under Construction,4.0,33.7
H12940,3116.0,,5.0,Mumbai,Townhouse,2008.0,161.8,0.0,Unfurnished,Ready to Move,3.0,15.6
H12310,2144.0,3.0,5.0,Coimbatore,Townhouse,,273.59,0.0,Furnished,Ready to Move,1.0,25.5
H14034,1042.0,3.0,2.0,,Independent House,,280.76,3.0,Unfurnished,Under Construction,3.0,2.1
H14385,1379.0,2.0,5.0,Pune,Villa,2015.0,260.96,1.0,Unfurnished,Under Construction,4.0,
H11433,4145.0,2.0,5.0,Kochi,Apartment,1991.0,71.55,3.0,Semi-Furnished,Under Construction,3.0,16.3
H13443,4191.0,5.0,3.0,Mumbai,Villa,2019.0,302.37,1.0,Furnished,Ready to Move,2.0,2.0
H12711,4352.0,2.0,4.0,Kochi,Independent House,,262.04,0.0,Semi-Furnished,Ready to Move,1.0,10.9
H13228,1058.0,4.0,1.0,Hyderabad,Townhouse,2014.0,259.26,3.0,Furnished,Ready to Move,4.0,24.8
H11897,3579.0,2.0,1.0,Coimbatore,Apartment,2023.0,70.28,2.0,Furnished,Ready to Move,1.0,10.6
H11635,3565.0,3.0,5.0,Kochi,Villa,2010.0,448.69,0.0,Furnished,Ready to Move,1.0,7.5
H14456,847.0,3.0,4.0,Kochi,Townhouse,2011.0,390.46,2.0,Unfurnished,Ready to Move,4.0,7.9
H12562,2548.0,2.0,1.0,Kochi,Independent House,1994.0,254.16,3.0,Unfurnished,Ready to Move,4.0,7.4
H13791,2299.0,4.0,1.0,Mumbai,Apartment,1996.0,294.62,0.0,Unfurnished,Under Construction,2.0,24.6
H11488,3919.0,2.0,4.0,Hyderabad,Independent House,2022.0,33.7,,Unfurnished,Under Construction,1.0,18.0
H14545,4592.0,6.0,2.0,Chennai,Townhouse,2024.0,33.09,,Furnished,Under Construction,4.0,28.9
H10757,2519.0,4.0,2.0,Coimbatore,Apartment,2022.0,161.74,0.0,Unfurnished,Under Construction,2.0,14.1
H14846,4060.0,6.0,4.0,Hyderabad,Independent House,2009.0,446.27,0.0,Unfurnished,Ready to Move,2.0,22.6
H12171,3528.0,1.0,4.0,Chennai,Townhouse,2012.0,362.12,3.0,Semi-Furnished,Under Construction,3.0,26.7
H12758,574.0,1.0,1.0,Pune,Villa,1999.0,354.15,0.0,Semi-Furnished,Under Construction,2.0,31.0
H14470,2431.0,4.0,2.0,Mumbai,Independent House,2012.0,237.6,2.0,Unfurnished,Ready to Move,3.0,9.6
H11437,2719.0,6.0,4.0,Bangalore,Townhouse,2018.0,288.73,3.0,Unfurnished,Under Construction,3.0,34.0
H14278,4512.0,1.0,3.0,Mumbai,Townhouse,2018.0,313.09,3.0,Furnished,Under Construction,3.0,20.7
H14538,4411.0,1.0,2.0,Bangalore,Apartment,1996.0,416.21,1.0,Semi-Furnished,Ready to Move,4.0,21.6
H11919,4385.0,5.0,4.0,Mumbai,Townhouse,1993.0,49.88,3.0,Furnished,Under Construction,2.0,19.2
H10352,2815.0,4.0,4.0,Hyderabad,Townhouse,2012.0,360.99,0.0,Semi-Furnished,Under Construction,4.0,28.5
H12599,3156.0,2.0,4.0,Mumbai,Apartment,2021.0,123.46,0.0,Semi-Furnished,Under Construction,3.0,33.4
H11780,4956.0,5.0,5.0,Kochi,Villa,2005.0,200.67,0.0,Unfurnished,Under Construction,3.0,13.6
H13947,,2.0,1.0,Bangalore,Independent House,1991.0,274.25,0.0,Unfurnished,Ready to Move,2.0,11.5
H12570,1680.0,4.0,5.0,Pune,Townhouse,2016.0,128.05,1.0,Semi-Furnished,Ready to Move,2.0,5.9
H10309,3674.0,6.0,1.0,Kochi,Villa,2021.0,341.72,0.0,Furnished,Under Construction,4.0,7.3
H14409,1039.0,1.0,2.0,Hyderabad,Townhouse,1994.0,390.28,1.0,Unfurnished,Under Construction,3.0,16.7
H12716,1452.0,1.0,4.0,Bangalore,Townhouse,2008.0,124.49,1.0,Furnished,Under Construction,3.0,33.5
H13047,3075.0,1.0,3.0,Chennai,Townhouse,2021.0,119.84,1.0,Semi-Furnished,Ready to Move,1.0,29.8
H11906,2559.0,6.0,,Mumbai,Townhouse,1997.0,329.74,0.0,Unfurnished,Under Construction,1.0,27.2
H10747,3374.0,6.0,2.0,Pune,Apartment,2012.0,266.74,0.0,Furnished,Ready to Move,3.0,14.4
H13567,1717.0,3.0,4.0,Hyderabad,Independent House,2018.0,236.65,0.0,Furnished,Under Construction,4.0,33.6
H12417,3598.0,5.0,,Bangalore,Apartment,2011.0,143.51,1.0,Furnished,Under Construction,3.0,29.3
H11000,1354.0,1.0,1.0,Kochi,Townhouse,1993.0,416.29,3.0,Semi-Furnished,Under Construction,4.0,13.0
H10020,3108.0,6.0,3.0,Chennai,Apartment,1999.0,223.02,0.0,Furnished,Ready to Move,3.0,28.8
H13858,1411.0,6.0,2.0,Chennai,Independent House,1999.0,156.37,1.0,Semi-Furnished,Ready to Move,3.0,11.7
H13740,3514.0,6.0,2.0,Mumbai,Apartment,1994.0,175.77,3.0,Semi-Furnished,Under Construction,4.0,29.1
H10735,2589.0,1.0,5.0,Kochi,Independent House,2009.0,401.89,3.0,Semi-Furnished,Ready to Move,4.0,17.7
H13707,1643.0,6.0,4.0,Chennai,Villa,2011.0,321.76,1.0,Unfurnished,Ready to Move,2.0,9.1
H14357,2434.0,6.0,1.0,Pune,Independent House,1999.0,83.42,0.0,Furnished,Under Construction,2.0,15.6
H10439,,4.0,5.0,Bangalore,Townhouse,2022.0,318.88,0.0,Unfurnished,Ready to Move,3.0,8.6
H12686,1690.0,4.0,4.0,Chennai,Townhouse,2008.0,53.55,1.0,Furnished,Under Construction,4.0,16.9
H10795,4568.0,1.0,2.0,Coimbatore,Townhouse,1993.0,418.75,0.0,Semi-Furnished,Ready to Move,4.0,5.9
H13122,3000.0,6.0,1.0,Hyderabad,Townhouse,2007.0,267.14,3.0,Furnished,Under Construction,2.0,27.2
H13258,4040.0,1.0,5.0,Mumbai,Apartment,2018.0,323.6,2.0,Semi-Furnished,Ready to Move,1.0,27.6
H14766,3915.0,1.0,2.0,Mumbai,Apartment,2018.0,193.5,0.0,Furnished,Ready to Move,4.0,30.4
H11091,,4.0,3.0,Hyderabad,Villa,2009.0,321.68,3.0,Semi-Furnished,Ready to Move,3.0,
H12628,1460.0,6.0,2.0,Bangalore,Independent House,,355.19,2.0,Furnished,Ready to Move,2.0,33.2
H12843,2998.0,5.0,5.0,Chennai,Independent House,2006.0,398.26,1.0,Furnished,Under Construction,3.0,33.9
H12119,3940.0,6.0,4.0,Mumbai,Apartment,2025.0,33.86,0.0,Furnished,Under Construction,1.0,17.9
H11740,1791.0,1.0,3.0,Mumbai,Apartment,2014.0,154.71,3.0,Unfurnished,Under Construction,1.0,11.4
H10583,3587.0,6.0,3.0,Bangalore,Townhouse,2006.0,310.02,3.0,Furnished,Under Construction,4.0,26.1
H10204,4541.0,5.0,3.0,Coimbatore,Independent House,2023.0,294.36,1.0,Furnished,Under Construction,2.0,26.5
H13835,1434.0,6.0,5.0,Bangalore,Villa,2022.0,79.15,2.0,,Ready to Move,1.0,1.2
H12139,2386.0,1.0,3.0,Chennai,Independent House,2004.0,,1.0,Furnished,Under Construction,2.0,21.1
H12074,3097.0,2.0,2.0,Chennai,Townhouse,2010.0,239.6,,Furnished,Under Construction,1.0,23.1
H11427,571.0,1.0,5.0,Kochi,Villa,2015.0,326.97,1.0,,Under Construction,3.0,17.6
H11445,2885.0,6.0,3.0,Coimbatore,,2004.0,379.85,1.0,Furnished,Ready to Move,4.0,17.2
H11721,3402.0,5.0,2.0,Bangalore,Independent House,2011.0,418.83,0.0,Unfurnished,Ready to Move,2.0,22.8
H10766,3515.0,1.0,4.0,Kochi,Independent House,1998.0,355.63,2.0,Semi-Furnished,Ready to Move,1.0,6.6
H11165,2013.0,3.0,1.0,Kochi,Apartment,2003.0,405.15,2.0,Unfurnished,Ready to Move,4.0,33.6
H12005,1071.0,3.0,2.0,Bangalore,Townhouse,1997.0,350.08,3.0,Furnished,Under Construction,2.0,11.9
H13667,1165.0,6.0,2.0,Mumbai,Apartment,1999.0,73.39,3.0,Furnished,Under Construction,1.0,31.3
H10518,3253.0,6.0,2.0,Hyderabad,Villa,,292.97,3.0,Semi-Furnished,Ready to Move,4.0,19.9
H13404,610.0,6.0,2.0,Pune,Townhouse,2019.0,383.28,1.0,Furnished,Under Construction,2.0,18.3
H11211,1968.0,2.0,4.0,Bangalore,Independent House,2001.0,198.59,1.0,Unfurnished,Under Construction,2.0,22.9
H14109,4520.0,4.0,3.0,Kochi,Townhouse,2017.0,368.44,1.0,Furnished,Ready to Move,1.0,16.4
H10669,675.0,2.0,4.0,Hyderabad,Independent House,2017.0,304.46,1.0,Furnished,Ready to Move,1.0,4.0
H11633,4118.0,6.0,5.0,Pune,Villa,2017.0,328.98,1.0,Semi-Furnished,Under Construction,4.0,17.9
H13704,1318.0,6.0,4.0,Kochi,Townhouse,2011.0,244.15,1.0,Unfurnished,Under Construction,4.0,20.3
H14767,1138.0,6.0,3.0,Chennai,Apartment,2003.0,53.47,3.0,Unfurnished,Under Construction,1.0,22.4
H12461,1128.0,6.0,2.0,Coimbatore,Apartment,,297.42,2.0,Furnished,Under Construction,4.0,5.3
H11129,3762.0,6.0,5.0,Coimbatore,Apartment,1998.0,189.63,3.0,Semi-Furnished,Ready to Move,4.0,3.3
H11117,3319.0,3.0,1.0,,Townhouse,2001.0,182.55,3.0,Unfurnished,Under Construction,1.0,13.5
H13527,2844.0,5.0,1.0,Mumbai,Apartment,2025.0,336.69,,Semi-Furnished,Ready to Move,3.0,31.4
H13760,3280.0,1.0,3.0,,Townhouse,,446.83,2.0,Furnished,Under Construction,3.0,1.6
H11163,1488.0,2.0,1.0,Hyderabad,Villa,1991.0,178.34,,Furnished,Under Construction,3.0,21.1
H11955,957.0,2.0,4.0,Coimbatore,Independent House,1999.0,119.04,0.0,Semi-Furnished,Under Construction,3.0,9.8
H10880,1086.0,6.0,1.0,Pune,Townhouse,2013.0,288.64,,Furnished,Under Construction,2.0,7.5
H13461,670.0,1.0,3.0,,Villa,2003.0,435.36,3.0,Furnished,Under Construction,1.0,18.3
H13036,1346.0,4.0,1.0,Hyderabad,Independent House,1998.0,184.14,1.0,Semi-Furnished,Ready to Move,4.0,25.4
H12268,2824.0,2.0,4.0,Chennai,Independent House,2016.0,200.28,,Semi-Furnished,Under Construction,3.0,33.0
H10215,4983.0,2.0,1.0,Kochi,Apartment,2017.0,384.45,,Unfurnished,Ready to Move,2.0,3.1
H13164,1930.0,1.0,5.0,Bangalore,Apartment,1997.0,96.21,3.0,Furnished,Under Construction,1.0,17.4
H14771,4636.0,5.0,3.0,Kochi,Apartment,,161.93,0.0,Furnished,Ready to Move,3.0,13.8
H10694,2874.0,2.0,5.0,Chennai,Villa,2013.0,248.64,0.0,Unfurnished,Ready to Move,3.0,26.8
H11601,1124.0,5.0,3.0,Chennai,Apartment,2020.0,172.39,1.0,Semi-Furnished,Ready to Move,2.0,34.8
H13870,3844.0,5.0,3.0,Hyderabad,Villa,1997.0,97.27,0.0,Unfurnished,Ready to Move,4.0,11.5
H11974,4244.0,2.0,5.0,Kochi,Apartment,2025.0,324.47,3.0,Unfurnished,Ready to Move,3.0,29.3
H13759,568.0,1.0,2.0,Mumbai,Independent House,2003.0,47.25,1.0,Furnished,Ready to Move,1.0,3.7
H11599,4583.0,3.0,3.0,Hyderabad,Independent House,2001.0,399.58,0.0,Unfurnished,Ready to Move,1.0,15.1
H12168,2953.0,1.0,5.0,Mumbai,Townhouse,2009.0,219.76,2.0,Furnished,Ready to Move,4.0,8.8
H14255,972.0,4.0,4.0,Kochi,Villa,2025.0,226.41,2.0,Furnished,Under Construction,,6.6
H10197,2606.0,4.0,2.0,Kochi,Townhouse,1996.0,322.06,1.0,Unfurnished,Under Construction,1.0,14.3
H11256,2953.0,1.0,4.0,Coimbatore,Villa,2017.0,269.63,0.0,Semi-Furnished,Ready to Move,2.0,5.9
H14706,1411.0,4.0,5.0,Pune,Independent House,,399.33,2.0,Semi-Furnished,Under Construction,,7.0
H12196,1131.0,3.0,2.0,Coimbatore,Independent House,2023.0,341.64,3.0,Semi-Furnished,Under Construction,4.0,8.4
H11651,3380.0,2.0,4.0,Coimbatore,Townhouse,2021.0,190.1,3.0,Unfurnished,Ready to Move,3.0,17.0
H11731,1893.0,5.0,1.0,Hyderabad,Independent House,2016.0,146.15,3.0,Semi-Furnished,Ready to Move,2.0,34.5
H13283,2087.0,1.0,3.0,Kochi,Villa,2005.0,53.05,2.0,Unfurnished,Ready to Move,3.0,8.2
H11534,4118.0,3.0,1.0,Bangalore,Apartment,2022.0,143.15,3.0,Unfurnished,Under Construction,2.0,15.1
H13096,3315.0,5.0,3.0,Chennai,Independent House,1993.0,255.98,1.0,Furnished,Ready to Move,3.0,10.9
H10069,1428.0,1.0,4.0,Hyderabad,Independent House,1999.0,286.49,0.0,Unfurnished,Under Construction,4.0,27.2
H10569,2373.0,1.0,3.0,Hyderabad,Independent House,1991.0,92.28,0.0,Unfurnished,Ready to Move,1.0,33.1
H11483,4173.0,6.0,2.0,Mumbai,Villa,2020.0,208.43,2.0,Furnished,Under Construction,3.0,31.4
H10097,1420.0,5.0,1.0,Chennai,Townhouse,2013.0,162.98,3.0,Unfurnished,Under Construction,2.0,12.5
H11282,1435.0,5.0,4.0,Mumbai,Apartment,1990.0,70.34,2.0,Furnished,Ready to Move,4.0,15.7
H10140,4131.0,5.0,5.0,Pune,Independent House,2011.0,,2.0,Furnished,Under Construction,1.0,21.4
H12842,4042.0,4.0,4.0,Pune,,2002.0,437.82,1.0,Unfurnished,Ready to Move,4.0,20.5
H13103,3558.0,4.0,1.0,Coimbatore,Villa,2000.0,245.56,3.0,Semi-Furnished,Ready to Move,2.0,32.7
H11223,4586.0,6.0,3.0,Chennai,Townhouse,2013.0,383.04,3.0,Furnished,Under Construction,2.0,15.3
H12408,1483.0,3.0,4.0,Hyderabad,Independent House,2004.0,156.85,,Furnished,Under Construction,1.0,17.7
H11188,3016.0,4.0,4.0,Kochi,Apartment,2023.0,358.59,3.0,Semi-Furnished,Under Construction,1.0,28.0
H12823,1814.0,1.0,4.0,Mumbai,Townhouse,2025.0,208.08,0.0,Unfurnished,Ready to Move,3.0,3.4
H14376,3515.0,2.0,5.0,Kochi,Townhouse,2016.0,438.27,0.0,Semi-Furnished,Under Construction,3.0,23.4
H10464,2406.0,3.0,2.0,Kochi,Apartment,2018.0,99.84,,Unfurnished,Ready to Move,3.0,11.6
H14353,1069.0,3.0,4.0,Chennai,Independent House,2019.0,426.26,3.0,Unfurnished,Ready to Move,2.0,12.4
H11118,4661.0,2.0,5.0,Chennai,Villa,2025.0,198.12,3.0,Semi-Furnished,Under Construction,3.0,14.9
H11789,4269.0,6.0,2.0,Hyderabad,Townhouse,2016.0,124.62,0.0,Unfurnished,Ready to Move,4.0,6.7
H10595,2567.0,1.0,4.0,Kochi,Independent House,2001.0,350.81,2.0,Semi-Furnished,Under Construction,3.0,28.4
H14252,3851.0,1.0,3.0,Mumbai,Independent House,2003.0,54.62,0.0,Semi-Furnished,Under Construction,1.0,7.3
H10626,4738.0,4.0,2.0,Mumbai,Villa,1994.0,109.76,2.0,Unfurnished,Ready to Move,4.0,3.7
H10451,3089.0,5.0,4.0,Kochi,Townhouse,2009.0,391.78,1.0,Furnished,Under Construction,3.0,27.3
H12349,3459.0,1.0,5.0,Coimbatore,Townhouse,2013.0,432.39,1.0,Semi-Furnished,Under Construction,1.0,2.3
H11845,787.0,1.0,3.0,Mumbai,Apartment,2013.0,199.37,3.0,Semi-Furnished,Under Construction,4.0,25.2
H12458,2028.0,1.0,2.0,Mumbai,Apartment,,274.94,2.0,Semi-Furnished,Ready to Move,1.0,23.1
H10860,3918.0,6.0,2.0,Coimbatore,Apartment,2006.0,230.32,1.0,Furnished,Ready to Move,4.0,28.9
H11375,4747.0,,3.0,Chennai,Independent House,2014.0,338.82,1.0,,Under Construction,1.0,14.1
H13442,994.0,2.0,1.0,Chennai,Townhouse,1995.0,180.55,3.0,Furnished,Ready to Move,2.0,4.6
H11847,3080.0,4.0,5.0,Kochi,Villa,2021.0,281.03,2.0,Semi-Furnished,,1.0,13.1
H10151,2257.0,1.0,1.0,Mumbai,Independent House,2021.0,,2.0,Furnished,Ready to Move,4.0,17.3
H14635,2931.0,1.0,4.0,Bangalore,Villa,2018.0,251.4,2.0,Furnished,Ready to Move,2.0,34.4
H10832,3875.0,3.0,3.0,Coimbatore,Independent House,2007.0,257.64,0.0,Furnished,Under Construction,4.0,1.9
H12555,3971.0,2.0,5.0,Kochi,Townhouse,,55.62,2.0,Unfurnished,Under Construction,1.0,14.7
H14235,4781.0,6.0,2.0,Chennai,Independent House,2002.0,118.38,0.0,Semi-Furnished,Under Construction,4.0,1.4
H11860,4153.0,2.0,4.0,Chennai,Apartment,2019.0,306.87,2.0,Furnished,Under Construction,,31.9
H10458,1767.0,3.0,2.0,Bangalore,Villa,1997.0,281.04,0.0,Semi-Furnished,,1.0,20.3
H13383,2976.0,2.0,5.0,Coimbatore,Villa,2013.0,179.9,2.0,Furnished,Under Construction,2.0,23.9
H13376,2368.0,2.0,2.0,Hyderabad,Independent House,1999.0,102.72,3.0,Semi-Furnished,Ready to Move,2.0,23.6
H13065,2919.0,2.0,4.0,Coimbatore,Apartment,2010.0,336.29,2.0,Semi-Furnished,Under Construction,1.0,33.7
H14730,3817.0,5.0,3.0,Coimbatore,Townhouse,1999.0,110.33,3.0,Unfurnished,Under Construction,2.0,26.2
H14770,1453.0,4.0,4.0,Bangalore,Apartment,2007.0,325.44,0.0,Semi-Furnished,Ready to Move,4.0,32.3
H10240,1365.0,4.0,5.0,Bangalore,Townhouse,2007.0,427.84,1.0,Unfurnished,Ready to Move,4.0,14.6
H14546,3125.0,6.0,4.0,Kochi,Villa,1991.0,151.39,1.0,Furnished,Ready to Move,1.0,23.3
H12003,3909.0,1.0,5.0,Coimbatore,Townhouse,2001.0,191.26,3.0,Furnished,,4.0,33.1
H12267,1561.0,3.0,5.0,Chennai,Villa,2016.0,431.17,2.0,Semi-Furnished,Under Construction,1.0,15.4
H12953,3666.0,4.0,3.0,,Independent House,1991.0,191.81,1.0,Furnished,Under Construction,1.0,9.8
H14813,2369.0,2.0,1.0,Coimbatore,Apartment,2004.0,333.77,2.0,Unfurnished,Under Construction,4.0,21.0
H10193,2599.0,5.0,1.0,Hyderabad,Independent House,2004.0,183.41,0.0,Unfurnished,Under Construction,2.0,22.9
H13549,3157.0,5.0,3.0,Kochi,Townhouse,2016.0,39.28,0.0,Unfurnished,Ready to Move,3.0,32.4
H13643,1838.0,2.0,1.0,Pune,Villa,2022.0,76.53,0.0,Unfurnished,Ready to Move,3.0,3.3
H12026,4018.0,4.0,4.0,Coimbatore,Independent House,2022.0,120.33,1.0,Furnished,Ready to Move,1.0,5.0
H11813,3046.0,2.0,1.0,Hyderabad,Apartment,2025.0,316.9,3.0,Furnished,Ready to Move,2.0,18.5
H13177,3348.0,5.0,1.0,Coimbatore,Townhouse,2016.0,249.36,0.0,Semi-Furnished,Under Construction,2.0,27.4
H11745,4998.0,3.0,3.0,Kochi,Townhouse,1994.0,225.99,3.0,Unfurnished,Ready to Move,4.0,11.2
H14138,4990.0,1.0,3.0,Chennai,Independent House,2007.0,227.11,2.0,Semi-Furnished,Under Construction,1.0,20.0
H14589,2352.0,4.0,3.0,Kochi,Townhouse,1990.0,245.15,1.0,Semi-Furnished,Under Construction,4.0,22.9
H10801,2585.0,4.0,5.0,Pune,Apartment,1997.0,102.49,3.0,Furnished,Under Construction,1.0,11.2
H12981,4314.0,3.0,5.0,Pune,Independent House,2010.0,140.09,3.0,Unfurnished,Ready to Move,2.0,29.1
H14052,4619.0,5.0,5.0,Bangalore,Apartment,2009.0,155.68,2.0,Furnished,,4.0,18.9
H11232,4480.0,3.0,2.0,Mumbai,Apartment,2001.0,144.55,2.0,Furnished,Ready to Move,3.0,11.4
H12793,3501.0,1.0,1.0,Coimbatore,Villa,2004.0,333.0,0.0,Furnished,Ready to Move,4.0,29.8
H12544,2546.0,4.0,3.0,,Independent House,1995.0,293.57,2.0,,Ready to Move,3.0,15.3
H11537,2753.0,4.0,2.0,Pune,Apartment,1990.0,439.75,0.0,Unfurnished,Under Construction,1.0,10.1
H14708,4044.0,6.0,3.0,Chennai,Villa,2003.0,377.24,1.0,Unfurnished,Under Construction,3.0,3.8
H14110,4794.0,2.0,1.0,Bangalore,Apartment,2005.0,224.19,3.0,Furnished,Ready to Move,2.0,3.1
H13559,1370.0,2.0,4.0,Chennai,Independent House,1993.0,105.38,1.0,Semi-Furnished,Under Construction,4.0,6.9
H10100,1413.0,2.0,5.0,Coimbatore,Villa,2010.0,,1.0,,Ready to Move,4.0,16.2
H11096,3480.0,4.0,1.0,Pune,Townhouse,2006.0,,3.0,Furnished,Under Construction,1.0,8.1
H13962,825.0,1.0,2.0,Kochi,Townhouse,2007.0,253.47,2.0,Semi-Furnished,Ready to Move,3.0,26.1
H14772,2719.0,4.0,4.0,Pune,Villa,2023.0,383.83,2.0,Unfurnished,Ready to Move,4.0,15.2
H10192,4193.0,4.0,2.0,Pune,Townhouse,1990.0,77.83,0.0,Furnished,Under Construction,3.0,14.2
H14481,1076.0,2.0,5.0,Bangalore,Apartment,2023.0,259.97,3.0,Unfurnished,Ready to Move,3.0,17.8
H13845,2873.0,1.0,1.0,Hyderabad,Villa,2000.0,55.55,2.0,Unfurnished,Under Construction,3.0,26.1
H11610,2217.0,4.0,5.0,Coimbatore,Apartment,2025.0,311.77,3.0,Furnished,Ready to Move,4.0,11.9
H14810,3811.0,1.0,3.0,Kochi,Villa,1996.0,250.48,2.0,Unfurnished,Under Construction,3.0,24.9
H12576,2571.0,3.0,4.0,Bangalore,Independent House,2017.0,445.07,0.0,Unfurnished,Ready to Move,1.0,13.5
H14436,3204.0,,5.0,Bangalore,Apartment,2000.0,270.52,1.0,Semi-Furnished,Under Construction,3.0,31.1
H11989,4862.0,1.0,3.0,Kochi,Independent House,,266.05,0.0,Furnished,Under Construction,3.0,20.3
H11379,4312.0,2.0,4.0,Coimbatore,Independent House,2021.0,320.89,3.0,,Ready to Move,3.0,17.8
H13131,3225.0,2.0,5.0,Pune,Independent House,2002.0,429.92,1.0,Semi-Furnished,Under Construction,1.0,24.9
H14621,2713.0,5.0,5.0,Pune,Villa,1990.0,183.64,1.0,Furnished,Ready to Move,4.0,
H14604,812.0,2.0,1.0,Bangalore,Apartment,2019.0,316.68,1.0,Semi-Furnished,Under Construction,2.0,13.1
H11552,1608.0,6.0,2.0,Kochi,Independent House,2001.0,176.53,3.0,,Under Construction,4.0,29.9
H13565,4250.0,2.0,1.0,Pune,Villa,1991.0,64.57,3.0,Semi-Furnished,Ready to Move,1.0,5.2
H13064,2767.0,5.0,1.0,Chennai,Townhouse,1997.0,65.89,3.0,Furnished,Ready to Move,2.0,22.6
H11617,4262.0,6.0,2.0,Mumbai,Independent House,,408.11,3.0,Semi-Furnished,Under Construction,,6.0
H11838,3528.0,5.0,2.0,Coimbatore,Townhouse,1995.0,175.26,1.0,Furnished,Under Construction,2.0,32.8
H11050,610.0,5.0,3.0,Hyderabad,Townhouse,1999.0,434.09,0.0,Unfurnished,Ready to Move,1.0,17.3
H11882,1158.0,2.0,5.0,Bangalore,Apartment,1990.0,189.25,1.0,Unfurnished,Ready to Move,4.0,25.1
H13866,2698.0,2.0,2.0,Coimbatore,Townhouse,2007.0,139.0,3.0,Furnished,Ready to Move,3.0,12.1
H14099,4314.0,5.0,5.0,Kochi,Townhouse,2001.0,122.37,3.0,Semi-Furnished,Under Construction,1.0,10.0
H14531,4604.0,3.0,5.0,Hyderabad,Apartment,2015.0,47.79,1.0,Unfurnished,Ready to Move,4.0,9.0
H11878,4835.0,5.0,1.0,Coimbatore,Apartment,2000.0,,1.0,Furnished,Under Construction,2.0,22.9
H11996,1201.0,2.0,5.0,Hyderabad,Independent House,2022.0,54.19,,Unfurnished,Ready to Move,2.0,2.0
H10167,1697.0,4.0,1.0,Bangalore,Villa,2015.0,110.96,0.0,Furnished,Under Construction,1.0,20.1
H12388,4467.0,1.0,5.0,Mumbai,Apartment,2007.0,321.57,0.0,Furnished,Under Construction,4.0,3.3
H11452,1632.0,1.0,2.0,Kochi,Villa,1992.0,218.99,,Semi-Furnished,Under Construction,2.0,8.7
H12285,832.0,5.0,2.0,Bangalore,Independent House,2007.0,146.81,,Unfurnished,Ready to Move,4.0,27.0
H12312,4261.0,1.0,4.0,Hyderabad,Independent House,2015.0,385.65,0.0,Furnished,Ready to Move,3.0,33.1
H10423,,2.0,4.0,Mumbai,Apartment,2009.0,356.23,2.0,Unfurnished,Under Construction,4.0,16.1
H10096,1052.0,6.0,2.0,Chennai,Apartment,2007.0,289.54,3.0,Unfurnished,Under Construction,4.0,19.1
H12371,3923.0,4.0,3.0,Hyderabad,Townhouse,2006.0,301.82,1.0,Unfurnished,Under Construction,3.0,24.1
H11198,2926.0,3.0,1.0,Hyderabad,Villa,2011.0,301.59,1.0,Furnished,Ready to Move,2.0,17.3
H13828,2809.0,6.0,2.0,Pune,Independent House,1990.0,266.81,0.0,Unfurnished,Ready to Move,2.0,10.2
H12332,1535.0,4.0,3.0,Bangalore,Independent House,1990.0,217.3,2.0,Semi-Furnished,Under Construction,4.0,23.4
H14174,1999.0,4.0,5.0,Bangalore,Independent House,,96.41,0.0,Furnished,Ready to Move,4.0,28.2
H10081,941.0,5.0,1.0,Bangalore,Independent House,2024.0,140.22,2.0,Semi-Furnished,Under Construction,3.0,24.0
H10804,1472.0,6.0,4.0,Coimbatore,Independent House,1992.0,224.08,3.0,Furnished,Under Construction,2.0,28.4
H11658,570.0,6.0,1.0,Kochi,Apartment,1998.0,172.17,0.0,Semi-Furnished,Ready to Move,3.0,12.9
H11174,1374.0,6.0,3.0,Coimbatore,Townhouse,2021.0,417.02,1.0,Semi-Furnished,Ready to Move,3.0,28.5
H11953,4006.0,3.0,4.0,Bangalore,Apartment,,78.16,0.0,Unfurnished,Under Construction,3.0,34.0
H14671,1469.0,1.0,2.0,Coimbatore,Townhouse,2021.0,387.2,1.0,Furnished,Under Construction,2.0,28.0
H14782,1566.0,3.0,2.0,Pune,Townhouse,1999.0,130.94,2.0,Semi-Furnished,Under Construction,1.0,
H13115,2510.0,6.0,2.0,Bangalore,Apartment,1992.0,59.61,2.0,Semi-Furnished,Ready to Move,2.0,25.5
H14294,1522.0,6.0,4.0,Mumbai,Villa,2009.0,188.62,2.0,Semi-Furnished,Under Construction,2.0,31.4
H13072,4994.0,4.0,2.0,Bangalore,Independent House,1992.0,277.29,0.0,Furnished,Under Construction,1.0,27.6
H10153,2283.0,2.0,3.0,Pune,Townhouse,2015.0,344.08,3.0,Furnished,Under Construction,1.0,24.1
H11213,1533.0,5.0,3.0,Chennai,Villa,1993.0,201.73,,Semi-Furnished,Under Construction,4.0,18.0
H14324,2170.0,4.0,4.0,Chennai,Townhouse,2014.0,210.65,1.0,Semi-Furnished,Ready to Move,4.0,15.6
H11104,2016.0,5.0,4.0,Kochi,Independent House,2003.0,120.46,2.0,Semi-Furnished,Ready to Move,3.0,11.6
H11729,990.0,2.0,2.0,Hyderabad,Townhouse,1996.0,28.85,2.0,,Under Construction,4.0,5.8
H14553,678.0,,3.0,Bangalore,Townhouse,2005.0,257.18,1.0,Furnished,Under Construction,1.0,5.4
H12399,3496.0,1.0,,Chennai,Apartment,2003.0,186.49,0.0,Furnished,Under Construction,3.0,10.9
H14697,2285.0,5.0,1.0,Bangalore,Villa,2009.0,169.04,0.0,Semi-Furnished,Ready to Move,4.0,5.3
H11058,721.0,2.0,1.0,Chennai,Apartment,1990.0,123.84,0.0,Semi-Furnished,Ready to Move,3.0,5.3
H11421,2604.0,2.0,4.0,Kochi,Townhouse,2008.0,409.45,,Furnished,Under Construction,4.0,4.7
H11030,4400.0,4.0,5.0,Chennai,Apartment,2022.0,330.51,0.0,Unfurnished,Under Construction,2.0,13.1
H12719,3669.0,2.0,1.0,Kochi,Apartment,2008.0,217.28,3.0,Unfurnished,Ready to Move,2.0,24.6
H14177,1227.0,6.0,1.0,Coimbatore,Townhouse,2014.0,128.01,0.0,Semi-Furnished,Ready to Move,3.0,27.4
H14682,4172.0,4.0,1.0,Pune,Townhouse,2008.0,405.43,2.0,Unfurnished,Ready to Move,1.0,
H13576,3096.0,6.0,3.0,Mumbai,Independent House,2015.0,178.42,1.0,Furnished,Under Construction,3.0,
H11428,959.0,3.0,2.0,Mumbai,Townhouse,2011.0,393.77,2.0,Semi-Furnished,Under Construction,1.0,33.8
H10032,4106.0,6.0,,Pune,Independent House,1992.0,316.87,0.0,Semi-Furnished,Under Construction,1.0,11.2
H11663,3738.0,2.0,4.0,Mumbai,Townhouse,2022.0,91.27,2.0,Semi-Furnished,Under Construction,3.0,3.2
H10799,3176.0,4.0,4.0,Kochi,Villa,2007.0,74.24,2.0,Furnished,Ready to Move,2.0,14.6
H12111,,6.0,4.0,Coimbatore,Villa,2025.0,221.76,3.0,Furnished,Ready to Move,1.0,6.5
H12147,2283.0,5.0,2.0,Kochi,Villa,1990.0,183.95,0.0,Furnished,Under Construction,,18.1
H12146,948.0,4.0,5.0,Mumbai,Townhouse,2000.0,237.37,2.0,Unfurnished,Ready to Move,3.0,33.2
H11490,1075.0,2.0,5.0,Bangalore,Townhouse,2010.0,210.54,1.0,Semi-Furnished,Under Construction,4.0,2.6
H10310,3601.0,4.0,1.0,Chennai,Independent House,2019.0,299.66,2.0,Furnished,Ready to Move,2.0,34.2
H14634,3379.0,2.0,2.0,Coimbatore,Independent House,1993.0,366.09,2.0,Semi-Furnished,Ready to Move,3.0,14.1
H11420,2980.0,6.0,4.0,Chennai,Independent House,2016.0,363.43,3.0,Semi-Furnished,Under Construction,3.0,2.1
H12955,1193.0,2.0,1.0,Hyderabad,Apartment,2016.0,287.84,1.0,Unfurnished,Under Construction,2.0,14.1
H10528,4269.0,2.0,,Chennai,Independent House,2023.0,386.4,2.0,Furnished,Under Construction,1.0,2.7
H13887,3766.0,4.0,5.0,Coimbatore,Apartment,1996.0,186.81,3.0,Unfurnished,Under Construction,2.0,19.5
H11057,4753.0,6.0,5.0,Pune,Townhouse,2010.0,59.65,1.0,Unfurnished,Ready to Move,3.0,26.9
H11095,4782.0,6.0,,Kochi,Villa,2019.0,246.81,1.0,Semi-Furnished,Ready to Move,4.0,34.6
H13908,996.0,4.0,4.0,Mumbai,Independent House,2000.0,52.74,3.0,Semi-Furnished,Ready to Move,1.0,23.5
H10379,4463.0,4.0,3.0,Chennai,Villa,1995.0,63.46,3.0,Unfurnished,Ready to Move,1.0,6.8
H10496,2081.0,,4.0,Kochi,Townhouse,2019.0,83.91,0.0,Furnished,Under Construction,4.0,16.4
H13423,2543.0,6.0,4.0,Pune,Villa,2014.0,28.01,0.0,Semi-Furnished,Under Construction,3.0,31.4
H10185,3469.0,5.0,4.0,Chennai,Apartment,1996.0,253.63,2.0,Furnished,Under Construction,1.0,1.2
H10206,1995.0,2.0,5.0,Mumbai,Townhouse,2003.0,302.07,2.0,Semi-Furnished,Ready to Move,1.0,28.0
H10411,3336.0,1.0,4.0,Hyderabad,Townhouse,2009.0,141.01,0.0,Unfurnished,Ready to Move,3.0,5.4
H10997,3730.0,4.0,1.0,Mumbai,Independent House,2021.0,141.83,0.0,Furnished,Under Construction,4.0,33.1
H12754,1091.0,4.0,3.0,,Villa,2002.0,400.59,3.0,Semi-Furnished,Under Construction,1.0,20.0
H13684,4884.0,6.0,1.0,Pune,Townhouse,1991.0,187.15,2.0,Semi-Furnished,Under Construction,2.0,17.4
H12651,2940.0,4.0,4.0,Kochi,Apartment,1992.0,66.49,2.0,Semi-Furnished,Under Construction,2.0,4.8
H13535,3555.0,1.0,1.0,Coimbatore,Townhouse,1990.0,398.53,3.0,Semi-Furnished,Under Construction,1.0,12.0
H10306,4404.0,3.0,3.0,Pune,Apartment,2022.0,261.37,0.0,Unfurnished,Under Construction,2.0,29.6
H13291,4247.0,2.0,4.0,Coimbatore,Independent House,2025.0,252.0,0.0,Unfurnished,Under Construction,4.0,17.2
H11747,2464.0,2.0,4.0,Chennai,Townhouse,1993.0,302.72,3.0,Semi-Furnished,Under Construction,2.0,28.1
H14195,1818.0,1.0,2.0,Bangalore,Townhouse,2002.0,271.51,0.0,Semi-Furnished,Ready to Move,3.0,17.2
H10169,3947.0,5.0,1.0,Pune,Townhouse,2013.0,29.56,3.0,Furnished,Under Construction,3.0,
H13596,3131.0,3.0,1.0,Kochi,Villa,2016.0,213.76,1.0,Unfurnished,Under Construction,1.0,1.5
H11621,2174.0,6.0,3.0,Coimbatore,Apartment,2006.0,226.02,3.0,Furnished,Ready to Move,4.0,11.0
H11438,4188.0,4.0,2.0,Hyderabad,Townhouse,2013.0,308.04,2.0,Unfurnished,Under Construction,4.0,22.8
H13342,2964.0,5.0,3.0,Coimbatore,Townhouse,1998.0,347.32,3.0,Unfurnished,Ready to Move,2.0,27.2
H10844,3831.0,5.0,5.0,Chennai,Townhouse,1993.0,372.58,0.0,Unfurnished,Under Construction,2.0,
H13943,2844.0,4.0,2.0,Chennai,Apartment,1999.0,244.11,3.0,Furnished,Under Construction,4.0,24.4
H12581,2373.0,3.0,5.0,Bangalore,Apartment,1995.0,,3.0,Semi-Furnished,Ready to Move,3.0,19.7
H14715,1734.0,5.0,4.0,Hyderabad,Townhouse,2024.0,427.81,1.0,Unfurnished,Ready to Move,2.0,17.2
H13884,3749.0,3.0,5.0,Bangalore,Townhouse,2002.0,110.34,1.0,Unfurnished,Under Construction,2.0,31.8
H12506,4646.0,6.0,4.0,Mumbai,Villa,2000.0,423.5,1.0,Unfurnished,Under Construction,2.0,10.8
H10212,648.0,4.0,2.0,Mumbai,Townhouse,1999.0,142.39,3.0,Furnished,Under Construction,3.0,
H14795,3549.0,5.0,4.0,Pune,Apartment,,77.84,3.0,Furnished,Ready to Move,1.0,4.6
H10085,750.0,1.0,5.0,Mumbai,Apartment,1991.0,314.47,0.0,Semi-Furnished,Ready to Move,3.0,11.3
H11872,2500.0,2.0,3.0,Chennai,Townhouse,2015.0,162.62,3.0,Furnished,Ready to Move,3.0,
H12154,687.0,5.0,1.0,Mumbai,Villa,2021.0,65.01,1.0,Furnished,Ready to Move,3.0,17.2
H13524,2286.0,6.0,4.0,,Townhouse,2024.0,407.51,0.0,Unfurnished,Under Construction,1.0,22.9
H10680,4557.0,2.0,3.0,Kochi,Villa,2021.0,68.89,3.0,Furnished,Under Construction,3.0,19.1
H12689,2258.0,4.0,2.0,Pune,Townhouse,2022.0,43.51,0.0,Semi-Furnished,,3.0,8.9
H14793,1781.0,3.0,3.0,Bangalore,Apartment,2013.0,25.08,3.0,Furnished,Ready to Move,3.0,6.0
H12255,3341.0,3.0,1.0,Coimbatore,Apartment,2006.0,318.08,0.0,Unfurnished,Ready to Move,2.0,28.8
H11236,4861.0,4.0,3.0,Hyderabad,,2021.0,187.09,3.0,Semi-Furnished,Ready to Move,1.0,1.7
H10566,2598.0,2.0,2.0,,Townhouse,1996.0,140.11,2.0,Semi-Furnished,Ready to Move,2.0,28.2
H13426,2461.0,5.0,3.0,Pune,Apartment,2019.0,104.72,1.0,Unfurnished,Under Construction,1.0,13.4
H14279,3727.0,1.0,2.0,Chennai,Independent House,2010.0,115.4,2.0,Unfurnished,Under Construction,1.0,21.8
H14158,1440.0,5.0,5.0,Coimbatore,Apartment,2007.0,227.99,2.0,Unfurnished,Under Construction,2.0,5.6
H13399,1684.0,4.0,4.0,Kochi,Villa,2019.0,59.76,2.0,Semi-Furnished,Under Construction,3.0,35.0
H10681,3022.0,3.0,1.0,Chennai,Independent House,,135.77,2.0,Unfurnished,Under Construction,4.0,15.8
H10830,2666.0,3.0,2.0,Hyderabad,Villa,2003.0,68.25,3.0,Furnished,Under Construction,1.0,5.4
H13863,1186.0,2.0,3.0,Coimbatore,Apartment,2020.0,346.33,1.0,Furnished,Under Construction,1.0,14.0
H12529,1143.0,3.0,5.0,Mumbai,Independent House,,65.62,2.0,Furnished,Under Construction,4.0,21.0
H14154,2561.0,4.0,1.0,Pune,Apartment,2012.0,,0.0,Furnished,Ready to Move,2.0,11.6
H12202,1239.0,5.0,1.0,Coimbatore,Villa,1996.0,242.21,2.0,,Ready to Move,2.0,29.2
H14149,3818.0,1.0,2.0,Mumbai,Independent House,1992.0,346.2,3.0,Semi-Furnished,Ready to Move,4.0,17.2
H12560,2832.0,2.0,4.0,Hyderabad,Villa,2019.0,217.8,2.0,Unfurnished,Under Construction,2.0,
H11508,577.0,6.0,2.0,Kochi,Apartment,2008.0,,2.0,Furnished,Under Construction,2.0,33.2
H11127,4896.0,2.0,4.0,Chennai,Independent House,2016.0,304.87,1.0,Semi-Furnished,Ready to Move,2.0,32.6
H10181,,3.0,2.0,Mumbai,Independent House,1991.0,94.44,1.0,Furnished,Under Construction,4.0,28.6
H11216,4522.0,5.0,4.0,,Villa,2005.0,375.0,0.0,Furnished,Ready to Move,4.0,25.2
H10433,1267.0,3.0,4.0,,Townhouse,2021.0,,2.0,Semi-Furnished,Ready to Move,1.0,18.5
H13892,2703.0,2.0,3.0,Kochi,Townhouse,2013.0,62.4,0.0,Semi-Furnished,Under Construction,1.0,13.9
H10290,4665.0,3.0,5.0,Mumbai,Independent House,2014.0,51.65,2.0,Semi-Furnished,Ready to Move,3.0,7.5
H12590,2185.0,4.0,4.0,Hyderabad,Apartment,1990.0,361.64,2.0,Unfurnished,Ready to Move,2.0,
H14126,1876.0,1.0,3.0,Coimbatore,Villa,1992.0,312.59,1.0,Unfurnished,Under Construction,2.0,23.7
H14615,2462.0,6.0,5.0,Mumbai,Independent House,2001.0,147.16,1.0,Unfurnished,Under Construction,3.0,15.8
H10536,1474.0,1.0,5.0,Bangalore,Apartment,2021.0,45.85,3.0,Unfurnished,Ready to Move,4.0,24.0
H11480,1819.0,5.0,1.0,Chennai,Villa,1991.0,303.95,2.0,Furnished,Ready to Move,2.0,6.0
H10189,812.0,5.0,5.0,Bangalore,Townhouse,2023.0,141.54,3.0,Semi-Furnished,Ready to Move,4.0,21.2
H13577,1937.0,6.0,5.0,Kochi,Apartment,1995.0,383.72,2.0,Unfurnished,Ready to Move,1.0,5.2
H12068,3631.0,4.0,5.0,Pune,Apartment,2020.0,102.56,2.0,Unfurnished,Ready to Move,3.0,5.1
H12306,1833.0,1.0,3.0,Kochi,Apartment,1996.0,90.9,2.0,Semi-Furnished,Ready to Move,2.0,30.6
H10280,1334.0,3.0,1.0,Pune,Villa,1995.0,381.34,2.0,Furnished,Ready to Move,1.0,2.4
H10367,,1.0,5.0,Mumbai,Apartment,2009.0,138.71,1.0,Semi-Furnished,Ready to Move,2.0,15.0
H13712,2387.0,3.0,2.0,Kochi,Independent House,1996.0,292.67,0.0,Semi-Furnished,Ready to Move,1.0,7.6
H10897,3670.0,1.0,1.0,Coimbatore,Apartment,2007.0,435.68,2.0,Semi-Furnished,Under Construction,3.0,22.7
H14587,4612.0,3.0,,Mumbai,Apartment,2004.0,396.99,1.0,Furnished,Ready to Move,3.0,1.8
H10271,4413.0,1.0,1.0,Pune,Apartment,1993.0,251.39,,Unfurnished,Ready to Move,2.0,7.1
H10890,4670.0,2.0,4.0,Chennai,Apartment,1993.0,322.18,3.0,Semi-Furnished,Ready to Move,4.0,8.6
H11504,3766.0,4.0,3.0,Hyderabad,Independent House,2009.0,255.47,0.0,Unfurnished,Ready to Move,2.0,3.3
H13867,4415.0,3.0,2.0,Chennai,Apartment,2000.0,373.74,0.0,Semi-Furnished,Ready to Move,2.0,18.2
H12759,2122.0,6.0,3.0,Chennai,Villa,1995.0,309.45,0.0,Semi-Furnished,Under Construction,4.0,25.3
H12303,4154.0,6.0,2.0,Chennai,Villa,2001.0,447.29,1.0,Unfurnished,Ready to Move,2.0,21.5
H13444,1291.0,3.0,5.0,Bangalore,Independent House,1990.0,154.91,1.0,Furnished,Ready to Move,3.0,33.5
H11594,3674.0,2.0,2.0,Mumbai,Villa,2005.0,340.3,2.0,Unfurnished,Under Construction,3.0,13.8
H13506,2250.0,2.0,2.0,Kochi,Apartment,2004.0,287.99,3.0,Semi-Furnished,Under Construction,2.0,6.6
H10112,3279.0,6.0,2.0,Chennai,Independent House,2009.0,90.48,,Semi-Furnished,Under Construction,4.0,11.6
H13958,4108.0,5.0,1.0,Chennai,Independent House,2025.0,214.21,1.0,Semi-Furnished,,3.0,32.6
H10368,1445.0,6.0,5.0,Hyderabad,Apartment,2013.0,256.43,3.0,Unfurnished,Ready to Move,1.0,5.1
H14734,1999.0,1.0,2.0,Pune,Townhouse,2001.0,248.83,1.0,Semi-Furnished,Under Construction,4.0,29.9
H12816,602.0,,1.0,Pune,Independent House,2008.0,93.98,0.0,Unfurnished,Ready to Move,3.0,2.2
H10221,4617.0,6.0,2.0,Hyderabad,Independent House,1992.0,134.22,,Unfurnished,Ready to Move,4.0,3.1
H11021,4179.0,6.0,5.0,Mumbai,Townhouse,2005.0,242.51,3.0,Semi-Furnished,,3.0,12.7
H10628,2519.0,6.0,,Coimbatore,Townhouse,1994.0,244.85,2.0,Furnished,Under Construction,4.0,34.8
H11075,4612.0,5.0,4.0,Mumbai,Independent House,1991.0,377.81,0.0,Unfurnished,Under Construction,2.0,33.7
H12223,,1.0,4.0,Kochi,Independent House,2020.0,133.98,3.0,Furnished,Ready to Move,2.0,31.3
H13186,755.0,1.0,5.0,Kochi,Villa,2020.0,373.77,3.0,Semi-Furnished,Under Construction,1.0,23.2
H12305,4914.0,5.0,4.0,Bangalore,Villa,1994.0,327.05,2.0,Semi-Furnished,Ready to Move,4.0,18.6
H10791,4583.0,4.0,2.0,Mumbai,Independent House,2022.0,72.65,3.0,Furnished,Under Construction,1.0,17.6
H12487,1709.0,6.0,3.0,Hyderabad,Townhouse,2007.0,304.17,1.0,Furnished,Under Construction,4.0,14.2
H10462,4269.0,2.0,5.0,Kochi,,1996.0,192.65,3.0,,Ready to Move,3.0,3.0
H14272,1157.0,1.0,3.0,Mumbai,Independent House,2003.0,204.46,0.0,Furnished,Ready to Move,2.0,22.2
H12032,1147.0,5.0,5.0,Bangalore,Apartment,2001.0,309.67,,Unfurnished,Under Construction,1.0,9.7
H10552,4475.0,1.0,3.0,Coimbatore,Independent House,1992.0,65.6,2.0,Furnished,Ready to Move,1.0,
H13198,4636.0,4.0,1.0,Kochi,Apartment,1992.0,444.79,1.0,,Ready to Move,4.0,26.9
H11655,3095.0,2.0,5.0,Pune,Townhouse,2002.0,168.94,0.0,Furnished,Under Construction,4.0,18.7
H14316,2510.0,6.0,2.0,Pune,Townhouse,2022.0,263.71,0.0,Semi-Furnished,Under Construction,1.0,4.6
H14038,2518.0,6.0,4.0,Mumbai,Townhouse,2008.0,58.65,1.0,,Ready to Move,4.0,31.6
H10199,2232.0,,2.0,Pune,Apartment,2010.0,327.83,0.0,Furnished,Under Construction,4.0,6.8
H13259,3085.0,1.0,1.0,Mumbai,Apartment,2018.0,50.46,1.0,Semi-Furnished,Under Construction,1.0,
H14115,2891.0,5.0,4.0,Coimbatore,Villa,1994.0,230.13,,Semi-Furnished,Ready to Move,,23.2
H10403,962.0,3.0,3.0,Coimbatore,Independent House,2005.0,53.04,3.0,Furnished,Ready to Move,3.0,28.5
H12852,784.0,3.0,2.0,Bangalore,Independent House,1996.0,,3.0,Semi-Furnished,Under Construction,3.0,19.0
H12900,2650.0,2.0,3.0,,Apartment,2004.0,312.19,0.0,Semi-Furnished,Ready to Move,1.0,23.8
H13211,702.0,3.0,5.0,Chennai,Villa,1997.0,181.2,3.0,Unfurnished,Ready to Move,3.0,5.5
H14626,3969.0,2.0,4.0,Chennai,Townhouse,1996.0,142.26,0.0,Furnished,Under Construction,3.0,4.1
H14672,4600.0,4.0,4.0,Mumbai,Independent House,2014.0,76.18,3.0,Furnished,Ready to Move,4.0,22.8
H14429,1436.0,3.0,4.0,Mumbai,Townhouse,1996.0,142.12,1.0,Furnished,Under Construction,2.0,34.6
H14332,2103.0,3.0,3.0,Pune,Townhouse,2006.0,243.2,3.0,Furnished,Ready to Move,4.0,28.5
H10651,605.0,4.0,3.0,Hyderabad,Villa,2018.0,246.24,2.0,Unfurnished,Under Construction,4.0,2.1
H10709,1469.0,4.0,2.0,Chennai,Villa,,247.3,2.0,Unfurnished,Under Construction,4.0,19.3
H12781,4306.0,2.0,2.0,Bangalore,Townhouse,2019.0,165.13,3.0,Semi-Furnished,Ready to Move,2.0,31.4
H14284,1528.0,1.0,4.0,Bangalore,Apartment,2003.0,311.69,2.0,Semi-Furnished,Ready to Move,2.0,18.4
H13680,1407.0,3.0,3.0,,Villa,2012.0,297.8,,Semi-Furnished,Under Construction,3.0,16.2
H12484,2646.0,1.0,1.0,Mumbai,Apartment,2021.0,183.02,0.0,Unfurnished,Under Construction,4.0,13.2
H10315,4914.0,5.0,5.0,Kochi,Independent House,2022.0,265.25,0.0,Furnished,Under Construction,3.0,24.3
H12289,2817.0,6.0,4.0,Hyderabad,Independent House,2001.0,25.7,3.0,Semi-Furnished,,1.0,4.6
H10114,3610.0,4.0,1.0,Coimbatore,Villa,1992.0,52.13,1.0,Unfurnished,Ready to Move,1.0,14.7
H10961,4792.0,2.0,4.0,Mumbai,Independent House,2000.0,436.54,2.0,Semi-Furnished,Ready to Move,2.0,6.0
H12764,750.0,1.0,4.0,Bangalore,Villa,,220.88,2.0,Unfurnished,Ready to Move,1.0,7.7
H13155,3802.0,5.0,3.0,Bangalore,Independent House,2015.0,390.98,3.0,Furnished,Under Construction,1.0,24.8
H14850,2001.0,2.0,2.0,Kochi,Independent House,2000.0,449.31,3.0,Furnished,Ready to Move,2.0,30.6
H13254,1701.0,1.0,3.0,Chennai,Villa,2024.0,89.79,2.0,Semi-Furnished,Under Construction,1.0,33.4
H13035,1432.0,1.0,5.0,Pune,Villa,2015.0,283.31,0.0,Semi-Furnished,Ready to Move,1.0,4.7
H12375,2337.0,2.0,2.0,Kochi,Villa,1995.0,384.38,0.0,Unfurnished,Under Construction,1.0,13.8
H13309,568.0,2.0,1.0,Bangalore,Villa,1994.0,122.76,0.0,Furnished,Ready to Move,4.0,9.5
H14397,2423.0,1.0,3.0,Mumbai,Townhouse,1998.0,381.01,2.0,Semi-Furnished,Ready to Move,,32.4
H11648,3914.0,5.0,2.0,Kochi,Villa,2022.0,129.18,1.0,Semi-Furnished,Ready to Move,2.0,21.1
H13318,4024.0,6.0,5.0,Bangalore,Independent House,2017.0,298.13,2.0,Unfurnished,Ready to Move,3.0,19.0
H13948,4232.0,2.0,5.0,Kochi,Villa,2021.0,402.1,2.0,Furnished,Under Construction,1.0,33.9
H13826,3877.0,5.0,1.0,Pune,Villa,1997.0,80.85,1.0,Unfurnished,Under Construction,2.0,22.4
H13950,1248.0,2.0,5.0,Chennai,Independent House,1996.0,398.07,3.0,Furnished,Ready to Move,4.0,17.4
H14048,2592.0,2.0,1.0,Coimbatore,Independent House,1998.0,,1.0,Semi-Furnished,Ready to Move,2.0,14.2
H13746,1469.0,3.0,2.0,,Apartment,1997.0,400.94,1.0,Semi-Furnished,,4.0,26.5
H14473,2437.0,4.0,5.0,Mumbai,Villa,1993.0,318.36,2.0,Furnished,Ready to Move,3.0,12.8
H14633,1627.0,3.0,2.0,Coimbatore,Independent House,,43.43,1.0,Unfurnished,Ready to Move,3.0,30.3
H11205,1537.0,4.0,5.0,Bangalore,Apartment,1991.0,,0.0,Furnished,Ready to Move,3.0,5.6
H12859,3407.0,6.0,2.0,Coimbatore,Townhouse,2003.0,128.43,,Unfurnished,Ready to Move,3.0,13.3
H13526,2803.0,,5.0,Hyderabad,Townhouse,,107.4,2.0,Unfurnished,Under Construction,3.0,8.9
H13468,791.0,1.0,5.0,Hyderabad,Apartment,2007.0,210.41,2.0,Furnished,Under Construction,3.0,29.3
H11481,4264.0,2.0,4.0,Kochi,Villa,2016.0,190.95,0.0,Unfurnished,Under Construction,3.0,15.5
H10790,3604.0,5.0,2.0,Coimbatore,Villa,2023.0,243.67,0.0,Unfurnished,Under Construction,3.0,20.4
H14275,1785.0,5.0,2.0,Pune,Independent House,2007.0,381.3,2.0,Semi-Furnished,Ready to Move,3.0,10.5
H11873,1006.0,3.0,1.0,Hyderabad,Independent House,2017.0,273.88,2.0,Unfurnished,Ready to Move,1.0,21.6
H11363,3318.0,,5.0,Mumbai,Townhouse,2006.0,244.43,1.0,Unfurnished,Under Construction,1.0,
H10872,4571.0,1.0,3.0,Chennai,Apartment,2015.0,70.98,1.0,Furnished,Ready to Move,4.0,32.6
H11544,2489.0,5.0,4.0,Coimbatore,Villa,1997.0,354.1,2.0,,Ready to Move,3.0,32.0
H12243,4300.0,5.0,5.0,,Independent House,2013.0,329.72,2.0,Semi-Furnished,Under Construction,1.0,24.9
H10074,2612.0,2.0,3.0,Pune,Independent House,2002.0,84.95,3.0,Semi-Furnished,Under Construction,4.0,32.9
H11593,3622.0,2.0,1.0,Hyderabad,Villa,2016.0,,,Semi-Furnished,Ready to Move,2.0,29.7
H11293,578.0,3.0,5.0,Kochi,Villa,2017.0,356.24,3.0,Semi-Furnished,Under Construction,2.0,16.8
H11222,1345.0,3.0,2.0,Kochi,Independent House,2025.0,73.73,2.0,Furnished,Under Construction,2.0,17.2
H13610,1184.0,1.0,4.0,Kochi,Apartment,2008.0,353.76,1.0,Semi-Furnished,Under Construction,2.0,25.6
H11756,4805.0,6.0,5.0,Pune,Independent House,,89.01,3.0,Unfurnished,Ready to Move,3.0,28.4
H14443,3128.0,6.0,,Coimbatore,Villa,2014.0,170.0,3.0,Unfurnished,Ready to Move,3.0,
H13611,,6.0,1.0,Mumbai,Villa,2024.0,338.58,1.0,Furnished,Ready to Move,1.0,27.8
H13780,1489.0,3.0,1.0,Coimbatore,Apartment,2007.0,26.38,0.0,Unfurnished,Ready to Move,3.0,32.6
H12890,2011.0,4.0,2.0,Coimbatore,Villa,2006.0,303.64,3.0,Unfurnished,Under Construction,4.0,3.4
H13033,,6.0,4.0,Hyderabad,Villa,2010.0,289.05,0.0,Semi-Furnished,Ready to Move,4.0,34.6
H10495,1764.0,3.0,4.0,Hyderabad,Villa,2006.0,73.81,0.0,Unfurnished,Under Construction,1.0,28.2
H12971,3952.0,2.0,1.0,Kochi,Apartment,2018.0,432.06,1.0,Unfurnished,Ready to Move,3.0,17.1
H14442,1681.0,2.0,5.0,Chennai,Villa,1997.0,209.56,2.0,Furnished,Ready to Move,1.0,34.5
H11150,925.0,4.0,2.0,Mumbai,Villa,,333.76,2.0,Unfurnished,Under Construction,3.0,4.9
H12830,1367.0,1.0,1.0,Kochi,Townhouse,2004.0,270.74,0.0,Unfurnished,Ready to Move,3.0,4.7
H13725,3285.0,3.0,3.0,Kochi,Townhouse,2010.0,224.89,1.0,Semi-Furnished,Ready to Move,1.0,10.3
H11362,4338.0,6.0,3.0,Bangalore,Independent House,2004.0,250.99,0.0,Unfurnished,Under Construction,1.0,19.1
H12073,2709.0,5.0,3.0,Hyderabad,Townhouse,2001.0,192.12,0.0,Furnished,Under Construction,3.0,29.2
H13275,1208.0,6.0,4.0,Kochi,Villa,1998.0,212.08,0.0,Semi-Furnished,Ready to Move,,5.9
H10619,3497.0,6.0,5.0,Bangalore,Apartment,2020.0,434.13,0.0,Furnished,Ready to Move,1.0,24.4
H13387,4406.0,3.0,1.0,Pune,Townhouse,2003.0,37.57,1.0,Semi-Furnished,Under Construction,2.0,2.4
H12991,3156.0,3.0,3.0,Pune,Villa,2006.0,51.27,2.0,Furnished,Ready to Move,1.0,17.8
H12634,3708.0,3.0,4.0,Bangalore,Independent House,2007.0,424.92,2.0,Furnished,Under Construction,4.0,24.1
H14588,4595.0,5.0,1.0,Mumbai,Villa,2025.0,447.65,1.0,Unfurnished,Ready to Move,1.0,33.5
H13127,3388.0,6.0,1.0,Pune,Independent House,1992.0,208.73,1.0,Unfurnished,Ready to Move,2.0,10.2
H13236,1913.0,3.0,3.0,Pune,Villa,2002.0,250.35,3.0,Unfurnished,Under Construction,1.0,10.4
H10870,3622.0,6.0,4.0,Mumbai,Apartment,2002.0,342.37,3.0,Furnished,Under Construction,,5.1
H12586,2620.0,4.0,1.0,Mumbai,Apartment,1997.0,243.47,0.0,Semi-Furnished,Under Construction,4.0,3.0
H11043,4470.0,2.0,4.0,Coimbatore,Independent House,2009.0,420.35,0.0,Semi-Furnished,Under Construction,1.0,9.4
H14310,3646.0,5.0,2.0,Coimbatore,Independent House,2024.0,320.08,2.0,Unfurnished,Ready to Move,4.0,28.7
H10357,3399.0,6.0,4.0,Chennai,Townhouse,,355.89,0.0,Unfurnished,Ready to Move,3.0,2.3
H12630,4559.0,2.0,5.0,Mumbai,Townhouse,2002.0,403.99,2.0,Unfurnished,Under Construction,2.0,9.0
H14088,1855.0,3.0,1.0,Kochi,Townhouse,2025.0,333.19,,Unfurnished,Under Construction,3.0,31.0
H13183,4163.0,5.0,4.0,,Villa,2000.0,433.78,0.0,Semi-Furnished,Ready to Move,4.0,2.2
H13098,665.0,5.0,5.0,Bangalore,Villa,2011.0,405.43,1.0,Unfurnished,Under Construction,4.0,29.1
H13366,1641.0,3.0,3.0,Chennai,Townhouse,2006.0,144.65,2.0,Unfurnished,Under Construction,3.0,30.1
H14018,1894.0,5.0,4.0,Coimbatore,Townhouse,2017.0,390.41,2.0,Unfurnished,Under Construction,2.0,15.0
H12448,4209.0,4.0,2.0,Pune,Townhouse,2021.0,274.01,1.0,,Ready to Move,3.0,32.1
H12705,4038.0,2.0,2.0,Kochi,Villa,2023.0,181.04,2.0,Furnished,Ready to Move,2.0,10.8
H10333,1109.0,1.0,4.0,Coimbatore,Apartment,2009.0,335.5,2.0,Furnished,Under Construction,2.0,12.2
H14718,3738.0,4.0,4.0,Chennai,Independent House,2024.0,96.88,2.0,Semi-Furnished,Under Construction,3.0,5.4
H13633,3404.0,6.0,3.0,Hyderabad,Villa,1998.0,449.69,0.0,Semi-Furnished,Ready to Move,1.0,1.5
H13481,2463.0,5.0,1.0,Kochi,Townhouse,2016.0,33.77,2.0,Unfurnished,Under Construction,2.0,12.9
H14744,4824.0,1.0,,Hyderabad,Townhouse,2025.0,167.94,3.0,Furnished,Under Construction,1.0,15.5
H13973,4307.0,3.0,4.0,Bangalore,Apartment,1996.0,282.32,3.0,Unfurnished,Ready to Move,3.0,9.1
H14446,1367.0,1.0,1.0,Pune,Apartment,2025.0,110.51,1.0,Semi-Furnished,Under Construction,1.0,1.3
H12674,3384.0,5.0,2.0,Kochi,Townhouse,2000.0,153.74,2.0,Semi-Furnished,Ready to Move,3.0,13.5
H14762,578.0,1.0,1.0,Bangalore,Apartment,1994.0,225.27,0.0,Furnished,Under Construction,1.0,12.7
H11254,4548.0,3.0,2.0,Kochi,Apartment,2020.0,108.0,0.0,Semi-Furnished,Ready to Move,1.0,
H10446,3844.0,5.0,1.0,Bangalore,Townhouse,2008.0,280.15,2.0,Furnished,Ready to Move,1.0,
H12136,3360.0,2.0,5.0,Hyderabad,Townhouse,2017.0,333.62,3.0,Unfurnished,Ready to Move,3.0,20.1
H10453,3851.0,,5.0,Chennai,Apartment,2004.0,440.23,0.0,Furnished,Ready to Move,1.0,27.5
H11414,4461.0,3.0,5.0,Coimbatore,Villa,2006.0,363.12,3.0,Semi-Furnished,Under Construction,2.0,33.3
H13959,4027.0,1.0,4.0,,Apartment,2014.0,411.98,3.0,Furnished,Ready to Move,4.0,9.6
H10015,3935.0,3.0,1.0,Pune,Villa,2025.0,418.04,,Furnished,Under Construction,1.0,9.9
H12493,2979.0,6.0,4.0,Hyderabad,Townhouse,1993.0,387.77,2.0,Furnished,Ready to Move,1.0,3.6
H10946,4225.0,6.0,1.0,Coimbatore,Villa,1992.0,184.15,2.0,Furnished,Ready to Move,2.0,15.0
H11966,1112.0,4.0,3.0,Coimbatore,Villa,2025.0,56.95,,Unfurnished,Ready to Move,4.0,6.2
H13754,3746.0,2.0,4.0,Pune,Independent House,,255.82,0.0,Unfurnished,Under Construction,2.0,24.6
H10361,2181.0,5.0,5.0,Chennai,Townhouse,2024.0,199.38,,Semi-Furnished,Under Construction,3.0,10.0
H14521,4416.0,5.0,1.0,Bangalore,Apartment,2017.0,198.14,2.0,Semi-Furnished,Under Construction,3.0,30.6
H12856,4073.0,3.0,4.0,Hyderabad,Apartment,2009.0,246.14,0.0,Unfurnished,Under Construction,1.0,23.4
H12190,1455.0,6.0,4.0,Hyderabad,Independent House,1996.0,82.72,3.0,Furnished,Under Construction,3.0,6.7
H14389,4569.0,4.0,4.0,Mumbai,Apartment,1998.0,406.01,3.0,Semi-Furnished,Ready to Move,2.0,21.0
H13009,2482.0,6.0,1.0,Chennai,Apartment,2011.0,135.0,3.0,Furnished,Ready to Move,1.0,34.1
H11589,4502.0,6.0,2.0,Pune,Apartment,2001.0,157.55,2.0,Unfurnished,Ready to Move,2.0,20.7
H13312,3156.0,2.0,4.0,Coimbatore,Independent House,2003.0,123.19,2.0,,Under Construction,1.0,22.6
H13358,2363.0,5.0,4.0,Hyderabad,Villa,2014.0,105.54,2.0,Semi-Furnished,Under Construction,2.0,29.4
H14741,1985.0,2.0,1.0,Pune,Independent House,2025.0,401.49,,Unfurnished,Ready to Move,1.0,
H14461,1103.0,1.0,2.0,Chennai,Villa,2024.0,292.59,0.0,Furnished,Under Construction,1.0,4.2
H10491,3622.0,1.0,5.0,Mumbai,Apartment,2025.0,186.96,2.0,Unfurnished,Under Construction,2.0,17.5
H10863,3411.0,2.0,5.0,Kochi,Townhouse,2016.0,401.51,3.0,Unfurnished,Under Construction,3.0,27.0
H11821,2740.0,4.0,4.0,Chennai,Townhouse,2001.0,326.14,0.0,Semi-Furnished,Under Construction,1.0,30.5
H14586,3349.0,5.0,4.0,Hyderabad,Independent House,2017.0,310.12,,Semi-Furnished,Ready to Move,1.0,2.4
H11700,3647.0,4.0,3.0,Hyderabad,,1995.0,256.47,1.0,Unfurnished,Ready to Move,1.0,30.7
H12330,1137.0,2.0,3.0,Pune,Villa,2001.0,233.79,0.0,Unfurnished,Ready to Move,3.0,9.8
H13928,4955.0,3.0,3.0,Bangalore,Townhouse,,333.96,0.0,Semi-Furnished,Ready to Move,3.0,2.0
H10507,4848.0,5.0,2.0,Hyderabad,Townhouse,2004.0,284.09,3.0,Furnished,,2.0,18.5
H13002,4359.0,6.0,2.0,Bangalore,Apartment,1996.0,436.16,3.0,Semi-Furnished,Under Construction,2.0,25.9
H12986,1622.0,3.0,1.0,Pune,Apartment,1992.0,90.34,0.0,Semi-Furnished,Ready to Move,4.0,31.7
H14829,3203.0,5.0,3.0,Mumbai,Townhouse,2000.0,394.37,1.0,Unfurnished,Ready to Move,4.0,34.0
H11114,4509.0,1.0,5.0,Bangalore,Apartment,2023.0,169.66,2.0,Unfurnished,Ready to Move,3.0,28.6
H11727,3187.0,5.0,5.0,Coimbatore,Townhouse,2020.0,409.79,0.0,Unfurnished,Under Construction,1.0,30.5
H13248,4710.0,3.0,2.0,Kochi,Townhouse,2024.0,299.63,1.0,Unfurnished,Under Construction,4.0,12.8
H13921,3474.0,1.0,1.0,Hyderabad,Villa,2025.0,416.11,1.0,Semi-Furnished,Under Construction,1.0,33.0
H10434,3332.0,1.0,3.0,Mumbai,Apartment,2024.0,376.34,2.0,Semi-Furnished,Under Construction,2.0,22.9
H13245,2706.0,,2.0,Bangalore,Independent House,2000.0,148.36,1.0,Semi-Furnished,Under Construction,1.0,6.0
H13974,877.0,6.0,2.0,Chennai,Townhouse,2002.0,248.94,2.0,Unfurnished,Under Construction,2.0,13.9
H14727,971.0,1.0,5.0,Chennai,Villa,1994.0,172.6,3.0,Semi-Furnished,Ready to Move,3.0,9.9
H13365,4946.0,5.0,3.0,Kochi,Townhouse,1994.0,251.04,3.0,Unfurnished,Under Construction,2.0,27.7
H12858,1866.0,4.0,2.0,Mumbai,,2003.0,132.81,2.0,Semi-Furnished,Under Construction,4.0,33.2
H12414,2917.0,1.0,2.0,Chennai,Independent House,1993.0,277.65,3.0,Furnished,Ready to Move,1.0,15.3
H12930,4416.0,2.0,3.0,Chennai,Villa,2025.0,123.31,2.0,Semi-Furnished,Ready to Move,1.0,14.6
H13130,1972.0,3.0,2.0,Bangalore,Independent House,1997.0,48.24,1.0,Semi-Furnished,Ready to Move,1.0,1.6
H11103,3592.0,2.0,2.0,Kochi,Independent House,1994.0,232.94,1.0,Semi-Furnished,Ready to Move,2.0,18.7
H12701,1432.0,6.0,3.0,Kochi,Apartment,1997.0,169.56,1.0,Semi-Furnished,Ready to Move,1.0,2.6
H13642,3713.0,2.0,2.0,Mumbai,Villa,2016.0,215.72,1.0,Semi-Furnished,Ready to Move,4.0,9.3
H10157,4768.0,1.0,4.0,Chennai,Townhouse,2005.0,430.38,2.0,Semi-Furnished,Under Construction,1.0,19.3
H12826,3717.0,6.0,1.0,Coimbatore,Villa,1996.0,114.02,1.0,Furnished,Ready to Move,4.0,17.4
H14654,4975.0,5.0,5.0,Bangalore,Townhouse,2010.0,114.52,1.0,Semi-Furnished,Ready to Move,1.0,8.2
H14040,2736.0,6.0,2.0,Pune,Independent House,2021.0,414.08,0.0,Unfurnished,Under Construction,2.0,13.7
H10644,4194.0,2.0,2.0,Pune,Independent House,1999.0,384.43,1.0,Furnished,Ready to Move,2.0,22.6
H14322,2351.0,1.0,2.0,Mumbai,Independent House,2008.0,108.11,1.0,Unfurnished,Ready to Move,1.0,28.6
H11069,4444.0,2.0,4.0,Pune,Townhouse,1994.0,98.49,2.0,Unfurnished,Ready to Move,3.0,21.8
H13274,2405.0,4.0,5.0,Mumbai,Apartment,2004.0,352.39,1.0,Semi-Furnished,Under Construction,1.0,16.5
H13987,1271.0,6.0,5.0,Coimbatore,Apartment,1990.0,61.72,1.0,Semi-Furnished,Under Construction,2.0,14.3
H14543,4628.0,6.0,3.0,Pune,Townhouse,2004.0,156.85,0.0,Semi-Furnished,Under Construction,1.0,14.9
H11619,1371.0,5.0,3.0,Mumbai,Townhouse,2024.0,108.75,3.0,Unfurnished,Ready to Move,2.0,15.1
H10331,1062.0,5.0,5.0,Bangalore,Independent House,2018.0,332.26,1.0,Semi-Furnished,Ready to Move,3.0,32.7
H11331,1342.0,5.0,,Kochi,Independent House,,290.37,2.0,Furnished,Ready to Move,3.0,28.2
H13280,1001.0,3.0,1.0,Kochi,Apartment,2019.0,311.88,1.0,Semi-Furnished,Ready to Move,4.0,18.3
H12093,2479.0,3.0,2.0,Bangalore,Apartment,1991.0,159.33,1.0,Semi-Furnished,Under Construction,1.0,32.7
H10623,2437.0,2.0,4.0,Bangalore,Apartment,2014.0,339.75,1.0,Furnished,Under Construction,2.0,10.3
H13781,,5.0,2.0,Bangalore,Apartment,2024.0,144.54,0.0,Semi-Furnished,Under Construction,4.0,18.7
H13244,724.0,6.0,3.0,Chennai,Townhouse,2023.0,210.76,2.0,Unfurnished,Under Construction,4.0,11.1
H12755,3244.0,5.0,4.0,Coimbatore,Townhouse,2014.0,350.89,3.0,Unfurnished,Ready to Move,2.0,3.4
H14425,794.0,2.0,3.0,Coimbatore,Villa,2022.0,207.07,3.0,Unfurnished,Under Construction,2.0,23.0
H12158,3307.0,1.0,3.0,Kochi,Apartment,2002.0,208.82,3.0,Semi-Furnished,Under Construction,4.0,11.2
H12577,4255.0,1.0,4.0,Mumbai,Townhouse,1993.0,309.8,0.0,,Ready to Move,2.0,5.9
H10756,785.0,6.0,3.0,Chennai,Villa,2009.0,150.79,0.0,Semi-Furnished,,4.0,31.9
H10519,1020.0,1.0,2.0,Bangalore,Villa,2019.0,300.61,2.0,Furnished,Under Construction,4.0,18.3
H13605,4727.0,2.0,4.0,Pune,Townhouse,2011.0,282.99,3.0,Semi-Furnished,Ready to Move,3.0,3.2
H10033,4440.0,4.0,3.0,Kochi,Townhouse,1997.0,49.85,3.0,Semi-Furnished,Under Construction,3.0,16.2
H12789,2047.0,6.0,1.0,Mumbai,Apartment,2013.0,438.19,2.0,Furnished,Ready to Move,1.0,10.6
H11158,2784.0,4.0,3.0,Kochi,Apartment,2023.0,391.9,3.0,,Under Construction,1.0,10.3
H10745,2926.0,5.0,4.0,Kochi,Apartment,2007.0,38.42,2.0,Semi-Furnished,Ready to Move,2.0,16.5
H11925,2994.0,4.0,1.0,Pune,Apartment,2000.0,71.64,0.0,Semi-Furnished,Ready to Move,1.0,15.0
H14194,3012.0,4.0,3.0,Kochi,Independent House,1991.0,136.53,3.0,Unfurnished,Ready to Move,2.0,9.1
H11927,4750.0,2.0,2.0,Kochi,Apartment,1998.0,60.53,0.0,,Under Construction,2.0,3.5
H14544,1917.0,1.0,2.0,Kochi,Independent House,2007.0,,0.0,,Ready to Move,4.0,18.4
H10784,4312.0,5.0,2.0,Chennai,Townhouse,2018.0,285.49,3.0,Furnished,Under Construction,1.0,15.2
H11611,2187.0,1.0,5.0,Mumbai,Apartment,2017.0,355.88,3.0,Unfurnished,Ready to Move,2.0,1.4
H14369,4563.0,3.0,4.0,Coimbatore,Townhouse,1998.0,133.77,3.0,Furnished,Under Construction,2.0,2.3
H10230,3996.0,3.0,4.0,Hyderabad,Apartment,2000.0,209.33,2.0,Unfurnished,Ready to Move,1.0,29.9
H10858,4083.0,2.0,5.0,Coimbatore,Independent House,2002.0,45.78,,Unfurnished,Under Construction,2.0,29.0
H13160,4826.0,2.0,2.0,Coimbatore,Townhouse,1999.0,146.94,1.0,Unfurnished,Under Construction,1.0,9.8
H10409,3054.0,1.0,3.0,Mumbai,Villa,2008.0,134.09,0.0,Furnished,Ready to Move,2.0,13.0
H10171,2344.0,2.0,5.0,Bangalore,Independent House,1991.0,194.5,2.0,Unfurnished,Ready to Move,3.0,20.3
H10541,2388.0,5.0,4.0,Coimbatore,Independent House,1993.0,194.0,2.0,Semi-Furnished,Under Construction,2.0,
H12101,1630.0,2.0,3.0,Kochi,Independent House,,291.35,0.0,Semi-Furnished,Under Construction,4.0,33.7
H12582,2024.0,6.0,3.0,,Townhouse,2025.0,404.99,1.0,Furnished,Ready to Move,1.0,11.0
H12442,1277.0,6.0,3.0,Chennai,Independent House,1991.0,43.87,3.0,Semi-Furnished,Ready to Move,1.0,
H13788,2424.0,1.0,5.0,Kochi,Villa,2014.0,371.47,2.0,Furnished,Ready to Move,1.0,4.8
H14234,1307.0,6.0,3.0,Bangalore,Townhouse,2019.0,407.39,0.0,Semi-Furnished,Under Construction,4.0,29.8
H12302,2460.0,6.0,4.0,Coimbatore,Independent House,1991.0,34.28,1.0,Unfurnished,Under Construction,1.0,23.1
H13263,1843.0,6.0,1.0,Coimbatore,Apartment,1995.0,108.25,0.0,Semi-Furnished,Ready to Move,1.0,15.6
H11162,4618.0,1.0,1.0,Chennai,Villa,1995.0,,2.0,Semi-Furnished,Under Construction,1.0,30.7
H11874,2680.0,4.0,4.0,Kochi,Apartment,2006.0,153.14,1.0,Unfurnished,Under Construction,4.0,30.5
H13412,2179.0,6.0,5.0,Hyderabad,Independent House,2014.0,414.07,,Semi-Furnished,Under Construction,1.0,29.5
H14628,1340.0,1.0,2.0,Coimbatore,Villa,2017.0,320.17,,Furnished,Ready to Move,,8.4
H12523,2425.0,3.0,3.0,Coimbatore,Apartment,1991.0,321.39,0.0,Semi-Furnished,Ready to Move,3.0,6.0
H12548,1320.0,2.0,1.0,Bangalore,Apartment,1993.0,112.16,2.0,Semi-Furnished,Under Construction,4.0,11.3
H12092,1593.0,6.0,3.0,Mumbai,Apartment,2011.0,424.18,2.0,Furnished,Ready to Move,3.0,26.7
H10565,4728.0,2.0,3.0,Coimbatore,Villa,2009.0,69.79,2.0,Semi-Furnished,Under Construction,1.0,18.3
H13898,3992.0,4.0,3.0,Mumbai,Villa,2008.0,121.97,2.0,Semi-Furnished,Ready to Move,4.0,13.0
H14183,1206.0,1.0,3.0,Chennai,Apartment,2009.0,434.12,1.0,Semi-Furnished,Under Construction,4.0,24.7
H13467,2618.0,4.0,5.0,Coimbatore,Apartment,1992.0,131.19,1.0,Semi-Furnished,Ready to Move,4.0,14.2
H11722,3016.0,1.0,1.0,Mumbai,Apartment,1993.0,358.26,2.0,Furnished,Under Construction,3.0,
H11273,1121.0,3.0,3.0,Chennai,Independent House,2023.0,192.67,3.0,Unfurnished,Ready to Move,4.0,19.2
H14175,1782.0,5.0,2.0,Hyderabad,Independent House,1998.0,199.44,,Semi-Furnished,Under Construction,3.0,4.3
H14315,4115.0,4.0,2.0,Hyderabad,Independent House,2014.0,137.14,,Semi-Furnished,,1.0,5.2
H12277,2761.0,6.0,3.0,Chennai,Apartment,2001.0,92.97,2.0,Semi-Furnished,Ready to Move,2.0,
H12961,3826.0,3.0,1.0,,Apartment,2019.0,434.07,3.0,Furnished,,2.0,7.9
H13146,3904.0,3.0,3.0,Bangalore,Apartment,1994.0,402.58,1.0,Unfurnished,Under Construction,2.0,24.1
H11173,4871.0,6.0,5.0,Chennai,Independent House,,142.54,0.0,Semi-Furnished,Ready to Move,1.0,16.1
H13980,2070.0,4.0,5.0,Hyderabad,Independent House,2010.0,168.17,3.0,Unfurnished,Ready to Move,4.0,17.4
H10326,1700.0,4.0,3.0,Coimbatore,Townhouse,2024.0,378.97,3.0,Furnished,Ready to Move,2.0,
H11052,2189.0,2.0,3.0,Mumbai,Villa,1996.0,380.8,0.0,Unfurnished,Ready to Move,4.0,3.3
H12797,1600.0,5.0,2.0,Pune,Apartment,2022.0,152.16,2.0,Furnished,Under Construction,4.0,21.8
H13128,1423.0,3.0,1.0,Pune,Villa,1996.0,307.79,3.0,Semi-Furnished,Under Construction,2.0,32.0
H12707,2496.0,3.0,4.0,Coimbatore,Independent House,1997.0,125.7,0.0,Furnished,Under Construction,2.0,10.1
H13719,4749.0,4.0,5.0,Coimbatore,Apartment,2015.0,354.12,1.0,Unfurnished,Ready to Move,1.0,15.0
H11197,3710.0,4.0,5.0,Kochi,Townhouse,2005.0,258.81,1.0,Furnished,Ready to Move,4.0,26.7
H10621,830.0,6.0,3.0,Pune,Townhouse,2019.0,151.21,0.0,Unfurnished,Ready to Move,3.0,3.5
H14773,889.0,1.0,5.0,Pune,Independent House,2017.0,252.3,3.0,Unfurnished,Under Construction,4.0,10.9
H14563,3694.0,6.0,3.0,Chennai,,1995.0,241.88,0.0,Furnished,Ready to Move,2.0,19.4
H11190,1399.0,1.0,3.0,Chennai,,1994.0,70.52,3.0,Furnished,Ready to Move,2.0,6.1
H10329,2214.0,4.0,4.0,Coimbatore,Apartment,1994.0,31.11,1.0,Semi-Furnished,Ready to Move,3.0,19.8
H10649,852.0,5.0,1.0,Bangalore,Villa,2016.0,234.62,2.0,Semi-Furnished,Under Construction,4.0,20.2
H10898,1516.0,2.0,5.0,Bangalore,Apartment,2003.0,218.2,2.0,Unfurnished,Ready to Move,1.0,19.0
H11339,3930.0,3.0,2.0,Coimbatore,,1993.0,260.25,3.0,Unfurnished,Ready to Move,3.0,5.9
H11124,3791.0,3.0,5.0,Chennai,Independent House,1993.0,122.91,3.0,Semi-Furnished,Ready to Move,4.0,10.0
H11715,1032.0,5.0,3.0,Chennai,Apartment,2022.0,80.69,1.0,Furnished,Ready to Move,1.0,
H14508,3725.0,4.0,1.0,Bangalore,Apartment,1999.0,137.65,1.0,Furnished,Ready to Move,2.0,8.9
H13985,3623.0,2.0,3.0,Hyderabad,Villa,1994.0,143.04,1.0,Unfurnished,Under Construction,1.0,33.2
H14792,2064.0,5.0,5.0,Hyderabad,Apartment,2007.0,218.36,2.0,Unfurnished,Under Construction,3.0,18.3
H12648,2482.0,6.0,2.0,Mumbai,Independent House,2000.0,357.92,0.0,Furnished,Ready to Move,2.0,17.4
H14464,1810.0,5.0,5.0,Mumbai,Apartment,1994.0,187.82,3.0,Furnished,Under Construction,3.0,24.4
H11943,4576.0,1.0,4.0,Hyderabad,Independent House,1992.0,248.83,0.0,Unfurnished,Under Construction,2.0,10.8
H11024,1936.0,5.0,4.0,Pune,Villa,2019.0,205.56,2.0,Semi-Furnished,Ready to Move,2.0,
H11785,2652.0,5.0,4.0,Coimbatore,Villa,2014.0,283.62,1.0,Semi-Furnished,Ready to Move,3.0,25.8
H12275,3105.0,5.0,1.0,Kochi,Independent House,2025.0,356.56,0.0,Unfurnished,Ready to Move,1.0,18.6
H11271,4452.0,5.0,5.0,Coimbatore,Apartment,2011.0,398.34,1.0,Unfurnished,Under Construction,3.0,31.1
H12304,1219.0,6.0,5.0,Bangalore,Villa,2010.0,102.94,1.0,Unfurnished,Ready to Move,4.0,29.6
H10810,1500.0,3.0,1.0,Chennai,Apartment,2019.0,434.01,3.0,Unfurnished,Under Construction,2.0,31.3
H10979,3229.0,3.0,3.0,Coimbatore,Apartment,2007.0,94.2,1.0,Furnished,Under Construction,2.0,17.4
H13825,2752.0,5.0,5.0,Kochi,Independent House,1994.0,277.85,3.0,Furnished,Under Construction,2.0,19.5
H12903,4298.0,5.0,5.0,Bangalore,Villa,1991.0,251.82,,Furnished,Under Construction,2.0,11.1
H11533,2902.0,5.0,1.0,Mumbai,Apartment,2007.0,448.61,1.0,Semi-Furnished,Ready to Move,4.0,22.9
H12373,942.0,6.0,1.0,,Villa,,376.49,,Unfurnished,Under Construction,4.0,1.4
H11841,1342.0,1.0,5.0,Hyderabad,Independent House,,56.42,1.0,Unfurnished,Under Construction,2.0,10.2
H12288,3526.0,3.0,5.0,Kochi,Independent House,,29.83,1.0,Furnished,Under Construction,3.0,19.9
H11361,944.0,4.0,4.0,Chennai,Independent House,2016.0,155.38,3.0,Furnished,Ready to Move,3.0,1.8
H13996,3378.0,4.0,1.0,Pune,Apartment,2012.0,264.0,3.0,Unfurnished,Ready to Move,3.0,23.2
H14141,4848.0,6.0,3.0,Coimbatore,Apartment,1995.0,296.3,3.0,Furnished,Under Construction,1.0,26.8
H10175,2536.0,4.0,4.0,Mumbai,,2025.0,174.75,3.0,Furnished,Ready to Move,2.0,25.3
H12298,3141.0,3.0,2.0,Bangalore,Independent House,2000.0,125.67,2.0,Furnished,Ready to Move,1.0,23.3
H11775,4169.0,2.0,4.0,Bangalore,Apartment,1991.0,373.1,1.0,Furnished,Under Construction,1.0,13.7
H11352,3894.0,1.0,1.0,Bangalore,Townhouse,2025.0,35.05,1.0,Semi-Furnished,Under Construction,4.0,
H14449,3087.0,4.0,,Hyderabad,,2014.0,275.61,1.0,Furnished,Ready to Move,1.0,31.7
H10218,3784.0,2.0,1.0,Bangalore,Townhouse,2020.0,341.08,3.0,Furnished,Under Construction,1.0,18.1
H13711,3741.0,5.0,5.0,Kochi,Independent House,2010.0,253.75,0.0,Semi-Furnished,Ready to Move,3.0,1.7
H13529,696.0,5.0,1.0,Kochi,Townhouse,1994.0,342.04,1.0,Semi-Furnished,Ready to Move,4.0,2.9
H10691,1862.0,4.0,2.0,Hyderabad,Independent House,1991.0,180.07,3.0,Furnished,Ready to Move,2.0,22.1
H12451,2623.0,5.0,2.0,Mumbai,Apartment,2012.0,407.64,2.0,Furnished,Under Construction,1.0,30.1
H12124,1417.0,4.0,5.0,Mumbai,Villa,1996.0,140.45,3.0,Semi-Furnished,Ready to Move,1.0,34.5
H14232,1857.0,6.0,4.0,Bangalore,Independent House,2015.0,263.47,0.0,Unfurnished,Ready to Move,3.0,33.0
H11107,1732.0,2.0,5.0,Coimbatore,Villa,2006.0,297.46,2.0,Unfurnished,Under Construction,1.0,20.4
H11392,,6.0,,Coimbatore,Independent House,2014.0,,3.0,Semi-Furnished,Under Construction,3.0,28.2
H13655,1353.0,2.0,5.0,Pune,Apartment,,196.99,0.0,Furnished,Under Construction,2.0,1.4
H11393,1467.0,3.0,3.0,Mumbai,Townhouse,2018.0,374.01,0.0,,Ready to Move,2.0,12.9
H12659,2106.0,4.0,5.0,Coimbatore,Independent House,2006.0,56.46,,Semi-Furnished,Under Construction,4.0,34.5
H13078,2011.0,1.0,4.0,Pune,Independent House,2004.0,327.92,2.0,Furnished,Ready to Move,3.0,30.9
H13521,3617.0,2.0,3.0,Kochi,Townhouse,,379.81,2.0,Semi-Furnished,Ready to Move,4.0,21.1
H10577,4512.0,6.0,,Pune,Townhouse,2009.0,443.19,1.0,Furnished,Ready to Move,4.0,14.3
H11879,4115.0,2.0,3.0,Chennai,Villa,2009.0,116.5,0.0,Furnished,Ready to Move,4.0,18.0
H14305,3481.0,1.0,2.0,Bangalore,Apartment,2011.0,275.96,1.0,Furnished,Ready to Move,3.0,32.2
H11181,603.0,2.0,1.0,Chennai,Apartment,2025.0,37.17,3.0,Unfurnished,Under Construction,2.0,11.0
H10889,1755.0,2.0,5.0,Pune,Independent House,2013.0,314.69,0.0,Furnished,Under Construction,2.0,10.6
H12969,3205.0,1.0,3.0,Bangalore,Independent House,1993.0,49.66,1.0,Semi-Furnished,Under Construction,1.0,
H12457,2396.0,6.0,3.0,Chennai,Villa,2018.0,227.32,0.0,Furnished,Ready to Move,1.0,25.3
H12532,1485.0,6.0,2.0,Bangalore,Independent House,2022.0,254.95,1.0,Semi-Furnished,Under Construction,2.0,9.3
H10818,3778.0,,3.0,Coimbatore,Apartment,2005.0,303.27,2.0,Furnished,Under Construction,3.0,34.2
H13465,2582.0,6.0,2.0,,Townhouse,1996.0,305.85,2.0,Unfurnished,Ready to Move,3.0,14.1
H10209,803.0,1.0,4.0,Coimbatore,Villa,1993.0,277.85,1.0,Furnished,Ready to Move,1.0,19.7
H10294,1521.0,3.0,1.0,Chennai,Townhouse,2007.0,171.19,3.0,Furnished,Under Construction,3.0,10.7
H11120,1681.0,1.0,4.0,Chennai,Independent House,2005.0,416.99,1.0,Unfurnished,Ready to Move,1.0,16.2
H12104,,2.0,2.0,Kochi,Independent House,2004.0,339.82,3.0,Unfurnished,Under Construction,1.0,32.9
H11922,2009.0,4.0,2.0,Kochi,Villa,1998.0,78.79,3.0,Semi-Furnished,Under Construction,3.0,29.5
H11265,1686.0,1.0,5.0,Kochi,Apartment,2013.0,352.48,3.0,Furnished,Ready to Move,4.0,33.2
H10991,3980.0,4.0,1.0,Pune,Apartment,2010.0,274.47,0.0,Semi-Furnished,Under Construction,3.0,29.7
H14063,3909.0,3.0,2.0,Bangalore,Independent House,1998.0,427.18,0.0,Furnished,Ready to Move,4.0,31.4
H11376,4046.0,1.0,,Chennai,Independent House,,409.26,0.0,Unfurnished,Under Construction,1.0,3.5
H10354,2185.0,5.0,2.0,Mumbai,Independent House,2018.0,231.15,3.0,Furnished,Ready to Move,2.0,15.6
H12620,3965.0,4.0,3.0,Hyderabad,Villa,2001.0,49.36,1.0,Semi-Furnished,Under Construction,3.0,21.0
H13084,3202.0,4.0,4.0,Bangalore,Apartment,2020.0,95.66,2.0,Unfurnished,Ready to Move,1.0,15.2
H12888,3770.0,4.0,2.0,Chennai,Townhouse,2006.0,284.37,1.0,Furnished,Ready to Move,4.0,34.4
H12521,1276.0,2.0,2.0,Chennai,Villa,2003.0,168.39,0.0,Semi-Furnished,Under Construction,4.0,24.5
H12894,784.0,3.0,4.0,Bangalore,Apartment,2019.0,209.62,1.0,Semi-Furnished,Under Construction,3.0,19.5
H11229,3295.0,4.0,3.0,Coimbatore,Independent House,2021.0,327.11,1.0,,Ready to Move,3.0,1.2
H10260,1530.0,5.0,1.0,Kochi,,2023.0,242.6,3.0,Furnished,Under Construction,2.0,34.8
H12499,732.0,5.0,3.0,Coimbatore,Villa,2012.0,190.87,1.0,Furnished,Under Construction,3.0,12.5
H11616,1938.0,1.0,2.0,,Apartment,2018.0,206.62,0.0,Unfurnished,Under Construction,4.0,9.1
H14603,925.0,4.0,5.0,Kochi,Independent House,1999.0,38.25,0.0,Unfurnished,Ready to Move,2.0,28.7
H12831,2987.0,3.0,2.0,Hyderabad,Villa,2016.0,444.92,3.0,Unfurnished,Under Construction,2.0,29.2
H14087,1646.0,5.0,4.0,Pune,Villa,2012.0,420.25,0.0,Furnished,Ready to Move,3.0,22.3
H10053,4493.0,2.0,4.0,Bangalore,Townhouse,2005.0,124.59,3.0,Semi-Furnished,Under Construction,1.0,15.7
H11875,4526.0,3.0,3.0,Bangalore,Apartment,1998.0,295.86,2.0,Semi-Furnished,Under Construction,3.0,25.3
H11673,4160.0,3.0,2.0,Pune,Independent House,2000.0,67.05,1.0,Semi-Furnished,Ready to Move,1.0,18.6
H12087,4445.0,3.0,4.0,Mumbai,Apartment,2000.0,386.88,3.0,Unfurnished,Ready to Move,,10.2
H12293,4240.0,5.0,1.0,Bangalore,Apartment,2000.0,31.49,2.0,Unfurnished,Under Construction,3.0,23.9
H12650,914.0,3.0,1.0,Chennai,Townhouse,2008.0,153.77,1.0,Furnished,Ready to Move,4.0,7.3
H12229,1122.0,4.0,1.0,Chennai,Independent House,2008.0,26.27,3.0,Furnished,Ready to Move,2.0,33.8
H11034,3404.0,4.0,4.0,Mumbai,Independent House,2007.0,79.78,3.0,Furnished,Under Construction,2.0,22.9
H11098,1376.0,4.0,4.0,Bangalore,Townhouse,2017.0,121.68,3.0,Furnished,Under Construction,1.0,19.6
H10544,3421.0,5.0,4.0,Chennai,Independent House,2000.0,62.3,2.0,Semi-Furnished,Under Construction,2.0,
H14033,4987.0,2.0,4.0,Mumbai,Villa,2021.0,407.87,0.0,Unfurnished,Under Construction,1.0,25.7
H11718,1180.0,4.0,4.0,Coimbatore,Independent House,2002.0,296.03,2.0,Furnished,Under Construction,1.0,22.5
H11434,3506.0,5.0,1.0,Chennai,Apartment,2009.0,130.21,2.0,Unfurnished,Under Construction,4.0,27.0
H10031,3752.0,6.0,1.0,Kochi,Independent House,2022.0,296.1,0.0,Unfurnished,Under Construction,3.0,25.2
H10726,2598.0,2.0,3.0,Mumbai,Townhouse,1998.0,409.09,3.0,Semi-Furnished,Ready to Move,,23.5
H14061,2655.0,1.0,4.0,Pune,Villa,2006.0,66.76,2.0,Unfurnished,Under Construction,3.0,25.8
H11942,1325.0,3.0,5.0,Mumbai,,2017.0,446.35,2.0,Unfurnished,Under Construction,2.0,14.6
H13700,1913.0,6.0,2.0,Mumbai,Villa,2011.0,174.84,1.0,Unfurnished,Ready to Move,2.0,7.0
H12378,,2.0,2.0,Bangalore,Townhouse,1998.0,,1.0,Unfurnished,Under Construction,2.0,27.4
H10437,3690.0,1.0,2.0,Kochi,Villa,2016.0,136.48,1.0,Unfurnished,Ready to Move,4.0,
H12917,1951.0,6.0,3.0,Chennai,Townhouse,2018.0,176.39,0.0,Semi-Furnished,Ready to Move,2.0,30.2
H10913,1272.0,6.0,3.0,Chennai,Apartment,1996.0,203.73,1.0,Semi-Furnished,Ready to Move,3.0,4.9
H14100,2948.0,3.0,4.0,Pune,Villa,2000.0,431.57,2.0,Semi-Furnished,Ready to Move,4.0,33.0
H14003,2398.0,2.0,3.0,Pune,Apartment,2013.0,107.1,0.0,,Ready to Move,2.0,14.0
H14382,2360.0,5.0,5.0,Hyderabad,Townhouse,2009.0,,2.0,Furnished,Ready to Move,1.0,13.2
H13163,1249.0,3.0,5.0,Hyderabad,Independent House,2014.0,194.91,,Semi-Furnished,Under Construction,,
H12174,3209.0,1.0,4.0,Bangalore,Townhouse,2011.0,239.19,1.0,,Under Construction,1.0,18.1
H14632,1470.0,4.0,4.0,Chennai,Villa,2023.0,333.51,1.0,Semi-Furnished,Ready to Move,3.0,23.2
H11239,2689.0,3.0,4.0,Chennai,Independent House,2024.0,40.0,0.0,Furnished,Under Construction,3.0,24.0
H10904,2274.0,2.0,2.0,Bangalore,Townhouse,2019.0,437.23,1.0,Semi-Furnished,Under Construction,3.0,21.2
H12985,1040.0,2.0,5.0,Coimbatore,Independent House,2007.0,49.79,1.0,Semi-Furnished,Under Construction,1.0,28.5
H14236,4404.0,5.0,2.0,Mumbai,Villa,,340.1,1.0,Furnished,Under Construction,4.0,2.0
H10508,3361.0,3.0,3.0,Chennai,Townhouse,2022.0,224.92,2.0,Semi-Furnished,Ready to Move,1.0,13.0
H13059,2186.0,4.0,5.0,Bangalore,Apartment,2016.0,32.9,0.0,Unfurnished,Under Construction,1.0,15.4
H10184,2935.0,6.0,3.0,Chennai,Villa,2016.0,79.05,1.0,Furnished,Ready to Move,3.0,2.7
H11426,3935.0,3.0,3.0,Pune,Townhouse,2010.0,205.39,2.0,Furnished,Ready to Move,4.0,6.0
H14349,4898.0,4.0,4.0,,Townhouse,1990.0,419.25,2.0,Unfurnished,Ready to Move,1.0,27.1
H10322,1919.0,1.0,4.0,Mumbai,Villa,2023.0,340.99,1.0,Semi-Furnished,Ready to Move,1.0,32.9
H11615,1400.0,4.0,5.0,Kochi,Villa,2024.0,133.29,3.0,Unfurnished,Under Construction,4.0,24.6
H12265,1617.0,2.0,1.0,Mumbai,Villa,2000.0,241.84,2.0,Unfurnished,,4.0,34.6
H11618,1917.0,2.0,,Kochi,Villa,2001.0,218.16,3.0,Unfurnished,Under Construction,3.0,31.1
H14153,3416.0,3.0,2.0,Chennai,Independent House,2025.0,426.86,1.0,Unfurnished,Ready to Move,3.0,30.2
H14198,1633.0,6.0,1.0,Kochi,Apartment,1999.0,266.15,0.0,Semi-Furnished,Under Construction,4.0,29.4
H14307,3521.0,4.0,2.0,Bangalore,Townhouse,2020.0,443.95,1.0,Furnished,Under Construction,2.0,8.9
H11147,2600.0,2.0,5.0,Coimbatore,Apartment,2005.0,426.26,1.0,Unfurnished,Under Construction,4.0,34.9
H13076,4655.0,5.0,5.0,Pune,Apartment,2021.0,93.76,0.0,Furnished,Under Construction,4.0,25.9
H10045,2028.0,1.0,5.0,Mumbai,Villa,2010.0,,3.0,Furnished,Ready to Move,3.0,23.2
H14478,4029.0,2.0,2.0,Hyderabad,Townhouse,2017.0,135.6,3.0,Furnished,Ready to Move,1.0,27.4
H13124,1249.0,2.0,3.0,Bangalore,Independent House,2015.0,207.47,2.0,Unfurnished,Under Construction,2.0,12.0
H12143,1833.0,3.0,2.0,Mumbai,Apartment,2009.0,134.57,1.0,Unfurnished,Ready to Move,2.0,3.6
H12541,3047.0,2.0,5.0,Hyderabad,Villa,2000.0,208.28,0.0,Semi-Furnished,Ready to Move,2.0,17.4
H10414,2121.0,6.0,4.0,Bangalore,Townhouse,2016.0,62.12,,Unfurnished,Under Construction,1.0,22.8
H13671,3331.0,6.0,4.0,Hyderabad,Townhouse,1992.0,303.37,3.0,Unfurnished,Under Construction,3.0,25.5
H14455,993.0,4.0,4.0,Chennai,Independent House,1994.0,193.67,1.0,Semi-Furnished,Ready to Move,1.0,33.5
H10802,1027.0,4.0,5.0,Kochi,Townhouse,2012.0,278.78,3.0,,Under Construction,4.0,12.2
H11289,4297.0,6.0,4.0,Kochi,Independent House,1995.0,80.85,2.0,Semi-Furnished,Ready to Move,,30.5
H12132,2201.0,3.0,3.0,Pune,Villa,2024.0,296.04,0.0,Furnished,Ready to Move,2.0,1.8
H12416,2312.0,1.0,3.0,Kochi,Apartment,1990.0,146.75,2.0,Unfurnished,Ready to Move,1.0,3.6
H14417,837.0,3.0,5.0,Bangalore,Independent House,2003.0,422.27,3.0,Semi-Furnished,Ready to Move,1.0,28.9
H13983,3893.0,1.0,4.0,Bangalore,Townhouse,,278.29,1.0,Unfurnished,Ready to Move,4.0,3.0
H10257,1689.0,2.0,3.0,Pune,Townhouse,2025.0,250.61,3.0,Unfurnished,Ready to Move,4.0,22.5
H11631,4950.0,2.0,1.0,Chennai,Townhouse,1996.0,416.69,3.0,Semi-Furnished,Ready to Move,1.0,9.6
H13932,2245.0,6.0,1.0,Coimbatore,Apartment,2012.0,64.26,3.0,Unfurnished,Ready to Move,4.0,
H11152,695.0,1.0,5.0,Mumbai,Villa,2025.0,132.49,0.0,Furnished,Under Construction,4.0,19.2
H12188,819.0,2.0,1.0,,Villa,2024.0,132.07,0.0,Unfurnished,Ready to Move,1.0,28.9
H10648,3316.0,2.0,1.0,Pune,Apartment,2006.0,146.6,,Unfurnished,Ready to Move,4.0,18.5
H13691,1472.0,2.0,2.0,Bangalore,Townhouse,2013.0,412.59,0.0,Furnished,Under Construction,3.0,24.2
H14759,2720.0,5.0,2.0,Coimbatore,Apartment,2017.0,345.02,0.0,Unfurnished,Under Construction,3.0,30.6
H11706,3775.0,4.0,3.0,Kochi,Townhouse,2024.0,388.9,0.0,Unfurnished,Under Construction,3.0,31.1
H13571,2397.0,2.0,1.0,Hyderabad,Independent House,1994.0,,0.0,Furnished,Ready to Move,1.0,29.8
H11316,3446.0,3.0,4.0,Hyderabad,Apartment,2014.0,115.58,,Unfurnished,Ready to Move,1.0,33.8
H14103,2261.0,,2.0,Kochi,Townhouse,1993.0,135.54,3.0,Semi-Furnished,Ready to Move,2.0,
H11781,757.0,6.0,2.0,Mumbai,Independent House,2020.0,262.26,1.0,Semi-Furnished,Ready to Move,3.0,6.2
H12348,2224.0,3.0,2.0,Kochi,Apartment,1997.0,387.96,2.0,Furnished,Under Construction,2.0,13.5
H12060,911.0,4.0,1.0,Bangalore,Townhouse,2017.0,291.99,3.0,Unfurnished,Ready to Move,3.0,23.2
H12795,1523.0,6.0,4.0,Chennai,Townhouse,2002.0,100.68,0.0,Furnished,Ready to Move,3.0,3.6
H10113,2147.0,1.0,5.0,Bangalore,Townhouse,2018.0,381.96,0.0,Furnished,Ready to Move,2.0,7.5
H13913,4693.0,6.0,3.0,Hyderabad,Independent House,2012.0,147.0,0.0,Unfurnished,Ready to Move,3.0,27.0
H10264,3944.0,4.0,4.0,Mumbai,Independent House,1992.0,123.89,0.0,Semi-Furnished,Ready to Move,2.0,15.1
H11394,3724.0,3.0,2.0,Chennai,Independent House,2002.0,370.57,3.0,Furnished,Ready to Move,4.0,17.5
H11703,2210.0,2.0,4.0,Chennai,Independent House,2005.0,195.17,0.0,Furnished,Under Construction,3.0,26.9
H11187,2464.0,1.0,2.0,Kochi,Townhouse,2006.0,45.41,0.0,Unfurnished,Ready to Move,3.0,27.3
H12237,4198.0,1.0,4.0,Kochi,Townhouse,2025.0,206.05,1.0,Furnished,Ready to Move,3.0,17.6
H10057,3163.0,3.0,5.0,Coimbatore,Apartment,2015.0,384.77,2.0,Unfurnished,Ready to Move,4.0,18.9
H11310,2373.0,1.0,3.0,Kochi,Independent House,2015.0,397.11,2.0,Furnished,Ready to Move,4.0,8.7
H10696,2155.0,1.0,4.0,Pune,Townhouse,2001.0,278.36,2.0,Unfurnished,Under Construction,1.0,28.3
H11778,,4.0,4.0,Bangalore,Independent House,2013.0,386.0,0.0,Unfurnished,,2.0,22.6
H11570,4473.0,1.0,4.0,Coimbatore,Independent House,,158.46,2.0,Furnished,Ready to Move,2.0,25.8
H11624,3697.0,5.0,1.0,Pune,Apartment,1999.0,359.65,3.0,Semi-Furnished,Ready to Move,2.0,26.7
H11579,2349.0,,1.0,Bangalore,Townhouse,1997.0,119.18,2.0,Unfurnished,Under Construction,3.0,25.6
H12844,1020.0,2.0,4.0,Kochi,Villa,2000.0,75.31,3.0,Semi-Furnished,Ready to Move,2.0,32.1
H12173,3934.0,2.0,1.0,Coimbatore,Townhouse,2024.0,199.47,,Unfurnished,Ready to Move,4.0,18.5
H10683,3289.0,5.0,5.0,Coimbatore,Independent House,1998.0,262.79,2.0,Unfurnished,Under Construction,2.0,14.1
H14625,3120.0,4.0,3.0,Coimbatore,Independent House,2009.0,239.04,3.0,Semi-Furnished,Ready to Move,1.0,14.7
H13051,4217.0,3.0,2.0,Bangalore,Villa,2021.0,283.69,1.0,Furnished,Under Construction,3.0,23.2
H14140,4333.0,3.0,3.0,Kochi,Apartment,2016.0,,1.0,Semi-Furnished,Ready to Move,1.0,15.4
H13329,3825.0,5.0,4.0,Mumbai,Apartment,2021.0,211.67,3.0,Unfurnished,Ready to Move,3.0,13.7
H14740,4531.0,3.0,5.0,Chennai,Independent House,2001.0,276.91,2.0,Unfurnished,Under Construction,1.0,20.1
H10287,1074.0,5.0,5.0,Coimbatore,Apartment,1996.0,88.33,3.0,Semi-Furnished,,1.0,27.0
H13145,1940.0,1.0,2.0,Kochi,Independent House,2018.0,131.06,0.0,Semi-Furnished,Ready to Move,4.0,30.0
H12299,3246.0,4.0,5.0,Mumbai,Apartment,2013.0,31.11,2.0,Unfurnished,Under Construction,2.0,14.0
H12459,2945.0,3.0,3.0,Kochi,Villa,2011.0,206.0,0.0,Furnished,Ready to Move,2.0,11.4
H13154,3030.0,5.0,1.0,Bangalore,Apartment,2016.0,153.48,2.0,Furnished,Ready to Move,3.0,16.8
H13321,1965.0,3.0,2.0,Pune,Villa,2025.0,427.43,3.0,Unfurnished,Under Construction,4.0,15.8
H13990,1420.0,6.0,4.0,Kochi,Apartment,2014.0,242.88,0.0,Semi-Furnished,Ready to Move,2.0,
H11913,3592.0,5.0,4.0,Coimbatore,Townhouse,2018.0,373.56,0.0,Furnished,Under Construction,2.0,7.0
H10737,810.0,3.0,3.0,Coimbatore,Independent House,1997.0,69.06,3.0,Unfurnished,Under Construction,2.0,
H12828,2891.0,1.0,4.0,Chennai,Villa,1997.0,282.89,3.0,Unfurnished,Under Construction,4.0,34.5
H10337,2020.0,2.0,5.0,Coimbatore,Villa,1998.0,438.36,1.0,Semi-Furnished,Ready to Move,,33.0
H12269,2364.0,5.0,4.0,Chennai,Apartment,1997.0,373.76,3.0,Semi-Furnished,Under Construction,1.0,4.8
H13108,4336.0,5.0,2.0,Kochi,Apartment,2007.0,278.25,0.0,Unfurnished,Under Construction,3.0,16.5
H12510,3953.0,4.0,4.0,Bangalore,Villa,2024.0,298.4,3.0,Semi-Furnished,Under Construction,2.0,18.7
H14274,1775.0,4.0,4.0,Bangalore,Townhouse,1996.0,186.54,1.0,Furnished,Ready to Move,4.0,2.8
H11072,4213.0,5.0,5.0,Bangalore,Townhouse,2000.0,241.26,1.0,Unfurnished,Ready to Move,1.0,9.1
H12314,2950.0,1.0,2.0,Chennai,Independent House,1990.0,416.68,2.0,Unfurnished,Ready to Move,1.0,4.7
H13553,4940.0,6.0,5.0,Kochi,Apartment,1991.0,371.36,,Semi-Furnished,Ready to Move,1.0,5.5
H12178,4833.0,6.0,5.0,Mumbai,Villa,1996.0,100.97,1.0,Semi-Furnished,Under Construction,3.0,20.1
H13207,3323.0,2.0,1.0,Bangalore,Villa,1991.0,343.71,0.0,Unfurnished,Ready to Move,4.0,19.9
H13915,,6.0,4.0,Bangalore,Apartment,2016.0,238.52,1.0,Furnished,Ready to Move,1.0,
H13722,2928.0,6.0,2.0,Kochi,Independent House,1998.0,131.87,0.0,Semi-Furnished,,2.0,
H14540,3328.0,5.0,3.0,Pune,Independent House,2025.0,356.25,3.0,,Under Construction,2.0,7.7
H10499,1478.0,3.0,5.0,Pune,Townhouse,2003.0,115.68,0.0,Semi-Furnished,Under Construction,4.0,31.6
H14218,2641.0,6.0,1.0,Kochi,Apartment,2006.0,322.53,3.0,,Ready to Move,1.0,24.9
H12365,2788.0,5.0,2.0,Hyderabad,Villa,1991.0,52.36,0.0,Furnished,Ready to Move,3.0,8.3
H14337,788.0,3.0,5.0,Chennai,Independent House,,177.66,0.0,Semi-Furnished,Ready to Move,4.0,31.1
H14541,1820.0,6.0,2.0,Chennai,Independent House,1997.0,345.07,1.0,Unfurnished,Under Construction,4.0,9.3
H12662,908.0,5.0,1.0,Bangalore,Independent House,2017.0,405.67,3.0,Unfurnished,Under Construction,2.0,8.8
H12883,711.0,2.0,3.0,Pune,Independent House,1997.0,360.04,0.0,Furnished,Ready to Move,3.0,32.5
H13168,3706.0,5.0,2.0,Bangalore,Villa,2005.0,349.8,2.0,Semi-Furnished,Ready to Move,2.0,22.3
H14647,793.0,2.0,3.0,Bangalore,Townhouse,1993.0,405.16,1.0,Unfurnished,Under Construction,4.0,25.2
H12165,2553.0,6.0,2.0,Hyderabad,Apartment,2008.0,182.28,3.0,Unfurnished,Under Construction,2.0,17.9
H11840,2535.0,4.0,2.0,Hyderabad,Villa,1992.0,359.68,3.0,Unfurnished,Ready to Move,2.0,10.8
H11023,3617.0,3.0,5.0,Mumbai,Apartment,2010.0,360.44,0.0,Semi-Furnished,Under Construction,4.0,15.8
H12169,2175.0,2.0,4.0,Kochi,Townhouse,2025.0,331.55,1.0,Semi-Furnished,Ready to Move,4.0,26.0
H14743,769.0,2.0,5.0,Chennai,Apartment,2009.0,399.39,0.0,Semi-Furnished,Ready to Move,1.0,2.3
H14070,4855.0,3.0,2.0,Chennai,Independent House,2016.0,178.33,,Furnished,Under Construction,1.0,24.5
H12112,3133.0,5.0,2.0,Kochi,Independent House,2015.0,278.96,2.0,Semi-Furnished,Ready to Move,2.0,4.8
H11823,793.0,6.0,1.0,Coimbatore,Villa,2015.0,77.94,1.0,Semi-Furnished,Under Construction,1.0,17.0
H10666,1612.0,1.0,2.0,Hyderabad,Villa,2011.0,,2.0,Furnished,Ready to Move,2.0,9.3
H13729,1506.0,4.0,3.0,Kochi,Townhouse,2017.0,443.0,2.0,Semi-Furnished,Under Construction,3.0,15.2
H14742,773.0,1.0,2.0,Kochi,Villa,2010.0,317.07,0.0,Unfurnished,Ready to Move,2.0,5.5
H11018,3519.0,5.0,1.0,Chennai,Townhouse,2014.0,214.93,3.0,Unfurnished,Ready to Move,3.0,27.5
H14112,4347.0,1.0,2.0,Chennai,Villa,2001.0,383.54,3.0,Semi-Furnished,Under Construction,2.0,11.5
H12283,3474.0,,1.0,,Townhouse,2009.0,263.3,0.0,Semi-Furnished,Ready to Move,3.0,1.7
H11208,4815.0,5.0,1.0,Chennai,Independent House,2018.0,151.48,1.0,Semi-Furnished,Ready to Move,1.0,6.1
H13317,2099.0,6.0,4.0,Kochi,Apartment,2011.0,356.26,0.0,,Ready to Move,2.0,25.8
H12006,2870.0,6.0,2.0,Chennai,,2003.0,237.27,2.0,Semi-Furnished,Under Construction,2.0,32.3
H12513,3889.0,2.0,1.0,Pune,Apartment,2021.0,447.32,2.0,Furnished,Ready to Move,3.0,3.0
H10246,1619.0,4.0,5.0,Bangalore,Independent House,2024.0,285.48,1.0,Unfurnished,Ready to Move,1.0,20.8
H11164,1356.0,1.0,2.0,Pune,Villa,2006.0,102.83,0.0,Semi-Furnished,Under Construction,4.0,30.7
H10267,2366.0,2.0,4.0,Kochi,Independent House,1993.0,305.05,3.0,Unfurnished,Ready to Move,4.0,31.2
H13589,1805.0,4.0,1.0,Hyderabad,Townhouse,1991.0,204.28,2.0,Unfurnished,Under Construction,2.0,18.6
H11115,4137.0,1.0,5.0,Bangalore,Townhouse,2002.0,,2.0,Furnished,Ready to Move,1.0,16.6
H10064,3892.0,2.0,5.0,Kochi,Villa,2017.0,212.15,2.0,Furnished,Ready to Move,4.0,11.7
H12465,1735.0,5.0,5.0,Coimbatore,Villa,2013.0,414.77,3.0,Furnished,Under Construction,2.0,25.3
H13972,4754.0,3.0,1.0,Coimbatore,Townhouse,2025.0,432.89,3.0,Semi-Furnished,Ready to Move,4.0,23.0
H12624,1807.0,1.0,3.0,Kochi,Apartment,2023.0,256.56,0.0,Semi-Furnished,Ready to Move,1.0,14.7
H12857,2179.0,4.0,3.0,,Villa,2007.0,172.74,1.0,Semi-Furnished,Ready to Move,4.0,2.3
H12922,4764.0,6.0,4.0,Mumbai,Townhouse,1993.0,113.14,0.0,Unfurnished,Ready to Move,3.0,32.4
H12134,3360.0,3.0,3.0,,Villa,2010.0,422.19,,Semi-Furnished,Under Construction,3.0,15.6
H14716,1296.0,3.0,5.0,Kochi,Villa,2012.0,31.96,0.0,,Ready to Move,3.0,2.1
H12424,3748.0,5.0,3.0,Chennai,Apartment,2012.0,417.27,0.0,Unfurnished,Under Construction,2.0,34.3
H11877,1729.0,3.0,2.0,Hyderabad,Apartment,2023.0,390.84,2.0,Semi-Furnished,Ready to Move,1.0,34.5
H12380,2016.0,4.0,1.0,Hyderabad,Villa,2023.0,372.69,2.0,Semi-Furnished,Ready to Move,3.0,29.2
H11238,3789.0,4.0,5.0,Mumbai,Independent House,,382.58,3.0,Unfurnished,,4.0,12.4
H10104,2307.0,1.0,4.0,Kochi,Townhouse,1991.0,77.66,3.0,Furnished,Under Construction,2.0,20.3
H14670,4386.0,6.0,1.0,Pune,Independent House,1996.0,,2.0,Unfurnished,Ready to Move,1.0,18.4
H13438,3146.0,4.0,4.0,Bangalore,Independent House,2008.0,66.05,3.0,Unfurnished,Ready to Move,2.0,13.8
H10509,1800.0,1.0,2.0,Kochi,Townhouse,2005.0,207.75,3.0,Semi-Furnished,Under Construction,3.0,20.5
H13600,2889.0,4.0,5.0,Pune,Villa,2002.0,181.24,3.0,Semi-Furnished,Under Construction,4.0,32.3
H14786,4871.0,2.0,1.0,Kochi,Apartment,1994.0,192.14,1.0,Semi-Furnished,Under Construction,2.0,6.3
H11506,4478.0,1.0,,Pune,Villa,2007.0,143.5,1.0,Furnished,Under Construction,4.0,15.8
H10866,2195.0,2.0,5.0,Mumbai,Villa,2007.0,350.98,,Furnished,Ready to Move,3.0,32.8
H12317,2489.0,5.0,1.0,Kochi,Townhouse,1993.0,58.06,2.0,Unfurnished,Ready to Move,2.0,27.4
H10909,1539.0,2.0,3.0,Pune,Villa,2005.0,129.58,1.0,Semi-Furnished,Ready to Move,2.0,25.7
H12437,,5.0,5.0,Mumbai,Townhouse,1996.0,112.11,0.0,Furnished,Under Construction,1.0,30.0
H13693,3500.0,1.0,4.0,Chennai,Apartment,2008.0,171.27,0.0,Semi-Furnished,Ready to Move,1.0,4.2
H12728,2884.0,2.0,5.0,Pune,Townhouse,2002.0,163.61,3.0,,Ready to Move,1.0,28.0
H10836,1364.0,3.0,4.0,Mumbai,Townhouse,1999.0,320.59,0.0,Semi-Furnished,Ready to Move,4.0,19.0
H10359,4280.0,6.0,2.0,Hyderabad,Independent House,,114.68,2.0,Furnished,Ready to Move,2.0,7.8
H10139,1841.0,1.0,5.0,Mumbai,Villa,2014.0,331.75,0.0,Unfurnished,Ready to Move,3.0,8.1
H10300,4286.0,4.0,3.0,Kochi,Apartment,1994.0,311.65,3.0,Furnished,Under Construction,2.0,25.3
H11004,2639.0,2.0,3.0,Mumbai,Townhouse,2024.0,109.38,2.0,Semi-Furnished,Under Construction,2.0,14.7
H10383,4657.0,6.0,1.0,Bangalore,Townhouse,1996.0,334.72,1.0,Semi-Furnished,Under Construction,4.0,11.0
H10942,3040.0,5.0,5.0,Mumbai,Apartment,2002.0,441.82,1.0,Semi-Furnished,Ready to Move,1.0,21.7
H11733,4279.0,2.0,2.0,Bangalore,Townhouse,2008.0,367.12,3.0,Unfurnished,Ready to Move,3.0,16.4
H10762,3185.0,2.0,4.0,Bangalore,Apartment,2010.0,161.75,3.0,Furnished,Ready to Move,2.0,17.6
H11698,1793.0,3.0,3.0,Pune,Villa,2010.0,27.94,2.0,Unfurnished,Under Construction,2.0,9.2
H12715,,4.0,5.0,Hyderabad,Independent House,1997.0,331.78,2.0,Unfurnished,Under Construction,3.0,28.9
H11920,1143.0,5.0,3.0,Pune,Independent House,2014.0,195.52,0.0,Unfurnished,Ready to Move,3.0,4.0
H11893,2058.0,2.0,2.0,Mumbai,Apartment,2012.0,433.78,2.0,Semi-Furnished,Under Construction,1.0,17.9
H11894,1317.0,1.0,3.0,Hyderabad,Independent House,2010.0,275.63,0.0,Semi-Furnished,Ready to Move,3.0,12.6
H11808,4275.0,4.0,3.0,Bangalore,Villa,2014.0,65.05,,Unfurnished,Under Construction,4.0,12.2
H11403,977.0,2.0,3.0,Mumbai,Villa,1997.0,348.64,,Unfurnished,Under Construction,3.0,14.7
H14366,4840.0,5.0,2.0,Hyderabad,Independent House,2024.0,346.66,,Semi-Furnished,Ready to Move,1.0,13.1
H13588,2654.0,5.0,2.0,Bangalore,Villa,2010.0,445.82,3.0,Semi-Furnished,Under Construction,3.0,5.3
H14256,4231.0,5.0,1.0,Chennai,Villa,2023.0,265.29,3.0,Furnished,Under Construction,3.0,8.9
H12804,3378.0,6.0,1.0,Pune,Independent House,2021.0,361.83,3.0,Semi-Furnished,Under Construction,4.0,23.9
H11513,4573.0,3.0,3.0,Kochi,Townhouse,2008.0,351.74,3.0,Furnished,Ready to Move,1.0,31.9
H11189,3287.0,2.0,1.0,Hyderabad,Apartment,2001.0,188.49,1.0,Semi-Furnished,Under Construction,1.0,17.8
H12836,1368.0,1.0,5.0,Hyderabad,Villa,1991.0,157.17,3.0,Semi-Furnished,Under Construction,1.0,7.4
H11850,3079.0,1.0,2.0,Kochi,Villa,2009.0,206.77,1.0,Semi-Furnished,Ready to Move,4.0,31.5
H13674,3828.0,1.0,5.0,Chennai,Apartment,1995.0,79.51,1.0,Semi-Furnished,Under Construction,3.0,12.6
H14529,4728.0,1.0,3.0,Kochi,Apartment,2001.0,380.97,1.0,Semi-Furnished,Under Construction,2.0,9.0
H10109,3864.0,5.0,1.0,Hyderabad,Villa,2005.0,324.11,,Semi-Furnished,Under Construction,3.0,21.7
H12601,3823.0,1.0,3.0,Kochi,Townhouse,2003.0,302.69,3.0,Unfurnished,Under Construction,1.0,24.7
H12195,754.0,4.0,4.0,Pune,Villa,2022.0,101.77,3.0,Semi-Furnished,Under Construction,4.0,27.2
H12535,3999.0,3.0,4.0,Mumbai,Independent House,1993.0,394.47,0.0,Furnished,Under Construction,2.0,14.9
H10059,2050.0,4.0,2.0,Kochi,Independent House,2025.0,362.22,2.0,Semi-Furnished,Ready to Move,1.0,15.4
H10077,3118.0,1.0,3.0,Bangalore,Independent House,1997.0,316.93,0.0,Furnished,Ready to Move,2.0,3.8
H10797,2520.0,1.0,2.0,Kochi,Independent House,2022.0,445.97,1.0,Furnished,Ready to Move,3.0,2.6
H10369,4096.0,6.0,2.0,Chennai,Villa,2007.0,367.12,2.0,Unfurnished,Ready to Move,4.0,17.2
H14444,4592.0,3.0,,Kochi,Apartment,2017.0,283.2,2.0,,Ready to Move,2.0,10.9
H10786,1542.0,6.0,3.0,Chennai,Independent House,1990.0,340.58,2.0,Unfurnished,Under Construction,1.0,
H13011,2307.0,6.0,2.0,Chennai,Townhouse,2017.0,94.68,1.0,Furnished,Under Construction,3.0,
H13454,684.0,2.0,3.0,Pune,Apartment,1993.0,370.12,2.0,Unfurnished,Under Construction,4.0,33.5
H11816,3817.0,5.0,5.0,Chennai,Townhouse,2015.0,448.65,3.0,Furnished,Ready to Move,4.0,9.4
H11963,915.0,5.0,4.0,Bangalore,Apartment,1996.0,140.58,0.0,Semi-Furnished,Under Construction,2.0,9.3
H13354,3544.0,3.0,2.0,Chennai,Townhouse,1997.0,335.63,2.0,Semi-Furnished,Ready to Move,1.0,11.6
H11551,3394.0,2.0,1.0,,Independent House,2005.0,138.08,0.0,Unfurnished,Ready to Move,3.0,19.1
H10122,3852.0,1.0,5.0,Bangalore,Apartment,1994.0,156.98,2.0,Furnished,Under Construction,2.0,27.0
H14105,678.0,4.0,4.0,Mumbai,Independent House,2003.0,197.44,3.0,Unfurnished,Under Construction,3.0,
H14491,2911.0,2.0,1.0,Kochi,Independent House,2009.0,286.09,0.0,Furnished,Ready to Move,4.0,24.6
H14700,568.0,1.0,1.0,Coimbatore,Townhouse,1996.0,189.62,2.0,Unfurnished,Ready to Move,1.0,5.4
H10911,3032.0,5.0,5.0,Hyderabad,Apartment,2004.0,82.48,1.0,Furnished,Ready to Move,1.0,3.5
H10125,4579.0,3.0,2.0,Chennai,Townhouse,2020.0,263.72,1.0,Semi-Furnished,Under Construction,4.0,26.0
H12485,1875.0,1.0,2.0,Coimbatore,Villa,2011.0,95.05,3.0,Semi-Furnished,Ready to Move,2.0,32.7
H11258,1138.0,1.0,2.0,,Villa,2021.0,286.43,0.0,Furnished,Ready to Move,3.0,19.5
H13266,4472.0,6.0,1.0,Pune,Townhouse,2001.0,285.03,0.0,Furnished,Under Construction,3.0,3.4
H14377,4869.0,1.0,2.0,Coimbatore,Villa,2002.0,124.02,1.0,Semi-Furnished,Under Construction,4.0,
H13210,4457.0,1.0,2.0,Pune,Townhouse,2009.0,132.07,0.0,Furnished,Under Construction,2.0,19.4
H11179,4395.0,1.0,1.0,Pune,Independent House,1992.0,373.99,3.0,Furnished,Under Construction,1.0,20.6
H13292,3612.0,4.0,5.0,Hyderabad,Apartment,1993.0,383.9,1.0,Semi-Furnished,Ready to Move,4.0,15.3
H14104,2780.0,5.0,2.0,Mumbai,Townhouse,1997.0,45.45,3.0,Semi-Furnished,Ready to Move,3.0,2.0
H10443,1612.0,2.0,4.0,Bangalore,Villa,2002.0,377.78,2.0,Furnished,Ready to Move,2.0,16.1
H12588,2591.0,5.0,4.0,Bangalore,Independent House,2016.0,123.37,,Semi-Furnished,Ready to Move,3.0,32.1
H12192,3803.0,6.0,5.0,Bangalore,,2014.0,440.57,3.0,Furnished,Under Construction,2.0,22.7
H10926,2711.0,6.0,4.0,Chennai,Apartment,2017.0,125.04,2.0,Unfurnished,Ready to Move,2.0,12.9
H13401,4714.0,4.0,3.0,Bangalore,Townhouse,2003.0,317.08,1.0,Furnished,Under Construction,2.0,15.0
H13977,4095.0,3.0,5.0,Coimbatore,Villa,2005.0,91.34,3.0,Furnished,Ready to Move,4.0,24.1
H11412,1102.0,4.0,3.0,Chennai,Independent House,2019.0,,1.0,Furnished,Ready to Move,3.0,8.3
H13289,3827.0,5.0,2.0,Mumbai,Independent House,2020.0,131.46,2.0,Furnished,Ready to Move,2.0,17.2
H11591,2413.0,4.0,4.0,Bangalore,Villa,1990.0,219.18,2.0,Semi-Furnished,Ready to Move,2.0,21.0
H12025,2746.0,1.0,2.0,Coimbatore,Townhouse,1990.0,408.06,2.0,Semi-Furnished,Ready to Move,2.0,15.2
H11228,2712.0,4.0,3.0,Kochi,Villa,2012.0,344.16,2.0,Furnished,Under Construction,2.0,28.4
H13419,4920.0,5.0,5.0,Chennai,Apartment,2016.0,392.14,2.0,Furnished,Under Construction,3.0,21.7
H13907,1394.0,1.0,5.0,Coimbatore,Independent House,2012.0,78.32,3.0,Semi-Furnished,Ready to Move,1.0,1.3
H13114,2322.0,3.0,5.0,Kochi,Townhouse,1997.0,214.5,0.0,Furnished,Ready to Move,3.0,14.4
H10325,,3.0,2.0,Coimbatore,Villa,2022.0,381.19,0.0,Unfurnished,Ready to Move,2.0,32.9
H14354,639.0,4.0,5.0,Kochi,Townhouse,2020.0,405.54,1.0,Semi-Furnished,Ready to Move,4.0,8.3
H11741,,5.0,2.0,Chennai,Independent House,1991.0,363.53,1.0,Furnished,,1.0,18.5
H11724,2096.0,1.0,4.0,Kochi,Villa,1994.0,200.98,2.0,Semi-Furnished,Under Construction,1.0,15.5
H13132,3730.0,3.0,1.0,Kochi,Townhouse,2001.0,361.83,3.0,Furnished,Ready to Move,1.0,13.5
H12881,1746.0,5.0,2.0,Chennai,Townhouse,2002.0,410.69,0.0,Furnished,Ready to Move,3.0,12.4
H11499,563.0,4.0,5.0,Mumbai,Independent House,2014.0,36.51,3.0,Furnished,Under Construction,1.0,34.5
H11503,4364.0,2.0,5.0,Bangalore,Villa,2007.0,443.31,1.0,Semi-Furnished,Ready to Move,3.0,18.0
H11007,2172.0,3.0,3.0,Hyderabad,Villa,1990.0,163.74,0.0,Furnished,Under Construction,1.0,16.8
H13194,3258.0,6.0,3.0,Bangalore,Apartment,2018.0,207.69,0.0,Semi-Furnished,Ready to Move,2.0,3.4
H12584,3793.0,4.0,3.0,Coimbatore,Independent House,2005.0,219.96,1.0,Semi-Furnished,Under Construction,4.0,11.6
H13337,4864.0,6.0,2.0,Hyderabad,Independent House,2003.0,426.82,1.0,Furnished,Ready to Move,1.0,7.6
H11468,2262.0,2.0,5.0,Chennai,,1990.0,166.61,0.0,Semi-Furnished,Ready to Move,4.0,19.6
H11226,867.0,6.0,1.0,Coimbatore,Apartment,2014.0,74.01,1.0,Semi-Furnished,Under Construction,3.0,18.0
H12155,2647.0,6.0,3.0,Pune,Townhouse,2001.0,118.66,2.0,Semi-Furnished,Ready to Move,2.0,3.2
H11801,2316.0,3.0,2.0,Coimbatore,Independent House,1990.0,79.22,2.0,Unfurnished,Ready to Move,,3.8
H11217,1463.0,5.0,4.0,Kochi,Townhouse,2006.0,382.07,2.0,Unfurnished,Under Construction,1.0,26.1
H13771,2767.0,2.0,2.0,Bangalore,Villa,2017.0,404.42,3.0,Unfurnished,Under Construction,3.0,32.4
H13320,3311.0,5.0,4.0,Pune,,2007.0,442.48,3.0,Unfurnished,Ready to Move,1.0,4.6
H10421,2876.0,6.0,2.0,Pune,Independent House,2006.0,71.79,2.0,Furnished,Under Construction,1.0,31.4
H13802,1691.0,6.0,3.0,Chennai,Apartment,1997.0,328.6,3.0,Semi-Furnished,Ready to Move,3.0,29.6
H10007,3721.0,3.0,2.0,Kochi,Apartment,2007.0,33.3,2.0,,Ready to Move,4.0,11.8
H10933,4001.0,6.0,5.0,Kochi,Independent House,2014.0,27.77,0.0,Furnished,Ready to Move,2.0,12.9
H10440,3772.0,6.0,2.0,Mumbai,Townhouse,1996.0,308.13,2.0,Furnished,Ready to Move,1.0,12.3
H11314,4080.0,2.0,2.0,Bangalore,Apartment,1997.0,99.43,3.0,Semi-Furnished,Under Construction,2.0,33.6
H10679,2043.0,,3.0,Kochi,Independent House,1996.0,212.41,1.0,Furnished,Ready to Move,3.0,24.1
H12345,2876.0,6.0,3.0,Coimbatore,Independent House,2009.0,412.31,0.0,Semi-Furnished,Under Construction,4.0,7.9
H13873,2429.0,3.0,5.0,Chennai,Townhouse,1991.0,93.43,2.0,Furnished,Under Construction,1.0,2.0
H12319,776.0,,2.0,Bangalore,Apartment,2018.0,,3.0,,Ready to Move,4.0,1.3
H14498,1669.0,3.0,3.0,Bangalore,Independent House,2011.0,145.28,0.0,Semi-Furnished,Ready to Move,3.0,29.1
H12841,3221.0,6.0,5.0,Coimbatore,Apartment,2010.0,341.72,1.0,Unfurnished,Under Construction,1.0,8.7
H13324,1067.0,1.0,3.0,Hyderabad,Villa,2009.0,306.91,3.0,Semi-Furnished,Ready to Move,3.0,27.4
H12322,1945.0,1.0,5.0,Kochi,Independent House,1998.0,352.11,0.0,Semi-Furnished,Under Construction,3.0,10.9
H13062,3876.0,1.0,,Coimbatore,Apartment,2014.0,173.64,3.0,Semi-Furnished,Under Construction,3.0,33.4
H13865,4681.0,2.0,1.0,Pune,Villa,1999.0,187.96,2.0,Unfurnished,Ready to Move,1.0,31.8
H14121,1533.0,1.0,5.0,Pune,Villa,2019.0,267.81,3.0,Furnished,Under Construction,2.0,15.0
H12641,2706.0,1.0,4.0,Pune,Villa,2003.0,117.89,3.0,Furnished,Ready to Move,4.0,26.0
H14296,2673.0,5.0,5.0,Hyderabad,Townhouse,2022.0,338.87,3.0,Semi-Furnished,Under Construction,1.0,8.1
H10195,3658.0,5.0,3.0,Hyderabad,Villa,2003.0,,3.0,Unfurnished,Ready to Move,2.0,
H11475,2347.0,3.0,,Mumbai,Townhouse,1998.0,387.25,3.0,Unfurnished,Under Construction,1.0,6.8
H12221,920.0,3.0,4.0,Pune,Independent House,2023.0,202.89,3.0,Unfurnished,Under Construction,2.0,11.4
H11212,1504.0,6.0,,Bangalore,Villa,2021.0,262.93,0.0,Unfurnished,Under Construction,2.0,1.9
H12370,1498.0,5.0,1.0,Coimbatore,Apartment,,52.43,3.0,Furnished,Ready to Move,3.0,23.6
H12568,2369.0,3.0,2.0,Chennai,Townhouse,1992.0,441.54,2.0,,Under Construction,4.0,15.2
H13430,1043.0,4.0,1.0,Kochi,Villa,2020.0,295.35,3.0,Semi-Furnished,Under Construction,3.0,3.7
H12573,924.0,5.0,1.0,Chennai,Villa,2004.0,217.5,0.0,Semi-Furnished,Under Construction,4.0,5.1
H14148,4482.0,1.0,3.0,Chennai,Villa,1997.0,299.99,3.0,Unfurnished,Ready to Move,4.0,8.2
H11676,2231.0,3.0,1.0,Pune,Independent House,2011.0,226.18,2.0,Unfurnished,Under Construction,1.0,4.5
H11131,1363.0,2.0,4.0,Kochi,Townhouse,2010.0,148.62,1.0,Unfurnished,Ready to Move,2.0,27.7
H11462,2621.0,,4.0,Bangalore,Townhouse,2010.0,100.72,1.0,Semi-Furnished,Under Construction,2.0,30.1
H10277,3087.0,6.0,2.0,Pune,Villa,2006.0,296.93,0.0,Furnished,Ready to Move,2.0,6.7
H12657,3539.0,6.0,1.0,Coimbatore,Townhouse,2016.0,265.82,0.0,Semi-Furnished,Ready to Move,4.0,27.5
H12216,4202.0,2.0,5.0,Chennai,Townhouse,,408.2,1.0,Semi-Furnished,Ready to Move,1.0,24.0
H12183,1915.0,4.0,5.0,,Townhouse,2019.0,66.26,0.0,Unfurnished,Under Construction,4.0,28.9
H11303,1065.0,5.0,2.0,Mumbai,Townhouse,2008.0,415.96,1.0,Semi-Furnished,Ready to Move,2.0,3.8
H12396,2517.0,1.0,2.0,Hyderabad,Villa,2015.0,110.27,1.0,Semi-Furnished,Ready to Move,2.0,33.5
H10223,1850.0,2.0,3.0,Kochi,Apartment,2021.0,156.9,2.0,Unfurnished,Ready to Move,4.0,19.4
H14548,2131.0,1.0,3.0,,Apartment,2004.0,70.93,2.0,Unfurnished,Under Construction,1.0,33.4
H12911,3211.0,3.0,5.0,Pune,Independent House,2012.0,383.87,2.0,Semi-Furnished,Under Construction,3.0,32.6
H10574,1223.0,1.0,1.0,Mumbai,,2005.0,125.83,2.0,,Ready to Move,2.0,19.9
H11237,2933.0,5.0,5.0,Bangalore,Apartment,2018.0,172.53,1.0,Furnished,Ready to Move,4.0,14.7
H13621,3856.0,1.0,1.0,Coimbatore,Townhouse,2016.0,386.78,2.0,Furnished,Under Construction,3.0,6.0
H13893,775.0,4.0,4.0,Hyderabad,Independent House,1996.0,291.82,1.0,Semi-Furnished,Under Construction,4.0,28.4
H11335,4160.0,1.0,2.0,Kochi,Apartment,2025.0,124.83,3.0,Semi-Furnished,Under Construction,2.0,17.1
H12340,2265.0,2.0,2.0,Bangalore,Townhouse,2006.0,160.73,3.0,Furnished,Under Construction,1.0,25.7
H10419,3990.0,6.0,5.0,Hyderabad,Villa,2003.0,47.43,0.0,Furnished,Under Construction,2.0,14.2
H11833,683.0,2.0,2.0,Chennai,Townhouse,2011.0,305.2,0.0,Semi-Furnished,Under Construction,2.0,17.5
H11105,4111.0,2.0,1.0,Mumbai,Townhouse,1995.0,47.85,1.0,Unfurnished,Ready to Move,1.0,34.5
H10258,740.0,1.0,1.0,Pune,Apartment,2020.0,436.77,1.0,Semi-Furnished,Under Construction,2.0,18.9
H10296,3324.0,5.0,3.0,Mumbai,Townhouse,1997.0,218.58,2.0,Furnished,Under Construction,1.0,2.5
H12246,1160.0,,5.0,Chennai,Apartment,2011.0,92.87,1.0,Semi-Furnished,Under Construction,3.0,25.9
H10387,1303.0,2.0,5.0,Hyderabad,Townhouse,2009.0,38.73,2.0,Semi-Furnished,Under Construction,4.0,32.2
H14325,3500.0,1.0,3.0,Pune,Independent House,1994.0,433.87,3.0,Semi-Furnished,Under Construction,3.0,12.8
H12122,1091.0,1.0,2.0,Mumbai,Independent House,1992.0,338.53,1.0,Unfurnished,Under Construction,4.0,18.2
H12742,4302.0,3.0,5.0,Mumbai,Independent House,2008.0,190.88,2.0,Furnished,Ready to Move,2.0,13.8
H14209,3484.0,3.0,1.0,Pune,Villa,2001.0,339.62,0.0,Semi-Furnished,Under Construction,4.0,9.9
H11962,2500.0,3.0,4.0,Mumbai,Independent House,2020.0,119.9,3.0,Furnished,Ready to Move,2.0,34.7
H11671,4185.0,4.0,2.0,Coimbatore,Apartment,1993.0,394.41,1.0,Unfurnished,Under Construction,3.0,24.1
H14254,3330.0,5.0,3.0,Bangalore,Independent House,2016.0,211.96,1.0,Semi-Furnished,Ready to Move,1.0,22.8
H11564,4615.0,5.0,2.0,Chennai,Independent House,2015.0,443.84,3.0,Furnished,Ready to Move,4.0,34.1
H13075,,1.0,4.0,,Apartment,2000.0,120.74,1.0,Unfurnished,Under Construction,1.0,25.4
H12019,4616.0,1.0,,Coimbatore,Townhouse,1992.0,200.12,1.0,Unfurnished,Under Construction,2.0,25.1
H10713,553.0,4.0,,Kochi,,2008.0,415.25,3.0,Unfurnished,Under Construction,4.0,
H12234,2067.0,6.0,4.0,Chennai,Townhouse,1992.0,161.48,0.0,Furnished,Ready to Move,3.0,14.8
H12407,1693.0,4.0,1.0,Pune,Townhouse,2007.0,393.48,0.0,Semi-Furnished,Ready to Move,4.0,21.2
H14065,1801.0,4.0,1.0,Bangalore,Villa,2025.0,308.71,1.0,Unfurnished,Under Construction,3.0,17.1
H13739,4320.0,2.0,1.0,Coimbatore,Villa,2008.0,135.13,1.0,Furnished,Under Construction,3.0,18.5
H11290,1312.0,1.0,3.0,Pune,Villa,2009.0,444.77,1.0,Furnished,Under Construction,1.0,31.7
H10450,1503.0,1.0,5.0,Kochi,,1995.0,77.38,2.0,Semi-Furnished,Under Construction,1.0,19.3
H13881,,1.0,,Hyderabad,Apartment,2021.0,412.8,2.0,Furnished,Under Construction,1.0,31.1
H13939,2216.0,2.0,3.0,Chennai,Apartment,2009.0,129.04,0.0,Semi-Furnished,Under Construction,2.0,20.0
H10959,2748.0,4.0,5.0,Coimbatore,Villa,2018.0,249.74,2.0,Unfurnished,Ready to Move,4.0,14.7
H12722,665.0,3.0,4.0,Pune,Townhouse,2020.0,95.03,3.0,Furnished,Under Construction,1.0,5.1
H10655,3837.0,3.0,1.0,Hyderabad,Independent House,2023.0,351.6,2.0,Semi-Furnished,Under Construction,3.0,23.6
H13651,3324.0,6.0,3.0,Bangalore,Townhouse,2001.0,29.17,,Unfurnished,Ready to Move,2.0,13.9
H12655,3730.0,3.0,1.0,Hyderabad,Apartment,2008.0,402.45,1.0,Furnished,Under Construction,3.0,26.0
H12239,2087.0,4.0,4.0,Kochi,Villa,2007.0,90.12,2.0,Semi-Furnished,Under Construction,2.0,2.5
H12654,1989.0,4.0,1.0,Mumbai,Villa,1998.0,134.4,1.0,Furnished,Ready to Move,4.0,12.6
H11868,3260.0,1.0,5.0,Hyderabad,Villa,2020.0,80.86,1.0,Furnished,Ready to Move,2.0,25.0
H10412,1672.0,3.0,1.0,Hyderabad,Independent House,2008.0,215.87,2.0,Furnished,Under Construction,1.0,6.5
H14329,3616.0,5.0,3.0,Kochi,Independent House,2004.0,203.16,2.0,Furnished,Ready to Move,4.0,32.8
H14245,2968.0,5.0,4.0,Bangalore,Villa,2019.0,415.93,3.0,Semi-Furnished,Under Construction,3.0,5.5
H12895,2098.0,1.0,4.0,Hyderabad,Apartment,2020.0,114.34,1.0,Unfurnished,Under Construction,4.0,14.1
H14303,674.0,3.0,1.0,Chennai,Villa,2025.0,360.54,2.0,Unfurnished,,1.0,29.3
H13512,4237.0,4.0,5.0,Bangalore,Villa,2000.0,239.22,3.0,Furnished,Under Construction,2.0,30.1
H12403,4339.0,2.0,2.0,Hyderabad,Apartment,2023.0,296.58,0.0,Semi-Furnished,Under Construction,4.0,20.2
H13378,4040.0,3.0,3.0,Kochi,Independent House,2012.0,211.78,2.0,Semi-Furnished,Under Construction,4.0,27.7
H13389,2974.0,6.0,2.0,Mumbai,Independent House,2014.0,192.92,0.0,Semi-Furnished,Ready to Move,1.0,23.4
H10431,3052.0,3.0,1.0,Kochi,Independent House,1999.0,409.58,0.0,Unfurnished,Under Construction,4.0,16.9
H12776,3976.0,3.0,,Bangalore,Independent House,2005.0,161.85,3.0,Semi-Furnished,Under Construction,4.0,34.7
H11367,2563.0,4.0,1.0,Hyderabad,Independent House,2012.0,407.57,1.0,,Ready to Move,2.0,22.7
H14122,1438.0,3.0,4.0,Coimbatore,Villa,1999.0,411.7,0.0,Unfurnished,Under Construction,1.0,19.0
H12708,3358.0,2.0,1.0,Bangalore,Townhouse,2011.0,322.92,,Unfurnished,,4.0,5.5
H11177,3350.0,1.0,3.0,Kochi,Independent House,2019.0,61.14,0.0,Unfurnished,Ready to Move,1.0,22.5
H13165,4446.0,6.0,4.0,Coimbatore,,2003.0,107.46,,Semi-Furnished,Ready to Move,2.0,22.0
H11477,4559.0,6.0,5.0,Bangalore,Townhouse,2023.0,404.07,1.0,Unfurnished,Ready to Move,3.0,11.1
H12993,3863.0,,5.0,Mumbai,Apartment,2024.0,,2.0,Semi-Furnished,Under Construction,1.0,1.2
H14247,1551.0,4.0,5.0,Pune,Townhouse,2013.0,104.1,0.0,Unfurnished,Ready to Move,,19.5
H10103,4741.0,3.0,1.0,Kochi,Villa,2004.0,269.2,1.0,Semi-Furnished,Ready to Move,1.0,32.5
H12224,,3.0,2.0,Pune,Apartment,2009.0,267.64,2.0,Semi-Furnished,Ready to Move,2.0,34.5
H11809,2151.0,1.0,3.0,Chennai,Independent House,2020.0,320.5,2.0,Furnished,Ready to Move,3.0,15.9
H11264,2240.0,1.0,2.0,Kochi,Townhouse,2017.0,200.64,1.0,Semi-Furnished,Ready to Move,4.0,34.6
H13519,1048.0,6.0,1.0,Coimbatore,Independent House,2019.0,44.09,2.0,Furnished,Ready to Move,4.0,31.2
H12979,575.0,4.0,2.0,Hyderabad,Apartment,1998.0,242.69,,,Under Construction,1.0,26.5
H13946,1779.0,3.0,5.0,Chennai,Apartment,2013.0,48.0,1.0,Furnished,Under Construction,2.0,28.8
H12907,2555.0,1.0,1.0,Bangalore,,1993.0,373.62,3.0,Unfurnished,Ready to Move,2.0,12.7
H12723,2934.0,4.0,2.0,Mumbai,Villa,2002.0,207.53,3.0,Unfurnished,Under Construction,4.0,25.9
H13133,4866.0,4.0,4.0,Pune,Apartment,2024.0,88.37,1.0,Unfurnished,Under Construction,2.0,8.8
H13012,1666.0,1.0,1.0,Kochi,Apartment,,384.82,0.0,Furnished,Ready to Move,2.0,2.7
H12821,4595.0,1.0,3.0,Hyderabad,Townhouse,2020.0,184.79,2.0,Semi-Furnished,Under Construction,2.0,31.5
H11644,2497.0,4.0,5.0,Hyderabad,Townhouse,2025.0,410.12,1.0,Semi-Furnished,Under Construction,1.0,27.9
H14375,4519.0,5.0,3.0,Chennai,Independent House,2024.0,182.64,2.0,Semi-Furnished,Under Construction,1.0,9.9
H11958,2218.0,2.0,1.0,Coimbatore,Apartment,2023.0,328.33,,Unfurnished,Ready to Move,4.0,32.6
H11581,4731.0,2.0,1.0,Hyderabad,Apartment,1995.0,209.77,2.0,Unfurnished,Under Construction,1.0,4.8
H14292,3356.0,1.0,4.0,Chennai,Townhouse,2012.0,223.16,1.0,Furnished,Under Construction,3.0,7.3
H13918,3427.0,4.0,2.0,Bangalore,Independent House,1991.0,334.28,3.0,Unfurnished,Under Construction,4.0,1.6
H11357,1566.0,3.0,1.0,Bangalore,Apartment,2017.0,46.58,3.0,Semi-Furnished,Ready to Move,1.0,1.7
H13662,4066.0,1.0,4.0,Coimbatore,Villa,2006.0,250.8,3.0,Furnished,Under Construction,2.0,8.2
H11910,1221.0,2.0,1.0,Mumbai,Townhouse,2017.0,326.57,1.0,,Under Construction,2.0,3.2
H12125,2616.0,,2.0,Pune,,2020.0,123.6,2.0,Unfurnished,Under Construction,2.0,4.8
H12320,4097.0,4.0,4.0,Pune,Independent House,2003.0,232.23,3.0,Semi-Furnished,Under Construction,1.0,7.3
H10397,1166.0,6.0,3.0,Kochi,Townhouse,,412.76,3.0,Furnished,Under Construction,4.0,33.0
H14225,4587.0,4.0,1.0,Bangalore,Villa,2022.0,282.54,1.0,Semi-Furnished,Ready to Move,2.0,6.1
H11065,4640.0,1.0,2.0,Kochi,Townhouse,2003.0,184.67,1.0,Unfurnished,Under Construction,3.0,25.4
H12245,893.0,2.0,5.0,Coimbatore,Villa,2022.0,84.62,0.0,Unfurnished,Ready to Move,1.0,6.6
H12944,1269.0,1.0,5.0,Kochi,Independent House,1997.0,32.24,3.0,Furnished,Ready to Move,1.0,11.4
H10819,4269.0,2.0,3.0,Kochi,Apartment,2023.0,322.62,2.0,Unfurnished,Ready to Move,2.0,12.4
H12102,2870.0,3.0,2.0,Pune,Villa,2012.0,353.22,0.0,Unfurnished,Under Construction,4.0,5.6
H11553,4843.0,3.0,5.0,Hyderabad,Independent House,1991.0,424.74,1.0,Unfurnished,Under Construction,2.0,
H13028,3043.0,2.0,1.0,Mumbai,Townhouse,2005.0,244.2,3.0,Furnished,Under Construction,2.0,17.8
H10817,3403.0,4.0,4.0,Bangalore,Independent House,1997.0,210.45,0.0,Furnished,Under Construction,3.0,29.5
H11573,3343.0,3.0,3.0,Kochi,Villa,2022.0,259.6,0.0,Unfurnished,Under Construction,2.0,15.3
H14246,4748.0,2.0,3.0,Pune,Independent House,2020.0,269.96,,Unfurnished,Under Construction,2.0,4.7
H14162,1164.0,4.0,5.0,Bangalore,Apartment,1990.0,363.14,,Unfurnished,Under Construction,1.0,24.0
H10382,2994.0,5.0,1.0,Coimbatore,Villa,2023.0,399.26,2.0,Unfurnished,Ready to Move,1.0,6.1
H13624,1829.0,3.0,4.0,Mumbai,Villa,2015.0,145.38,,Furnished,Ready to Move,3.0,17.6
H14123,3487.0,2.0,5.0,Pune,Independent House,2009.0,439.93,1.0,Furnished,Under Construction,2.0,19.4
H14291,2747.0,1.0,5.0,Bangalore,Apartment,2008.0,118.74,2.0,Furnished,Under Construction,3.0,9.0
H12352,1273.0,5.0,2.0,Mumbai,Independent House,2004.0,201.65,2.0,Unfurnished,Under Construction,4.0,25.5
H14199,4651.0,2.0,2.0,Bangalore,Villa,1999.0,97.45,,Furnished,Ready to Move,4.0,17.0
H12218,2303.0,6.0,1.0,Kochi,,1994.0,77.4,3.0,Unfurnished,Ready to Move,3.0,19.9
H10865,3967.0,2.0,2.0,Hyderabad,Independent House,1996.0,317.34,2.0,Semi-Furnished,Under Construction,1.0,11.4
H12866,776.0,4.0,2.0,Chennai,Townhouse,2017.0,41.7,2.0,Unfurnished,Ready to Move,3.0,1.2
H13556,1898.0,3.0,2.0,Mumbai,Independent House,2000.0,90.62,1.0,Furnished,Under Construction,1.0,3.5
H10555,2702.0,4.0,2.0,Bangalore,Apartment,2016.0,267.69,1.0,,Ready to Move,4.0,19.9
H11160,2378.0,2.0,1.0,Mumbai,Villa,2016.0,248.37,1.0,Furnished,Ready to Move,4.0,6.1
H11214,1524.0,4.0,3.0,Pune,Townhouse,1998.0,402.53,0.0,Semi-Furnished,Ready to Move,2.0,3.8
H11836,622.0,4.0,2.0,Coimbatore,Villa,2020.0,125.27,1.0,Unfurnished,Ready to Move,2.0,
H12145,,,3.0,Bangalore,Townhouse,2014.0,160.59,2.0,Unfurnished,Under Construction,2.0,23.5
H10049,584.0,3.0,3.0,Pune,Villa,1997.0,366.0,3.0,Furnished,Under Construction,3.0,13.7
H12252,2874.0,2.0,5.0,Pune,Townhouse,,288.88,0.0,Unfurnished,Under Construction,3.0,7.2
H12030,2309.0,2.0,2.0,Pune,Independent House,2020.0,218.15,3.0,Semi-Furnished,Under Construction,2.0,9.2
H10653,4673.0,2.0,5.0,Pune,Townhouse,2018.0,165.9,1.0,Unfurnished,,2.0,17.3
H13434,4577.0,1.0,3.0,Bangalore,Townhouse,2013.0,308.82,1.0,Semi-Furnished,Under Construction,4.0,28.9
H10749,3508.0,1.0,4.0,Chennai,Villa,2005.0,277.88,3.0,Unfurnished,Ready to Move,4.0,5.5
H11456,902.0,5.0,4.0,Kochi,Apartment,1999.0,343.45,2.0,,Under Construction,4.0,10.5
H14554,4546.0,6.0,4.0,Mumbai,Townhouse,2025.0,226.77,,Furnished,Ready to Move,2.0,32.6
H13270,2026.0,4.0,5.0,Mumbai,Independent House,,294.13,3.0,Furnished,Ready to Move,4.0,8.6
H14569,2049.0,2.0,2.0,Hyderabad,Apartment,1990.0,409.08,2.0,Unfurnished,Under Construction,2.0,29.0
H10867,1755.0,1.0,1.0,,Apartment,2020.0,114.22,2.0,Furnished,Under Construction,4.0,8.2
H10753,1668.0,2.0,1.0,Bangalore,Villa,2011.0,363.04,1.0,Furnished,Under Construction,4.0,
H11645,1727.0,5.0,3.0,Chennai,Independent House,2019.0,412.91,3.0,Semi-Furnished,Under Construction,1.0,17.8
H10093,3240.0,1.0,3.0,Hyderabad,Townhouse,2014.0,58.13,1.0,Unfurnished,Under Construction,2.0,34.3
H12684,2596.0,2.0,3.0,Pune,Villa,1993.0,408.21,,Semi-Furnished,Under Construction,2.0,11.7
H12943,4259.0,5.0,1.0,Hyderabad,Villa,1998.0,372.81,2.0,Semi-Furnished,Under Construction,2.0,17.2
H12315,2793.0,6.0,5.0,Hyderabad,Apartment,1997.0,414.56,1.0,Furnished,Ready to Move,1.0,22.2
H12498,4192.0,3.0,3.0,Bangalore,Independent House,2021.0,435.83,3.0,Unfurnished,Under Construction,1.0,32.7
H11491,551.0,3.0,3.0,Chennai,Townhouse,2005.0,219.07,0.0,Furnished,Under Construction,3.0,24.2
H12750,3391.0,5.0,5.0,Bangalore,Townhouse,2017.0,,1.0,Furnished,Ready to Move,2.0,13.5
H14796,3990.0,1.0,4.0,Pune,Apartment,2003.0,128.92,3.0,Furnished,Ready to Move,1.0,18.8
H10730,2467.0,1.0,3.0,Hyderabad,Apartment,1996.0,323.38,1.0,Semi-Furnished,Ready to Move,4.0,7.1
H12585,3684.0,4.0,5.0,Coimbatore,Apartment,1991.0,274.92,0.0,Furnished,Ready to Move,3.0,28.7
H13690,4538.0,2.0,4.0,Kochi,Apartment,2011.0,57.73,1.0,Semi-Furnished,Ready to Move,2.0,32.0
H14345,690.0,5.0,5.0,Pune,Townhouse,2007.0,189.72,1.0,Unfurnished,Under Construction,1.0,16.3
H11746,622.0,5.0,5.0,Pune,Townhouse,2011.0,222.61,3.0,Furnished,Under Construction,2.0,9.7
H12367,991.0,6.0,2.0,Coimbatore,Villa,2013.0,311.55,2.0,Furnished,Ready to Move,4.0,2.9
H13319,677.0,2.0,2.0,Chennai,Villa,2001.0,423.83,0.0,Semi-Furnished,Under Construction,3.0,18.7
H13313,1001.0,4.0,2.0,Pune,Villa,2012.0,389.72,3.0,Semi-Furnished,Under Construction,2.0,31.4
H11111,3533.0,6.0,4.0,Bangalore,Townhouse,1998.0,97.16,0.0,Furnished,Under Construction,3.0,17.4
H13170,4857.0,5.0,3.0,Kochi,Apartment,2004.0,429.43,2.0,Semi-Furnished,Ready to Move,2.0,22.4
H14341,2880.0,3.0,4.0,Mumbai,Independent House,2003.0,302.83,1.0,Unfurnished,Under Construction,2.0,26.2
H13993,2306.0,4.0,3.0,Coimbatore,Apartment,2009.0,207.56,2.0,Unfurnished,Ready to Move,2.0,9.4
H10347,1793.0,5.0,4.0,Pune,Villa,2017.0,178.45,3.0,Furnished,Ready to Move,3.0,19.3
H11186,2146.0,2.0,2.0,Hyderabad,Townhouse,2025.0,,,Semi-Furnished,Under Construction,2.0,9.9
H13800,756.0,4.0,1.0,Coimbatore,Apartment,2024.0,117.43,3.0,Unfurnished,Under Construction,2.0,29.7
H11516,4016.0,5.0,5.0,Kochi,Independent House,2016.0,264.37,0.0,Unfurnished,Ready to Move,1.0,26.5
H14534,2888.0,1.0,1.0,Mumbai,Independent House,2015.0,283.01,0.0,Semi-Furnished,Ready to Move,4.0,22.9
H10579,2534.0,2.0,1.0,Hyderabad,Villa,2021.0,36.15,3.0,Furnished,Under Construction,4.0,3.7
H10076,614.0,5.0,3.0,Kochi,Townhouse,2019.0,281.49,2.0,Unfurnished,Under Construction,1.0,1.3
H11430,1064.0,6.0,5.0,Pune,Apartment,2000.0,429.75,0.0,Furnished,Under Construction,2.0,25.6
H13409,4976.0,1.0,2.0,Bangalore,Apartment,2001.0,370.99,2.0,Semi-Furnished,Under Construction,3.0,34.3
H14300,1390.0,4.0,3.0,Bangalore,Villa,2001.0,299.01,2.0,Furnished,Under Construction,4.0,24.6
H12618,2007.0,1.0,1.0,Chennai,Apartment,2009.0,46.29,2.0,Semi-Furnished,Ready to Move,2.0,11.2
H14804,969.0,2.0,4.0,Coimbatore,Independent House,2012.0,440.41,0.0,Furnished,Under Construction,2.0,27.9
H14049,822.0,3.0,3.0,Kochi,Apartment,2019.0,155.45,1.0,Unfurnished,Under Construction,4.0,12.4
H10179,2284.0,5.0,3.0,Coimbatore,Apartment,2013.0,101.87,3.0,Furnished,Ready to Move,4.0,31.1
H14620,4187.0,5.0,5.0,Coimbatore,Villa,1993.0,46.67,1.0,Semi-Furnished,Ready to Move,1.0,7.0
H14336,980.0,2.0,2.0,Mumbai,Apartment,1998.0,325.56,3.0,Unfurnished,Under Construction,2.0,33.4
H12400,1999.0,2.0,5.0,Coimbatore,Apartment,2025.0,400.86,3.0,Furnished,Ready to Move,2.0,32.9
H14093,2527.0,5.0,2.0,Kochi,Townhouse,1995.0,314.1,0.0,Semi-Furnished,Under Construction,3.0,15.6
H12415,3997.0,1.0,4.0,Coimbatore,Townhouse,2004.0,419.63,2.0,Furnished,Ready to Move,1.0,18.3
H13979,3296.0,1.0,3.0,Chennai,Apartment,2008.0,195.37,3.0,Furnished,Under Construction,3.0,30.9
H10605,3382.0,3.0,5.0,Chennai,Townhouse,1999.0,260.54,2.0,Furnished,Ready to Move,3.0,5.1
H12043,4632.0,4.0,3.0,Kochi,Independent House,2013.0,117.15,0.0,Semi-Furnished,Under Construction,1.0,16.3
H10026,3284.0,3.0,4.0,Bangalore,Independent House,2006.0,412.42,3.0,Furnished,Ready to Move,4.0,11.9
H10659,3347.0,3.0,5.0,Hyderabad,Villa,1993.0,411.6,2.0,Semi-Furnished,Ready to Move,2.0,17.1
H14712,1393.0,4.0,4.0,Mumbai,Villa,2005.0,320.59,0.0,Semi-Furnished,Ready to Move,1.0,9.8
H12078,,3.0,5.0,Bangalore,Apartment,1993.0,119.25,3.0,Semi-Furnished,Ready to Move,4.0,29.9
H10174,1919.0,5.0,5.0,Chennai,Independent House,1998.0,29.79,1.0,Unfurnished,Under Construction,1.0,11.8
H11612,4664.0,5.0,4.0,Kochi,Independent House,1993.0,396.43,2.0,Furnished,Under Construction,1.0,13.5
H10438,3488.0,4.0,4.0,Kochi,,1999.0,401.01,3.0,Unfurnished,Ready to Move,3.0,14.8
H10332,3399.0,5.0,5.0,Hyderabad,Townhouse,2024.0,250.74,3.0,Unfurnished,Under Construction,3.0,33.7
H13478,826.0,3.0,3.0,,Independent House,1995.0,195.92,1.0,Semi-Furnished,Ready to Move,3.0,24.2
H11455,4680.0,2.0,3.0,Mumbai,Apartment,2018.0,195.97,3.0,Semi-Furnished,,3.0,16.1
H10343,4056.0,2.0,1.0,Coimbatore,Villa,2017.0,163.23,,Unfurnished,Ready to Move,1.0,31.3
H13039,1846.0,6.0,1.0,,Villa,1991.0,259.67,1.0,Unfurnished,Ready to Move,2.0,12.2
H12423,4558.0,6.0,4.0,,Villa,1997.0,373.52,0.0,Unfurnished,Under Construction,1.0,33.3
H11089,3707.0,5.0,1.0,Pune,Villa,1997.0,268.28,3.0,Unfurnished,Ready to Move,4.0,20.1
H10480,4152.0,6.0,3.0,Pune,Townhouse,1990.0,256.12,2.0,Semi-Furnished,,3.0,25.1
H10728,2123.0,,4.0,Hyderabad,Apartment,2023.0,38.45,1.0,Semi-Furnished,Under Construction,,2.6
H13586,4314.0,2.0,4.0,Kochi,Townhouse,1993.0,264.53,0.0,Furnished,Under Construction,3.0,21.4
H10977,1937.0,4.0,3.0,Chennai,Townhouse,1999.0,86.09,2.0,Furnished,Under Construction,1.0,33.1
H11832,4623.0,2.0,2.0,Pune,Independent House,2017.0,73.14,2.0,Furnished,Under Construction,4.0,7.8
H14096,820.0,4.0,2.0,Bangalore,Townhouse,2025.0,330.57,0.0,Semi-Furnished,Under Construction,3.0,6.3
H11469,1823.0,1.0,1.0,Pune,Townhouse,1990.0,322.7,2.0,Furnished,Under Construction,4.0,12.4
H11225,1874.0,2.0,5.0,Kochi,Apartment,2003.0,79.13,1.0,Semi-Furnished,Ready to Move,1.0,24.1
H14630,1296.0,1.0,1.0,Coimbatore,Villa,2021.0,281.7,1.0,Unfurnished,Under Construction,4.0,8.5
H14690,2028.0,4.0,4.0,Bangalore,Townhouse,2007.0,182.36,0.0,Unfurnished,Ready to Move,1.0,26.0
H11300,4103.0,6.0,3.0,Mumbai,Townhouse,2006.0,400.67,0.0,Semi-Furnished,Ready to Move,2.0,18.3
H12837,2738.0,,1.0,Kochi,Independent House,2004.0,83.05,0.0,Semi-Furnished,Under Construction,1.0,11.5
H14516,4179.0,2.0,2.0,Bangalore,Townhouse,2020.0,298.34,3.0,Semi-Furnished,Under Construction,2.0,2.9
H10661,3895.0,6.0,4.0,,Apartment,2007.0,,3.0,Semi-Furnished,Ready to Move,3.0,24.4
H14705,2097.0,3.0,5.0,Coimbatore,Villa,2018.0,295.59,3.0,Furnished,Under Construction,3.0,10.2
H12278,1034.0,2.0,5.0,Hyderabad,Apartment,2016.0,177.34,0.0,Furnished,Ready to Move,3.0,7.7
H12647,2902.0,3.0,4.0,Hyderabad,Townhouse,1996.0,436.52,1.0,Furnished,Ready to Move,4.0,30.7
H12824,2434.0,4.0,2.0,Kochi,Townhouse,1995.0,309.14,1.0,Unfurnished,Under Construction,2.0,25.3
H14328,1527.0,4.0,4.0,Chennai,Independent House,2014.0,302.73,3.0,,Under Construction,1.0,33.2
H12084,3184.0,6.0,5.0,Pune,Villa,2006.0,251.1,0.0,Semi-Furnished,Under Construction,1.0,3.0
H13232,1230.0,1.0,,Hyderabad,Villa,2022.0,438.38,3.0,,Under Construction,3.0,8.5
H10268,1119.0,6.0,2.0,Hyderabad,Apartment,1999.0,316.58,0.0,Semi-Furnished,Under Construction,4.0,21.2
H12571,3208.0,4.0,2.0,Hyderabad,Villa,2017.0,106.46,1.0,Furnished,Under Construction,2.0,22.1
H14282,3446.0,2.0,3.0,Hyderabad,Townhouse,2001.0,313.54,1.0,Semi-Furnished,Ready to Move,2.0,33.4
H12198,2269.0,6.0,2.0,Pune,Townhouse,2008.0,126.93,1.0,Unfurnished,Under Construction,4.0,29.0
H13414,,1.0,1.0,Hyderabad,Villa,2008.0,134.21,0.0,Semi-Furnished,Under Construction,2.0,9.7
H13460,3531.0,3.0,4.0,Mumbai,Independent House,2000.0,87.56,0.0,Unfurnished,Ready to Move,3.0,20.3
H14078,3509.0,2.0,3.0,Coimbatore,Villa,2025.0,118.37,2.0,Semi-Furnished,Ready to Move,1.0,6.3
H14226,1701.0,2.0,5.0,Hyderabad,Independent House,2021.0,112.45,3.0,Furnished,Under Construction,4.0,11.3
H11279,1815.0,6.0,4.0,Bangalore,Townhouse,2002.0,212.05,0.0,Furnished,Ready to Move,3.0,12.5
H14505,4768.0,5.0,5.0,Coimbatore,Townhouse,2020.0,163.34,3.0,Semi-Furnished,Ready to Move,2.0,3.6
H12916,1289.0,6.0,3.0,Chennai,Townhouse,2019.0,107.55,0.0,Semi-Furnished,Ready to Move,4.0,26.3
H11622,3322.0,6.0,2.0,Pune,Townhouse,2001.0,349.14,1.0,Unfurnished,Under Construction,1.0,7.7
H11895,2594.0,4.0,5.0,Mumbai,Independent House,2017.0,359.64,0.0,Semi-Furnished,Under Construction,3.0,17.8
H14029,4474.0,6.0,1.0,Bangalore,Apartment,1998.0,408.99,0.0,Unfurnished,Ready to Move,2.0,23.3
H13721,,4.0,1.0,Kochi,Townhouse,2024.0,94.06,2.0,Furnished,Under Construction,4.0,19.0
H12860,1674.0,5.0,5.0,Kochi,Villa,2010.0,67.4,1.0,Unfurnished,Ready to Move,4.0,32.2
H14752,4064.0,5.0,5.0,Bangalore,Townhouse,2013.0,139.16,3.0,Unfurnished,Ready to Move,3.0,24.8
H10068,887.0,3.0,2.0,Chennai,Independent House,1994.0,438.18,1.0,Unfurnished,Under Construction,1.0,34.0
H12608,3478.0,6.0,2.0,Kochi,Apartment,1992.0,146.86,0.0,Unfurnished,Under Construction,1.0,2.1
H11993,919.0,6.0,,Pune,Independent House,1992.0,257.77,1.0,Furnished,Under Construction,3.0,11.9
H10222,710.0,3.0,5.0,Bangalore,Villa,1995.0,431.63,0.0,Semi-Furnished,Ready to Move,2.0,9.9
H14081,1948.0,2.0,1.0,Mumbai,Apartment,1992.0,40.71,,Semi-Furnished,Under Construction,4.0,10.2
H12819,1585.0,6.0,1.0,Chennai,Villa,2020.0,78.14,0.0,Furnished,Under Construction,1.0,29.8
H13593,743.0,2.0,3.0,Coimbatore,Townhouse,2022.0,441.1,2.0,Unfurnished,Under Construction,2.0,27.5
H14023,,6.0,5.0,Hyderabad,Independent House,2020.0,403.27,3.0,Semi-Furnished,Ready to Move,2.0,21.4
H11227,2946.0,6.0,5.0,Bangalore,Apartment,2011.0,92.68,1.0,Unfurnished,Under Construction,2.0,29.4
H11938,2829.0,2.0,3.0,Coimbatore,Apartment,2025.0,151.1,1.0,Unfurnished,Under Construction,4.0,18.9
H10089,1354.0,2.0,4.0,Pune,Townhouse,2006.0,322.56,1.0,Semi-Furnished,Ready to Move,2.0,15.2
H12496,2362.0,6.0,4.0,,Villa,2002.0,170.62,0.0,Unfurnished,Ready to Move,3.0,6.3
H12726,1492.0,6.0,4.0,Bangalore,Townhouse,2020.0,106.76,0.0,Furnished,Under Construction,1.0,5.8
H12695,2060.0,4.0,4.0,Pune,Apartment,2011.0,125.11,0.0,Semi-Furnished,Under Construction,1.0,8.1
H10320,1380.0,1.0,3.0,Pune,Villa,2000.0,246.08,3.0,Unfurnished,Under Construction,4.0,15.6
H13587,3539.0,5.0,3.0,Mumbai,Villa,1993.0,99.81,1.0,Furnished,Under Construction,4.0,1.0
H12611,1479.0,4.0,1.0,Coimbatore,Townhouse,2010.0,43.04,2.0,Semi-Furnished,Ready to Move,3.0,26.3
H12464,2557.0,1.0,2.0,Mumbai,Apartment,1996.0,123.63,3.0,Furnished,Under Construction,3.0,9.7
H11967,4112.0,5.0,4.0,Bangalore,Villa,1993.0,343.76,1.0,Furnished,Under Construction,3.0,18.7
H14423,693.0,2.0,3.0,Pune,Independent House,1990.0,79.66,2.0,Unfurnished,Ready to Move,3.0,4.2
H14327,3491.0,1.0,5.0,Chennai,Villa,2016.0,186.97,2.0,Semi-Furnished,Under Construction,3.0,16.9
H14145,2266.0,2.0,1.0,Pune,Independent House,2001.0,294.17,2.0,Semi-Furnished,Ready to Move,3.0,35.0
H13180,3964.0,6.0,2.0,,Apartment,2020.0,177.49,0.0,Unfurnished,Under Construction,1.0,8.6
H11144,4985.0,3.0,2.0,Mumbai,Independent House,2009.0,83.56,3.0,,Ready to Move,1.0,23.8
H10398,4524.0,1.0,5.0,Pune,Townhouse,2024.0,32.74,1.0,Furnished,Ready to Move,2.0,10.7
H14010,1838.0,3.0,,Kochi,Villa,1997.0,174.39,2.0,Unfurnished,Ready to Move,2.0,10.9
H13854,2492.0,5.0,,Bangalore,Villa,1991.0,72.79,1.0,Furnished,Under Construction,1.0,
H12760,3508.0,4.0,2.0,Kochi,Villa,2005.0,348.01,2.0,Unfurnished,Ready to Move,1.0,22.6
H14326,4342.0,6.0,1.0,Pune,Independent House,2018.0,180.27,0.0,Unfurnished,Ready to Move,3.0,13.0
H12990,2142.0,6.0,2.0,Hyderabad,Independent House,2008.0,319.56,0.0,Semi-Furnished,Under Construction,1.0,27.7
H11399,4788.0,5.0,4.0,Bangalore,Independent House,2010.0,435.36,0.0,Unfurnished,Under Construction,1.0,30.5
H11660,1564.0,4.0,3.0,Mumbai,Townhouse,1996.0,150.94,0.0,Unfurnished,Ready to Move,3.0,19.9
H13411,4983.0,3.0,4.0,Coimbatore,Apartment,2001.0,194.62,3.0,Semi-Furnished,Ready to Move,3.0,14.8
H11097,2071.0,6.0,2.0,Chennai,Townhouse,,,3.0,Furnished,Ready to Move,3.0,25.6
H13830,1807.0,4.0,5.0,Kochi,Townhouse,2024.0,75.61,1.0,Furnished,Under Construction,4.0,2.2
H11742,3151.0,3.0,1.0,Coimbatore,Apartment,1999.0,215.84,1.0,Semi-Furnished,Ready to Move,3.0,19.1
H11351,2803.0,3.0,4.0,Chennai,Villa,2022.0,243.99,3.0,Unfurnished,Ready to Move,2.0,16.8
H12743,4285.0,4.0,5.0,Kochi,Apartment,2019.0,244.29,1.0,Semi-Furnished,Under Construction,3.0,32.4
H10980,2656.0,2.0,4.0,Chennai,Townhouse,2008.0,403.62,2.0,Unfurnished,Ready to Move,,6.4
H10284,1087.0,6.0,5.0,Kochi,Independent House,1994.0,423.5,2.0,Furnished,Ready to Move,3.0,14.8
H11737,3901.0,5.0,2.0,Kochi,Apartment,1995.0,255.0,3.0,Unfurnished,Ready to Move,3.0,20.7
H11299,4159.0,6.0,4.0,Bangalore,Apartment,2024.0,65.02,1.0,Unfurnished,Ready to Move,1.0,23.0
H14021,1432.0,5.0,4.0,Hyderabad,Townhouse,2005.0,253.36,1.0,Unfurnished,Ready to Move,1.0,34.1
H10899,3982.0,2.0,4.0,Pune,Villa,1999.0,359.14,0.0,Unfurnished,Under Construction,2.0,
H13793,4738.0,4.0,4.0,Hyderabad,Apartment,2000.0,245.83,0.0,Semi-Furnished,Ready to Move,2.0,5.6
H13897,1079.0,5.0,5.0,Kochi,Independent House,2003.0,313.77,3.0,Semi-Furnished,Under Construction,1.0,20.8
H10083,2828.0,1.0,2.0,Kochi,Independent House,2013.0,419.6,3.0,Unfurnished,Ready to Move,1.0,14.1
H13151,3625.0,3.0,2.0,Chennai,Villa,1995.0,420.66,2.0,Semi-Furnished,Under Construction,,7.0
H13545,4738.0,1.0,3.0,Chennai,Townhouse,,291.57,0.0,Unfurnished,Under Construction,2.0,29.5
H10614,4592.0,2.0,3.0,Pune,Independent House,2013.0,305.85,2.0,Furnished,Under Construction,4.0,21.0
H13614,552.0,4.0,2.0,Hyderabad,Villa,1997.0,385.68,2.0,Furnished,Ready to Move,3.0,22.2
H12175,2411.0,6.0,1.0,Mumbai,Apartment,1996.0,436.06,0.0,Furnished,Ready to Move,1.0,33.5
H12427,3029.0,3.0,2.0,Pune,Villa,1998.0,116.66,1.0,Unfurnished,Ready to Move,4.0,4.8
H10424,1145.0,1.0,4.0,,Townhouse,1999.0,333.49,0.0,Unfurnished,Under Construction,4.0,27.1
H14213,3016.0,5.0,2.0,Mumbai,Townhouse,2012.0,164.87,1.0,Semi-Furnished,Ready to Move,2.0,14.6
H11905,3634.0,6.0,5.0,Kochi,Apartment,2012.0,278.61,3.0,Furnished,Ready to Move,2.0,15.3
H14406,,6.0,2.0,Mumbai,Independent House,2015.0,205.67,3.0,Unfurnished,Ready to Move,3.0,
H13182,855.0,5.0,1.0,Kochi,Independent House,1996.0,270.69,2.0,Furnished,Ready to Move,3.0,27.6
H11870,,3.0,1.0,Kochi,Apartment,2018.0,75.64,1.0,,Under Construction,2.0,24.3
H11566,4418.0,4.0,2.0,Mumbai,Independent House,2011.0,176.38,1.0,Furnished,Ready to Move,,15.5
H13185,1685.0,5.0,4.0,Hyderabad,Townhouse,2012.0,408.02,2.0,Semi-Furnished,Ready to Move,1.0,4.8
H14073,3044.0,6.0,2.0,Mumbai,Apartment,2000.0,287.23,3.0,Unfurnished,Ready to Move,4.0,8.2
H13630,2442.0,1.0,1.0,Chennai,Apartment,2004.0,369.36,2.0,Furnished,Under Construction,1.0,25.0
H10840,2993.0,,1.0,Coimbatore,Apartment,2023.0,170.54,3.0,Semi-Furnished,Ready to Move,4.0,5.4
H10501,2655.0,6.0,2.0,Bangalore,Townhouse,2000.0,391.91,0.0,,Ready to Move,3.0,25.8
H10612,4688.0,3.0,2.0,Chennai,Independent House,2022.0,324.77,0.0,Furnished,Under Construction,2.0,31.9
H10142,2186.0,6.0,2.0,Bangalore,Villa,2018.0,198.52,1.0,Furnished,Under Construction,4.0,20.5
H10550,773.0,2.0,4.0,Hyderabad,Apartment,2005.0,31.69,3.0,Unfurnished,Under Construction,2.0,19.7
H10558,954.0,2.0,2.0,Bangalore,Villa,1998.0,377.18,2.0,Unfurnished,Under Construction,1.0,9.1
H10888,1504.0,1.0,5.0,Mumbai,Apartment,2008.0,413.26,2.0,Furnished,Ready to Move,4.0,31.2
H11378,763.0,4.0,3.0,Kochi,Independent House,2016.0,99.54,3.0,Furnished,Under Construction,4.0,14.8
H11627,1466.0,2.0,1.0,Bangalore,Apartment,1997.0,405.56,,Furnished,Ready to Move,4.0,3.0
H14488,3443.0,1.0,1.0,Coimbatore,Townhouse,2021.0,214.82,2.0,Semi-Furnished,Under Construction,2.0,24.9
H13139,3521.0,5.0,5.0,Bangalore,Apartment,1994.0,263.17,,Unfurnished,Ready to Move,,33.6
H10219,4341.0,4.0,1.0,Pune,Villa,2008.0,192.88,2.0,Semi-Furnished,Ready to Move,2.0,10.9
H12882,2322.0,5.0,3.0,Hyderabad,Villa,2006.0,401.48,2.0,,Under Construction,3.0,12.3
H12023,1806.0,4.0,4.0,Coimbatore,Villa,2011.0,33.08,3.0,Furnished,Ready to Move,3.0,1.7
H11761,3611.0,6.0,4.0,Mumbai,Apartment,2018.0,339.25,3.0,Semi-Furnished,Ready to Move,1.0,22.8
H11139,1812.0,1.0,3.0,Pune,Independent House,2021.0,143.4,1.0,Semi-Furnished,Under Construction,2.0,2.4
H10210,,2.0,1.0,Chennai,Apartment,2004.0,113.2,3.0,Unfurnished,Ready to Move,1.0,33.4
H13015,1042.0,3.0,2.0,Pune,Independent House,1991.0,192.89,3.0,Semi-Furnished,Under Construction,1.0,12.4
H13543,2470.0,5.0,3.0,Mumbai,Townhouse,2001.0,142.92,0.0,Unfurnished,Under Construction,2.0,4.0
H11788,2481.0,6.0,4.0,Hyderabad,Apartment,2022.0,301.95,3.0,Unfurnished,Under Construction,4.0,8.2
H13698,2364.0,3.0,5.0,,Townhouse,2005.0,,1.0,Furnished,Ready to Move,1.0,24.2
H12441,1526.0,3.0,1.0,Chennai,Apartment,,180.96,1.0,Furnished,Under Construction,2.0,3.0
H10551,4708.0,3.0,1.0,Hyderabad,Apartment,2005.0,227.73,1.0,Furnished,Under Construction,3.0,14.3
H11425,4011.0,6.0,5.0,Chennai,Villa,2017.0,342.72,1.0,Unfurnished,Ready to Move,3.0,
H12941,3353.0,6.0,4.0,Hyderabad,Villa,2025.0,57.86,,Semi-Furnished,Ready to Move,1.0,31.9
H12838,1656.0,1.0,4.0,Bangalore,Villa,2016.0,248.49,0.0,Unfurnished,Under Construction,4.0,6.1
H13417,2123.0,3.0,4.0,Chennai,Apartment,1994.0,423.99,3.0,Semi-Furnished,Ready to Move,2.0,4.3
H10949,1861.0,2.0,4.0,Mumbai,Townhouse,2006.0,211.19,0.0,Semi-Furnished,Under Construction,3.0,27.9
H11653,1493.0,3.0,4.0,Hyderabad,Independent House,1990.0,270.72,0.0,Unfurnished,Ready to Move,3.0,24.5
H13022,4113.0,6.0,1.0,,Townhouse,2022.0,110.0,2.0,Unfurnished,Ready to Move,3.0,33.2
H13906,4352.0,4.0,5.0,Bangalore,Apartment,2008.0,402.13,3.0,Unfurnished,Under Construction,1.0,31.9
H10533,4325.0,5.0,4.0,Hyderabad,Townhouse,1992.0,393.6,0.0,Unfurnished,Under Construction,4.0,34.2
H14335,2431.0,5.0,5.0,Pune,Villa,2015.0,320.69,0.0,Semi-Furnished,Ready to Move,3.0,25.8
H13082,4293.0,4.0,1.0,Mumbai,Independent House,1996.0,273.73,2.0,Furnished,Under Construction,3.0,4.0
H11830,3779.0,5.0,1.0,Mumbai,Villa,2017.0,28.82,,Semi-Furnished,Under Construction,2.0,30.6
H13484,1116.0,6.0,3.0,,Villa,2000.0,299.72,2.0,Semi-Furnished,Under Construction,4.0,1.1
H14288,3912.0,5.0,4.0,Coimbatore,Townhouse,2020.0,67.7,0.0,Unfurnished,,4.0,9.4
H13669,2983.0,3.0,2.0,Bangalore,Independent House,2008.0,246.47,2.0,Unfurnished,Under Construction,2.0,34.9
H13003,3333.0,,4.0,Coimbatore,Townhouse,2022.0,62.79,0.0,Semi-Furnished,Under Construction,3.0,11.0
H11603,3182.0,6.0,5.0,Chennai,Villa,2022.0,356.83,2.0,Furnished,Under Construction,4.0,24.6
H13297,2474.0,6.0,1.0,Mumbai,Apartment,2019.0,42.1,1.0,Furnished,Under Construction,2.0,12.8
H10640,2836.0,4.0,3.0,Hyderabad,Townhouse,2000.0,222.85,0.0,Semi-Furnished,Under Construction,4.0,30.2
H14692,2980.0,2.0,4.0,Pune,Independent House,,372.03,,Unfurnished,Ready to Move,3.0,27.0
H11783,3043.0,6.0,1.0,Hyderabad,Independent House,2016.0,37.81,,Unfurnished,Under Construction,3.0,28.6
H10968,2470.0,6.0,5.0,Chennai,Villa,1995.0,246.76,0.0,Unfurnished,Under Construction,4.0,3.7
H10001,1410.0,1.0,2.0,Kochi,Villa,2025.0,284.94,3.0,Furnished,Under Construction,1.0,30.9
H13758,2146.0,2.0,4.0,Mumbai,Villa,2023.0,208.24,2.0,Furnished,Ready to Move,4.0,4.8
H13952,898.0,1.0,3.0,Chennai,Villa,,57.24,2.0,Unfurnished,Ready to Move,1.0,26.2
H14761,2945.0,6.0,2.0,Bangalore,Apartment,2018.0,142.67,1.0,Unfurnished,Under Construction,,30.2
H13789,2228.0,6.0,,Kochi,Townhouse,2019.0,70.18,0.0,Semi-Furnished,Under Construction,1.0,32.9
H14340,1906.0,1.0,4.0,Kochi,Apartment,2013.0,206.35,2.0,Unfurnished,Under Construction,4.0,14.1
H12227,2886.0,1.0,3.0,Hyderabad,Townhouse,2017.0,231.47,2.0,Unfurnished,Under Construction,3.0,18.2
H14161,3054.0,1.0,2.0,Chennai,Apartment,1990.0,236.41,3.0,Unfurnished,Under Construction,2.0,2.1
H10248,3115.0,3.0,1.0,Pune,Apartment,2017.0,123.66,0.0,Semi-Furnished,Under Construction,4.0,4.2
H13410,2101.0,6.0,1.0,Hyderabad,Townhouse,,239.67,2.0,Semi-Furnished,Under Construction,4.0,31.1
H12697,1526.0,4.0,4.0,Chennai,Independent House,2000.0,316.89,2.0,Unfurnished,Under Construction,1.0,3.8
H11090,4895.0,1.0,5.0,Pune,Villa,2025.0,231.83,0.0,Unfurnished,Ready to Move,4.0,1.4
H13831,1014.0,5.0,3.0,Pune,Apartment,2003.0,39.64,2.0,Furnished,Ready to Move,4.0,
H13455,4194.0,1.0,3.0,Chennai,Villa,2002.0,417.24,1.0,Furnished,Ready to Move,3.0,12.7
H14652,4343.0,3.0,4.0,Bangalore,Townhouse,1990.0,46.3,3.0,Unfurnished,Under Construction,3.0,4.3
H14117,799.0,3.0,4.0,Chennai,Townhouse,2018.0,248.59,1.0,Unfurnished,Ready to Move,4.0,32.9
H10289,4681.0,6.0,4.0,,Villa,2019.0,197.79,2.0,Furnished,Under Construction,4.0,8.1
H10931,,4.0,3.0,Kochi,Townhouse,2025.0,184.26,3.0,Semi-Furnished,Ready to Move,2.0,31.9
H12381,4224.0,5.0,2.0,Mumbai,Villa,2005.0,102.38,2.0,Unfurnished,Under Construction,1.0,17.8
H12747,3784.0,2.0,4.0,Hyderabad,Apartment,2015.0,427.25,1.0,Furnished,Under Construction,2.0,20.8
H13520,2223.0,1.0,4.0,Coimbatore,Independent House,2006.0,261.59,2.0,Semi-Furnished,Ready to Move,4.0,17.9
H12779,737.0,6.0,3.0,Pune,Villa,2016.0,369.84,0.0,Furnished,Under Construction,3.0,5.5
H12909,936.0,3.0,1.0,Chennai,Townhouse,2006.0,445.01,1.0,Unfurnished,Ready to Move,3.0,4.9
H12390,2454.0,2.0,2.0,,Villa,2013.0,129.28,3.0,Unfurnished,Ready to Move,2.0,15.9
H10273,3451.0,6.0,3.0,Bangalore,Villa,2025.0,293.83,1.0,Semi-Furnished,Ready to Move,3.0,23.2
H14841,4820.0,5.0,3.0,Bangalore,Independent House,2016.0,115.39,0.0,Semi-Furnished,Ready to Move,3.0,15.1
H14240,2130.0,3.0,4.0,Kochi,Independent House,2000.0,219.61,0.0,Semi-Furnished,Ready to Move,4.0,31.5
H13339,3150.0,1.0,4.0,Kochi,Townhouse,2020.0,439.91,1.0,Furnished,Under Construction,4.0,1.6
H10279,4607.0,4.0,1.0,Hyderabad,Townhouse,2021.0,449.18,0.0,Furnished,Under Construction,4.0,25.9
H10953,714.0,4.0,2.0,Bangalore,Townhouse,2016.0,203.09,1.0,Unfurnished,Under Construction,4.0,5.0
H13200,3823.0,1.0,4.0,Kochi,Townhouse,2010.0,93.24,,Furnished,Ready to Move,2.0,26.9
H12253,1727.0,6.0,3.0,Bangalore,Independent House,,199.31,2.0,Unfurnished,Ready to Move,3.0,25.4
H14523,1165.0,4.0,2.0,Chennai,Townhouse,1999.0,357.15,0.0,Semi-Furnished,Under Construction,1.0,19.7
H12016,1235.0,2.0,4.0,Coimbatore,Independent House,1997.0,270.27,2.0,Furnished,Under Construction,2.0,6.4
H13250,2047.0,1.0,1.0,,Apartment,2018.0,64.37,2.0,Unfurnished,,3.0,29.6
H13658,2043.0,2.0,4.0,,Independent House,2021.0,315.52,1.0,Furnished,Under Construction,1.0,32.9
H12479,2690.0,5.0,4.0,Bangalore,Independent House,2012.0,436.2,1.0,Semi-Furnished,Under Construction,1.0,9.3
H14527,1818.0,5.0,3.0,Pune,Townhouse,2022.0,216.01,1.0,,Under Construction,1.0,26.2
H11699,4526.0,6.0,3.0,Kochi,Townhouse,2004.0,29.7,2.0,Unfurnished,Ready to Move,2.0,22.1
H14573,4475.0,3.0,3.0,Coimbatore,Independent House,1995.0,136.87,2.0,Semi-Furnished,Under Construction,3.0,
H12805,2106.0,4.0,3.0,Hyderabad,Villa,1996.0,213.17,2.0,Unfurnished,Ready to Move,1.0,16.6
H12469,1660.0,1.0,5.0,Mumbai,Apartment,2013.0,448.36,0.0,Semi-Furnished,Ready to Move,2.0,
H12672,1787.0,2.0,1.0,Mumbai,Townhouse,2004.0,241.19,0.0,Furnished,Under Construction,3.0,32.7
H13967,3529.0,4.0,2.0,Chennai,Villa,2020.0,261.76,1.0,Semi-Furnished,Ready to Move,2.0,14.1
H10156,3805.0,5.0,1.0,Chennai,Townhouse,1994.0,131.49,0.0,Furnished,Under Construction,4.0,8.8
H13909,4465.0,5.0,2.0,Chennai,Villa,2010.0,264.28,0.0,Unfurnished,Ready to Move,1.0,3.4
H10986,3123.0,5.0,1.0,Bangalore,Apartment,2008.0,,,Furnished,Ready to Move,1.0,2.7
H12744,1245.0,5.0,1.0,Mumbai,Villa,2021.0,240.37,3.0,Unfurnished,Ready to Move,4.0,34.4
H13656,1039.0,6.0,3.0,Pune,Townhouse,1993.0,421.09,2.0,Unfurnished,Under Construction,4.0,2.8
H12115,3809.0,2.0,3.0,Coimbatore,Independent House,2003.0,100.66,3.0,Semi-Furnished,Under Construction,1.0,2.3
H14638,4993.0,2.0,1.0,Chennai,Independent House,,285.29,1.0,Semi-Furnished,Under Construction,4.0,8.2
H10982,3318.0,6.0,5.0,Bangalore,Independent House,2003.0,365.64,0.0,Semi-Furnished,Under Construction,1.0,24.5
H12374,4488.0,1.0,3.0,Mumbai,Townhouse,2022.0,439.21,3.0,Semi-Furnished,Ready to Move,2.0,16.3
H11752,4263.0,2.0,1.0,Coimbatore,Townhouse,1997.0,92.76,0.0,Semi-Furnished,Under Construction,4.0,6.3
H14057,4938.0,6.0,2.0,Coimbatore,Villa,1990.0,400.77,0.0,Semi-Furnished,Under Construction,3.0,5.7
H12527,3236.0,3.0,3.0,Hyderabad,Apartment,2013.0,280.7,1.0,Unfurnished,Under Construction,4.0,26.6
H12313,2110.0,2.0,4.0,Bangalore,Villa,2001.0,257.48,0.0,Unfurnished,Ready to Move,3.0,31.2
H13001,2496.0,3.0,5.0,Bangalore,Independent House,1999.0,238.72,3.0,Unfurnished,Ready to Move,2.0,5.9
H10943,877.0,6.0,2.0,Coimbatore,Villa,2024.0,324.87,1.0,Furnished,Under Construction,2.0,11.8
H13623,1635.0,5.0,3.0,Chennai,Independent House,2005.0,277.22,3.0,Unfurnished,Under Construction,4.0,13.0
H13348,4745.0,2.0,2.0,Pune,Villa,1998.0,240.91,2.0,Furnished,Ready to Move,3.0,14.0
H11401,655.0,5.0,4.0,Hyderabad,Apartment,2012.0,300.45,2.0,Unfurnished,Under Construction,1.0,34.5
H13396,918.0,5.0,1.0,Bangalore,Villa,2024.0,189.54,1.0,Unfurnished,Under Construction,4.0,9.9
H11596,2958.0,4.0,4.0,Bangalore,Apartment,1990.0,386.21,1.0,Unfurnished,Ready to Move,4.0,7.9
H10211,3107.0,4.0,4.0,Kochi,Apartment,,113.54,0.0,Semi-Furnished,Ready to Move,2.0,30.8
H14191,4130.0,1.0,4.0,Coimbatore,Villa,2017.0,279.37,2.0,Furnished,Ready to Move,1.0,33.6
H11458,4438.0,2.0,1.0,Bangalore,Apartment,2000.0,305.31,0.0,Semi-Furnished,Under Construction,2.0,28.1
H11510,1802.0,5.0,4.0,Bangalore,Townhouse,2015.0,226.33,2.0,Semi-Furnished,Under Construction,4.0,17.1
H11396,639.0,4.0,4.0,Kochi,Villa,2023.0,434.71,1.0,Unfurnished,Ready to Move,3.0,17.5
H10265,677.0,1.0,4.0,Coimbatore,Independent House,2022.0,306.48,1.0,Unfurnished,Ready to Move,3.0,31.0
H14152,909.0,5.0,3.0,Pune,Apartment,1991.0,426.93,0.0,Unfurnished,Under Construction,3.0,31.4
H11500,2828.0,5.0,1.0,Pune,Apartment,2018.0,60.42,3.0,,Ready to Move,1.0,26.9
H10701,4285.0,2.0,3.0,Mumbai,Villa,2013.0,235.13,3.0,Semi-Furnished,Ready to Move,4.0,14.2
H13135,1941.0,6.0,4.0,Hyderabad,Apartment,1991.0,338.18,0.0,Furnished,Under Construction,3.0,10.1
H10645,4982.0,2.0,2.0,Coimbatore,Villa,2022.0,44.96,,Semi-Furnished,Under Construction,2.0,17.4
H14794,2195.0,4.0,2.0,Bangalore,Independent House,1991.0,407.9,1.0,Furnished,Under Construction,1.0,32.3
H11406,1184.0,6.0,5.0,Hyderabad,Townhouse,1999.0,371.76,3.0,Furnished,Under Construction,2.0,9.0
H12587,909.0,2.0,3.0,Mumbai,Independent House,2004.0,377.85,3.0,Furnished,Under Construction,4.0,23.0
H10930,4700.0,6.0,4.0,Hyderabad,Townhouse,2011.0,356.02,0.0,Unfurnished,Ready to Move,4.0,1.3
H12906,4391.0,3.0,1.0,Coimbatore,Independent House,2016.0,141.97,3.0,Furnished,Under Construction,4.0,10.7
H14605,4912.0,5.0,5.0,Coimbatore,Villa,2010.0,232.06,0.0,Semi-Furnished,Ready to Move,4.0,21.2
H10196,4640.0,2.0,3.0,Chennai,Independent House,2010.0,192.57,1.0,Furnished,Under Construction,2.0,23.1
H12663,2072.0,5.0,4.0,Chennai,Villa,2007.0,162.89,0.0,Furnished,Ready to Move,2.0,33.5
H13498,3227.0,4.0,1.0,Hyderabad,Apartment,2000.0,176.5,3.0,Semi-Furnished,Under Construction,4.0,7.9
H12926,3062.0,6.0,1.0,Coimbatore,Apartment,2021.0,90.66,3.0,Semi-Furnished,Ready to Move,1.0,19.9
H11861,3586.0,3.0,3.0,Pune,Independent House,1994.0,236.38,0.0,Furnished,Ready to Move,4.0,21.9
H11819,1992.0,2.0,3.0,Mumbai,Villa,2000.0,58.56,0.0,Unfurnished,Ready to Move,1.0,4.4
H14723,2856.0,1.0,4.0,Kochi,Townhouse,2012.0,236.55,1.0,Furnished,Under Construction,4.0,18.4
H10247,3994.0,6.0,4.0,Bangalore,Villa,2010.0,345.63,1.0,Semi-Furnished,Under Construction,2.0,26.2
H13408,1734.0,3.0,3.0,Coimbatore,Apartment,2020.0,,,Semi-Furnished,Ready to Move,3.0,35.0
H11759,2135.0,1.0,3.0,Hyderabad,Townhouse,2018.0,385.01,0.0,Unfurnished,Ready to Move,4.0,17.9
H14722,823.0,6.0,5.0,Coimbatore,Villa,1995.0,392.93,0.0,Semi-Furnished,Under Construction,2.0,6.7
H13604,3670.0,1.0,2.0,Bangalore,Townhouse,2020.0,242.17,2.0,Unfurnished,Under Construction,2.0,15.4
H10924,3607.0,2.0,3.0,Pune,Townhouse,2022.0,201.05,2.0,Furnished,Under Construction,1.0,1.2
H12230,2640.0,5.0,2.0,Coimbatore,Independent House,1992.0,132.62,1.0,Furnished,Ready to Move,3.0,10.4
H10269,2445.0,5.0,3.0,Kochi,Apartment,2004.0,34.49,0.0,Unfurnished,Under Construction,4.0,8.3
H10670,4146.0,,1.0,Kochi,Villa,2011.0,122.67,0.0,Furnished,Ready to Move,2.0,20.7
H12603,2561.0,1.0,4.0,Hyderabad,Independent House,1994.0,357.39,1.0,Furnished,Under Construction,2.0,4.8
H11911,713.0,3.0,4.0,Bangalore,Villa,2009.0,349.39,1.0,Semi-Furnished,Under Construction,3.0,22.6
H14308,2567.0,1.0,3.0,Chennai,Independent House,2003.0,365.01,3.0,Semi-Furnished,Ready to Move,1.0,13.3
H11153,4938.0,5.0,1.0,Pune,Villa,2011.0,340.43,3.0,Furnished,Under Construction,1.0,29.9
H14677,1986.0,4.0,2.0,Bangalore,Villa,2019.0,262.75,1.0,Furnished,Ready to Move,1.0,15.5
H14244,1425.0,2.0,3.0,Coimbatore,Villa,2004.0,324.98,2.0,Furnished,Ready to Move,2.0,26.8
H14834,1399.0,4.0,4.0,Kochi,Apartment,,385.31,1.0,Semi-Furnished,Under Construction,4.0,28.4
H13675,3190.0,3.0,2.0,Coimbatore,Townhouse,2023.0,346.52,2.0,Furnished,Under Construction,2.0,33.4
H13806,,6.0,3.0,Kochi,Townhouse,2011.0,49.54,0.0,Semi-Furnished,Under Construction,3.0,14.4
H14720,4506.0,3.0,1.0,Kochi,Independent House,1994.0,374.56,3.0,Furnished,Under Construction,1.0,15.7
H11916,4828.0,3.0,1.0,Pune,Townhouse,2010.0,69.52,1.0,Unfurnished,Under Construction,4.0,29.0
H10613,4373.0,2.0,3.0,Kochi,Townhouse,2000.0,373.38,1.0,Semi-Furnished,Under Construction,2.0,4.9
H12700,1107.0,5.0,5.0,Bangalore,Townhouse,2021.0,397.14,2.0,Unfurnished,Under Construction,3.0,
H13351,1638.0,6.0,3.0,Chennai,Villa,2017.0,138.3,1.0,Unfurnished,Ready to Move,2.0,
H11899,2314.0,4.0,1.0,Pune,Townhouse,,290.01,1.0,Furnished,Under Construction,4.0,7.9
H11650,3921.0,6.0,4.0,Coimbatore,Independent House,1992.0,65.33,3.0,Unfurnished,Under Construction,,10.2
H12526,4294.0,4.0,1.0,Kochi,Villa,2016.0,239.81,0.0,Furnished,Under Construction,1.0,5.2
H10259,2850.0,5.0,3.0,Coimbatore,Villa,1999.0,408.83,3.0,Furnished,Under Construction,1.0,20.2
H10848,3280.0,5.0,5.0,Coimbatore,Apartment,2012.0,335.8,2.0,Semi-Furnished,Ready to Move,4.0,1.5
H14127,1020.0,6.0,2.0,Chennai,Apartment,2012.0,201.24,1.0,Unfurnished,Ready to Move,4.0,2.6
H11234,1862.0,4.0,3.0,Kochi,Villa,2008.0,232.74,0.0,Unfurnished,Ready to Move,2.0,33.1
H11128,2354.0,4.0,1.0,Mumbai,Apartment,2010.0,74.27,0.0,Semi-Furnished,Ready to Move,4.0,31.5
H11968,3039.0,6.0,3.0,Coimbatore,Apartment,1998.0,359.78,3.0,Semi-Furnished,Under Construction,2.0,16.9
H10559,2550.0,6.0,4.0,Pune,Townhouse,1995.0,393.89,3.0,Semi-Furnished,Ready to Move,2.0,34.3
H13833,1780.0,6.0,5.0,Chennai,Townhouse,1999.0,333.52,1.0,Furnished,Ready to Move,1.0,16.3
H10485,4259.0,3.0,4.0,Mumbai,Independent House,2006.0,134.42,1.0,Semi-Furnished,Under Construction,3.0,25.4
H11321,4576.0,6.0,4.0,Chennai,Independent House,1992.0,29.64,0.0,Unfurnished,Ready to Move,1.0,1.4
H14719,820.0,1.0,5.0,Hyderabad,Townhouse,2018.0,191.69,2.0,Semi-Furnished,Under Construction,2.0,4.6
H10008,3469.0,2.0,4.0,Kochi,Independent House,1995.0,,3.0,Furnished,Ready to Move,3.0,11.2
H13113,2951.0,4.0,3.0,Pune,Apartment,2001.0,296.82,2.0,Unfurnished,Ready to Move,1.0,22.6
H14317,1598.0,5.0,2.0,Mumbai,Apartment,2000.0,203.88,2.0,Furnished,Ready to Move,1.0,20.9
H11451,3470.0,1.0,1.0,Coimbatore,Townhouse,2013.0,353.24,3.0,Furnished,Ready to Move,4.0,14.4
H13775,,3.0,1.0,Coimbatore,Apartment,1990.0,290.79,2.0,Furnished,Ready to Move,4.0,
H11815,2239.0,1.0,,Kochi,Independent House,2015.0,393.87,2.0,Furnished,Under Construction,4.0,18.7
H10774,,3.0,2.0,Coimbatore,Villa,1995.0,222.63,2.0,Unfurnished,Under Construction,2.0,13.9
H11012,4813.0,4.0,4.0,Bangalore,Independent House,2009.0,404.22,2.0,Semi-Furnished,Under Construction,3.0,5.1
H12678,1857.0,4.0,2.0,Chennai,Apartment,2011.0,51.85,1.0,Semi-Furnished,Under Construction,3.0,9.7
H12331,2371.0,5.0,5.0,Chennai,Apartment,1990.0,96.13,1.0,Furnished,Ready to Move,1.0,17.5
H11992,4835.0,2.0,3.0,Chennai,Villa,2022.0,245.25,0.0,Semi-Furnished,Ready to Move,1.0,18.0
H13991,4658.0,1.0,3.0,Pune,Townhouse,2010.0,71.26,2.0,Furnished,Ready to Move,3.0,33.8
H11784,1182.0,1.0,4.0,Chennai,Independent House,2003.0,148.47,2.0,Unfurnished,Under Construction,3.0,23.2
H10447,,2.0,4.0,Kochi,Villa,2008.0,229.96,0.0,Unfurnished,Ready to Move,1.0,27.7
H10881,2175.0,1.0,5.0,Hyderabad,Independent House,1993.0,307.48,3.0,Furnished,Under Construction,1.0,29.4
H10782,1868.0,4.0,1.0,Bangalore,Villa,1991.0,44.12,,Furnished,Ready to Move,4.0,9.9
H11750,1257.0,6.0,4.0,Pune,Villa,2006.0,240.82,3.0,,,2.0,1.0
H14738,2140.0,1.0,2.0,Mumbai,Townhouse,2022.0,447.83,0.0,Furnished,Under Construction,3.0,31.3
H10884,3831.0,5.0,1.0,Pune,Villa,1992.0,284.12,3.0,Furnished,Ready to Move,2.0,8.2
H12260,2655.0,3.0,4.0,Pune,Villa,2016.0,293.17,3.0,Semi-Furnished,Under Construction,4.0,19.3
H11092,4403.0,1.0,1.0,Pune,,1995.0,193.2,0.0,Semi-Furnished,Under Construction,3.0,8.7
H12790,2708.0,3.0,5.0,Kochi,Apartment,,101.32,0.0,Unfurnished,Ready to Move,3.0,17.2
H10532,4686.0,5.0,2.0,Hyderabad,Apartment,2021.0,431.48,2.0,Unfurnished,Ready to Move,4.0,15.0
H13816,3771.0,2.0,4.0,Chennai,Independent House,2020.0,352.69,1.0,,Under Construction,1.0,28.4
H13730,1664.0,4.0,4.0,Mumbai,Townhouse,2007.0,309.68,,Unfurnished,Under Construction,2.0,28.5
H14816,1892.0,6.0,4.0,Hyderabad,Independent House,1994.0,219.37,1.0,Furnished,Under Construction,2.0,26.6
H11728,1650.0,6.0,2.0,Coimbatore,Townhouse,2019.0,217.05,1.0,Unfurnished,Under Construction,3.0,13.2
H10611,4368.0,1.0,5.0,Chennai,Townhouse,1990.0,50.87,1.0,Unfurnished,Under Construction,3.0,23.1
H10571,3969.0,4.0,1.0,Kochi,Villa,1999.0,126.95,3.0,Furnished,Under Construction,3.0,2.4
H14844,3732.0,6.0,5.0,Kochi,Townhouse,2002.0,105.76,1.0,Unfurnished,Ready to Move,3.0,14.4
H12874,3787.0,5.0,5.0,Coimbatore,Independent House,2023.0,172.92,3.0,Semi-Furnished,Ready to Move,1.0,18.5
H10344,3294.0,4.0,1.0,Kochi,Apartment,2002.0,336.44,3.0,Unfurnished,Under Construction,4.0,23.4
H14059,3839.0,5.0,4.0,Pune,Apartment,2008.0,198.93,3.0,Unfurnished,Ready to Move,3.0,26.7
H12987,3723.0,5.0,2.0,Pune,Independent House,1994.0,427.75,3.0,Semi-Furnished,Under Construction,3.0,20.3
H10435,4127.0,4.0,4.0,Kochi,Villa,1996.0,26.06,1.0,Furnished,Ready to Move,4.0,30.7
H11904,1450.0,3.0,3.0,Bangalore,Apartment,1992.0,50.68,2.0,Semi-Furnished,Under Construction,1.0,5.5
H13606,3154.0,2.0,,Pune,Independent House,1995.0,142.33,1.0,Unfurnished,Ready to Move,4.0,17.1
H12270,2976.0,3.0,5.0,Chennai,Townhouse,2022.0,255.89,2.0,Semi-Furnished,Under Construction,4.0,23.1
H12070,4517.0,2.0,3.0,Hyderabad,Apartment,1997.0,192.96,3.0,Furnished,Ready to Move,4.0,17.9
H11538,1940.0,1.0,4.0,Kochi,Villa,2010.0,376.82,3.0,Semi-Furnished,Under Construction,3.0,16.8
H14482,3210.0,4.0,5.0,Pune,Independent House,,132.12,0.0,Semi-Furnished,Ready to Move,3.0,4.6
H12368,1886.0,3.0,2.0,Hyderabad,Townhouse,2020.0,81.7,1.0,Unfurnished,Under Construction,1.0,16.1
H11518,4328.0,4.0,3.0,Hyderabad,Villa,1995.0,164.21,1.0,Furnished,Ready to Move,4.0,31.8
H10966,,1.0,3.0,Bangalore,Townhouse,2020.0,425.6,2.0,Unfurnished,Ready to Move,4.0,13.9
H14276,1579.0,6.0,2.0,Bangalore,Independent House,2001.0,135.28,3.0,Furnished,Under Construction,1.0,32.6
H10529,3295.0,5.0,4.0,Kochi,Independent House,2011.0,441.78,2.0,Furnished,Ready to Move,3.0,5.3
H10177,3769.0,5.0,2.0,Pune,Villa,2020.0,428.33,1.0,Furnished,Under Construction,2.0,9.4
H13304,1437.0,6.0,4.0,Bangalore,Apartment,2008.0,44.06,0.0,Semi-Furnished,Ready to Move,4.0,21.2
H14687,2705.0,1.0,2.0,Hyderabad,Villa,2002.0,50.41,3.0,Furnished,Under Construction,4.0,15.7
H14401,4298.0,3.0,2.0,Pune,Apartment,1998.0,359.13,1.0,Semi-Furnished,Ready to Move,1.0,20.3
H10573,799.0,6.0,3.0,Mumbai,Independent House,2007.0,278.85,1.0,Unfurnished,Ready to Move,1.0,21.4
H14610,4184.0,2.0,3.0,Coimbatore,Apartment,2001.0,323.87,2.0,Unfurnished,Under Construction,2.0,18.6
H13330,4204.0,5.0,2.0,Kochi,Apartment,2010.0,87.28,1.0,Unfurnished,Under Construction,4.0,7.0
H12342,4686.0,2.0,3.0,Chennai,Apartment,2001.0,87.45,1.0,Furnished,Under Construction,4.0,7.0
H13049,2569.0,4.0,2.0,Bangalore,Townhouse,2014.0,262.49,0.0,Semi-Furnished,Under Construction,4.0,12.3
H14758,1474.0,2.0,4.0,Pune,Townhouse,1995.0,118.62,2.0,Furnished,Ready to Move,3.0,34.5
H12440,1608.0,3.0,3.0,Kochi,Townhouse,2007.0,263.62,1.0,Unfurnished,Under Construction,3.0,34.7
H14050,1579.0,3.0,3.0,Coimbatore,Independent House,2007.0,239.18,0.0,Semi-Furnished,Under Construction,3.0,27.2
H10384,3923.0,3.0,5.0,Bangalore,Independent House,2000.0,69.27,0.0,Semi-Furnished,Ready to Move,1.0,14.5
H10853,3727.0,2.0,5.0,Mumbai,Independent House,1994.0,367.7,1.0,Semi-Furnished,,4.0,4.7
H11881,949.0,2.0,1.0,Kochi,Townhouse,2018.0,385.15,0.0,Unfurnished,Ready to Move,2.0,21.5
H10371,2237.0,6.0,2.0,Chennai,Apartment,2008.0,105.79,2.0,Unfurnished,Ready to Move,4.0,15.3
H13821,,6.0,2.0,Chennai,Townhouse,2014.0,276.66,0.0,Semi-Furnished,Under Construction,1.0,26.0
H14197,3272.0,6.0,5.0,Pune,Villa,2024.0,39.1,3.0,Semi-Furnished,Ready to Move,4.0,15.3
H11106,1164.0,5.0,4.0,Bangalore,Townhouse,1996.0,356.17,3.0,Unfurnished,Ready to Move,3.0,3.4
H12820,4252.0,3.0,2.0,Coimbatore,Villa,2023.0,280.01,2.0,Furnished,Under Construction,2.0,25.4
H13742,3400.0,5.0,5.0,Coimbatore,Apartment,2017.0,48.78,3.0,Furnished,Ready to Move,1.0,4.4
H11337,1534.0,2.0,5.0,Bangalore,Independent House,2025.0,129.18,1.0,Furnished,Ready to Move,1.0,29.4
H14462,2900.0,2.0,4.0,Mumbai,Apartment,2002.0,115.74,0.0,Furnished,Ready to Move,2.0,31.0
H13201,4899.0,3.0,2.0,Mumbai,Apartment,1991.0,105.75,0.0,Furnished,Under Construction,2.0,8.7
H13920,2482.0,6.0,4.0,Mumbai,Townhouse,,385.24,0.0,Semi-Furnished,Ready to Move,4.0,30.1
H14707,704.0,4.0,2.0,Coimbatore,Apartment,1994.0,39.84,,Semi-Furnished,Under Construction,3.0,8.5
H11172,3951.0,1.0,4.0,Kochi,Apartment,1994.0,372.41,0.0,Furnished,Ready to Move,2.0,15.9
H12466,2944.0,2.0,3.0,Mumbai,Independent House,2015.0,71.33,3.0,Unfurnished,Under Construction,1.0,6.3
H12621,992.0,6.0,3.0,Bangalore,Townhouse,2014.0,330.35,3.0,Semi-Furnished,Ready to Move,3.0,17.0
H11423,757.0,2.0,5.0,Hyderabad,Apartment,2000.0,148.32,2.0,Semi-Furnished,Ready to Move,2.0,3.1
H12226,3612.0,2.0,5.0,Bangalore,Apartment,2009.0,416.29,0.0,Furnished,Under Construction,3.0,25.5
H12520,3602.0,6.0,2.0,Chennai,Apartment,,406.06,3.0,Semi-Furnished,Ready to Move,,27.0
H11465,1937.0,2.0,2.0,Bangalore,Townhouse,2010.0,284.58,3.0,Semi-Furnished,Ready to Move,4.0,29.9
H10875,1882.0,2.0,,Kochi,Apartment,2009.0,172.44,1.0,Semi-Furnished,Under Construction,2.0,13.5
H12209,1493.0,4.0,2.0,Pune,Apartment,1995.0,342.09,2.0,Unfurnished,Ready to Move,2.0,10.5
H14214,2488.0,1.0,4.0,Coimbatore,Villa,2018.0,225.51,3.0,Furnished,Under Construction,4.0,26.2
H11252,4291.0,3.0,4.0,Coimbatore,Apartment,2024.0,,3.0,Furnished,Under Construction,4.0,13.1
H12233,,1.0,5.0,Hyderabad,Apartment,1995.0,143.87,3.0,Furnished,Under Construction,2.0,23.2
H10841,2815.0,5.0,5.0,Chennai,Villa,2016.0,363.58,0.0,Unfurnished,Under Construction,3.0,28.6
H12975,2102.0,2.0,5.0,Kochi,Independent House,,251.09,0.0,Semi-Furnished,Under Construction,2.0,
H10582,938.0,2.0,,Bangalore,Independent House,2002.0,60.01,3.0,Furnished,Under Construction,1.0,14.2
H10205,2198.0,6.0,3.0,Coimbatore,Independent House,2024.0,275.94,2.0,Semi-Furnished,Ready to Move,3.0,28.5
H11642,3413.0,3.0,5.0,Kochi,Independent House,2018.0,119.35,,Furnished,Under Construction,1.0,25.0
H12015,3909.0,2.0,5.0,Chennai,Villa,2011.0,185.1,2.0,Furnished,Under Construction,1.0,23.3
H10906,2342.0,4.0,3.0,Hyderabad,Townhouse,1997.0,298.0,3.0,Semi-Furnished,Under Construction,3.0,5.6
H10632,1073.0,2.0,2.0,Mumbai,Townhouse,1990.0,47.9,3.0,Semi-Furnished,Under Construction,3.0,14.0
H13107,4960.0,5.0,1.0,Chennai,Townhouse,2019.0,421.5,2.0,Furnished,Under Construction,3.0,5.2
H11975,3841.0,2.0,3.0,Mumbai,Townhouse,2006.0,382.82,1.0,Furnished,Ready to Move,1.0,17.3
H10163,2480.0,4.0,3.0,Kochi,Independent House,2006.0,65.16,2.0,Furnished,Ready to Move,4.0,31.1
H13013,3117.0,5.0,4.0,Kochi,Townhouse,1996.0,81.06,2.0,Semi-Furnished,Under Construction,3.0,31.4
H13286,4958.0,1.0,2.0,Kochi,Villa,2011.0,104.27,2.0,Semi-Furnished,Under Construction,3.0,15.1
H14517,4022.0,3.0,1.0,Coimbatore,Villa,1990.0,408.65,0.0,Semi-Furnished,Ready to Move,3.0,16.9
H10618,1449.0,5.0,2.0,Hyderabad,Apartment,2005.0,124.32,,Unfurnished,Under Construction,3.0,22.4
H13860,1199.0,5.0,5.0,Kochi,Independent House,2011.0,262.45,1.0,Semi-Furnished,Under Construction,3.0,21.4
H11432,2684.0,3.0,2.0,Coimbatore,Apartment,2025.0,204.22,1.0,Semi-Furnished,Under Construction,2.0,14.4
H10548,3686.0,1.0,2.0,Pune,Townhouse,2011.0,175.97,2.0,Unfurnished,Under Construction,1.0,32.1
H13167,3277.0,4.0,5.0,Bangalore,Apartment,2013.0,433.76,3.0,Semi-Furnished,Under Construction,4.0,23.6
H14713,2332.0,3.0,5.0,Pune,Villa,2005.0,133.08,1.0,Furnished,Under Construction,3.0,29.5
H14101,4785.0,2.0,2.0,Hyderabad,Apartment,1992.0,35.73,0.0,Semi-Furnished,Under Construction,1.0,33.2
H13626,2055.0,6.0,3.0,Pune,Independent House,2001.0,315.78,1.0,,Ready to Move,1.0,25.7
H12534,881.0,4.0,3.0,Kochi,Villa,2021.0,142.38,1.0,Furnished,Ready to Move,4.0,22.1
H13388,4688.0,1.0,5.0,Kochi,Independent House,2018.0,291.75,3.0,Semi-Furnished,Ready to Move,3.0,21.8
H13857,1453.0,4.0,4.0,Kochi,Townhouse,2020.0,258.7,3.0,Unfurnished,Under Construction,1.0,17.1
H11862,3044.0,4.0,5.0,Kochi,Independent House,2001.0,307.96,3.0,Furnished,Ready to Move,,23.7
H10641,4752.0,1.0,1.0,Pune,Townhouse,2006.0,392.62,3.0,Unfurnished,Ready to Move,4.0,6.2
H12834,3174.0,2.0,1.0,Chennai,Townhouse,2018.0,75.12,0.0,Furnished,Ready to Move,3.0,27.3
H10638,2846.0,6.0,3.0,Pune,Villa,1995.0,408.03,1.0,Furnished,Ready to Move,2.0,15.2
H13338,2068.0,6.0,2.0,Mumbai,Villa,2013.0,448.96,1.0,Unfurnished,Under Construction,3.0,30.3
H14097,1736.0,3.0,5.0,Mumbai,Villa,2014.0,375.24,3.0,Semi-Furnished,Under Construction,3.0,4.5
H12097,2573.0,2.0,1.0,Kochi,Independent House,2001.0,423.13,3.0,,Under Construction,2.0,4.3
H12362,4380.0,5.0,5.0,Mumbai,Townhouse,2009.0,407.59,0.0,Furnished,Ready to Move,2.0,19.0
H13542,4786.0,3.0,4.0,Pune,Independent House,,301.0,2.0,Unfurnished,Under Construction,4.0,13.1
H13488,4959.0,4.0,3.0,Hyderabad,Apartment,2000.0,106.79,3.0,Unfurnished,Under Construction,2.0,32.7
H12699,2510.0,3.0,2.0,Hyderabad,Villa,2002.0,189.5,1.0,Semi-Furnished,Under Construction,4.0,25.7
H10922,2615.0,1.0,3.0,Chennai,Independent House,1998.0,306.77,3.0,Semi-Furnished,Ready to Move,3.0,24.0
H10547,2374.0,4.0,3.0,Hyderabad,Apartment,2006.0,159.1,0.0,Unfurnished,Under Construction,2.0,20.6
H13480,3940.0,6.0,2.0,Kochi,Villa,1996.0,422.08,,Semi-Furnished,Ready to Move,1.0,33.9
H13976,864.0,1.0,5.0,Kochi,Townhouse,2025.0,55.64,1.0,Unfurnished,Under Construction,2.0,11.1
H12029,1196.0,4.0,5.0,Mumbai,Villa,2023.0,324.38,2.0,Furnished,Ready to Move,1.0,16.2
H11886,1953.0,3.0,4.0,Coimbatore,Independent House,1996.0,149.94,1.0,Unfurnished,Under Construction,4.0,10.6
H11643,3051.0,5.0,4.0,Kochi,Independent House,2011.0,258.25,2.0,Unfurnished,Under Construction,2.0,2.3
H14400,2428.0,5.0,5.0,Hyderabad,Independent House,2003.0,348.74,,Unfurnished,Under Construction,4.0,21.4
H14669,4936.0,5.0,1.0,Bangalore,Independent House,2005.0,88.9,1.0,Semi-Furnished,Ready to Move,1.0,19.9
H12098,3002.0,4.0,1.0,Pune,Independent House,1992.0,289.93,3.0,,Under Construction,2.0,
H14230,1357.0,3.0,1.0,Coimbatore,Townhouse,2005.0,167.02,1.0,Unfurnished,Ready to Move,1.0,2.5
H13382,4226.0,2.0,5.0,Hyderabad,Townhouse,1996.0,364.16,3.0,Furnished,Ready to Move,3.0,4.7
H14364,1954.0,6.0,2.0,Chennai,Villa,1993.0,227.51,2.0,Unfurnished,Ready to Move,2.0,1.3
H14819,4756.0,4.0,2.0,Chennai,Townhouse,2025.0,158.05,3.0,Semi-Furnished,Ready to Move,3.0,24.1
H10837,895.0,3.0,3.0,Pune,Independent House,2004.0,302.47,1.0,Unfurnished,Ready to Move,1.0,28.2
H10602,2730.0,6.0,3.0,Pune,Townhouse,1996.0,227.83,3.0,Furnished,Under Construction,4.0,
H12185,712.0,1.0,2.0,Bangalore,Townhouse,2017.0,214.22,,Furnished,Ready to Move,1.0,24.1
H13664,603.0,2.0,1.0,Chennai,Townhouse,2005.0,237.15,1.0,Furnished,Ready to Move,2.0,4.2
H14150,1134.0,3.0,3.0,Chennai,Apartment,2009.0,161.66,1.0,Unfurnished,Under Construction,2.0,3.7
H14182,3199.0,4.0,1.0,Bangalore,Villa,2018.0,355.58,1.0,Furnished,Ready to Move,1.0,1.6
H11583,4423.0,2.0,1.0,Mumbai,Apartment,1995.0,225.68,2.0,Unfurnished,Under Construction,1.0,27.3
H14142,4837.0,2.0,3.0,Coimbatore,Townhouse,2013.0,186.86,3.0,Unfurnished,Under Construction,2.0,34.9
H12410,3273.0,2.0,2.0,Mumbai,Apartment,2014.0,214.14,1.0,Semi-Furnished,Under Construction,4.0,18.7
H12593,3911.0,1.0,2.0,Hyderabad,Independent House,1999.0,37.51,3.0,Semi-Furnished,Ready to Move,4.0,16.5
H11071,1891.0,5.0,1.0,Chennai,Townhouse,2020.0,415.74,2.0,Furnished,Ready to Move,3.0,9.4
H11776,2418.0,5.0,3.0,Bangalore,Apartment,1991.0,402.22,0.0,Semi-Furnished,Under Construction,2.0,7.9
H14668,2668.0,2.0,1.0,Hyderabad,Apartment,2016.0,302.2,3.0,Semi-Furnished,Under Construction,1.0,6.8
H11284,571.0,1.0,3.0,Mumbai,Apartment,2011.0,405.51,0.0,Unfurnished,Ready to Move,3.0,8.5
H12896,2646.0,5.0,1.0,Bangalore,Townhouse,2024.0,397.0,0.0,Unfurnished,Ready to Move,1.0,3.5
H14616,1842.0,2.0,4.0,Coimbatore,Independent House,2020.0,164.37,3.0,Semi-Furnished,Ready to Move,2.0,34.9
H11837,4775.0,6.0,4.0,Bangalore,Villa,2023.0,368.93,0.0,Semi-Furnished,Under Construction,2.0,29.6
H14242,4397.0,4.0,1.0,Chennai,Villa,2014.0,373.67,2.0,Furnished,Ready to Move,2.0,14.9
H11020,3231.0,6.0,5.0,Coimbatore,Apartment,1990.0,233.95,2.0,Semi-Furnished,Under Construction,1.0,10.8
H13044,3762.0,2.0,1.0,Bangalore,Villa,2014.0,222.47,3.0,Unfurnished,Ready to Move,2.0,19.5
H11327,3783.0,2.0,5.0,Kochi,Apartment,2008.0,199.96,3.0,Furnished,Under Construction,4.0,1.8
H10476,3473.0,3.0,5.0,Bangalore,Apartment,2024.0,411.72,1.0,Semi-Furnished,Under Construction,2.0,21.1
H13272,,4.0,3.0,Pune,Apartment,2007.0,361.54,2.0,Unfurnished,Ready to Move,3.0,31.4
H11652,592.0,5.0,3.0,Pune,Apartment,1993.0,274.78,0.0,Furnished,Under Construction,3.0,26.6
H14619,4763.0,4.0,4.0,Chennai,Villa,1990.0,141.09,,Semi-Furnished,Under Construction,1.0,10.5
H14160,4511.0,6.0,1.0,Hyderabad,Villa,2013.0,351.46,2.0,Semi-Furnished,Ready to Move,4.0,12.8
H12482,691.0,4.0,2.0,Mumbai,Independent House,2024.0,385.12,3.0,Unfurnished,Ready to Move,3.0,28.3
H13140,4115.0,4.0,5.0,Chennai,Independent House,2014.0,56.31,3.0,Unfurnished,Ready to Move,4.0,
H14547,4153.0,1.0,4.0,Hyderabad,Villa,2011.0,226.4,0.0,Unfurnished,Under Construction,1.0,16.7
H11374,2593.0,2.0,4.0,Chennai,Apartment,2008.0,119.59,1.0,Unfurnished,Ready to Move,3.0,8.9
H10740,2610.0,5.0,5.0,Kochi,Townhouse,2021.0,87.65,1.0,,Ready to Move,2.0,22.9
H13436,3462.0,4.0,4.0,Chennai,Independent House,2018.0,431.5,1.0,Unfurnished,Under Construction,1.0,23.3
H13560,742.0,5.0,5.0,Coimbatore,Apartment,1990.0,423.39,3.0,Semi-Furnished,Under Construction,1.0,15.2
H10868,,1.0,4.0,Chennai,Townhouse,1995.0,233.09,1.0,Unfurnished,Ready to Move,4.0,29.9
H11141,4911.0,5.0,4.0,Coimbatore,Apartment,2024.0,247.19,0.0,Furnished,Ready to Move,3.0,27.2
H10998,3207.0,1.0,2.0,Chennai,Apartment,2014.0,360.33,2.0,Furnished,Under Construction,2.0,23.7
H11338,4226.0,3.0,3.0,Chennai,Townhouse,1991.0,301.32,3.0,Furnished,Ready to Move,1.0,24.2
H10542,2494.0,4.0,2.0,Chennai,Apartment,2017.0,322.58,3.0,Semi-Furnished,Ready to Move,2.0,23.4
H11100,3844.0,5.0,4.0,,Villa,2017.0,90.85,1.0,Unfurnished,Under Construction,3.0,10.0
H11133,2582.0,1.0,3.0,Chennai,Apartment,2013.0,59.78,,Furnished,Under Construction,2.0,
H13856,741.0,5.0,5.0,,Villa,1991.0,34.7,1.0,Unfurnished,Ready to Move,1.0,3.1
H14181,2587.0,2.0,4.0,Hyderabad,Villa,2007.0,121.71,2.0,Semi-Furnished,Under Construction,3.0,34.8
H12259,3598.0,1.0,3.0,Coimbatore,Apartment,2002.0,305.55,1.0,Unfurnished,Ready to Move,1.0,34.6
H13782,3964.0,1.0,5.0,Kochi,Apartment,2012.0,413.45,1.0,Furnished,Under Construction,4.0,11.6
H10060,711.0,2.0,5.0,Mumbai,Townhouse,2021.0,115.18,2.0,Semi-Furnished,Under Construction,4.0,30.5
H13379,2329.0,1.0,5.0,Hyderabad,Apartment,2020.0,87.51,1.0,Furnished,Under Construction,3.0,17.7
H11939,1338.0,5.0,3.0,Mumbai,Townhouse,2008.0,418.81,1.0,Semi-Furnished,Under Construction,,3.9
H14044,1636.0,5.0,1.0,Chennai,Apartment,1992.0,172.47,,Furnished,,2.0,27.6
H14789,4029.0,1.0,4.0,Hyderabad,Townhouse,1996.0,192.61,1.0,Furnished,Under Construction,2.0,14.0
H11079,2971.0,3.0,4.0,Hyderabad,Apartment,2017.0,280.63,3.0,Unfurnished,Under Construction,2.0,31.7
H12771,3886.0,6.0,5.0,Hyderabad,Villa,1991.0,203.69,3.0,Unfurnished,Under Construction,3.0,30.4
H14420,,6.0,3.0,Coimbatore,Townhouse,2000.0,,0.0,Unfurnished,Ready to Move,2.0,11.2
H10941,3356.0,2.0,5.0,Mumbai,Townhouse,2000.0,364.91,0.0,Unfurnished,Ready to Move,3.0,2.4
H11081,4276.0,5.0,5.0,Pune,Townhouse,2000.0,218.55,0.0,Unfurnished,Ready to Move,1.0,13.1
H10188,3919.0,5.0,1.0,Hyderabad,Independent House,2003.0,177.95,1.0,,Ready to Move,1.0,19.1
H14428,2726.0,6.0,1.0,Hyderabad,Villa,1994.0,300.12,0.0,Furnished,Under Construction,4.0,30.7
H12086,2328.0,5.0,3.0,Mumbai,Townhouse,2000.0,323.74,3.0,Semi-Furnished,Under Construction,3.0,23.3
H12250,3158.0,4.0,4.0,Pune,Villa,1994.0,261.08,3.0,Furnished,Under Construction,1.0,33.5
H14747,1503.0,,4.0,Kochi,Apartment,1990.0,192.5,3.0,Unfurnished,Under Construction,4.0,16.4
H12024,3540.0,6.0,4.0,,,1992.0,222.41,1.0,Unfurnished,Ready to Move,2.0,14.3
H12551,3264.0,2.0,2.0,Mumbai,Apartment,2008.0,369.57,3.0,Semi-Furnished,Ready to Move,1.0,17.6
H14751,1029.0,2.0,2.0,Kochi,Apartment,2001.0,258.32,1.0,Unfurnished,Ready to Move,4.0,5.3
H13424,1419.0,6.0,3.0,Kochi,Villa,2022.0,39.51,3.0,Unfurnished,Under Construction,2.0,20.5
H10227,3654.0,6.0,3.0,Hyderabad,Apartment,1998.0,142.15,0.0,Furnished,Ready to Move,3.0,11.8
H13138,1164.0,5.0,4.0,Chennai,Apartment,2015.0,70.36,2.0,,Ready to Move,1.0,5.0
H11930,942.0,2.0,3.0,Mumbai,Apartment,2023.0,346.12,3.0,Semi-Furnished,Ready to Move,1.0,9.3
H12901,4207.0,3.0,1.0,Bangalore,Villa,2023.0,116.22,0.0,Semi-Furnished,Under Construction,3.0,34.2
H14359,1475.0,5.0,1.0,Kochi,Apartment,2025.0,48.54,0.0,Furnished,Under Construction,3.0,11.5
H11405,866.0,3.0,,Chennai,Townhouse,1994.0,281.29,1.0,Furnished,Ready to Move,1.0,3.4
H12180,1981.0,2.0,5.0,Hyderabad,Villa,1991.0,411.18,1.0,Furnished,Under Construction,3.0,20.5
H10698,3971.0,1.0,1.0,Kochi,Townhouse,2012.0,448.94,0.0,Semi-Furnished,Under Construction,1.0,27.0
H11125,1095.0,6.0,1.0,Mumbai,Villa,2019.0,137.01,1.0,Furnished,Ready to Move,2.0,33.5
H13666,4141.0,3.0,4.0,,Townhouse,2022.0,381.11,2.0,Furnished,Under Construction,2.0,32.3
H12772,963.0,1.0,3.0,Chennai,,1991.0,407.56,0.0,Unfurnished,Under Construction,2.0,4.2
H11779,1566.0,4.0,2.0,Chennai,Villa,2013.0,107.79,3.0,Semi-Furnished,Ready to Move,2.0,25.4
H13670,2179.0,6.0,1.0,Bangalore,Villa,2003.0,437.95,0.0,Unfurnished,Under Construction,1.0,11.1
H11038,4700.0,6.0,1.0,Chennai,Apartment,2015.0,51.79,0.0,Furnished,Under Construction,4.0,13.0
H14024,2054.0,3.0,5.0,Mumbai,Villa,2020.0,176.14,,Semi-Furnished,Ready to Move,3.0,33.6
H12257,3225.0,4.0,5.0,Pune,Villa,1993.0,106.03,3.0,Semi-Furnished,Ready to Move,2.0,2.5
H10314,4692.0,2.0,3.0,Kochi,Apartment,2023.0,60.55,1.0,Semi-Furnished,Ready to Move,1.0,22.0
H12282,,5.0,4.0,Bangalore,Townhouse,2019.0,180.03,3.0,Furnished,Under Construction,4.0,15.0
H11417,1657.0,2.0,1.0,Chennai,Apartment,2014.0,301.17,1.0,Furnished,Ready to Move,2.0,33.1
H11037,4743.0,5.0,5.0,Mumbai,Townhouse,2002.0,184.51,2.0,Furnished,Under Construction,1.0,34.7
H12160,2450.0,1.0,3.0,Hyderabad,Villa,2000.0,,3.0,Unfurnished,Ready to Move,3.0,12.4
H14076,1472.0,5.0,2.0,Hyderabad,Villa,2015.0,26.41,0.0,Semi-Furnished,Under Construction,4.0,21.4
H11755,4160.0,6.0,3.0,Coimbatore,Independent House,2014.0,343.15,0.0,Unfurnished,Ready to Move,1.0,29.9
H13636,4121.0,2.0,4.0,Kochi,Townhouse,1993.0,306.42,3.0,Semi-Furnished,Under Construction,3.0,1.4
H14585,4856.0,1.0,4.0,Chennai,Apartment,1999.0,400.06,1.0,Furnished,Under Construction,1.0,15.0
H13652,1540.0,2.0,3.0,Bangalore,Townhouse,2004.0,224.68,,Semi-Furnished,Under Construction,4.0,31.1
H13917,736.0,3.0,1.0,Pune,Independent House,1992.0,376.26,1.0,Furnished,Ready to Move,3.0,23.1
H14685,4265.0,5.0,2.0,Kochi,Townhouse,,99.84,0.0,Furnished,Ready to Move,4.0,21.1
H11507,2590.0,4.0,3.0,Chennai,Independent House,1990.0,161.76,1.0,Furnished,Under Construction,4.0,
H11924,3151.0,4.0,3.0,Kochi,Villa,2007.0,26.54,2.0,Semi-Furnished,Under Construction,4.0,16.5
H10449,4880.0,5.0,2.0,Bangalore,Townhouse,2015.0,84.76,1.0,Semi-Furnished,Under Construction,1.0,26.2
H12329,1704.0,5.0,1.0,Kochi,Townhouse,2010.0,200.63,2.0,Furnished,Ready to Move,1.0,11.6
H12406,3540.0,5.0,4.0,Coimbatore,Townhouse,2008.0,183.75,0.0,Semi-Furnished,Under Construction,,7.1
H14821,3078.0,1.0,4.0,Kochi,Villa,2017.0,202.91,0.0,Furnished,Ready to Move,1.0,32.7
H14014,3858.0,4.0,2.0,Hyderabad,Independent House,2017.0,325.56,2.0,Unfurnished,Under Construction,3.0,15.9
H10362,3366.0,2.0,4.0,Pune,Villa,2009.0,416.12,2.0,Unfurnished,Ready to Move,2.0,5.9
H12184,1793.0,2.0,5.0,Mumbai,Apartment,2011.0,408.64,0.0,Semi-Furnished,Ready to Move,4.0,17.2
H11135,794.0,2.0,2.0,Chennai,Apartment,1995.0,380.23,1.0,Semi-Furnished,Ready to Move,2.0,16.9
H14089,1465.0,6.0,3.0,Mumbai,Townhouse,1995.0,137.44,3.0,Semi-Furnished,Under Construction,2.0,11.2
H12156,4246.0,5.0,1.0,Pune,Villa,2006.0,120.1,,Semi-Furnished,Ready to Move,2.0,15.9
H11831,3837.0,2.0,3.0,Chennai,Villa,2005.0,294.18,0.0,Semi-Furnished,Under Construction,2.0,30.1
H11054,4776.0,5.0,5.0,Coimbatore,Townhouse,2016.0,430.55,2.0,Unfurnished,Ready to Move,2.0,20.0
H10023,1525.0,2.0,3.0,Hyderabad,Townhouse,,,1.0,Unfurnished,Ready to Move,,
H12067,3070.0,4.0,2.0,Pune,Independent House,1992.0,258.53,3.0,Furnished,Ready to Move,4.0,18.7
H11654,2940.0,2.0,2.0,Kochi,Independent House,2001.0,255.96,0.0,Unfurnished,Ready to Move,4.0,29.5
H12460,1321.0,2.0,1.0,Bangalore,Apartment,2023.0,163.74,1.0,Furnished,Ready to Move,3.0,8.1
H13048,3973.0,6.0,1.0,Pune,Villa,2000.0,114.61,3.0,Unfurnished,Ready to Move,1.0,2.1
H12660,849.0,2.0,2.0,Pune,Independent House,2022.0,179.22,3.0,Semi-Furnished,Under Construction,2.0,28.5
H13829,2378.0,5.0,5.0,Hyderabad,Villa,2001.0,262.52,1.0,Semi-Furnished,Under Construction,4.0,23.6
H12326,2449.0,3.0,3.0,,Apartment,,358.31,2.0,Semi-Furnished,Under Construction,2.0,17.5
H10461,2936.0,2.0,1.0,Kochi,Independent House,2025.0,364.94,3.0,Semi-Furnished,Under Construction,4.0,11.5
H11068,4190.0,4.0,5.0,Kochi,Villa,1992.0,114.28,2.0,Semi-Furnished,Under Construction,2.0,25.2
H10088,4195.0,2.0,3.0,Pune,Townhouse,2022.0,264.07,0.0,Unfurnished,Under Construction,4.0,20.0
H13903,3653.0,6.0,5.0,Bangalore,Independent House,2014.0,46.11,,Unfurnished,Ready to Move,2.0,11.5
H12516,1537.0,1.0,4.0,Mumbai,Townhouse,2016.0,287.72,0.0,Semi-Furnished,Under Construction,3.0,13.2
H10283,3356.0,5.0,4.0,Mumbai,Independent House,2025.0,314.61,2.0,Unfurnished,Under Construction,3.0,16.0
H10463,1938.0,4.0,3.0,Chennai,Villa,1994.0,92.78,0.0,Semi-Furnished,Ready to Move,2.0,16.2
H10213,2750.0,1.0,4.0,Bangalore,Villa,1991.0,327.48,0.0,Unfurnished,Under Construction,3.0,16.9
H12379,3004.0,4.0,2.0,Coimbatore,Apartment,2024.0,197.66,2.0,Semi-Furnished,Under Construction,1.0,14.1
H11369,1939.0,1.0,2.0,Kochi,Townhouse,2022.0,448.35,3.0,Unfurnished,Ready to Move,2.0,27.7
H10235,3035.0,6.0,3.0,Pune,Villa,2005.0,364.28,3.0,Unfurnished,Ready to Move,3.0,20.5
H12635,1335.0,6.0,5.0,Coimbatore,Independent House,2015.0,144.45,1.0,Unfurnished,Under Construction,2.0,32.6
H10598,4811.0,2.0,4.0,Mumbai,Townhouse,1990.0,425.43,1.0,Unfurnished,Under Construction,2.0,
H14290,4601.0,2.0,5.0,Mumbai,Apartment,2008.0,164.32,3.0,Unfurnished,Under Construction,3.0,16.1
H12251,2629.0,3.0,3.0,Pune,Townhouse,2014.0,149.44,2.0,Furnished,Ready to Move,2.0,16.8
H14221,3948.0,2.0,5.0,Pune,Apartment,2009.0,198.42,,Semi-Furnished,Under Construction,3.0,34.4
H12284,808.0,1.0,5.0,Hyderabad,Villa,1997.0,211.36,3.0,Semi-Furnished,Ready to Move,2.0,13.9
H10663,3636.0,5.0,1.0,Coimbatore,Townhouse,1990.0,445.48,0.0,,Under Construction,3.0,14.3
H14815,4065.0,,5.0,Pune,Apartment,1993.0,54.06,2.0,Semi-Furnished,Under Construction,4.0,33.9
H12286,2448.0,3.0,1.0,Mumbai,Apartment,2007.0,65.55,2.0,,Ready to Move,2.0,18.5
H14581,4540.0,5.0,2.0,Pune,Apartment,1993.0,229.73,0.0,Furnished,Under Construction,4.0,10.8
H13494,2706.0,4.0,3.0,Coimbatore,Independent House,1994.0,156.25,1.0,Unfurnished,Ready to Move,2.0,3.1
H12989,2273.0,6.0,5.0,Bangalore,Villa,2015.0,51.97,3.0,Furnished,Under Construction,3.0,13.6
H13257,2457.0,6.0,2.0,Bangalore,Villa,2001.0,403.09,3.0,Unfurnished,Under Construction,2.0,16.7
H10780,2893.0,4.0,2.0,Mumbai,Townhouse,2017.0,49.99,1.0,Unfurnished,,4.0,16.9
H13204,4272.0,6.0,3.0,Chennai,Townhouse,2013.0,229.15,2.0,Semi-Furnished,Under Construction,2.0,13.8
H13251,4404.0,5.0,3.0,Pune,Townhouse,2011.0,305.51,2.0,Furnished,Ready to Move,4.0,27.9
H13840,2096.0,1.0,3.0,Coimbatore,Townhouse,1997.0,232.32,0.0,Unfurnished,Under Construction,3.0,27.7
H13037,4192.0,2.0,4.0,Pune,Villa,,342.66,0.0,Furnished,Under Construction,2.0,28.6
H14694,2431.0,3.0,4.0,Kochi,Townhouse,2018.0,178.18,3.0,Semi-Furnished,Ready to Move,4.0,9.4
H10686,2525.0,2.0,5.0,Hyderabad,Apartment,1991.0,181.36,1.0,Unfurnished,Under Construction,2.0,30.6
H14558,3544.0,6.0,5.0,Coimbatore,Villa,2011.0,361.56,2.0,Semi-Furnished,Ready to Move,3.0,7.4
H12615,3825.0,2.0,3.0,Pune,Villa,2008.0,165.91,2.0,Semi-Furnished,Ready to Move,1.0,19.6
H12172,3389.0,6.0,1.0,Mumbai,Independent House,2020.0,306.22,,,Under Construction,2.0,
H12536,3252.0,5.0,4.0,,Apartment,2009.0,,3.0,Unfurnished,Ready to Move,1.0,23.6
H11851,3514.0,3.0,1.0,Pune,Independent House,1991.0,332.52,3.0,Semi-Furnished,Under Construction,4.0,30.6
H10488,1444.0,4.0,1.0,Chennai,Townhouse,1992.0,,2.0,Semi-Furnished,Ready to Move,2.0,1.3
H11689,585.0,3.0,3.0,Hyderabad,Villa,2018.0,442.69,1.0,Furnished,Under Construction,1.0,9.7
H12231,4219.0,3.0,2.0,Kochi,Villa,2019.0,143.45,2.0,Semi-Furnished,Under Construction,3.0,26.2
H13099,,2.0,2.0,Mumbai,Villa,2024.0,360.6,,Unfurnished,Ready to Move,1.0,15.4
H12321,814.0,3.0,5.0,Pune,Apartment,1998.0,126.24,1.0,Unfurnished,Ready to Move,2.0,8.2
H10783,4147.0,1.0,3.0,Kochi,Villa,2003.0,37.41,1.0,Furnished,Under Construction,4.0,2.1
H10522,3381.0,3.0,3.0,Hyderabad,Townhouse,2024.0,281.46,2.0,Semi-Furnished,Under Construction,2.0,21.0
H10523,907.0,3.0,1.0,Pune,Townhouse,1991.0,49.02,2.0,Unfurnished,Under Construction,3.0,31.1
H14769,3688.0,3.0,,Bangalore,Apartment,2003.0,215.29,1.0,Unfurnished,Ready to Move,4.0,2.2
H13748,4054.0,5.0,2.0,Chennai,Villa,2018.0,279.51,1.0,Semi-Furnished,Ready to Move,3.0,31.6
H12208,4276.0,1.0,4.0,Coimbatore,Villa,1991.0,104.82,2.0,Furnished,Ready to Move,4.0,32.3
H13300,3499.0,5.0,1.0,Mumbai,Townhouse,2013.0,35.38,1.0,Semi-Furnished,Under Construction,2.0,11.5
H13372,2643.0,6.0,4.0,Bangalore,Villa,1991.0,134.51,,Unfurnished,Ready to Move,4.0,32.0
H13629,799.0,6.0,2.0,Pune,Villa,2020.0,300.38,1.0,Unfurnished,Ready to Move,3.0,26.3
H11512,2596.0,1.0,5.0,Chennai,Independent House,2023.0,276.6,1.0,Furnished,Under Construction,4.0,20.0
H11883,2188.0,1.0,5.0,Kochi,Independent House,2007.0,252.71,2.0,Furnished,Under Construction,2.0,22.0
H10652,1075.0,6.0,3.0,Mumbai,Townhouse,1991.0,256.53,2.0,Furnished,Ready to Move,1.0,32.4
H12649,3271.0,2.0,4.0,Mumbai,Independent House,2003.0,120.27,2.0,Furnished,Under Construction,1.0,33.7
H12933,3342.0,3.0,2.0,Kochi,Independent House,2003.0,223.72,2.0,Semi-Furnished,Ready to Move,1.0,
H10370,1401.0,3.0,3.0,Pune,Apartment,1998.0,157.07,2.0,Semi-Furnished,Ready to Move,3.0,
H12670,4385.0,2.0,,Bangalore,Independent House,2004.0,198.23,1.0,Furnished,Ready to Move,2.0,25.3
H10119,2213.0,6.0,5.0,Pune,Townhouse,,29.97,3.0,Furnished,Ready to Move,4.0,18.9
H13546,4565.0,1.0,5.0,Mumbai,Independent House,2013.0,296.9,2.0,Unfurnished,Under Construction,3.0,21.9
H12880,2428.0,2.0,3.0,Kochi,Apartment,1998.0,321.44,0.0,Furnished,Ready to Move,4.0,26.7
H12217,4220.0,3.0,4.0,Hyderabad,Townhouse,2005.0,,3.0,Unfurnished,Ready to Move,1.0,16.4
H13362,4670.0,6.0,1.0,Kochi,Townhouse,2022.0,286.41,2.0,Furnished,Ready to Move,4.0,15.7
H11614,1550.0,1.0,2.0,Pune,Apartment,2014.0,374.71,2.0,Unfurnished,Under Construction,1.0,22.6
H14188,1812.0,5.0,5.0,Kochi,Independent House,2011.0,310.98,1.0,Furnished,Ready to Move,4.0,15.6
H10963,4002.0,1.0,3.0,,Independent House,2019.0,276.47,1.0,Unfurnished,Under Construction,2.0,2.7
H13367,1366.0,3.0,2.0,Coimbatore,Apartment,,65.9,2.0,Unfurnished,Ready to Move,1.0,21.2
H13533,686.0,3.0,1.0,Mumbai,Independent House,2017.0,234.16,1.0,Semi-Furnished,Under Construction,1.0,13.7
H13269,2790.0,1.0,1.0,Mumbai,Independent House,2023.0,213.97,1.0,Semi-Furnished,Ready to Move,2.0,21.5
H12878,3721.0,4.0,5.0,Mumbai,Villa,2010.0,259.76,1.0,Unfurnished,Ready to Move,3.0,33.0
H14519,1159.0,6.0,5.0,Bangalore,Apartment,1998.0,159.06,3.0,Semi-Furnished,Under Construction,1.0,20.4
H14114,4102.0,4.0,3.0,Bangalore,Apartment,2008.0,358.65,2.0,Furnished,Under Construction,3.0,26.6
H12186,2524.0,6.0,1.0,Mumbai,Independent House,2022.0,56.34,0.0,Semi-Furnished,Ready to Move,3.0,21.9
H12681,2761.0,,5.0,Coimbatore,Townhouse,2022.0,274.38,2.0,Unfurnished,Ready to Move,4.0,10.8
H12038,4087.0,1.0,4.0,Mumbai,Independent House,2002.0,377.06,3.0,Unfurnished,Ready to Move,3.0,31.5
H14788,2363.0,1.0,2.0,Mumbai,Villa,1997.0,252.36,0.0,Unfurnished,Under Construction,4.0,20.9
H10773,627.0,2.0,4.0,Mumbai,Villa,2004.0,377.04,3.0,Unfurnished,Ready to Move,3.0,8.9
H11285,3741.0,4.0,2.0,Pune,Villa,1996.0,411.22,2.0,Furnished,Under Construction,1.0,27.8
H14600,2016.0,4.0,2.0,Pune,Independent House,2008.0,223.43,2.0,Furnished,Under Construction,1.0,33.2
H11415,2263.0,1.0,,Coimbatore,Apartment,2009.0,40.66,2.0,Unfurnished,Under Construction,1.0,10.1
H11235,1835.0,1.0,2.0,Hyderabad,Apartment,2023.0,335.91,1.0,Unfurnished,Under Construction,2.0,9.2
H12567,1981.0,1.0,2.0,Hyderabad,Townhouse,2006.0,180.78,1.0,Furnished,Ready to Move,1.0,10.6
H10436,693.0,2.0,2.0,Mumbai,Apartment,1996.0,378.64,2.0,Unfurnished,Ready to Move,1.0,8.2
H11675,655.0,4.0,5.0,Pune,Independent House,2012.0,284.95,2.0,Semi-Furnished,Ready to Move,4.0,11.3
H10366,3389.0,5.0,5.0,Hyderabad,Independent House,2015.0,163.35,1.0,Semi-Furnished,Ready to Move,4.0,24.9
H12518,723.0,3.0,5.0,Hyderabad,Independent House,1999.0,235.5,3.0,Unfurnished,Ready to Move,2.0,13.0
H10232,2243.0,3.0,2.0,Bangalore,Apartment,2005.0,239.09,0.0,Furnished,Ready to Move,2.0,7.1
H14518,1230.0,,2.0,Chennai,Townhouse,2025.0,73.43,1.0,Unfurnished,Under Construction,3.0,17.2
H13834,3204.0,3.0,1.0,Hyderabad,Apartment,2004.0,59.77,2.0,Semi-Furnished,Ready to Move,3.0,19.9
H14347,4176.0,5.0,2.0,Hyderabad,Apartment,2021.0,114.19,1.0,Semi-Furnished,Under Construction,2.0,17.2
H10408,,2.0,2.0,Kochi,Townhouse,2011.0,160.29,1.0,Furnished,Ready to Move,3.0,26.8
H12091,1954.0,5.0,1.0,Bangalore,Townhouse,2016.0,100.27,1.0,Unfurnished,Under Construction,2.0,6.5
H10087,3004.0,1.0,,Mumbai,Independent House,2003.0,252.43,2.0,Semi-Furnished,Under Construction,3.0,26.4
H10845,1534.0,6.0,4.0,Bangalore,Villa,2006.0,48.27,3.0,Unfurnished,Under Construction,1.0,13.1
H11032,1686.0,3.0,1.0,Mumbai,Villa,1994.0,39.38,2.0,Furnished,Under Construction,4.0,17.8
H12500,3662.0,2.0,5.0,Hyderabad,Independent House,1997.0,313.95,3.0,Furnished,Ready to Move,2.0,12.2
H13081,2726.0,1.0,3.0,Bangalore,Villa,2007.0,70.1,2.0,Unfurnished,Ready to Move,1.0,11.3
H13067,3053.0,1.0,4.0,Mumbai,Apartment,2013.0,141.27,2.0,Furnished,Ready to Move,4.0,28.1
H10856,3999.0,6.0,1.0,Kochi,Apartment,2011.0,330.6,0.0,Furnished,Under Construction,1.0,4.9
H10079,3245.0,5.0,4.0,Hyderabad,Townhouse,2019.0,353.91,2.0,Unfurnished,Under Construction,1.0,15.4
H12248,2840.0,3.0,5.0,Bangalore,Independent House,2006.0,315.38,1.0,Furnished,Ready to Move,2.0,15.0
H14438,4592.0,3.0,3.0,Coimbatore,Townhouse,2011.0,341.54,3.0,Semi-Furnished,Ready to Move,2.0,5.1
H13471,4714.0,6.0,1.0,Hyderabad,Apartment,2025.0,349.93,2.0,Unfurnished,Ready to Move,3.0,9.7
H12766,806.0,4.0,3.0,Bangalore,Villa,1993.0,150.06,0.0,Unfurnished,Ready to Move,4.0,16.2
H14120,1875.0,2.0,1.0,Bangalore,Villa,1997.0,176.61,2.0,Semi-Furnished,Under Construction,1.0,7.8
H12280,4075.0,1.0,3.0,Chennai,,2009.0,159.26,1.0,Furnished,Ready to Move,2.0,34.9
H13296,,3.0,2.0,Pune,Townhouse,2003.0,297.09,0.0,Semi-Furnished,Ready to Move,2.0,23.3
H13997,2197.0,2.0,2.0,Pune,Villa,2000.0,143.43,1.0,Furnished,Ready to Move,3.0,6.9
H13668,1504.0,2.0,4.0,Mumbai,Apartment,2023.0,243.15,2.0,Semi-Furnished,Ready to Move,1.0,11.8
H13253,2117.0,6.0,2.0,Mumbai,Villa,2013.0,207.84,0.0,Furnished,Under Construction,,6.8
H12177,1235.0,2.0,2.0,Chennai,Townhouse,2025.0,409.62,,Unfurnished,Under Construction,1.0,32.9
H10425,1278.0,1.0,5.0,Hyderabad,Villa,2008.0,429.55,3.0,Semi-Furnished,Ready to Move,1.0,30.8
H10393,2175.0,4.0,4.0,Mumbai,Villa,2022.0,305.3,3.0,Unfurnished,Ready to Move,1.0,29.8
H14591,3403.0,5.0,4.0,,Townhouse,2016.0,95.77,2.0,Unfurnished,Under Construction,1.0,17.3
H13241,1110.0,2.0,2.0,Bangalore,Townhouse,2008.0,200.22,0.0,Unfurnished,Under Construction,1.0,11.5
H10105,2228.0,,1.0,Kochi,Villa,,97.62,1.0,Furnished,Ready to Move,4.0,24.3
H14658,1222.0,1.0,3.0,Kochi,Townhouse,2001.0,140.68,1.0,Unfurnished,Ready to Move,2.0,23.6
H11949,1581.0,6.0,4.0,,Independent House,2001.0,209.3,3.0,Furnished,Under Construction,3.0,6.9
H11460,2527.0,6.0,4.0,Coimbatore,Townhouse,2024.0,302.92,3.0,Semi-Furnished,Ready to Move,,
H13092,4246.0,1.0,3.0,Coimbatore,Townhouse,2011.0,448.94,2.0,Furnished,Under Construction,3.0,2.9
H12665,2177.0,3.0,1.0,Pune,Townhouse,,357.73,0.0,Furnished,Under Construction,3.0,8.6
H13682,4427.0,2.0,4.0,Kochi,Independent House,2003.0,274.56,0.0,Furnished,Ready to Move,1.0,33.1
H14650,4140.0,1.0,1.0,Chennai,Villa,2005.0,157.43,1.0,Furnished,Under Construction,2.0,6.4
H11588,,2.0,4.0,Chennai,Apartment,2007.0,,2.0,Semi-Furnished,Under Construction,1.0,18.3
H13474,4065.0,4.0,5.0,Mumbai,Villa,2018.0,66.64,2.0,Furnished,Under Construction,2.0,18.0
H11732,4908.0,5.0,3.0,Mumbai,Independent House,2013.0,29.2,0.0,Semi-Furnished,Ready to Move,1.0,7.9
H14676,1057.0,6.0,5.0,Hyderabad,Apartment,,284.47,1.0,Semi-Furnished,Under Construction,3.0,34.0
H13493,1579.0,5.0,1.0,Coimbatore,Townhouse,2002.0,396.35,0.0,Semi-Furnished,Ready to Move,1.0,8.2
H11792,786.0,1.0,2.0,Chennai,Townhouse,2015.0,216.45,3.0,Furnished,Under Construction,3.0,28.9
H12356,2845.0,1.0,2.0,Pune,Villa,2000.0,367.08,2.0,Semi-Furnished,Under Construction,3.0,30.7
H11941,3399.0,4.0,3.0,Bangalore,Apartment,2010.0,424.02,2.0,Furnished,Under Construction,2.0,24.9
H10703,1710.0,4.0,4.0,Pune,Villa,1992.0,443.87,2.0,Furnished,Ready to Move,1.0,21.1
H12443,3077.0,3.0,4.0,Chennai,,1992.0,181.88,1.0,Furnished,Under Construction,1.0,2.8
H13960,3236.0,4.0,1.0,Kochi,Villa,2001.0,68.97,3.0,Furnished,Under Construction,2.0,32.0
H10497,3990.0,1.0,3.0,Pune,Independent House,1991.0,287.41,2.0,Semi-Furnished,,2.0,6.9
H10465,1915.0,2.0,2.0,Coimbatore,Villa,2005.0,415.47,3.0,Furnished,Under Construction,2.0,7.9
H12556,4558.0,3.0,2.0,Kochi,Apartment,2001.0,173.53,1.0,Semi-Furnished,Ready to Move,4.0,31.4
H14207,2035.0,6.0,5.0,Chennai,Villa,2017.0,434.47,2.0,Semi-Furnished,Under Construction,2.0,15.1
H10173,3361.0,5.0,5.0,Kochi,Villa,2006.0,190.92,3.0,Semi-Furnished,Under Construction,1.0,25.2
H13086,4374.0,4.0,2.0,Chennai,Apartment,2019.0,348.56,3.0,Unfurnished,Under Construction,3.0,27.9
H14656,940.0,2.0,,Mumbai,Independent House,1998.0,267.58,1.0,Semi-Furnished,Under Construction,3.0,22.2
H13097,4919.0,6.0,4.0,Hyderabad,Townhouse,2024.0,61.91,3.0,Furnished,Ready to Move,1.0,16.4
H12799,3330.0,4.0,3.0,Pune,Townhouse,1992.0,204.59,1.0,Furnished,Under Construction,1.0,12.0
H12261,4417.0,2.0,2.0,Coimbatore,Apartment,2013.0,202.74,3.0,Furnished,Ready to Move,3.0,25.3
H12113,711.0,3.0,1.0,Mumbai,Townhouse,2003.0,201.73,1.0,Furnished,Ready to Move,4.0,32.8
H10901,4793.0,,2.0,Pune,Apartment,2007.0,315.41,1.0,Furnished,Under Construction,2.0,28.3
H11447,4215.0,4.0,4.0,Kochi,Villa,2009.0,398.69,0.0,Furnished,Under Construction,2.0,34.2
H13393,2809.0,1.0,2.0,Bangalore,Townhouse,2012.0,292.26,0.0,Unfurnished,Under Construction,4.0,29.8
H10742,2169.0,6.0,3.0,Bangalore,Villa,2013.0,29.78,,Unfurnished,Ready to Move,3.0,28.9
H12294,1162.0,1.0,1.0,Kochi,,2003.0,121.34,0.0,,Under Construction,1.0,13.2
H12453,2123.0,3.0,5.0,Pune,Villa,1999.0,389.39,0.0,Unfurnished,Under Construction,4.0,9.6
H13765,1200.0,,2.0,Mumbai,Villa,1993.0,353.33,2.0,Unfurnished,Under Construction,4.0,29.5
H13869,4137.0,1.0,4.0,Kochi,Apartment,1991.0,395.26,0.0,Semi-Furnished,Ready to Move,3.0,11.7
H11207,1905.0,4.0,5.0,Bangalore,Townhouse,1992.0,268.14,2.0,Unfurnished,Under Construction,3.0,34.6
H10510,4062.0,2.0,,Hyderabad,Independent House,2002.0,268.56,1.0,Furnished,Ready to Move,3.0,12.1
H12489,4378.0,2.0,1.0,Bangalore,Townhouse,2017.0,123.23,2.0,Unfurnished,Ready to Move,1.0,20.7
H12664,4006.0,4.0,4.0,Pune,Villa,2022.0,186.18,1.0,Unfurnished,Under Construction,2.0,2.1
H11550,831.0,3.0,4.0,Chennai,Villa,2013.0,308.24,1.0,Semi-Furnished,Under Construction,4.0,25.7
H13102,1655.0,2.0,3.0,Pune,Townhouse,2002.0,246.92,0.0,Unfurnished,Under Construction,1.0,29.2
H12203,4550.0,5.0,3.0,Hyderabad,Villa,2018.0,49.75,0.0,Unfurnished,Ready to Move,1.0,28.1
H12045,1010.0,3.0,5.0,Chennai,Independent House,2017.0,389.37,3.0,,Under Construction,3.0,33.0
H10768,4400.0,4.0,3.0,Kochi,Apartment,2009.0,319.57,,Furnished,Under Construction,4.0,12.3
H14729,1440.0,1.0,4.0,Hyderabad,Independent House,1990.0,156.68,1.0,Furnished,Under Construction,1.0,
H13544,3527.0,3.0,4.0,Chennai,Townhouse,2008.0,250.9,3.0,Unfurnished,Under Construction,4.0,12.5
H10422,3464.0,1.0,1.0,Hyderabad,Villa,2015.0,309.64,3.0,Furnished,Under Construction,3.0,16.8
H10124,1856.0,5.0,1.0,Kochi,Apartment,2021.0,226.1,2.0,Semi-Furnished,Ready to Move,3.0,7.9
H14580,1599.0,3.0,2.0,Mumbai,Townhouse,1991.0,387.49,3.0,Semi-Furnished,Under Construction,1.0,29.9
H12592,2493.0,6.0,5.0,Kochi,Villa,1996.0,195.9,0.0,Furnished,Ready to Move,4.0,21.7
H10820,3778.0,4.0,3.0,Mumbai,Villa,2013.0,391.81,1.0,Semi-Furnished,Under Construction,3.0,9.4
H11404,2445.0,3.0,5.0,Bangalore,Independent House,2002.0,393.13,1.0,Furnished,Under Construction,4.0,8.7
H11383,3667.0,3.0,3.0,Coimbatore,Apartment,2008.0,,2.0,Semi-Furnished,Under Construction,1.0,30.0
H12149,2721.0,4.0,5.0,Pune,Townhouse,2006.0,232.04,1.0,Semi-Furnished,Under Construction,2.0,4.6
H11576,1914.0,2.0,3.0,Kochi,Villa,,330.73,3.0,Furnished,Under Construction,2.0,8.3
H11639,4398.0,6.0,4.0,Pune,Townhouse,2002.0,180.78,1.0,Unfurnished,Under Construction,3.0,30.3
H11796,913.0,5.0,1.0,Chennai,Townhouse,2017.0,70.96,1.0,Semi-Furnished,Under Construction,1.0,12.9
H14675,2419.0,4.0,3.0,Chennai,Townhouse,2003.0,173.29,1.0,Unfurnished,Ready to Move,4.0,1.9
H10400,1375.0,5.0,1.0,Coimbatore,Villa,2021.0,334.77,0.0,Furnished,Ready to Move,2.0,6.2
H12311,796.0,3.0,4.0,Bangalore,Apartment,1998.0,61.62,2.0,Unfurnished,Ready to Move,4.0,18.4
H10883,935.0,2.0,3.0,Chennai,Independent House,1998.0,389.12,1.0,Unfurnished,Ready to Move,2.0,26.8
H14825,3519.0,5.0,3.0,Kochi,Independent House,2011.0,340.88,3.0,Semi-Furnished,Under Construction,2.0,25.7
H12752,4109.0,2.0,5.0,Kochi,Independent House,2005.0,185.85,2.0,Semi-Furnished,Ready to Move,4.0,21.8
H11353,4515.0,5.0,4.0,Bangalore,Townhouse,1993.0,424.35,2.0,Furnished,Ready to Move,4.0,17.9
H12610,1125.0,3.0,1.0,Mumbai,Independent House,2005.0,395.97,1.0,Furnished,Ready to Move,4.0,9.9
H14418,4832.0,5.0,3.0,Coimbatore,Apartment,2022.0,244.49,0.0,Furnished,Under Construction,2.0,32.6
H12131,1380.0,2.0,4.0,Chennai,Townhouse,2018.0,59.5,1.0,Unfurnished,Ready to Move,1.0,17.5
H10983,4503.0,2.0,5.0,Bangalore,Townhouse,2023.0,124.27,2.0,Furnished,Under Construction,2.0,15.7
H10457,3231.0,6.0,3.0,,Apartment,2000.0,58.99,0.0,Furnished,Ready to Move,3.0,29.3
H13352,3192.0,1.0,1.0,Pune,Independent House,2020.0,423.09,3.0,,Ready to Move,4.0,9.5
H11080,1259.0,6.0,5.0,Mumbai,Townhouse,2022.0,354.51,1.0,Unfurnished,Ready to Move,1.0,4.5
H11951,4126.0,3.0,3.0,Pune,Apartment,2007.0,301.73,1.0,Unfurnished,Under Construction,3.0,18.0
H14208,3500.0,6.0,5.0,Pune,Apartment,2003.0,174.76,2.0,Furnished,Under Construction,4.0,28.6
H10690,3998.0,2.0,1.0,Pune,Townhouse,2011.0,51.88,3.0,Furnished,Under Construction,3.0,11.3
H12430,1328.0,2.0,2.0,Mumbai,Independent House,2000.0,372.18,0.0,Unfurnished,Under Construction,4.0,25.1
H10642,3428.0,6.0,4.0,Mumbai,Apartment,1994.0,355.9,1.0,Furnished,Ready to Move,3.0,15.9
H12393,4915.0,3.0,3.0,Chennai,Villa,2011.0,130.98,3.0,Unfurnished,Under Construction,3.0,2.2
H11954,4056.0,2.0,3.0,Hyderabad,Villa,2012.0,142.72,2.0,Unfurnished,Ready to Move,3.0,26.0
H12616,1604.0,2.0,1.0,Chennai,Townhouse,2005.0,119.8,1.0,Unfurnished,Ready to Move,4.0,22.1
H12631,2719.0,,3.0,Hyderabad,Villa,2016.0,111.98,3.0,Semi-Furnished,Under Construction,4.0,33.8
H13260,4723.0,5.0,4.0,Mumbai,Independent House,2012.0,309.92,1.0,Semi-Furnished,Ready to Move,1.0,32.5
H13169,3938.0,2.0,2.0,Kochi,Apartment,,160.89,3.0,Unfurnished,Ready to Move,2.0,13.6
H14629,4119.0,2.0,5.0,Mumbai,Independent House,,252.96,2.0,Semi-Furnished,Under Construction,,25.9
H14309,2965.0,2.0,3.0,Mumbai,Townhouse,2018.0,394.24,0.0,Unfurnished,Under Construction,4.0,6.4
H11885,1932.0,2.0,5.0,Bangalore,Independent House,1997.0,172.82,2.0,Unfurnished,Ready to Move,,19.5
H10390,3446.0,1.0,3.0,Hyderabad,Townhouse,2013.0,306.61,2.0,Semi-Furnished,Ready to Move,2.0,5.3
H12495,1405.0,6.0,1.0,Bangalore,Villa,2012.0,413.41,2.0,Semi-Furnished,Under Construction,2.0,33.7
H14572,2522.0,5.0,3.0,Coimbatore,Townhouse,2022.0,61.02,0.0,Furnished,Under Construction,4.0,29.2
H13322,751.0,1.0,5.0,Chennai,Independent House,2020.0,,3.0,Semi-Furnished,Ready to Move,3.0,18.8
H10846,2189.0,1.0,5.0,Coimbatore,Apartment,2009.0,322.15,3.0,Furnished,Ready to Move,4.0,33.7
H10543,559.0,3.0,5.0,Kochi,Townhouse,1999.0,414.01,2.0,Semi-Furnished,Under Construction,4.0,21.0
H10092,2120.0,3.0,2.0,Mumbai,Townhouse,1995.0,52.72,3.0,Furnished,Ready to Move,4.0,17.4
H13687,4584.0,6.0,1.0,Kochi,Independent House,2021.0,325.78,3.0,Furnished,Under Construction,4.0,25.1
H11980,2926.0,2.0,5.0,Pune,Independent House,1997.0,195.27,2.0,Furnished,Ready to Move,4.0,2.7
H12673,4285.0,1.0,4.0,Pune,Apartment,2018.0,143.03,2.0,Furnished,Ready to Move,2.0,
H13872,2980.0,3.0,2.0,Hyderabad,Independent House,1997.0,75.74,0.0,Furnished,Ready to Move,4.0,9.3
H12756,1638.0,,2.0,Hyderabad,Townhouse,1999.0,39.53,3.0,Semi-Furnished,Ready to Move,2.0,32.6
H12530,2324.0,1.0,2.0,Kochi,Independent House,2007.0,113.1,0.0,Unfurnished,Ready to Move,1.0,32.8
H11677,4647.0,1.0,1.0,Pune,Independent House,2015.0,203.18,3.0,Semi-Furnished,Under Construction,2.0,24.9
H11049,1790.0,5.0,1.0,Kochi,Townhouse,2025.0,159.9,2.0,Unfurnished,Ready to Move,1.0,11.9
H11961,4447.0,3.0,3.0,Bangalore,Apartment,2005.0,,3.0,Semi-Furnished,Under Construction,2.0,10.4
H12531,3009.0,4.0,5.0,Bangalore,Apartment,1993.0,172.92,0.0,Unfurnished,Under Construction,3.0,33.5
H12645,3690.0,5.0,5.0,Bangalore,Apartment,1990.0,258.92,3.0,Semi-Furnished,Under Construction,4.0,4.8
H10238,1509.0,4.0,2.0,Kochi,Independent House,2003.0,76.11,1.0,Unfurnished,Ready to Move,1.0,25.0
H12814,4503.0,5.0,5.0,Pune,Villa,2017.0,188.43,3.0,Unfurnished,Under Construction,1.0,22.7
H13310,2023.0,4.0,1.0,Hyderabad,Independent House,2025.0,31.53,3.0,Semi-Furnished,Under Construction,4.0,21.5
H11134,4963.0,4.0,5.0,Chennai,Apartment,2020.0,78.54,1.0,Semi-Furnished,Ready to Move,1.0,29.2
H11806,3335.0,2.0,3.0,Chennai,Villa,2003.0,334.81,1.0,Unfurnished,Under Construction,3.0,25.0
H13961,3535.0,1.0,1.0,Coimbatore,Apartment,2020.0,143.89,2.0,Furnished,Ready to Move,,21.1
H10164,4132.0,1.0,4.0,Coimbatore,Villa,1999.0,339.65,1.0,Semi-Furnished,Ready to Move,4.0,19.3
H13314,4315.0,2.0,2.0,,Villa,2003.0,223.2,0.0,Unfurnished,Under Construction,3.0,26.9
H14574,2808.0,3.0,3.0,Coimbatore,Villa,2006.0,212.8,0.0,Semi-Furnished,Under Construction,3.0,24.6
H14784,1388.0,1.0,3.0,Bangalore,Villa,2013.0,255.42,0.0,Unfurnished,Under Construction,3.0,24.1
H13277,4213.0,4.0,5.0,Bangalore,Independent House,1991.0,,2.0,Furnished,Ready to Move,3.0,17.5
H13040,794.0,6.0,3.0,Chennai,Villa,2017.0,25.72,0.0,Furnished,Under Construction,2.0,20.9
H14053,1601.0,4.0,4.0,Kochi,Apartment,2020.0,378.1,2.0,,Ready to Move,2.0,22.4
H13735,4021.0,4.0,1.0,Mumbai,Independent House,2000.0,,0.0,Unfurnished,Ready to Move,3.0,
H11812,3367.0,6.0,5.0,Chennai,Villa,2013.0,319.68,3.0,Semi-Furnished,Ready to Move,1.0,3.4
H12952,4125.0,2.0,3.0,Coimbatore,Apartment,2001.0,185.65,3.0,Unfurnished,Ready to Move,3.0,8.0
H11429,1444.0,1.0,3.0,Bangalore,Apartment,1995.0,439.65,0.0,Unfurnished,Ready to Move,2.0,29.4
H13448,4247.0,3.0,3.0,Kochi,Townhouse,2022.0,230.57,0.0,Furnished,Under Construction,2.0,3.0
H14155,4556.0,2.0,3.0,Chennai,Townhouse,2008.0,369.24,2.0,Semi-Furnished,Under Construction,1.0,
H14681,3652.0,2.0,5.0,Chennai,Villa,2016.0,102.02,2.0,Semi-Furnished,Ready to Move,,33.0
H14330,1333.0,6.0,4.0,Kochi,Villa,1993.0,429.27,2.0,Semi-Furnished,Under Construction,2.0,19.5
H14514,3763.0,1.0,3.0,Hyderabad,Villa,2007.0,75.5,0.0,Semi-Furnished,Under Construction,3.0,8.8
H13689,4801.0,2.0,2.0,Pune,Apartment,1997.0,92.36,0.0,Semi-Furnished,Ready to Move,4.0,31.2
H11453,3521.0,1.0,4.0,Hyderabad,Townhouse,2018.0,70.69,0.0,Furnished,Under Construction,2.0,24.0
H10594,3032.0,3.0,5.0,Mumbai,Villa,1996.0,93.24,1.0,Unfurnished,Ready to Move,2.0,24.0
H10042,3374.0,5.0,4.0,Chennai,Apartment,2024.0,412.89,3.0,Semi-Furnished,Ready to Move,2.0,34.7
H10561,2218.0,4.0,2.0,Pune,Independent House,2019.0,412.84,0.0,Unfurnished,Ready to Move,3.0,11.8
H12788,4807.0,,4.0,Bangalore,Independent House,1998.0,375.31,3.0,Unfurnished,Under Construction,3.0,21.9
H12887,1489.0,1.0,4.0,Bangalore,Independent House,1996.0,238.38,2.0,,Ready to Move,3.0,1.0
H10244,2755.0,3.0,2.0,Hyderabad,Townhouse,1996.0,445.48,3.0,Furnished,Ready to Move,3.0,3.5
H11340,1069.0,6.0,3.0,Hyderabad,Independent House,2005.0,58.14,2.0,Furnished,Under Construction,1.0,34.6
H12643,,4.0,2.0,Mumbai,Apartment,2006.0,447.28,0.0,Unfurnished,Under Construction,,15.4
H13290,924.0,1.0,3.0,Kochi,Apartment,2016.0,276.15,3.0,Unfurnished,Ready to Move,4.0,13.7
H14562,4921.0,5.0,4.0,Hyderabad,Villa,2005.0,107.41,3.0,Furnished,Under Construction,2.0,33.9
H11443,4252.0,2.0,,Bangalore,Townhouse,2008.0,180.06,0.0,Unfurnished,Ready to Move,4.0,18.7
H10262,1734.0,2.0,5.0,Bangalore,Independent House,2000.0,196.83,2.0,Semi-Furnished,Ready to Move,3.0,32.1
H12629,4890.0,3.0,1.0,Coimbatore,Villa,2016.0,338.43,1.0,Furnished,Under Construction,2.0,30.9
H11690,2025.0,2.0,1.0,Mumbai,Townhouse,1994.0,27.97,0.0,Unfurnished,Under Construction,4.0,13.4
H11726,1518.0,2.0,1.0,Chennai,Villa,2013.0,384.67,2.0,Unfurnished,Under Construction,1.0,27.0
H13853,,1.0,3.0,Mumbai,Townhouse,2010.0,218.91,2.0,Unfurnished,Ready to Move,2.0,4.1
H10835,3755.0,5.0,2.0,Bangalore,Villa,1996.0,214.44,0.0,Furnished,Ready to Move,1.0,5.8
H11867,3751.0,6.0,4.0,Bangalore,Apartment,,399.59,3.0,Furnished,Under Construction,1.0,29.7
H12497,,2.0,5.0,Kochi,Villa,1996.0,308.86,3.0,Unfurnished,Ready to Move,2.0,11.6
H12011,3387.0,2.0,4.0,Coimbatore,Independent House,2023.0,283.11,3.0,Furnished,Under Construction,1.0,31.7
H10341,4799.0,6.0,1.0,Mumbai,Independent House,2018.0,172.41,1.0,Furnished,Ready to Move,2.0,24.5
H12835,4782.0,1.0,5.0,Chennai,Townhouse,2019.0,51.08,2.0,Semi-Furnished,Under Construction,3.0,7.6
H11602,3782.0,3.0,5.0,Hyderabad,Apartment,2020.0,437.29,,Unfurnished,Ready to Move,1.0,28.1
H14848,4680.0,3.0,4.0,Bangalore,Independent House,2011.0,277.07,2.0,Semi-Furnished,Ready to Move,2.0,32.7
H14559,4294.0,1.0,1.0,Kochi,Apartment,2020.0,222.63,0.0,Semi-Furnished,Ready to Move,1.0,16.3
H10481,4684.0,1.0,1.0,Mumbai,Villa,1993.0,311.94,3.0,Semi-Furnished,Ready to Move,1.0,8.9
H12685,3712.0,2.0,1.0,Pune,Independent House,2025.0,240.2,0.0,Furnished,Ready to Move,3.0,27.0
H14698,4285.0,4.0,4.0,Hyderabad,Apartment,2023.0,63.09,3.0,Furnished,Ready to Move,2.0,31.8
H13221,4404.0,3.0,2.0,Pune,Villa,2020.0,201.97,2.0,Furnished,Under Construction,1.0,5.0
H14503,1212.0,5.0,4.0,Kochi,Independent House,2012.0,302.79,0.0,Furnished,Under Construction,1.0,23.7
H13199,2372.0,3.0,3.0,Chennai,Independent House,2018.0,276.95,1.0,Furnished,Under Construction,2.0,32.0
H13785,3454.0,1.0,2.0,Pune,Townhouse,1991.0,260.13,0.0,Unfurnished,Ready to Move,2.0,21.0
H11767,3211.0,2.0,3.0,Pune,Villa,2025.0,337.64,,Furnished,Under Construction,4.0,8.7
H14343,4563.0,3.0,2.0,Bangalore,Independent House,2007.0,,3.0,Furnished,Ready to Move,2.0,12.0
H12454,4290.0,2.0,3.0,Chennai,Townhouse,1995.0,419.09,1.0,Furnished,Ready to Move,2.0,9.7
H14755,4428.0,2.0,3.0,Coimbatore,Villa,2024.0,30.05,1.0,Unfurnished,Ready to Move,2.0,7.1
H13617,3171.0,6.0,5.0,Hyderabad,Villa,2017.0,158.46,1.0,Unfurnished,,,5.2
H13810,1494.0,6.0,3.0,Chennai,Apartment,2018.0,264.01,2.0,Furnished,Ready to Move,4.0,11.6
H14542,1190.0,3.0,3.0,Mumbai,Independent House,1999.0,134.57,3.0,Unfurnished,Under Construction,3.0,24.0
H14090,3631.0,6.0,5.0,Coimbatore,Villa,2006.0,419.58,0.0,Unfurnished,Under Construction,4.0,11.5
H11272,1985.0,6.0,4.0,Hyderabad,Townhouse,2018.0,185.2,3.0,Unfurnished,Under Construction,4.0,17.0
H12923,3777.0,1.0,,Chennai,Townhouse,1991.0,198.84,1.0,Semi-Furnished,Under Construction,2.0,17.8
H14371,4709.0,6.0,1.0,Coimbatore,Independent House,1994.0,279.65,0.0,Semi-Furnished,Ready to Move,2.0,31.8
H12938,582.0,1.0,3.0,Bangalore,Apartment,2001.0,285.81,2.0,Furnished,Under Construction,4.0,24.8
H10348,3668.0,1.0,2.0,Hyderabad,Townhouse,2008.0,33.26,1.0,Semi-Furnished,Under Construction,2.0,12.4
H13679,920.0,1.0,1.0,Chennai,Apartment,2018.0,349.2,1.0,Unfurnished,Under Construction,2.0,2.4
H14746,814.0,6.0,1.0,Coimbatore,Apartment,2020.0,386.79,1.0,Semi-Furnished,Ready to Move,2.0,19.7
H12563,1786.0,6.0,3.0,Chennai,Apartment,2018.0,89.01,0.0,Unfurnished,Ready to Move,2.0,5.3
H14458,1565.0,3.0,5.0,Pune,Townhouse,2012.0,117.87,1.0,Semi-Furnished,Under Construction,2.0,1.5
H11424,1449.0,4.0,5.0,Kochi,Townhouse,2008.0,394.65,2.0,Unfurnished,Under Construction,2.0,20.3
H10657,2196.0,1.0,3.0,Kochi,Villa,2015.0,239.98,0.0,Unfurnished,Under Construction,1.0,8.7
H12103,3740.0,2.0,1.0,Hyderabad,Villa,2019.0,140.45,0.0,Semi-Furnished,Under Construction,2.0,13.8
H10633,2943.0,3.0,1.0,Hyderabad,Villa,1999.0,442.39,1.0,Unfurnished,Ready to Move,4.0,13.6
H12494,2350.0,2.0,3.0,Pune,Independent House,2023.0,189.89,,Unfurnished,Under Construction,4.0,10.8
H13053,3351.0,2.0,5.0,Coimbatore,Apartment,2021.0,296.39,1.0,Semi-Furnished,Under Construction,2.0,21.0
H13899,2703.0,3.0,2.0,Pune,Villa,2001.0,135.23,0.0,Furnished,Under Construction,4.0,20.6
H14393,1582.0,1.0,2.0,Chennai,,2004.0,100.81,2.0,Semi-Furnished,Under Construction,3.0,
H12950,4870.0,1.0,2.0,Mumbai,Townhouse,2001.0,133.41,,Unfurnished,Ready to Move,2.0,27.2
H13413,1877.0,5.0,5.0,Coimbatore,Villa,2007.0,123.11,0.0,Unfurnished,Under Construction,2.0,10.6
H12501,2067.0,1.0,3.0,,Villa,2023.0,150.77,1.0,,Ready to Move,4.0,23.0
H11466,4003.0,6.0,3.0,Pune,Villa,2016.0,284.82,2.0,Furnished,Under Construction,3.0,
H12693,4282.0,2.0,3.0,Chennai,Independent House,1996.0,137.91,1.0,Semi-Furnished,Ready to Move,2.0,18.5
H10116,4177.0,5.0,2.0,Pune,Independent House,1991.0,155.21,2.0,,Ready to Move,3.0,2.9
H11822,4987.0,1.0,1.0,Hyderabad,Apartment,1992.0,354.62,0.0,Furnished,Under Construction,4.0,11.4
H11495,3602.0,2.0,5.0,Kochi,Townhouse,2020.0,327.94,3.0,Furnished,Under Construction,1.0,26.1
H12402,2770.0,1.0,5.0,Bangalore,Independent House,2017.0,217.62,3.0,Semi-Furnished,Under Construction,4.0,15.8
H11233,2546.0,5.0,3.0,Hyderabad,Independent House,2008.0,,3.0,Furnished,Ready to Move,,28.3
H12727,2274.0,1.0,1.0,Bangalore,Townhouse,2024.0,374.3,0.0,Furnished,Under Construction,1.0,23.0
H11154,981.0,2.0,4.0,Chennai,Townhouse,2008.0,48.22,3.0,Unfurnished,Under Construction,3.0,34.9
H13648,4063.0,1.0,3.0,,Independent House,1992.0,187.69,2.0,Unfurnished,Ready to Move,1.0,32.1
H10058,4393.0,5.0,4.0,Mumbai,Independent House,2004.0,168.89,2.0,Furnished,Under Construction,1.0,18.2
H13222,,1.0,2.0,Bangalore,Villa,2017.0,363.95,0.0,Furnished,Under Construction,2.0,28.5
H14163,4356.0,3.0,4.0,Hyderabad,Townhouse,2025.0,135.94,1.0,Unfurnished,Under Construction,1.0,
H14797,4606.0,,2.0,Hyderabad,Villa,2006.0,89.75,2.0,Unfurnished,Under Construction,2.0,21.8
H11736,4558.0,2.0,4.0,Chennai,Townhouse,,413.74,3.0,Unfurnished,Under Construction,1.0,19.7
H12197,1390.0,6.0,5.0,Mumbai,Townhouse,2010.0,75.18,0.0,Unfurnished,Ready to Move,3.0,20.8
H13373,,4.0,2.0,Bangalore,Villa,2010.0,38.03,1.0,Semi-Furnished,Under Construction,3.0,28.8
H12476,1279.0,1.0,2.0,Hyderabad,Townhouse,2009.0,404.75,1.0,Semi-Furnished,Under Construction,4.0,26.8
H12565,1700.0,2.0,5.0,Kochi,Villa,2007.0,256.55,1.0,Unfurnished,Ready to Move,3.0,3.0
H12999,3543.0,6.0,3.0,Chennai,Villa,2020.0,169.29,2.0,Furnished,Under Construction,3.0,4.8
H13827,4824.0,1.0,1.0,,Villa,2006.0,195.53,3.0,Furnished,Ready to Move,4.0,33.2
H13470,1352.0,1.0,5.0,Bangalore,Villa,2017.0,97.9,1.0,Unfurnished,Ready to Move,1.0,22.9
H10708,3145.0,3.0,5.0,Pune,Apartment,1997.0,443.17,0.0,Unfurnished,Under Construction,1.0,3.1
H14156,2175.0,2.0,4.0,Bangalore,Apartment,1997.0,277.43,3.0,Furnished,Ready to Move,3.0,17.8
H11094,1178.0,5.0,1.0,Kochi,Townhouse,2017.0,232.78,2.0,Unfurnished,Ready to Move,2.0,19.8
H13381,3892.0,2.0,5.0,Bangalore,Independent House,1991.0,151.62,3.0,Semi-Furnished,Under Construction,1.0,20.5
H11377,1328.0,3.0,5.0,Pune,Villa,2014.0,125.01,3.0,Unfurnished,Ready to Move,3.0,12.5
H10073,1042.0,5.0,2.0,Mumbai,Apartment,2012.0,58.87,2.0,Unfurnished,Under Construction,1.0,19.5
H11923,4043.0,4.0,4.0,Kochi,Independent House,,310.53,,Unfurnished,Under Construction,4.0,14.5
H13014,,3.0,1.0,,Villa,2017.0,39.98,3.0,Furnished,Under Construction,4.0,5.8
H11765,3324.0,5.0,5.0,Mumbai,Townhouse,2021.0,304.56,,Unfurnished,Ready to Move,3.0,3.1
H10744,1892.0,4.0,4.0,Pune,Apartment,2006.0,166.4,0.0,Semi-Furnished,Ready to Move,4.0,34.2
H12733,3970.0,5.0,2.0,Mumbai,Townhouse,1993.0,189.14,3.0,Unfurnished,Under Construction,,20.0
H11006,2631.0,6.0,5.0,Chennai,Independent House,2014.0,395.1,2.0,Semi-Furnished,Under Construction,3.0,32.0
H11191,,5.0,1.0,Hyderabad,Villa,2016.0,349.13,3.0,Unfurnished,Under Construction,1.0,2.9
H13492,686.0,4.0,3.0,Coimbatore,Villa,2003.0,274.2,0.0,Semi-Furnished,Under Construction,4.0,13.7
H14012,,4.0,3.0,Pune,Villa,2024.0,433.64,1.0,Furnished,Ready to Move,1.0,34.5
H11126,3011.0,3.0,,Bangalore,Townhouse,2020.0,122.83,0.0,Semi-Furnished,Under Construction,3.0,1.4
H11242,3154.0,5.0,1.0,Mumbai,Townhouse,1996.0,208.81,0.0,Semi-Furnished,Under Construction,3.0,8.8
H12706,3004.0,1.0,2.0,Bangalore,Villa,2009.0,310.98,0.0,Unfurnished,Under Construction,4.0,9.2
H13941,1269.0,1.0,4.0,Hyderabad,Townhouse,2001.0,43.53,3.0,Unfurnished,Under Construction,4.0,26.3
H14210,4664.0,2.0,5.0,Coimbatore,Townhouse,2010.0,134.35,1.0,Semi-Furnished,Under Construction,2.0,32.1
H10999,4348.0,5.0,3.0,Pune,Independent House,2003.0,388.18,3.0,Unfurnished,Under Construction,3.0,21.2
H13485,4485.0,5.0,2.0,Hyderabad,Townhouse,1994.0,149.52,,Unfurnished,Under Construction,2.0,11.6
H11578,1564.0,6.0,1.0,Bangalore,Apartment,2024.0,438.7,3.0,Furnished,Ready to Move,2.0,2.2
H14651,2422.0,6.0,3.0,Coimbatore,Villa,2003.0,359.64,1.0,Furnished,Ready to Move,,28.1
H11827,3275.0,5.0,4.0,Mumbai,Townhouse,,127.16,3.0,Furnished,Under Construction,,30.0
H13762,1122.0,,1.0,Chennai,Villa,2018.0,35.3,1.0,Unfurnished,Under Construction,1.0,10.3
H14840,3410.0,6.0,3.0,Hyderabad,Independent House,2009.0,237.47,3.0,Furnished,Ready to Move,3.0,17.7
H14486,4527.0,5.0,2.0,Mumbai,Independent House,2017.0,72.05,1.0,Semi-Furnished,Under Construction,3.0,7.3
H10441,1717.0,6.0,2.0,Bangalore,Townhouse,1995.0,180.26,0.0,Furnished,Ready to Move,1.0,31.0
H14803,4467.0,6.0,2.0,Kochi,Villa,2024.0,231.39,3.0,Furnished,Ready to Move,4.0,33.0
H11101,2969.0,2.0,5.0,Hyderabad,Townhouse,2006.0,252.71,0.0,Furnished,Under Construction,2.0,3.0
H13804,3805.0,6.0,3.0,Bangalore,Villa,2015.0,63.1,0.0,Furnished,Under Construction,3.0,23.5
H13265,3522.0,6.0,4.0,Bangalore,Apartment,2006.0,300.66,1.0,Semi-Furnished,Under Construction,3.0,31.7
H10650,1188.0,1.0,1.0,Coimbatore,Independent House,1992.0,216.14,1.0,Furnished,Under Construction,3.0,33.7
H11547,1518.0,4.0,1.0,Mumbai,Apartment,2002.0,124.97,0.0,Furnished,Ready to Move,2.0,29.5
H14757,4404.0,1.0,4.0,Chennai,Townhouse,2021.0,255.18,2.0,Furnished,Ready to Move,3.0,
H13380,1914.0,5.0,3.0,Mumbai,Apartment,2015.0,67.63,3.0,Furnished,Ready to Move,3.0,10.1
H13027,3293.0,4.0,1.0,Hyderabad,Villa,2015.0,348.85,2.0,Semi-Furnished,Under Construction,1.0,20.7
H10631,4450.0,1.0,3.0,,Townhouse,2024.0,390.86,0.0,Unfurnished,Ready to Move,2.0,3.7
H10673,616.0,1.0,2.0,Pune,Independent House,1991.0,149.26,3.0,Semi-Furnished,Ready to Move,1.0,10.1
H11250,3269.0,2.0,5.0,Bangalore,Townhouse,1998.0,302.29,1.0,Furnished,Under Construction,3.0,33.9
H10483,4818.0,4.0,1.0,Coimbatore,Townhouse,1990.0,176.06,2.0,Unfurnished,Ready to Move,2.0,4.7
H11585,4035.0,3.0,3.0,Bangalore,Independent House,1998.0,388.24,3.0,Furnished,Ready to Move,3.0,9.1
H14493,4681.0,2.0,2.0,Chennai,Apartment,1998.0,56.59,0.0,Semi-Furnished,Under Construction,1.0,29.5
H12884,4526.0,4.0,2.0,Bangalore,Apartment,1998.0,226.96,3.0,Semi-Furnished,Under Construction,3.0,24.8
H11463,953.0,2.0,3.0,Chennai,Townhouse,2005.0,274.52,2.0,Semi-Furnished,Ready to Move,2.0,21.1
H13726,3897.0,5.0,5.0,Kochi,Villa,2005.0,326.17,2.0,Unfurnished,Ready to Move,1.0,
H13439,2423.0,5.0,4.0,Bangalore,Independent House,2012.0,366.45,2.0,Unfurnished,Under Construction,3.0,4.8
H12579,3985.0,2.0,3.0,Mumbai,Townhouse,2006.0,75.58,1.0,Unfurnished,Ready to Move,1.0,29.0
H10050,3702.0,6.0,4.0,Coimbatore,Independent House,2010.0,144.76,0.0,Unfurnished,Ready to Move,1.0,10.7
H14164,2269.0,3.0,5.0,Hyderabad,Apartment,,76.96,2.0,Semi-Furnished,Ready to Move,3.0,32.2
H13931,3442.0,6.0,2.0,,Independent House,2006.0,429.53,2.0,Furnished,Under Construction,4.0,18.1
H10859,3917.0,,1.0,Kochi,Independent House,2015.0,408.67,2.0,Semi-Furnished,Ready to Move,2.0,13.1
H11073,765.0,5.0,2.0,Mumbai,Independent House,1997.0,151.64,3.0,Furnished,Under Construction,2.0,32.5
H10720,3312.0,1.0,4.0,Mumbai,Apartment,2007.0,325.5,1.0,Furnished,Ready to Move,2.0,12.7
H12998,2246.0,3.0,3.0,Coimbatore,Apartment,,83.09,,Semi-Furnished,Under Construction,4.0,
H12632,2722.0,6.0,3.0,,Apartment,2020.0,390.02,3.0,Unfurnished,Under Construction,3.0,30.0
H11661,4981.0,2.0,5.0,Pune,Independent House,2002.0,83.38,1.0,Furnished,Under Construction,3.0,2.6
H11657,1554.0,3.0,3.0,Hyderabad,Townhouse,2018.0,376.26,0.0,Furnished,Under Construction,4.0,19.2
H12426,1635.0,6.0,1.0,Pune,Townhouse,2016.0,443.5,3.0,Unfurnished,Ready to Move,3.0,25.0
H13345,1856.0,5.0,1.0,Chennai,Apartment,2006.0,251.93,2.0,Unfurnished,Under Construction,1.0,6.4
H14107,4222.0,2.0,1.0,,Independent House,2013.0,,1.0,Semi-Furnished,Under Construction,4.0,8.1
H14826,1453.0,3.0,5.0,Mumbai,Apartment,2020.0,30.74,0.0,Furnished,Ready to Move,4.0,24.0
H13143,4616.0,1.0,3.0,Chennai,Villa,2023.0,396.64,3.0,Semi-Furnished,Ready to Move,4.0,10.6
H14346,2339.0,6.0,3.0,Coimbatore,Independent House,1991.0,281.34,0.0,Furnished,Under Construction,3.0,10.2
H14614,1149.0,4.0,5.0,Mumbai,Townhouse,2025.0,91.59,2.0,Furnished,Ready to Move,3.0,27.4
H13937,602.0,6.0,2.0,Mumbai,Townhouse,2015.0,,0.0,Semi-Furnished,Ready to Move,2.0,18.7
H12607,4771.0,6.0,3.0,Bangalore,Independent House,2002.0,206.55,1.0,Semi-Furnished,Under Construction,3.0,20.8
H11386,1263.0,4.0,1.0,Chennai,Independent House,2000.0,352.83,1.0,Semi-Furnished,Under Construction,3.0,4.8
H13635,3935.0,3.0,4.0,Bangalore,Townhouse,2025.0,344.52,,Unfurnished,Ready to Move,1.0,10.6
H11400,3591.0,1.0,1.0,Chennai,Townhouse,2018.0,169.04,1.0,Furnished,Ready to Move,3.0,11.4
H11196,2580.0,6.0,5.0,Coimbatore,Townhouse,2000.0,322.84,1.0,Semi-Furnished,Ready to Move,3.0,17.0
H11409,3694.0,2.0,1.0,Hyderabad,Independent House,2000.0,208.03,2.0,Semi-Furnished,Under Construction,3.0,5.7
H13625,1220.0,1.0,4.0,Hyderabad,Villa,1993.0,71.33,2.0,Furnished,Under Construction,1.0,15.1
H11799,698.0,3.0,5.0,Mumbai,Villa,2002.0,269.57,2.0,Furnished,Ready to Move,4.0,32.8
H11476,4940.0,2.0,5.0,Chennai,Villa,2008.0,375.16,3.0,Unfurnished,Ready to Move,4.0,25.5
H13054,635.0,5.0,4.0,Chennai,Apartment,2023.0,290.56,1.0,Unfurnished,Ready to Move,2.0,22.7
H10036,,5.0,1.0,Coimbatore,Townhouse,2018.0,53.07,0.0,,Under Construction,3.0,26.1
H13361,3011.0,2.0,1.0,Pune,Independent House,1996.0,115.61,1.0,Unfurnished,Under Construction,1.0,27.6
H12346,3797.0,1.0,2.0,Coimbatore,Apartment,2009.0,269.51,3.0,Unfurnished,Ready to Move,3.0,33.8
H13018,3782.0,2.0,1.0,Chennai,Independent House,1990.0,68.23,0.0,Furnished,Under Construction,3.0,13.2
H12360,3051.0,4.0,1.0,Pune,Townhouse,2023.0,70.66,3.0,Furnished,Ready to Move,4.0,2.4
H12207,1721.0,3.0,4.0,Coimbatore,Independent House,2000.0,55.9,0.0,Semi-Furnished,Ready to Move,2.0,20.5
H13570,3229.0,4.0,4.0,Chennai,Independent House,2016.0,380.45,1.0,Semi-Furnished,Ready to Move,4.0,26.8
H11287,1236.0,4.0,4.0,Pune,Independent House,2012.0,70.47,0.0,Semi-Furnished,Ready to Move,1.0,13.7
H10350,3609.0,5.0,5.0,Bangalore,Independent House,2007.0,76.93,2.0,Unfurnished,Ready to Move,1.0,19.7
H12138,1569.0,4.0,1.0,Bangalore,,2002.0,119.14,3.0,Semi-Furnished,Ready to Move,3.0,29.2
H12692,2843.0,4.0,1.0,Mumbai,Villa,2003.0,125.31,2.0,Furnished,Under Construction,,1.6
H13904,2990.0,4.0,3.0,Hyderabad,Apartment,2004.0,380.62,2.0,Furnished,Ready to Move,4.0,16.8
H14069,2511.0,6.0,1.0,Coimbatore,Townhouse,2011.0,429.29,2.0,Unfurnished,Under Construction,1.0,18.5
H11682,4995.0,1.0,4.0,Hyderabad,Independent House,2015.0,352.76,0.0,Furnished,Under Construction,4.0,10.9
H13815,4432.0,3.0,3.0,Pune,Independent House,2008.0,168.23,0.0,Unfurnished,Ready to Move,2.0,29.7
H11444,2906.0,3.0,5.0,Pune,Villa,1993.0,442.73,2.0,Semi-Furnished,Under Construction,4.0,2.2
H13772,4089.0,1.0,2.0,Pune,Townhouse,1995.0,142.72,3.0,Semi-Furnished,Ready to Move,4.0,21.9
H11672,3091.0,6.0,5.0,Mumbai,Villa,2006.0,310.4,0.0,Semi-Furnished,Under Construction,3.0,4.5
H12802,2918.0,1.0,4.0,Kochi,Townhouse,2014.0,182.82,,Unfurnished,Under Construction,2.0,12.4
H11180,2346.0,4.0,1.0,,Townhouse,2002.0,391.18,2.0,Unfurnished,Ready to Move,4.0,10.3
H14007,1617.0,5.0,1.0,Chennai,Townhouse,2020.0,181.81,1.0,Furnished,Ready to Move,3.0,7.4
H13672,1199.0,4.0,2.0,Pune,Villa,2012.0,147.33,1.0,Furnished,Ready to Move,1.0,22.9
H10373,4296.0,1.0,3.0,Hyderabad,Apartment,2019.0,54.34,1.0,Semi-Furnished,Ready to Move,3.0,17.9
H13428,4371.0,2.0,2.0,Bangalore,Villa,1991.0,119.68,3.0,Semi-Furnished,Ready to Move,1.0,9.8
H11917,3107.0,5.0,3.0,Pune,Apartment,2007.0,363.47,0.0,Semi-Furnished,Under Construction,3.0,26.2
H11358,666.0,1.0,1.0,Coimbatore,Apartment,2017.0,,3.0,Semi-Furnished,Ready to Move,2.0,27.0
H11826,4687.0,6.0,4.0,Hyderabad,Apartment,2025.0,348.12,0.0,Unfurnished,Under Construction,4.0,16.0
H10787,3262.0,2.0,5.0,Hyderabad,Townhouse,2004.0,405.84,3.0,Semi-Furnished,Under Construction,1.0,11.9
H10470,1874.0,1.0,2.0,Mumbai,Villa,2020.0,222.4,2.0,Unfurnished,Under Construction,1.0,3.9
H10141,4007.0,5.0,2.0,Hyderabad,Apartment,2024.0,36.98,0.0,Semi-Furnished,Under Construction,4.0,19.1
H10789,,2.0,5.0,Pune,Apartment,2011.0,,3.0,Unfurnished,Under Construction,4.0,9.5
H10324,666.0,5.0,1.0,Pune,Townhouse,1996.0,378.41,2.0,Semi-Furnished,Under Construction,3.0,3.9
H13910,3659.0,1.0,2.0,Kochi,Villa,,238.54,2.0,Semi-Furnished,Ready to Move,2.0,18.9
H10715,667.0,1.0,1.0,Coimbatore,Independent House,2017.0,426.78,0.0,Furnished,Ready to Move,1.0,3.2
H14358,4721.0,1.0,3.0,Hyderabad,Townhouse,2014.0,41.97,2.0,Unfurnished,Under Construction,2.0,10.4
H12447,2929.0,1.0,2.0,Hyderabad,Apartment,2017.0,241.08,0.0,Unfurnished,Under Construction,4.0,33.5
H14673,2889.0,1.0,5.0,Kochi,Independent House,2020.0,406.42,0.0,Furnished,Ready to Move,4.0,25.3
H14289,1766.0,2.0,1.0,Bangalore,Independent House,1999.0,260.62,1.0,Furnished,Under Construction,2.0,9.5
H14463,1819.0,4.0,3.0,Chennai,Villa,1996.0,282.49,0.0,Unfurnished,Under Construction,4.0,14.9
H12861,3137.0,3.0,5.0,Mumbai,Villa,2016.0,372.32,2.0,Semi-Furnished,Under Construction,2.0,20.8
H12667,1684.0,5.0,1.0,Pune,Townhouse,2025.0,364.27,3.0,Furnished,Under Construction,4.0,33.9
H10407,1225.0,5.0,2.0,Kochi,Villa,2019.0,240.37,2.0,Semi-Furnished,Under Construction,4.0,31.0
H13189,4172.0,1.0,3.0,Hyderabad,Villa,2010.0,60.98,0.0,Semi-Furnished,Ready to Move,2.0,11.0
H11005,590.0,5.0,5.0,Coimbatore,Villa,2012.0,26.47,3.0,Semi-Furnished,Ready to Move,1.0,27.1
H12851,4538.0,4.0,3.0,Kochi,Townhouse,2023.0,327.56,3.0,Semi-Furnished,Ready to Move,2.0,1.6
H10891,2540.0,6.0,2.0,Mumbai,Independent House,1998.0,443.83,0.0,Unfurnished,Under Construction,2.0,34.9
H12412,835.0,5.0,1.0,Hyderabad,Apartment,2024.0,38.08,1.0,Semi-Furnished,Ready to Move,2.0,24.6
H12546,4855.0,4.0,5.0,Chennai,Townhouse,2002.0,221.42,2.0,Semi-Furnished,Ready to Move,1.0,24.9
H13261,3423.0,2.0,2.0,Chennai,Apartment,2015.0,127.42,0.0,Unfurnished,Under Construction,1.0,28.2
H12391,830.0,5.0,2.0,Kochi,Townhouse,2003.0,352.63,2.0,Unfurnished,Ready to Move,1.0,20.9
H14136,4173.0,3.0,1.0,Kochi,Independent House,2001.0,248.57,0.0,Furnished,Under Construction,2.0,15.6
H10043,3162.0,1.0,1.0,Pune,Independent House,2003.0,31.62,2.0,Furnished,Ready to Move,2.0,11.5
H13144,3018.0,1.0,3.0,Chennai,Apartment,2016.0,333.15,1.0,Unfurnished,Ready to Move,1.0,5.0
H10304,1698.0,6.0,3.0,Pune,Independent House,2021.0,53.99,1.0,Furnished,Ready to Move,1.0,
H14383,2631.0,2.0,1.0,Mumbai,Villa,2002.0,315.04,1.0,,Ready to Move,1.0,32.7
H13552,3522.0,5.0,5.0,Pune,Apartment,2002.0,51.27,1.0,Semi-Furnished,Under Construction,2.0,32.7
H10665,1263.0,1.0,5.0,Chennai,Villa,2005.0,437.08,3.0,,Under Construction,2.0,17.8
H11178,3103.0,3.0,5.0,Pune,Independent House,2006.0,272.68,1.0,,Under Construction,2.0,4.7
H12677,3117.0,6.0,1.0,Bangalore,Apartment,1998.0,103.41,1.0,Furnished,Ready to Move,3.0,28.2
H11948,2698.0,4.0,5.0,Chennai,Townhouse,2013.0,358.57,1.0,Semi-Furnished,Under Construction,2.0,28.2
H12502,1906.0,6.0,,Bangalore,Townhouse,2018.0,138.18,3.0,Unfurnished,Under Construction,1.0,5.5
H11474,3529.0,4.0,2.0,Coimbatore,Independent House,2003.0,218.77,2.0,Unfurnished,Under Construction,3.0,9.6
H13341,4104.0,4.0,4.0,Mumbai,Villa,2014.0,131.39,3.0,Furnished,Under Construction,3.0,9.4
H12133,1686.0,6.0,3.0,Coimbatore,Apartment,2004.0,227.76,1.0,Furnished,Under Construction,2.0,8.5
H11027,3913.0,3.0,5.0,Mumbai,Townhouse,1995.0,278.65,0.0,Semi-Furnished,Ready to Move,1.0,12.5
H10962,4245.0,2.0,2.0,Bangalore,Independent House,2014.0,48.5,2.0,Furnished,Under Construction,2.0,10.4
H12010,4247.0,,1.0,Coimbatore,Townhouse,,348.3,2.0,Furnished,Under Construction,1.0,27.6
H12150,624.0,5.0,5.0,Mumbai,Townhouse,2019.0,26.96,2.0,Unfurnished,Under Construction,3.0,19.1
H13195,2541.0,6.0,5.0,Hyderabad,Villa,1993.0,284.33,3.0,Unfurnished,Under Construction,1.0,29.3
H12339,2248.0,4.0,2.0,Chennai,Townhouse,2016.0,,0.0,Furnished,Under Construction,2.0,12.7
H13686,3275.0,1.0,5.0,Bangalore,Villa,2008.0,332.24,2.0,Unfurnished,Under Construction,1.0,27.3
H10305,,5.0,3.0,Hyderabad,Apartment,2008.0,58.28,2.0,Furnished,Ready to Move,3.0,7.9
H11441,2477.0,4.0,1.0,Coimbatore,Townhouse,2019.0,154.55,0.0,Semi-Furnished,Under Construction,4.0,7.7
H11497,2075.0,3.0,5.0,Bangalore,Independent House,2022.0,345.68,0.0,Unfurnished,Ready to Move,2.0,30.7
H12653,1927.0,2.0,3.0,Mumbai,Villa,2018.0,101.81,2.0,Furnished,Ready to Move,2.0,14.0
H10917,2882.0,5.0,4.0,Kochi,Townhouse,2011.0,416.26,2.0,Furnished,Ready to Move,4.0,2.3
H14031,4028.0,1.0,3.0,Hyderabad,Villa,2008.0,388.56,0.0,Semi-Furnished,Under Construction,3.0,13.2
H13530,4532.0,1.0,2.0,Chennai,Apartment,2003.0,235.17,0.0,Furnished,Ready to Move,1.0,22.2
H12773,2564.0,2.0,5.0,Mumbai,Independent House,,58.93,2.0,Semi-Furnished,Ready to Move,2.0,28.2
H11625,4639.0,6.0,1.0,Mumbai,Villa,2007.0,397.73,2.0,Semi-Furnished,Ready to Move,4.0,17.9
H14267,2603.0,5.0,4.0,Pune,Townhouse,,214.69,3.0,Furnished,Ready to Move,1.0,34.4
H10822,3441.0,3.0,2.0,Hyderabad,Independent House,2005.0,429.41,0.0,Semi-Furnished,Ready to Move,3.0,30.1
H13134,4525.0,2.0,2.0,Bangalore,Townhouse,2025.0,442.2,0.0,Semi-Furnished,Ready to Move,3.0,18.3
H11355,2313.0,5.0,4.0,Kochi,Independent House,2014.0,63.94,3.0,Furnished,Ready to Move,4.0,10.2
H14367,4532.0,3.0,2.0,Hyderabad,Villa,2000.0,143.84,1.0,Unfurnished,Under Construction,4.0,25.4
H10851,4426.0,3.0,2.0,Kochi,Independent House,,212.84,0.0,Furnished,Ready to Move,4.0,26.1
H11001,624.0,4.0,5.0,Kochi,Villa,2007.0,93.52,1.0,Unfurnished,Ready to Move,4.0,32.9
H13922,1398.0,1.0,3.0,Chennai,Independent House,2013.0,253.17,3.0,Semi-Furnished,Ready to Move,3.0,20.2
H10019,1632.0,5.0,3.0,Kochi,Independent House,2018.0,394.76,0.0,Unfurnished,Ready to Move,2.0,9.2
H11638,3539.0,2.0,1.0,Kochi,Independent House,2016.0,261.83,3.0,Unfurnished,Ready to Move,2.0,24.9
H11668,690.0,5.0,1.0,Chennai,Townhouse,2019.0,260.77,,Unfurnished,,2.0,9.6
H10494,1054.0,1.0,4.0,Coimbatore,Townhouse,2017.0,205.38,2.0,Unfurnished,Under Construction,2.0,21.5
H13923,2582.0,1.0,5.0,Hyderabad,Apartment,2001.0,116.35,0.0,Furnished,Under Construction,4.0,21.3
H13536,4102.0,2.0,,,Townhouse,1992.0,405.31,3.0,Semi-Furnished,Ready to Move,4.0,5.0
H13090,1178.0,2.0,5.0,Hyderabad,Independent House,2014.0,422.46,3.0,Furnished,Under Construction,3.0,20.1
H13432,3106.0,2.0,4.0,Mumbai,Independent House,2025.0,117.57,,Furnished,Under Construction,2.0,22.5
H10688,1426.0,1.0,1.0,Mumbai,Villa,1993.0,381.8,2.0,Furnished,Ready to Move,2.0,25.0
H13538,2792.0,6.0,4.0,Pune,Apartment,1998.0,218.69,1.0,Semi-Furnished,Ready to Move,1.0,23.8
H11609,3723.0,1.0,2.0,Coimbatore,Apartment,2008.0,143.72,1.0,Furnished,Ready to Move,1.0,34.5
H13874,4516.0,4.0,1.0,Bangalore,Independent House,2011.0,251.56,2.0,Unfurnished,Under Construction,3.0,33.6
H13968,4518.0,2.0,5.0,Kochi,Townhouse,,116.24,2.0,Furnished,Under Construction,4.0,30.3
H11010,2624.0,6.0,4.0,Kochi,Apartment,2014.0,385.52,3.0,Furnished,Ready to Move,1.0,2.9
H12409,2010.0,2.0,5.0,Mumbai,Apartment,1990.0,58.76,1.0,Furnished,Under Construction,1.0,3.1
H11093,4980.0,4.0,3.0,Chennai,Apartment,2022.0,78.6,1.0,Unfurnished,Ready to Move,4.0,29.2
H11328,2530.0,,5.0,Pune,Townhouse,2012.0,403.39,2.0,Furnished,Ready to Move,1.0,
H11678,4566.0,6.0,2.0,Kochi,Apartment,2001.0,402.0,0.0,Semi-Furnished,Ready to Move,2.0,
H12000,2266.0,2.0,1.0,Kochi,Villa,2024.0,399.39,0.0,Unfurnished,Under Construction,4.0,34.0
H11311,3751.0,1.0,4.0,Chennai,Independent House,2023.0,407.07,1.0,Furnished,Ready to Move,2.0,2.9
H11988,2766.0,,5.0,Hyderabad,Independent House,2022.0,409.86,2.0,Furnished,Ready to Move,3.0,32.6
H13464,1194.0,2.0,2.0,Pune,Apartment,1996.0,222.64,0.0,Semi-Furnished,Ready to Move,3.0,8.6
H10345,3906.0,3.0,4.0,Bangalore,Apartment,1992.0,337.98,3.0,Furnished,Under Construction,1.0,10.4
H13919,3085.0,1.0,1.0,Kochi,Townhouse,2011.0,192.28,2.0,Semi-Furnished,Under Construction,2.0,6.2
H10987,3149.0,6.0,2.0,Pune,Villa,2016.0,114.3,3.0,Furnished,Ready to Move,3.0,5.1
H13650,4021.0,5.0,,Hyderabad,Townhouse,2016.0,255.66,0.0,Unfurnished,Under Construction,1.0,34.3
H13609,4866.0,6.0,4.0,Pune,Independent House,1999.0,316.94,0.0,Unfurnished,Ready to Move,4.0,5.3
H14352,3578.0,1.0,2.0,Coimbatore,Villa,2025.0,408.36,1.0,Unfurnished,Ready to Move,1.0,6.1
H13796,4025.0,6.0,2.0,Coimbatore,Villa,2013.0,124.81,1.0,Unfurnished,Under Construction,2.0,4.0
H12935,4012.0,5.0,,Kochi,Independent House,1993.0,415.37,3.0,Furnished,Ready to Move,4.0,33.2
H12876,2555.0,4.0,2.0,Chennai,Independent House,2006.0,40.54,0.0,Furnished,Under Construction,4.0,17.5
H11143,3980.0,3.0,4.0,Pune,Townhouse,2001.0,158.67,1.0,Unfurnished,Under Construction,4.0,17.1
H12359,2508.0,3.0,4.0,,Townhouse,2025.0,249.04,3.0,Semi-Furnished,Ready to Move,1.0,7.4
H11199,2483.0,6.0,2.0,Hyderabad,Apartment,2005.0,370.6,0.0,Furnished,Ready to Move,2.0,3.9
H10086,3654.0,2.0,,Chennai,Apartment,2014.0,120.1,1.0,Furnished,Under Construction,4.0,18.6
H11519,1179.0,3.0,5.0,Bangalore,Villa,1995.0,198.99,2.0,Unfurnished,Ready to Move,2.0,20.6
H13986,3355.0,5.0,2.0,Coimbatore,Villa,2007.0,429.95,3.0,Semi-Furnished,Ready to Move,1.0,18.7
H11382,3486.0,3.0,4.0,Pune,Villa,2022.0,145.95,1.0,Unfurnished,Ready to Move,4.0,10.7
H12717,914.0,3.0,,,Apartment,1994.0,439.36,1.0,Unfurnished,Ready to Move,2.0,10.0
H12928,4225.0,3.0,2.0,Mumbai,Independent House,2017.0,207.1,3.0,Semi-Furnished,Ready to Move,4.0,28.8
H11015,3503.0,1.0,3.0,Bangalore,Independent House,2002.0,163.39,0.0,Furnished,Under Construction,1.0,6.1
H10129,4963.0,3.0,5.0,Chennai,Apartment,2009.0,346.96,1.0,Unfurnished,Under Construction,1.0,33.3
H11365,4410.0,6.0,2.0,Chennai,Independent House,1994.0,145.05,3.0,Unfurnished,Under Construction,4.0,25.1
H14333,1562.0,,5.0,Mumbai,Villa,2010.0,299.03,3.0,Unfurnished,Ready to Move,4.0,24.2
H12965,942.0,1.0,3.0,Mumbai,Apartment,1992.0,203.96,0.0,Unfurnished,Under Construction,1.0,8.2
H10892,4122.0,5.0,4.0,Mumbai,Townhouse,2022.0,56.96,0.0,Semi-Furnished,Under Construction,2.0,8.1
H12794,1788.0,6.0,3.0,Pune,Independent House,1998.0,298.74,0.0,,Ready to Move,4.0,25.2
H14082,3346.0,4.0,4.0,Hyderabad,Villa,1990.0,252.15,2.0,Semi-Furnished,Under Construction,4.0,4.7
H11360,1133.0,5.0,2.0,Bangalore,Independent House,1999.0,237.36,2.0,Furnished,Under Construction,4.0,30.5
H10308,3210.0,3.0,1.0,Chennai,Apartment,1997.0,114.85,0.0,Semi-Furnished,Ready to Move,4.0,12.1
H11662,2388.0,5.0,4.0,Kochi,Independent House,1991.0,223.63,0.0,Unfurnished,Under Construction,1.0,2.2
H12432,2042.0,6.0,4.0,Kochi,Independent House,2022.0,358.17,0.0,Unfurnished,Ready to Move,3.0,22.0
H14471,4846.0,2.0,3.0,Mumbai,Apartment,2025.0,245.78,2.0,Furnished,Under Construction,3.0,
H11318,4061.0,3.0,4.0,Kochi,Independent House,2009.0,305.81,3.0,Furnished,Ready to Move,1.0,25.6
H14178,3208.0,4.0,1.0,Mumbai,Independent House,1994.0,185.12,3.0,Unfurnished,Ready to Move,1.0,16.6
H12475,4907.0,2.0,5.0,Kochi,Independent House,2010.0,432.28,2.0,Furnished,Under Construction,4.0,4.2
H12543,2416.0,2.0,4.0,Bangalore,Apartment,2025.0,299.61,1.0,Furnished,Ready to Move,2.0,21.5
H11247,1106.0,5.0,4.0,Bangalore,Villa,2016.0,,2.0,Unfurnished,Under Construction,1.0,11.8
H11209,4685.0,4.0,4.0,Mumbai,Apartment,1997.0,448.77,3.0,Furnished,Ready to Move,4.0,5.8
H10217,3419.0,5.0,5.0,Mumbai,Villa,2021.0,412.63,2.0,Semi-Furnished,Ready to Move,3.0,19.6
H14167,1446.0,1.0,2.0,Hyderabad,Independent House,2006.0,237.82,,Furnished,Ready to Move,4.0,21.1
H12908,1224.0,3.0,2.0,Bangalore,Independent House,2002.0,156.0,1.0,Semi-Furnished,Ready to Move,2.0,22.6
H11240,2254.0,2.0,5.0,Mumbai,Apartment,1994.0,439.26,0.0,Furnished,Under Construction,1.0,17.8
H12290,3750.0,4.0,3.0,Chennai,Apartment,2021.0,376.39,3.0,Semi-Furnished,,3.0,12.3
H12741,1777.0,3.0,5.0,Chennai,,2004.0,119.12,0.0,Semi-Furnished,Ready to Move,,35.0
H10276,704.0,3.0,3.0,Hyderabad,Apartment,2011.0,153.54,2.0,Unfurnished,Ready to Move,1.0,28.1
H10490,2508.0,6.0,4.0,Bangalore,Independent House,2020.0,387.09,2.0,Furnished,Under Construction,3.0,33.9
H11036,1883.0,5.0,4.0,Kochi,Independent House,2017.0,59.98,2.0,Semi-Furnished,Under Construction,3.0,17.3
H11230,2141.0,4.0,3.0,Hyderabad,Independent House,2015.0,111.62,2.0,Furnished,Ready to Move,1.0,17.3
H14765,3220.0,5.0,2.0,Coimbatore,Independent House,1998.0,85.08,0.0,Semi-Furnished,Under Construction,1.0,5.0
H11009,4602.0,3.0,1.0,Bangalore,Apartment,2004.0,214.69,3.0,Semi-Furnished,Under Construction,2.0,12.2
H13849,4520.0,3.0,1.0,Coimbatore,Townhouse,,398.7,3.0,Furnished,Ready to Move,1.0,29.8
H12963,1791.0,6.0,2.0,Bangalore,Townhouse,2006.0,100.3,3.0,Unfurnished,Under Construction,4.0,6.6
H13023,2155.0,1.0,3.0,Kochi,Townhouse,1998.0,220.53,2.0,Unfurnished,Ready to Move,3.0,28.1
H12533,4358.0,3.0,3.0,Coimbatore,Villa,2003.0,149.88,2.0,Furnished,Under Construction,2.0,28.5
H14017,2240.0,2.0,4.0,Bangalore,Independent House,2007.0,346.2,0.0,,Ready to Move,3.0,18.0
H11059,2008.0,2.0,5.0,Coimbatore,Apartment,2004.0,433.96,1.0,Unfurnished,Ready to Move,1.0,33.8
H12167,1253.0,5.0,1.0,Pune,Apartment,2024.0,161.21,2.0,Unfurnished,Under Construction,2.0,19.3
H13202,1070.0,1.0,5.0,Hyderabad,Independent House,1995.0,329.35,3.0,Semi-Furnished,Ready to Move,3.0,34.5
H10282,4891.0,6.0,3.0,Pune,Villa,1997.0,107.21,1.0,Furnished,Under Construction,,
H13385,3512.0,6.0,4.0,Pune,,2015.0,196.75,2.0,Furnished,Ready to Move,1.0,18.1
H11317,4003.0,1.0,4.0,Chennai,Apartment,2013.0,106.15,0.0,Unfurnished,Ready to Move,1.0,27.7
H14830,3026.0,3.0,5.0,Bangalore,Apartment,1990.0,41.55,0.0,Semi-Furnished,Under Construction,1.0,24.8
H10969,4144.0,5.0,5.0,Coimbatore,Independent House,2018.0,93.65,1.0,Furnished,Ready to Move,4.0,11.8
H12967,4266.0,5.0,3.0,Mumbai,Independent House,2023.0,303.33,3.0,Semi-Furnished,Under Construction,4.0,21.9
H13717,,3.0,5.0,Chennai,Apartment,2009.0,211.98,2.0,Unfurnished,Ready to Move,4.0,28.7
H13007,3195.0,1.0,3.0,Mumbai,Independent House,2005.0,58.45,2.0,Furnished,Ready to Move,,8.0
H13340,2745.0,6.0,1.0,Kochi,Townhouse,2006.0,199.31,1.0,Semi-Furnished,Under Construction,1.0,5.6
H10620,2269.0,4.0,4.0,Bangalore,Independent House,1995.0,301.93,1.0,Semi-Furnished,Under Construction,1.0,2.9
H14102,4732.0,3.0,3.0,Hyderabad,Townhouse,2011.0,166.39,1.0,Semi-Furnished,Ready to Move,2.0,
H11743,1740.0,4.0,5.0,Chennai,Independent House,1999.0,94.5,0.0,Unfurnished,Under Construction,4.0,21.1
H11391,4594.0,3.0,1.0,Hyderabad,Apartment,,437.45,2.0,Semi-Furnished,Ready to Move,1.0,9.9
H13842,2961.0,3.0,1.0,Bangalore,Independent House,2010.0,289.69,2.0,Semi-Furnished,Ready to Move,2.0,22.2
H11848,2510.0,5.0,5.0,Chennai,Apartment,2024.0,439.65,2.0,Semi-Furnished,Ready to Move,4.0,20.5
H11580,2068.0,2.0,3.0,Hyderabad,Independent House,2025.0,307.16,0.0,Unfurnished,Ready to Move,1.0,5.3
H11656,2961.0,5.0,1.0,Bangalore,Townhouse,2023.0,325.24,1.0,Semi-Furnished,Under Construction,1.0,11.8
H12353,3490.0,5.0,4.0,Kochi,Independent House,1993.0,55.59,2.0,Furnished,Under Construction,2.0,33.4
H12213,4509.0,2.0,1.0,Chennai,Villa,2025.0,166.2,1.0,Furnished,Under Construction,4.0,6.3
H12021,588.0,6.0,4.0,Kochi,Apartment,1992.0,243.19,0.0,Furnished,Under Construction,3.0,4.3
H14824,872.0,2.0,1.0,Mumbai,Villa,1996.0,250.86,3.0,,Under Construction,2.0,34.2
H11957,3638.0,4.0,1.0,Chennai,Villa,2003.0,349.46,0.0,Semi-Furnished,Ready to Move,2.0,31.6
H11308,2754.0,5.0,4.0,Pune,Townhouse,1999.0,51.1,2.0,Furnished,Under Construction,,10.0
H12004,1072.0,4.0,5.0,Bangalore,Townhouse,2005.0,194.91,2.0,Semi-Furnished,Under Construction,4.0,18.6
H10576,1320.0,,5.0,Pune,Apartment,2020.0,118.12,0.0,Semi-Furnished,Under Construction,3.0,13.6
H13879,3923.0,2.0,5.0,Bangalore,Villa,2002.0,418.92,0.0,Furnished,Under Construction,1.0,11.6
H14072,3206.0,6.0,3.0,Coimbatore,Independent House,1998.0,76.12,1.0,Unfurnished,Under Construction,3.0,31.4
H11707,1866.0,5.0,1.0,Pune,Apartment,2008.0,408.72,2.0,Furnished,Under Construction,1.0,19.9
H13631,3989.0,3.0,1.0,Hyderabad,Independent House,2023.0,84.31,0.0,Furnished,Under Construction,2.0,7.9
H13293,3800.0,2.0,2.0,Chennai,Apartment,1994.0,334.96,0.0,Semi-Furnished,Under Construction,1.0,30.1
H11281,1467.0,6.0,2.0,Mumbai,Independent House,2010.0,349.92,0.0,Semi-Furnished,Under Construction,4.0,2.3
H10862,2342.0,6.0,4.0,Coimbatore,Apartment,2022.0,329.46,3.0,Unfurnished,Ready to Move,3.0,9.3
H13965,886.0,4.0,2.0,Pune,Apartment,,425.2,1.0,Furnished,Ready to Move,4.0,34.0
H11802,1562.0,4.0,5.0,Coimbatore,Apartment,2020.0,210.14,1.0,Semi-Furnished,Ready to Move,3.0,13.2
H11629,3425.0,3.0,1.0,Mumbai,Apartment,2020.0,420.22,1.0,Semi-Furnished,Under Construction,3.0,28.4
H11994,2746.0,1.0,1.0,Chennai,Independent House,2003.0,167.13,2.0,Furnished,Under Construction,2.0,18.1
H12640,2486.0,4.0,5.0,Mumbai,Apartment,2003.0,61.43,3.0,Semi-Furnished,Under Construction,3.0,18.6
H10270,3283.0,6.0,2.0,Pune,Apartment,2005.0,47.97,1.0,Semi-Furnished,Ready to Move,2.0,20.6
H10630,3672.0,1.0,5.0,Pune,Apartment,1998.0,172.26,1.0,Semi-Furnished,Under Construction,3.0,18.4
H12335,4381.0,5.0,4.0,Mumbai,Villa,2004.0,373.46,2.0,Semi-Furnished,Under Construction,3.0,27.8
H10301,4319.0,3.0,5.0,Chennai,Independent House,1996.0,150.14,3.0,Unfurnished,Under Construction,3.0,19.2
H10460,3786.0,2.0,5.0,Mumbai,Villa,2010.0,45.36,1.0,Semi-Furnished,Under Construction,2.0,18.7
H11448,2539.0,5.0,2.0,Pune,Independent House,2010.0,172.75,3.0,Furnished,Under Construction,3.0,30.1
H11473,1991.0,3.0,3.0,Pune,Villa,1992.0,117.91,0.0,Semi-Furnished,Under Construction,2.0,25.8
H12047,4304.0,1.0,2.0,Chennai,Apartment,2017.0,57.3,3.0,Semi-Furnished,,1.0,15.9
H14106,1819.0,6.0,2.0,Bangalore,Independent House,2009.0,289.82,1.0,Unfurnished,Under Construction,3.0,9.3
H13568,4443.0,1.0,4.0,Pune,Independent House,1993.0,103.69,1.0,Semi-Furnished,Ready to Move,3.0,33.9
H12114,1143.0,6.0,2.0,Coimbatore,Villa,2020.0,93.84,0.0,Furnished,Ready to Move,2.0,
H10028,2449.0,5.0,5.0,Mumbai,Independent House,2025.0,357.56,3.0,Semi-Furnished,Ready to Move,1.0,2.2
H13639,593.0,4.0,4.0,Coimbatore,Apartment,2002.0,332.78,1.0,Unfurnished,Under Construction,4.0,32.4
H14392,697.0,2.0,4.0,Hyderabad,Independent House,2020.0,339.99,0.0,Unfurnished,Under Construction,1.0,31.8
H10838,2899.0,2.0,4.0,Coimbatore,Apartment,2006.0,160.94,1.0,Unfurnished,Under Construction,2.0,34.1
H13627,4125.0,5.0,5.0,Bangalore,Apartment,2006.0,85.77,1.0,Furnished,Ready to Move,3.0,8.4
H12009,4590.0,2.0,5.0,Bangalore,Apartment,,276.98,3.0,Furnished,Ready to Move,4.0,12.6
H14763,584.0,6.0,3.0,Pune,Independent House,1994.0,312.36,0.0,Unfurnished,Under Construction,2.0,17.7
H10504,4725.0,3.0,1.0,Chennai,Apartment,2021.0,302.1,3.0,Furnished,Ready to Move,3.0,3.7
H13995,3959.0,6.0,4.0,Pune,Independent House,2010.0,139.48,1.0,Furnished,Ready to Move,2.0,16.4
H14205,3168.0,3.0,1.0,Kochi,Independent House,2005.0,300.54,1.0,Unfurnished,Under Construction,2.0,21.8
H10381,4930.0,5.0,1.0,Kochi,Villa,2013.0,185.1,2.0,Unfurnished,Ready to Move,3.0,7.3
H14060,,5.0,2.0,Pune,Townhouse,1995.0,145.46,0.0,Semi-Furnished,Ready to Move,2.0,21.6
H11526,2910.0,3.0,3.0,Bangalore,Apartment,2017.0,240.67,1.0,Unfurnished,Ready to Move,2.0,14.0
H14085,3517.0,1.0,3.0,Pune,Apartment,2021.0,428.27,2.0,Furnished,Under Construction,3.0,6.5
H13066,4188.0,6.0,1.0,Bangalore,Villa,2023.0,73.59,3.0,Furnished,Under Construction,4.0,21.6
H12885,2301.0,4.0,1.0,Bangalore,Townhouse,1998.0,155.95,0.0,Furnished,Under Construction,2.0,32.6
H12341,3143.0,1.0,4.0,Bangalore,Independent House,2002.0,299.26,1.0,Furnished,Under Construction,1.0,10.3
H10375,2118.0,6.0,5.0,Coimbatore,Apartment,2020.0,245.3,1.0,Semi-Furnished,Ready to Move,1.0,2.3
H13095,4479.0,3.0,1.0,Bangalore,Apartment,2006.0,33.53,0.0,Unfurnished,Under Construction,3.0,10.4
H12382,,5.0,3.0,Coimbatore,Townhouse,2007.0,48.9,2.0,Unfurnished,Under Construction,3.0,28.9
H14184,715.0,6.0,5.0,Coimbatore,Apartment,1997.0,162.54,3.0,Unfurnished,Under Construction,2.0,32.1
H10940,4958.0,3.0,4.0,Bangalore,Townhouse,2001.0,265.71,0.0,Unfurnished,Ready to Move,2.0,27.3
H13649,2998.0,5.0,5.0,Coimbatore,Independent House,2016.0,368.74,2.0,Furnished,Under Construction,2.0,1.9
H14004,3246.0,5.0,4.0,Mumbai,Townhouse,2004.0,430.49,3.0,Unfurnished,Ready to Move,4.0,15.4
H12800,2138.0,2.0,2.0,Coimbatore,Independent House,2019.0,63.66,1.0,Semi-Furnished,Under Construction,1.0,3.1
H12148,2675.0,2.0,2.0,Coimbatore,Independent House,1999.0,297.24,0.0,Semi-Furnished,Under Construction,3.0,31.5
H13619,3743.0,4.0,2.0,Bangalore,Townhouse,1997.0,386.59,2.0,Unfurnished,Under Construction,4.0,32.1
H14408,1720.0,5.0,4.0,Bangalore,Villa,2024.0,62.96,1.0,Semi-Furnished,Ready to Move,2.0,6.6
H14094,3904.0,5.0,4.0,Bangalore,Independent House,2023.0,195.56,0.0,Semi-Furnished,Under Construction,4.0,19.8
H12069,1978.0,2.0,2.0,Hyderabad,Independent House,2001.0,382.32,3.0,Unfurnished,Under Construction,3.0,24.1
H10530,1089.0,1.0,3.0,Chennai,Villa,2003.0,439.9,0.0,Semi-Furnished,Under Construction,3.0,19.9
H13537,568.0,5.0,1.0,Hyderabad,Townhouse,1996.0,217.75,0.0,Unfurnished,Under Construction,3.0,11.3
H10637,2303.0,1.0,3.0,Coimbatore,Villa,2002.0,344.71,2.0,Furnished,Under Construction,4.0,5.4
H11270,1797.0,4.0,3.0,Bangalore,Independent House,2023.0,413.65,0.0,Furnished,Under Construction,3.0,10.3
H10186,2352.0,3.0,2.0,Kochi,Villa,2011.0,130.21,1.0,Semi-Furnished,Ready to Move,,4.9
H13620,3216.0,,4.0,Hyderabad,Independent House,2004.0,355.8,2.0,Furnished,Ready to Move,2.0,22.6
H14306,4675.0,2.0,1.0,Pune,Townhouse,2011.0,48.66,,Semi-Furnished,Under Construction,3.0,2.6
H13278,2031.0,2.0,3.0,Pune,Apartment,2005.0,428.16,3.0,Furnished,Ready to Move,3.0,16.7
H11798,835.0,5.0,1.0,,,2002.0,349.55,,Unfurnished,Ready to Move,3.0,15.3
H12980,1010.0,6.0,2.0,Hyderabad,Apartment,2009.0,211.51,3.0,Furnished,Under Construction,3.0,17.8
H11442,4354.0,4.0,2.0,Coimbatore,Townhouse,2001.0,215.54,0.0,Unfurnished,Ready to Move,2.0,13.7
H14472,1071.0,3.0,4.0,Mumbai,Independent House,2021.0,295.15,1.0,Semi-Furnished,Under Construction,1.0,11.8
H14731,2023.0,2.0,2.0,Kochi,Villa,2015.0,368.25,1.0,Furnished,Under Construction,2.0,1.0
H11536,2129.0,1.0,4.0,Coimbatore,Apartment,2024.0,,0.0,Semi-Furnished,Under Construction,4.0,27.4
H14431,2601.0,6.0,4.0,Chennai,Townhouse,,309.65,0.0,Unfurnished,Ready to Move,4.0,11.8
H11274,2932.0,3.0,2.0,Hyderabad,Townhouse,1999.0,220.46,2.0,Unfurnished,Under Construction,1.0,30.4
H13896,1237.0,1.0,4.0,Bangalore,Independent House,,189.99,0.0,,Under Construction,1.0,15.8
H10608,4714.0,2.0,3.0,Kochi,Villa,1997.0,59.59,3.0,Furnished,Under Construction,1.0,29.1
H13214,3350.0,5.0,1.0,Mumbai,Townhouse,2000.0,283.2,0.0,Unfurnished,Ready to Move,2.0,9.0
H11713,2012.0,4.0,2.0,Coimbatore,Independent House,1995.0,68.58,1.0,,Under Construction,2.0,23.7
H12200,2847.0,2.0,3.0,Hyderabad,Townhouse,2003.0,259.82,3.0,Unfurnished,Ready to Move,,20.4
H10956,1493.0,2.0,3.0,Mumbai,Apartment,2002.0,150.89,,Furnished,Ready to Move,2.0,8.9
H12580,2439.0,3.0,4.0,Pune,Townhouse,2023.0,226.07,0.0,Furnished,Ready to Move,2.0,
H13694,3596.0,5.0,3.0,Chennai,Villa,1991.0,144.21,3.0,Unfurnished,Ready to Move,4.0,14.9
H14295,3360.0,4.0,3.0,Chennai,Independent House,1993.0,366.08,,Unfurnished,Under Construction,3.0,3.3
H13208,3102.0,6.0,1.0,Mumbai,Villa,2001.0,220.0,0.0,Semi-Furnished,Under Construction,2.0,33.8
H13497,3022.0,6.0,5.0,Coimbatore,Townhouse,1994.0,111.11,0.0,Semi-Furnished,Under Construction,4.0,18.7
H10404,1278.0,,,,Townhouse,2016.0,300.67,1.0,Furnished,Under Construction,3.0,14.7
H12072,3687.0,6.0,1.0,Hyderabad,Villa,2024.0,135.79,2.0,Furnished,Ready to Move,4.0,10.9
H14618,930.0,1.0,3.0,Hyderabad,Independent House,2005.0,303.55,1.0,Unfurnished,Ready to Move,4.0,
H11978,4389.0,5.0,2.0,Kochi,Villa,2000.0,228.39,3.0,Unfurnished,Under Construction,3.0,10.7
H10159,4939.0,1.0,3.0,Bangalore,Villa,2024.0,80.17,2.0,Furnished,Ready to Move,2.0,6.4
H11749,3596.0,3.0,5.0,Pune,Townhouse,1996.0,85.98,3.0,Furnished,Ready to Move,4.0,8.7
H12910,2708.0,6.0,5.0,Chennai,Townhouse,2010.0,282.19,3.0,Furnished,Under Construction,3.0,3.0
H13954,857.0,4.0,1.0,Hyderabad,Apartment,2014.0,304.53,3.0,Semi-Furnished,Ready to Move,1.0,29.0
H10903,891.0,4.0,2.0,Coimbatore,Townhouse,1990.0,283.34,2.0,Furnished,Under Construction,2.0,21.7
H10353,3029.0,1.0,3.0,Kochi,Villa,1998.0,110.54,2.0,Unfurnished,Ready to Move,1.0,4.0
H11231,3661.0,4.0,3.0,Hyderabad,Apartment,2016.0,384.94,,Furnished,Under Construction,4.0,2.4
H14535,875.0,5.0,1.0,Coimbatore,Townhouse,2005.0,135.58,0.0,Semi-Furnished,Under Construction,1.0,6.7
H12141,2998.0,3.0,1.0,Chennai,Villa,1992.0,313.53,3.0,Unfurnished,Ready to Move,4.0,10.5
H10445,3532.0,1.0,5.0,Mumbai,Townhouse,1991.0,183.21,2.0,Furnished,Under Construction,3.0,3.6
H14800,2273.0,5.0,1.0,Bangalore,Independent House,2006.0,271.29,1.0,,Ready to Move,2.0,21.9
H10755,4577.0,4.0,5.0,Chennai,Villa,2013.0,52.05,0.0,Semi-Furnished,Ready to Move,4.0,31.2
H11738,2899.0,6.0,2.0,Mumbai,Townhouse,1999.0,238.86,1.0,Semi-Furnished,Under Construction,1.0,1.3
H12972,4421.0,4.0,5.0,,Independent House,2000.0,206.39,2.0,Semi-Furnished,Ready to Move,4.0,34.1
H14831,3890.0,1.0,2.0,Kochi,Villa,2008.0,86.91,1.0,Unfurnished,Under Construction,4.0,23.6
H12921,4473.0,1.0,4.0,Mumbai,Independent House,1998.0,156.35,2.0,Semi-Furnished,Ready to Move,3.0,24.8
H10312,1426.0,3.0,2.0,Bangalore,Townhouse,2021.0,96.81,1.0,Semi-Furnished,Under Construction,3.0,10.4
H10549,2743.0,4.0,2.0,Coimbatore,Villa,,44.75,0.0,Unfurnished,Under Construction,4.0,10.9
H14791,2863.0,2.0,2.0,Hyderabad,Townhouse,2016.0,386.78,1.0,Unfurnished,Under Construction,1.0,27.6
H14624,915.0,6.0,1.0,Hyderabad,Townhouse,2020.0,435.03,3.0,Furnished,Under Construction,4.0,26.3
H11990,927.0,5.0,2.0,Bangalore,Independent House,2008.0,117.22,2.0,Unfurnished,Under Construction,4.0,6.6
H10307,3041.0,1.0,1.0,Chennai,Townhouse,1990.0,296.62,1.0,Unfurnished,Ready to Move,4.0,34.1
H12336,1791.0,4.0,2.0,Hyderabad,Independent House,2000.0,244.87,3.0,Furnished,Ready to Move,4.0,17.5
H10695,2283.0,1.0,5.0,Hyderabad,,2009.0,175.98,2.0,Unfurnished,Ready to Move,2.0,11.7
H12357,705.0,1.0,5.0,Mumbai,Independent House,,404.26,1.0,Furnished,Under Construction,1.0,21.6
H11928,566.0,2.0,3.0,Chennai,Townhouse,2005.0,384.51,3.0,Semi-Furnished,Ready to Move,1.0,7.1
H10685,4064.0,5.0,,Chennai,Independent House,2003.0,108.18,1.0,Semi-Furnished,Ready to Move,3.0,25.0
H10750,2588.0,1.0,4.0,Mumbai,Apartment,2005.0,449.43,0.0,Furnished,Under Construction,2.0,26.0
H13083,1150.0,3.0,4.0,Pune,Apartment,1991.0,128.22,3.0,Semi-Furnished,Under Construction,3.0,3.1
H11267,1557.0,2.0,3.0,Mumbai,Townhouse,2013.0,429.23,3.0,Semi-Furnished,Under Construction,1.0,31.0
H13817,4941.0,6.0,4.0,Kochi,Apartment,1998.0,70.31,1.0,Unfurnished,Ready to Move,3.0,1.5
H13350,2855.0,6.0,3.0,Kochi,Independent House,2021.0,425.82,0.0,Unfurnished,Under Construction,3.0,21.7
H14293,1328.0,4.0,5.0,Chennai,Villa,2021.0,308.26,2.0,Unfurnished,Under Construction,3.0,27.0
H13779,2874.0,6.0,2.0,Bangalore,Independent House,1997.0,36.61,3.0,Furnished,Ready to Move,2.0,32.3
H13026,1825.0,3.0,2.0,Hyderabad,Townhouse,1996.0,351.87,1.0,Semi-Furnished,Under Construction,2.0,28.1
H10971,3740.0,5.0,5.0,Coimbatore,Villa,1998.0,273.68,2.0,Furnished,Under Construction,2.0,18.3
H10014,1734.0,1.0,5.0,Coimbatore,Independent House,2001.0,154.81,0.0,Unfurnished,Ready to Move,4.0,18.9
H10874,4052.0,4.0,1.0,Chennai,Independent House,1991.0,352.92,0.0,Semi-Furnished,,4.0,19.0
H10809,3618.0,6.0,2.0,Hyderabad,Villa,1992.0,360.91,0.0,Furnished,Under Construction,1.0,26.2
H10515,1946.0,2.0,2.0,Chennai,Townhouse,2006.0,264.1,1.0,Furnished,Ready to Move,3.0,30.8
H14551,4516.0,4.0,1.0,Chennai,Apartment,2004.0,335.66,1.0,Unfurnished,Ready to Move,4.0,32.0
H10410,3517.0,2.0,3.0,Kochi,Villa,2020.0,33.92,3.0,Furnished,Under Construction,4.0,20.9
H13234,2670.0,1.0,3.0,Coimbatore,Townhouse,1991.0,396.64,3.0,Semi-Furnished,Ready to Move,2.0,23.0
H14216,2185.0,3.0,5.0,Hyderabad,,,27.55,0.0,Semi-Furnished,Ready to Move,3.0,28.1
H10208,4473.0,5.0,1.0,Hyderabad,Townhouse,2019.0,258.21,,Semi-Furnished,Ready to Move,3.0,19.4
H14728,1759.0,4.0,3.0,Hyderabad,Independent House,2000.0,336.75,1.0,Furnished,Ready to Move,4.0,25.9
H10459,2090.0,6.0,1.0,Chennai,Villa,2013.0,386.52,2.0,Unfurnished,Ready to Move,2.0,1.2
H13795,4055.0,6.0,5.0,,Independent House,2000.0,340.56,0.0,Semi-Furnished,Ready to Move,1.0,2.5
H12431,2135.0,6.0,1.0,Bangalore,Apartment,1999.0,227.63,0.0,Furnished,Ready to Move,1.0,17.8
H13472,745.0,2.0,5.0,Chennai,Villa,2005.0,179.87,1.0,Unfurnished,Under Construction,2.0,9.2
H10111,3175.0,3.0,1.0,Coimbatore,Apartment,2001.0,155.56,2.0,Furnished,Under Construction,2.0,22.0
H13551,3938.0,2.0,3.0,Kochi,Villa,1998.0,206.7,3.0,Furnished,Under Construction,4.0,4.5
H13837,4406.0,6.0,1.0,Coimbatore,Villa,2023.0,351.88,1.0,Semi-Furnished,Ready to Move,4.0,2.4
H11884,2698.0,2.0,4.0,Hyderabad,Villa,2011.0,300.8,3.0,,Ready to Move,3.0,7.1
H11714,2134.0,6.0,2.0,Pune,Apartment,1991.0,137.56,2.0,Furnished,Ready to Move,3.0,27.5
H13753,1064.0,2.0,4.0,Hyderabad,Townhouse,1996.0,68.68,2.0,Furnished,Under Construction,,25.8
H13226,956.0,4.0,3.0,Kochi,Townhouse,2016.0,154.66,0.0,Unfurnished,Ready to Move,2.0,23.7
H10553,4550.0,1.0,4.0,Hyderabad,Townhouse,2022.0,107.45,0.0,,Under Construction,2.0,20.5
H11440,3977.0,1.0,2.0,Hyderabad,Apartment,,102.69,1.0,Semi-Furnished,Ready to Move,2.0,14.8
H12271,4952.0,2.0,5.0,Bangalore,Townhouse,2001.0,242.5,0.0,Furnished,Ready to Move,2.0,15.6
H12822,4999.0,5.0,3.0,Mumbai,Apartment,2000.0,371.59,0.0,Semi-Furnished,Under Construction,3.0,3.8
H14642,3097.0,2.0,3.0,Pune,Apartment,2017.0,173.92,2.0,Furnished,Under Construction,3.0,10.5
H11926,3222.0,5.0,5.0,Mumbai,Townhouse,2002.0,174.11,,Semi-Furnished,Ready to Move,4.0,9.0
H10635,3143.0,3.0,1.0,Kochi,Independent House,2024.0,179.36,1.0,Furnished,,4.0,23.5
H14665,1051.0,4.0,,Chennai,Apartment,1990.0,260.32,1.0,Furnished,Under Construction,2.0,13.9
H10317,2243.0,2.0,1.0,Bangalore,Apartment,2014.0,190.06,3.0,Unfurnished,Under Construction,2.0,24.3
H14095,3061.0,3.0,2.0,Pune,Villa,2016.0,73.53,3.0,Unfurnished,Under Construction,3.0,13.7
H14564,792.0,1.0,3.0,Coimbatore,Apartment,2004.0,213.71,1.0,Semi-Furnished,Ready to Move,2.0,18.4
H11329,2405.0,6.0,3.0,Chennai,Independent House,2006.0,28.93,0.0,Unfurnished,Under Construction,4.0,30.2
H10428,945.0,4.0,2.0,Pune,Villa,2019.0,136.24,0.0,Semi-Furnished,Ready to Move,2.0,
H14818,1629.0,6.0,5.0,Kochi,Villa,2024.0,150.8,2.0,Unfurnished,Ready to Move,1.0,
H10106,3792.0,2.0,4.0,Bangalore,Independent House,2009.0,445.36,3.0,Furnished,Under Construction,2.0,21.6
H13042,1479.0,1.0,2.0,Bangalore,Villa,2020.0,343.27,,Semi-Furnished,Under Construction,2.0,10.0
H10143,4246.0,5.0,4.0,Mumbai,Villa,2010.0,272.66,3.0,Semi-Furnished,Under Construction,2.0,25.5
H12170,3881.0,1.0,5.0,Hyderabad,Independent House,1990.0,209.17,0.0,Furnished,Under Construction,1.0,11.1
H13162,4382.0,,5.0,Hyderabad,Villa,2013.0,109.94,1.0,Unfurnished,Ready to Move,4.0,30.2
H10090,3281.0,1.0,4.0,Hyderabad,Townhouse,2020.0,448.65,0.0,Semi-Furnished,Ready to Move,2.0,29.7
H12919,2827.0,4.0,1.0,Coimbatore,Villa,2023.0,285.68,1.0,Furnished,Ready to Move,1.0,23.5
H12242,3765.0,4.0,3.0,Kochi,Townhouse,2011.0,48.62,2.0,Unfurnished,Under Construction,1.0,3.5
H13238,2842.0,1.0,5.0,,Townhouse,1994.0,65.03,0.0,Furnished,Under Construction,2.0,8.0
H12164,1096.0,5.0,1.0,Coimbatore,Apartment,2019.0,236.89,3.0,Unfurnished,Under Construction,2.0,15.9
H12637,1346.0,1.0,3.0,Hyderabad,Independent House,2011.0,,2.0,Furnished,Ready to Move,1.0,30.1
H11950,3821.0,6.0,3.0,Mumbai,Villa,2021.0,110.65,1.0,Furnished,Ready to Move,3.0,26.7
H11769,4424.0,2.0,2.0,Pune,Villa,2001.0,106.0,3.0,Furnished,Ready to Move,4.0,4.6
H13117,3421.0,5.0,3.0,Bangalore,Townhouse,2000.0,447.48,0.0,Furnished,Under Construction,3.0,26.8
H12273,4207.0,1.0,3.0,Hyderabad,Independent House,2023.0,268.94,0.0,Furnished,Ready to Move,4.0,8.1
H10002,4322.0,1.0,5.0,Kochi,Townhouse,1992.0,81.47,1.0,Semi-Furnished,Under Construction,2.0,25.2
H13558,1366.0,1.0,5.0,Coimbatore,Independent House,1993.0,229.98,0.0,Furnished,Under Construction,4.0,4.2
H14809,3646.0,2.0,5.0,Mumbai,Apartment,2010.0,172.72,1.0,Furnished,Ready to Move,3.0,14.3
H11952,4732.0,1.0,3.0,Hyderabad,Townhouse,2002.0,336.42,2.0,Semi-Furnished,Ready to Move,4.0,3.8
H13888,3686.0,1.0,3.0,Pune,Townhouse,2006.0,308.7,1.0,Semi-Furnished,Under Construction,3.0,4.5
H14171,2982.0,6.0,4.0,Coimbatore,Independent House,2024.0,190.88,3.0,Unfurnished,Under Construction,2.0,4.3
H12721,2413.0,3.0,2.0,Kochi,Apartment,1999.0,251.62,0.0,Unfurnished,Ready to Move,2.0,31.8
H13308,4110.0,2.0,5.0,Chennai,Independent House,2017.0,270.84,1.0,,Ready to Move,2.0,17.1
H11110,680.0,2.0,4.0,Chennai,Apartment,2011.0,392.87,1.0,Unfurnished,Under Construction,2.0,34.6
H13406,4451.0,4.0,2.0,Kochi,Apartment,2005.0,409.31,3.0,Semi-Furnished,Ready to Move,1.0,10.5
H10592,1879.0,4.0,2.0,Mumbai,Apartment,2022.0,92.51,1.0,Unfurnished,Under Construction,3.0,3.8
H11696,3488.0,1.0,3.0,Pune,Townhouse,1997.0,426.96,0.0,Furnished,Ready to Move,4.0,15.0
H12937,2074.0,4.0,2.0,Kochi,,1990.0,208.19,0.0,Semi-Furnished,Ready to Move,3.0,29.8
H14075,4113.0,1.0,3.0,Kochi,Independent House,2003.0,390.45,0.0,Furnished,Ready to Move,2.0,22.9
H14056,3740.0,3.0,5.0,Pune,,2014.0,247.03,1.0,Semi-Furnished,,1.0,31.5
H11577,678.0,3.0,5.0,Mumbai,Villa,1993.0,33.5,1.0,Unfurnished,Ready to Move,1.0,18.7
H13750,4389.0,2.0,5.0,Pune,,2014.0,227.07,0.0,Unfurnished,Ready to Move,4.0,12.3
H10214,3511.0,5.0,5.0,Kochi,Villa,2013.0,282.66,1.0,Furnished,Ready to Move,2.0,25.8
H10779,2999.0,1.0,1.0,Coimbatore,Apartment,1997.0,308.82,3.0,Semi-Furnished,Under Construction,3.0,6.3
H11416,3939.0,,5.0,Chennai,Villa,2000.0,308.89,3.0,Unfurnished,Under Construction,1.0,1.2
H13591,933.0,6.0,2.0,Mumbai,Apartment,1996.0,76.24,2.0,Furnished,Under Construction,1.0,3.6
H12044,4733.0,5.0,3.0,Kochi,Apartment,2018.0,392.55,0.0,Semi-Furnished,Under Construction,2.0,34.1
H12849,4668.0,5.0,1.0,,Villa,2022.0,260.14,0.0,Furnished,Ready to Move,1.0,14.2
H14405,3586.0,3.0,2.0,Bangalore,Apartment,2005.0,160.37,1.0,Furnished,Under Construction,4.0,30.3
H13327,4095.0,5.0,2.0,Bangalore,Townhouse,2012.0,27.42,3.0,Unfurnished,Under Construction,1.0,26.2
H13615,755.0,5.0,1.0,Bangalore,Townhouse,1994.0,135.51,0.0,Furnished,Under Construction,3.0,33.5
H11568,3799.0,2.0,1.0,Chennai,Villa,2018.0,342.04,0.0,Unfurnished,Under Construction,1.0,24.2
H10166,3822.0,1.0,4.0,Coimbatore,Apartment,1997.0,333.3,1.0,Semi-Furnished,Under Construction,1.0,12.2
H14579,4373.0,4.0,2.0,Chennai,Independent House,1997.0,94.5,0.0,Unfurnished,Under Construction,4.0,10.0
H13403,2800.0,1.0,1.0,Bangalore,Apartment,2011.0,397.21,2.0,Unfurnished,Ready to Move,4.0,27.3
H14780,2606.0,1.0,2.0,Hyderabad,Apartment,1993.0,438.24,1.0,Semi-Furnished,Under Construction,3.0,23.2
H11344,4994.0,4.0,4.0,Chennai,Villa,2012.0,403.14,2.0,Furnished,Under Construction,4.0,31.8
H12014,3793.0,2.0,4.0,Bangalore,Apartment,1995.0,428.36,0.0,Semi-Furnished,Ready to Move,4.0,13.0
H10274,2236.0,3.0,5.0,Pune,Apartment,2016.0,259.68,0.0,Semi-Furnished,Ready to Move,2.0,33.2
H10072,929.0,1.0,5.0,Kochi,Villa,2003.0,357.89,0.0,Semi-Furnished,Under Construction,3.0,30.2
H13685,4840.0,2.0,2.0,Pune,Townhouse,2020.0,,0.0,Furnished,Ready to Move,1.0,3.9
H11088,4540.0,2.0,5.0,Pune,Townhouse,2012.0,332.36,1.0,Furnished,Ready to Move,2.0,20.8
H10395,967.0,2.0,5.0,Hyderabad,Townhouse,2011.0,269.41,0.0,Semi-Furnished,Ready to Move,1.0,14.6
H10584,2398.0,5.0,2.0,Hyderabad,Villa,2004.0,299.94,2.0,Semi-Furnished,Under Construction,4.0,19.7
H11368,4983.0,5.0,4.0,Hyderabad,Villa,,333.22,3.0,Semi-Furnished,Ready to Move,1.0,13.4
H14838,4591.0,1.0,3.0,Hyderabad,Independent House,1997.0,374.87,2.0,,Ready to Move,2.0,3.5
H13878,2561.0,1.0,1.0,Pune,Villa,2017.0,41.24,3.0,Unfurnished,Ready to Move,3.0,8.9
H12549,3705.0,6.0,2.0,Pune,Independent House,2022.0,220.97,2.0,Unfurnished,Ready to Move,,1.5
H13911,1784.0,3.0,4.0,Mumbai,Townhouse,1996.0,233.77,2.0,Furnished,Under Construction,1.0,26.5
H14754,3872.0,2.0,1.0,Mumbai,Townhouse,1998.0,321.2,1.0,Semi-Furnished,Ready to Move,1.0,10.6
H13004,4194.0,2.0,3.0,Coimbatore,Independent House,1996.0,227.96,0.0,Semi-Furnished,Under Construction,4.0,9.8
H14649,3708.0,3.0,2.0,Kochi,Villa,2001.0,201.88,1.0,Semi-Furnished,Under Construction,2.0,5.1
H13794,3027.0,6.0,1.0,Pune,Apartment,1997.0,270.45,1.0,Unfurnished,Ready to Move,2.0,10.2
H13353,1727.0,1.0,1.0,Kochi,Independent House,1997.0,367.07,3.0,Furnished,Under Construction,4.0,16.2
H11764,891.0,6.0,5.0,Pune,Townhouse,1995.0,188.18,2.0,Unfurnished,Under Construction,3.0,14.8
H11876,4794.0,5.0,5.0,Coimbatore,Townhouse,2010.0,181.14,0.0,Unfurnished,Ready to Move,2.0,9.6
H11260,2097.0,5.0,5.0,Hyderabad,Villa,2000.0,32.2,3.0,Furnished,Ready to Move,4.0,20.4
H14399,1465.0,3.0,1.0,Coimbatore,Apartment,1995.0,264.26,1.0,Furnished,Under Construction,3.0,7.9
H12254,,5.0,1.0,Coimbatore,Apartment,2020.0,86.8,3.0,Furnished,Ready to Move,3.0,21.7
H12782,2565.0,1.0,4.0,Bangalore,Independent House,2003.0,276.85,3.0,Semi-Furnished,Under Construction,1.0,21.9
H10527,4735.0,3.0,4.0,Coimbatore,Apartment,2014.0,405.58,,Furnished,Under Construction,3.0,29.6
H13246,2780.0,4.0,3.0,Mumbai,Villa,2003.0,187.6,0.0,Unfurnished,Ready to Move,1.0,30.7
H12947,4952.0,4.0,2.0,Kochi,Independent House,1997.0,117.46,0.0,Semi-Furnished,Under Construction,4.0,31.5
H10378,4048.0,5.0,2.0,Coimbatore,Independent House,2018.0,409.49,1.0,Unfurnished,Under Construction,2.0,10.5
H11560,3290.0,4.0,5.0,,Villa,2012.0,318.36,1.0,Unfurnished,Ready to Move,3.0,19.4
H14092,,2.0,2.0,Chennai,Townhouse,2020.0,200.99,,Semi-Furnished,Under Construction,2.0,27.6
H11964,2224.0,2.0,3.0,Coimbatore,,1992.0,87.23,0.0,Unfurnished,Ready to Move,2.0,4.0
H14596,1491.0,5.0,2.0,Coimbatore,Apartment,2011.0,439.75,2.0,Unfurnished,Under Construction,3.0,20.8
H10349,2691.0,2.0,3.0,Pune,Apartment,2006.0,448.76,0.0,Furnished,Ready to Move,2.0,2.0
H12435,1849.0,1.0,1.0,Kochi,Apartment,2005.0,354.84,0.0,Semi-Furnished,Ready to Move,1.0,33.4
H12247,2277.0,5.0,5.0,Kochi,Villa,2024.0,419.78,0.0,Unfurnished,Under Construction,,23.0
H14005,2267.0,4.0,1.0,Kochi,Townhouse,2001.0,111.15,2.0,Furnished,Ready to Move,2.0,31.7
H11710,3823.0,1.0,5.0,Bangalore,Independent House,1999.0,348.43,3.0,Furnished,Ready to Move,1.0,8.2
H11051,1488.0,3.0,4.0,Pune,,1995.0,370.27,2.0,Semi-Furnished,Under Construction,3.0,31.7
H10591,2700.0,1.0,4.0,Bangalore,Villa,2000.0,344.41,1.0,Semi-Furnished,Under Construction,4.0,34.0
H10520,1903.0,6.0,5.0,Chennai,Independent House,1996.0,273.07,1.0,Furnished,Ready to Move,2.0,18.6
H14363,3745.0,1.0,3.0,Bangalore,Villa,2006.0,35.86,2.0,Semi-Furnished,Ready to Move,4.0,12.5
H13933,3808.0,2.0,5.0,Mumbai,Villa,1999.0,50.82,1.0,Furnished,Under Construction,1.0,10.3
H12478,4001.0,5.0,5.0,Coimbatore,Villa,1992.0,268.66,0.0,Furnished,Ready to Move,1.0,14.1
H11084,1038.0,2.0,1.0,Pune,Townhouse,1992.0,433.25,3.0,Furnished,Ready to Move,2.0,29.6
H13407,1887.0,2.0,4.0,Hyderabad,Independent House,1997.0,212.37,0.0,Semi-Furnished,Ready to Move,2.0,12.0
H14639,,6.0,5.0,Mumbai,Apartment,1998.0,88.54,1.0,Furnished,Under Construction,3.0,30.5
H14379,1499.0,3.0,4.0,Bangalore,Independent House,1998.0,325.99,3.0,Unfurnished,Under Construction,1.0,1.9
H11295,3654.0,4.0,3.0,Bangalore,Townhouse,2021.0,346.11,3.0,Furnished,Under Construction,1.0,1.6
H11810,2958.0,3.0,4.0,Pune,Independent House,2003.0,333.03,0.0,Semi-Furnished,Ready to Move,2.0,21.5
H10792,2547.0,4.0,5.0,Coimbatore,Independent House,1998.0,301.93,,Unfurnished,Ready to Move,1.0,30.3
H10793,4237.0,2.0,4.0,Hyderabad,Independent House,1992.0,284.02,1.0,Semi-Furnished,Ready to Move,2.0,23.2
H13916,4329.0,1.0,2.0,Coimbatore,Apartment,1997.0,167.27,1.0,Furnished,Under Construction,2.0,
H14074,4555.0,4.0,3.0,Pune,Villa,2009.0,280.26,1.0,Unfurnished,Ready to Move,4.0,31.1
H11981,3559.0,1.0,5.0,Bangalore,Independent House,2017.0,420.18,3.0,Semi-Furnished,Under Construction,4.0,8.6
H13705,4298.0,3.0,,Mumbai,Apartment,2022.0,89.06,2.0,Semi-Furnished,Ready to Move,1.0,18.1
H13427,1152.0,1.0,4.0,Chennai,Apartment,1993.0,351.24,3.0,Unfurnished,Under Construction,4.0,2.4
H11531,3284.0,6.0,5.0,Chennai,Villa,2009.0,284.18,1.0,Unfurnished,Ready to Move,4.0,12.0
H11411,1989.0,3.0,5.0,Hyderabad,Independent House,2018.0,104.58,1.0,Semi-Furnished,Under Construction,4.0,11.1
H14169,2186.0,3.0,4.0,Coimbatore,Villa,,290.27,1.0,Unfurnished,,3.0,12.9
H14513,1461.0,4.0,5.0,Kochi,Independent House,1990.0,374.02,1.0,Semi-Furnished,Ready to Move,3.0,13.5
H10084,3649.0,4.0,5.0,Coimbatore,Townhouse,2014.0,316.67,2.0,Semi-Furnished,Under Construction,2.0,19.1
H10869,3422.0,3.0,2.0,Pune,Villa,1991.0,62.95,2.0,Unfurnished,Under Construction,3.0,24.7
H12351,4934.0,3.0,1.0,Mumbai,Independent House,2022.0,263.67,,Semi-Furnished,Under Construction,4.0,14.6
H10021,2597.0,1.0,5.0,Pune,,2017.0,308.21,0.0,Semi-Furnished,Ready to Move,2.0,23.4
H13249,4470.0,2.0,5.0,,Villa,1996.0,74.31,0.0,Furnished,Ready to Move,2.0,8.4
H12796,4515.0,6.0,5.0,Mumbai,Apartment,2012.0,361.24,1.0,Semi-Furnished,Ready to Move,4.0,21.6
H14440,870.0,1.0,3.0,Mumbai,Apartment,1993.0,,3.0,Furnished,Ready to Move,1.0,34.4
H11563,,1.0,2.0,Bangalore,Townhouse,1992.0,372.04,1.0,Furnished,Under Construction,1.0,11.8
H13094,4224.0,2.0,1.0,Coimbatore,Townhouse,2016.0,356.0,0.0,Furnished,Under Construction,1.0,18.0
H13156,828.0,4.0,5.0,Mumbai,Apartment,2021.0,232.78,3.0,Furnished,Ready to Move,4.0,28.9
H10974,1829.0,1.0,1.0,Hyderabad,Villa,2007.0,328.5,2.0,Semi-Furnished,Ready to Move,1.0,8.0
H11711,695.0,2.0,2.0,Mumbai,Apartment,2009.0,325.89,0.0,Furnished,Under Construction,4.0,16.0
H14297,1148.0,1.0,4.0,Pune,Villa,1990.0,337.34,1.0,Semi-Furnished,Under Construction,1.0,27.3
H14679,3976.0,3.0,1.0,Kochi,Townhouse,2001.0,364.54,2.0,Furnished,Under Construction,3.0,2.2
H11099,2050.0,3.0,5.0,Kochi,Apartment,1996.0,,2.0,Semi-Furnished,Under Construction,2.0,32.7
H14000,3311.0,2.0,5.0,Coimbatore,Townhouse,2013.0,388.73,1.0,Semi-Furnished,,2.0,11.3
H12845,2498.0,6.0,2.0,,Townhouse,1999.0,168.87,0.0,Unfurnished,Ready to Move,3.0,30.4
H10887,4150.0,4.0,4.0,Pune,Townhouse,2025.0,97.73,0.0,Unfurnished,Ready to Move,1.0,26.8
H13752,3976.0,5.0,4.0,,Villa,2022.0,175.29,2.0,Furnished,Ready to Move,2.0,24.2
H14448,744.0,1.0,1.0,Kochi,Independent House,2002.0,432.21,2.0,Furnished,,4.0,14.7
H14835,916.0,5.0,5.0,Coimbatore,,2016.0,29.76,1.0,Unfurnished,Under Construction,2.0,34.0
H14271,1997.0,1.0,3.0,Coimbatore,Townhouse,2019.0,,,Furnished,Under Construction,3.0,33.6
H10516,4187.0,1.0,2.0,Bangalore,Townhouse,2019.0,81.63,1.0,Semi-Furnished,Ready to Move,3.0,14.0
H10738,2223.0,4.0,5.0,Chennai,Apartment,2021.0,26.16,0.0,Furnished,Under Construction,3.0,28.8
H11454,1304.0,4.0,5.0,Hyderabad,Apartment,1997.0,141.14,,Furnished,Ready to Move,4.0,3.9
H13766,3137.0,6.0,3.0,Coimbatore,Apartment,2001.0,322.89,0.0,Unfurnished,Ready to Move,1.0,30.5
H14565,4635.0,6.0,4.0,,Independent House,2007.0,205.15,0.0,Unfurnished,Under Construction,1.0,1.4
H12507,3789.0,3.0,2.0,Coimbatore,Townhouse,2003.0,413.6,0.0,Semi-Furnished,Ready to Move,4.0,10.4
H12995,2326.0,5.0,5.0,Mumbai,Villa,2002.0,336.19,3.0,,Under Construction,3.0,24.2
H12127,4828.0,5.0,2.0,Chennai,Independent House,2020.0,120.62,1.0,Furnished,Ready to Move,1.0,6.6
H12927,2701.0,6.0,3.0,Kochi,Villa,2016.0,413.15,,Semi-Furnished,Ready to Move,1.0,1.6
H14609,2443.0,6.0,2.0,Hyderabad,Villa,2023.0,45.58,2.0,Semi-Furnished,Ready to Move,2.0,31.7
H10907,2309.0,4.0,3.0,Bangalore,Apartment,,401.97,1.0,Unfurnished,Ready to Move,2.0,28.2
H13774,4933.0,4.0,2.0,Hyderabad,Townhouse,2024.0,394.57,1.0,Semi-Furnished,Ready to Move,2.0,8.0
H11031,2608.0,2.0,5.0,Mumbai,Independent House,2000.0,158.05,3.0,Furnished,Under Construction,2.0,9.9
H12508,4241.0,1.0,4.0,Coimbatore,Townhouse,1991.0,132.85,2.0,Furnished,Under Construction,1.0,3.0
H12429,2865.0,5.0,5.0,Hyderabad,Townhouse,1996.0,251.95,0.0,Semi-Furnished,Under Construction,2.0,10.8
H10948,2693.0,3.0,3.0,Pune,Villa,1999.0,363.81,0.0,Unfurnished,Under Construction,1.0,2.1
H13608,1081.0,2.0,4.0,Pune,Independent House,,230.93,3.0,Furnished,Under Construction,1.0,19.7
H13859,1633.0,4.0,2.0,Chennai,Townhouse,2012.0,239.01,2.0,Unfurnished,Under Construction,3.0,21.0
H10716,3478.0,2.0,2.0,Pune,,2025.0,335.0,2.0,Furnished,Under Construction,4.0,21.4
H13847,3325.0,1.0,2.0,Chennai,Villa,2011.0,234.98,1.0,Semi-Furnished,Ready to Move,1.0,32.9
H10687,2912.0,5.0,2.0,Bangalore,Townhouse,2010.0,32.06,2.0,Furnished,Ready to Move,1.0,10.8
H10704,792.0,3.0,5.0,Hyderabad,Villa,2014.0,325.8,2.0,Semi-Furnished,Ready to Move,2.0,27.5
H12354,1639.0,3.0,2.0,Pune,Townhouse,1990.0,204.69,1.0,Semi-Furnished,Ready to Move,1.0,18.7
H12258,1331.0,2.0,2.0,,Townhouse,2003.0,372.52,2.0,Unfurnished,Under Construction,4.0,26.1
H13371,3694.0,2.0,3.0,Pune,Independent House,2010.0,195.89,1.0,Unfurnished,Under Construction,4.0,30.7
H10474,4036.0,4.0,4.0,Kochi,Villa,2017.0,390.52,2.0,Unfurnished,Ready to Move,4.0,8.8
H10022,3297.0,5.0,2.0,Hyderabad,Townhouse,2007.0,310.27,3.0,Unfurnished,Ready to Move,3.0,18.8
H12753,3948.0,2.0,5.0,Chennai,Independent House,2007.0,342.41,1.0,Furnished,Ready to Move,3.0,32.5
H10886,967.0,2.0,1.0,Bangalore,Independent House,2007.0,272.49,2.0,Furnished,Under Construction,4.0,24.6
H12449,1076.0,2.0,3.0,Pune,Townhouse,2025.0,126.97,1.0,Unfurnished,Under Construction,4.0,10.5
H10918,3926.0,4.0,4.0,Hyderabad,Villa,2002.0,413.92,0.0,Semi-Furnished,Under Construction,3.0,2.1
H13561,,1.0,,Pune,Townhouse,2014.0,29.38,0.0,Unfurnished,Under Construction,4.0,24.0
H13555,4716.0,1.0,4.0,Coimbatore,Villa,2018.0,413.29,0.0,Unfurnished,Ready to Move,3.0,15.8
H12240,3687.0,5.0,,Mumbai,Villa,2012.0,227.32,2.0,Furnished,Under Construction,4.0,12.2
H14617,1150.0,1.0,2.0,Coimbatore,Independent House,1991.0,205.15,3.0,Furnished,Under Construction,2.0,24.7
H11266,2614.0,5.0,2.0,Coimbatore,Independent House,2017.0,441.53,2.0,Semi-Furnished,Under Construction,3.0,25.1
H10484,1793.0,2.0,1.0,Mumbai,Independent House,2002.0,266.77,,Unfurnished,Ready to Move,2.0,11.2
H14211,1553.0,1.0,2.0,Pune,Townhouse,2005.0,241.22,3.0,Semi-Furnished,Ready to Move,1.0,21.5
H12964,1065.0,6.0,3.0,Hyderabad,Independent House,1997.0,86.67,0.0,Semi-Furnished,Under Construction,1.0,14.5
H11220,2261.0,5.0,1.0,Mumbai,Townhouse,1999.0,388.32,2.0,Unfurnished,Ready to Move,1.0,27.7
H10278,1959.0,2.0,5.0,Bangalore,Townhouse,2023.0,377.53,0.0,Semi-Furnished,Ready to Move,1.0,23.2
H10989,786.0,5.0,4.0,Chennai,Apartment,1996.0,416.19,0.0,Furnished,Ready to Move,3.0,20.8
H12085,4533.0,3.0,,Mumbai,Independent House,2001.0,207.31,2.0,Unfurnished,Ready to Move,2.0,16.1
H11246,3019.0,5.0,1.0,Bangalore,Townhouse,1995.0,443.67,1.0,Unfurnished,Under Construction,4.0,20.2
H12383,3147.0,2.0,,Pune,Townhouse,2007.0,427.85,1.0,Semi-Furnished,Ready to Move,2.0,16.9
H10572,2124.0,6.0,4.0,Pune,Villa,,437.32,3.0,Unfurnished,Ready to Move,4.0,4.6
H11436,1816.0,4.0,4.0,Bangalore,Independent House,1993.0,178.36,,Semi-Furnished,Ready to Move,1.0,27.0
H10994,2601.0,2.0,3.0,Chennai,Independent House,2007.0,119.89,2.0,Unfurnished,Under Construction,2.0,19.9
H13276,3313.0,3.0,2.0,Bangalore,Townhouse,1995.0,309.82,1.0,Semi-Furnished,Under Construction,3.0,6.7
H13271,3957.0,6.0,4.0,,Villa,1995.0,295.55,0.0,Furnished,Ready to Move,1.0,20.4
H10586,3924.0,2.0,5.0,Coimbatore,Villa,2017.0,347.34,2.0,Semi-Furnished,Under Construction,2.0,3.3
H13634,,1.0,4.0,Pune,Villa,2003.0,386.69,0.0,,Ready to Move,1.0,
H12515,3922.0,2.0,1.0,Hyderabad,Independent House,1996.0,211.02,0.0,Semi-Furnished,Ready to Move,4.0,7.8
H11350,3774.0,4.0,2.0,Mumbai,Villa,2025.0,266.19,2.0,Semi-Furnished,Ready to Move,2.0,30.0
H11008,891.0,2.0,3.0,,Apartment,2007.0,201.16,1.0,Unfurnished,Ready to Move,4.0,18.9
H10675,2706.0,1.0,1.0,Chennai,Villa,2006.0,259.63,2.0,Semi-Furnished,Under Construction,3.0,24.4
H12413,814.0,6.0,5.0,Hyderabad,Independent House,2004.0,274.0,1.0,Unfurnished,Ready to Move,2.0,34.8
H12904,3723.0,5.0,4.0,Mumbai,Independent House,,,1.0,Furnished,Under Construction,2.0,4.1
H10448,1282.0,6.0,3.0,Mumbai,Independent House,1991.0,109.43,2.0,Semi-Furnished,Under Construction,4.0,30.0
H13998,3533.0,6.0,5.0,Bangalore,Apartment,1991.0,190.16,0.0,Semi-Furnished,Under Construction,2.0,1.9
H14764,4139.0,3.0,3.0,Coimbatore,Villa,2017.0,419.76,3.0,Unfurnished,Under Construction,3.0,5.9
H10360,3039.0,1.0,4.0,Hyderabad,Apartment,2019.0,262.27,3.0,Furnished,Under Construction,3.0,21.4
H12065,2405.0,6.0,2.0,Pune,Independent House,2005.0,107.06,1.0,Unfurnished,Under Construction,3.0,13.8
H14319,3976.0,6.0,1.0,Chennai,Townhouse,1996.0,230.61,1.0,Unfurnished,Ready to Move,4.0,32.9
H13612,4354.0,3.0,4.0,Kochi,Apartment,2015.0,170.17,1.0,Unfurnished,Ready to Move,4.0,14.2
H11691,4507.0,3.0,1.0,Mumbai,Townhouse,2000.0,294.47,3.0,Furnished,Ready to Move,3.0,31.3
H14631,862.0,3.0,1.0,Kochi,Villa,1998.0,345.93,3.0,Unfurnished,Ready to Move,1.0,32.0
H11549,1593.0,3.0,5.0,Mumbai,Villa,2018.0,89.98,0.0,Semi-Furnished,Ready to Move,2.0,17.2
H11248,1375.0,2.0,2.0,Pune,Villa,2024.0,331.97,1.0,Semi-Furnished,Under Construction,3.0,25.2
H11986,2163.0,2.0,4.0,Pune,Apartment,2016.0,,0.0,Semi-Furnished,Under Construction,3.0,7.5
H10295,1716.0,1.0,3.0,Pune,Townhouse,2016.0,148.36,2.0,Semi-Furnished,Under Construction,4.0,31.1
H11548,1866.0,4.0,1.0,Bangalore,Townhouse,1998.0,396.84,1.0,Semi-Furnished,Under Construction,4.0,6.0
H12013,3011.0,5.0,1.0,Kochi,Villa,1995.0,360.42,0.0,Furnished,Under Construction,2.0,10.7
H10589,4531.0,3.0,2.0,Hyderabad,Apartment,2011.0,29.22,2.0,Unfurnished,Ready to Move,3.0,2.4
H12404,3360.0,4.0,3.0,Pune,Villa,2024.0,397.92,1.0,Semi-Furnished,Ready to Move,3.0,32.6
H12130,,3.0,2.0,Mumbai,Independent House,1992.0,284.68,1.0,Semi-Furnished,Ready to Move,2.0,33.5
H14258,3260.0,1.0,1.0,Mumbai,Townhouse,2000.0,45.07,0.0,Unfurnished,Under Construction,2.0,3.0
H12411,3062.0,5.0,5.0,Pune,Townhouse,2015.0,358.66,1.0,Unfurnished,Under Construction,4.0,20.1
H12720,3108.0,4.0,3.0,Hyderabad,Independent House,2003.0,91.95,2.0,Semi-Furnished,Under Construction,1.0,3.7
H10426,1915.0,1.0,2.0,Kochi,Townhouse,2007.0,338.71,2.0,Unfurnished,Ready to Move,1.0,26.1
H12583,2792.0,5.0,2.0,Kochi,Villa,2024.0,102.05,0.0,Unfurnished,Under Construction,2.0,
H11055,4119.0,1.0,3.0,Pune,Townhouse,1997.0,355.69,2.0,Semi-Furnished,Ready to Move,1.0,23.6
H13761,4071.0,6.0,1.0,Mumbai,Apartment,,240.73,1.0,Furnished,Under Construction,3.0,15.5
H14430,890.0,1.0,3.0,Mumbai,Independent House,2014.0,365.14,,Semi-Furnished,Under Construction,1.0,17.2
H10557,934.0,4.0,1.0,Coimbatore,Townhouse,1996.0,104.68,0.0,Semi-Furnished,Under Construction,4.0,10.0
H14231,,3.0,5.0,Coimbatore,Townhouse,2012.0,307.35,2.0,Furnished,Ready to Move,1.0,11.1
H13734,4276.0,1.0,1.0,Hyderabad,Apartment,1990.0,378.42,2.0,Semi-Furnished,Under Construction,,8.9
H14577,3821.0,2.0,5.0,Hyderabad,Apartment,2019.0,408.85,1.0,Furnished,Ready to Move,3.0,1.2
H14035,741.0,2.0,2.0,Bangalore,Townhouse,,38.5,1.0,Furnished,Under Construction,3.0,5.0
H14575,4589.0,2.0,1.0,Hyderabad,Independent House,1993.0,297.87,1.0,Semi-Furnished,Under Construction,1.0,15.9
H13925,2431.0,5.0,5.0,Hyderabad,Villa,2011.0,105.53,3.0,Semi-Furnished,Ready to Move,4.0,14.8
H11194,4619.0,6.0,4.0,Kochi,Independent House,2003.0,93.53,1.0,Unfurnished,Under Construction,4.0,21.4
H11717,1799.0,2.0,5.0,Coimbatore,Apartment,2025.0,136.27,0.0,Unfurnished,Under Construction,1.0,32.8
H12605,3604.0,3.0,4.0,Bangalore,Villa,2017.0,444.88,1.0,Unfurnished,Under Construction,1.0,6.6
H13940,3335.0,2.0,5.0,Kochi,Independent House,1993.0,168.59,2.0,Semi-Furnished,Under Construction,3.0,1.7
H12829,3964.0,1.0,1.0,Mumbai,,2022.0,304.2,,Semi-Furnished,,1.0,3.3
H11705,1622.0,6.0,2.0,Coimbatore,Independent House,1998.0,177.65,3.0,Unfurnished,Ready to Move,3.0,
H12864,3924.0,5.0,3.0,Bangalore,Independent House,2013.0,44.41,3.0,Furnished,Under Construction,,29.0
H12619,1949.0,6.0,2.0,Bangalore,Independent House,2007.0,226.92,2.0,Unfurnished,Ready to Move,3.0,9.5
H12401,2881.0,2.0,2.0,,Independent House,2020.0,132.17,3.0,Semi-Furnished,Ready to Move,4.0,17.4
H12140,,1.0,3.0,Chennai,Apartment,2021.0,233.75,3.0,Unfurnished,Under Construction,3.0,20.4
H13240,,2.0,2.0,Bangalore,Villa,2012.0,342.4,1.0,Unfurnished,Ready to Move,3.0,27.8
H12384,691.0,1.0,5.0,Mumbai,Independent House,2021.0,26.61,3.0,Furnished,Ready to Move,2.0,14.7
H13219,3086.0,6.0,5.0,Coimbatore,Independent House,2015.0,262.04,3.0,Semi-Furnished,Under Construction,4.0,7.4
H13564,2338.0,6.0,2.0,Bangalore,Villa,2012.0,188.38,1.0,Semi-Furnished,Ready to Move,3.0,27.5
H11286,2903.0,2.0,3.0,Kochi,Apartment,2002.0,339.33,0.0,Semi-Furnished,Ready to Move,3.0,17.8
H14039,4872.0,6.0,2.0,Bangalore,Townhouse,1991.0,272.54,1.0,Unfurnished,Under Construction,3.0,24.3
H13640,4162.0,5.0,5.0,Kochi,Townhouse,2009.0,293.39,,Semi-Furnished,Ready to Move,2.0,13.7
H14338,2895.0,4.0,4.0,Chennai,Townhouse,2004.0,118.37,3.0,Unfurnished,Ready to Move,4.0,30.1
H12088,1674.0,2.0,5.0,Coimbatore,Independent House,2023.0,240.63,3.0,Unfurnished,Under Construction,1.0,25.4
H11890,969.0,2.0,4.0,Pune,Townhouse,2000.0,51.38,1.0,Unfurnished,Under Construction,3.0,28.5
H14570,2649.0,2.0,2.0,Coimbatore,Apartment,2025.0,37.6,0.0,Unfurnished,Ready to Move,2.0,
H11592,4990.0,1.0,5.0,Coimbatore,Independent House,2004.0,443.33,,Unfurnished,Ready to Move,4.0,14.6
H11347,4449.0,3.0,4.0,Coimbatore,Townhouse,2012.0,87.96,2.0,Unfurnished,Under Construction,2.0,23.3
H14301,2364.0,4.0,5.0,Bangalore,Townhouse,2018.0,388.58,3.0,Semi-Furnished,Ready to Move,4.0,3.6
H12163,1999.0,2.0,4.0,Pune,Apartment,1990.0,104.31,2.0,Semi-Furnished,Ready to Move,3.0,6.0
H12397,4638.0,5.0,2.0,Kochi,Villa,,52.73,3.0,Furnished,Under Construction,2.0,12.3
H13459,3624.0,4.0,2.0,Kochi,Villa,2003.0,41.88,2.0,Unfurnished,Ready to Move,4.0,24.9
H12272,3101.0,6.0,4.0,Hyderabad,Villa,2024.0,48.36,0.0,Furnished,Ready to Move,3.0,13.8
H14360,4284.0,3.0,4.0,Bangalore,Apartment,2015.0,173.29,2.0,Semi-Furnished,Ready to Move,1.0,5.6
H13112,1766.0,4.0,5.0,Hyderabad,Independent House,1999.0,172.67,1.0,Furnished,Ready to Move,3.0,24.4
H11138,2321.0,3.0,5.0,Hyderabad,Villa,2014.0,191.2,3.0,Semi-Furnished,Ready to Move,2.0,22.8
H13692,3465.0,6.0,1.0,Kochi,Independent House,1991.0,124.05,1.0,Semi-Furnished,Under Construction,2.0,4.8
H10973,1354.0,2.0,5.0,Mumbai,Independent House,2005.0,295.04,0.0,Semi-Furnished,Under Construction,3.0,5.8
H10796,3660.0,5.0,4.0,Mumbai,Townhouse,2005.0,246.46,3.0,Unfurnished,Ready to Move,3.0,20.0
H13021,2096.0,4.0,4.0,Chennai,Villa,2012.0,,3.0,Furnished,Under Construction,1.0,11.6
H11712,3590.0,2.0,4.0,Bangalore,Independent House,1990.0,164.63,0.0,Unfurnished,Under Construction,3.0,25.6
H10037,1150.0,6.0,1.0,Bangalore,Villa,2001.0,82.42,1.0,Unfurnished,Under Construction,4.0,16.7
H10454,2092.0,2.0,3.0,Mumbai,Independent House,1995.0,109.37,2.0,Unfurnished,Ready to Move,1.0,15.4
H10914,3939.0,2.0,4.0,Mumbai,Villa,1996.0,275.57,2.0,Furnished,Under Construction,3.0,7.5
H14451,2779.0,6.0,1.0,Hyderabad,Apartment,2021.0,365.61,3.0,Unfurnished,Under Construction,4.0,15.2
H11200,1930.0,1.0,2.0,Pune,Townhouse,2002.0,209.55,0.0,Semi-Furnished,Ready to Move,3.0,3.7
H11275,1795.0,4.0,3.0,Pune,Apartment,2019.0,303.87,,Semi-Furnished,Ready to Move,4.0,28.1
H12376,2807.0,4.0,,Kochi,Villa,2025.0,388.46,3.0,Unfurnished,Ready to Move,1.0,33.2
H10038,2913.0,4.0,3.0,,Apartment,1998.0,307.05,2.0,Unfurnished,Under Construction,3.0,28.6
H10975,4127.0,5.0,4.0,Bangalore,Townhouse,2008.0,207.39,3.0,Semi-Furnished,Under Construction,3.0,10.5
H13196,821.0,4.0,2.0,Chennai,Apartment,2025.0,411.26,3.0,Semi-Furnished,Ready to Move,1.0,2.4
H10984,3736.0,6.0,1.0,Hyderabad,Apartment,1991.0,224.08,0.0,Semi-Furnished,Under Construction,1.0,30.9
H13701,,1.0,3.0,Bangalore,Independent House,2003.0,441.72,1.0,Unfurnished,Under Construction,1.0,11.4
H13861,4684.0,3.0,3.0,Chennai,Apartment,2018.0,127.04,1.0,Semi-Furnished,Ready to Move,3.0,24.2
H11419,800.0,6.0,2.0,Hyderabad,Independent House,1991.0,328.18,2.0,Unfurnished,Under Construction,4.0,3.8
H13969,1460.0,4.0,2.0,Kochi,Townhouse,2018.0,216.62,1.0,Unfurnished,Under Construction,1.0,7.0
H11561,2839.0,5.0,4.0,Pune,Villa,2020.0,50.94,1.0,Unfurnished,Under Construction,3.0,31.1
H10040,791.0,5.0,5.0,Hyderabad,Independent House,2006.0,93.78,2.0,Unfurnished,Ready to Move,2.0,3.0
H11487,2697.0,6.0,2.0,Pune,Independent House,1992.0,341.72,3.0,Furnished,Under Construction,1.0,21.4
H13756,3134.0,6.0,4.0,Kochi,Townhouse,2004.0,305.84,1.0,Furnished,Ready to Move,3.0,33.4
H10170,3061.0,4.0,2.0,Bangalore,Independent House,1992.0,,0.0,Furnished,Under Construction,4.0,24.4
H11356,1070.0,6.0,3.0,Hyderabad,Apartment,2015.0,33.9,1.0,Unfurnished,Under Construction,1.0,17.4
H12786,907.0,6.0,1.0,Bangalore,Independent House,2012.0,92.51,0.0,Unfurnished,Under Construction,2.0,33.1
H14263,3091.0,5.0,4.0,Mumbai,Apartment,2000.0,342.08,2.0,Furnished,Under Construction,3.0,7.5
H14611,2202.0,2.0,5.0,Mumbai,Townhouse,2010.0,440.55,0.0,Furnished,Ready to Move,3.0,19.5
H13905,4685.0,5.0,3.0,Coimbatore,Townhouse,2008.0,52.33,1.0,Unfurnished,Under Construction,4.0,26.2
H12683,4280.0,4.0,2.0,Kochi,Villa,1997.0,103.02,2.0,Unfurnished,Under Construction,2.0,32.7
H14223,2952.0,6.0,2.0,Bangalore,Villa,1998.0,125.75,3.0,Unfurnished,Ready to Move,1.0,2.3
H11641,4415.0,1.0,4.0,Pune,Townhouse,2017.0,130.61,1.0,Unfurnished,,1.0,31.8
H11291,2978.0,1.0,5.0,Bangalore,Townhouse,2001.0,166.54,1.0,Furnished,Under Construction,1.0,18.6
H11381,2998.0,6.0,4.0,Pune,Apartment,1994.0,343.73,3.0,Unfurnished,Ready to Move,4.0,31.8
H11934,1670.0,4.0,1.0,Mumbai,Independent House,2021.0,144.54,3.0,Unfurnished,Under Construction,4.0,3.9
H10580,1627.0,6.0,4.0,Pune,Independent House,2006.0,427.8,2.0,Semi-Furnished,Ready to Move,2.0,28.2
H14693,991.0,6.0,4.0,Chennai,Villa,2021.0,281.38,2.0,Furnished,Under Construction,2.0,7.5
H13161,1374.0,1.0,5.0,Pune,Villa,2013.0,36.68,2.0,Furnished,Ready to Move,3.0,17.9
H12031,4901.0,4.0,1.0,Chennai,Villa,2013.0,220.49,0.0,,Ready to Move,4.0,3.3
H10893,4930.0,3.0,1.0,Coimbatore,Independent House,1990.0,207.15,3.0,Furnished,Ready to Move,2.0,23.6
H14457,1394.0,4.0,3.0,,Villa,2002.0,,3.0,Unfurnished,Ready to Move,1.0,16.6
H10781,2413.0,2.0,5.0,,Apartment,1992.0,250.02,0.0,Unfurnished,Under Construction,4.0,25.7
H10160,2877.0,5.0,3.0,Bangalore,Independent House,2000.0,71.66,3.0,Unfurnished,Ready to Move,2.0,27.9
H10003,3642.0,3.0,5.0,Kochi,Independent House,2012.0,132.54,1.0,Semi-Furnished,Under Construction,2.0,27.7
H14432,3948.0,5.0,3.0,Mumbai,Villa,2023.0,301.39,3.0,Semi-Furnished,Ready to Move,4.0,16.6
H13217,,3.0,5.0,Chennai,Villa,2017.0,200.95,1.0,Unfurnished,Under Construction,2.0,25.7
H12110,4509.0,4.0,3.0,Chennai,Independent House,1992.0,339.09,1.0,Unfurnished,Ready to Move,4.0,27.6
H10850,3485.0,1.0,5.0,Mumbai,Villa,2022.0,343.76,3.0,Furnished,Ready to Move,2.0,1.1
H12738,4771.0,4.0,4.0,Pune,Villa,2016.0,271.41,1.0,Unfurnished,Ready to Move,,17.4
H12467,3548.0,3.0,1.0,Chennai,Townhouse,1999.0,126.19,0.0,Unfurnished,Ready to Move,1.0,18.8
H14422,2913.0,5.0,5.0,Mumbai,Villa,1993.0,217.21,2.0,Semi-Furnished,Ready to Move,1.0,6.8
H11597,4223.0,1.0,4.0,Mumbai,Villa,2018.0,116.68,1.0,Semi-Furnished,Under Construction,4.0,4.1
H11777,2884.0,6.0,5.0,Bangalore,Apartment,2018.0,135.28,,Unfurnished,Ready to Move,2.0,12.1
H11914,2992.0,3.0,2.0,Mumbai,Villa,1997.0,409.09,1.0,Semi-Furnished,Ready to Move,3.0,14.1
H11044,1031.0,4.0,2.0,Bangalore,Independent House,2015.0,213.02,3.0,Furnished,Under Construction,4.0,25.2
H14578,1407.0,1.0,1.0,Mumbai,Townhouse,2009.0,424.44,2.0,Semi-Furnished,Under Construction,4.0,15.1
H11545,4503.0,4.0,4.0,Mumbai,Townhouse,1993.0,,2.0,Furnished,Ready to Move,3.0,28.8
H12737,2917.0,2.0,5.0,Coimbatore,Villa,2019.0,333.42,1.0,Unfurnished,Ready to Move,3.0,30.4
H13516,3639.0,1.0,2.0,Bangalore,Independent House,2004.0,127.63,1.0,Semi-Furnished,Ready to Move,2.0,23.5
H14483,2722.0,5.0,2.0,Coimbatore,Apartment,2002.0,72.13,1.0,Unfurnished,Under Construction,4.0,33.1
H10054,3623.0,1.0,3.0,Pune,Apartment,1999.0,243.56,0.0,Semi-Furnished,Ready to Move,1.0,27.1
H11797,2918.0,2.0,5.0,Hyderabad,Townhouse,1992.0,257.44,1.0,Furnished,Ready to Move,2.0,17.2
H11912,1014.0,1.0,4.0,Hyderabad,Villa,2017.0,335.14,2.0,Unfurnished,Ready to Move,3.0,11.2
H12307,1473.0,5.0,5.0,Hyderabad,Apartment,1993.0,254.54,0.0,Unfurnished,Ready to Move,4.0,15.0
H12554,936.0,4.0,2.0,Chennai,Villa,2005.0,180.32,1.0,Unfurnished,Under Construction,1.0,33.0
H12801,4428.0,4.0,1.0,Coimbatore,Apartment,1998.0,136.88,3.0,Unfurnished,Ready to Move,2.0,16.2
H13876,4676.0,6.0,5.0,Kochi,Villa,1996.0,176.83,1.0,Furnished,Ready to Move,1.0,4.7
H13938,2307.0,1.0,1.0,Kochi,Villa,2000.0,119.02,0.0,Furnished,Ready to Move,1.0,12.2
H10825,644.0,5.0,2.0,Kochi,Apartment,2019.0,389.55,0.0,Semi-Furnished,Ready to Move,4.0,30.4
H14597,2457.0,1.0,3.0,Mumbai,Independent House,1998.0,323.6,2.0,Furnished,Ready to Move,2.0,17.3
H13179,2538.0,4.0,3.0,Bangalore,Townhouse,2021.0,348.74,0.0,Unfurnished,Ready to Move,1.0,8.4
H13402,2896.0,1.0,3.0,Mumbai,,2006.0,182.55,3.0,Furnished,Ready to Move,4.0,13.0
H11390,3398.0,5.0,5.0,Mumbai,Villa,1994.0,302.66,1.0,Furnished,Ready to Move,2.0,28.9
H14733,2731.0,3.0,3.0,Chennai,Apartment,2016.0,236.47,1.0,Semi-Furnished,Under Construction,2.0,28.3
H10885,1024.0,3.0,1.0,Pune,Independent House,1998.0,410.8,3.0,Furnished,Ready to Move,2.0,
H13607,2932.0,2.0,3.0,Coimbatore,Independent House,2009.0,206.68,1.0,Furnished,Ready to Move,2.0,13.0
H11608,4231.0,4.0,5.0,Hyderabad,Villa,2002.0,175.95,1.0,,Ready to Move,2.0,10.9
H11595,1877.0,1.0,4.0,Bangalore,Independent House,2010.0,315.25,1.0,Semi-Furnished,Under Construction,4.0,23.1
H10772,3448.0,5.0,1.0,Coimbatore,Villa,2008.0,202.17,2.0,Unfurnished,Under Construction,4.0,21.1
H12612,4309.0,4.0,1.0,Kochi,Townhouse,2002.0,440.61,1.0,Furnished,Under Construction,2.0,5.3
H13653,3496.0,3.0,1.0,Kochi,Villa,2009.0,148.87,2.0,Semi-Furnished,Ready to Move,3.0,16.0
H12274,557.0,1.0,5.0,Coimbatore,Townhouse,2005.0,407.75,3.0,Unfurnished,Ready to Move,3.0,7.0
H11869,2503.0,2.0,2.0,Chennai,Apartment,2008.0,363.92,1.0,Furnished,Ready to Move,3.0,21.5
H11086,3909.0,4.0,4.0,Coimbatore,Villa,2004.0,448.89,0.0,Unfurnished,Ready to Move,4.0,32.0
H13951,1376.0,3.0,5.0,Coimbatore,Townhouse,1997.0,369.67,0.0,Furnished,Ready to Move,2.0,10.2
H13429,1240.0,6.0,5.0,Coimbatore,Independent House,1998.0,436.89,2.0,,Ready to Move,1.0,3.5
H11326,4148.0,5.0,4.0,Coimbatore,Townhouse,1993.0,235.17,1.0,Furnished,Ready to Move,4.0,5.3
H13391,2767.0,6.0,4.0,Kochi,Independent House,1991.0,311.4,3.0,Furnished,Under Construction,4.0,27.0
H11464,3329.0,2.0,5.0,Chennai,Villa,2003.0,424.99,0.0,Furnished,Ready to Move,2.0,24.5
H10807,3147.0,2.0,5.0,,Villa,2007.0,59.62,0.0,Unfurnished,Under Construction,3.0,4.8
H13541,1495.0,,2.0,Coimbatore,Villa,2013.0,428.91,2.0,Unfurnished,Under Construction,1.0,2.4
H13574,2171.0,2.0,1.0,Hyderabad,Apartment,1992.0,142.0,3.0,Furnished,Under Construction,4.0,10.2
H12109,3497.0,6.0,4.0,Kochi,Independent House,2003.0,154.31,1.0,Semi-Furnished,Ready to Move,3.0,34.3
H14113,2594.0,4.0,2.0,Kochi,Townhouse,2005.0,222.76,2.0,Unfurnished,Under Construction,1.0,
H14808,2000.0,6.0,1.0,Pune,Townhouse,1995.0,352.0,3.0,Unfurnished,Ready to Move,4.0,18.2
H12235,4843.0,4.0,1.0,Coimbatore,Independent House,2013.0,436.73,,Semi-Furnished,Under Construction,2.0,25.1
H13212,3514.0,5.0,3.0,Chennai,Townhouse,1990.0,54.56,3.0,Furnished,Under Construction,3.0,31.3
H10964,1464.0,3.0,2.0,Hyderabad,Townhouse,2009.0,314.54,2.0,Unfurnished,Under Construction,4.0,7.6
H13416,1911.0,5.0,4.0,Pune,Townhouse,2024.0,390.27,3.0,Semi-Furnished,Ready to Move,3.0,30.2
H14817,2776.0,1.0,1.0,Kochi,Townhouse,1996.0,307.21,3.0,Furnished,Ready to Move,3.0,7.0
H10399,3817.0,,5.0,Coimbatore,Apartment,1995.0,180.79,2.0,Furnished,Under Construction,4.0,21.3
H12633,673.0,2.0,2.0,Hyderabad,Villa,1991.0,152.94,1.0,Semi-Furnished,Under Construction,4.0,34.5
H14710,1819.0,2.0,4.0,Chennai,Villa,1991.0,304.64,3.0,Semi-Furnished,Under Construction,4.0,30.9
H12997,2845.0,2.0,2.0,Kochi,Villa,2004.0,,0.0,Furnished,Under Construction,1.0,14.2
H10705,3140.0,4.0,2.0,Kochi,Apartment,2017.0,215.8,2.0,Furnished,Under Construction,2.0,2.6
H10432,2369.0,3.0,5.0,Bangalore,Apartment,1991.0,157.88,0.0,Unfurnished,Under Construction,3.0,8.5
H10293,3251.0,6.0,2.0,Chennai,Townhouse,2011.0,165.72,3.0,Furnished,Ready to Move,4.0,24.3
H14724,1708.0,1.0,1.0,Coimbatore,Villa,1991.0,180.62,0.0,Furnished,Under Construction,3.0,27.7
H10146,1248.0,1.0,4.0,Hyderabad,Independent House,2025.0,284.48,2.0,Furnished,Under Construction,3.0,26.8
H13966,2523.0,5.0,3.0,Coimbatore,Independent House,2000.0,363.13,1.0,Semi-Furnished,Ready to Move,1.0,6.8
H12034,4880.0,5.0,5.0,Chennai,Independent House,2005.0,344.55,3.0,Unfurnished,Ready to Move,4.0,26.2
H14079,733.0,6.0,4.0,,Independent House,2024.0,428.74,1.0,Semi-Furnished,Ready to Move,1.0,30.4
H11166,3965.0,3.0,1.0,Mumbai,Independent House,1999.0,87.94,3.0,Semi-Furnished,Ready to Move,4.0,14.0
H12051,,2.0,4.0,Pune,Apartment,2020.0,298.64,2.0,Semi-Furnished,Under Construction,1.0,24.3
H12625,4184.0,6.0,2.0,Kochi,Townhouse,2002.0,438.85,3.0,Furnished,Under Construction,4.0,2.2
H14249,4616.0,2.0,5.0,Bangalore,Independent House,1997.0,135.39,1.0,Unfurnished,Under Construction,1.0,29.1
H10340,3697.0,2.0,1.0,Bangalore,Townhouse,2009.0,421.84,2.0,Furnished,Ready to Move,1.0,14.5
H13677,3111.0,3.0,4.0,Bangalore,Independent House,2024.0,284.2,3.0,Furnished,Under Construction,1.0,6.9
H13486,2121.0,2.0,1.0,Mumbai,Independent House,1991.0,235.12,1.0,Semi-Furnished,Under Construction,2.0,1.7
H12974,782.0,3.0,3.0,Coimbatore,Independent House,1993.0,449.13,0.0,Semi-Furnished,Under Construction,1.0,7.5
H10266,2615.0,6.0,1.0,Bangalore,Apartment,1996.0,237.95,0.0,Furnished,Under Construction,3.0,23.1
H12425,3074.0,4.0,3.0,Kochi,,2015.0,,1.0,Furnished,Under Construction,1.0,
H11263,3667.0,1.0,2.0,Mumbai,Independent House,1998.0,99.02,2.0,Furnished,Under Construction,1.0,13.9
H11772,4761.0,1.0,1.0,Kochi,,2016.0,438.03,0.0,Furnished,Under Construction,3.0,31.5
H10272,4564.0,1.0,4.0,Pune,Apartment,1993.0,106.19,1.0,Semi-Furnished,Ready to Move,2.0,5.8
H10697,3113.0,6.0,4.0,Kochi,Villa,2014.0,440.72,1.0,Unfurnished,Under Construction,1.0,26.8
H10748,2544.0,1.0,2.0,Coimbatore,Townhouse,2007.0,66.24,0.0,Unfurnished,Ready to Move,4.0,29.6
H10245,3074.0,6.0,2.0,Hyderabad,Villa,2022.0,284.52,3.0,Semi-Furnished,Under Construction,3.0,9.3
H10318,2232.0,4.0,4.0,Chennai,Apartment,1999.0,383.94,2.0,Unfurnished,,4.0,12.6
H10477,2764.0,5.0,3.0,Hyderabad,Townhouse,2011.0,384.74,3.0,Unfurnished,Ready to Move,1.0,2.7
H12033,1211.0,6.0,1.0,Chennai,Villa,2002.0,133.12,2.0,Semi-Furnished,Ready to Move,2.0,19.0
H10958,1324.0,1.0,3.0,Pune,Villa,1999.0,246.11,0.0,Furnished,Under Construction,2.0,11.6
H13618,,6.0,5.0,Mumbai,Townhouse,1992.0,217.25,2.0,Furnished,Under Construction,4.0,14.5
H10814,2407.0,6.0,5.0,Pune,Apartment,2003.0,417.05,2.0,Unfurnished,Ready to Move,2.0,16.6
H14020,3663.0,5.0,1.0,Coimbatore,Villa,2004.0,288.44,3.0,Semi-Furnished,Under Construction,2.0,6.7
H11915,,6.0,4.0,Mumbai,Villa,2008.0,66.83,1.0,Unfurnished,Under Construction,4.0,8.0
H14469,4222.0,5.0,2.0,Pune,Townhouse,2008.0,295.74,0.0,Unfurnished,Under Construction,2.0,21.6
H11298,3056.0,4.0,2.0,Pune,Villa,2004.0,282.3,0.0,Furnished,,4.0,11.9
H13823,1812.0,2.0,2.0,Bangalore,Apartment,1994.0,301.84,2.0,Semi-Furnished,Under Construction,2.0,15.2
H11805,2073.0,5.0,1.0,Mumbai,Apartment,2002.0,320.71,0.0,Unfurnished,Ready to Move,1.0,33.6
H10759,2458.0,6.0,4.0,Kochi,,1997.0,305.96,2.0,Semi-Furnished,Under Construction,3.0,2.9
H10251,3970.0,6.0,2.0,Hyderabad,Independent House,1999.0,171.58,1.0,Unfurnished,Ready to Move,2.0,12.5
H12462,3451.0,4.0,2.0,Hyderabad,Villa,2022.0,25.88,3.0,Furnished,Under Construction,1.0,1.8
H10546,1565.0,2.0,4.0,Pune,Villa,1992.0,362.03,1.0,Semi-Furnished,Under Construction,1.0,30.7
H13242,1649.0,3.0,4.0,Kochi,Villa,2019.0,309.8,2.0,Semi-Furnished,Ready to Move,1.0,2.7
H10739,,4.0,5.0,Chennai,Townhouse,2008.0,158.45,2.0,Furnished,Under Construction,2.0,18.4
H10311,554.0,1.0,5.0,Chennai,Independent House,2017.0,,0.0,Unfurnished,Under Construction,3.0,3.0
H12942,4446.0,5.0,3.0,Kochi,Townhouse,1996.0,218.83,3.0,Semi-Furnished,Under Construction,2.0,20.3
H11132,4674.0,4.0,3.0,Hyderabad,Townhouse,2006.0,52.74,0.0,Semi-Furnished,Ready to Move,1.0,14.7
H11450,861.0,4.0,5.0,Hyderabad,Villa,2019.0,120.06,1.0,Semi-Furnished,Ready to Move,2.0,6.3
H14775,2264.0,3.0,1.0,Mumbai,Villa,2012.0,,0.0,Furnished,Under Construction,1.0,12.7
H10016,4667.0,4.0,3.0,Pune,Independent House,2013.0,165.1,,Semi-Furnished,Ready to Move,3.0,20.9
H13233,3074.0,5.0,1.0,Coimbatore,Independent House,2016.0,292.47,2.0,Furnished,Under Construction,3.0,28.7
H12770,4156.0,1.0,2.0,Kochi,Apartment,2005.0,374.34,0.0,Furnished,Ready to Move,3.0,22.0
H13469,3218.0,3.0,1.0,,Apartment,2022.0,293.02,0.0,Unfurnished,Ready to Move,3.0,30.6
H10921,4045.0,4.0,4.0,Mumbai,Independent House,2015.0,,0.0,Furnished,Ready to Move,2.0,13.6
H13030,1419.0,4.0,4.0,Pune,Villa,2021.0,137.11,1.0,Semi-Furnished,Under Construction,1.0,4.6
H14066,3297.0,5.0,3.0,Chennai,Townhouse,1995.0,72.98,1.0,Unfurnished,Under Construction,4.0,24.4
H12545,1459.0,4.0,3.0,Kochi,Apartment,2020.0,71.93,1.0,Furnished,Ready to Move,4.0,20.1
H10039,2611.0,6.0,3.0,Pune,Townhouse,2008.0,246.7,2.0,Furnished,Under Construction,4.0,24.6
H10364,1898.0,6.0,5.0,Chennai,Townhouse,2023.0,230.42,2.0,Unfurnished,Ready to Move,4.0,29.6
H13894,1326.0,4.0,3.0,Mumbai,Apartment,2023.0,217.89,0.0,Semi-Furnished,Ready to Move,2.0,3.8
H10183,2509.0,1.0,1.0,Hyderabad,Villa,2023.0,27.56,1.0,Semi-Furnished,Ready to Move,1.0,28.9
H13034,1169.0,3.0,2.0,Pune,Townhouse,2002.0,44.78,1.0,Unfurnished,Ready to Move,1.0,28.3
H12984,2544.0,1.0,1.0,Mumbai,Apartment,2017.0,241.19,2.0,Semi-Furnished,Under Construction,1.0,24.2
H11195,1442.0,4.0,1.0,Bangalore,Apartment,2021.0,31.47,1.0,Semi-Furnished,Ready to Move,4.0,25.4
H12853,1478.0,5.0,4.0,Kochi,Villa,1996.0,33.92,0.0,Semi-Furnished,Ready to Move,2.0,12.5
H13569,,6.0,3.0,Hyderabad,Villa,2005.0,223.29,0.0,Furnished,Under Construction,1.0,6.5
H11122,860.0,5.0,4.0,Mumbai,Villa,2008.0,130.25,,Semi-Furnished,Ready to Move,4.0,20.5
H12236,3207.0,5.0,4.0,Coimbatore,Apartment,1990.0,,1.0,Semi-Furnished,Ready to Move,4.0,12.5
H12668,2736.0,1.0,5.0,Hyderabad,Apartment,2004.0,430.35,0.0,,Ready to Move,2.0,30.6
H13509,4179.0,5.0,4.0,Hyderabad,Townhouse,2025.0,386.24,3.0,Furnished,Ready to Move,2.0,32.4
H13224,3622.0,3.0,1.0,Coimbatore,Apartment,1998.0,288.12,0.0,Unfurnished,Under Construction,2.0,23.2
H11183,3286.0,6.0,3.0,Mumbai,Independent House,2012.0,43.42,3.0,Furnished,Ready to Move,1.0,22.6
H14168,827.0,4.0,4.0,Kochi,Villa,2013.0,294.99,1.0,Unfurnished,Ready to Move,4.0,32.0
H10615,2456.0,3.0,1.0,Mumbai,Townhouse,1999.0,30.5,3.0,Furnished,Ready to Move,3.0,3.9
H11467,1505.0,4.0,5.0,Pune,Villa,2025.0,337.99,1.0,Semi-Furnished,Under Construction,2.0,33.2
H10402,3696.0,4.0,4.0,Hyderabad,Apartment,2017.0,35.55,0.0,Unfurnished,Under Construction,1.0,7.3
H13043,1069.0,6.0,1.0,Coimbatore,Independent House,1994.0,130.82,1.0,,Ready to Move,2.0,14.5
H10935,604.0,6.0,2.0,Chennai,Townhouse,2006.0,362.41,2.0,Furnished,Under Construction,4.0,1.9
H12420,590.0,3.0,1.0,Bangalore,Villa,2016.0,337.95,1.0,,Ready to Move,2.0,12.8
H13822,1504.0,1.0,2.0,Chennai,Independent House,1993.0,330.96,2.0,Furnished,Under Construction,1.0,3.4
H14384,4048.0,6.0,2.0,Pune,Townhouse,2016.0,197.26,0.0,Semi-Furnished,Ready to Move,4.0,23.8
H12642,4357.0,3.0,1.0,Coimbatore,Villa,2018.0,213.77,,Furnished,Ready to Move,2.0,32.2
H13811,3339.0,1.0,4.0,Coimbatore,Townhouse,2004.0,27.58,2.0,Semi-Furnished,Ready to Move,,8.5
H10727,4965.0,3.0,5.0,Chennai,Villa,1994.0,254.08,0.0,Furnished,Under Construction,4.0,19.6
H10827,2505.0,3.0,2.0,Coimbatore,,2002.0,337.37,0.0,Semi-Furnished,Under Construction,4.0,29.5
H11522,2543.0,4.0,5.0,,Townhouse,2010.0,236.23,0.0,Furnished,Under Construction,1.0,22.6
H14608,2494.0,5.0,4.0,Chennai,Independent House,1998.0,122.98,3.0,Unfurnished,Ready to Move,1.0,2.7
H12931,4314.0,5.0,5.0,Mumbai,Townhouse,1997.0,295.2,1.0,Semi-Furnished,Under Construction,2.0,8.8
H10137,4313.0,2.0,5.0,Bangalore,Apartment,2000.0,63.47,0.0,Unfurnished,Under Construction,3.0,16.5
H10629,4706.0,4.0,,Chennai,Independent House,1998.0,405.82,1.0,Semi-Furnished,Under Construction,2.0,16.5
H10335,3893.0,4.0,3.0,Hyderabad,,2005.0,249.68,3.0,,Under Construction,4.0,24.1
H10391,4735.0,2.0,3.0,Mumbai,Villa,2019.0,342.33,2.0,Semi-Furnished,Ready to Move,2.0,34.0
H14257,4816.0,1.0,5.0,Kochi,Villa,2010.0,324.89,1.0,Furnished,Under Construction,2.0,26.5
H14732,3793.0,5.0,4.0,Chennai,Independent House,2022.0,367.28,0.0,Semi-Furnished,Ready to Move,1.0,4.0
H13632,2403.0,2.0,5.0,Pune,Villa,2018.0,357.98,1.0,Semi-Furnished,Under Construction,2.0,12.9
H11818,811.0,1.0,2.0,Hyderabad,Apartment,2004.0,285.31,1.0,Furnished,Under Construction,3.0,10.8
H10401,2066.0,5.0,5.0,Pune,Apartment,2005.0,206.54,2.0,Furnished,Ready to Move,,28.3
H10711,1017.0,3.0,3.0,Hyderabad,Apartment,2024.0,34.39,0.0,Furnished,Under Construction,2.0,28.3
H11040,2335.0,2.0,5.0,Coimbatore,Villa,2014.0,302.58,3.0,Semi-Furnished,Ready to Move,4.0,10.8
H13784,1120.0,3.0,2.0,Kochi,Apartment,2009.0,245.47,2.0,Furnished,Ready to Move,3.0,27.7
H13360,1159.0,1.0,4.0,Bangalore,Townhouse,1993.0,333.18,3.0,Unfurnished,Under Construction,1.0,14.1
H10047,1325.0,3.0,5.0,Coimbatore,Townhouse,2013.0,89.03,3.0,Unfurnished,Ready to Move,1.0,24.9
H11562,1789.0,1.0,1.0,Kochi,Villa,2006.0,389.37,2.0,Unfurnished,Ready to Move,4.0,15.5
H14822,1363.0,4.0,5.0,Coimbatore,Apartment,1991.0,,2.0,Unfurnished,Under Construction,1.0,3.6
H14702,4535.0,4.0,4.0,Coimbatore,Independent House,2004.0,111.87,2.0,Furnished,Under Construction,4.0,21.0
H11113,588.0,5.0,4.0,Mumbai,Villa,2025.0,228.4,,Furnished,Ready to Move,3.0,29.6
H12514,3861.0,,4.0,Coimbatore,Independent House,1993.0,344.88,,Semi-Furnished,Under Construction,1.0,13.1
H11224,3661.0,5.0,2.0,Coimbatore,Townhouse,2003.0,236.72,2.0,Furnished,Under Construction,2.0,30.1
H14412,4808.0,6.0,5.0,Coimbatore,Independent House,2014.0,124.52,3.0,Furnished,Ready to Move,1.0,24.3
H13024,4302.0,3.0,4.0,Mumbai,Apartment,2002.0,137.75,2.0,Semi-Furnished,Under Construction,4.0,6.9
H12422,1537.0,2.0,5.0,Hyderabad,Independent House,1996.0,347.54,3.0,Unfurnished,Ready to Move,2.0,12.2
H11509,2663.0,3.0,2.0,Chennai,Villa,2012.0,,2.0,Furnished,Ready to Move,3.0,8.3
H11751,2354.0,2.0,3.0,Coimbatore,Villa,2000.0,410.39,1.0,Furnished,Ready to Move,4.0,
H14696,4370.0,1.0,5.0,Coimbatore,Apartment,1996.0,376.28,0.0,Furnished,Under Construction,3.0,17.0
H13886,3733.0,6.0,2.0,Bangalore,Townhouse,2012.0,233.65,0.0,Furnished,Ready to Move,2.0,31.9
H11800,4587.0,1.0,4.0,Hyderabad,Apartment,2002.0,376.17,3.0,Unfurnished,Ready to Move,4.0,25.5
H10339,2844.0,6.0,2.0,Kochi,Apartment,2002.0,336.64,0.0,Furnished,Under Construction,1.0,11.8
H10216,4327.0,1.0,3.0,Kochi,Independent House,2011.0,150.65,2.0,Semi-Furnished,Ready to Move,2.0,33.1
H11342,,2.0,4.0,Chennai,Villa,1998.0,361.26,3.0,Furnished,Under Construction,1.0,25.5
H10012,2941.0,4.0,5.0,Pune,Townhouse,2024.0,413.07,2.0,Semi-Furnished,Under Construction,4.0,21.0
H11521,3189.0,3.0,2.0,Kochi,Independent House,2019.0,441.2,0.0,Unfurnished,Under Construction,3.0,28.8
H13733,4996.0,5.0,4.0,Kochi,Villa,2010.0,422.21,0.0,Furnished,Under Construction,2.0,18.5
H13728,848.0,4.0,4.0,Chennai,Independent House,2007.0,403.14,2.0,Semi-Furnished,Ready to Move,4.0,18.5
H13005,3050.0,2.0,4.0,Kochi,Townhouse,1994.0,51.52,1.0,Furnished,Ready to Move,1.0,28.9
H12865,2069.0,3.0,5.0,Coimbatore,Independent House,1994.0,357.09,2.0,Unfurnished,Ready to Move,3.0,5.8
H13116,3330.0,5.0,2.0,Coimbatore,,2008.0,185.57,1.0,Unfurnished,Under Construction,4.0,21.1
H13900,1844.0,4.0,1.0,Pune,Apartment,1992.0,184.85,0.0,Unfurnished,Ready to Move,4.0,34.5
H12323,4107.0,2.0,3.0,Kochi,Apartment,2015.0,137.32,3.0,Unfurnished,Ready to Move,1.0,13.6
H12572,4050.0,3.0,4.0,Kochi,Independent House,2020.0,85.22,2.0,Furnished,Under Construction,1.0,8.6
H12914,3803.0,5.0,5.0,Hyderabad,Villa,2003.0,338.43,2.0,Furnished,Under Construction,3.0,22.7
H10102,1113.0,5.0,2.0,Bangalore,Villa,2012.0,426.44,2.0,Furnished,Under Construction,3.0,1.9
H13550,4890.0,3.0,4.0,Chennai,Apartment,2008.0,168.58,,Unfurnished,Ready to Move,3.0,19.4
H11459,708.0,2.0,4.0,Chennai,Villa,1993.0,329.31,1.0,Unfurnished,Under Construction,4.0,32.4
H10172,1209.0,2.0,4.0,Bangalore,Independent House,2024.0,379.98,0.0,Semi-Furnished,Under Construction,2.0,15.8
H10108,2272.0,4.0,4.0,Chennai,Independent House,2004.0,45.94,0.0,Semi-Furnished,Under Construction,3.0,34.5
H14653,1742.0,1.0,2.0,Hyderabad,Villa,2021.0,,0.0,Furnished,Ready to Move,2.0,28.1
H14842,2404.0,5.0,2.0,Bangalore,,2012.0,294.66,0.0,Unfurnished,Under Construction,1.0,34.3
H14170,2708.0,1.0,1.0,Mumbai,Villa,1993.0,81.34,2.0,Semi-Furnished,Ready to Move,3.0,33.4
H14526,1414.0,3.0,3.0,Bangalore,Villa,2020.0,400.48,2.0,Semi-Furnished,Under Construction,1.0,34.6
H13660,3441.0,5.0,4.0,Kochi,Villa,2014.0,432.68,2.0,Unfurnished,Under Construction,1.0,4.2
H13930,2124.0,1.0,5.0,Coimbatore,Villa,2020.0,295.85,3.0,Semi-Furnished,Under Construction,3.0,16.0
H13862,4161.0,1.0,1.0,Pune,Independent House,2022.0,261.66,2.0,Semi-Furnished,Ready to Move,2.0,20.6
H10061,4847.0,3.0,3.0,Mumbai,Independent House,1993.0,338.83,0.0,Semi-Furnished,Under Construction,1.0,33.2
H11241,912.0,2.0,1.0,Mumbai,Apartment,2001.0,300.48,0.0,Semi-Furnished,Ready to Move,4.0,14.6
H14502,744.0,3.0,1.0,Bangalore,Villa,1995.0,281.49,1.0,Furnished,Ready to Move,,6.7
H11041,1300.0,5.0,3.0,Pune,Apartment,1999.0,97.86,3.0,Unfurnished,Ready to Move,,17.9
H14220,4790.0,3.0,4.0,Hyderabad,Townhouse,1995.0,144.09,1.0,Semi-Furnished,Under Construction,2.0,10.5
H12761,4786.0,5.0,4.0,Mumbai,Townhouse,2014.0,441.26,2.0,Semi-Furnished,Ready to Move,4.0,21.0
H12121,1682.0,1.0,3.0,Chennai,Apartment,2001.0,219.42,2.0,Furnished,Under Construction,3.0,33.5
H11525,1830.0,6.0,3.0,Pune,Villa,2012.0,118.39,1.0,,Under Construction,1.0,2.8
H13522,664.0,5.0,1.0,Mumbai,Townhouse,2020.0,199.02,0.0,Unfurnished,Ready to Move,3.0,19.1
H10154,4060.0,4.0,5.0,Chennai,Townhouse,2000.0,386.72,1.0,,Ready to Move,1.0,5.4
H12249,2404.0,6.0,1.0,Mumbai,Townhouse,2011.0,303.56,1.0,Unfurnished,Under Construction,2.0,6.6
H10482,4072.0,3.0,3.0,Hyderabad,Independent House,2021.0,,3.0,Unfurnished,Under Construction,1.0,19.8
H14111,1177.0,5.0,4.0,Mumbai,Villa,2021.0,332.57,1.0,,Under Construction,2.0,19.9
H14180,4308.0,1.0,3.0,Kochi,Villa,1991.0,122.99,2.0,Unfurnished,Under Construction,2.0,14.7
H13579,4366.0,2.0,3.0,Chennai,Apartment,2016.0,67.69,2.0,Unfurnished,Ready to Move,2.0,5.9
H13935,1995.0,2.0,2.0,Kochi,Independent House,2008.0,435.6,0.0,Unfurnished,Under Construction,1.0,24.6
H13563,800.0,4.0,3.0,Coimbatore,Apartment,2000.0,418.87,2.0,Furnished,Under Construction,4.0,22.2
H13316,4860.0,2.0,1.0,Chennai,Villa,1994.0,345.42,0.0,Furnished,Ready to Move,1.0,29.5
H11763,,3.0,1.0,Coimbatore,Independent House,2004.0,193.91,2.0,Furnished,Under Construction,,21.7
H13539,998.0,3.0,4.0,Coimbatore,Apartment,2025.0,243.95,2.0,,Under Construction,3.0,2.7
H14663,1462.0,3.0,4.0,Mumbai,Villa,1996.0,293.26,3.0,Furnished,Ready to Move,1.0,
H10751,4040.0,2.0,1.0,Mumbai,Villa,2025.0,426.4,0.0,Semi-Furnished,Ready to Move,3.0,19.2
H11786,3509.0,6.0,1.0,Coimbatore,Independent House,2011.0,176.88,2.0,Unfurnished,Under Construction,2.0,17.6
H14006,3622.0,6.0,1.0,Pune,Villa,2020.0,368.47,0.0,,Ready to Move,4.0,30.4
H13384,622.0,1.0,4.0,Coimbatore,Apartment,2021.0,92.96,0.0,Unfurnished,Ready to Move,3.0,17.4
H14407,2732.0,2.0,2.0,Pune,Independent House,2014.0,366.85,1.0,Semi-Furnished,Ready to Move,4.0,33.4
H10406,3358.0,1.0,1.0,Coimbatore,Villa,2010.0,259.54,2.0,Furnished,Under Construction,2.0,10.2
H10758,4979.0,1.0,4.0,Chennai,Villa,2020.0,247.38,2.0,Unfurnished,Ready to Move,3.0,32.5
H12712,4727.0,1.0,1.0,Chennai,Villa,2004.0,316.65,1.0,Unfurnished,Ready to Move,1.0,14.6
H12671,2701.0,6.0,1.0,Hyderabad,Townhouse,2012.0,374.14,1.0,Semi-Furnished,Under Construction,4.0,1.9
H14622,4905.0,2.0,1.0,Chennai,Independent House,2024.0,388.64,1.0,Furnished,Ready to Move,3.0,10.0
H10098,756.0,3.0,4.0,Mumbai,Apartment,2016.0,219.36,0.0,Semi-Furnished,Under Construction,2.0,10.9
H11334,2805.0,1.0,4.0,Chennai,Apartment,2007.0,253.69,2.0,Furnished,Under Construction,2.0,2.3
H14321,2645.0,1.0,1.0,Pune,Villa,2023.0,387.7,1.0,Furnished,Ready to Move,1.0,17.2
H12792,2892.0,3.0,4.0,Pune,Independent House,1999.0,32.17,0.0,Unfurnished,Ready to Move,4.0,17.7
H12855,1072.0,6.0,4.0,Coimbatore,Townhouse,1996.0,403.31,2.0,Furnished,Under Construction,1.0,23.5
H10187,4611.0,3.0,1.0,Mumbai,Apartment,1993.0,64.25,0.0,Furnished,Ready to Move,3.0,30.7
H13797,1685.0,1.0,4.0,Bangalore,Townhouse,2019.0,149.66,0.0,Semi-Furnished,Ready to Move,2.0,8.0
H12724,4485.0,5.0,5.0,Bangalore,Townhouse,2011.0,198.7,2.0,Semi-Furnished,Under Construction,3.0,10.9
H13584,4558.0,1.0,3.0,Bangalore,Independent House,1992.0,98.55,1.0,Semi-Furnished,Ready to Move,1.0,21.5
H12059,3850.0,5.0,3.0,Pune,Townhouse,2001.0,161.63,2.0,Semi-Furnished,Ready to Move,3.0,5.8
H14495,3236.0,3.0,4.0,Coimbatore,Villa,2002.0,160.71,3.0,Semi-Furnished,Under Construction,1.0,9.4
H10149,1404.0,2.0,5.0,Coimbatore,Townhouse,2016.0,443.28,3.0,Semi-Furnished,Ready to Move,2.0,15.6
H10029,1817.0,6.0,2.0,Kochi,Townhouse,1998.0,49.45,0.0,Unfurnished,Ready to Move,1.0,9.1
H13956,2884.0,5.0,3.0,Coimbatore,Apartment,2017.0,148.55,1.0,Furnished,Under Construction,3.0,10.3
H13803,3240.0,,5.0,Coimbatore,Apartment,2009.0,376.08,1.0,Semi-Furnished,Ready to Move,1.0,19.2
H13957,3359.0,2.0,2.0,Kochi,Villa,2020.0,202.92,3.0,Unfurnished,Under Construction,1.0,24.0
H10693,3259.0,5.0,4.0,Pune,Villa,2008.0,191.61,,Furnished,Under Construction,1.0,13.0
H12867,1441.0,3.0,1.0,Chennai,Townhouse,2021.0,156.03,0.0,Furnished,Ready to Move,2.0,11.5
H11387,1485.0,1.0,3.0,Chennai,Apartment,2000.0,275.31,0.0,Semi-Furnished,Under Construction,3.0,19.5
H11846,3496.0,5.0,1.0,Bangalore,Townhouse,2009.0,315.95,2.0,Unfurnished,Ready to Move,2.0,31.6
H14594,2021.0,4.0,4.0,Bangalore,Apartment,1999.0,371.52,1.0,Unfurnished,Ready to Move,1.0,2.5
H14253,1207.0,6.0,2.0,Chennai,Independent House,2018.0,119.95,2.0,Unfurnished,Ready to Move,2.0,2.5
H11600,1253.0,,5.0,,Villa,2017.0,,0.0,Unfurnished,Ready to Move,1.0,6.6
H14373,834.0,3.0,4.0,Hyderabad,Independent House,2000.0,168.18,3.0,Furnished,Ready to Move,1.0,14.2
H10702,3420.0,3.0,2.0,Pune,Apartment,2014.0,176.61,2.0,Semi-Furnished,Ready to Move,2.0,22.4
H13777,3776.0,4.0,4.0,Kochi,Villa,1990.0,175.08,1.0,Semi-Furnished,Ready to Move,3.0,10.2
H13029,906.0,5.0,1.0,Bangalore,Townhouse,2015.0,419.56,0.0,Furnished,Under Construction,1.0,3.5
H12970,1529.0,6.0,4.0,Chennai,Apartment,2021.0,231.2,1.0,Furnished,Ready to Move,3.0,8.2
H14229,4457.0,1.0,3.0,Coimbatore,Apartment,2022.0,113.86,,Unfurnished,Ready to Move,2.0,5.3
H11709,4233.0,5.0,4.0,Kochi,Apartment,1999.0,214.95,,Semi-Furnished,Under Construction,4.0,17.2
H12954,3835.0,1.0,5.0,Chennai,Villa,2001.0,396.49,1.0,Semi-Furnished,Under Construction,2.0,6.0
H10455,1741.0,1.0,4.0,,Villa,2017.0,71.89,1.0,Furnished,Under Construction,4.0,26.5
H12869,2807.0,6.0,2.0,Hyderabad,Independent House,1995.0,199.06,3.0,Furnished,Under Construction,2.0,25.9
H12041,4228.0,6.0,1.0,Hyderabad,Townhouse,2023.0,177.62,2.0,Semi-Furnished,Under Construction,3.0,22.5
H14047,1420.0,5.0,2.0,Chennai,Villa,2022.0,345.05,3.0,Furnished,Ready to Move,2.0,5.9
H12316,4414.0,6.0,1.0,Coimbatore,Villa,2022.0,416.22,2.0,Furnished,Under Construction,3.0,19.3
H10610,4850.0,1.0,1.0,Coimbatore,Independent House,1995.0,354.62,1.0,Semi-Furnished,Ready to Move,3.0,5.7
H10168,4832.0,5.0,5.0,,Independent House,1992.0,318.15,3.0,Semi-Furnished,Ready to Move,2.0,25.7
H10731,4784.0,4.0,1.0,Kochi,Townhouse,2006.0,200.96,0.0,Unfurnished,Under Construction,4.0,16.4
H14125,3222.0,1.0,4.0,Bangalore,Apartment,2005.0,106.95,1.0,Semi-Furnished,Ready to Move,3.0,28.1
H13359,3465.0,5.0,5.0,Mumbai,Independent House,2022.0,393.2,1.0,Semi-Furnished,Ready to Move,3.0,19.8
H12075,3529.0,2.0,1.0,Kochi,Apartment,2015.0,404.36,1.0,Unfurnished,Ready to Move,2.0,34.6
H13832,3844.0,1.0,5.0,Pune,Independent House,2007.0,364.25,2.0,Unfurnished,Under Construction,3.0,1.9
H11623,4276.0,5.0,5.0,Mumbai,Villa,2025.0,448.81,1.0,Semi-Furnished,Under Construction,3.0,21.5
H10588,1802.0,4.0,3.0,Kochi,Apartment,2024.0,233.01,2.0,Unfurnished,Ready to Move,4.0,21.6
H11402,1436.0,1.0,2.0,Kochi,Independent House,2022.0,263.94,3.0,Semi-Furnished,Under Construction,1.0,29.8
H13046,557.0,5.0,3.0,Kochi,Townhouse,2023.0,151.7,3.0,Unfurnished,Ready to Move,3.0,19.1
H13225,1556.0,,2.0,Pune,Apartment,2024.0,239.88,1.0,Furnished,Ready to Move,2.0,12.7
H11701,559.0,3.0,4.0,Kochi,Independent House,1994.0,209.99,2.0,Furnished,Ready to Move,,32.8
H13089,3001.0,3.0,4.0,Chennai,Villa,1996.0,66.7,1.0,Semi-Furnished,Ready to Move,2.0,10.7
H14260,2947.0,6.0,5.0,Kochi,Villa,2004.0,50.87,2.0,Semi-Furnished,Under Construction,3.0,6.1
H12982,3981.0,4.0,2.0,Mumbai,Townhouse,2006.0,93.23,3.0,Semi-Furnished,Under Construction,3.0,15.3
H10041,2591.0,2.0,2.0,Coimbatore,Townhouse,,252.48,,Unfurnished,Under Construction,4.0,18.0
H11380,2126.0,1.0,1.0,Pune,Independent House,2000.0,440.21,3.0,Unfurnished,,4.0,9.6
H12090,2729.0,6.0,1.0,Bangalore,Villa,2025.0,169.62,3.0,Unfurnished,Ready to Move,4.0,30.2
H12176,3406.0,6.0,1.0,Kochi,Villa,2022.0,306.18,2.0,Unfurnished,Ready to Move,2.0,6.2
H13218,1654.0,1.0,1.0,Pune,Apartment,1994.0,166.87,1.0,Unfurnished,Under Construction,3.0,17.6
H12886,1325.0,3.0,5.0,Bangalore,Apartment,2019.0,240.49,2.0,Semi-Furnished,Ready to Move,3.0,34.8
H10075,4434.0,5.0,1.0,Bangalore,Villa,2005.0,269.3,3.0,Semi-Furnished,Under Construction,2.0,2.0
H13706,3131.0,1.0,4.0,Mumbai,Independent House,2004.0,43.91,0.0,Unfurnished,Under Construction,2.0,11.1
H12658,932.0,2.0,4.0,Hyderabad,Townhouse,2014.0,193.97,0.0,Unfurnished,Ready to Move,3.0,13.2
H13181,2399.0,4.0,,Bangalore,Apartment,1991.0,329.64,3.0,Furnished,Ready to Move,1.0,
H12077,3199.0,2.0,,Kochi,Apartment,2003.0,269.1,1.0,Unfurnished,Ready to Move,4.0,2.7
H10442,3166.0,2.0,3.0,Mumbai,Apartment,1995.0,50.25,1.0,Semi-Furnished,Ready to Move,4.0,5.7
H13843,3167.0,2.0,1.0,Pune,Apartment,2008.0,74.05,1.0,Unfurnished,Ready to Move,4.0,10.5
H12052,1064.0,2.0,5.0,Pune,Villa,2002.0,352.25,1.0,Semi-Furnished,Under Construction,4.0,3.3
H12542,2392.0,4.0,4.0,Bangalore,Independent House,2005.0,33.47,1.0,Unfurnished,Under Construction,4.0,22.9
H13307,4501.0,2.0,5.0,Hyderabad,Apartment,1996.0,329.8,0.0,Unfurnished,Ready to Move,3.0,16.9
H11302,3906.0,4.0,5.0,Hyderabad,Townhouse,2024.0,42.06,1.0,Unfurnished,Under Construction,1.0,8.4
H11782,3215.0,5.0,5.0,Kochi,Apartment,1998.0,328.4,1.0,Furnished,Under Construction,1.0,5.7
H14674,1305.0,6.0,3.0,Bangalore,Villa,2005.0,58.76,0.0,Furnished,Under Construction,,4.1
H13431,1039.0,4.0,5.0,Pune,Villa,,319.32,1.0,Semi-Furnished,Ready to Move,1.0,8.3
H11305,3892.0,2.0,4.0,Kochi,Independent House,2006.0,394.15,3.0,Semi-Furnished,Under Construction,2.0,28.8
H10237,775.0,1.0,5.0,Chennai,Apartment,2005.0,364.86,0.0,Furnished,,4.0,21.3
H12600,3769.0,2.0,2.0,Bangalore,Apartment,2015.0,31.14,1.0,Furnished,Under Construction,,14.9
H10521,3333.0,6.0,1.0,Hyderabad,Villa,1999.0,102.98,0.0,Semi-Furnished,Under Construction,2.0,28.1
H12574,2670.0,6.0,2.0,Kochi,Apartment,1997.0,34.32,3.0,Semi-Furnished,Ready to Move,4.0,25.1
H13281,3025.0,4.0,4.0,Hyderabad,Villa,2022.0,270.03,1.0,Semi-Furnished,Under Construction,3.0,12.6
H13187,4000.0,2.0,5.0,Kochi,Villa,1997.0,296.01,2.0,Semi-Furnished,Under Construction,2.0,
H12769,3725.0,5.0,1.0,Hyderabad,Villa,2020.0,316.29,1.0,Furnished,Under Construction,3.0,13.3
H10736,559.0,2.0,5.0,Bangalore,Apartment,1995.0,93.46,0.0,Furnished,Under Construction,2.0,8.6
H14568,4062.0,4.0,2.0,Bangalore,Villa,2002.0,370.48,,Semi-Furnished,Ready to Move,3.0,26.6
H12107,4136.0,4.0,2.0,Pune,Apartment,2019.0,157.98,0.0,Furnished,Ready to Move,1.0,
H12680,3210.0,5.0,2.0,Mumbai,Villa,2006.0,420.68,0.0,Furnished,Under Construction,4.0,24.7
H13230,4214.0,3.0,5.0,Bangalore,Apartment,2020.0,308.76,,Furnished,Ready to Move,4.0,26.8
H12762,2317.0,3.0,5.0,Bangalore,Independent House,1993.0,208.22,1.0,Furnished,Ready to Move,4.0,5.5
H10593,1908.0,5.0,,Pune,Townhouse,1995.0,170.21,1.0,Unfurnished,Ready to Move,2.0,9.4
H11304,588.0,5.0,1.0,Coimbatore,Villa,2020.0,232.95,2.0,,Ready to Move,1.0,27.6
H11388,4887.0,4.0,2.0,Kochi,Apartment,1999.0,141.86,3.0,Unfurnished,Ready to Move,,33.7
H14560,3306.0,1.0,2.0,Hyderabad,Villa,2023.0,360.89,3.0,Unfurnished,Ready to Move,1.0,31.5
H14395,937.0,5.0,5.0,Kochi,Apartment,2018.0,204.67,0.0,Unfurnished,Ready to Move,1.0,2.9
H13743,715.0,4.0,2.0,Hyderabad,Townhouse,2015.0,276.38,1.0,Unfurnished,Under Construction,3.0,13.7
H11891,4769.0,1.0,3.0,Coimbatore,Villa,2004.0,154.19,1.0,Unfurnished,Under Construction,2.0,14.8
H12988,765.0,6.0,4.0,Chennai,Independent House,2003.0,255.71,3.0,Unfurnished,Ready to Move,2.0,5.1
H14778,3816.0,5.0,5.0,,Independent House,2021.0,280.06,1.0,Unfurnished,Ready to Move,2.0,27.6
H13298,689.0,3.0,1.0,Coimbatore,Independent House,2001.0,54.3,0.0,Semi-Furnished,Under Construction,2.0,32.2
H10905,4972.0,5.0,2.0,Chennai,Villa,2004.0,444.71,2.0,Unfurnished,Ready to Move,4.0,12.4
H14476,4705.0,1.0,4.0,Coimbatore,Apartment,1992.0,91.23,3.0,Semi-Furnished,Under Construction,4.0,6.5
H11280,1590.0,1.0,2.0,Kochi,Townhouse,2014.0,144.85,0.0,Semi-Furnished,Ready to Move,1.0,11.4
H10934,4614.0,2.0,5.0,Mumbai,Townhouse,1997.0,227.75,2.0,Unfurnished,Under Construction,4.0,28.8
H14756,1439.0,5.0,4.0,Bangalore,Apartment,,295.92,0.0,Semi-Furnished,Ready to Move,2.0,22.8
H12309,2079.0,5.0,4.0,Hyderabad,,2011.0,350.88,3.0,Semi-Furnished,Ready to Move,4.0,32.5
H11556,1558.0,4.0,4.0,Kochi,Townhouse,2005.0,54.45,2.0,Semi-Furnished,Ready to Move,3.0,2.2
H14402,827.0,2.0,3.0,Chennai,Villa,2008.0,87.9,1.0,Semi-Furnished,Ready to Move,1.0,7.0
H13191,3101.0,4.0,4.0,Hyderabad,Villa,1990.0,70.45,2.0,Furnished,Under Construction,4.0,11.4
H14311,2159.0,6.0,4.0,Chennai,Villa,1998.0,104.07,0.0,Furnished,Under Construction,2.0,
H10707,4874.0,5.0,2.0,Coimbatore,Apartment,2015.0,246.21,3.0,Unfurnished,Under Construction,3.0,26.1
H14555,1401.0,1.0,1.0,Kochi,Independent House,2007.0,188.32,2.0,Furnished,Ready to Move,3.0,1.3
H13071,3486.0,5.0,4.0,Coimbatore,Independent House,2019.0,286.51,0.0,,Under Construction,1.0,34.4
H10746,3382.0,6.0,4.0,Coimbatore,Townhouse,2001.0,283.36,1.0,Semi-Furnished,Under Construction,4.0,2.7
H13595,4269.0,6.0,5.0,Pune,Villa,2006.0,428.34,1.0,Furnished,Under Construction,3.0,7.5
H11940,1264.0,1.0,3.0,Hyderabad,Villa,1996.0,207.38,3.0,Semi-Furnished,Ready to Move,4.0,1.3
H14270,4404.0,1.0,5.0,Coimbatore,Villa,1997.0,283.11,1.0,Unfurnished,Ready to Move,3.0,29.3
H12863,1928.0,2.0,4.0,Hyderabad,Apartment,,,2.0,Semi-Furnished,Under Construction,3.0,33.7
H13790,1165.0,3.0,3.0,Bangalore,Independent House,2007.0,232.13,0.0,Semi-Furnished,Ready to Move,4.0,19.2
H10514,4134.0,2.0,1.0,Kochi,Independent House,1999.0,103.19,2.0,,Ready to Move,1.0,15.7
H10082,4111.0,4.0,2.0,Bangalore,Townhouse,1990.0,323.79,2.0,Unfurnished,Under Construction,2.0,23.4
H14828,4053.0,3.0,4.0,Hyderabad,Villa,1997.0,,3.0,Furnished,Under Construction,2.0,27.9
H11309,1648.0,3.0,2.0,Pune,Independent House,1997.0,130.0,1.0,Semi-Furnished,Ready to Move,3.0,33.5
H14416,2180.0,1.0,1.0,Pune,Villa,2017.0,115.94,2.0,Unfurnished,Ready to Move,4.0,16.9
H10915,2629.0,5.0,1.0,Bangalore,Townhouse,,281.62,0.0,Semi-Furnished,Ready to Move,1.0,24.3
H13453,4901.0,5.0,2.0,Bangalore,Independent House,2019.0,175.77,0.0,Unfurnished,Under Construction,3.0,12.9
H13696,1780.0,4.0,,Chennai,Independent House,2021.0,328.47,3.0,Semi-Furnished,Ready to Move,1.0,5.5
H14664,1193.0,6.0,4.0,Hyderabad,Townhouse,2006.0,165.78,2.0,Furnished,Under Construction,3.0,4.6
H13157,3474.0,1.0,5.0,Coimbatore,Townhouse,1999.0,94.66,0.0,,,1.0,4.4
H12199,3193.0,3.0,4.0,Kochi,Villa,2010.0,108.47,1.0,Semi-Furnished,Ready to Move,3.0,15.0
H10775,4777.0,2.0,3.0,Mumbai,Villa,1999.0,150.64,1.0,Unfurnished,Ready to Move,2.0,34.1
H10330,1631.0,6.0,4.0,Chennai,Independent House,2001.0,385.38,3.0,Unfurnished,Ready to Move,3.0,13.0
H12055,2616.0,6.0,1.0,,Townhouse,2006.0,111.95,0.0,Furnished,Under Construction,3.0,29.6
H12002,1861.0,1.0,3.0,Pune,Villa,2021.0,311.42,1.0,Unfurnished,Under Construction,1.0,24.5
H10944,3860.0,5.0,4.0,Hyderabad,Apartment,2016.0,268.66,1.0,Semi-Furnished,Under Construction,2.0,7.4
H10823,4306.0,6.0,3.0,Chennai,Townhouse,1994.0,50.13,0.0,Furnished,Ready to Move,4.0,11.0
H14396,3671.0,5.0,5.0,Hyderabad,Villa,2023.0,347.98,0.0,Furnished,Under Construction,4.0,10.4
H10910,,4.0,2.0,Bangalore,Independent House,2010.0,429.98,2.0,Semi-Furnished,Ready to Move,4.0,1.6
H12517,3871.0,4.0,4.0,,Apartment,2006.0,62.22,0.0,Unfurnished,Ready to Move,1.0,
H10182,3526.0,6.0,1.0,Bangalore,Townhouse,2010.0,360.29,2.0,Semi-Furnished,Under Construction,4.0,12.4
H10165,1158.0,3.0,1.0,Chennai,Villa,2007.0,364.71,2.0,Semi-Furnished,Ready to Move,3.0,25.1
H11524,3982.0,5.0,,Hyderabad,Villa,2012.0,233.16,2.0,Semi-Furnished,Under Construction,2.0,25.8
H10452,3874.0,3.0,5.0,Pune,Apartment,2012.0,38.41,1.0,Unfurnished,Ready to Move,,6.2
H12539,4750.0,2.0,1.0,Mumbai,Townhouse,2014.0,290.63,0.0,Furnished,Ready to Move,3.0,33.0
H14203,4153.0,4.0,5.0,Coimbatore,Townhouse,2023.0,212.37,2.0,Unfurnished,Under Construction,4.0,17.4
H14636,4168.0,2.0,1.0,Bangalore,Townhouse,2004.0,191.48,1.0,Unfurnished,Ready to Move,2.0,24.1
H11312,3705.0,5.0,2.0,,Villa,2008.0,219.68,3.0,Semi-Furnished,Ready to Move,1.0,19.7
H13150,4623.0,4.0,3.0,Pune,Apartment,2009.0,389.55,2.0,Semi-Furnished,Under Construction,2.0,14.7
H11112,4828.0,4.0,5.0,Pune,Villa,2005.0,420.57,1.0,Semi-Furnished,Under Construction,4.0,30.1
H14415,3012.0,3.0,1.0,Kochi,Villa,1993.0,319.46,1.0,Furnished,Under Construction,3.0,22.9
H13490,,5.0,4.0,Coimbatore,Independent House,2017.0,379.47,2.0,Furnished,Ready to Move,2.0,22.1
H11288,834.0,,1.0,Coimbatore,Villa,2010.0,211.21,0.0,Furnished,Under Construction,4.0,7.3
H14026,3103.0,2.0,3.0,Kochi,Independent House,2000.0,218.92,2.0,Furnished,Under Construction,3.0,9.6
H14510,2564.0,5.0,3.0,Kochi,Independent House,2002.0,281.12,0.0,Unfurnished,Ready to Move,4.0,24.4
H13681,933.0,5.0,1.0,Coimbatore,Apartment,2007.0,434.65,1.0,Unfurnished,Ready to Move,3.0,32.2
H14204,1259.0,2.0,,Kochi,Apartment,2021.0,178.0,0.0,Unfurnished,Under Construction,3.0,13.3
H14561,2194.0,5.0,1.0,Pune,Independent House,2012.0,324.24,3.0,Semi-Furnished,Ready to Move,1.0,27.7
H13301,3718.0,4.0,5.0,Pune,Independent House,,271.4,3.0,Unfurnished,Ready to Move,3.0,13.7
H13311,4611.0,1.0,2.0,Mumbai,Independent House,2007.0,320.24,3.0,Unfurnished,Under Construction,4.0,5.1
H14424,565.0,2.0,2.0,Hyderabad,Independent House,2015.0,399.07,3.0,,Ready to Move,1.0,18.6
H13126,2729.0,3.0,4.0,Hyderabad,Townhouse,1999.0,434.01,2.0,Unfurnished,Under Construction,1.0,3.1
H10328,1562.0,3.0,1.0,Chennai,Townhouse,2001.0,292.92,1.0,Furnished,Under Construction,1.0,30.5
H11791,2229.0,1.0,3.0,Bangalore,Villa,2008.0,292.34,0.0,Semi-Furnished,Under Construction,2.0,34.7
H12491,1253.0,2.0,2.0,Bangalore,Apartment,2001.0,183.6,2.0,Unfurnished,Ready to Move,4.0,1.4
H12007,1485.0,3.0,2.0,Hyderabad,Villa,2007.0,333.4,0.0,Furnished,,2.0,3.3
H12008,2780.0,3.0,5.0,Bangalore,Villa,2019.0,239.71,2.0,Unfurnished,Under Construction,4.0,8.3
H11859,1395.0,1.0,5.0,Mumbai,Independent House,2022.0,235.89,2.0,Unfurnished,Ready to Move,3.0,9.2
H14550,2790.0,6.0,3.0,Mumbai,Townhouse,1994.0,221.88,2.0,Unfurnished,Ready to Move,3.0,10.8
H10313,1541.0,,5.0,Mumbai,Independent House,2014.0,344.33,2.0,Furnished,Ready to Move,1.0,26.2
H10833,3469.0,5.0,1.0,Mumbai,Apartment,2009.0,116.56,1.0,Furnished,Ready to Move,4.0,21.5
H13080,1216.0,3.0,2.0,Chennai,Townhouse,1990.0,79.85,2.0,Unfurnished,Under Construction,3.0,3.0
H14582,848.0,5.0,2.0,Pune,Villa,1999.0,217.67,0.0,Unfurnished,Ready to Move,1.0,19.5
H13463,1474.0,1.0,1.0,Kochi,Apartment,1997.0,388.37,0.0,Unfurnished,Ready to Move,2.0,11.1
H11202,1840.0,2.0,4.0,Chennai,Apartment,2007.0,424.49,1.0,,Ready to Move,3.0,22.4
H14261,2525.0,1.0,3.0,Kochi,Independent House,2001.0,204.84,0.0,Furnished,Under Construction,4.0,1.2
H13548,754.0,5.0,3.0,Coimbatore,Townhouse,1992.0,100.54,2.0,Unfurnished,Ready to Move,2.0,18.1
H13787,1467.0,6.0,2.0,Chennai,Villa,2025.0,128.59,0.0,Furnished,Under Construction,3.0,16.6
H12135,1025.0,2.0,2.0,Kochi,Villa,2008.0,147.95,2.0,Furnished,Under Construction,2.0,24.0
H13452,4319.0,1.0,3.0,Coimbatore,Apartment,2019.0,367.69,0.0,Furnished,Under Construction,4.0,22.1
H12210,1999.0,2.0,4.0,Hyderabad,Townhouse,2018.0,276.46,3.0,Semi-Furnished,Ready to Move,4.0,2.1
H11902,2843.0,1.0,2.0,Kochi,Apartment,2010.0,253.94,1.0,Furnished,Under Construction,1.0,27.7
H11482,1079.0,3.0,5.0,Bangalore,Villa,2006.0,174.05,0.0,Unfurnished,Under Construction,4.0,9.9
H10778,2686.0,6.0,5.0,Kochi,Apartment,2024.0,203.68,3.0,Unfurnished,Ready to Move,,27.5
H10800,1752.0,2.0,,Bangalore,Townhouse,2005.0,224.95,1.0,Furnished,Under Construction,3.0,7.7
H13715,3499.0,5.0,2.0,Pune,Apartment,2016.0,109.84,0.0,Unfurnished,Under Construction,3.0,5.7
H10055,1571.0,5.0,1.0,Mumbai,Apartment,2004.0,363.92,3.0,Furnished,Under Construction,4.0,6.0
H12973,827.0,6.0,4.0,Bangalore,Apartment,2002.0,176.5,3.0,Furnished,Ready to Move,3.0,10.2
H13336,3916.0,1.0,2.0,Chennai,Villa,2021.0,366.29,0.0,,Ready to Move,3.0,15.0
H11921,4354.0,4.0,1.0,Coimbatore,Independent House,2023.0,373.45,0.0,Furnished,Under Construction,1.0,13.5
H13716,2653.0,6.0,1.0,Hyderabad,Apartment,2006.0,139.2,2.0,Unfurnished,Ready to Move,1.0,32.9
H14511,4339.0,2.0,1.0,Coimbatore,Apartment,2021.0,449.21,0.0,Furnished,Ready to Move,4.0,5.0
H10947,3604.0,1.0,4.0,Mumbai,Townhouse,2014.0,265.31,3.0,Unfurnished,Ready to Move,3.0,20.4
H11702,2975.0,3.0,4.0,Hyderabad,Independent House,1992.0,216.78,2.0,Unfurnished,Under Construction,3.0,34.8
H13294,662.0,6.0,4.0,Coimbatore,Independent House,2014.0,378.48,3.0,Furnished,Under Construction,2.0,5.2
H12162,4536.0,2.0,3.0,Pune,Apartment,2010.0,275.27,1.0,Semi-Furnished,,2.0,10.7
H11137,4061.0,5.0,5.0,,Townhouse,2002.0,52.42,3.0,Furnished,Under Construction,3.0,3.4
H10988,4583.0,4.0,5.0,Pune,Apartment,2019.0,145.74,3.0,Furnished,Under Construction,1.0,1.9
H12550,3051.0,3.0,5.0,Chennai,Villa,2018.0,220.97,2.0,Unfurnished,Ready to Move,1.0,19.7
H10194,4273.0,4.0,5.0,Bangalore,Independent House,,421.09,1.0,Semi-Furnished,Under Construction,2.0,14.8
H13058,4169.0,2.0,3.0,Hyderabad,Independent House,1997.0,207.82,0.0,Unfurnished,Ready to Move,3.0,11.2
H13247,4837.0,3.0,5.0,Chennai,Apartment,2004.0,173.66,3.0,Semi-Furnished,Under Construction,3.0,15.3
H11395,2791.0,5.0,3.0,Pune,Independent House,2021.0,168.36,1.0,Furnished,Ready to Move,3.0,7.4
H12638,4722.0,2.0,4.0,Mumbai,Townhouse,2025.0,86.83,0.0,Furnished,Ready to Move,3.0,21.8
H10769,1422.0,3.0,5.0,Pune,Townhouse,1996.0,197.67,,Unfurnished,Under Construction,2.0,4.4
H14567,1202.0,5.0,3.0,Bangalore,Townhouse,2013.0,442.38,2.0,Furnished,Under Construction,1.0,
H13091,2179.0,5.0,4.0,Bangalore,Villa,2005.0,168.18,0.0,Semi-Furnished,Under Construction,1.0,15.8
H13496,1211.0,6.0,3.0,Hyderabad,Independent House,1990.0,391.21,3.0,Furnished,Ready to Move,1.0,13.0
H13216,3160.0,5.0,2.0,Bangalore,Apartment,2020.0,195.98,3.0,Semi-Furnished,Under Construction,4.0,18.6
H10286,3005.0,2.0,4.0,Hyderabad,Apartment,1999.0,133.8,1.0,Semi-Furnished,Under Construction,4.0,34.7
H14790,2001.0,2.0,5.0,Coimbatore,Villa,2002.0,413.68,2.0,,Ready to Move,4.0,6.9
H10429,4721.0,5.0,1.0,Pune,Townhouse,2014.0,418.03,3.0,Furnished,Under Construction,3.0,8.2
H14318,1907.0,6.0,4.0,Hyderabad,Villa,,301.96,1.0,Unfurnished,Under Construction,3.0,2.7
H12333,4629.0,5.0,4.0,Chennai,Townhouse,1996.0,242.08,0.0,Unfurnished,Under Construction,1.0,2.5
H12718,4808.0,3.0,1.0,Bangalore,Townhouse,2012.0,307.54,2.0,Semi-Furnished,Under Construction,1.0,11.0
H12080,3633.0,2.0,5.0,Kochi,Apartment,1994.0,439.64,2.0,Unfurnished,Under Construction,4.0,15.7
H13390,1614.0,2.0,5.0,Chennai,Independent House,2020.0,29.13,0.0,Unfurnished,Under Construction,4.0,17.9
H10723,1273.0,3.0,5.0,Kochi,Apartment,2022.0,,3.0,Furnished,Ready to Move,3.0,15.3
H10952,4533.0,4.0,4.0,Kochi,Villa,2003.0,341.44,2.0,Unfurnished,Ready to Move,3.0,26.9
H14237,4816.0,6.0,2.0,Kochi,Townhouse,1991.0,92.6,1.0,Furnished,Ready to Move,2.0,1.4
H12263,4520.0,3.0,5.0,Kochi,Apartment,1997.0,318.36,,Semi-Furnished,Under Construction,3.0,13.1
H10990,1854.0,2.0,1.0,Coimbatore,Townhouse,2016.0,206.54,0.0,Unfurnished,Ready to Move,3.0,8.4
H13213,3466.0,1.0,5.0,Pune,Villa,1995.0,273.34,1.0,Unfurnished,Ready to Move,1.0,21.0
H11760,616.0,5.0,2.0,Hyderabad,Independent House,2024.0,129.81,1.0,Semi-Furnished,Under Construction,2.0,28.3
H13902,3446.0,2.0,3.0,Mumbai,Independent House,2024.0,132.9,1.0,Unfurnished,Ready to Move,4.0,30.7
H10327,2481.0,6.0,5.0,Kochi,Villa,2018.0,89.84,0.0,Furnished,Ready to Move,1.0,6.4
H12609,2379.0,6.0,1.0,Kochi,Apartment,2014.0,227.67,2.0,Unfurnished,Under Construction,2.0,3.1
H11384,1141.0,1.0,5.0,Pune,Independent House,2005.0,188.33,1.0,Semi-Furnished,Ready to Move,3.0,16.1
H11725,1199.0,3.0,2.0,Pune,Apartment,2010.0,163.04,0.0,Furnished,Under Construction,4.0,13.9
H11087,950.0,4.0,5.0,Chennai,Townhouse,2003.0,191.67,2.0,Furnished,Ready to Move,3.0,27.2
H12524,4583.0,6.0,1.0,Kochi,Apartment,2013.0,169.5,1.0,Furnished,Under Construction,1.0,18.6
H10342,2229.0,3.0,1.0,Bangalore,Townhouse,1993.0,407.87,2.0,Furnished,Ready to Move,3.0,2.3
H13702,753.0,4.0,2.0,Bangalore,Townhouse,1990.0,152.04,3.0,Unfurnished,Under Construction,4.0,7.8
H10148,4647.0,2.0,5.0,Coimbatore,Townhouse,2021.0,315.1,3.0,Furnished,Ready to Move,2.0,24.6
H10689,4362.0,2.0,1.0,Chennai,Apartment,2010.0,356.48,1.0,Furnished,Ready to Move,1.0,15.8
H13433,844.0,3.0,3.0,Kochi,Independent House,1994.0,404.4,1.0,Furnished,Under Construction,3.0,28.8
H11108,3773.0,6.0,3.0,Coimbatore,Villa,1998.0,169.81,3.0,Unfurnished,Under Construction,4.0,9.8
H10849,4081.0,5.0,5.0,Bangalore,Townhouse,2004.0,419.17,0.0,Semi-Furnished,Under Construction,4.0,17.1
H10967,1063.0,4.0,3.0,Bangalore,Villa,2018.0,327.79,3.0,Unfurnished,Under Construction,4.0,7.8
H14592,3207.0,5.0,4.0,Mumbai,Townhouse,2018.0,162.54,0.0,Furnished,Under Construction,4.0,9.9
H11493,2890.0,6.0,2.0,Hyderabad,Townhouse,2002.0,257.73,2.0,Semi-Furnished,Ready to Move,4.0,2.9
H12204,3691.0,1.0,1.0,Coimbatore,Apartment,1997.0,264.44,0.0,Unfurnished,Ready to Move,3.0,16.5
H12714,4372.0,6.0,2.0,Kochi,Independent House,2006.0,380.28,1.0,Furnished,Ready to Move,2.0,4.7
H10662,2456.0,1.0,1.0,Pune,Independent House,2023.0,381.39,1.0,Unfurnished,Ready to Move,1.0,17.1
H11003,4474.0,3.0,1.0,Kochi,Apartment,2024.0,390.65,2.0,Furnished,Ready to Move,1.0,29.4
H10063,1545.0,2.0,2.0,Bangalore,Independent House,2024.0,30.84,3.0,Semi-Furnished,Under Construction,4.0,19.4
H10285,2391.0,3.0,3.0,Coimbatore,Apartment,1994.0,115.04,0.0,Unfurnished,Under Construction,3.0,32.3
H12225,1147.0,3.0,1.0,Kochi,Independent House,2006.0,383.64,0.0,Furnished,Under Construction,2.0,9.6
H14571,2708.0,1.0,4.0,Mumbai,Villa,2007.0,84.64,0.0,Semi-Furnished,Under Construction,3.0,25.2
H11880,1432.0,3.0,3.0,Pune,Villa,2005.0,167.86,0.0,Unfurnished,Under Construction,3.0,27.6
H13573,1054.0,3.0,1.0,Pune,Townhouse,2012.0,93.38,0.0,Semi-Furnished,Under Construction,3.0,12.0
H14714,2114.0,4.0,1.0,Pune,Townhouse,2000.0,34.32,2.0,Unfurnished,Under Construction,1.0,11.4
H11204,3232.0,2.0,3.0,Bangalore,Townhouse,2007.0,286.5,2.0,Furnished,Ready to Move,3.0,26.7
H11991,4764.0,5.0,4.0,Hyderabad,Townhouse,2010.0,77.18,0.0,Semi-Furnished,Ready to Move,1.0,34.9
H10025,739.0,2.0,1.0,Bangalore,Villa,1990.0,224.57,3.0,Semi-Furnished,Ready to Move,4.0,5.1
H14711,954.0,6.0,3.0,Hyderabad,Townhouse,2014.0,183.27,1.0,Semi-Furnished,Under Construction,3.0,11.4
H13895,3387.0,,2.0,Chennai,Villa,2022.0,401.46,0.0,Semi-Furnished,Under Construction,1.0,16.1
H14013,2054.0,5.0,1.0,Pune,Villa,2010.0,439.89,1.0,Furnished,Ready to Move,3.0,26.8
H10763,2120.0,6.0,4.0,Bangalore,Villa,2014.0,156.06,0.0,Furnished,Under Construction,2.0,29.4
H10876,751.0,5.0,1.0,Mumbai,Apartment,2006.0,318.37,0.0,Semi-Furnished,Under Construction,4.0,27.8
H14606,3938.0,,4.0,Hyderabad,Townhouse,2010.0,361.16,1.0,Semi-Furnished,Ready to Move,3.0,30.4
H10939,1382.0,6.0,5.0,Coimbatore,Townhouse,,410.45,3.0,Furnished,Under Construction,4.0,11.6
H12688,2395.0,6.0,3.0,Mumbai,Townhouse,2007.0,156.31,3.0,Semi-Furnished,Under Construction,4.0,23.5
H13601,3956.0,4.0,2.0,Kochi,Villa,2020.0,392.15,0.0,Semi-Furnished,Under Construction,2.0,13.6
H12395,2300.0,4.0,5.0,Mumbai,Townhouse,1999.0,111.75,3.0,Furnished,Ready to Move,4.0,5.4
H14435,1457.0,6.0,3.0,Mumbai,Villa,2020.0,141.53,0.0,Semi-Furnished,Ready to Move,1.0,22.6
H14832,4793.0,1.0,3.0,Mumbai,Villa,1996.0,162.08,3.0,Unfurnished,Under Construction,2.0,26.9
H13934,3812.0,1.0,4.0,Hyderabad,Independent House,2019.0,281.78,0.0,Semi-Furnished,Ready to Move,4.0,21.3
H10386,3096.0,2.0,2.0,Pune,Villa,2025.0,314.93,2.0,Unfurnished,Under Construction,2.0,33.5
H14241,1511.0,2.0,3.0,Pune,Villa,2003.0,332.83,1.0,Semi-Furnished,Ready to Move,4.0,9.5
H14437,4342.0,5.0,5.0,Pune,Townhouse,2025.0,156.35,3.0,Semi-Furnished,Under Construction,1.0,6.6
H10537,3506.0,3.0,2.0,Bangalore,Apartment,2000.0,380.98,0.0,Unfurnished,Ready to Move,1.0,2.5
H12292,1237.0,4.0,2.0,Chennai,Apartment,1999.0,334.02,2.0,Semi-Furnished,Ready to Move,1.0,19.6
H14032,2141.0,6.0,4.0,Chennai,Townhouse,2002.0,95.63,3.0,Semi-Furnished,Under Construction,4.0,22.8
H13875,4263.0,1.0,5.0,Kochi,Apartment,1994.0,437.64,2.0,Semi-Furnished,Ready to Move,2.0,21.2
H10937,4012.0,3.0,5.0,Pune,Townhouse,2001.0,226.48,,Semi-Furnished,Under Construction,4.0,
H13738,3056.0,5.0,1.0,Chennai,Townhouse,2021.0,255.72,3.0,Unfurnished,Ready to Move,1.0,15.3
H14507,3258.0,1.0,3.0,Coimbatore,Independent House,2012.0,71.06,0.0,Unfurnished,Ready to Move,2.0,17.1
H12361,4769.0,6.0,4.0,Bangalore,Apartment,1996.0,110.32,2.0,Semi-Furnished,Under Construction,4.0,16.7
H13508,3250.0,1.0,3.0,Bangalore,Villa,1991.0,165.4,1.0,Unfurnished,Ready to Move,1.0,34.3
H10202,3741.0,4.0,3.0,Hyderabad,,2004.0,236.86,2.0,Furnished,Under Construction,1.0,7.3
H13209,3382.0,6.0,4.0,Hyderabad,Villa,1994.0,94.47,3.0,Unfurnished,Under Construction,,4.4
H11333,2359.0,1.0,,Chennai,Independent House,1991.0,44.87,1.0,Semi-Furnished,Ready to Move,4.0,
H13017,1169.0,4.0,3.0,Chennai,Villa,1995.0,71.9,1.0,Furnished,Under Construction,3.0,28.5
H13503,3323.0,5.0,2.0,Mumbai,Apartment,1995.0,140.14,2.0,Semi-Furnished,Ready to Move,4.0,26.7
H12709,4375.0,1.0,1.0,Kochi,Apartment,2016.0,172.66,2.0,Semi-Furnished,Ready to Move,,6.6
H11935,791.0,4.0,1.0,Kochi,Apartment,2016.0,244.3,3.0,Unfurnished,Ready to Move,3.0,23.7
H10936,2373.0,1.0,5.0,Bangalore,Townhouse,2007.0,292.77,2.0,Unfurnished,Ready to Move,4.0,
H12419,2819.0,1.0,2.0,Chennai,Villa,2015.0,176.69,3.0,Unfurnished,Under Construction,3.0,32.8
H10567,4696.0,2.0,1.0,Coimbatore,Townhouse,2019.0,53.41,1.0,Unfurnished,Ready to Move,2.0,30.8
H11855,4229.0,4.0,2.0,Bangalore,Villa,1993.0,153.38,,Semi-Furnished,Under Construction,2.0,31.7
H14339,625.0,6.0,1.0,Bangalore,Apartment,2024.0,413.91,3.0,Furnished,Ready to Move,1.0,14.3
H12873,4974.0,2.0,,Bangalore,Villa,2018.0,438.94,3.0,Furnished,Under Construction,4.0,23.1
H13031,1435.0,3.0,1.0,Coimbatore,Independent House,2025.0,127.13,1.0,Semi-Furnished,Under Construction,3.0,9.3
H11206,1768.0,1.0,5.0,Kochi,Villa,1991.0,420.92,1.0,Unfurnished,Under Construction,4.0,22.9
H12468,2342.0,4.0,5.0,Kochi,Apartment,2004.0,124.82,3.0,Unfurnished,Under Construction,3.0,9.3
H11646,561.0,5.0,1.0,Mumbai,Villa,2017.0,48.27,2.0,Unfurnished,Under Construction,1.0,33.1
H13418,3236.0,6.0,4.0,Hyderabad,Townhouse,2024.0,118.53,0.0,Semi-Furnished,Under Construction,2.0,20.2
H13477,4156.0,1.0,1.0,Bangalore,Villa,2018.0,363.04,0.0,Furnished,Under Construction,4.0,18.0
H14699,3195.0,3.0,4.0,Chennai,Townhouse,2025.0,412.29,,Unfurnished,Under Construction,3.0,16.4
H12862,1573.0,1.0,1.0,Pune,Independent House,2015.0,61.83,2.0,Unfurnished,Under Construction,1.0,23.2
H11793,4993.0,1.0,2.0,Coimbatore,Apartment,1995.0,96.81,3.0,Furnished,Under Construction,3.0,22.3
H11431,4659.0,3.0,3.0,Chennai,Villa,2003.0,163.26,2.0,Furnished,Ready to Move,4.0,18.6
H12827,4347.0,2.0,4.0,Coimbatore,Independent House,2021.0,189.92,3.0,Unfurnished,Under Construction,4.0,21.5
H13798,4550.0,5.0,3.0,Bangalore,Independent House,2019.0,267.05,1.0,Furnished,Ready to Move,,20.1
H13369,2470.0,2.0,4.0,Bangalore,Townhouse,2024.0,275.8,0.0,Unfurnished,Under Construction,2.0,34.7
H13368,632.0,4.0,5.0,Hyderabad,Villa,2001.0,223.46,2.0,Unfurnished,Under Construction,1.0,12.8
H13534,3910.0,1.0,1.0,Mumbai,Apartment,2024.0,245.12,0.0,Semi-Furnished,Ready to Move,3.0,17.1
H13101,3712.0,3.0,3.0,Bangalore,Townhouse,2010.0,283.56,2.0,Furnished,Under Construction,1.0,15.4
H10051,2505.0,5.0,4.0,Mumbai,Independent House,1997.0,290.91,1.0,Furnished,Under Construction,1.0,32.2
H11014,1004.0,5.0,5.0,Bangalore,Townhouse,2000.0,249.1,1.0,Unfurnished,Ready to Move,1.0,12.9
H11929,3741.0,1.0,3.0,Hyderabad,Independent House,1993.0,392.23,1.0,Furnished,Ready to Move,1.0,13.4
H13450,612.0,4.0,5.0,Coimbatore,Townhouse,2000.0,381.91,3.0,Semi-Furnished,Under Construction,3.0,
H13871,4811.0,4.0,5.0,Chennai,Villa,2020.0,56.27,0.0,Furnished,Ready to Move,1.0,9.9
H10604,4022.0,2.0,2.0,Kochi,Townhouse,2018.0,309.18,1.0,Unfurnished,Under Construction,4.0,
H13057,3018.0,6.0,1.0,Bangalore,Apartment,2017.0,294.69,1.0,Unfurnished,Under Construction,3.0,26.6
H14233,2834.0,1.0,4.0,Kochi,Independent House,1998.0,220.87,2.0,Furnished,Under Construction,4.0,33.3
H10127,1832.0,1.0,1.0,Coimbatore,Independent House,2006.0,105.89,2.0,,Ready to Move,2.0,17.4
H14042,3770.0,3.0,5.0,,Apartment,,293.14,0.0,Unfurnished,Ready to Move,2.0,12.0
H13877,4656.0,4.0,3.0,Hyderabad,Townhouse,2009.0,432.37,3.0,Semi-Furnished,Under Construction,4.0,21.1
H12936,4613.0,2.0,4.0,Coimbatore,Townhouse,2007.0,441.64,0.0,Semi-Furnished,Under Construction,2.0,14.9
H13205,4101.0,4.0,4.0,Hyderabad,Apartment,2006.0,87.99,1.0,Furnished,Under Construction,1.0,30.4
H11348,3496.0,2.0,1.0,Chennai,Apartment,2015.0,447.27,0.0,Furnished,Under Construction,1.0,8.2
H13056,4782.0,3.0,2.0,Pune,Townhouse,2017.0,92.76,1.0,Furnished,Under Construction,1.0,7.3
H10356,2620.0,2.0,2.0,Chennai,Apartment,1991.0,93.09,2.0,Semi-Furnished,Ready to Move,4.0,19.9
H14522,921.0,1.0,1.0,Coimbatore,Townhouse,2015.0,412.43,1.0,Unfurnished,Ready to Move,,33.8
H13532,2960.0,5.0,5.0,Hyderabad,Apartment,2001.0,267.21,0.0,Furnished,Under Construction,4.0,18.9
H12731,3077.0,6.0,3.0,Mumbai,Villa,2025.0,290.79,3.0,Furnished,Ready to Move,3.0,
H10828,1343.0,6.0,2.0,Hyderabad,Independent House,2024.0,55.89,,Unfurnished,,4.0,19.9
H11640,1576.0,5.0,4.0,Bangalore,Townhouse,2018.0,108.31,2.0,Unfurnished,Under Construction,3.0,11.4
H13695,1524.0,3.0,1.0,,Independent House,2017.0,200.79,3.0,Unfurnished,Under Construction,3.0,11.0
H13041,3445.0,3.0,3.0,Mumbai,Townhouse,2025.0,295.46,3.0,Unfurnished,Ready to Move,2.0,18.7
H10985,3830.0,6.0,4.0,Bangalore,Villa,2022.0,414.28,,Semi-Furnished,Ready to Move,3.0,
H13282,3772.0,4.0,4.0,Hyderabad,Villa,1990.0,98.41,0.0,Semi-Furnished,Ready to Move,4.0,24.7
H14823,2581.0,2.0,1.0,Mumbai,Apartment,1994.0,146.26,0.0,Unfurnished,Ready to Move,3.0,21.8
H14022,4784.0,4.0,5.0,Coimbatore,Apartment,2011.0,264.05,2.0,Furnished,Under Construction,1.0,4.1
H12189,1181.0,6.0,5.0,Mumbai,,2000.0,34.46,3.0,Unfurnished,Ready to Move,4.0,7.5
H14479,1959.0,5.0,4.0,Bangalore,Apartment,2011.0,415.86,3.0,Unfurnished,Ready to Move,4.0,8.3
H12444,3686.0,5.0,5.0,Mumbai,Apartment,2014.0,237.04,1.0,Furnished,Under Construction,3.0,22.2
H10363,1565.0,2.0,4.0,Hyderabad,Independent House,2005.0,399.03,1.0,Unfurnished,Ready to Move,4.0,1.6
H12350,1480.0,1.0,5.0,Coimbatore,Villa,2000.0,233.2,2.0,Furnished,Under Construction,4.0,18.1
H10346,4595.0,6.0,5.0,,Apartment,2008.0,32.8,1.0,Furnished,Ready to Move,4.0,23.4
H13978,1684.0,4.0,3.0,Chennai,Independent House,2004.0,48.27,2.0,Semi-Furnished,Ready to Move,2.0,4.8
H14474,3102.0,3.0,2.0,Mumbai,Independent House,2019.0,303.32,2.0,Semi-Furnished,Ready to Move,3.0,9.5
H10712,4720.0,2.0,1.0,Hyderabad,Independent House,2016.0,175.75,0.0,Semi-Furnished,Ready to Move,1.0,2.7
H13206,4655.0,2.0,,Pune,Independent House,1994.0,209.12,1.0,Furnished,Under Construction,4.0,3.3
H13999,692.0,4.0,2.0,Bangalore,Villa,2009.0,410.24,1.0,Furnished,Under Construction,2.0,31.9
H14655,2014.0,4.0,1.0,Coimbatore,Villa,1993.0,447.01,3.0,Unfurnished,Ready to Move,3.0,24.1
H13984,1436.0,4.0,5.0,Mumbai,Independent House,2018.0,225.59,3.0,Semi-Furnished,Under Construction,2.0,26.7
H13326,2538.0,2.0,1.0,Mumbai,Apartment,1996.0,140.38,1.0,Furnished,Under Construction,1.0,28.0
H10011,1319.0,4.0,1.0,Kochi,Townhouse,1998.0,210.61,1.0,Unfurnished,Under Construction,1.0,30.1
H11684,1836.0,6.0,3.0,Kochi,Independent House,2018.0,386.16,3.0,Unfurnished,Under Construction,4.0,5.6
H12117,3512.0,5.0,1.0,Hyderabad,Independent House,1998.0,287.68,0.0,Semi-Furnished,Ready to Move,1.0,2.6
H14598,1793.0,5.0,1.0,Coimbatore,Apartment,2021.0,98.71,0.0,Furnished,Under Construction,2.0,30.0
H11835,4469.0,2.0,3.0,Mumbai,Independent House,1990.0,436.93,2.0,Semi-Furnished,Under Construction,3.0,4.4
H10794,2701.0,2.0,5.0,Hyderabad,Townhouse,1991.0,244.15,1.0,Furnished,Ready to Move,,6.4
H13364,3478.0,4.0,3.0,Bangalore,Townhouse,2021.0,92.43,1.0,Semi-Furnished,Ready to Move,2.0,34.8
H14798,855.0,6.0,4.0,Mumbai,Villa,1995.0,101.42,0.0,Semi-Furnished,Under Construction,2.0,35.0
H12803,986.0,1.0,4.0,Pune,Independent House,2013.0,387.04,1.0,Furnished,Ready to Move,4.0,33.3
H12675,4810.0,2.0,1.0,Chennai,Independent House,2007.0,120.13,0.0,Unfurnished,Under Construction,4.0,10.7
H10095,1578.0,6.0,1.0,Bangalore,Townhouse,2023.0,82.95,1.0,Semi-Furnished,Under Construction,1.0,1.2
H14777,3637.0,5.0,4.0,Kochi,Villa,2000.0,350.74,2.0,Semi-Furnished,Under Construction,,18.0
H10130,4298.0,1.0,1.0,Kochi,Apartment,1997.0,332.13,0.0,Semi-Furnished,Under Construction,2.0,33.1
H13757,617.0,5.0,2.0,Pune,Villa,,160.66,3.0,Semi-Furnished,Under Construction,4.0,18.4
H12892,4154.0,1.0,3.0,,Villa,2005.0,288.59,2.0,Unfurnished,Under Construction,4.0,12.9
H12372,1009.0,5.0,2.0,Chennai,Independent House,2008.0,437.63,1.0,Semi-Furnished,Ready to Move,1.0,9.9
H12095,776.0,2.0,3.0,Mumbai,Villa,2019.0,329.02,0.0,Semi-Furnished,Under Construction,3.0,14.8
H13971,3679.0,5.0,2.0,Kochi,Townhouse,2012.0,381.13,0.0,Unfurnished,Ready to Move,2.0,6.6
H13333,3183.0,6.0,2.0,Mumbai,Apartment,2024.0,55.44,0.0,Unfurnished,Ready to Move,2.0,25.2
H14302,1656.0,2.0,1.0,Pune,Apartment,2020.0,271.3,2.0,Semi-Furnished,Under Construction,3.0,29.9
H13229,2211.0,5.0,4.0,Pune,Independent House,2018.0,227.88,2.0,Furnished,Ready to Move,2.0,23.8
H14774,4820.0,5.0,5.0,Coimbatore,Independent House,2025.0,426.03,2.0,Unfurnished,Ready to Move,1.0,31.3
H13768,1888.0,5.0,2.0,Coimbatore,Townhouse,1993.0,304.54,1.0,Unfurnished,Under Construction,4.0,15.5
H12996,2602.0,2.0,4.0,Pune,Apartment,,62.39,2.0,Furnished,Under Construction,3.0,10.9
H12264,2541.0,2.0,3.0,Coimbatore,Villa,2010.0,339.5,3.0,Furnished,Under Construction,3.0,24.7
H11901,4266.0,5.0,1.0,Chennai,Apartment,1995.0,197.04,3.0,Furnished,Ready to Move,1.0,31.1
H12276,1025.0,3.0,2.0,Pune,Independent House,1991.0,359.18,0.0,Semi-Furnished,Under Construction,3.0,13.8
H10815,2415.0,6.0,4.0,Kochi,Independent House,2004.0,291.59,0.0,Furnished,Ready to Move,4.0,23.9
H13231,4039.0,,1.0,Coimbatore,Townhouse,2023.0,365.97,2.0,Semi-Furnished,Under Construction,3.0,18.0
H11933,4181.0,5.0,2.0,Coimbatore,,2000.0,103.28,2.0,Semi-Furnished,Under Construction,3.0,20.4
H12854,4157.0,4.0,2.0,Kochi,Villa,2025.0,193.2,3.0,Semi-Furnished,Ready to Move,1.0,9.5
H14119,1524.0,4.0,4.0,Chennai,Apartment,2006.0,333.92,2.0,Semi-Furnished,Under Construction,2.0,27.7
H12913,4401.0,5.0,2.0,Bangalore,Apartment,2004.0,173.03,2.0,Semi-Furnished,Ready to Move,2.0,10.5
H11866,4899.0,3.0,1.0,Pune,Villa,2013.0,287.61,2.0,Furnished,Under Construction,2.0,12.5
H11659,956.0,5.0,5.0,Kochi,Apartment,2020.0,61.35,0.0,Furnished,Under Construction,1.0,7.0
H10517,3880.0,6.0,4.0,Chennai,Townhouse,2002.0,32.46,2.0,Semi-Furnished,Under Construction,3.0,11.5
H13594,4357.0,3.0,2.0,Mumbai,Independent House,1998.0,268.08,3.0,Semi-Furnished,Ready to Move,1.0,19.4
H11858,1092.0,5.0,4.0,Pune,Villa,1990.0,96.94,3.0,Semi-Furnished,Ready to Move,2.0,32.6
H12646,3786.0,2.0,1.0,Pune,Apartment,1993.0,320.13,3.0,Unfurnished,Under Construction,3.0,34.0
H12244,3707.0,1.0,4.0,Mumbai,Villa,2002.0,67.44,0.0,Furnished,Under Construction,2.0,28.7
H11278,2437.0,5.0,3.0,Mumbai,Independent House,2010.0,85.02,2.0,Furnished,Ready to Move,2.0,6.5
H12337,739.0,5.0,4.0,Chennai,Apartment,2012.0,,0.0,Unfurnished,Under Construction,2.0,33.4
H10951,3088.0,1.0,3.0,Coimbatore,Villa,2011.0,140.51,0.0,Furnished,Ready to Move,1.0,24.6
H13483,3141.0,1.0,3.0,Bangalore,Independent House,2006.0,352.37,0.0,Unfurnished,Under Construction,3.0,21.3
H13045,2959.0,4.0,5.0,Chennai,,1997.0,435.43,0.0,Semi-Furnished,Under Construction,1.0,20.7
H13069,3387.0,4.0,4.0,Pune,Apartment,2003.0,276.93,0.0,Semi-Furnished,Under Construction,1.0,9.3
H11121,4071.0,6.0,2.0,Mumbai,Independent House,2017.0,319.34,3.0,Furnished,Ready to Move,2.0,34.5
H14320,665.0,2.0,5.0,Kochi,Townhouse,,321.32,1.0,Furnished,Ready to Move,3.0,12.2
H12598,3814.0,5.0,2.0,Chennai,Apartment,2021.0,244.67,0.0,Semi-Furnished,Ready to Move,3.0,28.9
H12205,1972.0,2.0,5.0,Mumbai,Villa,,363.95,1.0,Unfurnished,Under Construction,2.0,5.1
H10420,4316.0,3.0,1.0,Hyderabad,Independent House,1996.0,339.87,3.0,Unfurnished,Under Construction,3.0,19.3
H10923,1318.0,1.0,5.0,Coimbatore,Villa,1994.0,187.48,0.0,Semi-Furnished,Under Construction,1.0,19.8
H11255,2679.0,5.0,4.0,Chennai,Independent House,2005.0,295.49,0.0,Unfurnished,Ready to Move,4.0,25.6
H10478,4736.0,5.0,1.0,Kochi,Independent House,1990.0,326.02,2.0,Unfurnished,Under Construction,1.0,31.6
H12036,3131.0,1.0,3.0,Bangalore,Townhouse,2009.0,193.19,3.0,Unfurnished,Ready to Move,3.0,21.8
H14146,860.0,6.0,2.0,Kochi,Townhouse,2020.0,,0.0,Furnished,Under Construction,4.0,15.8
H11693,,3.0,3.0,Pune,Townhouse,1997.0,415.08,2.0,Unfurnished,Under Construction,2.0,21.4
H14265,3714.0,4.0,3.0,Mumbai,Villa,1990.0,424.17,1.0,Semi-Furnished,Ready to Move,1.0,18.1
H14173,3812.0,3.0,5.0,Pune,Villa,1991.0,438.1,0.0,Furnished,Ready to Move,2.0,
H13572,4454.0,2.0,4.0,Chennai,Villa,2004.0,45.94,0.0,Unfurnished,Ready to Move,3.0,31.2
H11472,2932.0,1.0,4.0,Chennai,Independent House,2009.0,394.8,2.0,Unfurnished,Under Construction,3.0,24.1
H12602,1463.0,3.0,2.0,Pune,Independent House,,234.57,3.0,Furnished,Ready to Move,1.0,18.6
H11203,2190.0,1.0,2.0,Chennai,Independent House,2018.0,256.74,,Furnished,Under Construction,2.0,10.5
H12439,4066.0,1.0,,Kochi,Independent House,1995.0,319.6,0.0,Furnished,Under Construction,4.0,1.7
H12627,2859.0,3.0,3.0,Bangalore,Townhouse,2025.0,233.99,0.0,Semi-Furnished,Ready to Move,4.0,11.8
H11670,922.0,3.0,4.0,Bangalore,Independent House,2017.0,25.42,0.0,Unfurnished,,,7.6
H14678,3125.0,3.0,3.0,Coimbatore,Villa,1996.0,65.97,1.0,Furnished,Under Construction,4.0,14.4
H11971,,5.0,5.0,,Apartment,2003.0,403.29,0.0,Furnished,Ready to Move,3.0,18.1
H13111,2463.0,5.0,1.0,Mumbai,Villa,1998.0,245.5,3.0,Furnished,Under Construction,2.0,15.2
H14019,3853.0,4.0,5.0,Mumbai,Apartment,1992.0,231.59,2.0,Unfurnished,Ready to Move,2.0,13.2
H12152,1386.0,1.0,1.0,Mumbai,Townhouse,2008.0,204.4,2.0,Furnished,Ready to Move,1.0,28.1
H13688,3843.0,2.0,1.0,Bangalore,Apartment,2017.0,110.28,0.0,Semi-Furnished,Under Construction,1.0,20.7
H10821,2921.0,4.0,3.0,Bangalore,Villa,2018.0,101.72,0.0,Unfurnished,Under Construction,4.0,3.6
H11998,2971.0,5.0,3.0,Chennai,Villa,1990.0,257.17,0.0,Semi-Furnished,Ready to Move,3.0,15.6
H14749,3324.0,2.0,3.0,Kochi,Villa,,87.79,3.0,Unfurnished,Under Construction,2.0,23.6
H13055,3665.0,3.0,3.0,Bangalore,Apartment,1994.0,278.69,2.0,Semi-Furnished,Ready to Move,2.0,25.0
H11249,3358.0,2.0,4.0,Pune,Apartment,1999.0,209.86,0.0,Furnished,Under Construction,1.0,3.7
H12193,2564.0,6.0,4.0,Kochi,Villa,2020.0,72.37,3.0,Furnished,Ready to Move,2.0,11.8
H12713,2520.0,4.0,5.0,Mumbai,Independent House,1994.0,,3.0,Unfurnished,Ready to Move,4.0,15.0
H10993,3091.0,3.0,1.0,Bangalore,Independent House,2014.0,185.84,2.0,Semi-Furnished,Under Construction,3.0,29.5
H12191,4021.0,6.0,3.0,Kochi,Apartment,2017.0,305.12,0.0,Furnished,Ready to Move,2.0,26.0
H14530,2787.0,2.0,1.0,Hyderabad,Townhouse,1992.0,143.85,,Semi-Furnished,Under Construction,1.0,6.3
H11047,2670.0,1.0,1.0,Kochi,Independent House,2020.0,439.1,3.0,Unfurnished,Ready to Move,2.0,
H11889,1369.0,1.0,5.0,Kochi,Apartment,2023.0,145.79,2.0,Semi-Furnished,Ready to Move,4.0,8.9
H12470,4555.0,1.0,5.0,Kochi,Villa,2000.0,26.96,2.0,Furnished,Ready to Move,3.0,26.5
H13709,2090.0,5.0,2.0,Kochi,Apartment,1993.0,220.8,0.0,Furnished,Under Construction,2.0,2.7
H13763,2808.0,4.0,5.0,Chennai,Independent House,2012.0,255.02,2.0,Unfurnished,Under Construction,3.0,31.4
H12848,4350.0,4.0,2.0,Mumbai,,1997.0,256.51,0.0,Semi-Furnished,Under Construction,1.0,25.0
H13598,3313.0,5.0,4.0,Hyderabad,Villa,2001.0,237.5,1.0,Semi-Furnished,Under Construction,3.0,13.2
H10616,1310.0,1.0,3.0,Coimbatore,Townhouse,2012.0,101.56,0.0,Unfurnished,Ready to Move,1.0,
H11319,1538.0,1.0,3.0,Coimbatore,Independent House,2019.0,128.21,1.0,Unfurnished,Ready to Move,4.0,29.2
H11864,2434.0,3.0,5.0,Bangalore,Apartment,2006.0,397.29,1.0,Unfurnished,Ready to Move,4.0,3.2
H12344,1648.0,2.0,,Bangalore,Villa,2010.0,411.42,2.0,Semi-Furnished,Ready to Move,2.0,12.9
H12450,,2.0,5.0,Mumbai,Independent House,2025.0,,3.0,Furnished,Under Construction,1.0,23.4
H12137,1876.0,5.0,4.0,Coimbatore,Villa,1993.0,335.62,0.0,Unfurnished,Under Construction,3.0,29.9
H11066,3554.0,4.0,3.0,Hyderabad,Villa,1993.0,173.69,2.0,Furnished,Ready to Move,3.0,4.3
H11773,1211.0,6.0,5.0,Pune,Independent House,2006.0,394.07,0.0,Unfurnished,Under Construction,1.0,12.4
H14812,2419.0,1.0,2.0,Bangalore,Independent House,1994.0,283.98,1.0,Unfurnished,Under Construction,4.0,19.5
H10132,2548.0,2.0,5.0,Hyderabad,Apartment,2012.0,34.2,3.0,Semi-Furnished,Under Construction,3.0,31.1
H12622,4200.0,4.0,5.0,Hyderabad,Townhouse,2000.0,183.07,2.0,Semi-Furnished,Ready to Move,2.0,14.7
H13482,4477.0,2.0,,Chennai,Villa,2008.0,29.72,2.0,Furnished,Ready to Move,2.0,32.7
H10078,2577.0,4.0,4.0,Chennai,Townhouse,2006.0,192.24,2.0,Unfurnished,Under Construction,4.0,3.0
H13451,3109.0,3.0,2.0,Mumbai,Villa,1991.0,425.19,0.0,Unfurnished,Under Construction,4.0,14.2
H12899,2223.0,5.0,1.0,Mumbai,Villa,2010.0,42.51,0.0,,Under Construction,1.0,3.6
H12053,1252.0,6.0,3.0,Hyderabad,Independent House,2007.0,177.78,2.0,Furnished,Under Construction,1.0,14.7
H14370,3642.0,5.0,5.0,Hyderabad,Independent House,2004.0,154.09,3.0,Unfurnished,Under Construction,4.0,4.9
H10725,4758.0,1.0,5.0,Mumbai,Villa,1991.0,380.3,3.0,Furnished,Ready to Move,4.0,12.6
H11315,4328.0,5.0,3.0,Mumbai,Apartment,1990.0,436.57,1.0,Semi-Furnished,Ready to Move,3.0,20.5
H12846,4449.0,1.0,4.0,Chennai,Independent House,2022.0,133.72,3.0,Furnished,Ready to Move,4.0,19.1
H11852,1513.0,6.0,2.0,Chennai,Townhouse,1993.0,377.52,,Furnished,Under Construction,4.0,16.8
H12318,3619.0,3.0,2.0,Hyderabad,Townhouse,2003.0,76.41,3.0,Furnished,Ready to Move,3.0,11.2
H14243,4125.0,6.0,5.0,Hyderabad,Townhouse,1996.0,82.81,0.0,Unfurnished,Under Construction,2.0,29.0
H10873,3258.0,4.0,4.0,Kochi,Villa,2010.0,372.0,2.0,Unfurnished,Ready to Move,4.0,22.0
H13851,1133.0,5.0,5.0,Mumbai,Independent House,2019.0,221.23,1.0,,Under Construction,2.0,23.0
H13912,776.0,1.0,2.0,Bangalore,Independent House,2016.0,269.16,2.0,Unfurnished,Under Construction,3.0,6.8
H11373,1278.0,5.0,5.0,,Apartment,2013.0,217.58,3.0,Furnished,Ready to Move,1.0,9.3
H11856,4737.0,5.0,4.0,Bangalore,Apartment,2021.0,161.1,3.0,Unfurnished,Under Construction,3.0,27.4
H14648,1055.0,5.0,5.0,Mumbai,Independent House,2021.0,112.56,0.0,Furnished,Ready to Move,4.0,12.4
H12966,1180.0,6.0,5.0,Mumbai,Independent House,1999.0,46.13,1.0,Semi-Furnished,Under Construction,,23.5
H13392,4567.0,1.0,4.0,Coimbatore,Independent House,1991.0,327.76,2.0,Semi-Furnished,Under Construction,1.0,20.2
H11320,,5.0,1.0,Hyderabad,Townhouse,1994.0,423.98,1.0,Unfurnished,Ready to Move,4.0,21.6
H12561,2406.0,6.0,4.0,Bangalore,Apartment,2012.0,293.79,0.0,Semi-Furnished,Ready to Move,2.0,32.2
H14753,1903.0,3.0,1.0,Chennai,Villa,2008.0,235.16,3.0,Furnished,Under Construction,3.0,18.9
H14067,,6.0,2.0,Coimbatore,Villa,1995.0,86.0,1.0,Unfurnished,Under Construction,1.0,28.0
H12636,2966.0,6.0,4.0,Bangalore,Villa,2020.0,418.91,2.0,Unfurnished,Ready to Move,2.0,24.5
H14002,2981.0,2.0,2.0,Coimbatore,Independent House,,126.19,3.0,Unfurnished,Ready to Move,4.0,4.1
H14134,741.0,1.0,1.0,Kochi,Townhouse,2000.0,271.29,1.0,Unfurnished,Ready to Move,3.0,27.3
H13531,4003.0,4.0,1.0,Chennai,Apartment,2014.0,79.38,0.0,Semi-Furnished,Under Construction,1.0,15.1
H10376,4550.0,1.0,3.0,Kochi,Apartment,,235.96,3.0,Semi-Furnished,Under Construction,3.0,3.2
H11909,4818.0,1.0,1.0,Hyderabad,Apartment,1999.0,142.4,0.0,Unfurnished,Ready to Move,1.0,24.1
H10334,4222.0,4.0,1.0,Kochi,Townhouse,1990.0,65.09,3.0,Semi-Furnished,Ready to Move,4.0,30.5
H14206,1961.0,5.0,2.0,Mumbai,Independent House,1993.0,224.8,1.0,Furnished,Under Construction,3.0,4.5
H14490,4531.0,3.0,1.0,Pune,Apartment,2009.0,339.12,3.0,Unfurnished,Ready to Move,1.0,20.4
H14028,2298.0,1.0,4.0,Pune,Apartment,2012.0,236.82,3.0,Unfurnished,Ready to Move,4.0,28.3
H12366,2152.0,1.0,1.0,Mumbai,Townhouse,2011.0,202.15,0.0,Semi-Furnished,Ready to Move,3.0,3.1
H11605,3780.0,6.0,2.0,Mumbai,Townhouse,2000.0,264.68,0.0,Semi-Furnished,Under Construction,3.0,9.9
H13889,3868.0,4.0,2.0,Chennai,Villa,2017.0,439.29,0.0,Unfurnished,Under Construction,2.0,29.2
H11119,1042.0,3.0,2.0,Mumbai,Independent House,1999.0,209.09,2.0,Semi-Furnished,Under Construction,1.0,9.7
H13678,3799.0,5.0,1.0,Coimbatore,,2014.0,42.36,3.0,Furnished,Under Construction,4.0,34.0
H13491,1786.0,2.0,1.0,Kochi,Independent House,1996.0,228.86,2.0,Semi-Furnished,Ready to Move,4.0,19.3
H14721,721.0,5.0,4.0,Mumbai,Townhouse,1992.0,112.52,0.0,Semi-Furnished,Ready to Move,2.0,10.4
H13622,1447.0,3.0,5.0,Bangalore,Townhouse,,140.58,1.0,Furnished,Ready to Move,4.0,25.6
H11944,2797.0,6.0,2.0,Chennai,Independent House,2003.0,147.42,0.0,Furnished,Ready to Move,3.0,16.2
H12959,2754.0,3.0,1.0,Coimbatore,Villa,1990.0,73.12,0.0,Unfurnished,Under Construction,2.0,13.1
H11995,4297.0,6.0,4.0,Pune,Villa,,292.93,0.0,Semi-Furnished,Under Construction,3.0,10.0
H14807,4779.0,3.0,2.0,Chennai,Independent House,2016.0,105.31,2.0,Semi-Furnished,Under Construction,4.0,25.7
H14228,2506.0,5.0,2.0,Bangalore,Townhouse,2008.0,372.14,1.0,Furnished,Ready to Move,2.0,7.1
H12377,1688.0,4.0,4.0,Hyderabad,Villa,2002.0,270.3,1.0,Semi-Furnished,Under Construction,3.0,3.4
H11343,4183.0,3.0,5.0,Hyderabad,Villa,2010.0,59.51,0.0,Furnished,Under Construction,4.0,8.4
H10321,4225.0,3.0,1.0,Kochi,Apartment,2014.0,117.29,1.0,Unfurnished,Under Construction,3.0,28.5
H11620,1004.0,2.0,1.0,Kochi,Villa,,92.94,0.0,Furnished,Under Construction,2.0,1.1
H13714,4309.0,3.0,2.0,Coimbatore,Villa,2001.0,307.97,0.0,Unfurnished,Under Construction,3.0,31.1
H12061,4277.0,3.0,3.0,Chennai,Apartment,2000.0,405.15,2.0,Furnished,Ready to Move,1.0,3.4
H12220,2488.0,2.0,3.0,Chennai,Townhouse,2023.0,428.13,,Semi-Furnished,Under Construction,3.0,19.1
H11674,2242.0,5.0,4.0,Hyderabad,Apartment,,307.23,3.0,Unfurnished,Ready to Move,2.0,17.2
H10261,3525.0,3.0,2.0,Coimbatore,Villa,1999.0,409.91,0.0,Unfurnished,Under Construction,2.0,2.0
H14287,3051.0,3.0,5.0,Chennai,Apartment,2019.0,54.29,1.0,Semi-Furnished,Under Construction,4.0,2.1
H12040,832.0,3.0,4.0,Mumbai,Townhouse,2021.0,331.72,3.0,Furnished,Ready to Move,3.0,17.2
H10902,4251.0,5.0,3.0,Chennai,Independent House,2013.0,128.16,2.0,Unfurnished,Ready to Move,2.0,4.1
H13745,3059.0,3.0,4.0,Coimbatore,Villa,2019.0,,3.0,Furnished,Ready to Move,4.0,34.7
H12027,3258.0,4.0,2.0,Kochi,Villa,2008.0,38.4,2.0,Furnished,Under Construction,2.0,1.3
H11918,1095.0,4.0,4.0,Bangalore,Apartment,1998.0,132.26,1.0,Semi-Furnished,Ready to Move,2.0,34.3
H11829,2376.0,6.0,4.0,Chennai,Villa,2010.0,150.37,1.0,Semi-Furnished,Under Construction,2.0,32.4
H11574,1441.0,3.0,4.0,Kochi,Villa,2009.0,114.74,1.0,Semi-Furnished,Under Construction,3.0,
H14264,3625.0,3.0,5.0,Bangalore,Townhouse,2008.0,119.78,3.0,,Ready to Move,2.0,22.5
H10225,2077.0,2.0,2.0,Bangalore,Independent House,2013.0,105.58,1.0,Unfurnished,Under Construction,1.0,34.0
H10724,774.0,2.0,5.0,Bangalore,Villa,2003.0,,1.0,Furnished,Under Construction,3.0,23.8
H14355,3401.0,4.0,3.0,Chennai,Independent House,2012.0,26.39,1.0,Semi-Furnished,Under Construction,2.0,2.5
H11142,1470.0,2.0,1.0,Hyderabad,Independent House,2008.0,229.48,1.0,Unfurnished,Under Construction,1.0,12.0
H12763,2785.0,3.0,1.0,Mumbai,Independent House,2023.0,53.57,,Furnished,Under Construction,4.0,18.0
H10847,1377.0,2.0,4.0,Hyderabad,Villa,,211.62,3.0,Semi-Furnished,Under Construction,4.0,19.3
H12552,4135.0,3.0,1.0,Kochi,Independent House,2009.0,375.44,2.0,Semi-Furnished,Ready to Move,4.0,2.8
H12929,3295.0,4.0,3.0,Pune,Villa,1992.0,185.59,3.0,Furnished,Under Construction,3.0,29.8
H10118,2531.0,4.0,4.0,Bangalore,Independent House,2015.0,240.98,0.0,Furnished,Ready to Move,3.0,14.9
H10646,2605.0,2.0,3.0,Mumbai,,2019.0,357.37,3.0,Furnished,Under Construction,3.0,17.9
H10004,1016.0,3.0,5.0,Pune,Independent House,2006.0,42.9,2.0,Furnished,Under Construction,1.0,27.3
H10468,1060.0,6.0,1.0,Coimbatore,Independent House,1991.0,256.3,,Furnished,Ready to Move,4.0,11.2
H10006,3994.0,6.0,3.0,Bangalore,Townhouse,2015.0,,0.0,Furnished,,1.0,6.4
H10920,835.0,6.0,1.0,Hyderabad,Independent House,2002.0,209.57,2.0,Furnished,Under Construction,2.0,19.2
H12596,,3.0,4.0,Hyderabad,Apartment,2001.0,288.62,,Unfurnished,Under Construction,4.0,24.1
H11064,3665.0,6.0,3.0,Chennai,Independent House,2019.0,202.2,0.0,Furnished,Ready to Move,2.0,34.7
H12591,4550.0,4.0,1.0,Hyderabad,Villa,1999.0,249.43,0.0,Furnished,Under Construction,4.0,31.8
H10243,1793.0,1.0,3.0,Pune,Villa,2023.0,,3.0,Furnished,Under Construction,4.0,18.4
H11161,2658.0,2.0,4.0,Chennai,Villa,1991.0,74.9,1.0,Semi-Furnished,Under Construction,1.0,18.4
H12871,946.0,1.0,4.0,Mumbai,Townhouse,1992.0,141.96,1.0,Unfurnished,Under Construction,3.0,11.6
H13736,3378.0,4.0,3.0,Pune,Apartment,2000.0,289.81,2.0,Semi-Furnished,Ready to Move,2.0,
H12398,4728.0,6.0,2.0,Hyderabad,Independent House,1990.0,333.55,1.0,Semi-Furnished,Ready to Move,2.0,9.9
H13518,1270.0,4.0,3.0,Chennai,Villa,2004.0,153.51,1.0,Unfurnished,Under Construction,1.0,21.0
H13422,2984.0,2.0,,Bangalore,Villa,2017.0,,0.0,Semi-Furnished,Ready to Move,1.0,3.2
H12564,4694.0,6.0,4.0,Hyderabad,Apartment,2019.0,221.01,2.0,Unfurnished,Ready to Move,4.0,9.2
H11606,1038.0,2.0,4.0,Hyderabad,Apartment,2018.0,196.84,1.0,Semi-Furnished,Ready to Move,1.0,30.9
H14688,1242.0,3.0,1.0,Mumbai,Villa,2000.0,400.36,2.0,Unfurnished,Ready to Move,4.0,15.7
H12325,3540.0,3.0,1.0,Kochi,Independent House,1993.0,380.85,3.0,Unfurnished,Under Construction,2.0,3.5
H12710,4086.0,5.0,2.0,Chennai,Villa,2023.0,218.74,1.0,Semi-Furnished,Under Construction,3.0,
H14268,,1.0,1.0,Pune,Independent House,2015.0,356.73,1.0,Semi-Furnished,Under Construction,4.0,8.5
H11313,3643.0,3.0,1.0,Kochi,Apartment,2003.0,,2.0,Semi-Furnished,Ready to Move,3.0,9.9
H13449,1908.0,1.0,4.0,Chennai,Independent House,2003.0,431.56,0.0,Furnished,Under Construction,4.0,6.4
H13813,2160.0,6.0,2.0,,Independent House,1997.0,108.81,3.0,Semi-Furnished,Under Construction,1.0,32.0
H14520,2706.0,3.0,,Chennai,Apartment,2011.0,63.58,3.0,Furnished,Under Construction,3.0,7.7
H12363,1404.0,,3.0,Kochi,Apartment,2001.0,236.14,0.0,Unfurnished,Under Construction,4.0,5.3
H11976,1796.0,3.0,4.0,Kochi,Independent House,1993.0,254.43,1.0,Unfurnished,Under Construction,4.0,8.9
H13515,1195.0,2.0,2.0,Hyderabad,Townhouse,2007.0,406.13,2.0,Semi-Furnished,Ready to Move,2.0,27.3
H11762,2978.0,5.0,1.0,Coimbatore,Townhouse,2013.0,356.94,0.0,Unfurnished,Under Construction,4.0,8.0
H12740,2549.0,6.0,2.0,Pune,,2024.0,156.86,1.0,Semi-Furnished,Under Construction,2.0,29.4
H14524,,5.0,2.0,Coimbatore,Independent House,1992.0,332.23,2.0,Unfurnished,Under Construction,4.0,9.7
H12473,4343.0,4.0,4.0,Chennai,Apartment,2004.0,310.72,,Unfurnished,Ready to Move,1.0,25.6
H14008,3336.0,3.0,2.0,Mumbai,Villa,2019.0,443.91,1.0,Semi-Furnished,Under Construction,1.0,19.9
H11494,4555.0,6.0,1.0,Kochi,Independent House,1993.0,401.39,2.0,Unfurnished,Ready to Move,3.0,16.0
H12159,4470.0,3.0,2.0,Kochi,Independent House,2011.0,42.88,2.0,Unfurnished,Ready to Move,3.0,5.3
H11170,4114.0,6.0,4.0,Chennai,Townhouse,2013.0,362.13,3.0,Semi-Furnished,Under Construction,4.0,13.5
H14386,2459.0,4.0,3.0,,Townhouse,2018.0,132.64,0.0,Unfurnished,Ready to Move,2.0,5.9
H10233,3986.0,4.0,1.0,Coimbatore,Independent House,1999.0,371.17,1.0,Unfurnished,Under Construction,4.0,6.5
H10067,1566.0,6.0,,Kochi,Apartment,1992.0,99.84,2.0,Furnished,Ready to Move,2.0,27.7
H11604,4378.0,6.0,4.0,Pune,Independent House,,145.1,0.0,Furnished,Ready to Move,2.0,28.3
H13284,3643.0,5.0,3.0,Coimbatore,Townhouse,2006.0,364.64,3.0,Unfurnished,,3.0,30.0
H13597,3115.0,3.0,1.0,Kochi,Apartment,2022.0,210.23,3.0,Unfurnished,Ready to Move,4.0,13.2
H10126,3225.0,3.0,3.0,Bangalore,Apartment,2011.0,368.7,3.0,Semi-Furnished,Under Construction,4.0,17.9
H11297,3544.0,4.0,1.0,Kochi,Townhouse,2013.0,223.04,3.0,Unfurnished,Under Construction,2.0,22.2
H11977,4269.0,1.0,5.0,Bangalore,Townhouse,2009.0,162.41,3.0,Unfurnished,Under Construction,1.0,13.5
H14387,3131.0,1.0,1.0,Pune,Villa,2018.0,40.08,2.0,Unfurnished,Ready to Move,4.0,7.0
H14351,2377.0,4.0,2.0,,Villa,2002.0,408.32,3.0,Furnished,Ready to Move,1.0,27.6
H12076,2831.0,4.0,3.0,Chennai,Apartment,1991.0,394.22,0.0,,Ready to Move,3.0,7.1
H13087,4456.0,1.0,5.0,Mumbai,Townhouse,2020.0,166.17,1.0,Unfurnished,Ready to Move,2.0,20.7
H14684,4607.0,5.0,5.0,Coimbatore,,2005.0,422.77,0.0,Semi-Furnished,Under Construction,4.0,31.8
H13346,4399.0,5.0,3.0,Kochi,Independent House,2017.0,362.42,0.0,Semi-Furnished,Ready to Move,4.0,11.9
H14334,,2.0,3.0,Kochi,Apartment,2005.0,49.66,3.0,Semi-Furnished,Ready to Move,2.0,31.0
H12798,4251.0,3.0,1.0,Mumbai,Townhouse,1998.0,82.37,3.0,Semi-Furnished,Under Construction,2.0,14.0
H10919,2050.0,2.0,5.0,Bangalore,Villa,2006.0,191.63,1.0,Furnished,Under Construction,4.0,24.7
H11647,4949.0,4.0,1.0,Pune,Independent House,2012.0,58.96,2.0,Semi-Furnished,Under Construction,1.0,12.0
H10365,3637.0,5.0,4.0,Hyderabad,Apartment,2003.0,177.69,2.0,Furnished,Ready to Move,1.0,34.0
H13288,3116.0,1.0,1.0,Kochi,Independent House,2024.0,329.84,3.0,Unfurnished,Under Construction,1.0,22.0
H12126,981.0,3.0,4.0,Kochi,Townhouse,1990.0,194.6,0.0,Unfurnished,Ready to Move,1.0,34.5
H14124,2667.0,1.0,2.0,Coimbatore,Apartment,2005.0,121.58,3.0,Furnished,Ready to Move,2.0,25.4
H10526,1695.0,,2.0,Mumbai,Townhouse,1992.0,303.48,0.0,Unfurnished,Under Construction,2.0,30.6
H10056,4011.0,1.0,5.0,Chennai,Villa,1993.0,378.81,2.0,Unfurnished,Under Construction,3.0,32.7
H10639,2811.0,3.0,5.0,Mumbai,Townhouse,2021.0,155.58,1.0,Unfurnished,Ready to Move,3.0,7.5
H10303,3811.0,3.0,4.0,Hyderabad,Independent House,1993.0,382.05,1.0,Semi-Furnished,Ready to Move,3.0,30.7
H12767,4297.0,1.0,1.0,Mumbai,Independent House,2023.0,274.42,2.0,Furnished,Under Construction,1.0,24.1
H11277,827.0,1.0,2.0,Bangalore,Apartment,2023.0,34.75,3.0,Semi-Furnished,Under Construction,4.0,4.0
H12056,572.0,4.0,2.0,Hyderabad,Independent House,2010.0,30.09,0.0,Semi-Furnished,Under Construction,4.0,28.7
H13645,769.0,4.0,5.0,Mumbai,Apartment,2006.0,137.64,2.0,Furnished,Ready to Move,1.0,28.2
H14144,3858.0,2.0,4.0,Chennai,Villa,2005.0,132.22,1.0,Unfurnished,Ready to Move,3.0,33.0
H12879,3218.0,1.0,2.0,Bangalore,Independent House,2020.0,358.03,1.0,Furnished,Ready to Move,4.0,14.2
H12287,,2.0,3.0,Chennai,Townhouse,2007.0,404.03,1.0,Semi-Furnished,Under Construction,2.0,23.3
H12262,2663.0,1.0,1.0,Kochi,Independent House,2016.0,193.42,0.0,Furnished,Under Construction,1.0,16.0
H12297,2331.0,4.0,4.0,Kochi,Apartment,1993.0,265.89,1.0,Unfurnished,Under Construction,3.0,
H11754,3025.0,3.0,1.0,Pune,Townhouse,2022.0,277.39,3.0,Unfurnished,Ready to Move,4.0,21.5
H11969,1322.0,4.0,4.0,Coimbatore,Independent House,2006.0,269.06,3.0,Furnished,Under Construction,3.0,29.8
H14224,3762.0,1.0,2.0,Chennai,Townhouse,2001.0,356.17,3.0,Unfurnished,Ready to Move,2.0,13.2
H13118,1210.0,2.0,2.0,Coimbatore,Independent House,1997.0,45.62,0.0,Unfurnished,Under Construction,3.0,7.6
H12394,4799.0,2.0,4.0,Chennai,Townhouse,2011.0,42.82,3.0,Furnished,Under Construction,,24.7
H10524,3569.0,1.0,4.0,Hyderabad,Townhouse,2019.0,283.93,3.0,Unfurnished,Ready to Move,4.0,22.0
H13901,2076.0,6.0,3.0,Coimbatore,Townhouse,1996.0,154.23,1.0,Semi-Furnished,Ready to Move,1.0,3.4
H13123,1682.0,5.0,4.0,Bangalore,Apartment,2001.0,325.71,0.0,Semi-Furnished,Ready to Move,3.0,5.5
H14157,3314.0,1.0,2.0,Kochi,Apartment,2005.0,439.58,3.0,Furnished,Ready to Move,2.0,18.7
H11970,2587.0,3.0,3.0,Coimbatore,Townhouse,2009.0,63.12,1.0,Unfurnished,Under Construction,2.0,14.5
H10672,2153.0,6.0,5.0,,Townhouse,2014.0,36.58,0.0,Semi-Furnished,Ready to Move,4.0,27.9
H14189,621.0,4.0,4.0,Chennai,Townhouse,1995.0,366.14,0.0,Furnished,Under Construction,3.0,18.5
H10667,2526.0,5.0,4.0,Coimbatore,Independent House,2005.0,220.34,2.0,Unfurnished,Ready to Move,1.0,2.8
H14212,3016.0,4.0,2.0,Hyderabad,Villa,1991.0,259.84,2.0,Furnished,Ready to Move,1.0,19.4
H11888,3842.0,4.0,1.0,Mumbai,Townhouse,2019.0,116.32,0.0,,Under Construction,3.0,5.3
H13267,1542.0,3.0,5.0,Coimbatore,Independent House,2011.0,308.89,,Semi-Furnished,Ready to Move,1.0,1.6
H10281,3725.0,3.0,3.0,Chennai,Townhouse,2022.0,261.94,2.0,Semi-Furnished,Under Construction,1.0,4.3
H11720,4053.0,6.0,5.0,Coimbatore,Townhouse,2004.0,316.44,2.0,Semi-Furnished,Under Construction,4.0,23.6
H12948,2757.0,4.0,5.0,Hyderabad,Townhouse,2013.0,102.88,2.0,Semi-Furnished,Ready to Move,3.0,24.9
H10900,1238.0,3.0,1.0,Coimbatore,Independent House,1999.0,414.75,3.0,Semi-Furnished,Ready to Move,2.0,5.9
H14709,1454.0,1.0,2.0,Bangalore,Villa,2024.0,199.5,2.0,Furnished,Ready to Move,4.0,16.4
H10761,4080.0,2.0,2.0,Pune,Apartment,1990.0,129.51,2.0,Semi-Furnished,Under Construction,1.0,12.4
H11907,791.0,4.0,1.0,Chennai,Apartment,2008.0,440.6,0.0,Unfurnished,Ready to Move,4.0,2.5
H14043,2023.0,1.0,4.0,Coimbatore,Villa,,226.83,2.0,Unfurnished,Under Construction,1.0,34.7
H13824,1493.0,1.0,4.0,Mumbai,Townhouse,2012.0,86.35,3.0,Semi-Furnished,Ready to Move,4.0,14.3
H14139,1558.0,5.0,5.0,Coimbatore,Villa,2001.0,167.82,2.0,Semi-Furnished,Under Construction,3.0,2.9
H13819,1491.0,1.0,5.0,Chennai,Independent House,1999.0,28.6,3.0,Unfurnished,Under Construction,1.0,15.4
H12594,3530.0,1.0,5.0,Kochi,,2001.0,345.19,3.0,Unfurnished,Under Construction,1.0,26.1
H14165,2137.0,5.0,2.0,Chennai,Townhouse,2007.0,205.69,1.0,Unfurnished,Ready to Move,2.0,23.9
H13032,2551.0,3.0,2.0,Mumbai,Apartment,1990.0,285.87,2.0,Unfurnished,Ready to Move,2.0,18.5
H13580,1267.0,6.0,5.0,Coimbatore,Apartment,2009.0,290.44,2.0,Semi-Furnished,Under Construction,4.0,28.8
H12833,1217.0,4.0,2.0,,Apartment,2011.0,420.9,1.0,,Under Construction,2.0,16.3
H13473,2737.0,1.0,5.0,Pune,Apartment,2004.0,372.41,1.0,Furnished,Ready to Move,,10.4
H10138,2403.0,2.0,3.0,Chennai,Apartment,2007.0,322.33,0.0,Furnished,Ready to Move,4.0,27.3
H12181,1425.0,3.0,3.0,Chennai,Townhouse,2006.0,162.11,3.0,Furnished,Under Construction,4.0,23.3
H12129,3078.0,3.0,4.0,Coimbatore,Independent House,2018.0,334.63,3.0,Semi-Furnished,Ready to Move,1.0,
H13178,3790.0,4.0,1.0,Chennai,Independent House,2002.0,249.41,1.0,Semi-Furnished,Under Construction,2.0,15.8
H14238,2756.0,6.0,4.0,Mumbai,Independent House,2020.0,286.69,2.0,Semi-Furnished,Ready to Move,4.0,13.5
H11332,1341.0,5.0,2.0,Coimbatore,Apartment,1990.0,89.53,1.0,Furnished,Ready to Move,3.0,10.4
H12018,4538.0,2.0,1.0,Hyderabad,Independent House,2015.0,,2.0,Semi-Furnished,Ready to Move,3.0,21.0
H12483,2005.0,6.0,5.0,Mumbai,Apartment,2014.0,153.34,3.0,Semi-Furnished,Ready to Move,4.0,32.4
H11359,2983.0,4.0,4.0,Mumbai,Apartment,2010.0,285.96,2.0,Semi-Furnished,Under Construction,3.0,7.7
H11330,3606.0,3.0,3.0,Pune,Apartment,2002.0,439.91,3.0,Furnished,Ready to Move,4.0,26.7
H12151,4021.0,5.0,5.0,Coimbatore,Townhouse,2024.0,301.11,3.0,Semi-Furnished,Under Construction,4.0,11.7
H12123,3524.0,3.0,2.0,Pune,Villa,2007.0,92.03,2.0,Semi-Furnished,Ready to Move,2.0,18.6
H13982,2274.0,1.0,3.0,Coimbatore,Townhouse,2004.0,252.66,0.0,Semi-Furnished,Under Construction,3.0,22.2
H11253,2124.0,4.0,3.0,Bangalore,Villa,1997.0,441.54,2.0,Furnished,Ready to Move,2.0,17.4
H13279,4281.0,2.0,4.0,Hyderabad,Independent House,1990.0,101.2,1.0,Semi-Furnished,Under Construction,3.0,18.8
H13375,919.0,6.0,3.0,Coimbatore,Townhouse,2000.0,84.09,1.0,Semi-Furnished,Under Construction,4.0,30.0
H12815,1561.0,2.0,5.0,Pune,Townhouse,2011.0,394.36,3.0,Semi-Furnished,Ready to Move,2.0,26.2
H11849,1598.0,6.0,2.0,Pune,Townhouse,2002.0,423.56,0.0,Semi-Furnished,Ready to Move,3.0,27.1
H13038,3975.0,3.0,4.0,Pune,Villa,1990.0,368.44,0.0,Semi-Furnished,Ready to Move,4.0,15.1
H10389,3324.0,3.0,5.0,Chennai,Apartment,1994.0,295.14,3.0,Furnished,Ready to Move,2.0,16.7
H10236,3904.0,6.0,3.0,Chennai,Villa,2023.0,67.98,3.0,Unfurnished,Ready to Move,3.0,
H11078,2300.0,5.0,3.0,Hyderabad,Villa,2010.0,148.65,0.0,,Ready to Move,3.0,1.4
H11985,2377.0,4.0,4.0,Coimbatore,Villa,2025.0,317.69,3.0,Semi-Furnished,Under Construction,1.0,18.1
H13963,3097.0,2.0,4.0,Pune,Townhouse,2015.0,321.77,1.0,Semi-Furnished,Ready to Move,2.0,16.0
H10771,1864.0,4.0,5.0,Hyderabad,Independent House,2010.0,232.65,1.0,Furnished,Under Construction,1.0,14.8
H12166,2646.0,2.0,1.0,Kochi,Townhouse,2018.0,366.65,0.0,Unfurnished,Under Construction,1.0,29.4
H10674,782.0,4.0,2.0,Bangalore,Townhouse,1996.0,193.2,2.0,Furnished,Ready to Move,1.0,13.6
H10250,2877.0,1.0,4.0,Coimbatore,Villa,2005.0,347.82,0.0,Furnished,Under Construction,3.0,34.7
H11575,2583.0,5.0,1.0,Bangalore,Independent House,2002.0,36.32,2.0,Semi-Furnished,Under Construction,4.0,17.9
H13420,2916.0,5.0,2.0,Hyderabad,Townhouse,,134.74,3.0,Furnished,Ready to Move,1.0,20.7
H12082,1587.0,6.0,5.0,Coimbatore,Townhouse,1996.0,356.97,0.0,Furnished,Under Construction,2.0,
H11824,4657.0,5.0,4.0,Hyderabad,Townhouse,2019.0,302.84,1.0,Unfurnished,Under Construction,3.0,18.7
H10717,3101.0,2.0,3.0,Kochi,Villa,2007.0,262.21,3.0,Unfurnished,Under Construction,1.0,30.5
H14533,4530.0,3.0,5.0,Kochi,Villa,2001.0,283.85,3.0,Furnished,Under Construction,2.0,33.9
H12049,2274.0,6.0,1.0,,Villa,1992.0,300.69,1.0,Semi-Furnished,Ready to Move,1.0,18.4
H14179,2578.0,5.0,1.0,Bangalore,Townhouse,2003.0,254.77,2.0,Unfurnished,Under Construction,2.0,31.0
H12725,3040.0,3.0,4.0,Mumbai,Townhouse,1999.0,330.97,1.0,Unfurnished,Ready to Move,2.0,12.0
H14391,3956.0,5.0,4.0,Pune,Apartment,2008.0,359.5,0.0,Furnished,Under Construction,4.0,10.0
H11461,1506.0,4.0,5.0,Coimbatore,Townhouse,2001.0,348.28,2.0,Semi-Furnished,Under Construction,4.0,12.9
H11669,1513.0,2.0,5.0,Pune,Independent House,1998.0,97.03,3.0,Semi-Furnished,Ready to Move,3.0,13.2
H12757,,4.0,2.0,Hyderabad,Villa,2018.0,376.63,2.0,Furnished,Under Construction,1.0,5.5
H12001,4533.0,2.0,,Coimbatore,Apartment,2009.0,85.41,1.0,Semi-Furnished,Ready to Move,2.0,22.5
H10405,3898.0,5.0,2.0,Mumbai,Villa,1992.0,435.07,3.0,Furnished,Ready to Move,4.0,20.6
H10385,4519.0,5.0,1.0,Bangalore,Villa,2000.0,378.4,3.0,Unfurnished,Under Construction,2.0,26.3
H14362,1644.0,3.0,2.0,Pune,Independent House,2002.0,195.98,1.0,Furnished,Ready to Move,4.0,5.9
H12153,1049.0,2.0,3.0,Coimbatore,Townhouse,2023.0,170.22,0.0,Unfurnished,Ready to Move,1.0,16.1
H11634,3888.0,6.0,1.0,Kochi,Apartment,2010.0,337.67,,Semi-Furnished,Ready to Move,3.0,24.3
H14454,4417.0,3.0,3.0,Chennai,Villa,1991.0,112.86,0.0,Unfurnished,Ready to Move,4.0,19.2
H13926,819.0,5.0,3.0,Pune,Villa,2008.0,45.58,3.0,Unfurnished,Ready to Move,2.0,12.2
H14159,1281.0,6.0,2.0,Chennai,Independent House,2025.0,354.25,2.0,Semi-Furnished,Under Construction,1.0,27.4
H10224,4537.0,3.0,3.0,Chennai,Villa,1991.0,165.21,0.0,Unfurnished,Under Construction,1.0,3.8
H12194,2191.0,2.0,2.0,Hyderabad,Townhouse,1992.0,221.33,0.0,Furnished,Under Construction,3.0,22.6
H13137,4757.0,1.0,3.0,Kochi,Townhouse,2023.0,284.83,2.0,Unfurnished,Under Construction,1.0,25.3
H11825,1110.0,3.0,5.0,Bangalore,Independent House,2021.0,150.68,0.0,Furnished,Under Construction,4.0,7.1
H14467,4981.0,5.0,4.0,,Independent House,1997.0,315.29,0.0,Furnished,Under Construction,1.0,9.9
H10798,747.0,6.0,4.0,Bangalore,Apartment,1998.0,241.42,3.0,Unfurnished,Under Construction,2.0,14.4
H12872,2628.0,1.0,4.0,Bangalore,Townhouse,1996.0,364.06,3.0,Unfurnished,Under Construction,2.0,19.4
H10010,2235.0,4.0,2.0,Mumbai,Villa,2018.0,50.97,3.0,Furnished,Ready to Move,2.0,6.2
H11945,628.0,1.0,3.0,Chennai,Villa,1991.0,361.08,,Semi-Furnished,Under Construction,1.0,3.5
H11839,4911.0,4.0,2.0,Pune,Independent House,2017.0,407.69,2.0,Semi-Furnished,Ready to Move,2.0,
H10256,1249.0,3.0,2.0,Kochi,Apartment,2001.0,321.63,3.0,Semi-Furnished,Under Construction,3.0,6.4
H14378,1333.0,4.0,2.0,Mumbai,Apartment,2001.0,372.68,2.0,Unfurnished,Under Construction,3.0,
H11582,1748.0,4.0,2.0,Coimbatore,Villa,2011.0,50.36,2.0,Unfurnished,Ready to Move,4.0,33.2
H12957,4546.0,2.0,5.0,Mumbai,Apartment,2002.0,252.11,0.0,Unfurnished,Ready to Move,4.0,19.3
H10925,4839.0,6.0,3.0,Bangalore,Townhouse,1993.0,172.92,3.0,,Under Construction,1.0,
H14323,2696.0,6.0,1.0,Kochi,Independent House,2009.0,165.01,3.0,Unfurnished,Ready to Move,4.0,14.6
H12509,568.0,3.0,3.0,Chennai,Townhouse,2024.0,195.77,3.0,Unfurnished,Ready to Move,4.0,5.1
H13776,3511.0,5.0,4.0,Kochi,Independent House,2008.0,25.62,1.0,Semi-Furnished,Ready to Move,3.0,2.8
H14137,2735.0,4.0,1.0,Hyderabad,Independent House,2003.0,29.69,0.0,Semi-Furnished,Under Construction,4.0,14.9
H12780,4594.0,4.0,4.0,Kochi,Villa,1996.0,378.45,1.0,Furnished,Under Construction,1.0,32.9
H10540,805.0,5.0,3.0,Kochi,Apartment,1993.0,157.99,1.0,,Ready to Move,2.0,19.1
H12746,4702.0,6.0,1.0,Kochi,Independent House,1995.0,105.4,2.0,Furnished,Under Construction,3.0,25.4
H14368,4873.0,3.0,4.0,Chennai,Villa,2001.0,117.45,2.0,Semi-Furnished,Under Construction,4.0,25.3
H14439,1921.0,3.0,1.0,Pune,Villa,1990.0,45.31,1.0,Furnished,Ready to Move,,17.9
H11146,4310.0,1.0,2.0,Pune,Townhouse,2018.0,398.94,0.0,Semi-Furnished,Ready to Move,3.0,18.7
H10668,1846.0,1.0,2.0,Pune,Independent House,2017.0,165.85,1.0,Unfurnished,Under Construction,4.0,12.2
H13020,2930.0,4.0,4.0,Mumbai,Townhouse,1999.0,157.67,3.0,Furnished,Ready to Move,1.0,15.6
H10358,3801.0,4.0,3.0,Hyderabad,Apartment,2020.0,152.22,0.0,Furnished,Under Construction,2.0,7.9
H12832,1438.0,3.0,4.0,Pune,Apartment,2019.0,318.71,0.0,Unfurnished,Under Construction,1.0,1.7
H12784,4194.0,4.0,2.0,Bangalore,Independent House,2001.0,224.23,0.0,Unfurnished,Ready to Move,4.0,26.5
H11354,2425.0,2.0,4.0,Kochi,Villa,2012.0,298.7,3.0,Semi-Furnished,Ready to Move,3.0,6.1
H10471,1705.0,4.0,2.0,Chennai,Villa,2002.0,372.42,2.0,Unfurnished,Under Construction,2.0,31.9
H12704,2160.0,3.0,3.0,Kochi,Townhouse,2011.0,283.98,2.0,Unfurnished,Ready to Move,,13.3
H13331,2984.0,4.0,1.0,Coimbatore,Apartment,1995.0,408.21,0.0,,Under Construction,4.0,26.8
H13638,3976.0,1.0,2.0,Kochi,Apartment,2006.0,335.46,1.0,Semi-Furnished,Under Construction,1.0,32.5
H11397,2259.0,4.0,1.0,Kochi,Independent House,2001.0,34.33,2.0,Semi-Furnished,Ready to Move,4.0,18.5
H13585,4784.0,5.0,4.0,Kochi,Townhouse,1993.0,286.97,1.0,Unfurnished,Under Construction,1.0,18.6
H14356,3393.0,6.0,5.0,Mumbai,Villa,2017.0,421.96,2.0,Unfurnished,Ready to Move,2.0,26.1
H13377,2651.0,2.0,1.0,Mumbai,Villa,2007.0,366.44,1.0,Semi-Furnished,Under Construction,1.0,24.1
H11257,3879.0,4.0,2.0,Bangalore,Independent House,1995.0,265.15,1.0,Semi-Furnished,Ready to Move,3.0,15.9
H13513,1146.0,5.0,3.0,Bangalore,Independent House,1992.0,50.36,2.0,Unfurnished,Under Construction,3.0,33.4
H11251,4058.0,6.0,3.0,Bangalore,Apartment,2009.0,112.08,1.0,Semi-Furnished,Ready to Move,2.0,7.4
H14667,1833.0,1.0,2.0,Kochi,Independent House,2015.0,155.92,0.0,Unfurnished,Ready to Move,2.0,
H14299,774.0,4.0,5.0,Mumbai,Independent House,1992.0,150.47,2.0,Furnished,Ready to Move,2.0,18.0
H13285,1432.0,2.0,2.0,Pune,Villa,2007.0,91.92,2.0,Semi-Furnished,Under Construction,3.0,7.6
H12934,2247.0,6.0,2.0,,Villa,2004.0,48.68,0.0,Unfurnished,Ready to Move,4.0,18.6
H14176,4667.0,2.0,4.0,Coimbatore,,1999.0,65.41,1.0,Unfurnished,Ready to Move,1.0,12.1
H11853,1086.0,3.0,4.0,Chennai,Independent House,2016.0,407.03,3.0,Semi-Furnished,Under Construction,4.0,31.8
H14726,2321.0,3.0,4.0,Chennai,Apartment,2019.0,170.09,1.0,Furnished,Ready to Move,3.0,9.5
H12106,3842.0,5.0,5.0,Pune,Townhouse,2004.0,378.25,3.0,Furnished,Ready to Move,2.0,19.2
H10134,4293.0,1.0,3.0,Pune,Independent House,2002.0,391.83,3.0,Semi-Furnished,Ready to Move,3.0,14.6
H10929,3885.0,4.0,3.0,Kochi,Townhouse,2005.0,340.34,2.0,Semi-Furnished,Ready to Move,4.0,
H10824,4775.0,6.0,2.0,,Villa,1994.0,443.1,0.0,Semi-Furnished,Under Construction,2.0,2.7
H14411,1732.0,3.0,3.0,Bangalore,Apartment,2012.0,25.62,0.0,Furnished,Ready to Move,3.0,8.3
H11532,2762.0,6.0,2.0,Kochi,,1994.0,271.43,2.0,Semi-Furnished,Ready to Move,3.0,25.4
H11215,4683.0,4.0,2.0,Kochi,Villa,2013.0,230.06,2.0,Semi-Furnished,Under Construction,4.0,9.2
H10505,3483.0,4.0,4.0,Pune,Independent House,2002.0,47.74,1.0,Unfurnished,Ready to Move,1.0,8.1
H14286,1275.0,4.0,4.0,Pune,Villa,2012.0,256.01,3.0,Furnished,Under Construction,3.0,17.4
H11997,1319.0,5.0,3.0,Hyderabad,Apartment,2011.0,86.68,1.0,Unfurnished,Under Construction,2.0,31.2
H13073,4497.0,1.0,5.0,Chennai,Villa,1996.0,412.75,1.0,Unfurnished,Under Construction,4.0,31.1
H11959,697.0,3.0,2.0,Bangalore,Apartment,2017.0,306.57,3.0,Semi-Furnished,Under Construction,1.0,25.9
H11385,3270.0,1.0,3.0,Hyderabad,Villa,2024.0,387.14,2.0,Furnished,Ready to Move,3.0,25.4
H10895,3263.0,1.0,1.0,Bangalore,Independent House,1999.0,292.93,,Unfurnished,Ready to Move,4.0,31.5
H10456,3543.0,2.0,2.0,Pune,Villa,2024.0,270.21,2.0,Semi-Furnished,Under Construction,2.0,8.7
H14501,4793.0,3.0,2.0,,Townhouse,2004.0,337.5,2.0,Furnished,Ready to Move,4.0,20.8
H13710,3425.0,4.0,2.0,Pune,Villa,1996.0,312.68,0.0,,Under Construction,2.0,23.3
H14484,829.0,4.0,5.0,Chennai,Townhouse,1996.0,406.97,2.0,,Under Construction,2.0,
H14269,3767.0,6.0,3.0,Pune,Villa,2004.0,328.09,2.0,Semi-Furnished,Ready to Move,4.0,
H13523,3529.0,2.0,1.0,Hyderabad,Townhouse,2007.0,287.35,2.0,Unfurnished,Under Construction,4.0,10.6
H14135,2536.0,5.0,4.0,Bangalore,Apartment,2007.0,118.24,3.0,Unfurnished,Under Construction,1.0,2.9
H13603,3422.0,2.0,3.0,Coimbatore,Villa,2015.0,211.9,1.0,Unfurnished,Under Construction,3.0,22.6
H10714,1195.0,2.0,3.0,Pune,Townhouse,2021.0,448.54,2.0,Unfurnished,Ready to Move,3.0,
H14187,4808.0,1.0,4.0,Mumbai,Apartment,2022.0,419.38,1.0,Semi-Furnished,Ready to Move,3.0,25.1
H12215,2911.0,2.0,2.0,Coimbatore,Townhouse,2007.0,,0.0,Unfurnished,Under Construction,3.0,8.6
H12924,3381.0,2.0,3.0,Bangalore,Townhouse,2016.0,108.09,0.0,Furnished,Ready to Move,4.0,
H11811,890.0,2.0,2.0,Mumbai,Independent House,1996.0,447.23,1.0,Furnished,Ready to Move,3.0,18.0
H13487,1750.0,6.0,4.0,Coimbatore,Independent House,2001.0,42.82,3.0,Unfurnished,Under Construction,4.0,14.0
H13142,820.0,1.0,3.0,Kochi,,1993.0,259.9,0.0,Semi-Furnished,Ready to Move,4.0,25.6
H11828,1143.0,2.0,2.0,Kochi,Apartment,1990.0,,3.0,Furnished,Ready to Move,3.0,
H11156,3182.0,2.0,2.0,Hyderabad,Independent House,1992.0,174.11,0.0,Unfurnished,Under Construction,2.0,9.0
H11325,1483.0,4.0,1.0,Kochi,Townhouse,2000.0,94.43,0.0,Semi-Furnished,Ready to Move,4.0,17.0
H14313,4111.0,1.0,2.0,Coimbatore,Townhouse,2016.0,392.48,3.0,Furnished,Ready to Move,3.0,10.9
H10511,1806.0,2.0,2.0,Coimbatore,Villa,2011.0,63.52,1.0,Furnished,Ready to Move,3.0,24.1
H11681,3966.0,3.0,1.0,Hyderabad,Villa,1994.0,164.87,3.0,Semi-Furnished,Under Construction,1.0,27.9
H10500,683.0,6.0,1.0,Mumbai,Apartment,,226.63,2.0,Unfurnished,Under Construction,,9.0
H14404,2409.0,4.0,5.0,Hyderabad,Independent House,2017.0,389.46,3.0,Furnished,Under Construction,3.0,5.0
H11857,4274.0,2.0,1.0,Hyderabad,Villa,2006.0,209.64,,Semi-Furnished,Ready to Move,3.0,8.5
H11389,551.0,4.0,4.0,Bangalore,Independent House,2023.0,423.65,2.0,,Under Construction,1.0,23.7
H13720,4722.0,3.0,3.0,Mumbai,Villa,2020.0,181.14,2.0,Unfurnished,Under Construction,4.0,
H12387,4168.0,4.0,3.0,Pune,Apartment,2012.0,164.61,2.0,Furnished,Ready to Move,1.0,28.4
H13237,1881.0,1.0,4.0,Bangalore,Villa,2013.0,116.23,0.0,Unfurnished,Ready to Move,2.0,18.0
H11541,1169.0,1.0,4.0,Coimbatore,Townhouse,2019.0,111.93,2.0,Semi-Furnished,Ready to Move,3.0,20.8
H11218,586.0,1.0,2.0,Coimbatore,,2011.0,375.34,1.0,Semi-Furnished,Ready to Move,1.0,25.8
H12682,2459.0,6.0,4.0,Coimbatore,Townhouse,2000.0,382.21,1.0,Semi-Furnished,Under Construction,2.0,1.4
H12994,3391.0,6.0,4.0,Pune,Townhouse,2013.0,301.71,1.0,Semi-Furnished,Under Construction,3.0,3.5
H11192,552.0,3.0,1.0,Chennai,Apartment,2002.0,385.89,2.0,Semi-Furnished,Ready to Move,3.0,10.2
H11543,1506.0,1.0,3.0,Mumbai,Villa,1991.0,327.22,3.0,Semi-Furnished,Ready to Move,3.0,3.2
H13302,1066.0,4.0,3.0,Kochi,Villa,2007.0,382.17,1.0,Semi-Furnished,Ready to Move,4.0,23.0
H13325,1891.0,3.0,4.0,Bangalore,Villa,,69.09,1.0,Furnished,Ready to Move,3.0,6.5
H12540,751.0,3.0,1.0,Coimbatore,Villa,1993.0,329.81,1.0,Unfurnished,Under Construction,,22.9
H10954,4827.0,2.0,4.0,Coimbatore,Apartment,2009.0,231.55,2.0,Semi-Furnished,Ready to Move,3.0,11.1
H14331,790.0,3.0,2.0,Mumbai,Townhouse,2003.0,405.15,2.0,Semi-Furnished,Under Construction,4.0,16.5
H10733,4294.0,3.0,2.0,Pune,Villa,2016.0,207.65,3.0,Unfurnished,Ready to Move,4.0,
H11157,,4.0,2.0,Bangalore,Villa,2025.0,351.79,3.0,Unfurnished,Ready to Move,4.0,12.5
H13295,3747.0,3.0,4.0,Coimbatore,Independent House,2020.0,114.89,1.0,Semi-Furnished,Ready to Move,1.0,28.0
H12983,4033.0,5.0,3.0,Pune,Townhouse,2001.0,157.28,3.0,Semi-Furnished,Ready to Move,1.0,
H12157,2435.0,4.0,4.0,Bangalore,Apartment,1995.0,422.53,0.0,Unfurnished,Ready to Move,1.0,3.7
H11063,2186.0,5.0,5.0,Kochi,Apartment,1992.0,62.12,0.0,Semi-Furnished,Under Construction,3.0,6.7
H12617,,5.0,4.0,Chennai,Apartment,2001.0,142.51,3.0,Semi-Furnished,Under Construction,2.0,16.5
H11168,2418.0,6.0,3.0,Kochi,Villa,2001.0,403.31,0.0,Unfurnished,Ready to Move,1.0,2.8
H13223,2464.0,6.0,4.0,Chennai,Villa,1996.0,93.9,1.0,Furnished,Ready to Move,2.0,14.5
H13637,4342.0,2.0,2.0,Coimbatore,Apartment,2013.0,204.26,1.0,Furnished,Under Construction,2.0,15.4
H12939,4575.0,3.0,1.0,Mumbai,Villa,2006.0,216.38,1.0,Furnished,Under Construction,4.0,33.9
H13141,4126.0,6.0,5.0,Bangalore,Townhouse,2023.0,256.56,2.0,Furnished,Under Construction,2.0,28.4
H10144,3549.0,2.0,1.0,Coimbatore,Villa,1996.0,325.05,2.0,Unfurnished,Ready to Move,2.0,33.3
H13578,3544.0,2.0,1.0,Chennai,Villa,2006.0,329.59,2.0,Unfurnished,Under Construction,2.0,27.7
H12783,2642.0,3.0,5.0,Kochi,Townhouse,2004.0,84.05,1.0,Furnished,Ready to Move,,2.1
H10718,4839.0,6.0,3.0,Bangalore,Independent House,1999.0,276.04,0.0,Semi-Furnished,Under Construction,4.0,18.4
H11820,955.0,2.0,2.0,Bangalore,Townhouse,1996.0,333.86,2.0,Semi-Furnished,Under Construction,3.0,10.7
H12503,2724.0,4.0,3.0,,Apartment,2012.0,269.02,3.0,Semi-Furnished,Under Construction,3.0,34.1
H14361,1519.0,6.0,5.0,Kochi,Townhouse,2015.0,288.84,2.0,Unfurnished,Ready to Move,4.0,29.1
H14172,4454.0,5.0,3.0,Pune,Townhouse,2004.0,325.45,2.0,Semi-Furnished,Under Construction,2.0,25.8
H10396,664.0,6.0,5.0,Mumbai,Independent House,2010.0,135.84,2.0,Furnished,Under Construction,1.0,4.5
H14695,3196.0,5.0,2.0,Kochi,Apartment,1993.0,213.63,0.0,Semi-Furnished,Under Construction,4.0,32.2
H11366,823.0,4.0,4.0,Hyderabad,Apartment,2005.0,47.6,0.0,Semi-Furnished,Under Construction,4.0,25.5
H14426,1476.0,3.0,3.0,Hyderabad,Apartment,,,0.0,Semi-Furnished,Ready to Move,1.0,29.4
H10596,1881.0,5.0,5.0,Pune,Apartment,1996.0,50.03,3.0,Furnished,Under Construction,3.0,12.8
H13953,4458.0,4.0,,Coimbatore,Villa,1997.0,110.83,1.0,Semi-Furnished,Under Construction,4.0,28.4
H12915,4816.0,2.0,3.0,Kochi,Independent House,1998.0,303.4,3.0,Semi-Furnished,Under Construction,3.0,21.1
H12327,3054.0,2.0,3.0,Chennai,Villa,2018.0,141.47,1.0,Unfurnished,Under Construction,2.0,18.0
H13767,3812.0,6.0,1.0,Mumbai,Townhouse,2023.0,84.27,3.0,Unfurnished,Under Construction,1.0,11.1
H13441,3367.0,5.0,5.0,Chennai,Villa,1995.0,273.1,2.0,Unfurnished,Ready to Move,4.0,5.1
H13852,4881.0,3.0,4.0,,Independent House,2022.0,443.35,0.0,,Ready to Move,4.0,4.1
H14133,2236.0,6.0,3.0,Pune,Townhouse,2008.0,225.85,1.0,Unfurnished,Ready to Move,3.0,33.5
H14459,1934.0,2.0,5.0,Hyderabad,Independent House,2020.0,404.59,,Furnished,Ready to Move,4.0,29.6
H12144,1209.0,1.0,4.0,Pune,Independent House,1991.0,274.1,2.0,Furnished,Under Construction,1.0,14.5
H11572,2519.0,5.0,5.0,Mumbai,Independent House,1993.0,218.33,1.0,Unfurnished,Under Construction,2.0,17.8
H14080,3908.0,2.0,4.0,Pune,Villa,1995.0,90.32,3.0,Semi-Furnished,Under Construction,4.0,2.8
H11123,1288.0,5.0,3.0,Kochi,Apartment,1995.0,103.62,1.0,,Ready to Move,2.0,29.3
H12787,2972.0,2.0,2.0,Pune,Apartment,2002.0,427.71,3.0,Furnished,Under Construction,1.0,15.8
H12968,2397.0,2.0,4.0,Hyderabad,Independent House,2011.0,57.94,3.0,Semi-Furnished,Under Construction,4.0,14.0
H12505,4178.0,5.0,5.0,Bangalore,Townhouse,1994.0,217.58,3.0,Unfurnished,Under Construction,3.0,27.7
H13466,3311.0,1.0,2.0,Pune,Independent House,1992.0,35.26,2.0,Semi-Furnished,Under Construction,2.0,5.3
H10676,,1.0,,Chennai,Independent House,2024.0,149.42,0.0,Furnished,Ready to Move,3.0,34.8
H12809,732.0,1.0,4.0,Mumbai,Apartment,2006.0,333.5,2.0,Unfurnished,Ready to Move,1.0,3.6
H13349,3105.0,2.0,4.0,Bangalore,Villa,2002.0,264.71,2.0,Semi-Furnished,Under Construction,3.0,
H10729,2378.0,4.0,2.0,Mumbai,Townhouse,2008.0,418.96,1.0,Furnished,Under Construction,4.0,32.3
H10413,4629.0,4.0,2.0,Kochi,Villa,1991.0,109.13,0.0,Semi-Furnished,Ready to Move,4.0,19.1
H13147,4685.0,6.0,3.0,Mumbai,Apartment,2007.0,268.63,2.0,Furnished,Under Construction,3.0,10.9
H11517,3631.0,6.0,2.0,Bangalore,Villa,1995.0,309.37,3.0,Unfurnished,Under Construction,3.0,6.0
H10826,3224.0,3.0,5.0,Mumbai,Independent House,1994.0,305.62,0.0,Furnished,Under Construction,3.0,18.3
H13268,2936.0,2.0,1.0,Chennai,Villa,2003.0,125.63,0.0,Semi-Furnished,Ready to Move,2.0,17.9
H13975,2349.0,2.0,2.0,Pune,Townhouse,1999.0,32.52,3.0,Semi-Furnished,Ready to Move,2.0,17.7
H10617,3995.0,1.0,3.0,Pune,Villa,2005.0,170.4,2.0,Semi-Furnished,Ready to Move,2.0,31.9
H10115,3243.0,1.0,5.0,Mumbai,Townhouse,1994.0,148.18,0.0,Furnished,Under Construction,3.0,24.2
H10418,4401.0,5.0,3.0,Kochi,Townhouse,2001.0,287.65,0.0,Furnished,Ready to Move,2.0,31.7
H13070,3210.0,5.0,1.0,Kochi,Villa,2018.0,354.46,3.0,Furnished,,2.0,12.8
H11626,2740.0,3.0,5.0,Coimbatore,Independent House,2019.0,342.83,2.0,Semi-Furnished,Ready to Move,4.0,7.3
H14802,2067.0,3.0,2.0,Hyderabad,Independent House,2010.0,123.37,2.0,Semi-Furnished,Under Construction,4.0,9.7
H14186,3371.0,3.0,4.0,Bangalore,Townhouse,1993.0,134.68,2.0,Furnished,Ready to Move,3.0,34.6
H12897,4763.0,5.0,3.0,Kochi,Apartment,1997.0,232.38,2.0,Furnished,Ready to Move,2.0,16.8
H14536,2084.0,4.0,4.0,Chennai,Apartment,1997.0,334.05,0.0,Unfurnished,Under Construction,1.0,17.6
H12083,4039.0,6.0,4.0,Coimbatore,Villa,2012.0,216.19,0.0,Unfurnished,Under Construction,1.0,11.1
H10754,2154.0,5.0,1.0,Bangalore,Independent House,2022.0,175.28,3.0,Furnished,Ready to Move,3.0,23.5
H12547,3739.0,6.0,4.0,Kochi,Townhouse,2012.0,414.01,3.0,Unfurnished,Under Construction,2.0,29.5
H13970,2546.0,3.0,2.0,Pune,Villa,1994.0,319.69,1.0,Unfurnished,Ready to Move,3.0,15.0
H13374,3254.0,2.0,1.0,Mumbai,Villa,2004.0,78.41,2.0,Unfurnished,Under Construction,3.0,4.9
H14108,2151.0,4.0,3.0,Chennai,Independent House,2003.0,445.62,2.0,Unfurnished,Under Construction,,9.6
H12445,892.0,2.0,3.0,Pune,Villa,2025.0,114.87,2.0,Unfurnished,Ready to Move,2.0,20.8
H14381,594.0,1.0,5.0,Hyderabad,Apartment,2002.0,447.1,1.0,Furnished,Under Construction,3.0,33.1
H11067,879.0,3.0,2.0,Chennai,Independent House,2025.0,155.77,1.0,Semi-Furnished,Ready to Move,4.0,19.2
H13914,3509.0,2.0,4.0,Hyderabad,Villa,2009.0,306.75,0.0,Furnished,Ready to Move,1.0,11.5
H13499,2858.0,3.0,3.0,Coimbatore,Independent House,1999.0,441.42,0.0,Unfurnished,Ready to Move,3.0,34.1
H12739,826.0,6.0,5.0,Kochi,Villa,1994.0,86.93,0.0,Unfurnished,Under Construction,3.0,9.0
H14001,3985.0,1.0,5.0,Hyderabad,Apartment,2014.0,244.31,1.0,Unfurnished,Ready to Move,2.0,16.8
H11569,1468.0,1.0,5.0,Chennai,Apartment,1994.0,81.99,0.0,Furnished,Ready to Move,3.0,22.7
H12428,2243.0,5.0,1.0,Bangalore,Villa,2002.0,,0.0,Semi-Furnished,Under Construction,2.0,14.1
H13747,663.0,1.0,2.0,Bangalore,Apartment,2025.0,387.87,0.0,Furnished,Ready to Move,3.0,2.6
H14504,1029.0,3.0,5.0,Chennai,Independent House,2014.0,114.5,3.0,Unfurnished,Under Construction,2.0,33.4
H11688,994.0,4.0,1.0,Mumbai,Independent House,2020.0,344.2,2.0,Furnished,Under Construction,4.0,21.5
H10852,676.0,6.0,2.0,Chennai,Apartment,2004.0,89.16,0.0,,Ready to Move,4.0,20.2
H13547,788.0,2.0,2.0,Chennai,Townhouse,2011.0,273.73,0.0,Unfurnished,Under Construction,3.0,24.2
H10896,2753.0,4.0,3.0,Kochi,Independent House,2001.0,367.89,3.0,Semi-Furnished,Under Construction,2.0,16.1
H10336,4620.0,2.0,5.0,Chennai,Apartment,2019.0,148.79,3.0,Semi-Furnished,Under Construction,4.0,10.3
H12840,747.0,6.0,4.0,Coimbatore,Villa,2016.0,269.4,0.0,Furnished,Ready to Move,4.0,7.8
H13088,1529.0,5.0,4.0,Chennai,Villa,2023.0,270.74,1.0,Unfurnished,Under Construction,3.0,13.3
H11349,1076.0,6.0,5.0,Coimbatore,Independent House,1996.0,298.82,2.0,Unfurnished,Under Construction,1.0,31.9
H11016,2258.0,2.0,5.0,Mumbai,Apartment,2014.0,128.58,3.0,Furnished,Ready to Move,1.0,23.7
H12817,2857.0,5.0,1.0,Mumbai,Villa,2005.0,400.65,3.0,Unfurnished,Under Construction,4.0,14.1
H11632,1285.0,1.0,4.0,Coimbatore,Independent House,2010.0,57.19,2.0,Semi-Furnished,Ready to Move,3.0,1.7
H12490,2518.0,5.0,1.0,Coimbatore,Apartment,2000.0,196.24,,Furnished,Ready to Move,1.0,16.4
H13731,,3.0,3.0,Coimbatore,Townhouse,2003.0,392.12,0.0,Semi-Furnished,Ready to Move,1.0,20.4
H13252,3721.0,5.0,4.0,Mumbai,Villa,2012.0,257.18,2.0,Unfurnished,Under Construction,2.0,14.1
H14499,3538.0,4.0,4.0,Chennai,Independent House,2013.0,213.86,0.0,Unfurnished,Under Construction,4.0,23.2
H12071,1472.0,5.0,3.0,Coimbatore,Townhouse,2014.0,407.17,3.0,Furnished,Under Construction,4.0,26.6
H14453,2627.0,5.0,4.0,Bangalore,Apartment,2000.0,127.71,3.0,Semi-Furnished,Ready to Move,4.0,13.8
H14739,4789.0,5.0,5.0,Kochi,Villa,,87.75,3.0,Unfurnished,Ready to Move,2.0,15.3
H11636,3439.0,2.0,4.0,Coimbatore,Independent House,2013.0,351.76,0.0,Unfurnished,Ready to Move,1.0,19.3
H12480,2194.0,6.0,2.0,Mumbai,Villa,2012.0,442.59,1.0,Unfurnished,Under Construction,1.0,19.5
H12266,2127.0,6.0,4.0,Coimbatore,Townhouse,2020.0,436.94,3.0,Unfurnished,Under Construction,3.0,4.1
H12960,3207.0,4.0,4.0,Coimbatore,Townhouse,2024.0,113.28,3.0,Unfurnished,Ready to Move,3.0,8.0
H13060,4133.0,3.0,2.0,Coimbatore,Independent House,2005.0,254.4,0.0,Furnished,Ready to Move,2.0,1.5
H12142,4843.0,5.0,1.0,Pune,Villa,,86.99,3.0,Unfurnished,Under Construction,1.0,33.6
H13119,3185.0,1.0,3.0,Bangalore,Townhouse,2015.0,321.08,1.0,Unfurnished,Ready to Move,2.0,13.2
H14590,3263.0,6.0,5.0,Kochi,Townhouse,2011.0,64.64,2.0,Semi-Furnished,Ready to Move,1.0,29.1
H14046,2424.0,1.0,,Bangalore,Apartment,1996.0,47.4,1.0,Semi-Furnished,Under Construction,2.0,9.9
H13357,1821.0,3.0,4.0,Chennai,,1999.0,128.73,2.0,Unfurnished,Under Construction,2.0,17.4
H12745,1859.0,3.0,1.0,Coimbatore,Independent House,2018.0,345.67,2.0,Unfurnished,Under Construction,4.0,14.5
H13507,4220.0,2.0,2.0,Mumbai,Independent House,2005.0,407.29,0.0,Unfurnished,Ready to Move,2.0,32.9
H11680,2687.0,3.0,1.0,Kochi,Townhouse,1998.0,194.28,2.0,Furnished,Ready to Move,1.0,9.0
H14250,3395.0,2.0,4.0,Chennai,Apartment,2019.0,68.99,1.0,Unfurnished,Under Construction,2.0,9.6
H13148,4157.0,2.0,3.0,Pune,Apartment,1993.0,282.71,3.0,Semi-Furnished,Under Construction,2.0,1.6
H12295,2857.0,3.0,5.0,Bangalore,Independent House,2015.0,438.02,2.0,Semi-Furnished,,2.0,7.6
H10581,785.0,3.0,1.0,Mumbai,Villa,2002.0,331.45,,Furnished,Under Construction,4.0,32.4
H11471,3175.0,6.0,3.0,Pune,Villa,,29.63,1.0,Unfurnished,Under Construction,2.0,26.5
H14071,3413.0,3.0,3.0,Mumbai,Townhouse,1991.0,397.93,3.0,Furnished,Under Construction,2.0,14.0
H13344,,4.0,4.0,Coimbatore,Villa,2024.0,367.72,2.0,Unfurnished,Under Construction,3.0,14.2
H13673,2897.0,5.0,5.0,Mumbai,Independent House,2000.0,127.34,2.0,Unfurnished,Under Construction,3.0,3.2
H10560,3306.0,5.0,2.0,Pune,Independent House,2001.0,247.41,1.0,Semi-Furnished,Under Construction,3.0,14.6
H12850,4346.0,6.0,2.0,Chennai,Townhouse,1996.0,121.58,1.0,Semi-Furnished,Under Construction,2.0,27.4
H10513,4036.0,6.0,5.0,Chennai,Independent House,2025.0,290.9,1.0,Unfurnished,Under Construction,1.0,25.0
H11082,4192.0,4.0,2.0,Kochi,Townhouse,1990.0,292.78,0.0,Unfurnished,Under Construction,4.0,29.6
H11665,4696.0,,5.0,Chennai,Apartment,2007.0,118.93,2.0,Furnished,Ready to Move,1.0,14.8
H11013,1159.0,2.0,4.0,Mumbai,Apartment,2006.0,287.2,2.0,Unfurnished,Under Construction,3.0,13.0
H11932,1121.0,2.0,5.0,Mumbai,Villa,2004.0,247.38,1.0,Unfurnished,Under Construction,4.0,21.9
H11151,2583.0,5.0,4.0,Mumbai,Villa,2010.0,427.52,,Unfurnished,Under Construction,3.0,19.9
H12839,2774.0,3.0,5.0,Chennai,Independent House,1996.0,245.57,2.0,Unfurnished,Ready to Move,1.0,24.1
H10117,1913.0,1.0,2.0,Kochi,Townhouse,2012.0,93.38,3.0,Unfurnished,Under Construction,3.0,18.5
H10741,4263.0,6.0,3.0,Bangalore,,2008.0,,0.0,Unfurnished,Ready to Move,2.0,23.6
H14666,1279.0,2.0,5.0,Coimbatore,Apartment,2003.0,134.47,0.0,Furnished,Ready to Move,4.0,1.4
H13676,4351.0,2.0,4.0,Bangalore,Villa,1990.0,318.57,0.0,Semi-Furnished,Ready to Move,,2.7
H10831,4656.0,5.0,,Bangalore,Townhouse,2015.0,62.13,0.0,Semi-Furnished,Under Construction,2.0,15.9
H10120,2079.0,3.0,,Hyderabad,Apartment,1996.0,152.91,1.0,Semi-Furnished,Ready to Move,3.0,30.2
H14640,3560.0,5.0,3.0,Mumbai,Villa,2016.0,202.4,1.0,Semi-Furnished,Ready to Move,4.0,11.8
H14602,2516.0,,2.0,Mumbai,Townhouse,2023.0,252.67,3.0,Semi-Furnished,Ready to Move,1.0,34.5
H10636,2518.0,4.0,1.0,Chennai,Villa,2006.0,354.26,3.0,Semi-Furnished,Under Construction,2.0,27.6
H14466,2960.0,1.0,3.0,Chennai,Villa,1997.0,272.55,0.0,Semi-Furnished,Ready to Move,1.0,13.7
H14365,3914.0,6.0,1.0,Kochi,Apartment,2012.0,212.91,0.0,Unfurnished,Under Construction,1.0,15.8
H14143,2602.0,3.0,1.0,Hyderabad,Villa,2022.0,28.09,3.0,Unfurnished,Ready to Move,4.0,21.2
H10992,1851.0,1.0,2.0,Chennai,Independent House,1996.0,220.47,1.0,Unfurnished,Ready to Move,4.0,16.8
H10877,4057.0,2.0,4.0,Bangalore,,2005.0,25.02,0.0,Unfurnished,Ready to Move,3.0,32.0
H10005,4976.0,6.0,5.0,Coimbatore,Townhouse,1996.0,55.86,1.0,Unfurnished,Under Construction,3.0,5.1
H13052,4221.0,3.0,3.0,Chennai,Townhouse,2024.0,153.91,0.0,Semi-Furnished,Under Construction,3.0,32.2
H13125,2588.0,1.0,3.0,Hyderabad,Villa,,63.83,0.0,Furnished,Under Construction,4.0,9.1
H12661,688.0,6.0,5.0,Pune,Independent House,2003.0,198.43,2.0,Semi-Furnished,Under Construction,2.0,23.0
H12492,4963.0,1.0,5.0,Hyderabad,Villa,1991.0,444.63,3.0,Furnished,Ready to Move,2.0,25.4
H13855,659.0,3.0,4.0,Bangalore,Apartment,2002.0,446.88,2.0,Semi-Furnished,Ready to Move,1.0,9.1
H11716,3729.0,2.0,1.0,Pune,Townhouse,1992.0,150.26,2.0,Furnished,Ready to Move,4.0,18.4
H11149,1715.0,6.0,5.0,Hyderabad,Villa,1996.0,339.46,1.0,Semi-Furnished,Ready to Move,2.0,18.9
H13262,2374.0,3.0,2.0,Pune,Apartment,2021.0,158.98,1.0,Furnished,Ready to Move,4.0,9.8
H10575,2715.0,4.0,2.0,Hyderabad,Villa,1994.0,236.28,3.0,Furnished,Under Construction,4.0,23.8
H13770,3377.0,3.0,1.0,Mumbai,Villa,2017.0,268.28,2.0,Semi-Furnished,Ready to Move,3.0,3.9
H13737,3400.0,1.0,5.0,Chennai,Apartment,1991.0,356.16,1.0,Unfurnished,Under Construction,1.0,34.0
H14147,1810.0,6.0,3.0,Pune,Apartment,2002.0,70.75,1.0,Furnished,Under Construction,2.0,23.7
H10854,3606.0,5.0,4.0,Bangalore,Townhouse,2005.0,220.8,0.0,Semi-Furnished,Under Construction,3.0,28.6
H11983,1512.0,1.0,1.0,Chennai,Independent House,2022.0,127.55,2.0,Semi-Furnished,Ready to Move,4.0,32.6
H12775,1648.0,1.0,4.0,Coimbatore,Apartment,2012.0,377.14,2.0,Semi-Furnished,Under Construction,2.0,19.4
H11167,560.0,3.0,5.0,Chennai,Villa,2022.0,,3.0,Unfurnished,Under Construction,,29.4
H10972,2105.0,2.0,3.0,Coimbatore,Independent House,2012.0,333.21,2.0,Unfurnished,Ready to Move,4.0,
H12702,2744.0,2.0,5.0,Coimbatore,Villa,1996.0,108.73,1.0,Semi-Furnished,Ready to Move,3.0,7.3
H14496,3445.0,5.0,2.0,Chennai,Apartment,2020.0,,3.0,Unfurnished,Ready to Move,3.0,33.8
H13848,3705.0,3.0,3.0,Bangalore,Villa,2010.0,287.54,1.0,Semi-Furnished,Under Construction,3.0,34.6
H12369,4250.0,4.0,4.0,Kochi,Townhouse,1993.0,163.47,0.0,Unfurnished,Under Construction,3.0,28.5
H14116,3764.0,5.0,4.0,Coimbatore,Apartment,2001.0,189.26,1.0,Furnished,Under Construction,1.0,28.0
H14132,3323.0,2.0,3.0,Mumbai,Townhouse,2013.0,235.24,0.0,Unfurnished,Under Construction,4.0,34.3
H12951,3580.0,1.0,4.0,Coimbatore,Townhouse,2020.0,106.59,0.0,Semi-Furnished,Ready to Move,2.0,10.4
H10525,1217.0,4.0,1.0,Kochi,Townhouse,2008.0,260.46,1.0,Furnished,Ready to Move,4.0,1.7
H12456,4777.0,5.0,2.0,Coimbatore,Villa,2004.0,65.72,2.0,Semi-Furnished,Ready to Move,2.0,16.7
H11842,4809.0,1.0,2.0,Coimbatore,Independent House,2005.0,198.03,2.0,Semi-Furnished,Under Construction,1.0,
H10538,2131.0,1.0,3.0,Coimbatore,Independent House,1990.0,233.1,3.0,Semi-Furnished,Under Construction,1.0,28.9
H12807,1854.0,5.0,2.0,Mumbai,Independent House,2014.0,266.68,0.0,Semi-Furnished,Under Construction,2.0,27.5
H14342,2452.0,5.0,3.0,Bangalore,Townhouse,1995.0,39.16,2.0,Unfurnished,Ready to Move,2.0,3.8
H13176,4632.0,6.0,2.0,Hyderabad,Townhouse,1994.0,189.32,1.0,Unfurnished,Ready to Move,4.0,18.2
H10785,2740.0,6.0,3.0,Mumbai,Townhouse,1992.0,153.92,2.0,Semi-Furnished,Under Construction,1.0,15.5
H14058,4347.0,6.0,5.0,Bangalore,Villa,2007.0,416.37,0.0,Semi-Furnished,Ready to Move,1.0,11.3
H11410,2820.0,6.0,1.0,Hyderabad,Townhouse,1992.0,313.04,0.0,Furnished,Under Construction,4.0,1.8
H12538,4418.0,5.0,3.0,Coimbatore,Townhouse,1992.0,429.95,2.0,Unfurnished,Under Construction,4.0,18.6
H10155,752.0,4.0,4.0,Coimbatore,Apartment,2007.0,313.29,3.0,Unfurnished,Under Construction,2.0,12.0
H13010,3844.0,6.0,2.0,Pune,Apartment,2023.0,343.22,2.0,Semi-Furnished,Ready to Move,1.0,15.7
H11687,2909.0,3.0,1.0,Mumbai,Apartment,2014.0,321.29,0.0,Unfurnished,Ready to Move,4.0,9.3
H12902,4146.0,6.0,2.0,Bangalore,Villa,2016.0,445.57,1.0,Furnished,Ready to Move,4.0,13.9
H14801,2239.0,6.0,4.0,Pune,Independent House,1995.0,431.34,1.0,Furnished,Under Construction,2.0,17.2
H13864,1586.0,1.0,3.0,Chennai,Villa,2003.0,138.27,1.0,Semi-Furnished,Under Construction,2.0,1.8
H12734,4456.0,1.0,4.0,Kochi,Villa,1993.0,154.96,1.0,Unfurnished,Ready to Move,3.0,6.5
H11896,2689.0,4.0,3.0,Pune,Independent House,2002.0,44.29,0.0,Unfurnished,Ready to Move,2.0,28.7
H10570,2631.0,5.0,2.0,Mumbai,Independent House,2003.0,399.21,3.0,Furnished,Under Construction,1.0,5.3
H11817,4956.0,3.0,3.0,,Independent House,1990.0,356.09,2.0,Semi-Furnished,Ready to Move,1.0,5.9
H12066,4112.0,1.0,3.0,Pune,Villa,1996.0,437.67,2.0,Furnished,Under Construction,2.0,1.5
H10128,1259.0,6.0,5.0,Pune,Townhouse,2009.0,395.49,1.0,Semi-Furnished,Ready to Move,,17.4
H13395,2636.0,4.0,3.0,Chennai,Townhouse,2018.0,250.08,2.0,Furnished,Under Construction,4.0,9.3
H13328,4352.0,4.0,4.0,Coimbatore,Apartment,2023.0,83.4,0.0,Semi-Furnished,Ready to Move,2.0,31.6
H14837,1639.0,5.0,1.0,Chennai,Villa,1991.0,80.81,3.0,Unfurnished,Ready to Move,4.0,1.4
H12976,3820.0,1.0,5.0,Coimbatore,Independent House,2023.0,184.48,0.0,Furnished,Ready to Move,3.0,25.1
H10981,4773.0,5.0,3.0,Pune,Townhouse,2016.0,57.31,0.0,Semi-Furnished,Under Construction,3.0,30.7
H12301,1124.0,2.0,1.0,Chennai,Independent House,1992.0,,1.0,Semi-Furnished,Ready to Move,1.0,34.7
H10191,1566.0,5.0,4.0,Pune,Townhouse,2014.0,441.17,3.0,Furnished,Ready to Move,2.0,2.7
H11140,2974.0,5.0,1.0,Chennai,Townhouse,1990.0,270.67,1.0,Unfurnished,Under Construction,2.0,27.9
H10700,2947.0,4.0,2.0,Coimbatore,Independent House,2021.0,196.83,3.0,Semi-Furnished,Under Construction,2.0,5.8
H14641,2323.0,3.0,1.0,Coimbatore,Villa,2004.0,167.62,0.0,Unfurnished,Under Construction,3.0,2.5
H10607,3581.0,5.0,5.0,Kochi,Apartment,2023.0,403.64,,Unfurnished,Under Construction,3.0,13.9
H14277,3221.0,1.0,1.0,Kochi,Apartment,1991.0,147.94,2.0,Furnished,Ready to Move,2.0,19.3
H10302,1124.0,3.0,1.0,Hyderabad,Apartment,2011.0,249.71,0.0,Furnished,Under Construction,1.0,1.2
H13421,4307.0,1.0,4.0,Kochi,Villa,2005.0,437.52,3.0,Semi-Furnished,Under Construction,4.0,8.4
H14680,1108.0,2.0,3.0,Bangalore,Townhouse,1992.0,438.59,2.0,Semi-Furnished,Ready to Move,3.0,5.0
H11061,4747.0,3.0,5.0,Chennai,Townhouse,2004.0,194.09,0.0,Semi-Furnished,Ready to Move,2.0,17.8
H12566,4868.0,3.0,5.0,Coimbatore,Independent House,1990.0,429.07,2.0,Unfurnished,Ready to Move,4.0,11.9
H14845,2334.0,1.0,2.0,Pune,Villa,1993.0,291.34,1.0,Unfurnished,Under Construction,3.0,28.0
H11070,4657.0,5.0,5.0,Kochi,Independent House,2014.0,297.17,3.0,Furnished,Under Construction,4.0,15.4
H12525,1539.0,5.0,2.0,,Villa,2007.0,52.57,0.0,Semi-Furnished,,4.0,32.2
H12206,1221.0,5.0,5.0,Bangalore,Independent House,2008.0,81.17,2.0,Semi-Furnished,Ready to Move,2.0,23.5
H11244,4836.0,2.0,2.0,Chennai,Villa,2014.0,77.16,1.0,Unfurnished,Ready to Move,4.0,9.4
H10017,3454.0,3.0,3.0,Pune,Independent House,1999.0,55.82,3.0,Furnished,Ready to Move,2.0,3.5
H13121,4504.0,3.0,4.0,Pune,Townhouse,1999.0,300.71,3.0,Unfurnished,Ready to Move,2.0,5.2
H10816,3462.0,5.0,1.0,Kochi,Apartment,,86.84,0.0,Unfurnished,Ready to Move,4.0,25.0
H13068,1493.0,1.0,4.0,Kochi,Apartment,,267.61,0.0,Furnished,Ready to Move,2.0,5.0
H14645,3215.0,1.0,4.0,Coimbatore,Independent House,2023.0,93.78,2.0,,Under Construction,2.0,21.9
H10960,3706.0,2.0,4.0,Pune,Apartment,1995.0,363.8,3.0,Unfurnished,Under Construction,4.0,4.4
H10226,1768.0,3.0,5.0,Bangalore,Townhouse,2016.0,,2.0,Semi-Furnished,Under Construction,4.0,15.0
H13355,1109.0,3.0,1.0,Hyderabad,Apartment,2023.0,359.42,3.0,Furnished,Ready to Move,3.0,16.9
H12486,1763.0,5.0,4.0,Chennai,Independent House,1997.0,113.9,2.0,Semi-Furnished,Under Construction,1.0,22.0
H10563,4186.0,6.0,2.0,Bangalore,Apartment,2009.0,335.81,3.0,Unfurnished,Ready to Move,4.0,4.9
H13437,2267.0,5.0,5.0,Mumbai,Townhouse,2020.0,78.4,3.0,Furnished,Under Construction,4.0,1.7
H11694,1958.0,3.0,3.0,Pune,Independent House,2009.0,400.63,0.0,Semi-Furnished,Under Construction,2.0,7.4
H11046,2074.0,4.0,5.0,Kochi,Townhouse,2013.0,419.05,3.0,Unfurnished,Ready to Move,3.0,32.5
H13447,3017.0,2.0,2.0,Pune,Independent House,2014.0,116.87,3.0,Semi-Furnished,Under Construction,4.0,13.8
H14566,720.0,1.0,4.0,Chennai,Townhouse,2002.0,255.59,3.0,Furnished,Ready to Move,1.0,7.1
H10955,,3.0,,Hyderabad,Apartment,2007.0,366.06,3.0,Unfurnished,Ready to Move,3.0,25.6
H14836,3447.0,5.0,2.0,Coimbatore,Independent House,2004.0,297.47,2.0,Semi-Furnished,Ready to Move,2.0,21.8
H12736,3503.0,3.0,2.0,Coimbatore,Independent House,2017.0,166.37,1.0,Furnished,Under Construction,3.0,29.9
H14760,2452.0,1.0,1.0,Chennai,Townhouse,2017.0,153.97,0.0,Semi-Furnished,Under Construction,1.0,5.5
H14683,4949.0,1.0,3.0,Hyderabad,,1996.0,261.64,,Semi-Furnished,Under Construction,4.0,14.9
H11219,3937.0,2.0,5.0,Mumbai,Townhouse,1996.0,331.93,0.0,Semi-Furnished,Under Construction,1.0,3.2
H11528,1857.0,,2.0,Hyderabad,Villa,2014.0,409.53,0.0,Furnished,Under Construction,1.0,9.8
H13988,,5.0,3.0,Coimbatore,Independent House,2016.0,424.03,1.0,Furnished,Under Construction,1.0,
H11301,2003.0,1.0,4.0,Kochi,Apartment,2014.0,256.11,3.0,Unfurnished,Ready to Move,4.0,12.3
H14748,4283.0,3.0,5.0,Mumbai,Villa,2003.0,326.61,3.0,Furnished,Under Construction,1.0,5.2
H10161,3481.0,1.0,4.0,Mumbai,Townhouse,2012.0,300.2,0.0,Semi-Furnished,Under Construction,3.0,16.9
H14068,1928.0,2.0,3.0,Bangalore,Townhouse,1993.0,222.4,3.0,Furnished,Under Construction,,20.6
H10957,4975.0,6.0,1.0,Coimbatore,Apartment,1995.0,66.15,,Semi-Furnished,Ready to Move,4.0,29.8
H13792,4375.0,2.0,1.0,Hyderabad,Independent House,2016.0,69.06,2.0,Furnished,Ready to Move,3.0,14.3
H13235,4907.0,4.0,4.0,Bangalore,Independent House,2003.0,25.46,1.0,Unfurnished,Under Construction,1.0,11.7
H12870,3338.0,2.0,,Bangalore,Independent House,1999.0,144.97,3.0,Semi-Furnished,Ready to Move,3.0,23.5
H13778,1648.0,4.0,2.0,Mumbai,Villa,2002.0,389.59,0.0,Furnished,Ready to Move,3.0,24.9
H14434,855.0,6.0,5.0,,Villa,2001.0,433.81,3.0,Unfurnished,Ready to Move,3.0,18.2
H12962,1652.0,2.0,3.0,Pune,,2020.0,431.86,0.0,Furnished,Ready to Move,2.0,21.4
H12201,1424.0,1.0,1.0,Hyderabad,Apartment,1999.0,396.1,,Unfurnished,Under Construction,2.0,3.7
H10099,2034.0,6.0,4.0,Kochi,Apartment,2016.0,116.66,3.0,Semi-Furnished,Under Construction,4.0,21.3
H12558,4913.0,3.0,5.0,Coimbatore,Townhouse,2003.0,323.67,3.0,Semi-Furnished,Under Construction,3.0,6.5
H13184,3299.0,6.0,4.0,Bangalore,Villa,2000.0,188.75,2.0,Semi-Furnished,Ready to Move,3.0,33.1
H10254,1156.0,4.0,4.0,Bangalore,Townhouse,1995.0,177.42,3.0,Furnished,Under Construction,2.0,24.6
H13924,1802.0,3.0,1.0,Pune,Townhouse,2006.0,414.21,3.0,Semi-Furnished,Ready to Move,3.0,
H14200,956.0,1.0,1.0,Kochi,Independent House,1997.0,84.65,3.0,Furnished,Under Construction,1.0,22.8
H11446,856.0,6.0,4.0,Coimbatore,Villa,2009.0,228.87,3.0,Unfurnished,Under Construction,2.0,30.3
H11649,3572.0,3.0,3.0,Mumbai,Townhouse,1993.0,133.4,2.0,Unfurnished,Under Construction,3.0,33.5
H13992,1047.0,6.0,4.0,Bangalore,Townhouse,2003.0,55.15,1.0,Unfurnished,Under Construction,1.0,20.8
H11697,1850.0,1.0,2.0,Chennai,Townhouse,1991.0,253.39,2.0,Semi-Furnished,Under Construction,1.0,30.1
H13192,4858.0,1.0,5.0,Kochi,Villa,2002.0,264.37,0.0,Unfurnished,Ready to Move,1.0,17.3
H14500,4809.0,1.0,,Kochi,Villa,1997.0,181.31,0.0,Unfurnished,Ready to Move,2.0,21.3
H11155,1254.0,4.0,4.0,Bangalore,Townhouse,2014.0,293.28,2.0,Unfurnished,Ready to Move,,34.5
H12256,2299.0,6.0,,Hyderabad,Townhouse,2022.0,80.07,0.0,Semi-Furnished,Under Construction,3.0,34.9
H11683,4080.0,5.0,1.0,Pune,Villa,1996.0,414.5,2.0,Unfurnished,Ready to Move,2.0,4.8
H13171,933.0,1.0,5.0,Kochi,Townhouse,2003.0,299.4,0.0,Unfurnished,Ready to Move,4.0,4.5
H12057,3010.0,1.0,4.0,Mumbai,Apartment,2025.0,173.89,1.0,Unfurnished,Ready to Move,3.0,34.2
H14091,4797.0,4.0,,Bangalore,Apartment,2007.0,308.66,1.0,Semi-Furnished,Under Construction,3.0,9.4
H13109,1614.0,5.0,3.0,Kochi,Apartment,2005.0,389.27,2.0,Unfurnished,Ready to Move,3.0,27.0
H14549,2536.0,3.0,4.0,Coimbatore,Apartment,2025.0,78.67,3.0,Semi-Furnished,Under Construction,2.0,8.3
H13724,4389.0,4.0,1.0,Kochi,Townhouse,1997.0,335.96,3.0,Unfurnished,Under Construction,4.0,8.9
H12050,1926.0,1.0,3.0,Kochi,Independent House,2002.0,327.03,3.0,Unfurnished,Ready to Move,2.0,34.8
H13644,3492.0,1.0,1.0,Hyderabad,Apartment,2010.0,262.6,1.0,Furnished,Under Construction,1.0,24.6
H14781,4449.0,3.0,1.0,Chennai,Independent House,2019.0,151.76,,Semi-Furnished,Under Construction,1.0,11.3
H10624,3816.0,2.0,3.0,Mumbai,Independent House,2010.0,145.96,3.0,Semi-Furnished,Ready to Move,2.0,26.8
H10263,3877.0,2.0,2.0,Chennai,Townhouse,2003.0,122.93,3.0,Unfurnished,Ready to Move,1.0,29.6
H13370,4041.0,3.0,2.0,Mumbai,Townhouse,2010.0,44.94,1.0,Furnished,Under Construction,3.0,9.3
H14062,857.0,4.0,5.0,Hyderabad,Apartment,1997.0,228.61,1.0,Unfurnished,Under Construction,3.0,28.5
H11803,3381.0,4.0,4.0,Coimbatore,Apartment,2006.0,284.0,0.0,Furnished,Under Construction,3.0,5.5
H14843,1044.0,1.0,1.0,Hyderabad,Villa,2006.0,91.41,0.0,Unfurnished,Ready to Move,3.0,33.1
H12386,1389.0,6.0,1.0,Bangalore,Apartment,2012.0,334.76,3.0,Unfurnished,Under Construction,4.0,13.5
H11960,4877.0,1.0,3.0,Chennai,Apartment,1997.0,27.67,1.0,Semi-Furnished,Under Construction,3.0,25.7
H12977,2959.0,4.0,4.0,Bangalore,Townhouse,2011.0,188.99,3.0,,Ready to Move,1.0,32.1
H10489,1934.0,3.0,3.0,Chennai,Villa,2015.0,161.79,,Furnished,Ready to Move,1.0,20.5
H11844,1683.0,3.0,5.0,Pune,Villa,2016.0,358.7,1.0,Furnished,Ready to Move,4.0,27.7
H11735,2127.0,4.0,4.0,,Villa,2011.0,316.21,0.0,Furnished,Under Construction,4.0,32.4
H12912,2614.0,6.0,4.0,Hyderabad,Townhouse,2022.0,55.95,2.0,Furnished,Under Construction,2.0,28.2
H13220,4749.0,3.0,4.0,Coimbatore,Villa,2005.0,172.03,2.0,Furnished,Ready to Move,1.0,25.1
H10147,2710.0,3.0,3.0,Chennai,Apartment,2013.0,72.12,3.0,Unfurnished,Under Construction,3.0,22.9
H11987,2190.0,1.0,4.0,Chennai,,2009.0,177.33,0.0,Semi-Furnished,Under Construction,2.0,20.0
H11370,4116.0,4.0,1.0,Chennai,Apartment,2024.0,153.42,2.0,Semi-Furnished,Under Construction,1.0,22.4
H12812,1209.0,5.0,3.0,Bangalore,Independent House,2008.0,287.63,1.0,Semi-Furnished,Under Construction,1.0,29.8
H10660,2081.0,5.0,2.0,Coimbatore,Villa,2003.0,325.71,2.0,Furnished,Ready to Move,1.0,24.4
H11795,4493.0,3.0,5.0,Chennai,Independent House,1995.0,153.79,1.0,Unfurnished,Under Construction,4.0,12.5
H12512,1682.0,6.0,5.0,Kochi,Apartment,1997.0,65.78,1.0,Semi-Furnished,Under Construction,4.0,28.7
H13398,700.0,4.0,1.0,Hyderabad,Villa,2021.0,273.02,0.0,Unfurnished,Ready to Move,1.0,
H14283,1358.0,3.0,5.0,Chennai,Independent House,2009.0,402.99,3.0,Semi-Furnished,Ready to Move,2.0,26.7
H11148,4050.0,1.0,3.0,Hyderabad,Apartment,,49.91,1.0,Furnished,Under Construction,1.0,12.1
H13273,1549.0,2.0,3.0,Bangalore,Villa,2025.0,147.02,1.0,Semi-Furnished,Under Construction,2.0,22.3
H10609,,1.0,2.0,Bangalore,Townhouse,2003.0,223.16,2.0,Furnished,Under Construction,1.0,7.0
H13583,1208.0,4.0,3.0,Mumbai,Villa,2001.0,100.6,2.0,Unfurnished,Under Construction,3.0,14.1
H11931,974.0,6.0,4.0,Coimbatore,Apartment,1996.0,128.05,1.0,Semi-Furnished,Under Construction,2.0,20.5
H10198,3720.0,1.0,1.0,Kochi,Apartment,,62.34,3.0,Furnished,Ready to Move,4.0,1.7
H12932,2772.0,1.0,5.0,Coimbatore,Apartment,2011.0,316.35,0.0,Furnished,Under Construction,1.0,34.3
H12328,3322.0,5.0,1.0,Hyderabad,Townhouse,2014.0,195.69,3.0,Semi-Furnished,Under Construction,4.0,21.9
H14390,1481.0,3.0,5.0,Chennai,Villa,2013.0,94.05,3.0,Unfurnished,Ready to Move,2.0,16.5
H10767,4193.0,5.0,2.0,Bangalore,Villa,2009.0,439.37,0.0,Furnished,Under Construction,4.0,32.9
H14497,3326.0,2.0,2.0,Coimbatore,Independent House,2003.0,238.55,0.0,Furnished,Under Construction,3.0,3.8
H14219,2445.0,6.0,1.0,Coimbatore,Independent House,1998.0,352.66,2.0,Furnished,Under Construction,1.0,33.1
H13256,592.0,,1.0,Coimbatore,Apartment,1997.0,360.64,1.0,Semi-Furnished,Under Construction,2.0,27.2
H10203,2246.0,5.0,4.0,Kochi,Independent House,2006.0,104.61,2.0,Furnished,Ready to Move,2.0,13.3
H13511,3868.0,4.0,4.0,Mumbai,Townhouse,2010.0,42.8,1.0,Furnished,Ready to Move,3.0,3.6
H11734,4456.0,6.0,5.0,Mumbai,Villa,2023.0,244.9,0.0,Furnished,Ready to Move,3.0,10.2
H12778,1459.0,5.0,2.0,Pune,Villa,2013.0,154.67,2.0,,Under Construction,1.0,11.7
H11708,4695.0,2.0,2.0,Hyderabad,Apartment,2023.0,237.29,0.0,Unfurnished,Under Construction,4.0,3.3
H13475,2880.0,5.0,1.0,Mumbai,Townhouse,2007.0,313.9,3.0,Unfurnished,Ready to Move,2.0,34.2
H10855,1153.0,3.0,3.0,Pune,Townhouse,2021.0,57.01,3.0,Semi-Furnished,Under Construction,2.0,19.2
H14098,4750.0,3.0,3.0,Pune,Villa,1999.0,334.74,1.0,Furnished,Under Construction,4.0,30.5
H12161,3160.0,3.0,3.0,Chennai,Independent House,1996.0,58.59,2.0,,Under Construction,1.0,8.7
H10699,4067.0,5.0,4.0,Hyderabad,Villa,2023.0,354.25,1.0,Semi-Furnished,Ready to Move,1.0,34.9
H14799,4086.0,3.0,2.0,Pune,Independent House,2024.0,366.22,3.0,Semi-Furnished,Ready to Move,2.0,5.8
H13000,3019.0,1.0,5.0,Mumbai,Villa,2017.0,425.67,1.0,Furnished,Under Construction,2.0,29.3
H13697,2985.0,3.0,3.0,Mumbai,Apartment,2008.0,395.0,1.0,Unfurnished,Under Construction,2.0,21.8
H11637,1511.0,4.0,1.0,Mumbai,Apartment,2016.0,187.59,3.0,Furnished,Under Construction,4.0,15.3
H13458,1372.0,1.0,1.0,Chennai,Townhouse,1998.0,114.83,2.0,Semi-Furnished,Ready to Move,2.0,31.6
H13582,4984.0,2.0,3.0,Hyderabad,Independent House,2024.0,133.39,1.0,Semi-Furnished,Under Construction,,17.3
H11292,3057.0,2.0,4.0,Pune,Villa,1998.0,273.77,2.0,Furnished,Ready to Move,4.0,32.3
H14660,1761.0,1.0,5.0,Hyderabad,Townhouse,2019.0,77.96,2.0,Semi-Furnished,Ready to Move,1.0,25.0
H11854,4773.0,6.0,2.0,Bangalore,Apartment,2014.0,53.96,0.0,Furnished,Under Construction,3.0,16.1
H13764,3452.0,1.0,3.0,Pune,Townhouse,1999.0,394.9,1.0,Furnished,Ready to Move,2.0,30.5
H13305,,1.0,5.0,Bangalore,Townhouse,2011.0,328.39,0.0,Semi-Furnished,Under Construction,1.0,30.1
H14768,3768.0,6.0,5.0,Mumbai,Townhouse,2023.0,347.38,1.0,Unfurnished,Ready to Move,1.0,16.7
H13744,4036.0,2.0,4.0,Bangalore,Townhouse,2012.0,183.31,1.0,Unfurnished,Ready to Move,4.0,9.5
H13446,1229.0,1.0,3.0,Hyderabad,Apartment,2017.0,232.46,2.0,Unfurnished,Ready to Move,1.0,12.3
H11999,1330.0,4.0,2.0,Chennai,Villa,2020.0,51.27,1.0,Unfurnished,Under Construction,4.0,26.6
H10664,2625.0,6.0,5.0,Kochi,Villa,,225.81,0.0,Furnished,Ready to Move,2.0,3.2
H13749,1541.0,5.0,3.0,Pune,Villa,2002.0,140.99,3.0,Unfurnished,Under Construction,2.0,32.6
H14414,2426.0,5.0,3.0,Mumbai,Townhouse,2011.0,64.26,3.0,Semi-Furnished,Ready to Move,2.0,15.6
H10710,555.0,5.0,5.0,Kochi,Townhouse,2000.0,102.53,1.0,Semi-Furnished,Under Construction,3.0,9.3
H11283,3302.0,3.0,2.0,Mumbai,Villa,1994.0,414.92,2.0,Unfurnished,Under Construction,3.0,4.6
H12676,1548.0,4.0,4.0,Pune,Villa,2020.0,86.62,1.0,Semi-Furnished,Under Construction,3.0,10.8
H14030,973.0,1.0,2.0,Mumbai,Independent House,2005.0,287.41,3.0,Furnished,Under Construction,3.0,21.8
H11307,3394.0,1.0,1.0,Mumbai,Villa,1990.0,371.69,2.0,Furnished,Ready to Move,3.0,6.3
H12238,4138.0,3.0,2.0,Mumbai,Apartment,2004.0,444.92,0.0,Unfurnished,Ready to Move,1.0,25.1
H13303,3166.0,2.0,2.0,Chennai,Villa,2003.0,186.48,3.0,Unfurnished,Under Construction,2.0,33.2
H12039,4858.0,6.0,1.0,Kochi,Villa,1993.0,361.4,0.0,Unfurnished,Ready to Move,4.0,7.1
H11530,3728.0,4.0,1.0,Mumbai,Apartment,2007.0,333.47,3.0,Furnished,Ready to Move,,7.0
H11664,1264.0,3.0,4.0,Kochi,Villa,1996.0,221.71,3.0,Unfurnished,Ready to Move,4.0,23.9
H14787,4046.0,4.0,4.0,Coimbatore,Independent House,2008.0,211.98,2.0,Furnished,Under Construction,3.0,31.2
H14805,3486.0,5.0,1.0,Mumbai,Independent House,2001.0,376.24,0.0,Semi-Furnished,Ready to Move,3.0,27.4
H13628,2505.0,3.0,3.0,Chennai,Independent House,2015.0,308.77,1.0,Semi-Furnished,,,14.2
H12694,4379.0,2.0,2.0,Bangalore,Townhouse,2001.0,447.61,3.0,Furnished,Ready to Move,1.0,3.0
H13061,4559.0,1.0,1.0,Mumbai,,2007.0,445.44,3.0,Furnished,Under Construction,4.0,29.7
H11598,3841.0,5.0,1.0,Kochi,Apartment,1992.0,345.38,2.0,Furnished,Under Construction,,2.4
H12730,1687.0,6.0,1.0,Chennai,Apartment,2023.0,353.24,3.0,Unfurnished,Ready to Move,1.0,12.3
H12626,2391.0,,1.0,Bangalore,Townhouse,2001.0,320.43,3.0,Furnished,Ready to Move,3.0,29.5
H13158,1130.0,4.0,4.0,Hyderabad,Independent House,2007.0,309.24,2.0,Unfurnished,Under Construction,1.0,31.6
H13315,2988.0,3.0,,Hyderabad,Townhouse,2021.0,250.52,3.0,Furnished,Under Construction,3.0,23.1
H11723,1537.0,6.0,5.0,Pune,Apartment,2006.0,334.35,2.0,Furnished,Ready to Move,1.0,13.1
H11060,4099.0,4.0,4.0,Coimbatore,Apartment,1996.0,237.79,0.0,Semi-Furnished,Ready to Move,2.0,28.2
H14637,,3.0,1.0,Chennai,Townhouse,2006.0,253.45,2.0,Semi-Furnished,Ready to Move,3.0,13.1
H13243,2453.0,4.0,4.0,Mumbai,Apartment,2005.0,233.13,2.0,Semi-Furnished,Under Construction,4.0,2.8
H11679,3186.0,2.0,1.0,Pune,Villa,2021.0,129.19,1.0,Semi-Furnished,Under Construction,1.0,28.5
H11758,,,3.0,Kochi,Independent House,2015.0,288.91,1.0,Unfurnished,Ready to Move,2.0,15.9
H14192,818.0,3.0,4.0,Mumbai,Townhouse,2013.0,249.24,0.0,Semi-Furnished,Ready to Move,4.0,19.9
H10564,3274.0,3.0,2.0,Kochi,Apartment,2016.0,336.98,2.0,Unfurnished,Under Construction,1.0,7.7
H12791,3105.0,3.0,5.0,Coimbatore,Townhouse,1990.0,115.75,1.0,Unfurnished,Ready to Move,3.0,26.7
H10864,4026.0,1.0,3.0,Hyderabad,Townhouse,1994.0,25.13,0.0,Furnished,Under Construction,3.0,22.8
H11485,3464.0,4.0,5.0,Kochi,Apartment,2020.0,,2.0,Furnished,Ready to Move,4.0,26.3
H10207,4749.0,3.0,4.0,Pune,Apartment,1994.0,36.09,3.0,Furnished,Under Construction,2.0,24.6
H14489,2301.0,4.0,1.0,Coimbatore,Independent House,2011.0,162.69,1.0,Semi-Furnished,Under Construction,1.0,5.2
H10871,2404.0,3.0,5.0,Bangalore,Villa,2000.0,385.17,2.0,Unfurnished,Under Construction,3.0,19.9
H14494,2258.0,1.0,4.0,,Apartment,2017.0,160.4,,Furnished,Under Construction,3.0,2.9
H10503,2402.0,6.0,1.0,Coimbatore,Independent House,1991.0,33.16,2.0,Furnished,Ready to Move,1.0,25.5
H11029,698.0,2.0,4.0,Hyderabad,Villa,1992.0,284.6,1.0,Unfurnished,Under Construction,2.0,27.1
H13841,1644.0,2.0,4.0,Coimbatore,Apartment,2024.0,125.5,1.0,Furnished,Under Construction,2.0,19.6
H12691,,3.0,4.0,Coimbatore,Independent House,1999.0,50.47,2.0,Semi-Furnished,Ready to Move,3.0,2.1
H11571,4953.0,6.0,1.0,Kochi,Townhouse,2007.0,75.38,1.0,Unfurnished,Under Construction,4.0,26.1
H12774,1931.0,2.0,2.0,Kochi,Villa,1995.0,382.05,3.0,Semi-Furnished,Ready to Move,2.0,9.1
H12732,4667.0,3.0,1.0,Hyderabad,Townhouse,2024.0,155.91,0.0,Unfurnished,Ready to Move,4.0,15.1
H10805,969.0,3.0,2.0,Mumbai,Independent House,2004.0,66.52,0.0,Unfurnished,Under Construction,4.0,33.6
H13646,2475.0,5.0,2.0,Bangalore,Townhouse,,188.38,3.0,Furnished,Under Construction,1.0,30.9
H12455,4824.0,5.0,5.0,Hyderabad,Independent House,1997.0,64.27,1.0,Unfurnished,Ready to Move,3.0,28.9
H14599,4973.0,1.0,2.0,Pune,Independent House,2006.0,227.32,1.0,Furnished,Ready to Move,2.0,16.1
H13105,703.0,5.0,1.0,Pune,Villa,2020.0,224.19,2.0,Furnished,Ready to Move,1.0,3.1
H10201,1704.0,6.0,5.0,Coimbatore,Villa,2004.0,253.43,0.0,Semi-Furnished,Under Construction,3.0,18.4
H13100,1242.0,1.0,4.0,Mumbai,Villa,2004.0,438.24,0.0,Furnished,Under Construction,4.0,29.5
H12279,2835.0,2.0,5.0,Hyderabad,Apartment,2006.0,124.11,3.0,Furnished,Ready to Move,2.0,12.9
H13562,4195.0,4.0,1.0,Coimbatore,Apartment,2015.0,200.36,,Furnished,Under Construction,3.0,5.1
H14475,4359.0,5.0,2.0,Hyderabad,Apartment,1994.0,274.45,2.0,Unfurnished,Under Construction,3.0,15.2
H14515,2914.0,6.0,1.0,Pune,,2025.0,,3.0,,Under Construction,2.0,29.8
H10392,1325.0,2.0,3.0,Kochi,Independent House,2019.0,331.1,,Furnished,Under Construction,1.0,26.8
H11496,2915.0,3.0,2.0,Hyderabad,Villa,1998.0,259.96,1.0,Semi-Furnished,Under Construction,4.0,27.1
H12696,1025.0,3.0,2.0,Hyderabad,Apartment,2016.0,126.65,2.0,Unfurnished,Ready to Move,2.0,32.4
H12028,851.0,5.0,5.0,Mumbai,Apartment,2025.0,209.2,3.0,Semi-Furnished,Under Construction,4.0,3.4
H12569,2874.0,3.0,,Mumbai,Townhouse,1996.0,255.48,,Semi-Furnished,Under Construction,2.0,16.7
H10065,4348.0,4.0,5.0,Kochi,Townhouse,1998.0,300.3,3.0,Semi-Furnished,Under Construction,3.0,13.5
H13885,2493.0,4.0,1.0,Bangalore,Apartment,2010.0,153.65,2.0,Furnished,Ready to Move,2.0,19.7
H12063,1064.0,2.0,3.0,Hyderabad,Townhouse,2024.0,,0.0,Unfurnished,Ready to Move,3.0,26.8
H10493,4835.0,1.0,4.0,Chennai,Apartment,1992.0,99.46,1.0,Semi-Furnished,Under Construction,3.0,16.8
H10380,1616.0,5.0,5.0,Hyderabad,Independent House,1990.0,394.68,0.0,Semi-Furnished,Under Construction,2.0,9.6
H13994,1667.0,,3.0,Kochi,Villa,2017.0,340.22,3.0,Semi-Furnished,Under Construction,4.0,1.8
H11077,3702.0,3.0,5.0,Pune,Apartment,1999.0,173.39,0.0,Semi-Furnished,Ready to Move,2.0,14.1
H10879,1124.0,5.0,3.0,Coimbatore,Apartment,2003.0,258.91,3.0,Semi-Furnished,Under Construction,1.0,25.7
H10338,1130.0,6.0,5.0,Pune,Villa,1999.0,389.28,2.0,Furnished,Ready to Move,1.0,3.1
H11017,4022.0,1.0,2.0,Bangalore,Independent House,2009.0,290.22,0.0,Furnished,Under Construction,4.0,6.9
H11276,2634.0,2.0,5.0,Pune,Apartment,2000.0,135.86,0.0,Furnished,Ready to Move,3.0,11.9
H13799,924.0,6.0,2.0,Bangalore,Villa,2004.0,442.83,0.0,Unfurnished,Under Construction,3.0,34.8
H14552,2655.0,1.0,3.0,Mumbai,Villa,2016.0,379.34,1.0,Furnished,Under Construction,1.0,30.0
H13343,3399.0,3.0,1.0,Mumbai,Townhouse,2011.0,152.19,0.0,Unfurnished,Under Construction,3.0,22.4
H10996,2626.0,2.0,1.0,Chennai,Townhouse,2022.0,330.25,1.0,Unfurnished,Ready to Move,4.0,13.6
H11982,3543.0,1.0,5.0,Mumbai,Townhouse,2019.0,341.15,2.0,Semi-Furnished,Ready to Move,3.0,13.1
H14298,3891.0,1.0,3.0,Coimbatore,Independent House,2002.0,443.71,0.0,Furnished,Ready to Move,4.0,28.7
H10162,747.0,2.0,1.0,Mumbai,Independent House,2023.0,211.03,3.0,Furnished,Under Construction,4.0,16.5
H11501,3705.0,1.0,1.0,Bangalore,Apartment,2025.0,210.97,1.0,Unfurnished,Under Construction,3.0,6.3
H13844,1312.0,1.0,,Chennai,Independent House,2000.0,79.08,0.0,Furnished,Under Construction,3.0,3.9
H12614,2013.0,,1.0,Pune,Apartment,1997.0,279.07,3.0,Furnished,Under Construction,3.0,
H13462,2187.0,5.0,5.0,Coimbatore,Apartment,,221.39,3.0,Semi-Furnished,Ready to Move,1.0,10.9
H11022,4775.0,5.0,5.0,Hyderabad,Apartment,2017.0,202.11,1.0,Furnished,Under Construction,4.0,6.2
H13074,2226.0,2.0,5.0,Chennai,Apartment,2025.0,217.17,0.0,Furnished,Under Construction,1.0,17.6
H13944,621.0,6.0,2.0,Mumbai,Townhouse,2011.0,310.15,2.0,Unfurnished,Under Construction,1.0,27.1
H11586,4599.0,5.0,4.0,Coimbatore,Townhouse,2005.0,336.25,2.0,Unfurnished,Ready to Move,4.0,29.7
H11956,3261.0,3.0,3.0,Coimbatore,Independent House,1994.0,186.44,0.0,,Under Construction,1.0,20.8
H13153,839.0,1.0,4.0,Bangalore,Independent House,,424.82,1.0,Unfurnished,Under Construction,1.0,13.2
H10035,3438.0,4.0,3.0,Coimbatore,Independent House,,273.13,3.0,Semi-Furnished,Ready to Move,3.0,4.1
H14015,3501.0,4.0,4.0,Chennai,Villa,2006.0,345.71,3.0,Semi-Furnished,Ready to Move,2.0,19.2
H10776,1150.0,,1.0,Hyderabad,Villa,,,1.0,Semi-Furnished,Ready to Move,3.0,32.8
H12557,4643.0,5.0,5.0,Chennai,Townhouse,2010.0,313.91,2.0,Furnished,Under Construction,4.0,28.6
H11479,4831.0,6.0,1.0,Hyderabad,Independent House,2022.0,215.04,3.0,Furnished,Ready to Move,3.0,8.3
H11364,4717.0,5.0,3.0,Coimbatore,Villa,2024.0,33.25,3.0,Furnished,Ready to Move,4.0,9.1
H12613,4249.0,4.0,5.0,Hyderabad,Apartment,2025.0,447.16,3.0,Unfurnished,Under Construction,2.0,8.0
H12825,2359.0,1.0,1.0,Mumbai,Villa,2016.0,156.01,2.0,Furnished,Under Construction,3.0,14.5
H12042,2036.0,2.0,5.0,Chennai,Villa,2006.0,76.98,0.0,Semi-Furnished,Ready to Move,3.0,18.7
H10242,566.0,6.0,3.0,Pune,Townhouse,1996.0,259.77,1.0,Semi-Furnished,Under Construction,4.0,5.8
H12062,1834.0,1.0,5.0,Pune,,2017.0,381.83,0.0,Unfurnished,Ready to Move,2.0,34.1
H12364,1189.0,6.0,4.0,Hyderabad,Independent House,2021.0,347.38,1.0,Semi-Furnished,Under Construction,2.0,3.0
H10601,2678.0,6.0,5.0,Mumbai,Villa,2007.0,178.04,1.0,Semi-Furnished,Ready to Move,1.0,34.8
H12436,4490.0,1.0,5.0,Coimbatore,Villa,2005.0,53.55,1.0,Unfurnished,Under Construction,2.0,23.8
H12889,1089.0,2.0,3.0,Hyderabad,Independent House,1994.0,104.09,1.0,Semi-Furnished,Ready to Move,4.0,4.4
H10647,1826.0,4.0,4.0,Coimbatore,Townhouse,2010.0,112.88,2.0,Furnished,Ready to Move,2.0,4.5
H13891,,1.0,4.0,Kochi,Independent House,1994.0,331.63,1.0,Unfurnished,Under Construction,3.0,11.7
H13557,4950.0,4.0,4.0,Bangalore,Villa,2023.0,49.2,3.0,Unfurnished,Ready to Move,4.0,30.4
H13203,1526.0,2.0,4.0,Coimbatore,Apartment,2020.0,46.42,0.0,Furnished,Ready to Move,4.0,15.1
H11529,3742.0,5.0,5.0,Hyderabad,Apartment,1996.0,372.88,3.0,Furnished,Under Construction,3.0,19.4
H11268,3064.0,1.0,3.0,Kochi,Apartment,2004.0,407.23,2.0,Semi-Furnished,Under Construction,4.0,14.4
H11900,3195.0,4.0,2.0,Bangalore,Townhouse,1994.0,106.17,3.0,Furnished,Under Construction,2.0,12.9
H14659,3110.0,1.0,4.0,Kochi,Independent House,2019.0,96.32,1.0,Semi-Furnished,Ready to Move,1.0,16.2
H13006,4195.0,2.0,2.0,Bangalore,Villa,2015.0,292.84,,Unfurnished,Ready to Move,4.0,19.8
H12735,4187.0,2.0,1.0,Pune,Villa,1995.0,277.78,3.0,Furnished,Ready to Move,1.0,20.8
H10190,1173.0,2.0,3.0,Chennai,Villa,2012.0,242.22,2.0,Furnished,Ready to Move,2.0,29.6
H11807,3106.0,2.0,4.0,Hyderabad,Villa,2000.0,301.86,2.0,Semi-Furnished,Under Construction,,1.3
H10976,3451.0,2.0,5.0,Pune,Independent House,1991.0,334.24,0.0,Furnished,Under Construction,2.0,1.4
H12748,4664.0,1.0,2.0,Mumbai,Independent House,2016.0,170.71,0.0,Semi-Furnished,Ready to Move,1.0,25.6
H12048,3018.0,5.0,4.0,Hyderabad,Apartment,2014.0,,3.0,Semi-Furnished,Ready to Move,,26.7
H12559,3016.0,5.0,3.0,Pune,Apartment,2011.0,435.13,1.0,Unfurnished,Ready to Move,1.0,27.8
H11083,,5.0,2.0,Pune,Apartment,2022.0,329.53,1.0,Semi-Furnished,Ready to Move,3.0,27.9
H10475,2360.0,2.0,1.0,Pune,Villa,2001.0,76.16,0.0,Unfurnished,Under Construction,1.0,25.7
H12905,2365.0,4.0,1.0,Chennai,Villa,1994.0,304.51,3.0,Semi-Furnished,Ready to Move,1.0,8.6
H14118,3475.0,5.0,2.0,Hyderabad,Independent House,1994.0,,0.0,Semi-Furnished,Under Construction,4.0,20.9
H13386,1409.0,4.0,5.0,Hyderabad,Independent House,2012.0,261.01,3.0,Semi-Furnished,Under Construction,4.0,7.3
H14556,4653.0,4.0,5.0,Kochi,Townhouse,2024.0,107.0,3.0,Unfurnished,Ready to Move,4.0,29.0
H11185,2463.0,3.0,5.0,Mumbai,Villa,2022.0,319.69,,Semi-Furnished,Ready to Move,1.0,8.5
H12434,1898.0,2.0,3.0,Mumbai,Villa,2018.0,336.23,1.0,Semi-Furnished,Under Construction,3.0,27.6
H12392,973.0,4.0,4.0,Hyderabad,Independent House,1994.0,366.86,0.0,Furnished,Ready to Move,,21.7
H10770,1802.0,4.0,2.0,Pune,Townhouse,2000.0,190.64,0.0,Unfurnished,Ready to Move,4.0,20.2
H11686,4204.0,2.0,1.0,Pune,Apartment,2013.0,444.39,3.0,Furnished,Under Construction,4.0,24.2
H10131,1213.0,1.0,5.0,Hyderabad,Villa,2023.0,61.89,2.0,Unfurnished,,1.0,32.1
H12920,4454.0,3.0,3.0,Mumbai,Apartment,1996.0,171.44,2.0,Furnished,Ready to Move,3.0,28.3
H13172,891.0,6.0,5.0,Mumbai,Apartment,2001.0,218.57,0.0,Furnished,Under Construction,3.0,14.9
H13445,2591.0,2.0,2.0,Coimbatore,Townhouse,1997.0,126.31,2.0,Semi-Furnished,Ready to Move,4.0,27.7
H14427,3728.0,1.0,,Pune,Villa,2016.0,249.98,3.0,Semi-Furnished,Ready to Move,,33.5
H10467,2230.0,6.0,4.0,Kochi,Apartment,2003.0,393.38,,Furnished,Ready to Move,3.0,7.1
H13093,3980.0,4.0,1.0,Pune,Townhouse,2025.0,440.9,2.0,Semi-Furnished,Ready to Move,4.0,23.6
H13773,1587.0,3.0,1.0,Mumbai,Villa,2003.0,127.91,,Furnished,Ready to Move,1.0,5.5
H10861,4347.0,4.0,3.0,Chennai,Apartment,1994.0,144.41,3.0,Unfurnished,Under Construction,3.0,3.4
