Application_ID,Application_Date,Age,Annual_Income,Employment_Years,Credit_Score,Loan_Amount,Loan_Term_Months,Existing_Loans,Debt_to_Income,Employment_Type,Education_Level,Loan_Purpose,Approval_Status,Approval_Decision_Date,Post_Approval_Review,Final_Loan_Status
APP100001,2023-01-01 00:00:00.000000000,59,736192.0,10,672.0,609239.0,36,3,0.287,Salaried,High School,Vehicle,0,2023-01-04 00:00:00.000000000,Rejected_Review,Closed
APP100002,2023-01-01 10:42:27.249083027,49,903644.0,4,704.0,656329.0,12,0,0.253,Self-Employed,Master,Education,0,2023-01-05 10:42:27.249083027,Rejected_Review,Rejected
APP100003,2023-01-01 21:24:54.498166055,35,394505.0,13,785.0,687034.0,24,4,0.443,Salaried,Master,Education,0,2023-01-05 21:24:54.498166055,Rejected_Review,Rejected
APP100004,2023-01-02 08:07:21.747249083,63,445435.0,8,850.0,664802.0,60,1,0.249,Salaried,High School,Personal,0,2023-01-05 08:07:21.747249083,Rejected_Review,Rejected
APP100005,2023-01-02 18:49:48.996332110,28,690458.0,6,589.0,924645.0,60,1,0.28,Salaried,Bachelor,Home,0,2023-01-09 18:49:48.996332110,Standard_Review,Rejected
APP100006,2023-01-03 05:32:16.245415138,41,683842.0,11,782.0,558406.0,24,3,0.131,Salaried,Diploma,Business,0,2023-01-06 05:32:16.245415138,Rejected_Review,Rejected
APP100007,2023-01-03 16:14:43.494498166,59,312996.0,3,688.0,840304.0,24,3,0.47,Self-Employed,Master,Home,0,2023-01-07 16:14:43.494498166,Standard_Review,Rejected
APP100008,2023-01-04 02:57:10.743581193,39,699017.0,12,637.0,825509.0,48,0,0.291,Salaried,High School,Home,0,2023-01-08 02:57:10.743581193,Rejected_Review,Rejected
APP100009,2023-01-04 13:39:37.992664221,43,496561.0,11,714.0,807639.0,36,2,0.388,Business,High School,Education,0,2023-01-08 13:39:37.992664221,Rejected_Review,Rejected
APP100010,2023-01-05 00:22:05.241747249,31,1360277.0,9,605.0,911416.0,48,3,0.195,Contract,High School,Personal,0,2023-01-06 00:22:05.241747249,Rejected_Review,Rejected
APP100011,2023-01-05 11:04:32.490830276,31,727135.0,4,609.0,806030.0,24,0,0.264,Salaried,High School,Home,0,2023-01-10 11:04:32.490830276,Rejected_Review,Rejected
APP100012,2023-01-05 21:46:59.739913304,44,785747.0,10,577.0,669308.0,60,1,0.296,Business,Bachelor,Medical,0,2023-01-10 21:46:59.739913304,Rejected_Review,Rejected
APP100013,2023-01-06 08:29:26.988996332,56,794954.0,13,725.0,371150.0,48,2,0.221,Salaried,Master,Personal,0,2023-01-10 08:29:26.988996332,Rejected_Review,Rejected
APP100014,2023-01-06 19:11:54.238079359,60,376420.0,7,711.0,1379772.0,24,1,0.618,Self-Employed,Bachelor,Business,0,2023-01-11 19:11:54.238079359,Rejected_Review,Rejected
APP100015,2023-01-07 05:54:21.487162387,44,1558871.0,8,637.0,1633358.0,36,4,0.335,Salaried,Diploma,Vehicle,0,2023-01-11 05:54:21.487162387,Rejected_Review,Rejected
APP100016,2023-01-07 16:36:48.736245415,23,313144.0,4,789.0,584862.0,24,1,0.425,Business,Bachelor,Personal,0,2023-01-08 16:36:48.736245415,Rejected_Review,Rejected
APP100017,2023-01-08 03:19:15.985328442,42,929864.0,8,647.0,879439.0,36,3,0.411,Salaried,Bachelor,Business,0,2023-01-14 03:19:15.985328442,Rejected_Review,Rejected
APP100018,2023-01-08 14:01:43.234411470,22,858658.0,3,773.0,532335.0,48,3,0.256,Business,Bachelor,Vehicle,0,2023-01-09 14:01:43.234411470,Rejected_Review,Rejected
APP100019,2023-01-09 00:44:10.483494498,44,524435.0,10,698.0,488320.0,36,0,0.293,Business,Bachelor,Business,0,2023-01-11 00:44:10.483494498,Rejected_Review,Rejected
APP100020,2023-01-09 11:26:37.732577525,64,877323.0,8,646.0,719631.0,48,3,0.227,Salaried,Bachelor,Education,0,2023-01-15 11:26:37.732577525,Rejected_Review,Rejected
APP100021,2023-01-09 22:09:04.981660553,50,563442.0,4,683.0,2849242.0,36,0,0.75,Salaried,Bachelor,Education,0,2023-01-10 22:09:04.981660553,Standard_Review,Rejected
APP100022,2023-01-10 08:51:32.230743581,58,479630.0,11,609.0,1554258.0,48,1,0.449,Business,Bachelor,Personal,0,2023-01-14 08:51:32.230743581,Rejected_Review,Rejected
APP100023,2023-01-10 19:33:59.479826609,22,802935.0,6,704.0,1442088.0,36,1,0.322,Salaried,Bachelor,Personal,0,2023-01-18 19:33:59.479826609,Rejected_Review,Closed
APP100024,2023-01-11 06:16:26.728909636,41,413236.0,7,692.0,907294.0,48,1,0.492,Contract,High School,Vehicle,0,2023-01-15 06:16:26.728909636,Rejected_Review,Rejected
APP100025,2023-01-11 16:58:53.977992664,53,587607.0,7,724.0,442446.0,24,2,0.132,Contract,Master,Vehicle,0,2023-01-12 16:58:53.977992664,Rejected_Review,Rejected
APP100026,2023-01-12 03:41:21.227075692,32,497499.0,6,747.0,1175546.0,36,0,0.531,Self-Employed,Diploma,Personal,0,2023-01-18 03:41:21.227075692,Standard_Review,Rejected
APP100027,2023-01-12 14:23:48.476158719,42,558794.0,4,698.0,169013.0,36,2,0.165,Salaried,Bachelor,Business,0,2023-01-17 14:23:48.476158719,Rejected_Review,Rejected
APP100028,2023-01-13 01:06:15.725241747,64,789737.0,8,594.0,851090.0,36,0,0.216,Salaried,Master,Vehicle,0,2023-01-17 01:06:15.725241747,Rejected_Review,Rejected
APP100029,2023-01-13 11:48:42.974324775,45,497456.0,10,751.0,1211990.0,36,0,0.423,Business,Diploma,Vehicle,0,2023-01-14 11:48:42.974324775,Rejected_Review,Rejected
APP100030,2023-01-13 22:31:10.223407802,47,596111.0,10,691.0,755079.0,36,2,0.343,Salaried,High School,Education,0,2023-01-20 22:31:10.223407802,Rejected_Review,Rejected
APP100031,2023-01-14 09:13:37.472490830,62,518301.0,3,567.0,1604819.0,60,0,0.528,Salaried,Bachelor,Education,0,2023-01-22 09:13:37.472490830,Rejected_Review,Rejected
APP100032,2023-01-14 19:56:04.721573858,48,1244851.0,6,710.0,343139.0,24,2,0.317,Salaried,Diploma,Medical,0,2023-01-18 19:56:04.721573858,Rejected_Review,Closed
APP100033,2023-01-15 06:38:31.970656885,36,758352.0,4,715.0,1558421.0,48,2,0.427,Contract,Bachelor,Medical,0,2023-01-18 06:38:31.970656885,Standard_Review,Rejected
APP100034,2023-01-15 17:20:59.219739913,35,717666.0,7,667.0,646921.0,36,1,0.294,Salaried,Master,Vehicle,0,2023-01-20 17:20:59.219739913,Standard_Review,Rejected
APP100035,2023-01-16 04:03:26.468822941,64,884047.0,2,677.0,1445878.0,36,2,0.384,Business,Bachelor,Vehicle,0,2023-01-21 04:03:26.468822941,Rejected_Review,Rejected
APP100036,2023-01-16 14:45:53.717905968,23,497508.0,2,651.0,1165819.0,48,1,0.441,Salaried,Bachelor,Personal,0,2023-01-21 14:45:53.717905968,Rejected_Review,Closed
APP100037,2023-01-17 01:28:20.966988996,57,956842.0,4,717.0,1492362.0,60,5,0.32,Salaried,Bachelor,Personal,1,2023-01-21 01:28:20.966988996,Approved_Review,Disbursed
APP100038,2023-01-17 12:10:48.216072024,27,,13,699.0,1140034.0,36,2,0.337,Business,Master,Home,0,2023-01-22 12:10:48.216072024,Rejected_Review,Rejected
APP100039,2023-01-17 22:53:15.465155051,41,322006.0,7,631.0,989350.0,60,0,0.535,Salaried,Master,Vehicle,0,2023-01-22 22:53:15.465155051,Rejected_Review,Rejected
APP100040,2023-01-18 09:35:42.714238079,29,341845.0,4,795.0,1385979.0,24,1,0.633,Salaried,Doctorate,Education,0,2023-01-27 09:35:42.714238079,Rejected_Review,Rejected
APP100041,2023-01-18 20:18:09.963321107,59,502421.0,8,647.0,719690.0,48,1,0.41,Business,Bachelor,Medical,0,2023-01-23 20:18:09.963321107,Rejected_Review,Rejected
APP100042,2023-01-19 07:00:37.212404134,38,358712.0,7,514.0,946008.0,36,2,0.547,,High School,Personal,0,2023-01-23 07:00:37.212404134,Rejected_Review,Rejected
APP100043,2023-01-19 17:43:04.461487162,24,583910.0,14,659.0,698735.0,36,0,0.211,Salaried,Bachelor,Home,0,2023-01-20 17:43:04.461487162,Rejected_Review,Rejected
APP100044,2023-01-20 04:25:31.710570190,45,411904.0,8,757.0,496788.0,36,2,0.363,Salaried,Master,Personal,0,2023-01-21 04:25:31.710570190,Standard_Review,Closed
APP100045,2023-01-20 15:07:58.959653218,34,622035.0,5,677.0,911010.0,36,3,0.324,Self-Employed,High School,Personal,0,2023-01-24 15:07:58.959653218,Rejected_Review,Rejected
APP100046,2023-01-21 01:50:26.208736245,29,1226895.0,10,584.0,772362.0,36,2,0.204,Business,Master,Education,0,2023-01-25 01:50:26.208736245,Standard_Review,Rejected
APP100047,2023-01-21 12:32:53.457819273,46,635717.0,3,623.0,1312340.0,36,2,0.447,Salaried,Bachelor,Business,0,2023-01-23 12:32:53.457819273,Rejected_Review,Rejected
APP100048,2023-01-21 23:15:20.706902301,22,567158.0,6,620.0,635844.0,48,3,0.304,Salaried,Master,Personal,0,2023-01-23 23:15:20.706902301,Rejected_Review,Rejected
APP100049,2023-01-22 09:57:47.955985328,40,774085.0,5,653.0,478538.0,36,2,0.161,Salaried,Master,Personal,0,2023-01-27 09:57:47.955985328,Rejected_Review,Rejected
APP100050,2023-01-22 20:40:15.205068356,48,475128.0,3,673.0,1303209.0,36,2,0.536,Salaried,Bachelor,Personal,0,2023-01-25 20:40:15.205068356,Rejected_Review,Rejected
APP100051,2023-01-23 07:22:42.454151384,27,950044.0,4,722.0,722524.0,24,2,0.235,Self-Employed,Master,Business,0,2023-01-25 07:22:42.454151384,Rejected_Review,Rejected
APP100052,2023-01-23 18:05:09.703234411,64,812258.0,5,698.0,471286.0,48,5,0.275,Salaried,Master,Medical,0,2023-01-25 18:05:09.703234411,Standard_Review,Rejected
APP100053,2023-01-24 04:47:36.952317439,28,661468.0,7,701.0,1401927.0,48,1,0.403,Business,Bachelor,Vehicle,0,2023-01-26 04:47:36.952317439,Rejected_Review,Rejected
APP100054,2023-01-24 15:30:04.201400467,55,696742.0,1,806.0,1112606.0,24,1,0.398,Contract,Master,Home,0,2023-01-27 15:30:04.201400467,Rejected_Review,Rejected
APP100055,2023-01-25 02:12:31.450483494,34,1629059.0,6,746.0,1764278.0,36,2,0.346,Business,High School,Home,0,2023-01-29 02:12:31.450483494,Rejected_Review,Rejected
APP100056,2023-01-25 12:54:58.699566522,37,993280.0,7,740.0,590295.0,36,0,0.305,Salaried,Master,Home,1,2023-01-29 12:54:58.699566522,Approved_Review,Disbursed
APP100057,2023-01-25 23:37:25.948649550,56,1748930.0,11,572.0,550415.0,60,3,0.145,Self-Employed,Bachelor,Vehicle,0,2023-01-28 23:37:25.948649550,Rejected_Review,Rejected
APP100058,2023-01-26 10:19:53.197732577,60,825828.0,3,641.0,406586.0,48,1,0.337,,Bachelor,Education,1,2023-01-27 10:19:53.197732577,Approved_Review,Pending_Disbursement
APP100059,2023-01-26 21:02:20.446815605,24,335195.0,9,586.0,527225.0,12,1,0.329,Salaried,Master,Personal,0,2023-01-28 21:02:20.446815605,Rejected_Review,Rejected
APP100060,2023-01-27 07:44:47.695898633,22,577665.0,4,640.0,577033.0,60,1,0.186,Business,Bachelor,Personal,0,2023-01-30 07:44:47.695898633,Rejected_Review,Rejected
APP100061,2023-01-27 18:27:14.944981661,26,302439.0,3,742.0,984940.0,12,2,0.554,Business,Bachelor,Personal,0,2023-02-02 18:27:14.944981661,Rejected_Review,Rejected
APP100062,2023-01-28 05:09:42.194064688,62,824444.0,5,664.0,439833.0,36,2,0.201,Salaried,Diploma,Personal,0,2023-02-01 05:09:42.194064688,Rejected_Review,Rejected
APP100063,2023-01-28 15:52:09.443147716,24,909054.0,5,760.0,502408.0,60,1,0.175,Salaried,Master,Education,1,2023-02-02 15:52:09.443147716,Approved_Review,Disbursed
APP100064,2023-01-29 02:34:36.692230744,49,436291.0,3,735.0,1635018.0,60,1,0.603,Salaried,Bachelor,Vehicle,0,2023-02-05 02:34:36.692230744,Rejected_Review,Closed
APP100065,2023-01-29 13:17:03.941313771,38,483928.0,13,693.0,161679.0,48,1,0.243,Salaried,High School,Education,0,2023-02-02 13:17:03.941313771,Rejected_Review,Rejected
APP100066,2023-01-29 23:59:31.190396799,46,694999.0,6,,889990.0,36,4,0.327,Business,Bachelor,Home,0,2023-02-02 23:59:31.190396799,Rejected_Review,Rejected
APP100067,2023-01-30 10:41:58.439479827,64,379110.0,11,779.0,367187.0,36,1,0.36,Contract,Bachelor,Personal,0,2023-02-03 10:41:58.439479827,Rejected_Review,Rejected
APP100068,2023-01-30 21:24:25.688562854,54,366519.0,7,720.0,467993.0,60,2,0.295,Contract,Bachelor,Business,0,2023-02-03 21:24:25.688562854,Rejected_Review,Rejected
APP100069,2023-01-31 08:06:52.937645882,30,1134965.0,18,705.0,1426189.0,48,2,0.331,Salaried,Diploma,Home,0,2023-02-02 08:06:52.937645882,Rejected_Review,Rejected
APP100070,2023-01-31 18:49:20.186728910,56,684434.0,13,731.0,725505.0,36,0,0.295,Contract,Bachelor,Education,0,2023-02-05 18:49:20.186728910,Rejected_Review,Rejected
APP100071,2023-02-01 05:31:47.435811937,34,505639.0,5,599.0,2642864.0,36,1,0.75,Business,Doctorate,Vehicle,0,2023-02-05 05:31:47.435811937,Rejected_Review,Closed
APP100072,2023-02-01 16:14:14.684894965,51,303542.0,4,682.0,957654.0,60,0,0.458,Business,Master,Home,0,2023-02-03 16:14:14.684894965,Standard_Review,Rejected
APP100073,2023-02-02 02:56:41.933977993,35,953873.0,8,688.0,462314.0,60,3,0.169,Contract,Master,Education,0,2023-02-06 02:56:41.933977993,Rejected_Review,Rejected
APP100074,2023-02-02 13:39:09.183061020,28,477679.0,8,666.0,925144.0,48,1,0.528,Salaried,Master,Personal,0,2023-02-03 13:39:09.183061020,Standard_Review,Rejected
APP100075,2023-02-03 00:21:36.432144048,34,1501591.0,6,639.0,1231596.0,48,3,0.233,Salaried,Diploma,Personal,0,2023-02-04 00:21:36.432144048,Rejected_Review,Rejected
APP100076,2023-02-03 11:04:03.681227076,43,956865.0,16,755.0,908729.0,12,1,0.154,Salaried,Bachelor,Personal,0,2023-02-09 11:04:03.681227076,Rejected_Review,Rejected
APP100077,2023-02-03 21:46:30.930310103,60,,14,701.0,628540.0,48,0,0.456,Salaried,Master,Business,0,2023-02-07 21:46:30.930310103,Rejected_Review,Rejected
APP100078,2023-02-04 08:28:58.179393131,41,471072.0,7,707.0,300531.0,48,1,0.159,Self-Employed,Diploma,Education,0,2023-02-11 08:28:58.179393131,Rejected_Review,Rejected
APP100079,2023-02-04 19:11:25.428476159,36,1410649.0,13,783.0,595772.0,12,2,0.208,Salaried,High School,Personal,0,2023-02-08 19:11:25.428476159,Rejected_Review,Rejected
APP100080,2023-02-05 05:53:52.677559186,65,625816.0,4,677.0,1611448.0,60,1,0.534,Salaried,Bachelor,Personal,0,2023-02-09 05:53:52.677559186,Rejected_Review,Rejected
APP100081,2023-02-05 16:36:19.926642214,38,515936.0,8,665.0,469995.0,60,0,0.322,Salaried,Bachelor,Business,0,2023-02-09 16:36:19.926642214,Rejected_Review,Rejected
APP100082,2023-02-06 03:18:47.175725242,44,658159.0,6,778.0,569734.0,36,2,0.193,Contract,High School,Personal,0,2023-02-08 03:18:47.175725242,Standard_Review,Rejected
APP100083,2023-02-06 14:01:14.424808269,46,514869.0,5,593.0,1150239.0,60,2,0.585,Salaried,Bachelor,Vehicle,0,2023-02-11 14:01:14.424808269,Rejected_Review,Closed
APP100084,2023-02-07 00:43:41.673891297,45,724473.0,3,693.0,954256.0,48,1,0.345,Salaried,Master,Home,0,2023-02-10 00:43:41.673891297,Rejected_Review,Rejected
APP100085,2023-02-07 11:26:08.922974325,65,628196.0,9,642.0,363628.0,48,0,0.217,Salaried,Diploma,Medical,0,2023-02-12 11:26:08.922974325,Rejected_Review,Rejected
APP100086,2023-02-07 22:08:36.172057353,61,963865.0,3,709.0,662998.0,60,0,0.163,Salaried,Bachelor,Business,0,2023-02-09 22:08:36.172057353,Rejected_Review,Rejected
APP100087,2023-02-08 08:51:03.421140380,49,545724.0,10,727.0,1414548.0,36,0,0.495,Self-Employed,Bachelor,Personal,0,2023-02-13 08:51:03.421140380,Rejected_Review,Rejected
APP100088,2023-02-08 19:33:30.670223408,35,436507.0,6,731.0,709329.0,48,0,0.45,Self-Employed,Master,Vehicle,0,2023-02-13 19:33:30.670223408,Rejected_Review,Closed
APP100089,2023-02-09 06:15:57.919306436,65,555534.0,21,757.0,1431812.0,36,1,0.439,Salaried,Bachelor,Home,0,2023-02-15 06:15:57.919306436,Rejected_Review,Rejected
APP100090,2023-02-09 16:58:25.168389463,21,554011.0,9,674.0,1472870.0,48,1,0.346,Business,Diploma,Education,0,2023-02-14 16:58:25.168389463,Rejected_Review,Rejected
APP100091,2023-02-10 03:40:52.417472491,45,627712.0,8,678.0,440209.0,36,0,0.185,Salaried,High School,Home,1,2023-02-14 03:40:52.417472491,Standard_Review,Disbursed
APP100092,2023-02-10 14:23:19.666555519,27,864815.0,8,724.0,603990.0,24,0,0.211,Business,Bachelor,Home,0,2023-02-17 14:23:19.666555519,Rejected_Review,Rejected
APP100093,2023-02-11 01:05:46.915638546,29,843813.0,2,748.0,972512.0,36,1,0.182,Business,High School,Education,0,2023-02-16 01:05:46.915638546,Standard_Review,Rejected
APP100094,2023-02-11 11:48:14.164721574,44,1115233.0,1,605.0,324484.0,36,3,0.222,Business,Bachelor,Business,0,2023-02-12 11:48:14.164721574,Standard_Review,Rejected
APP100095,2023-02-11 22:30:41.413804602,21,451151.0,5,710.0,626128.0,24,0,0.368,Salaried,Bachelor,Medical,0,2023-02-14 22:30:41.413804602,Rejected_Review,Rejected
APP100096,2023-02-12 09:13:08.662887629,64,774251.0,7,664.0,919816.0,24,2,0.242,Salaried,Diploma,Personal,0,2023-02-16 09:13:08.662887629,Rejected_Review,Closed
APP100097,2023-02-12 19:55:35.911970657,28,901686.0,12,696.0,512835.0,48,1,0.277,Salaried,Bachelor,Home,0,2023-02-19 19:55:35.911970657,Standard_Review,Rejected
APP100098,2023-02-13 06:38:03.161053685,44,479898.0,5,667.0,939299.0,60,4,0.321,Salaried,Bachelor,Personal,0,2023-02-16 06:38:03.161053685,Rejected_Review,Rejected
APP100099,2023-02-13 17:20:30.410136712,31,592019.0,30,643.0,518528.0,60,0,0.162,Salaried,High School,Business,0,2023-02-16 17:20:30.410136712,Standard_Review,Rejected
APP100100,2023-02-14 04:02:57.659219740,37,295740.0,4,624.0,515663.0,60,5,0.285,Salaried,Master,Business,0,2023-02-15 04:02:57.659219740,Rejected_Review,Rejected
APP100101,2023-02-14 14:45:24.908302768,28,977559.0,5,680.0,1015537.0,60,2,0.217,Salaried,Doctorate,Home,0,2023-02-21 14:45:24.908302768,Rejected_Review,Rejected
APP100102,2023-02-15 01:27:52.157385795,55,589927.0,6,713.0,1387284.0,12,2,0.487,Salaried,Diploma,Vehicle,0,2023-02-22 01:27:52.157385795,Rejected_Review,Rejected
APP100103,2023-02-15 12:10:19.406468823,55,934420.0,6,651.0,490639.0,48,1,0.252,Contract,High School,Personal,0,2023-02-17 12:10:19.406468823,Rejected_Review,Closed
APP100104,2023-02-15 22:52:46.655551851,53,713152.0,3,767.0,381992.0,48,4,0.15,Self-Employed,Doctorate,Vehicle,0,2023-02-16 22:52:46.655551851,Rejected_Review,Rejected
APP100105,2023-02-16 09:35:13.904634878,25,598034.0,8,850.0,687081.0,24,0,0.241,,Master,Home,1,2023-02-22 09:35:13.904634878,Approved_Review,Disbursed
APP100106,2023-02-16 20:17:41.153717906,62,,7,717.0,884065.0,48,2,0.608,Business,Master,Education,0,2023-02-23 20:17:41.153717906,Rejected_Review,Rejected
APP100107,2023-02-17 07:00:08.402800934,59,343863.0,9,687.0,488196.0,36,0,0.378,Contract,Bachelor,Education,0,2023-02-20 07:00:08.402800934,Rejected_Review,Rejected
APP100108,2023-02-17 17:42:35.651883961,61,202362.0,1,631.0,1605876.0,60,3,0.75,Salaried,Bachelor,Personal,0,2023-02-21 17:42:35.651883961,Rejected_Review,Closed
APP100109,2023-02-18 04:25:02.900966989,48,504615.0,7,714.0,650447.0,48,0,0.398,Salaried,Master,Personal,0,2023-02-23 04:25:02.900966989,Rejected_Review,Rejected
APP100110,2023-02-18 15:07:30.150050017,27,1811996.0,1,786.0,486091.0,60,3,0.34,Salaried,Bachelor,Personal,0,2023-02-20 15:07:30.150050017,Standard_Review,Rejected
APP100111,2023-02-19 01:49:57.399133045,29,364088.0,6,817.0,1838916.0,24,1,0.75,Business,Bachelor,Personal,0,2023-02-21 01:49:57.399133045,Rejected_Review,Closed
APP100112,2023-02-19 12:32:24.648216072,28,198905.0,8,781.0,1318634.0,12,2,0.75,Salaried,Master,Personal,0,2023-02-22 12:32:24.648216072,Rejected_Review,Rejected
APP100113,2023-02-19 23:14:51.897299100,32,1002421.0,10,745.0,486563.0,60,2,0.178,Business,Master,Home,0,2023-02-21 23:14:51.897299100,Rejected_Review,Rejected
APP100114,2023-02-20 09:57:19.146382128,54,1883045.0,5,717.0,1193506.0,24,0,0.204,Self-Employed,Doctorate,Home,0,2023-03-02 09:57:19.146382128,Standard_Review,Closed
APP100115,2023-02-20 20:39:46.395465155,53,,5,622.0,504293.0,36,2,0.285,Self-Employed,Bachelor,Vehicle,1,2023-02-26 20:39:46.395465155,Standard_Review,Disbursed
APP100116,2023-02-21 07:22:13.644548183,43,740186.0,3,684.0,1027484.0,48,1,0.272,Salaried,Diploma,Home,0,2023-02-24 07:22:13.644548183,Rejected_Review,Rejected
APP100117,2023-02-21 18:04:40.893631211,44,565395.0,1,676.0,1702312.0,60,3,0.565,Salaried,High School,Personal,0,2023-02-25 18:04:40.893631211,Rejected_Review,Rejected
APP100118,2023-02-22 04:47:08.142714239,57,289906.0,7,684.0,382474.0,36,1,0.308,Salaried,Master,Home,1,2023-02-23 04:47:08.142714239,Approved_Review,Disbursed
APP100119,2023-02-22 15:29:35.391797266,55,338374.0,1,643.0,534962.0,12,2,0.298,Salaried,Diploma,Vehicle,0,2023-02-27 15:29:35.391797266,Rejected_Review,Rejected
APP100120,2023-02-23 02:12:02.640880294,64,563650.0,7,739.0,540862.0,36,2,0.29,Self-Employed,High School,Vehicle,0,2023-02-28 02:12:02.640880294,Rejected_Review,Rejected
APP100121,2023-02-23 12:54:29.889963322,60,517064.0,3,672.0,799418.0,36,1,0.32,Business,Master,Business,0,2023-02-26 12:54:29.889963322,Standard_Review,Rejected
APP100122,2023-02-23 23:36:57.139046349,42,617170.0,1,667.0,886914.0,36,2,0.278,Business,Bachelor,Business,0,2023-02-26 23:36:57.139046349,Rejected_Review,Rejected
APP100123,2023-02-24 10:19:24.388129377,47,944040.0,4,643.0,669499.0,60,2,0.233,Salaried,Master,Medical,0,2023-02-26 10:19:24.388129377,Standard_Review,Rejected
APP100124,2023-02-24 21:01:51.637212405,55,500269.0,4,705.0,301920.0,48,3,0.221,Salaried,Bachelor,Education,0,2023-03-03 21:01:51.637212405,Rejected_Review,Rejected
APP100125,2023-02-25 07:44:18.886295432,21,952743.0,3,787.0,378257.0,60,0,0.164,Business,Bachelor,Business,0,2023-03-04 07:44:18.886295432,Rejected_Review,Rejected
APP100126,2023-02-25 18:26:46.135378460,55,501745.0,5,689.0,450026.0,24,0,0.201,Contract,High School,Home,0,2023-03-02 18:26:46.135378460,Rejected_Review,Rejected
APP100127,2023-02-26 05:09:13.384461488,57,1037096.0,7,708.0,926143.0,48,6,0.263,Salaried,Bachelor,Home,0,2023-03-02 05:09:13.384461488,Standard_Review,Rejected
APP100128,2023-02-26 15:51:40.633544515,34,675760.0,3,816.0,348461.0,60,0,0.226,Self-Employed,High School,Home,0,2023-02-28 15:51:40.633544515,Rejected_Review,Closed
APP100129,2023-02-27 02:34:07.882627543,23,534242.0,4,768.0,443297.0,48,0,0.278,Salaried,Bachelor,Vehicle,1,2023-03-02 02:34:07.882627543,Approved_Review,Disbursed
APP100130,2023-02-27 13:16:35.131710571,21,670588.0,5,728.0,397128.0,24,1,0.247,Salaried,Bachelor,Business,0,2023-03-02 13:16:35.131710571,Rejected_Review,Rejected
APP100131,2023-02-27 23:59:02.380793598,25,569569.0,8,725.0,830255.0,60,0,0.417,Self-Employed,High School,Home,0,2023-03-02 23:59:02.380793598,Rejected_Review,Rejected
APP100132,2023-02-28 10:41:29.629876626,46,683949.0,9,651.0,1232687.0,36,1,0.29,Business,Bachelor,Vehicle,0,2023-03-05 10:41:29.629876626,Rejected_Review,Rejected
APP100133,2023-02-28 21:23:56.878959654,34,914265.0,19,644.0,756088.0,60,0,0.36,Salaried,Master,Home,0,2023-03-01 21:23:56.878959654,Standard_Review,Rejected
APP100134,2023-03-01 08:06:24.128042681,59,624984.0,0,699.0,1896626.0,24,1,0.421,Self-Employed,Doctorate,Business,0,2023-03-02 08:06:24.128042681,Rejected_Review,Rejected
APP100135,2023-03-01 18:48:51.377125709,47,550412.0,5,701.0,756010.0,48,1,0.402,Self-Employed,Bachelor,Business,0,2023-03-04 18:48:51.377125709,Rejected_Review,Rejected
APP100136,2023-03-02 05:31:18.626208737,29,392050.0,11,635.0,667813.0,60,1,0.39,Salaried,High School,Personal,0,2023-03-03 05:31:18.626208737,Rejected_Review,Rejected
APP100137,2023-03-02 16:13:45.875291764,35,843536.0,13,736.0,472952.0,36,2,0.181,Self-Employed,Master,Business,0,2023-03-08 16:13:45.875291764,Rejected_Review,Rejected
APP100138,2023-03-03 02:56:13.124374792,35,760286.0,14,672.0,774777.0,36,1,0.103,Salaried,Master,Business,0,2023-03-09 02:56:13.124374792,Standard_Review,Rejected
APP100139,2023-03-03 13:38:40.373457820,46,381877.0,15,763.0,462984.0,24,0,0.191,Salaried,Doctorate,Education,1,2023-03-04 13:38:40.373457820,Approved_Review,Disbursed
APP100140,2023-03-04 00:21:07.622540847,62,946665.0,16,686.0,429058.0,36,4,0.16,Self-Employed,Bachelor,Home,0,2023-03-09 00:21:07.622540847,Standard_Review,Rejected
APP100141,2023-03-04 11:03:34.871623875,33,379096.0,7,681.0,422969.0,36,2,0.315,Self-Employed,Bachelor,Personal,0,2023-03-07 11:03:34.871623875,Standard_Review,Rejected
APP100142,2023-03-04 21:46:02.120706903,52,1032896.0,15,629.0,625760.0,48,2,0.185,Salaried,Doctorate,Business,0,2023-03-08 21:46:02.120706903,Standard_Review,Rejected
APP100143,2023-03-05 08:28:29.369789931,59,885817.0,3,636.0,545133.0,24,4,0.221,Salaried,Bachelor,Medical,0,2023-03-10 08:28:29.369789931,Rejected_Review,Rejected
APP100144,2023-03-05 19:10:56.618872958,52,785108.0,6,776.0,2639771.0,24,0,0.523,Business,High School,Medical,0,2023-03-06 19:10:56.618872958,Standard_Review,Rejected
APP100145,2023-03-06 05:53:23.867955986,24,548575.0,5,707.0,777256.0,36,0,0.332,Self-Employed,Bachelor,Personal,0,2023-03-12 05:53:23.867955986,Standard_Review,Rejected
APP100146,2023-03-06 16:35:51.117039014,50,842247.0,4,715.0,770886.0,36,2,0.163,Salaried,High School,Medical,0,2023-03-11 16:35:51.117039014,Rejected_Review,Rejected
APP100147,2023-03-07 03:18:18.366122041,57,1055046.0,3,794.0,531181.0,48,1,0.192,Self-Employed,Master,Business,0,2023-03-13 03:18:18.366122041,Rejected_Review,Rejected
APP100148,2023-03-07 14:00:45.615205069,43,848551.0,12,604.0,3241585.0,48,2,0.645,Salaried,Bachelor,Home,0,2023-03-08 14:00:45.615205069,Rejected_Review,Rejected
APP100149,2023-03-08 00:43:12.864288097,59,480756.0,6,734.0,441027.0,60,2,0.437,Salaried,High School,Home,0,2023-03-12 00:43:12.864288097,Standard_Review,Closed
APP100150,2023-03-08 11:25:40.113371124,65,733117.0,6,587.0,552374.0,36,2,0.299,Salaried,Master,Personal,0,2023-03-13 11:25:40.113371124,Rejected_Review,Rejected
APP100151,2023-03-08 22:08:07.362454152,35,1081807.0,3,662.0,1153650.0,36,0,0.265,Self-Employed,Bachelor,Education,0,2023-03-13 22:08:07.362454152,Rejected_Review,Rejected
APP100152,2023-03-09 08:50:34.611537180,63,1748593.0,9,616.0,774530.0,36,0,0.158,Self-Employed,High School,Home,0,2023-03-15 08:50:34.611537180,Rejected_Review,Closed
APP100153,2023-03-09 19:33:01.860620207,49,592663.0,13,746.0,370392.0,12,1,0.257,Salaried,Diploma,Vehicle,0,2023-03-14 19:33:01.860620207,Rejected_Review,Rejected
APP100154,2023-03-10 06:15:29.109703235,56,956250.0,8,567.0,709618.0,36,0,0.18,Salaried,Master,Education,0,2023-03-11 06:15:29.109703235,Rejected_Review,Rejected
APP100155,2023-03-10 16:57:56.358786263,33,1082998.0,3,675.0,983308.0,60,2,0.269,Salaried,Bachelor,Business,0,2023-03-16 16:57:56.358786263,Rejected_Review,Rejected
APP100156,2023-03-11 03:40:23.607869290,52,450965.0,13,615.0,904236.0,12,2,0.413,Self-Employed,Master,Business,0,2023-03-14 03:40:23.607869290,Rejected_Review,Closed
APP100157,2023-03-11 14:22:50.856952318,27,1449404.0,1,634.0,974254.0,12,2,0.217,Salaried,High School,Personal,0,2023-03-15 14:22:50.856952318,Standard_Review,Rejected
APP100158,2023-03-12 01:05:18.106035346,42,402478.0,10,,2087932.0,48,4,0.75,Salaried,Diploma,Business,0,2023-03-19 01:05:18.106035346,Rejected_Review,Rejected
APP100159,2023-03-12 11:47:45.355118373,48,935439.0,3,776.0,801789.0,48,2,0.246,Self-Employed,Master,Vehicle,0,2023-03-16 11:47:45.355118373,Standard_Review,Rejected
APP100160,2023-03-12 22:30:12.604201401,22,745732.0,15,668.0,1042006.0,36,0,0.286,Salaried,Bachelor,Home,0,2023-03-15 22:30:12.604201401,Rejected_Review,Rejected
APP100161,2023-03-13 09:12:39.853284429,62,666461.0,19,802.0,208302.0,48,1,0.152,Salaried,Bachelor,Personal,0,2023-03-15 09:12:39.853284429,Rejected_Review,Rejected
APP100162,2023-03-13 19:55:07.102367456,65,2044784.0,4,816.0,1779100.0,60,1,0.164,Contract,Master,Education,1,2023-03-14 19:55:07.102367456,Standard_Review,Disbursed
APP100163,2023-03-14 06:37:34.351450484,26,567595.0,5,827.0,723124.0,36,6,0.203,Business,Diploma,Vehicle,0,2023-03-16 06:37:34.351450484,Rejected_Review,Rejected
APP100164,2023-03-14 17:20:01.600533512,48,563500.0,9,686.0,453537.0,36,1,0.289,Salaried,Master,Business,0,2023-03-18 17:20:01.600533512,Rejected_Review,Rejected
APP100165,2023-03-15 04:02:28.849616539,48,1183389.0,4,704.0,634899.0,24,0,0.318,Self-Employed,Master,Education,0,2023-03-23 04:02:28.849616539,Rejected_Review,Rejected
APP100166,2023-03-15 14:44:56.098699567,64,915787.0,2,715.0,974906.0,48,1,0.428,Self-Employed,High School,Education,0,2023-03-18 14:44:56.098699567,Rejected_Review,Rejected
APP100167,2023-03-16 01:27:23.347782595,64,1157383.0,15,666.0,1174332.0,36,1,0.35,Contract,Bachelor,Education,0,2023-03-20 01:27:23.347782595,Standard_Review,Closed
APP100168,2023-03-16 12:09:50.596865623,40,685099.0,5,718.0,667445.0,60,2,0.303,Self-Employed,Master,Education,0,2023-03-21 12:09:50.596865623,Rejected_Review,Rejected
APP100169,2023-03-16 22:52:17.845948650,50,749643.0,8,629.0,945583.0,48,1,0.323,Self-Employed,Bachelor,Home,0,2023-03-19 22:52:17.845948650,Rejected_Review,Rejected
APP100170,2023-03-17 09:34:45.095031678,31,1529037.0,4,568.0,613679.0,36,2,0.29,Business,Bachelor,Medical,0,2023-03-24 09:34:45.095031678,Rejected_Review,Rejected
APP100171,2023-03-17 20:17:12.344114706,48,446211.0,7,736.0,895063.0,24,0,0.365,Salaried,Bachelor,Business,1,2023-03-20 20:17:12.344114706,Approved_Review,Disbursed
APP100172,2023-03-18 06:59:39.593197733,45,620594.0,7,667.0,776050.0,48,0,0.426,Self-Employed,Master,Home,0,2023-03-24 06:59:39.593197733,Rejected_Review,Rejected
APP100173,2023-03-18 17:42:06.842280761,59,930932.0,9,627.0,813620.0,36,2,0.252,Salaried,Master,Business,0,2023-03-23 17:42:06.842280761,Rejected_Review,Rejected
APP100174,2023-03-19 04:24:34.091363789,53,595163.0,4,635.0,599202.0,60,0,0.289,Contract,Master,Education,0,2023-03-23 04:24:34.091363789,Rejected_Review,Closed
APP100175,2023-03-19 15:07:01.340446816,21,502908.0,3,788.0,856547.0,36,2,0.356,Contract,Master,Education,0,2023-03-22 15:07:01.340446816,Rejected_Review,Rejected
APP100176,2023-03-20 01:49:28.589529844,47,858589.0,4,720.0,463037.0,36,1,0.293,Salaried,Diploma,Personal,0,2023-03-26 01:49:28.589529844,Rejected_Review,Rejected
APP100177,2023-03-20 12:31:55.838612872,33,1185696.0,22,591.0,771541.0,48,1,0.227,Salaried,Master,Personal,0,2023-03-24 12:31:55.838612872,Rejected_Review,Rejected
APP100178,2023-03-20 23:14:23.087695899,61,610084.0,10,613.0,509712.0,24,1,0.279,Salaried,High School,Personal,0,2023-03-23 23:14:23.087695899,Rejected_Review,Rejected
APP100179,2023-03-21 09:56:50.336778927,23,602512.0,7,671.0,425919.0,36,2,0.149,Salaried,Master,Medical,0,2023-03-28 09:56:50.336778927,Rejected_Review,Closed
APP100180,2023-03-21 20:39:17.585861955,59,485662.0,23,,491912.0,12,0,0.258,Salaried,Diploma,Personal,0,2023-03-22 20:39:17.585861955,Rejected_Review,Closed
APP100181,2023-03-22 07:21:44.834944982,26,568944.0,2,638.0,630850.0,48,0,0.356,Salaried,Bachelor,Business,0,2023-03-29 07:21:44.834944982,Standard_Review,Rejected
APP100182,2023-03-22 18:04:12.084028010,28,1058486.0,9,679.0,537455.0,36,1,0.152,Self-Employed,Master,Personal,0,2023-03-30 18:04:12.084028010,Rejected_Review,Closed
APP100183,2023-03-23 04:46:39.333111038,47,674149.0,18,697.0,853396.0,36,3,0.3,Self-Employed,Master,Business,0,2023-03-25 04:46:39.333111038,Rejected_Review,Rejected
APP100184,2023-03-23 15:29:06.582194065,29,452472.0,7,699.0,728455.0,48,0,0.34,Salaried,Master,Home,0,2023-03-26 15:29:06.582194065,Rejected_Review,Rejected
APP100185,2023-03-24 02:11:33.831277093,57,731455.0,9,534.0,1162538.0,12,0,0.3,Self-Employed,Diploma,Personal,0,2023-03-26 02:11:33.831277093,Standard_Review,Rejected
APP100186,2023-03-24 12:54:01.080360121,53,1043160.0,3,704.0,671054.0,36,1,0.298,Contract,Diploma,Home,1,2023-03-30 12:54:01.080360121,Approved_Review,Disbursed
APP100187,2023-03-24 23:36:28.329443148,62,504781.0,7,577.0,766185.0,36,2,0.367,Salaried,Doctorate,Education,0,2023-03-27 23:36:28.329443148,Rejected_Review,Closed
APP100188,2023-03-25 10:18:55.578526176,64,357487.0,18,671.0,1779417.0,36,0,0.75,Salaried,Diploma,Vehicle,0,2023-03-29 10:18:55.578526176,Standard_Review,Rejected
APP100189,2023-03-25 21:01:22.827609204,44,1742095.0,5,657.0,562090.0,60,1,0.262,Salaried,Bachelor,Personal,0,2023-03-30 21:01:22.827609204,Rejected_Review,Rejected
APP100190,2023-03-26 07:43:50.076692231,35,349546.0,13,620.0,606985.0,24,0,0.361,Salaried,Doctorate,Home,0,2023-03-27 07:43:50.076692231,Rejected_Review,Rejected
APP100191,2023-03-26 18:26:17.325775259,52,,3,745.0,1277710.0,48,2,0.537,Business,Master,Vehicle,0,2023-03-27 18:26:17.325775259,Standard_Review,Rejected
APP100192,2023-03-27 05:08:44.574858287,52,721571.0,8,617.0,433836.0,36,1,0.137,Salaried,Bachelor,Vehicle,0,2023-04-01 05:08:44.574858287,Rejected_Review,Rejected
APP100193,2023-03-27 15:51:11.823941314,44,575006.0,6,656.0,1351226.0,36,3,0.421,Business,Bachelor,Business,0,2023-03-30 15:51:11.823941314,Rejected_Review,Rejected
APP100194,2023-03-28 02:33:39.073024342,61,628454.0,13,747.0,621808.0,48,2,0.279,Business,Bachelor,Vehicle,0,2023-03-30 02:33:39.073024342,Rejected_Review,Rejected
APP100195,2023-03-28 13:16:06.322107370,32,842648.0,15,,461476.0,24,2,0.094,Salaried,Bachelor,Business,0,2023-04-01 13:16:06.322107370,Rejected_Review,Rejected
APP100196,2023-03-28 23:58:33.571190398,59,221561.0,8,641.0,1100686.0,48,2,0.75,Salaried,High School,Medical,0,2023-04-01 23:58:33.571190398,Rejected_Review,Rejected
APP100197,2023-03-29 10:41:00.820273425,22,367554.0,8,673.0,617400.0,12,1,0.291,Self-Employed,Master,Home,0,2023-03-31 10:41:00.820273425,Rejected_Review,Rejected
APP100198,2023-03-29 21:23:28.069356453,23,663076.0,21,725.0,1742758.0,36,0,0.47,Business,High School,Personal,0,2023-04-02 21:23:28.069356453,Rejected_Review,Rejected
APP100199,2023-03-30 08:05:55.318439481,57,541896.0,12,784.0,728989.0,48,0,0.364,Salaried,Bachelor,Education,1,2023-04-01 08:05:55.318439481,Approved_Review,Disbursed
APP100200,2023-03-30 18:48:22.567522508,37,688977.0,3,629.0,726344.0,24,1,0.439,Contract,Bachelor,Vehicle,0,2023-04-04 18:48:22.567522508,Rejected_Review,Rejected
APP100201,2023-03-31 05:30:49.816605536,22,720119.0,5,634.0,522189.0,48,1,0.12,Self-Employed,Bachelor,Personal,0,2023-04-04 05:30:49.816605536,Rejected_Review,Rejected
APP100202,2023-03-31 16:13:17.065688564,22,250838.0,6,672.0,650472.0,24,0,0.503,Salaried,High School,Personal,0,2023-04-08 16:13:17.065688564,Standard_Review,Rejected
APP100203,2023-04-01 02:55:44.314771591,48,1152986.0,10,705.0,610793.0,48,1,0.194,Salaried,Master,Home,0,2023-04-02 02:55:44.314771591,Rejected_Review,Rejected
APP100204,2023-04-01 13:38:11.563854619,43,519440.0,11,640.0,1362084.0,36,1,0.51,Salaried,Bachelor,Business,0,2023-04-04 13:38:11.563854619,Rejected_Review,Rejected
APP100205,2023-04-02 00:20:38.812937647,57,440315.0,12,735.0,809067.0,48,1,0.436,Salaried,Master,Home,0,2023-04-08 00:20:38.812937647,Rejected_Review,Rejected
APP100206,2023-04-02 11:03:06.062020674,52,713892.0,1,630.0,996108.0,60,1,0.347,Self-Employed,High School,Business,0,2023-04-04 11:03:06.062020674,Rejected_Review,Rejected
APP100207,2023-04-02 21:45:33.311103702,53,682112.0,14,566.0,735337.0,36,1,0.285,Salaried,High School,Personal,0,2023-04-06 21:45:33.311103702,Rejected_Review,Rejected
APP100208,2023-04-03 08:28:00.560186730,21,1113745.0,4,725.0,569982.0,36,1,0.137,Salaried,Diploma,Home,0,2023-04-04 08:28:00.560186730,Rejected_Review,Rejected
APP100209,2023-04-03 19:10:27.809269757,39,734592.0,3,732.0,842670.0,60,2,0.219,Salaried,High School,Personal,0,2023-04-05 19:10:27.809269757,Standard_Review,Rejected
APP100210,2023-04-04 05:52:55.058352785,22,1094576.0,11,758.0,1550688.0,24,5,0.376,Salaried,Diploma,Education,0,2023-04-06 05:52:55.058352785,Rejected_Review,Rejected
APP100211,2023-04-04 16:35:22.307435813,64,426150.0,16,561.0,414422.0,48,1,0.207,Salaried,Master,Business,0,2023-04-08 16:35:22.307435813,Rejected_Review,Rejected
APP100212,2023-04-05 03:17:49.556518840,46,692847.0,13,647.0,863351.0,60,2,0.329,Business,High School,Business,0,2023-04-11 03:17:49.556518840,Rejected_Review,Rejected
APP100213,2023-04-05 14:00:16.805601868,52,393600.0,8,674.0,1479369.0,48,1,0.692,Salaried,High School,Business,0,2023-04-08 14:00:16.805601868,Rejected_Review,Rejected
APP100214,2023-04-06 00:42:44.054684896,26,679207.0,10,804.0,465771.0,24,0,0.141,Salaried,High School,Home,0,2023-04-09 00:42:44.054684896,Rejected_Review,Rejected
APP100215,2023-04-06 11:25:11.303767923,52,617416.0,3,680.0,1109967.0,24,1,0.457,Salaried,Master,Home,0,2023-04-08 11:25:11.303767923,Rejected_Review,Rejected
APP100216,2023-04-06 22:07:38.552850951,24,605581.0,9,602.0,1110611.0,36,1,0.459,Salaried,Bachelor,Personal,0,2023-04-08 22:07:38.552850951,Rejected_Review,Rejected
APP100217,2023-04-07 08:50:05.801933979,31,607976.0,3,709.0,366479.0,36,0,0.246,Salaried,Bachelor,Medical,0,2023-04-13 08:50:05.801933979,Rejected_Review,Rejected
APP100218,2023-04-07 19:32:33.051017006,37,905374.0,20,775.0,1219625.0,24,0,0.269,Business,Bachelor,Business,0,2023-04-11 19:32:33.051017006,Rejected_Review,Rejected
APP100219,2023-04-08 06:15:00.300100034,58,315343.0,6,761.0,520100.0,48,1,0.385,Self-Employed,Bachelor,Business,0,2023-04-11 06:15:00.300100034,Rejected_Review,Rejected
APP100220,2023-04-08 16:57:27.549183062,44,433576.0,4,727.0,837570.0,36,1,0.369,Contract,High School,Personal,0,2023-04-15 16:57:27.549183062,Rejected_Review,Rejected
APP100221,2023-04-09 03:39:54.798266090,25,638240.0,3,707.0,1168120.0,60,0,0.32,Salaried,Master,Vehicle,0,2023-04-10 03:39:54.798266090,Rejected_Review,Rejected
APP100222,2023-04-09 14:22:22.047349117,54,382441.0,10,543.0,1275535.0,60,0,0.56,Business,Bachelor,Education,0,2023-04-15 14:22:22.047349117,Rejected_Review,Rejected
APP100223,2023-04-10 01:04:49.296432145,26,663629.0,10,692.0,324782.0,60,2,0.147,Self-Employed,Bachelor,Personal,0,2023-04-11 01:04:49.296432145,Standard_Review,Rejected
APP100224,2023-04-10 11:47:16.545515173,42,635295.0,8,702.0,1711938.0,36,4,0.391,Self-Employed,Master,Home,0,2023-04-14 11:47:16.545515173,Rejected_Review,Rejected
APP100225,2023-04-10 22:29:43.794598200,31,345600.0,11,680.0,1422320.0,36,0,0.606,Salaried,Diploma,Personal,0,2023-04-16 22:29:43.794598200,Rejected_Review,Rejected
APP100226,2023-04-11 09:12:11.043681228,36,338001.0,9,736.0,1184466.0,36,2,0.45,Salaried,High School,Vehicle,0,2023-04-12 09:12:11.043681228,Rejected_Review,Rejected
APP100227,2023-04-11 19:54:38.292764256,53,199590.0,5,679.0,838672.0,36,2,0.738,Business,Master,Vehicle,0,2023-04-17 19:54:38.292764256,Rejected_Review,Rejected
APP100228,2023-04-12 06:37:05.541847283,29,375279.0,2,666.0,562973.0,48,0,0.366,Self-Employed,Bachelor,Business,0,2023-04-16 06:37:05.541847283,Rejected_Review,Rejected
APP100229,2023-04-12 17:19:32.790930311,26,654203.0,14,758.0,407275.0,60,1,0.164,Self-Employed,Bachelor,Education,0,2023-04-14 17:19:32.790930311,Rejected_Review,Rejected
APP100230,2023-04-13 04:02:00.040013339,36,697329.0,10,663.0,310803.0,24,1,0.168,Salaried,Master,Business,0,2023-04-17 04:02:00.040013339,Rejected_Review,Rejected
APP100231,2023-04-13 14:44:27.289096366,49,711821.0,11,694.0,966178.0,36,3,0.366,Salaried,High School,Personal,0,2023-04-18 14:44:27.289096366,Standard_Review,Rejected
APP100232,2023-04-14 01:26:54.538179394,23,458018.0,12,748.0,1184168.0,24,1,0.549,Contract,Diploma,Home,0,2023-04-23 01:26:54.538179394,Standard_Review,Rejected
APP100233,2023-04-14 12:09:21.787262422,40,644668.0,8,624.0,671000.0,48,0,0.282,Salaried,Diploma,Business,0,2023-04-18 12:09:21.787262422,Rejected_Review,Rejected
APP100234,2023-04-14 22:51:49.036345449,56,777227.0,6,617.0,555903.0,60,1,0.218,Business,Master,Education,0,2023-04-20 22:51:49.036345449,Rejected_Review,Rejected
APP100235,2023-04-15 09:34:16.285428478,39,367365.0,14,778.0,724902.0,12,2,0.272,Salaried,Bachelor,Business,0,2023-04-19 09:34:16.285428478,Rejected_Review,Rejected
APP100236,2023-04-15 20:16:43.534511504,46,687094.0,6,651.0,508206.0,36,1,0.216,Business,Master,Home,0,2023-04-20 20:16:43.534511504,Rejected_Review,Rejected
APP100237,2023-04-16 06:59:10.783594532,23,873396.0,7,735.0,707604.0,60,3,0.168,Salaried,High School,Personal,0,2023-04-19 06:59:10.783594532,Rejected_Review,Rejected
APP100238,2023-04-16 17:41:38.032677560,39,521195.0,5,575.0,493833.0,36,3,0.182,Salaried,Bachelor,Home,0,2023-04-18 17:41:38.032677560,Rejected_Review,Closed
APP100239,2023-04-17 04:24:05.281760588,40,1048355.0,12,527.0,950606.0,48,2,0.345,Salaried,Bachelor,Personal,0,2023-04-22 04:24:05.281760588,Rejected_Review,Closed
APP100240,2023-04-17 15:06:32.530843616,52,526698.0,6,714.0,1303770.0,24,1,0.439,Self-Employed,Diploma,Personal,0,2023-04-19 15:06:32.530843616,Rejected_Review,Closed
APP100241,2023-04-18 01:48:59.779926644,27,441397.0,9,682.0,902649.0,36,2,0.405,,Master,Personal,0,2023-04-19 01:48:59.779926644,Rejected_Review,Rejected
APP100242,2023-04-18 12:31:27.029009670,61,835100.0,7,714.0,672396.0,36,3,0.275,Self-Employed,Bachelor,Personal,0,2023-04-22 12:31:27.029009670,Rejected_Review,Rejected
APP100243,2023-04-18 23:13:54.278092698,53,1622875.0,2,812.0,1147850.0,48,1,0.222,Salaried,Bachelor,Education,0,2023-04-20 23:13:54.278092698,Rejected_Review,Rejected
APP100244,2023-04-19 09:56:21.527175726,60,675452.0,12,610.0,706649.0,36,0,0.28,Contract,High School,Medical,0,2023-04-22 09:56:21.527175726,Rejected_Review,Rejected
APP100245,2023-04-19 20:38:48.776258754,59,864958.0,10,692.0,1129753.0,36,3,0.308,Salaried,Master,Home,0,2023-04-20 20:38:48.776258754,Rejected_Review,Rejected
APP100246,2023-04-20 07:21:16.025341782,38,517003.0,6,786.0,509285.0,36,0,0.238,Salaried,Diploma,Vehicle,0,2023-04-26 07:21:16.025341782,Rejected_Review,Rejected
APP100247,2023-04-20 18:03:43.274424810,60,371759.0,8,619.0,543327.0,36,1,0.345,Contract,Master,Education,0,2023-04-21 18:03:43.274424810,Standard_Review,Rejected
APP100248,2023-04-21 04:46:10.523507836,21,700498.0,12,652.0,426953.0,60,3,0.217,Self-Employed,Master,Personal,0,2023-04-26 04:46:10.523507836,Rejected_Review,Rejected
APP100249,2023-04-21 15:28:37.772590864,31,752162.0,17,575.0,554653.0,60,2,0.245,Self-Employed,High School,Personal,0,2023-04-26 15:28:37.772590864,Rejected_Review,Rejected
APP100250,2023-04-22 02:11:05.021673892,48,553307.0,8,835.0,1143420.0,12,0,0.398,Salaried,Diploma,Personal,1,2023-04-26 02:11:05.021673892,Approved_Review,Disbursed
APP100251,2023-04-22 12:53:32.270756920,45,863460.0,7,547.0,452690.0,60,0,0.35,Contract,Master,Education,0,2023-04-28 12:53:32.270756920,Rejected_Review,Closed
APP100252,2023-04-22 23:35:59.519839948,43,484267.0,8,742.0,221141.0,24,3,0.274,Business,Diploma,Education,0,2023-04-24 23:35:59.519839948,Rejected_Review,Rejected
APP100253,2023-04-23 10:18:26.768922976,51,433128.0,5,604.0,568967.0,36,2,0.362,Business,Master,Business,0,2023-05-01 10:18:26.768922976,Rejected_Review,Rejected
APP100254,2023-04-23 21:00:54.018006002,50,1047605.0,7,622.0,389248.0,48,4,0.227,Contract,Bachelor,Personal,0,2023-04-25 21:00:54.018006002,Rejected_Review,Rejected
APP100255,2023-04-24 07:43:21.267089030,62,1049825.0,5,759.0,543960.0,24,1,0.242,Self-Employed,Bachelor,Education,0,2023-04-29 07:43:21.267089030,Standard_Review,Rejected
APP100256,2023-04-24 18:25:48.516172058,55,488587.0,5,642.0,2007238.0,12,3,0.623,Salaried,High School,Personal,0,2023-05-02 18:25:48.516172058,Rejected_Review,Rejected
APP100257,2023-04-25 05:08:15.765255086,27,1408746.0,4,732.0,448808.0,36,1,0.267,Salaried,High School,Business,0,2023-04-29 05:08:15.765255086,Rejected_Review,Rejected
APP100258,2023-04-25 15:50:43.014338114,36,571220.0,6,780.0,960878.0,48,0,0.375,Business,Diploma,Personal,0,2023-04-28 15:50:43.014338114,Rejected_Review,Rejected
APP100259,2023-04-26 02:33:10.263421142,46,675278.0,7,703.0,672480.0,36,1,0.31,Business,High School,Vehicle,0,2023-05-02 02:33:10.263421142,Rejected_Review,Rejected
APP100260,2023-04-26 13:15:37.512504170,22,625705.0,9,748.0,843298.0,36,0,0.291,Self-Employed,Diploma,Personal,0,2023-04-29 13:15:37.512504170,Rejected_Review,Rejected
APP100261,2023-04-26 23:58:04.761587196,21,822760.0,3,695.0,542642.0,60,0,0.168,Salaried,Bachelor,Medical,0,2023-04-28 23:58:04.761587196,Rejected_Review,Rejected
APP100262,2023-04-27 10:40:32.010670224,32,734443.0,10,698.0,1251069.0,48,1,0.434,Business,Bachelor,Home,0,2023-05-02 10:40:32.010670224,Rejected_Review,Rejected
APP100263,2023-04-27 21:22:59.259753252,25,730008.0,6,649.0,866536.0,48,2,0.301,Self-Employed,Diploma,Vehicle,0,2023-05-03 21:22:59.259753252,Rejected_Review,Rejected
APP100264,2023-04-28 08:05:26.508836280,57,410826.0,1,815.0,878660.0,36,1,0.373,Salaried,High School,Personal,0,2023-05-02 08:05:26.508836280,Rejected_Review,Closed
APP100265,2023-04-28 18:47:53.757919308,52,304028.0,10,738.0,735483.0,12,1,0.464,Salaried,Bachelor,Home,0,2023-05-02 18:47:53.757919308,Standard_Review,Rejected
APP100266,2023-04-29 05:30:21.007002336,29,1086747.0,5,724.0,1311676.0,24,0,0.287,Contract,Master,Vehicle,0,2023-05-03 05:30:21.007002336,Standard_Review,Rejected
APP100267,2023-04-29 16:12:48.256085362,61,508529.0,17,740.0,926261.0,48,0,0.477,Salaried,Bachelor,Home,0,2023-05-03 16:12:48.256085362,Rejected_Review,Rejected
APP100268,2023-04-30 02:55:15.505168390,55,635815.0,3,646.0,842634.0,48,1,0.284,Salaried,Master,Business,0,2023-05-03 02:55:15.505168390,Rejected_Review,Rejected
APP100269,2023-04-30 13:37:42.754251418,39,752975.0,8,751.0,970104.0,60,0,0.336,Salaried,High School,Education,0,2023-05-01 13:37:42.754251418,Rejected_Review,Rejected
APP100270,2023-05-01 00:20:10.003334446,36,1352928.0,4,791.0,290351.0,24,0,0.252,Salaried,Diploma,Vehicle,0,2023-05-04 00:20:10.003334446,Rejected_Review,Rejected
APP100271,2023-05-01 11:02:37.252417474,23,698953.0,1,600.0,768900.0,24,0,0.328,Salaried,Diploma,Vehicle,0,2023-05-05 11:02:37.252417474,Rejected_Review,Rejected
APP100272,2023-05-01 21:45:04.501500502,40,544198.0,20,725.0,677947.0,24,2,0.337,Business,High School,Education,0,2023-05-09 21:45:04.501500502,Rejected_Review,Rejected
APP100273,2023-05-02 08:27:31.750583528,44,513565.0,6,694.0,1255605.0,24,0,0.408,Salaried,Master,Business,0,2023-05-04 08:27:31.750583528,Rejected_Review,Rejected
APP100274,2023-05-02 19:09:58.999666556,53,639164.0,4,656.0,493028.0,36,1,0.251,Business,Bachelor,Home,0,2023-05-05 19:09:58.999666556,Rejected_Review,Rejected
APP100275,2023-05-03 05:52:26.248749584,44,431712.0,10,619.0,774047.0,60,2,0.397,Salaried,Bachelor,Personal,0,2023-05-04 05:52:26.248749584,Rejected_Review,Rejected
APP100276,2023-05-03 16:34:53.497832612,31,658501.0,8,758.0,1831701.0,48,4,0.496,Contract,Diploma,Vehicle,0,2023-05-04 16:34:53.497832612,Rejected_Review,Closed
APP100277,2023-05-04 03:17:20.746915640,28,634961.0,1,704.0,691057.0,36,3,0.384,Salaried,Master,Business,0,2023-05-11 03:17:20.746915640,Rejected_Review,Rejected
APP100278,2023-05-04 13:59:47.995998668,56,1360571.0,4,677.0,359942.0,48,0,0.17,Self-Employed,Master,Business,0,2023-05-09 13:59:47.995998668,Rejected_Review,Rejected
APP100279,2023-05-05 00:42:15.245081694,58,,4,725.0,2075693.0,12,1,0.55,Salaried,Bachelor,Home,0,2023-05-12 00:42:15.245081694,Rejected_Review,Rejected
APP100280,2023-05-05 11:24:42.494164722,60,273405.0,2,682.0,489462.0,60,1,0.546,Salaried,Master,Personal,0,2023-05-06 11:24:42.494164722,Standard_Review,Rejected
APP100281,2023-05-05 22:07:09.743247750,40,2164733.0,5,644.0,416211.0,48,1,0.231,Salaried,Master,Medical,0,2023-05-10 22:07:09.743247750,Rejected_Review,Rejected
APP100282,2023-05-06 08:49:36.992330778,55,999792.0,6,698.0,424495.0,24,2,0.133,Self-Employed,High School,Vehicle,0,2023-05-14 08:49:36.992330778,Rejected_Review,Rejected
APP100283,2023-05-06 19:32:04.241413806,45,1659098.0,11,688.0,1007183.0,48,0,0.258,Salaried,High School,Vehicle,0,2023-05-12 19:32:04.241413806,Standard_Review,Rejected
APP100284,2023-05-07 06:14:31.490496834,55,386132.0,7,575.0,1339391.0,48,2,0.622,Business,High School,Personal,0,2023-05-12 06:14:31.490496834,Rejected_Review,Rejected
APP100285,2023-05-07 16:56:58.739579862,45,588249.0,2,649.0,1687970.0,12,0,0.438,Salaried,Bachelor,Personal,0,2023-05-09 16:56:58.739579862,Rejected_Review,Rejected
APP100286,2023-05-08 03:39:25.988662888,49,880467.0,4,608.0,705383.0,36,0,0.225,Salaried,Diploma,Business,0,2023-05-15 03:39:25.988662888,Rejected_Review,Rejected
APP100287,2023-05-08 14:21:53.237745916,38,827450.0,9,583.0,427367.0,36,2,0.129,Salaried,Master,Medical,0,2023-05-11 14:21:53.237745916,Rejected_Review,Rejected
APP100288,2023-05-09 01:04:20.486828944,38,746275.0,7,720.0,526424.0,36,3,0.255,Self-Employed,Bachelor,Business,0,2023-05-14 01:04:20.486828944,Rejected_Review,Rejected
APP100289,2023-05-09 11:46:47.735911972,22,241567.0,5,647.0,711854.0,36,0,0.39,Salaried,Master,Education,0,2023-05-11 11:46:47.735911972,Rejected_Review,Rejected
APP100290,2023-05-09 22:29:14.984995000,55,300779.0,2,758.0,692624.0,36,1,0.371,Salaried,Bachelor,Home,1,2023-05-13 22:29:14.984995000,Approved_Review,Disbursed
APP100291,2023-05-10 09:11:42.234078028,36,1286726.0,18,571.0,1346454.0,36,5,0.179,Self-Employed,Master,Vehicle,0,2023-05-16 09:11:42.234078028,Rejected_Review,Rejected
APP100292,2023-05-10 19:54:09.483161054,61,1393914.0,21,671.0,362228.0,48,1,0.204,Salaried,Bachelor,Business,0,2023-05-16 19:54:09.483161054,Rejected_Review,Rejected
APP100293,2023-05-11 06:36:36.732244082,56,619541.0,8,650.0,400752.0,60,1,0.204,Business,Master,Home,0,2023-05-15 06:36:36.732244082,Rejected_Review,Rejected
APP100294,2023-05-11 17:19:03.981327110,53,1215201.0,6,587.0,599548.0,48,3,0.237,Salaried,Bachelor,Home,0,2023-05-19 17:19:03.981327110,Rejected_Review,Rejected
APP100295,2023-05-12 04:01:31.230410138,24,410149.0,4,690.0,841918.0,48,2,0.268,Self-Employed,Bachelor,Personal,0,2023-05-16 04:01:31.230410138,Rejected_Review,Rejected
APP100296,2023-05-12 14:43:58.479493166,53,454629.0,7,593.0,561018.0,60,3,0.243,Contract,Bachelor,Education,0,2023-05-18 14:43:58.479493166,Rejected_Review,Rejected
APP100297,2023-05-13 01:26:25.728576194,34,395815.0,14,704.0,538635.0,48,1,0.369,Salaried,Master,Vehicle,0,2023-05-16 01:26:25.728576194,Rejected_Review,Rejected
APP100298,2023-05-13 12:08:52.977659220,41,443416.0,6,737.0,1258850.0,24,1,0.41,Salaried,Bachelor,Home,0,2023-05-15 12:08:52.977659220,Rejected_Review,Rejected
APP100299,2023-05-13 22:51:20.226742248,40,899812.0,4,707.0,886301.0,36,1,0.34,Business,Master,Vehicle,1,2023-05-17 22:51:20.226742248,Approved_Review,Disbursed
APP100300,2023-05-14 09:33:47.475825276,28,440942.0,17,716.0,427827.0,48,0,0.256,Self-Employed,Bachelor,Vehicle,0,2023-05-15 09:33:47.475825276,Rejected_Review,Closed
APP100301,2023-05-14 20:16:14.724908304,27,1780869.0,3,757.0,542521.0,48,1,0.128,Salaried,Master,Personal,0,2023-05-19 20:16:14.724908304,Rejected_Review,Rejected
APP100302,2023-05-15 06:58:41.973991332,23,,4,688.0,906407.0,60,2,0.232,Self-Employed,Master,Personal,0,2023-05-19 06:58:41.973991332,Rejected_Review,Rejected
APP100303,2023-05-15 17:41:09.223074360,37,1058925.0,8,636.0,372624.0,48,0,0.207,Salaried,Bachelor,Home,0,2023-05-20 17:41:09.223074360,Rejected_Review,Rejected
APP100304,2023-05-16 04:23:36.472157386,53,810333.0,3,650.0,903654.0,60,0,0.437,Business,Bachelor,Business,0,2023-05-20 04:23:36.472157386,Standard_Review,Rejected
APP100305,2023-05-16 15:06:03.721240414,32,1122590.0,10,652.0,589445.0,12,2,0.403,,Bachelor,Personal,0,2023-05-19 15:06:03.721240414,Rejected_Review,Rejected
APP100306,2023-05-17 01:48:30.970323442,42,439823.0,5,622.0,839230.0,36,1,0.286,Self-Employed,High School,Education,0,2023-05-21 01:48:30.970323442,Rejected_Review,Rejected
APP100307,2023-05-17 12:30:58.219406470,42,1246497.0,2,741.0,743235.0,60,0,0.269,Contract,Bachelor,Vehicle,0,2023-05-23 12:30:58.219406470,Rejected_Review,Rejected
APP100308,2023-05-17 23:13:25.468489498,50,692560.0,10,724.0,400376.0,36,2,0.336,Self-Employed,High School,Medical,0,2023-05-23 23:13:25.468489498,Standard_Review,Rejected
APP100309,2023-05-18 09:55:52.717572526,58,1120065.0,26,582.0,509164.0,24,0,0.117,Salaried,Bachelor,Personal,0,2023-05-25 09:55:52.717572526,Rejected_Review,Rejected
APP100310,2023-05-18 20:38:19.966655554,58,340076.0,9,636.0,1443435.0,36,0,0.616,Contract,Bachelor,Vehicle,0,2023-05-19 20:38:19.966655554,Rejected_Review,Rejected
APP100311,2023-05-19 07:20:47.215738580,65,705026.0,17,619.0,2290994.0,48,2,0.56,Salaried,Diploma,Business,0,2023-05-25 07:20:47.215738580,Rejected_Review,Rejected
APP100312,2023-05-19 18:03:14.464821608,28,693901.0,14,711.0,292206.0,24,1,0.203,Salaried,Bachelor,Business,0,2023-05-24 18:03:14.464821608,Rejected_Review,Closed
APP100313,2023-05-20 04:45:41.713904636,47,491920.0,5,760.0,1179259.0,48,1,0.341,Salaried,Diploma,Vehicle,0,2023-05-28 04:45:41.713904636,Rejected_Review,Rejected
APP100314,2023-05-20 15:28:08.962987664,47,748354.0,6,719.0,811504.0,24,1,0.332,Contract,Master,Vehicle,0,2023-05-23 15:28:08.962987664,Rejected_Review,Rejected
APP100315,2023-05-21 02:10:36.212070692,54,1299579.0,10,644.0,1982714.0,36,0,0.363,Self-Employed,Diploma,Vehicle,0,2023-05-24 02:10:36.212070692,Rejected_Review,Rejected
APP100316,2023-05-21 12:53:03.461153720,41,475185.0,11,669.0,529442.0,60,3,0.35,Salaried,Diploma,Home,0,2023-05-26 12:53:03.461153720,Rejected_Review,Rejected
APP100317,2023-05-21 23:35:30.710236746,50,1002054.0,8,599.0,1096877.0,24,3,0.319,Salaried,Bachelor,Medical,0,2023-05-22 23:35:30.710236746,Standard_Review,Rejected
APP100318,2023-05-22 10:17:57.959319774,53,391362.0,19,604.0,601700.0,12,2,0.371,Salaried,Diploma,Home,0,2023-05-23 10:17:57.959319774,Rejected_Review,Rejected
APP100319,2023-05-22 21:00:25.208402802,48,1679451.0,14,745.0,1328468.0,36,2,0.247,Salaried,Bachelor,Business,0,2023-05-27 21:00:25.208402802,Rejected_Review,Rejected
APP100320,2023-05-23 07:42:52.457485830,53,925230.0,8,784.0,2223248.0,36,3,0.523,Contract,High School,Medical,0,2023-05-25 07:42:52.457485830,Rejected_Review,Rejected
APP100321,2023-05-23 18:25:19.706568858,25,1412724.0,9,644.0,778690.0,36,0,0.123,Business,Bachelor,Vehicle,0,2023-05-24 18:25:19.706568858,Standard_Review,Rejected
APP100322,2023-05-24 05:07:46.955651886,39,879540.0,1,693.0,396073.0,36,0,0.127,Contract,Bachelor,Education,1,2023-05-29 05:07:46.955651886,Approved_Review,Pending_Disbursement
APP100323,2023-05-24 15:50:14.204734912,24,774911.0,10,737.0,1419439.0,60,2,0.447,Salaried,Bachelor,Medical,0,2023-05-25 15:50:14.204734912,Standard_Review,Closed
APP100324,2023-05-25 02:32:41.453817940,55,928706.0,10,582.0,928733.0,36,2,0.25,Self-Employed,Bachelor,Personal,0,2023-05-30 02:32:41.453817940,Standard_Review,Rejected
APP100325,2023-05-25 13:15:08.702900968,37,611290.0,4,622.0,845643.0,36,2,0.252,Salaried,Master,Business,0,2023-05-27 13:15:08.702900968,Rejected_Review,Rejected
APP100326,2023-05-25 23:57:35.951983996,64,313860.0,3,820.0,1544877.0,36,0,0.75,Business,Bachelor,Business,0,2023-05-27 23:57:35.951983996,Standard_Review,Rejected
APP100327,2023-05-26 10:40:03.201067024,48,794968.0,3,628.0,396336.0,36,0,0.257,Contract,Diploma,Vehicle,0,2023-05-31 10:40:03.201067024,Rejected_Review,Rejected
APP100328,2023-05-26 21:22:30.450150052,50,462662.0,14,666.0,489307.0,12,1,0.138,Contract,Bachelor,Business,0,2023-05-28 21:22:30.450150052,Rejected_Review,Closed
APP100329,2023-05-27 08:04:57.699233078,49,395925.0,2,651.0,942196.0,48,2,0.483,Self-Employed,Master,Personal,0,2023-06-03 08:04:57.699233078,Standard_Review,Rejected
APP100330,2023-05-27 18:47:24.948316106,26,865497.0,5,560.0,483882.0,60,2,0.173,Salaried,Bachelor,Home,0,2023-05-31 18:47:24.948316106,Rejected_Review,Rejected
APP100331,2023-05-28 05:29:52.197399134,55,573280.0,2,695.0,597692.0,36,0,0.309,Self-Employed,High School,Home,0,2023-06-01 05:29:52.197399134,Rejected_Review,Rejected
APP100332,2023-05-28 16:12:19.446482162,61,1032191.0,3,688.0,1324068.0,48,0,0.298,Salaried,Bachelor,Education,0,2023-06-02 16:12:19.446482162,Standard_Review,Rejected
APP100333,2023-05-29 02:54:46.695565190,57,455752.0,4,702.0,869186.0,12,1,0.422,Salaried,Doctorate,Education,0,2023-06-04 02:54:46.695565190,Rejected_Review,Rejected
APP100334,2023-05-29 13:37:13.944648218,44,525894.0,0,685.0,388257.0,48,2,0.238,Salaried,Bachelor,Personal,0,2023-06-01 13:37:13.944648218,Rejected_Review,Rejected
APP100335,2023-05-30 00:19:41.193731246,49,1090733.0,6,660.0,858424.0,36,1,0.157,Salaried,Bachelor,Personal,0,2023-06-04 00:19:41.193731246,Rejected_Review,Rejected
APP100336,2023-05-30 11:02:08.442814272,51,737231.0,3,656.0,1300647.0,36,0,0.249,Self-Employed,Diploma,Vehicle,0,2023-06-05 11:02:08.442814272,Rejected_Review,Rejected
APP100337,2023-05-30 21:44:35.691897300,55,334345.0,11,657.0,762688.0,36,2,0.329,Salaried,Bachelor,Personal,0,2023-06-06 21:44:35.691897300,Rejected_Review,Rejected
APP100338,2023-05-31 08:27:02.940980328,53,729942.0,15,626.0,1082447.0,24,2,0.25,Salaried,Diploma,Education,0,2023-06-03 08:27:02.940980328,Rejected_Review,Rejected
APP100339,2023-05-31 19:09:30.190063356,41,1265889.0,8,636.0,540544.0,48,1,0.232,Salaried,Diploma,Medical,0,2023-06-06 19:09:30.190063356,Rejected_Review,Rejected
APP100340,2023-06-01 05:51:57.439146384,52,524063.0,6,627.0,797131.0,36,2,0.4,Self-Employed,Master,Personal,0,2023-06-06 05:51:57.439146384,Rejected_Review,Rejected
APP100341,2023-06-01 16:34:24.688229412,43,850733.0,13,727.0,318206.0,36,2,0.173,Self-Employed,High School,Personal,0,2023-06-06 16:34:24.688229412,Rejected_Review,Rejected
APP100342,2023-06-02 03:16:51.937312438,53,443522.0,3,710.0,959053.0,60,0,0.347,Salaried,Master,Education,0,2023-06-03 03:16:51.937312438,Rejected_Review,Rejected
APP100343,2023-06-02 13:59:19.186395466,23,611197.0,5,692.0,838107.0,12,6,0.317,Business,Bachelor,Home,0,2023-06-09 13:59:19.186395466,Rejected_Review,Rejected
APP100344,2023-06-03 00:41:46.435478494,38,1061458.0,3,816.0,367215.0,48,3,0.053,Self-Employed,Bachelor,Vehicle,0,2023-06-09 00:41:46.435478494,Rejected_Review,Rejected
APP100345,2023-06-03 11:24:13.684561522,45,717395.0,6,630.0,1497452.0,36,1,0.444,Salaried,Bachelor,Education,0,2023-06-08 11:24:13.684561522,Rejected_Review,Rejected
APP100346,2023-06-03 22:06:40.933644550,62,1161124.0,12,763.0,931362.0,36,1,0.241,Self-Employed,Bachelor,Personal,0,2023-06-06 22:06:40.933644550,Rejected_Review,Rejected
APP100347,2023-06-04 08:49:08.182727578,51,787102.0,8,673.0,495092.0,36,2,0.231,Salaried,Master,Home,0,2023-06-11 08:49:08.182727578,Rejected_Review,Rejected
APP100348,2023-06-04 19:31:35.431810604,23,1764116.0,5,700.0,971794.0,36,1,0.179,Salaried,High School,Business,0,2023-06-08 19:31:35.431810604,Rejected_Review,Rejected
APP100349,2023-06-05 06:14:02.680893632,60,321424.0,7,734.0,427889.0,12,1,0.266,Business,Master,Business,0,2023-06-10 06:14:02.680893632,Rejected_Review,Rejected
APP100350,2023-06-05 16:56:29.929976660,44,589477.0,3,659.0,458523.0,48,2,0.128,Salaried,Bachelor,Vehicle,0,2023-06-07 16:56:29.929976660,Rejected_Review,Rejected
APP100351,2023-06-06 03:38:57.179059688,52,398988.0,4,621.0,429003.0,48,2,0.34,Salaried,Bachelor,Education,0,2023-06-09 03:38:57.179059688,Rejected_Review,Rejected
APP100352,2023-06-06 14:21:24.428142716,42,411439.0,6,632.0,422855.0,48,1,0.185,Self-Employed,High School,Personal,0,2023-06-10 14:21:24.428142716,Rejected_Review,Rejected
APP100353,2023-06-07 01:03:51.677225744,43,413121.0,22,553.0,871213.0,60,0,0.353,Self-Employed,Master,Home,0,2023-06-09 01:03:51.677225744,Standard_Review,Rejected
APP100354,2023-06-07 11:46:18.926308770,22,700959.0,17,729.0,733878.0,60,0,0.209,Salaried,High School,Education,0,2023-06-10 11:46:18.926308770,Rejected_Review,Rejected
APP100355,2023-06-07 22:28:46.175391798,47,719681.0,3,728.0,1017589.0,36,2,0.378,Business,Doctorate,Personal,0,2023-06-12 22:28:46.175391798,Rejected_Review,Closed
APP100356,2023-06-08 09:11:13.424474826,62,787866.0,3,793.0,170927.0,48,1,0.135,Salaried,Master,Business,0,2023-06-14 09:11:13.424474826,Rejected_Review,Rejected
APP100357,2023-06-08 19:53:40.673557854,22,392131.0,7,717.0,575541.0,12,0,0.394,Salaried,Bachelor,Personal,0,2023-06-09 19:53:40.673557854,Rejected_Review,Rejected
APP100358,2023-06-09 06:36:07.922640882,46,561758.0,4,733.0,579623.0,60,2,0.315,Self-Employed,Master,Personal,0,2023-06-18 06:36:07.922640882,Rejected_Review,Rejected
APP100359,2023-06-09 17:18:35.171723910,37,421171.0,3,685.0,718667.0,60,0,0.289,Self-Employed,Diploma,Personal,0,2023-06-11 17:18:35.171723910,Rejected_Review,Rejected
APP100360,2023-06-10 04:01:02.420806938,60,990410.0,8,,709433.0,12,2,0.229,Salaried,Doctorate,Education,0,2023-06-12 04:01:02.420806938,Rejected_Review,Rejected
APP100361,2023-06-10 14:43:29.669889964,53,439374.0,2,761.0,784560.0,36,1,0.246,Business,Master,Vehicle,0,2023-06-17 14:43:29.669889964,Rejected_Review,Rejected
APP100362,2023-06-11 01:25:56.918972992,29,590401.0,10,702.0,731786.0,60,0,0.327,Business,High School,Personal,0,2023-06-16 01:25:56.918972992,Rejected_Review,Rejected
APP100363,2023-06-11 12:08:24.168056020,63,836403.0,1,656.0,556508.0,24,1,0.184,Business,Bachelor,Personal,0,2023-06-17 12:08:24.168056020,Rejected_Review,Rejected
APP100364,2023-06-11 22:50:51.417139048,59,492719.0,15,676.0,573242.0,36,2,0.216,Salaried,Master,Business,0,2023-06-13 22:50:51.417139048,Rejected_Review,Rejected
APP100365,2023-06-12 09:33:18.666222076,49,888218.0,8,739.0,681755.0,36,0,0.223,Business,Bachelor,Vehicle,1,2023-06-17 09:33:18.666222076,Approved_Review,Disbursed
APP100366,2023-06-12 20:15:45.915305104,62,1333028.0,4,658.0,900907.0,36,3,0.199,Business,Bachelor,Personal,0,2023-06-21 20:15:45.915305104,Rejected_Review,Rejected
APP100367,2023-06-13 06:58:13.164388130,46,707928.0,19,748.0,730427.0,12,1,0.294,Contract,Diploma,Vehicle,0,2023-06-15 06:58:13.164388130,Rejected_Review,Rejected
APP100368,2023-06-13 17:40:40.413471158,55,,13,814.0,472713.0,36,3,0.341,Contract,Diploma,Personal,0,2023-06-18 17:40:40.413471158,Standard_Review,Rejected
APP100369,2023-06-14 04:23:07.662554186,45,255682.0,9,749.0,460364.0,36,3,0.459,Salaried,Master,Education,0,2023-06-16 04:23:07.662554186,Rejected_Review,Rejected
APP100370,2023-06-14 15:05:34.911637214,44,535874.0,9,739.0,903276.0,60,1,0.269,Salaried,Diploma,Personal,0,2023-06-16 15:05:34.911637214,Rejected_Review,Closed
APP100371,2023-06-15 01:48:02.160720242,33,706397.0,2,713.0,1022266.0,36,1,0.431,Salaried,Doctorate,Business,0,2023-06-19 01:48:02.160720242,Rejected_Review,Rejected
APP100372,2023-06-15 12:30:29.409803270,27,404697.0,8,640.0,1195820.0,36,0,0.508,Salaried,Diploma,Business,0,2023-06-19 12:30:29.409803270,Rejected_Review,Rejected
APP100373,2023-06-15 23:12:56.658886296,56,713666.0,12,634.0,547640.0,36,3,0.064,Business,Bachelor,Vehicle,0,2023-06-19 23:12:56.658886296,Rejected_Review,Rejected
APP100374,2023-06-16 09:55:23.907969324,65,1047274.0,9,633.0,273756.0,24,2,0.165,Business,High School,Home,0,2023-06-20 09:55:23.907969324,Rejected_Review,Rejected
APP100375,2023-06-16 20:37:51.157052352,40,278988.0,10,726.0,847171.0,60,1,0.405,Business,Master,Personal,0,2023-06-24 20:37:51.157052352,Rejected_Review,Rejected
APP100376,2023-06-17 07:20:18.406135380,21,380654.0,7,665.0,489441.0,60,1,0.274,Salaried,High School,Home,0,2023-06-24 07:20:18.406135380,Rejected_Review,Rejected
APP100377,2023-06-17 18:02:45.655218408,28,706369.0,10,688.0,664739.0,36,0,0.397,,Bachelor,Education,0,2023-06-21 18:02:45.655218408,Rejected_Review,Rejected
APP100378,2023-06-18 04:45:12.904301436,36,799640.0,11,717.0,753851.0,36,0,0.171,Salaried,Master,Home,0,2023-06-22 04:45:12.904301436,Rejected_Review,Rejected
APP100379,2023-06-18 15:27:40.153384462,34,906063.0,3,635.0,923255.0,48,1,0.178,Self-Employed,Master,Home,0,2023-06-25 15:27:40.153384462,Rejected_Review,Closed
APP100380,2023-06-19 02:10:07.402467490,32,683258.0,7,657.0,1094092.0,36,1,0.335,Business,Master,Vehicle,0,2023-06-24 02:10:07.402467490,Rejected_Review,Rejected
APP100381,2023-06-19 12:52:34.651550518,43,800033.0,5,711.0,1256264.0,12,2,0.281,Business,Master,Home,1,2023-06-24 12:52:34.651550518,Approved_Review,Disbursed
APP100382,2023-06-19 23:35:01.900633546,35,976074.0,12,671.0,1353893.0,36,0,0.299,Salaried,Master,Business,0,2023-06-27 23:35:01.900633546,Rejected_Review,Rejected
APP100383,2023-06-20 10:17:29.149716574,48,539405.0,2,677.0,737380.0,60,1,0.322,Contract,Master,Business,0,2023-06-22 10:17:29.149716574,Standard_Review,Rejected
APP100384,2023-06-20 20:59:56.398799602,54,494283.0,2,623.0,300894.0,24,2,0.119,Salaried,Bachelor,Personal,0,2023-06-24 20:59:56.398799602,Rejected_Review,Rejected
APP100385,2023-06-21 07:42:23.647882628,22,602534.0,10,678.0,516105.0,36,0,0.269,Salaried,Bachelor,Education,0,2023-06-25 07:42:23.647882628,Rejected_Review,Rejected
APP100386,2023-06-21 18:24:50.896965656,52,711049.0,2,797.0,1415366.0,12,1,0.336,Salaried,High School,Education,0,2023-06-26 18:24:50.896965656,Rejected_Review,Rejected
APP100387,2023-06-22 05:07:18.146048684,43,483354.0,7,661.0,754051.0,24,0,0.412,Salaried,Master,Education,0,2023-06-24 05:07:18.146048684,Rejected_Review,Rejected
APP100388,2023-06-22 15:49:45.395131712,42,544453.0,17,615.0,2080301.0,48,2,0.547,Contract,Diploma,Personal,0,2023-06-27 15:49:45.395131712,Rejected_Review,Rejected
APP100389,2023-06-23 02:32:12.644214740,45,777387.0,7,752.0,579165.0,36,0,0.19,Business,Master,Vehicle,0,2023-06-26 02:32:12.644214740,Standard_Review,Closed
APP100390,2023-06-23 13:14:39.893297768,42,697819.0,1,724.0,2224999.0,60,1,0.467,Salaried,Bachelor,Business,0,2023-06-29 13:14:39.893297768,Rejected_Review,Rejected
APP100391,2023-06-23 23:57:07.142380796,42,597988.0,1,704.0,699472.0,36,1,0.261,Salaried,Doctorate,Vehicle,0,2023-06-26 23:57:07.142380796,Rejected_Review,Rejected
APP100392,2023-06-24 10:39:34.391463822,62,296928.0,3,604.0,567479.0,24,2,0.278,Salaried,Diploma,Home,0,2023-06-27 10:39:34.391463822,Rejected_Review,Rejected
APP100393,2023-06-24 21:22:01.640546850,26,648975.0,7,614.0,490413.0,36,5,0.277,Salaried,Master,Home,0,2023-06-29 21:22:01.640546850,Rejected_Review,Rejected
APP100394,2023-06-25 08:04:28.889629878,35,420091.0,3,590.0,973607.0,48,2,0.391,Self-Employed,Bachelor,Personal,0,2023-06-29 08:04:28.889629878,Standard_Review,Rejected
APP100395,2023-06-25 18:46:56.138712906,63,1011672.0,2,718.0,345348.0,12,0,0.248,Self-Employed,Master,Education,0,2023-06-28 18:46:56.138712906,Rejected_Review,Rejected
APP100396,2023-06-26 05:29:23.387795934,57,565691.0,15,756.0,531765.0,36,0,0.267,Salaried,Diploma,Medical,0,2023-06-30 05:29:23.387795934,Rejected_Review,Rejected
APP100397,2023-06-26 16:11:50.636878962,53,415162.0,4,720.0,681836.0,48,1,0.467,Salaried,High School,Medical,0,2023-06-29 16:11:50.636878962,Standard_Review,Rejected
APP100398,2023-06-27 02:54:17.885961988,28,632246.0,10,817.0,226368.0,24,0,0.175,Salaried,Bachelor,Vehicle,0,2023-07-05 02:54:17.885961988,Standard_Review,Rejected
APP100399,2023-06-27 13:36:45.135045016,64,1151461.0,3,661.0,666715.0,60,1,0.194,Salaried,Bachelor,Medical,0,2023-07-02 13:36:45.135045016,Rejected_Review,Closed
APP100400,2023-06-28 00:19:12.384128044,64,863367.0,3,669.0,1654623.0,36,2,0.421,Business,Bachelor,Home,0,2023-07-04 00:19:12.384128044,Rejected_Review,Rejected
APP100401,2023-06-28 11:01:39.633211072,25,717616.0,17,697.0,868752.0,24,1,0.15,Contract,Doctorate,Home,0,2023-07-03 11:01:39.633211072,Standard_Review,Rejected
APP100402,2023-06-28 21:44:06.882294100,59,357891.0,5,675.0,503739.0,48,1,0.285,Salaried,High School,Education,0,2023-07-03 21:44:06.882294100,Rejected_Review,Rejected
APP100403,2023-06-29 08:26:34.131377128,24,1348425.0,6,722.0,551225.0,24,1,0.193,Salaried,Bachelor,Education,0,2023-07-02 08:26:34.131377128,Standard_Review,Rejected
APP100404,2023-06-29 19:09:01.380460154,26,491391.0,1,648.0,828530.0,48,1,0.403,Salaried,Diploma,Education,0,2023-07-02 19:09:01.380460154,Rejected_Review,Rejected
APP100405,2023-06-30 05:51:28.629543182,65,989476.0,13,599.0,542239.0,36,0,0.281,Salaried,High School,Vehicle,0,2023-07-03 05:51:28.629543182,Rejected_Review,Rejected
APP100406,2023-06-30 16:33:55.878626210,52,561470.0,7,574.0,884799.0,24,1,0.417,Salaried,Doctorate,Home,0,2023-07-05 16:33:55.878626210,Rejected_Review,Rejected
APP100407,2023-07-01 03:16:23.127709238,50,947523.0,21,721.0,534640.0,60,3,0.197,Contract,Bachelor,Business,0,2023-07-04 03:16:23.127709238,Rejected_Review,Rejected
APP100408,2023-07-01 13:58:50.376792266,55,1170359.0,6,656.0,419446.0,48,3,0.141,Business,Master,Education,0,2023-07-08 13:58:50.376792266,Rejected_Review,Rejected
APP100409,2023-07-02 00:41:17.625875294,60,870123.0,9,614.0,1263294.0,36,1,0.328,Salaried,Master,Home,0,2023-07-09 00:41:17.625875294,Rejected_Review,Rejected
APP100410,2023-07-02 11:23:44.874958320,36,913339.0,10,650.0,997847.0,36,4,0.262,Salaried,Master,Personal,0,2023-07-03 11:23:44.874958320,Rejected_Review,Rejected
APP100411,2023-07-02 22:06:12.124041348,33,621835.0,7,817.0,272289.0,24,1,0.085,Salaried,Bachelor,Business,1,2023-07-09 22:06:12.124041348,Approved_Review,Disbursed
APP100412,2023-07-03 08:48:39.373124376,62,534690.0,6,618.0,591494.0,48,2,0.294,Salaried,Master,Personal,0,2023-07-05 08:48:39.373124376,Rejected_Review,Rejected
APP100413,2023-07-03 19:31:06.622207404,50,691738.0,11,737.0,1179151.0,60,1,0.291,Self-Employed,Bachelor,Medical,0,2023-07-06 19:31:06.622207404,Rejected_Review,Rejected
APP100414,2023-07-04 06:13:33.871290432,39,557806.0,9,717.0,644201.0,24,0,0.273,Self-Employed,Bachelor,Business,0,2023-07-08 06:13:33.871290432,Rejected_Review,Rejected
APP100415,2023-07-04 16:56:01.120373460,37,1972810.0,4,777.0,523641.0,36,1,0.162,Salaried,Diploma,Personal,0,2023-07-05 16:56:01.120373460,Rejected_Review,Rejected
APP100416,2023-07-05 03:38:28.369456488,39,415886.0,14,682.0,616963.0,36,1,0.478,Business,Bachelor,Home,0,2023-07-08 03:38:28.369456488,Rejected_Review,Rejected
APP100417,2023-07-05 14:20:55.618539514,48,1020360.0,11,589.0,739918.0,36,2,0.3,Self-Employed,Doctorate,Vehicle,0,2023-07-09 14:20:55.618539514,Rejected_Review,Rejected
APP100418,2023-07-06 01:03:22.867622542,46,820333.0,5,755.0,639868.0,48,3,0.288,Salaried,Bachelor,Business,0,2023-07-08 01:03:22.867622542,Rejected_Review,Rejected
APP100419,2023-07-06 11:45:50.116705570,57,720838.0,7,674.0,671653.0,24,0,0.33,Salaried,Master,Business,0,2023-07-07 11:45:50.116705570,Rejected_Review,Rejected
APP100420,2023-07-06 22:28:17.365788598,46,1265119.0,10,773.0,649440.0,24,2,0.187,Salaried,Diploma,Personal,1,2023-07-14 22:28:17.365788598,Approved_Review,Disbursed
APP100421,2023-07-07 09:10:44.614871626,43,743406.0,8,743.0,430209.0,12,0,0.132,Self-Employed,Doctorate,Personal,1,2023-07-11 09:10:44.614871626,Approved_Review,Disbursed
APP100422,2023-07-07 19:53:11.863954654,29,488463.0,20,755.0,419264.0,36,0,0.102,Self-Employed,High School,Business,0,2023-07-13 19:53:11.863954654,Rejected_Review,Rejected
APP100423,2023-07-08 06:35:39.113037680,32,741186.0,6,844.0,405898.0,36,1,0.254,Business,Master,Home,1,2023-07-16 06:35:39.113037680,Approved_Review,Disbursed
APP100424,2023-07-08 17:18:06.362120708,21,598569.0,7,708.0,732769.0,60,0,0.336,Business,Master,Vehicle,0,2023-07-14 17:18:06.362120708,Rejected_Review,Rejected
APP100425,2023-07-09 04:00:33.611203736,21,815214.0,20,784.0,936794.0,48,1,0.235,Business,High School,Business,1,2023-07-12 04:00:33.611203736,Approved_Review,Disbursed
APP100426,2023-07-09 14:43:00.860286764,54,937161.0,10,664.0,437217.0,24,3,0.161,Self-Employed,Bachelor,Vehicle,0,2023-07-12 14:43:00.860286764,Rejected_Review,Rejected
APP100427,2023-07-10 01:25:28.109369792,52,,10,725.0,330637.0,48,0,0.184,Self-Employed,Master,Home,1,2023-07-15 01:25:28.109369792,Approved_Review,Disbursed
APP100428,2023-07-10 12:07:55.358452820,45,1113066.0,9,657.0,452787.0,48,1,0.143,Business,Bachelor,Medical,0,2023-07-15 12:07:55.358452820,Rejected_Review,Rejected
APP100429,2023-07-10 22:50:22.607535846,60,579559.0,4,721.0,1411322.0,36,3,0.407,Salaried,High School,Medical,0,2023-07-15 22:50:22.607535846,Standard_Review,Rejected
APP100430,2023-07-11 09:32:49.856618874,65,793615.0,6,714.0,598559.0,12,0,0.264,Salaried,Master,Personal,0,2023-07-17 09:32:49.856618874,Rejected_Review,Rejected
APP100431,2023-07-11 20:15:17.105701902,21,858027.0,4,556.0,628941.0,24,1,0.312,Salaried,Bachelor,Home,0,2023-07-15 20:15:17.105701902,Rejected_Review,Rejected
APP100432,2023-07-12 06:57:44.354784930,36,766855.0,12,650.0,469761.0,36,2,0.222,Salaried,Diploma,Vehicle,0,2023-07-16 06:57:44.354784930,Standard_Review,Rejected
APP100433,2023-07-12 17:40:11.603867958,59,618857.0,10,705.0,931628.0,60,4,0.419,Business,High School,Vehicle,0,2023-07-15 17:40:11.603867958,Rejected_Review,Rejected
APP100434,2023-07-13 04:22:38.852950986,25,521706.0,5,543.0,658137.0,36,0,0.467,Salaried,Bachelor,Business,0,2023-07-15 04:22:38.852950986,Rejected_Review,Rejected
APP100435,2023-07-13 15:05:06.102034012,42,575895.0,8,684.0,486755.0,60,1,0.279,Business,High School,Home,0,2023-07-15 15:05:06.102034012,Rejected_Review,Rejected
APP100436,2023-07-14 01:47:33.351117040,49,1314616.0,6,756.0,418060.0,48,1,0.184,Salaried,Master,Vehicle,0,2023-07-17 01:47:33.351117040,Rejected_Review,Closed
APP100437,2023-07-14 12:30:00.600200068,23,440245.0,8,775.0,845564.0,36,0,0.218,Contract,Master,Personal,0,2023-07-19 12:30:00.600200068,Rejected_Review,Rejected
APP100438,2023-07-14 23:12:27.849283096,32,470273.0,11,639.0,798770.0,60,0,0.396,Self-Employed,Bachelor,Medical,0,2023-07-18 23:12:27.849283096,Rejected_Review,Rejected
APP100439,2023-07-15 09:54:55.098366124,46,461073.0,7,779.0,376885.0,24,0,0.252,Contract,Bachelor,Business,0,2023-07-18 09:54:55.098366124,Rejected_Review,Rejected
APP100440,2023-07-15 20:37:22.347449152,36,690946.0,18,769.0,1293066.0,12,2,0.381,Salaried,Bachelor,Medical,0,2023-07-18 20:37:22.347449152,Rejected_Review,Rejected
APP100441,2023-07-16 07:19:49.596532180,57,327293.0,4,550.0,507825.0,48,1,0.321,Contract,Doctorate,Medical,0,2023-07-17 07:19:49.596532180,Rejected_Review,Rejected
APP100442,2023-07-16 18:02:16.845615206,42,353495.0,3,698.0,230144.0,36,1,0.198,Salaried,Bachelor,Vehicle,0,2023-07-19 18:02:16.845615206,Rejected_Review,Rejected
APP100443,2023-07-17 04:44:44.094698234,49,577982.0,6,705.0,1503269.0,36,0,0.392,Self-Employed,Doctorate,Business,0,2023-07-23 04:44:44.094698234,Rejected_Review,Rejected
APP100444,2023-07-17 15:27:11.343781262,34,364116.0,12,789.0,665015.0,48,0,0.426,Salaried,Bachelor,Education,0,2023-07-19 15:27:11.343781262,Rejected_Review,Rejected
APP100445,2023-07-18 02:09:38.592864290,48,377719.0,8,709.0,869846.0,60,1,0.237,Business,Bachelor,Vehicle,0,2023-07-19 02:09:38.592864290,Rejected_Review,Rejected
APP100446,2023-07-18 12:52:05.841947318,25,365348.0,2,781.0,1615215.0,36,4,0.712,Contract,High School,Home,0,2023-07-20 12:52:05.841947318,Rejected_Review,Rejected
APP100447,2023-07-18 23:34:33.091030346,50,444077.0,2,639.0,424015.0,36,1,0.158,Business,Bachelor,Home,0,2023-07-21 23:34:33.091030346,Standard_Review,Rejected
APP100448,2023-07-19 10:17:00.340113372,25,903281.0,18,586.0,889579.0,36,1,0.358,Self-Employed,Bachelor,Personal,0,2023-07-23 10:17:00.340113372,Rejected_Review,Rejected
APP100449,2023-07-19 20:59:27.589196400,32,999286.0,7,648.0,1259846.0,48,3,0.278,Salaried,Master,Personal,0,2023-07-23 20:59:27.589196400,Rejected_Review,Rejected
APP100450,2023-07-20 07:41:54.838279428,36,1541518.0,12,793.0,438704.0,24,0,0.223,Salaried,Doctorate,Education,0,2023-07-25 07:41:54.838279428,Rejected_Review,Rejected
APP100451,2023-07-20 18:24:22.087362456,46,1516310.0,6,750.0,1453034.0,60,2,0.278,Salaried,Doctorate,Vehicle,0,2023-07-24 18:24:22.087362456,Rejected_Review,Rejected
APP100452,2023-07-21 05:06:49.336445484,46,925943.0,12,841.0,346021.0,48,0,0.278,Salaried,Diploma,Vehicle,0,2023-07-26 05:06:49.336445484,Rejected_Review,Rejected
APP100453,2023-07-21 15:49:16.585528512,41,1032179.0,5,596.0,667406.0,48,3,0.357,Business,Bachelor,Business,0,2023-07-23 15:49:16.585528512,Rejected_Review,Rejected
APP100454,2023-07-22 02:31:43.834611538,59,689501.0,3,758.0,408876.0,60,3,0.302,,Diploma,Home,0,2023-07-28 02:31:43.834611538,Rejected_Review,Closed
APP100455,2023-07-22 13:14:11.083694566,56,821319.0,9,739.0,991285.0,60,2,0.338,Contract,Diploma,Personal,0,2023-07-27 13:14:11.083694566,Rejected_Review,Rejected
APP100456,2023-07-22 23:56:38.332777594,53,1558679.0,18,671.0,431982.0,24,3,0.163,Salaried,Diploma,Vehicle,1,2023-07-23 23:56:38.332777594,Approved_Review,Disbursed
APP100457,2023-07-23 10:39:05.581860622,50,768175.0,5,740.0,514104.0,24,3,0.264,Self-Employed,Bachelor,Home,0,2023-07-27 10:39:05.581860622,Rejected_Review,Rejected
APP100458,2023-07-23 21:21:32.830943650,57,1092179.0,3,699.0,451059.0,48,1,0.272,Self-Employed,Master,Business,0,2023-08-01 21:21:32.830943650,Rejected_Review,Rejected
APP100459,2023-07-24 08:04:00.080026678,43,426885.0,17,720.0,383796.0,60,2,0.231,Self-Employed,Bachelor,Personal,0,2023-08-01 08:04:00.080026678,Rejected_Review,Rejected
APP100460,2023-07-24 18:46:27.329109704,30,481625.0,2,734.0,477039.0,48,2,0.274,Salaried,Master,Personal,0,2023-07-28 18:46:27.329109704,Rejected_Review,Rejected
APP100461,2023-07-25 05:28:54.578192732,25,748001.0,3,754.0,684312.0,36,0,0.206,Business,Doctorate,Business,0,2023-07-30 05:28:54.578192732,Standard_Review,Rejected
APP100462,2023-07-25 16:11:21.827275760,56,695368.0,3,696.0,665789.0,48,2,0.326,Salaried,Bachelor,Home,0,2023-07-27 16:11:21.827275760,Rejected_Review,Rejected
APP100463,2023-07-26 02:53:49.076358788,54,491766.0,11,806.0,628191.0,24,4,0.338,Salaried,Master,Business,0,2023-07-27 02:53:49.076358788,Rejected_Review,Rejected
APP100464,2023-07-26 13:36:16.325441816,51,1920407.0,16,676.0,501603.0,60,3,0.092,Business,High School,Personal,1,2023-07-30 13:36:16.325441816,Approved_Review,Pending_Disbursement
APP100465,2023-07-27 00:18:43.574524844,30,702496.0,11,812.0,585850.0,36,3,0.274,Contract,Bachelor,Vehicle,0,2023-07-30 00:18:43.574524844,Rejected_Review,Rejected
APP100466,2023-07-27 11:01:10.823607872,39,532587.0,6,617.0,316805.0,60,1,0.208,Business,Bachelor,Medical,0,2023-07-31 11:01:10.823607872,Rejected_Review,Rejected
APP100467,2023-07-27 21:43:38.072690898,52,695896.0,8,626.0,493532.0,36,2,0.244,Salaried,Diploma,Home,0,2023-08-01 21:43:38.072690898,Rejected_Review,Rejected
APP100468,2023-07-28 08:26:05.321773926,21,657480.0,9,630.0,626532.0,60,0,0.215,Salaried,Bachelor,Personal,0,2023-08-02 08:26:05.321773926,Rejected_Review,Rejected
APP100469,2023-07-28 19:08:32.570856956,25,707320.0,11,752.0,810992.0,36,1,0.38,Salaried,Bachelor,Home,0,2023-08-03 19:08:32.570856956,Standard_Review,Closed
APP100470,2023-07-29 05:50:59.819939980,65,317285.0,10,638.0,762965.0,48,0,0.393,Contract,Master,Personal,0,2023-08-03 05:50:59.819939980,Standard_Review,Rejected
APP100471,2023-07-29 16:33:27.069023008,24,1162524.0,15,787.0,378831.0,60,3,0.338,Salaried,Master,Home,1,2023-08-04 16:33:27.069023008,Approved_Review,Pending_Disbursement
APP100472,2023-07-30 03:15:54.318106036,36,1192665.0,4,656.0,866944.0,48,1,0.248,Contract,Bachelor,Education,0,2023-08-05 03:15:54.318106036,Rejected_Review,Rejected
APP100473,2023-07-30 13:58:21.567189064,44,1259685.0,11,716.0,744122.0,48,4,0.2,Contract,Bachelor,Personal,0,2023-08-03 13:58:21.567189064,Rejected_Review,Rejected
APP100474,2023-07-31 00:40:48.816272092,36,752512.0,5,732.0,1438223.0,24,3,0.411,Business,High School,Vehicle,0,2023-08-01 00:40:48.816272092,Rejected_Review,Rejected
APP100475,2023-07-31 11:23:16.065355120,22,875757.0,10,624.0,331584.0,36,1,0.217,Salaried,Bachelor,Personal,0,2023-08-02 11:23:16.065355120,Rejected_Review,Rejected
APP100476,2023-07-31 22:05:43.314438148,48,440174.0,8,600.0,653826.0,60,1,0.467,Salaried,Diploma,Vehicle,0,2023-08-05 22:05:43.314438148,Rejected_Review,Rejected
APP100477,2023-08-01 08:48:10.563521176,52,945560.0,4,708.0,1172312.0,36,2,0.331,Business,Diploma,Medical,0,2023-08-05 08:48:10.563521176,Rejected_Review,Closed
APP100478,2023-08-01 19:30:37.812604204,47,727982.0,6,672.0,603573.0,48,1,0.12,Business,High School,Home,0,2023-08-09 19:30:37.812604204,Rejected_Review,Rejected
APP100479,2023-08-02 06:13:05.061687232,40,528366.0,3,722.0,443347.0,48,2,0.206,Contract,Bachelor,Personal,0,2023-08-03 06:13:05.061687232,Standard_Review,Rejected
APP100480,2023-08-02 16:55:32.310770260,44,959208.0,1,603.0,465471.0,24,2,0.265,Salaried,Bachelor,Personal,0,2023-08-08 16:55:32.310770260,Standard_Review,Rejected
APP100481,2023-08-03 03:37:59.559853288,32,976060.0,5,667.0,1036366.0,36,2,0.265,Business,Diploma,Business,0,2023-08-07 03:37:59.559853288,Rejected_Review,Rejected
APP100482,2023-08-03 14:20:26.808936312,55,667972.0,22,678.0,322801.0,36,2,0.173,Salaried,Diploma,Medical,0,2023-08-05 14:20:26.808936312,Rejected_Review,Rejected
APP100483,2023-08-04 01:02:54.058019340,53,791749.0,1,532.0,592568.0,24,0,0.193,Salaried,Master,Personal,0,2023-08-12 01:02:54.058019340,Rejected_Review,Rejected
APP100484,2023-08-04 11:45:21.307102368,53,408585.0,20,755.0,451712.0,60,2,0.218,Self-Employed,Master,Vehicle,0,2023-08-06 11:45:21.307102368,Rejected_Review,Rejected
APP100485,2023-08-04 22:27:48.556185396,63,1137292.0,3,641.0,469005.0,48,2,0.217,Self-Employed,Bachelor,Vehicle,0,2023-08-09 22:27:48.556185396,Rejected_Review,Rejected
APP100486,2023-08-05 09:10:15.805268424,57,433767.0,2,787.0,872952.0,36,3,0.345,Salaried,High School,Personal,0,2023-08-11 09:10:15.805268424,Rejected_Review,Closed
APP100487,2023-08-05 19:52:43.054351452,32,473206.0,4,645.0,574462.0,36,1,0.39,Salaried,High School,Medical,0,2023-08-07 19:52:43.054351452,Rejected_Review,Closed
APP100488,2023-08-06 06:35:10.303434480,23,668485.0,6,656.0,786504.0,48,0,0.233,Salaried,Diploma,Business,0,2023-08-07 06:35:10.303434480,Standard_Review,Rejected
APP100489,2023-08-06 17:17:37.552517508,21,1073312.0,7,609.0,376183.0,36,2,0.101,Salaried,Master,Education,0,2023-08-11 17:17:37.552517508,Rejected_Review,Rejected
APP100490,2023-08-07 04:00:04.801600536,53,1073038.0,1,765.0,1060006.0,24,4,0.267,Salaried,Bachelor,Education,0,2023-08-13 04:00:04.801600536,Rejected_Review,Rejected
APP100491,2023-08-07 14:42:32.050683564,60,648590.0,5,720.0,778538.0,36,0,0.152,Salaried,Master,Vehicle,0,2023-08-10 14:42:32.050683564,Rejected_Review,Rejected
APP100492,2023-08-08 01:24:59.299766592,30,920418.0,1,781.0,1299954.0,60,4,0.151,Contract,Bachelor,Education,0,2023-08-09 01:24:59.299766592,Rejected_Review,Rejected
APP100493,2023-08-08 12:07:26.548849620,63,303960.0,7,677.0,571123.0,12,1,0.419,Business,Master,Vehicle,0,2023-08-12 12:07:26.548849620,Rejected_Review,Rejected
APP100494,2023-08-08 22:49:53.797932648,64,470257.0,17,687.0,876434.0,36,1,0.377,Business,Bachelor,Personal,0,2023-08-11 22:49:53.797932648,Standard_Review,Rejected
APP100495,2023-08-09 09:32:21.047015672,49,474587.0,6,581.0,1035644.0,60,1,0.266,Salaried,High School,Vehicle,0,2023-08-10 09:32:21.047015672,Standard_Review,Rejected
APP100496,2023-08-09 20:14:48.296098700,33,1141922.0,3,649.0,867858.0,12,3,0.248,Salaried,High School,Business,0,2023-08-14 20:14:48.296098700,Rejected_Review,Rejected
APP100497,2023-08-10 06:57:15.545181728,32,872678.0,3,701.0,1635943.0,60,1,0.355,Business,Master,Home,0,2023-08-13 06:57:15.545181728,Standard_Review,Rejected
APP100498,2023-08-10 17:39:42.794264756,51,706318.0,6,715.0,304744.0,36,2,0.095,Salaried,Bachelor,Personal,0,2023-08-15 17:39:42.794264756,Rejected_Review,Rejected
APP100499,2023-08-11 04:22:10.043347784,22,737859.0,1,809.0,763876.0,24,0,0.325,Salaried,Diploma,Vehicle,0,2023-08-20 04:22:10.043347784,Rejected_Review,Rejected
APP100500,2023-08-11 15:04:37.292430812,55,1316491.0,5,570.0,571436.0,12,1,0.308,Salaried,Master,Vehicle,0,2023-08-15 15:04:37.292430812,Rejected_Review,Rejected
APP100501,2023-08-12 01:47:04.541513840,43,602081.0,6,705.0,551276.0,12,1,0.395,Salaried,High School,Business,0,2023-08-16 01:47:04.541513840,Rejected_Review,Rejected
APP100502,2023-08-12 12:29:31.790596868,37,359834.0,4,666.0,1477117.0,24,2,0.665,Business,Bachelor,Home,0,2023-08-16 12:29:31.790596868,Rejected_Review,Rejected
APP100503,2023-08-12 23:11:59.039679896,46,1060197.0,12,695.0,513358.0,12,3,0.21,Business,Doctorate,Vehicle,0,2023-08-16 23:11:59.039679896,Rejected_Review,Closed
APP100504,2023-08-13 09:54:26.288762924,28,705425.0,4,697.0,1072228.0,36,1,0.457,Contract,Diploma,Personal,0,2023-08-15 09:54:26.288762924,Rejected_Review,Closed
APP100505,2023-08-13 20:36:53.537845952,49,998371.0,8,678.0,413244.0,12,2,0.217,Contract,High School,Education,0,2023-08-18 20:36:53.537845952,Rejected_Review,Rejected
APP100506,2023-08-14 07:19:20.786928980,46,637037.0,8,616.0,1165420.0,48,1,0.346,Self-Employed,Bachelor,Personal,0,2023-08-17 07:19:20.786928980,Standard_Review,Rejected
APP100507,2023-08-14 18:01:48.036012004,30,445663.0,15,604.0,692186.0,60,0,0.29,Salaried,Bachelor,Business,0,2023-08-17 18:01:48.036012004,Standard_Review,Rejected
APP100508,2023-08-15 04:44:15.285095032,46,779180.0,6,673.0,607711.0,60,1,0.282,Salaried,High School,Business,0,2023-08-18 04:44:15.285095032,Rejected_Review,Rejected
APP100509,2023-08-15 15:26:42.534178060,54,652983.0,4,598.0,324636.0,36,1,0.095,Self-Employed,Bachelor,Vehicle,0,2023-08-20 15:26:42.534178060,Rejected_Review,Rejected
APP100510,2023-08-16 02:09:09.783261088,61,706410.0,7,683.0,608343.0,60,0,0.335,Salaried,High School,Personal,0,2023-08-18 02:09:09.783261088,Rejected_Review,Rejected
APP100511,2023-08-16 12:51:37.032344116,27,1345376.0,11,674.0,496560.0,12,0,0.097,Business,Diploma,Business,0,2023-08-21 12:51:37.032344116,Rejected_Review,Rejected
APP100512,2023-08-16 23:34:04.281427144,24,396453.0,11,531.0,1677251.0,24,0,0.598,Self-Employed,Master,Personal,0,2023-08-21 23:34:04.281427144,Rejected_Review,Rejected
APP100513,2023-08-17 10:16:31.530510172,65,739250.0,10,816.0,718319.0,36,1,0.288,Business,Master,Education,0,2023-08-21 10:16:31.530510172,Rejected_Review,Rejected
APP100514,2023-08-17 20:58:58.779593200,31,449629.0,4,695.0,519482.0,48,1,0.411,Self-Employed,Master,Personal,0,2023-08-18 20:58:58.779593200,Rejected_Review,Rejected
APP100515,2023-08-18 07:41:26.028676228,49,202599.0,7,532.0,508598.0,60,0,0.432,Salaried,High School,Medical,0,2023-08-21 07:41:26.028676228,Standard_Review,Rejected
APP100516,2023-08-18 18:23:53.277759256,56,635834.0,7,706.0,354650.0,48,0,0.143,Business,Master,Education,0,2023-08-22 18:23:53.277759256,Rejected_Review,Rejected
APP100517,2023-08-19 05:06:20.526842284,45,659138.0,12,677.0,1498500.0,36,3,0.498,Business,Bachelor,Medical,0,2023-08-20 05:06:20.526842284,Standard_Review,Rejected
APP100518,2023-08-19 15:48:47.775925312,41,860538.0,2,604.0,1311885.0,48,1,0.302,Business,Bachelor,Vehicle,0,2023-08-24 15:48:47.775925312,Standard_Review,Rejected
APP100519,2023-08-20 02:31:15.025008340,56,589385.0,10,710.0,676966.0,24,3,0.17,Business,Bachelor,Home,0,2023-08-27 02:31:15.025008340,Rejected_Review,Rejected
APP100520,2023-08-20 13:13:42.274091364,30,332594.0,8,629.0,2081311.0,36,5,0.75,Salaried,Master,Vehicle,0,2023-08-25 13:13:42.274091364,Rejected_Review,Rejected
APP100521,2023-08-20 23:56:09.523174392,57,448935.0,27,,695430.0,36,1,0.32,Contract,Bachelor,Home,0,2023-08-22 23:56:09.523174392,Rejected_Review,Rejected
APP100522,2023-08-21 10:38:36.772257420,29,1175682.0,12,644.0,1211115.0,24,1,0.257,Salaried,Bachelor,Education,0,2023-08-30 10:38:36.772257420,Rejected_Review,Rejected
APP100523,2023-08-21 21:21:04.021340448,44,446076.0,3,631.0,929049.0,12,0,0.452,Business,Master,Home,0,2023-08-24 21:21:04.021340448,Rejected_Review,Rejected
APP100524,2023-08-22 08:03:31.270423476,55,1325339.0,6,689.0,525227.0,48,2,0.255,Business,Master,Home,0,2023-08-27 08:03:31.270423476,Rejected_Review,Rejected
APP100525,2023-08-22 18:45:58.519506504,55,1042592.0,8,585.0,766826.0,36,1,0.186,Salaried,High School,Home,0,2023-08-25 18:45:58.519506504,Rejected_Review,Rejected
APP100526,2023-08-23 05:28:25.768589532,56,563389.0,4,685.0,843401.0,36,1,0.338,Contract,Bachelor,Home,0,2023-08-27 05:28:25.768589532,Standard_Review,Closed
APP100527,2023-08-23 16:10:53.017672560,38,468196.0,4,733.0,364653.0,36,2,0.134,Contract,High School,Education,0,2023-08-30 16:10:53.017672560,Rejected_Review,Rejected
APP100528,2023-08-24 02:53:20.266755588,59,1041621.0,12,773.0,808409.0,60,2,0.225,Self-Employed,Bachelor,Medical,1,2023-08-26 02:53:20.266755588,Approved_Review,Disbursed
APP100529,2023-08-24 13:35:47.515838616,52,583219.0,4,761.0,1238372.0,36,2,0.343,Business,Master,Medical,0,2023-08-27 13:35:47.515838616,Rejected_Review,Rejected
APP100530,2023-08-25 00:18:14.764921644,44,324222.0,20,778.0,495375.0,24,1,0.319,Contract,Master,Personal,0,2023-08-29 00:18:14.764921644,Rejected_Review,Rejected
APP100531,2023-08-25 11:00:42.014004672,43,837160.0,6,660.0,630094.0,36,1,0.212,Salaried,Diploma,Home,1,2023-08-26 11:00:42.014004672,Standard_Review,Pending_Disbursement
APP100532,2023-08-25 21:43:09.263087696,52,784260.0,1,623.0,401930.0,48,1,0.199,Contract,High School,Home,0,2023-08-31 21:43:09.263087696,Standard_Review,Rejected
APP100533,2023-08-26 08:25:36.512170724,57,1084571.0,5,743.0,549870.0,12,3,0.094,Self-Employed,Bachelor,Home,0,2023-08-29 08:25:36.512170724,Rejected_Review,Rejected
APP100534,2023-08-26 19:08:03.761253752,32,760739.0,5,656.0,571622.0,36,2,0.148,Business,Bachelor,Vehicle,0,2023-08-30 19:08:03.761253752,Rejected_Review,Rejected
APP100535,2023-08-27 05:50:31.010336780,33,507682.0,8,690.0,1540961.0,36,0,0.499,,Bachelor,Medical,0,2023-08-29 05:50:31.010336780,Rejected_Review,Rejected
APP100536,2023-08-27 16:32:58.259419808,43,1150933.0,5,739.0,597339.0,36,2,0.317,Self-Employed,Bachelor,Personal,0,2023-08-29 16:32:58.259419808,Rejected_Review,Rejected
APP100537,2023-08-28 03:15:25.508502836,45,1202452.0,5,821.0,536958.0,36,3,0.255,Business,Bachelor,Education,0,2023-09-01 03:15:25.508502836,Rejected_Review,Rejected
APP100538,2023-08-28 13:57:52.757585864,55,721921.0,9,724.0,667876.0,48,0,0.291,Salaried,Diploma,Vehicle,0,2023-09-04 13:57:52.757585864,Rejected_Review,Rejected
APP100539,2023-08-29 00:40:20.006668892,61,667886.0,11,703.0,298043.0,60,4,0.162,Salaried,Master,Personal,0,2023-08-31 00:40:20.006668892,Rejected_Review,Rejected
APP100540,2023-08-29 11:22:47.255751920,50,358347.0,3,617.0,215233.0,60,2,0.156,Self-Employed,Diploma,Personal,0,2023-09-04 11:22:47.255751920,Rejected_Review,Rejected
APP100541,2023-08-29 22:05:14.504834948,37,494519.0,6,766.0,350732.0,48,2,0.279,Salaried,High School,Home,1,2023-09-05 22:05:14.504834948,Standard_Review,Disbursed
APP100542,2023-08-30 08:47:41.753917976,40,915361.0,1,717.0,823145.0,36,3,0.176,Salaried,Bachelor,Home,0,2023-09-05 08:47:41.753917976,Rejected_Review,Rejected
APP100543,2023-08-30 19:30:09.003001004,45,505828.0,10,667.0,699064.0,60,2,0.43,Salaried,Bachelor,Business,0,2023-09-03 19:30:09.003001004,Standard_Review,Rejected
APP100544,2023-08-31 06:12:36.252084032,42,337443.0,6,661.0,1080990.0,60,4,0.531,Salaried,Master,Home,0,2023-09-04 06:12:36.252084032,Rejected_Review,Rejected
APP100545,2023-08-31 16:55:03.501167056,33,3000000.0,5,664.0,327306.0,60,2,0.304,Salaried,High School,Personal,0,2023-09-07 16:55:03.501167056,Rejected_Review,Rejected
APP100546,2023-09-01 03:37:30.750250084,39,336447.0,7,693.0,632101.0,24,5,0.495,Salaried,Doctorate,Education,0,2023-09-07 03:37:30.750250084,Rejected_Review,Rejected
APP100547,2023-09-01 14:19:57.999333112,56,1794552.0,7,595.0,315819.0,12,2,0.201,Self-Employed,Diploma,Home,0,2023-09-05 14:19:57.999333112,Rejected_Review,Rejected
APP100548,2023-09-02 01:02:25.248416140,32,566021.0,5,769.0,800103.0,60,3,0.346,Self-Employed,Bachelor,Home,0,2023-09-04 01:02:25.248416140,Rejected_Review,Rejected
APP100549,2023-09-02 11:44:52.497499168,61,625730.0,9,757.0,351472.0,60,0,0.172,Salaried,Bachelor,Home,0,2023-09-10 11:44:52.497499168,Rejected_Review,Rejected
APP100550,2023-09-02 22:27:19.746582196,39,480317.0,7,679.0,619800.0,36,0,0.397,Salaried,Master,Business,0,2023-09-06 22:27:19.746582196,Rejected_Review,Closed
APP100551,2023-09-03 09:09:46.995665224,32,924496.0,22,664.0,776098.0,60,2,0.224,Business,Master,Home,0,2023-09-06 09:09:46.995665224,Rejected_Review,Rejected
APP100552,2023-09-03 19:52:14.244748252,29,340044.0,16,688.0,575639.0,48,1,0.235,Self-Employed,High School,Education,0,2023-09-08 19:52:14.244748252,Rejected_Review,Rejected
APP100553,2023-09-04 06:34:41.493831280,27,283957.0,10,700.0,225903.0,36,1,0.326,Salaried,Bachelor,Personal,0,2023-09-05 06:34:41.493831280,Rejected_Review,Rejected
APP100554,2023-09-04 17:17:08.742914308,48,1341508.0,5,670.0,1607197.0,36,3,0.332,Salaried,Bachelor,Home,0,2023-09-09 17:17:08.742914308,Rejected_Review,Rejected
APP100555,2023-09-05 03:59:35.991997336,34,452680.0,3,755.0,545876.0,48,2,0.259,Salaried,Master,Education,0,2023-09-10 03:59:35.991997336,Rejected_Review,Rejected
APP100556,2023-09-05 14:42:03.241080364,51,909334.0,9,597.0,313039.0,36,2,0.21,Business,Bachelor,Home,0,2023-09-10 14:42:03.241080364,Rejected_Review,Rejected
APP100557,2023-09-06 01:24:30.490163388,39,398823.0,17,644.0,1024212.0,60,0,0.46,Self-Employed,Bachelor,Home,0,2023-09-12 01:24:30.490163388,Rejected_Review,Rejected
APP100558,2023-09-06 12:06:57.739246416,36,894050.0,11,740.0,1043531.0,36,3,0.394,Salaried,Master,Business,0,2023-09-11 12:06:57.739246416,Rejected_Review,Rejected
APP100559,2023-09-06 22:49:24.988329444,25,1386542.0,28,711.0,601839.0,60,1,0.132,Salaried,Bachelor,Home,1,2023-09-11 22:49:24.988329444,Approved_Review,Disbursed
APP100560,2023-09-07 09:31:52.237412472,55,512739.0,2,646.0,1509003.0,60,0,0.607,Contract,Doctorate,Business,0,2023-09-12 09:31:52.237412472,Standard_Review,Rejected
APP100561,2023-09-07 20:14:19.486495500,32,272305.0,14,716.0,483346.0,12,1,0.456,Self-Employed,Master,Vehicle,0,2023-09-13 20:14:19.486495500,Rejected_Review,Rejected
APP100562,2023-09-08 06:56:46.735578528,45,1389820.0,6,638.0,764257.0,24,1,0.171,Salaried,Master,Business,0,2023-09-11 06:56:46.735578528,Rejected_Review,Rejected
APP100563,2023-09-08 17:39:13.984661556,41,986124.0,4,,903685.0,48,2,0.289,Contract,Master,Medical,0,2023-09-13 17:39:13.984661556,Rejected_Review,Rejected
APP100564,2023-09-09 04:21:41.233744584,56,525245.0,12,758.0,1492308.0,36,1,0.529,Salaried,Bachelor,Education,0,2023-09-12 04:21:41.233744584,Standard_Review,Closed
APP100565,2023-09-09 15:04:08.482827612,43,589276.0,4,751.0,264919.0,48,0,0.412,Business,Bachelor,Business,0,2023-09-14 15:04:08.482827612,Rejected_Review,Rejected
APP100566,2023-09-10 01:46:35.731910640,36,394326.0,5,709.0,2201696.0,24,2,0.75,Salaried,Diploma,Personal,0,2023-09-14 01:46:35.731910640,Rejected_Review,Rejected
APP100567,2023-09-10 12:29:02.980993668,59,1231623.0,7,622.0,1258929.0,36,2,0.138,Salaried,Master,Medical,0,2023-09-12 12:29:02.980993668,Standard_Review,Rejected
APP100568,2023-09-10 23:11:30.230076696,65,510990.0,12,665.0,876387.0,24,0,0.215,Self-Employed,Bachelor,Business,0,2023-09-15 23:11:30.230076696,Rejected_Review,Rejected
APP100569,2023-09-11 09:53:57.479159724,62,343282.0,6,696.0,469306.0,36,0,0.329,Salaried,Bachelor,Home,0,2023-09-12 09:53:57.479159724,Standard_Review,Rejected
APP100570,2023-09-11 20:36:24.728242748,59,715594.0,7,785.0,449999.0,24,1,0.297,Salaried,Master,Home,0,2023-09-13 20:36:24.728242748,Rejected_Review,Rejected
APP100571,2023-09-12 07:18:51.977325776,34,441407.0,4,574.0,808351.0,60,1,0.307,Contract,Master,Education,0,2023-09-17 07:18:51.977325776,Rejected_Review,Rejected
APP100572,2023-09-12 18:01:19.226408804,51,408898.0,7,633.0,896036.0,36,2,0.4,Salaried,Bachelor,Personal,0,2023-09-15 18:01:19.226408804,Rejected_Review,Rejected
APP100573,2023-09-13 04:43:46.475491832,25,535621.0,12,763.0,840094.0,60,2,0.307,Self-Employed,High School,Business,0,2023-09-18 04:43:46.475491832,Rejected_Review,Rejected
APP100574,2023-09-13 15:26:13.724574860,55,675756.0,10,778.0,758207.0,60,0,0.205,Salaried,Diploma,Business,0,2023-09-22 15:26:13.724574860,Rejected_Review,Rejected
APP100575,2023-09-14 02:08:40.973657888,43,349140.0,7,685.0,868755.0,60,2,0.491,Contract,Bachelor,Business,0,2023-09-15 02:08:40.973657888,Rejected_Review,Rejected
APP100576,2023-09-14 12:51:08.222740916,49,1212318.0,4,790.0,234691.0,36,0,0.051,Contract,Bachelor,Education,0,2023-09-19 12:51:08.222740916,Standard_Review,Rejected
APP100577,2023-09-14 23:33:35.471823944,63,881561.0,2,642.0,612794.0,48,4,0.278,Salaried,High School,Home,0,2023-09-22 23:33:35.471823944,Rejected_Review,Rejected
APP100578,2023-09-15 10:16:02.720906972,31,551454.0,14,592.0,350536.0,24,1,0.196,Self-Employed,Bachelor,Medical,0,2023-09-19 10:16:02.720906972,Rejected_Review,Rejected
APP100579,2023-09-15 20:58:29.969990000,38,432883.0,2,741.0,685954.0,24,3,0.409,Business,High School,Personal,0,2023-09-19 20:58:29.969990000,Standard_Review,Rejected
APP100580,2023-09-16 07:40:57.219073028,32,624419.0,11,774.0,1345220.0,60,0,0.421,Salaried,Diploma,Vehicle,0,2023-09-19 07:40:57.219073028,Rejected_Review,Rejected
APP100581,2023-09-16 18:23:24.468156056,29,974299.0,6,773.0,444405.0,12,0,0.096,Self-Employed,Master,Vehicle,0,2023-09-18 18:23:24.468156056,Rejected_Review,Rejected
APP100582,2023-09-17 05:05:51.717239080,30,908718.0,6,634.0,490996.0,60,1,0.237,Contract,Bachelor,Vehicle,0,2023-09-18 05:05:51.717239080,Rejected_Review,Rejected
APP100583,2023-09-17 15:48:18.966322108,64,1046597.0,3,703.0,457749.0,48,1,0.176,Salaried,Bachelor,Home,0,2023-09-20 15:48:18.966322108,Rejected_Review,Rejected
APP100584,2023-09-18 02:30:46.215405136,37,523639.0,5,745.0,489374.0,36,1,0.339,Business,Diploma,Education,0,2023-09-22 02:30:46.215405136,Rejected_Review,Rejected
APP100585,2023-09-18 13:13:13.464488164,58,180000.0,3,710.0,923441.0,24,2,0.75,Salaried,Master,Education,0,2023-09-22 13:13:13.464488164,Rejected_Review,Rejected
APP100586,2023-09-18 23:55:40.713571192,27,1139662.0,8,784.0,1037614.0,48,1,0.339,Self-Employed,Master,Vehicle,0,2023-09-24 23:55:40.713571192,Rejected_Review,Rejected
APP100587,2023-09-19 10:38:07.962654220,33,602890.0,9,664.0,1459254.0,36,0,0.416,Salaried,Bachelor,Education,0,2023-09-25 10:38:07.962654220,Rejected_Review,Rejected
APP100588,2023-09-19 21:20:35.211737248,60,877211.0,2,685.0,423484.0,48,0,0.144,Salaried,Master,Home,1,2023-09-23 21:20:35.211737248,Approved_Review,Disbursed
APP100589,2023-09-20 08:03:02.460820276,62,1377637.0,9,705.0,985402.0,36,2,0.235,Salaried,Bachelor,Personal,0,2023-09-25 08:03:02.460820276,Rejected_Review,Rejected
APP100590,2023-09-20 18:45:29.709903304,29,1943909.0,10,744.0,1070911.0,12,3,0.267,Salaried,High School,Personal,1,2023-09-24 18:45:29.709903304,Approved_Review,Disbursed
APP100591,2023-09-21 05:27:56.958986332,47,485196.0,7,677.0,1599951.0,36,1,0.479,Business,High School,Home,0,2023-09-23 05:27:56.958986332,Rejected_Review,Rejected
APP100592,2023-09-21 16:10:24.208069360,22,690388.0,3,750.0,439587.0,36,1,0.248,Salaried,High School,Education,0,2023-09-27 16:10:24.208069360,Rejected_Review,Rejected
APP100593,2023-09-22 02:52:51.457152388,25,1202369.0,14,794.0,257055.0,12,1,0.202,Salaried,Bachelor,Personal,0,2023-09-26 02:52:51.457152388,Standard_Review,Rejected
APP100594,2023-09-22 13:35:18.706235416,49,444543.0,7,656.0,609347.0,12,1,0.411,Salaried,Bachelor,Personal,0,2023-09-27 13:35:18.706235416,Standard_Review,Rejected
APP100595,2023-09-23 00:17:45.955318440,57,500207.0,16,679.0,2850997.0,36,2,0.75,Salaried,Bachelor,Vehicle,0,2023-10-02 00:17:45.955318440,Standard_Review,Closed
APP100596,2023-09-23 11:00:13.204401468,58,498875.0,12,753.0,404823.0,48,0,0.282,Self-Employed,Bachelor,Personal,0,2023-09-29 11:00:13.204401468,Rejected_Review,Rejected
APP100597,2023-09-23 21:42:40.453484496,39,641835.0,8,815.0,892961.0,48,2,0.283,Salaried,Bachelor,Home,0,2023-09-27 21:42:40.453484496,Rejected_Review,Rejected
APP100598,2023-09-24 08:25:07.702567524,28,588700.0,4,731.0,231092.0,36,3,0.144,Business,Diploma,Personal,0,2023-09-25 08:25:07.702567524,Standard_Review,Rejected
APP100599,2023-09-24 19:07:34.951650552,65,497584.0,3,639.0,1734545.0,48,1,0.704,Self-Employed,High School,Personal,0,2023-09-30 19:07:34.951650552,Rejected_Review,Rejected
APP100600,2023-09-25 05:50:02.200733580,21,420894.0,11,703.0,273685.0,48,1,0.259,Business,Master,Personal,0,2023-09-26 05:50:02.200733580,Rejected_Review,Rejected
APP100601,2023-09-25 16:32:29.449816608,42,936684.0,2,752.0,211773.0,36,1,0.285,Salaried,Master,Personal,0,2023-09-28 16:32:29.449816608,Rejected_Review,Rejected
APP100602,2023-09-26 03:14:56.698899636,37,1186777.0,5,637.0,735474.0,36,2,0.172,Self-Employed,Bachelor,Home,0,2023-09-27 03:14:56.698899636,Rejected_Review,Rejected
APP100603,2023-09-26 13:57:23.947982664,27,1266730.0,7,620.0,742680.0,36,0,0.338,Salaried,Diploma,Education,0,2023-09-29 13:57:23.947982664,Rejected_Review,Rejected
APP100604,2023-09-27 00:39:51.197065692,45,523475.0,13,668.0,1423288.0,24,1,0.448,Salaried,Diploma,Vehicle,0,2023-09-30 00:39:51.197065692,Rejected_Review,Closed
APP100605,2023-09-27 11:22:18.446148720,65,954463.0,1,733.0,1070425.0,36,1,0.34,Business,Doctorate,Home,0,2023-10-01 11:22:18.446148720,Standard_Review,Rejected
APP100606,2023-09-27 22:04:45.695231748,24,722935.0,7,601.0,257441.0,36,0,0.127,Business,Diploma,Personal,0,2023-10-01 22:04:45.695231748,Rejected_Review,Rejected
APP100607,2023-09-28 08:47:12.944314772,56,502789.0,4,645.0,648814.0,48,0,0.23,Salaried,High School,Personal,0,2023-10-04 08:47:12.944314772,Rejected_Review,Rejected
APP100608,2023-09-28 19:29:40.193397800,26,904489.0,5,708.0,494000.0,60,0,0.214,Contract,Bachelor,Personal,0,2023-10-03 19:29:40.193397800,Standard_Review,Rejected
APP100609,2023-09-29 06:12:07.442480828,51,492503.0,13,761.0,359083.0,36,1,0.346,Business,Diploma,Education,1,2023-10-05 06:12:07.442480828,Approved_Review,Disbursed
APP100610,2023-09-29 16:54:34.691563856,39,548777.0,13,709.0,869499.0,48,0,0.429,Salaried,Doctorate,Personal,0,2023-09-30 16:54:34.691563856,Rejected_Review,Rejected
APP100611,2023-09-30 03:37:01.940646884,64,349829.0,8,714.0,1179176.0,60,1,0.564,Salaried,Bachelor,Home,0,2023-10-04 03:37:01.940646884,Rejected_Review,Rejected
APP100612,2023-09-30 14:19:29.189729912,59,527460.0,13,755.0,467983.0,24,2,0.234,Salaried,Doctorate,Home,0,2023-10-05 14:19:29.189729912,Rejected_Review,Rejected
APP100613,2023-10-01 01:01:56.438812940,47,728662.0,14,794.0,592680.0,60,3,0.27,Salaried,Master,Business,0,2023-10-05 01:01:56.438812940,Rejected_Review,Closed
APP100614,2023-10-01 11:44:23.687895968,30,1316844.0,3,787.0,612769.0,12,2,0.132,Salaried,Master,Home,0,2023-10-04 11:44:23.687895968,Standard_Review,Rejected
APP100615,2023-10-01 22:26:50.936978996,46,554407.0,15,557.0,502974.0,60,0,0.269,Salaried,Master,Medical,0,2023-10-03 22:26:50.936978996,Rejected_Review,Rejected
APP100616,2023-10-02 09:09:18.186062024,39,407400.0,20,696.0,565318.0,24,1,0.32,Salaried,Bachelor,Education,0,2023-10-10 09:09:18.186062024,Rejected_Review,Rejected
APP100617,2023-10-02 19:51:45.435145052,59,1275111.0,3,749.0,502813.0,36,1,0.201,Salaried,High School,Vehicle,0,2023-10-07 19:51:45.435145052,Rejected_Review,Rejected
APP100618,2023-10-03 06:34:12.684228080,23,517973.0,12,800.0,745010.0,48,1,0.355,Salaried,Bachelor,Personal,0,2023-10-04 06:34:12.684228080,Rejected_Review,Closed
APP100619,2023-10-03 17:16:39.933311108,65,295953.0,9,732.0,522100.0,60,2,0.417,Salaried,Diploma,Vehicle,0,2023-10-04 17:16:39.933311108,Rejected_Review,Rejected
APP100620,2023-10-04 03:59:07.182394132,33,690119.0,1,634.0,866643.0,36,1,0.133,Salaried,Bachelor,Vehicle,0,2023-10-05 03:59:07.182394132,Standard_Review,Rejected
APP100621,2023-10-04 14:41:34.431477160,48,561619.0,6,643.0,521144.0,48,3,0.203,Self-Employed,Bachelor,Vehicle,0,2023-10-05 14:41:34.431477160,Standard_Review,Rejected
APP100622,2023-10-05 01:24:01.680560188,40,1830145.0,1,645.0,967244.0,48,1,0.168,Salaried,High School,Vehicle,0,2023-10-07 01:24:01.680560188,Rejected_Review,Rejected
APP100623,2023-10-05 12:06:28.929643216,48,805036.0,3,710.0,515552.0,24,1,0.216,Business,High School,Vehicle,0,2023-10-11 12:06:28.929643216,Rejected_Review,Rejected
APP100624,2023-10-05 22:48:56.178726244,28,608574.0,11,659.0,947615.0,36,1,0.332,Contract,High School,Medical,0,2023-10-10 22:48:56.178726244,Rejected_Review,Rejected
APP100625,2023-10-06 09:31:23.427809272,61,428782.0,8,492.0,457961.0,36,0,0.323,Salaried,Master,Medical,0,2023-10-08 09:31:23.427809272,Rejected_Review,Rejected
APP100626,2023-10-06 20:13:50.676892300,59,754117.0,8,613.0,1089813.0,36,0,0.346,Salaried,Master,Business,0,2023-10-08 20:13:50.676892300,Rejected_Review,Rejected
APP100627,2023-10-07 06:56:17.925975328,21,1251993.0,3,661.0,287743.0,48,1,0.261,Self-Employed,Master,Vehicle,0,2023-10-10 06:56:17.925975328,Rejected_Review,Rejected
APP100628,2023-10-07 17:38:45.175058356,23,747915.0,3,601.0,697957.0,60,0,0.241,Salaried,Diploma,Personal,0,2023-10-09 17:38:45.175058356,Rejected_Review,Rejected
APP100629,2023-10-08 04:21:12.424141384,33,443913.0,8,611.0,527160.0,48,0,0.245,Salaried,Diploma,Personal,0,2023-10-11 04:21:12.424141384,Rejected_Review,Rejected
APP100630,2023-10-08 15:03:39.673224412,48,828349.0,8,823.0,684022.0,60,1,0.239,Salaried,High School,Personal,0,2023-10-10 15:03:39.673224412,Standard_Review,Rejected
APP100631,2023-10-09 01:46:06.922307440,45,635937.0,10,689.0,386869.0,12,2,0.225,Salaried,Bachelor,Personal,0,2023-10-13 01:46:06.922307440,Rejected_Review,Rejected
APP100632,2023-10-09 12:28:34.171390464,53,795402.0,14,665.0,635100.0,12,0,0.253,Salaried,Bachelor,Medical,0,2023-10-10 12:28:34.171390464,Standard_Review,Rejected
APP100633,2023-10-09 23:11:01.420473492,58,554080.0,5,733.0,401980.0,60,1,0.219,Contract,Master,Personal,0,2023-10-13 23:11:01.420473492,Rejected_Review,Rejected
APP100634,2023-10-10 09:53:28.669556520,26,548254.0,5,764.0,621413.0,60,0,0.362,Salaried,Master,Personal,0,2023-10-14 09:53:28.669556520,Rejected_Review,Rejected
APP100635,2023-10-10 20:35:55.918639548,64,538599.0,16,836.0,593184.0,24,2,0.351,Self-Employed,High School,Vehicle,0,2023-10-12 20:35:55.918639548,Rejected_Review,Rejected
APP100636,2023-10-11 07:18:23.167722576,65,993247.0,9,801.0,825543.0,36,1,0.326,Salaried,Doctorate,Vehicle,1,2023-10-14 07:18:23.167722576,Approved_Review,Disbursed
APP100637,2023-10-11 18:00:50.416805604,52,550744.0,9,718.0,723416.0,60,2,0.239,Salaried,Master,Personal,0,2023-10-15 18:00:50.416805604,Standard_Review,Rejected
APP100638,2023-10-12 04:43:17.665888632,65,528527.0,5,590.0,1790467.0,24,0,0.607,Salaried,Master,Home,0,2023-10-18 04:43:17.665888632,Rejected_Review,Rejected
APP100639,2023-10-12 15:25:44.914971660,41,425405.0,9,625.0,542459.0,36,1,0.415,Business,Diploma,Education,0,2023-10-18 15:25:44.914971660,Rejected_Review,Rejected
APP100640,2023-10-13 02:08:12.164054688,36,797338.0,6,664.0,655086.0,48,2,0.327,Salaried,Master,Medical,0,2023-10-17 02:08:12.164054688,Rejected_Review,Rejected
APP100641,2023-10-13 12:50:39.413137716,41,747877.0,20,723.0,3440024.0,60,2,0.666,Salaried,Bachelor,Vehicle,0,2023-10-18 12:50:39.413137716,Rejected_Review,Rejected
APP100642,2023-10-13 23:33:06.662220744,31,531141.0,8,696.0,625971.0,48,3,0.268,Salaried,Diploma,Education,0,2023-10-17 23:33:06.662220744,Rejected_Review,Rejected
APP100643,2023-10-14 10:15:33.911303772,57,472365.0,13,594.0,1127424.0,48,0,0.327,Salaried,Bachelor,Vehicle,0,2023-10-20 10:15:33.911303772,Rejected_Review,Rejected
APP100644,2023-10-14 20:58:01.160386800,56,1512094.0,12,583.0,933887.0,36,2,0.314,Salaried,Diploma,Education,0,2023-10-21 20:58:01.160386800,Rejected_Review,Rejected
APP100645,2023-10-15 07:40:28.409469824,55,278878.0,7,707.0,2249515.0,48,0,0.75,Self-Employed,Master,Personal,0,2023-10-21 07:40:28.409469824,Rejected_Review,Rejected
APP100646,2023-10-15 18:22:55.658552852,39,811512.0,3,698.0,342324.0,24,0,0.167,Salaried,Master,Personal,0,2023-10-20 18:22:55.658552852,Standard_Review,Rejected
APP100647,2023-10-16 05:05:22.907635880,40,1162239.0,12,676.0,323368.0,60,1,0.223,Salaried,Bachelor,Personal,0,2023-10-21 05:05:22.907635880,Standard_Review,Rejected
APP100648,2023-10-16 15:47:50.156718908,38,180000.0,7,721.0,400270.0,36,3,0.427,,Diploma,Home,0,2023-10-20 15:47:50.156718908,Rejected_Review,Rejected
APP100649,2023-10-17 02:30:17.405801936,61,929211.0,5,771.0,763162.0,48,0,0.274,,Bachelor,Education,1,2023-10-19 02:30:17.405801936,Approved_Review,Disbursed
APP100650,2023-10-17 13:12:44.654884964,34,588665.0,7,710.0,423850.0,60,1,0.196,Salaried,High School,Education,0,2023-10-20 13:12:44.654884964,Rejected_Review,Rejected
APP100651,2023-10-17 23:55:11.903967992,35,729382.0,3,629.0,240895.0,12,1,0.102,Self-Employed,Diploma,Home,0,2023-10-22 23:55:11.903967992,Rejected_Review,Rejected
APP100652,2023-10-18 10:37:39.153051020,51,562008.0,7,814.0,440937.0,60,2,0.259,Salaried,Bachelor,Personal,0,2023-10-21 10:37:39.153051020,Rejected_Review,Rejected
APP100653,2023-10-18 21:20:06.402134048,21,1054582.0,6,679.0,841657.0,36,3,0.184,Business,High School,Vehicle,0,2023-10-19 21:20:06.402134048,Rejected_Review,Rejected
APP100654,2023-10-19 08:02:33.651217076,23,765383.0,9,693.0,445538.0,36,0,0.256,Salaried,Master,Education,0,2023-10-23 08:02:33.651217076,Rejected_Review,Rejected
APP100655,2023-10-19 18:45:00.900300104,36,689693.0,5,648.0,1239281.0,24,3,0.303,Self-Employed,Diploma,Education,0,2023-10-20 18:45:00.900300104,Standard_Review,Rejected
APP100656,2023-10-20 05:27:28.149383132,43,433757.0,9,620.0,398771.0,60,0,0.25,Self-Employed,Master,Home,0,2023-10-28 05:27:28.149383132,Rejected_Review,Rejected
APP100657,2023-10-20 16:09:55.398466156,31,1516263.0,11,625.0,704968.0,60,1,0.326,Salaried,High School,Personal,0,2023-10-23 16:09:55.398466156,Rejected_Review,Rejected
APP100658,2023-10-21 02:52:22.647549184,32,652911.0,9,611.0,575718.0,12,1,0.271,Self-Employed,Bachelor,Home,0,2023-10-25 02:52:22.647549184,Rejected_Review,Closed
APP100659,2023-10-21 13:34:49.896632212,30,1821444.0,2,494.0,769176.0,12,1,0.145,Salaried,Master,Education,0,2023-10-27 13:34:49.896632212,Rejected_Review,Rejected
APP100660,2023-10-22 00:17:17.145715240,52,1547473.0,6,680.0,808764.0,60,3,0.248,Salaried,Diploma,Home,0,2023-10-31 00:17:17.145715240,Rejected_Review,Rejected
APP100661,2023-10-22 10:59:44.394798268,36,291989.0,9,762.0,1546390.0,24,0,0.75,Business,Master,Vehicle,0,2023-10-26 10:59:44.394798268,Standard_Review,Rejected
APP100662,2023-10-22 21:42:11.643881296,28,484078.0,11,626.0,988317.0,48,2,0.34,Salaried,Master,Vehicle,1,2023-10-24 21:42:11.643881296,Approved_Review,Disbursed
APP100663,2023-10-23 08:24:38.892964324,58,407624.0,4,850.0,567192.0,48,2,0.319,Salaried,Bachelor,Personal,0,2023-10-28 08:24:38.892964324,Rejected_Review,Rejected
APP100664,2023-10-23 19:07:06.142047352,32,636052.0,9,780.0,950998.0,60,4,0.416,Self-Employed,Bachelor,Personal,0,2023-10-27 19:07:06.142047352,Rejected_Review,Rejected
APP100665,2023-10-24 05:49:33.391130380,44,707117.0,5,689.0,1018620.0,36,0,0.365,Contract,Master,Home,0,2023-10-28 05:49:33.391130380,Standard_Review,Rejected
APP100666,2023-10-24 16:32:00.640213408,48,720856.0,6,618.0,1946062.0,36,0,0.461,Salaried,Bachelor,Home,0,2023-10-28 16:32:00.640213408,Rejected_Review,Rejected
APP100667,2023-10-25 03:14:27.889296436,28,1044538.0,2,586.0,647108.0,60,0,0.139,Business,Bachelor,Personal,0,2023-10-30 03:14:27.889296436,Rejected_Review,Rejected
APP100668,2023-10-25 13:56:55.138379464,48,1272940.0,1,683.0,671573.0,24,0,0.265,Salaried,Master,Personal,0,2023-11-02 13:56:55.138379464,Rejected_Review,Rejected
APP100669,2023-10-26 00:39:22.387462492,56,1004597.0,6,694.0,1349150.0,36,0,0.345,Self-Employed,Diploma,Vehicle,0,2023-10-27 00:39:22.387462492,Standard_Review,Rejected
APP100670,2023-10-26 11:21:49.636545516,46,504997.0,4,677.0,257706.0,24,2,0.097,Business,Diploma,Home,0,2023-11-03 11:21:49.636545516,Rejected_Review,Rejected
APP100671,2023-10-26 22:04:16.885628544,28,457173.0,13,760.0,631919.0,60,1,0.212,Business,Bachelor,Education,1,2023-10-30 22:04:16.885628544,Approved_Review,Disbursed
APP100672,2023-10-27 08:46:44.134711572,48,650808.0,10,787.0,990537.0,48,0,0.443,Business,High School,Business,0,2023-11-02 08:46:44.134711572,Rejected_Review,Rejected
APP100673,2023-10-27 19:29:11.383794600,48,787392.0,11,721.0,1181673.0,12,1,0.352,Salaried,Bachelor,Medical,0,2023-10-31 19:29:11.383794600,Rejected_Review,Rejected
APP100674,2023-10-28 06:11:38.632877628,57,598566.0,2,724.0,231923.0,48,2,0.099,Salaried,Bachelor,Business,0,2023-11-01 06:11:38.632877628,Rejected_Review,Rejected
APP100675,2023-10-28 16:54:05.881960656,61,354782.0,4,669.0,358506.0,36,0,0.351,Salaried,Bachelor,Home,0,2023-11-01 16:54:05.881960656,Rejected_Review,Rejected
APP100676,2023-10-29 03:36:33.131043684,56,883507.0,6,690.0,201288.0,60,2,0.262,Business,Diploma,Business,0,2023-10-31 03:36:33.131043684,Rejected_Review,Rejected
APP100677,2023-10-29 14:19:00.380126712,47,544807.0,3,717.0,1083065.0,36,0,0.339,Business,Master,Medical,0,2023-11-05 14:19:00.380126712,Rejected_Review,Rejected
APP100678,2023-10-30 01:01:27.629209740,37,537453.0,9,669.0,775345.0,48,2,0.259,Salaried,Diploma,Vehicle,0,2023-11-04 01:01:27.629209740,Standard_Review,Closed
APP100679,2023-10-30 11:43:54.878292768,29,634220.0,5,733.0,1423092.0,48,2,0.425,Salaried,Master,Medical,0,2023-11-04 11:43:54.878292768,Standard_Review,Rejected
APP100680,2023-10-30 22:26:22.127375796,53,583484.0,8,621.0,710283.0,12,0,0.307,Business,Bachelor,Business,0,2023-11-02 22:26:22.127375796,Standard_Review,Closed
APP100681,2023-10-31 09:08:49.376458824,40,551172.0,9,642.0,2146454.0,60,1,0.606,Self-Employed,Master,Home,0,2023-11-01 09:08:49.376458824,Standard_Review,Rejected
APP100682,2023-10-31 19:51:16.625541848,33,365372.0,6,622.0,436839.0,24,0,0.218,Self-Employed,High School,Home,0,2023-11-05 19:51:16.625541848,Rejected_Review,Rejected
APP100683,2023-11-01 06:33:43.874624876,48,617983.0,9,647.0,582606.0,48,0,0.239,Business,Bachelor,Home,0,2023-11-06 06:33:43.874624876,Rejected_Review,Rejected
APP100684,2023-11-01 17:16:11.123707904,49,891853.0,3,671.0,860484.0,48,1,0.236,Salaried,Doctorate,Personal,0,2023-11-06 17:16:11.123707904,Standard_Review,Closed
APP100685,2023-11-02 03:58:38.372790932,33,732206.0,8,757.0,490146.0,48,0,0.126,Salaried,Bachelor,Business,1,2023-11-06 03:58:38.372790932,Approved_Review,Disbursed
APP100686,2023-11-02 14:41:05.621873960,55,995880.0,7,693.0,862352.0,24,4,0.323,Business,Master,Vehicle,0,2023-11-06 14:41:05.621873960,Rejected_Review,Rejected
APP100687,2023-11-03 01:23:32.870956988,26,468308.0,13,607.0,662323.0,60,2,0.245,Salaried,Diploma,Education,0,2023-11-09 01:23:32.870956988,Rejected_Review,Rejected
APP100688,2023-11-03 12:06:00.120040016,38,365712.0,2,599.0,643305.0,36,0,0.453,Salaried,Master,Personal,0,2023-11-08 12:06:00.120040016,Standard_Review,Rejected
APP100689,2023-11-03 22:48:27.369123044,25,581924.0,8,663.0,657496.0,48,1,0.296,Salaried,Bachelor,Education,0,2023-11-08 22:48:27.369123044,Rejected_Review,Rejected
APP100690,2023-11-04 09:30:54.618206072,45,493028.0,7,744.0,996033.0,48,2,0.347,Salaried,Bachelor,Education,0,2023-11-05 09:30:54.618206072,Rejected_Review,Rejected
APP100691,2023-11-04 20:13:21.867289100,22,516627.0,5,781.0,589713.0,60,2,0.314,Salaried,Diploma,Home,0,2023-11-05 20:13:21.867289100,Rejected_Review,Closed
APP100692,2023-11-05 06:55:49.116372128,30,714984.0,2,587.0,399857.0,48,1,0.208,Business,Bachelor,Education,0,2023-11-14 06:55:49.116372128,Rejected_Review,Rejected
APP100693,2023-11-05 17:38:16.365455156,50,518317.0,3,714.0,723908.0,36,2,0.41,Contract,Bachelor,Personal,0,2023-11-11 17:38:16.365455156,Standard_Review,Rejected
APP100694,2023-11-06 04:20:43.614538184,65,370347.0,5,,509853.0,60,2,0.464,Salaried,Bachelor,Home,0,2023-11-13 04:20:43.614538184,Standard_Review,Rejected
APP100695,2023-11-06 15:03:10.863621208,25,505438.0,8,669.0,424739.0,24,0,0.278,Business,Master,Education,1,2023-11-07 15:03:10.863621208,Approved_Review,Disbursed
APP100696,2023-11-07 01:45:38.112704236,53,757481.0,3,621.0,294591.0,12,1,0.184,Salaried,Bachelor,Business,0,2023-11-13 01:45:38.112704236,Rejected_Review,Closed
APP100697,2023-11-07 12:28:05.361787264,21,879311.0,12,,1115041.0,60,1,0.414,Salaried,Doctorate,Business,0,2023-11-10 12:28:05.361787264,Rejected_Review,Rejected
APP100698,2023-11-07 23:10:32.610870292,38,875340.0,6,618.0,974895.0,36,1,0.269,Salaried,Master,Home,0,2023-11-11 23:10:32.610870292,Rejected_Review,Rejected
APP100699,2023-11-08 09:52:59.859953320,52,786809.0,10,673.0,1414861.0,12,1,0.329,Contract,Bachelor,Home,0,2023-11-13 09:52:59.859953320,Rejected_Review,Rejected
APP100700,2023-11-08 20:35:27.109036348,31,,15,765.0,700972.0,36,0,0.376,Contract,Diploma,Home,0,2023-11-12 20:35:27.109036348,Rejected_Review,Rejected
APP100701,2023-11-09 07:17:54.358119376,41,779914.0,3,731.0,1200335.0,24,0,0.393,Salaried,High School,Personal,0,2023-11-13 07:17:54.358119376,Rejected_Review,Rejected
APP100702,2023-11-09 18:00:21.607202404,46,637734.0,1,814.0,436700.0,12,2,0.196,Salaried,Diploma,Business,0,2023-11-11 18:00:21.607202404,Rejected_Review,Rejected
APP100703,2023-11-10 04:42:48.856285432,45,683937.0,6,724.0,269623.0,24,2,0.219,Contract,Master,Medical,0,2023-11-15 04:42:48.856285432,Rejected_Review,Rejected
APP100704,2023-11-10 15:25:16.105368460,42,425930.0,3,701.0,480704.0,48,1,0.261,Salaried,Diploma,Home,0,2023-11-12 15:25:16.105368460,Rejected_Review,Rejected
APP100705,2023-11-11 02:07:43.354451488,47,662961.0,21,726.0,631507.0,48,0,0.307,Business,High School,Vehicle,0,2023-11-13 02:07:43.354451488,Rejected_Review,Rejected
APP100706,2023-11-11 12:50:10.603534516,33,770756.0,7,640.0,838243.0,48,1,0.316,Salaried,High School,Personal,0,2023-11-15 12:50:10.603534516,Standard_Review,Rejected
APP100707,2023-11-11 23:32:37.852617540,53,757846.0,7,554.0,1328103.0,24,1,0.271,Self-Employed,Diploma,Education,0,2023-11-12 23:32:37.852617540,Rejected_Review,Rejected
APP100708,2023-11-12 10:15:05.101700568,54,364158.0,3,742.0,822313.0,48,1,0.424,Salaried,Diploma,Personal,0,2023-11-18 10:15:05.101700568,Rejected_Review,Rejected
APP100709,2023-11-12 20:57:32.350783596,61,678775.0,13,573.0,2164141.0,36,1,0.429,Salaried,High School,Vehicle,0,2023-11-18 20:57:32.350783596,Standard_Review,Closed
APP100710,2023-11-13 07:39:59.599866624,55,339414.0,9,763.0,743219.0,36,1,0.313,Business,Doctorate,Vehicle,0,2023-11-16 07:39:59.599866624,Standard_Review,Rejected
APP100711,2023-11-13 18:22:26.848949652,21,702838.0,5,739.0,736160.0,60,2,0.241,Salaried,Diploma,Business,0,2023-11-16 18:22:26.848949652,Rejected_Review,Rejected
APP100712,2023-11-14 05:04:54.098032680,41,474077.0,9,635.0,828968.0,36,1,0.318,Salaried,High School,Vehicle,0,2023-11-18 05:04:54.098032680,Rejected_Review,Rejected
APP100713,2023-11-14 15:47:21.347115708,26,1400398.0,8,662.0,846031.0,48,0,0.103,Salaried,Master,Personal,0,2023-11-15 15:47:21.347115708,Rejected_Review,Rejected
APP100714,2023-11-15 02:29:48.596198736,48,685831.0,10,689.0,839977.0,60,3,0.214,Salaried,Bachelor,Medical,0,2023-11-16 02:29:48.596198736,Rejected_Review,Rejected
APP100715,2023-11-15 13:12:15.845281764,37,932152.0,5,630.0,378023.0,36,0,0.091,Salaried,High School,Business,0,2023-11-20 13:12:15.845281764,Rejected_Review,Rejected
APP100716,2023-11-15 23:54:43.094364792,25,1680531.0,7,725.0,1071888.0,36,1,0.175,Salaried,High School,Education,0,2023-11-20 23:54:43.094364792,Rejected_Review,Rejected
APP100717,2023-11-16 10:37:10.343447820,51,449952.0,5,731.0,2450195.0,48,1,0.75,Salaried,High School,Personal,0,2023-11-19 10:37:10.343447820,Rejected_Review,Rejected
APP100718,2023-11-16 21:19:37.592530848,25,790785.0,4,596.0,450153.0,36,2,0.322,Contract,Bachelor,Home,0,2023-11-19 21:19:37.592530848,Rejected_Review,Rejected
APP100719,2023-11-17 08:02:04.841613876,58,381196.0,8,636.0,685714.0,48,1,0.44,Salaried,High School,Home,0,2023-11-22 08:02:04.841613876,Rejected_Review,Rejected
APP100720,2023-11-17 18:44:32.090696900,23,759132.0,3,688.0,352371.0,48,1,0.236,Salaried,Bachelor,Vehicle,0,2023-11-18 18:44:32.090696900,Rejected_Review,Closed
APP100721,2023-11-18 05:26:59.339779928,43,1438767.0,15,764.0,1019473.0,24,2,0.261,Self-Employed,Bachelor,Business,0,2023-11-26 05:26:59.339779928,Rejected_Review,Rejected
APP100722,2023-11-18 16:09:26.588862956,57,490010.0,7,732.0,1018983.0,12,1,0.392,Self-Employed,High School,Personal,0,2023-11-24 16:09:26.588862956,Rejected_Review,Rejected
APP100723,2023-11-19 02:51:53.837945984,57,436284.0,3,538.0,329990.0,60,1,0.234,Salaried,Bachelor,Medical,0,2023-11-22 02:51:53.837945984,Rejected_Review,Rejected
APP100724,2023-11-19 13:34:21.087029012,30,623871.0,12,671.0,363164.0,48,2,0.317,Salaried,Doctorate,Personal,0,2023-11-24 13:34:21.087029012,Rejected_Review,Rejected
APP100725,2023-11-20 00:16:48.336112040,30,1632047.0,7,721.0,247212.0,24,1,0.211,Salaried,Master,Medical,1,2023-11-27 00:16:48.336112040,Approved_Review,Disbursed
APP100726,2023-11-20 10:59:15.585195068,39,919601.0,3,638.0,1534976.0,36,1,0.364,Salaried,Master,Vehicle,0,2023-11-22 10:59:15.585195068,Standard_Review,Rejected
APP100727,2023-11-20 21:41:42.834278096,37,432577.0,4,633.0,460228.0,48,4,0.155,Business,Bachelor,Education,0,2023-11-27 21:41:42.834278096,Standard_Review,Rejected
APP100728,2023-11-21 08:24:10.083361124,41,1251064.0,6,641.0,654568.0,24,0,0.264,,Bachelor,Vehicle,0,2023-11-25 08:24:10.083361124,Standard_Review,Rejected
APP100729,2023-11-21 19:06:37.332444152,34,308646.0,3,670.0,582747.0,12,1,0.428,Self-Employed,Bachelor,Business,0,2023-11-26 19:06:37.332444152,Standard_Review,Rejected
APP100730,2023-11-22 05:49:04.581527180,29,1700069.0,14,626.0,1147458.0,48,4,0.188,Salaried,Master,Vehicle,0,2023-11-28 05:49:04.581527180,Standard_Review,Rejected
APP100731,2023-11-22 16:31:31.830610208,21,955634.0,8,733.0,973786.0,48,3,0.288,Self-Employed,Bachelor,Business,1,2023-11-26 16:31:31.830610208,Approved_Review,Pending_Disbursement
APP100732,2023-11-23 03:13:59.079693232,65,1437374.0,8,634.0,948129.0,36,1,0.22,Salaried,Master,Personal,0,2023-11-29 03:13:59.079693232,Rejected_Review,Closed
APP100733,2023-11-23 13:56:26.328776260,33,309656.0,4,623.0,466404.0,12,3,0.293,Salaried,Doctorate,Home,0,2023-11-26 13:56:26.328776260,Rejected_Review,Rejected
APP100734,2023-11-24 00:38:53.577859288,24,701500.0,10,664.0,984069.0,36,0,0.347,Salaried,Bachelor,Home,0,2023-11-28 00:38:53.577859288,Standard_Review,Rejected
APP100735,2023-11-24 11:21:20.826942316,21,611994.0,9,786.0,1113540.0,36,0,0.293,Business,Bachelor,Vehicle,1,2023-11-26 11:21:20.826942316,Standard_Review,Disbursed
APP100736,2023-11-24 22:03:48.076025344,60,413159.0,6,724.0,969644.0,36,0,0.574,Self-Employed,Bachelor,Medical,0,2023-11-27 22:03:48.076025344,Rejected_Review,Rejected
APP100737,2023-11-25 08:46:15.325108372,52,362767.0,7,728.0,367436.0,36,2,0.309,Salaried,Diploma,Home,0,2023-11-29 08:46:15.325108372,Standard_Review,Rejected
APP100738,2023-11-25 19:28:42.574191400,54,816608.0,15,709.0,397903.0,24,1,0.201,Salaried,Bachelor,Medical,1,2023-12-01 19:28:42.574191400,Standard_Review,Disbursed
APP100739,2023-11-26 06:11:09.823274428,48,850608.0,5,628.0,1668437.0,36,3,0.452,Salaried,Bachelor,Medical,0,2023-11-27 06:11:09.823274428,Rejected_Review,Rejected
APP100740,2023-11-26 16:53:37.072357456,51,1166731.0,10,648.0,1850208.0,60,1,0.395,Self-Employed,High School,Education,0,2023-12-01 16:53:37.072357456,Rejected_Review,Rejected
APP100741,2023-11-27 03:36:04.321440484,28,518237.0,7,637.0,675932.0,36,1,0.254,Self-Employed,Bachelor,Personal,0,2023-12-03 03:36:04.321440484,Rejected_Review,Rejected
APP100742,2023-11-27 14:18:31.570523512,59,609871.0,8,761.0,675494.0,36,1,0.248,Salaried,Master,Home,0,2023-12-04 14:18:31.570523512,Rejected_Review,Closed
APP100743,2023-11-28 01:00:58.819606540,46,348928.0,6,709.0,757321.0,36,2,0.25,Contract,Doctorate,Vehicle,0,2023-12-02 01:00:58.819606540,Rejected_Review,Rejected
APP100744,2023-11-28 11:43:26.068689568,54,1300268.0,17,582.0,935033.0,36,1,0.161,Business,Master,Vehicle,1,2023-11-30 11:43:26.068689568,Approved_Review,Disbursed
APP100745,2023-11-28 22:25:53.317772592,23,670664.0,8,784.0,340300.0,60,2,0.258,Business,Diploma,Personal,0,2023-12-03 22:25:53.317772592,Rejected_Review,Rejected
APP100746,2023-11-29 09:08:20.566855620,32,899768.0,8,668.0,785476.0,36,1,0.268,Salaried,Diploma,Vehicle,0,2023-12-04 09:08:20.566855620,Standard_Review,Rejected
APP100747,2023-11-29 19:50:47.815938648,21,914182.0,3,732.0,418093.0,60,1,0.17,Salaried,Bachelor,Vehicle,0,2023-12-03 19:50:47.815938648,Rejected_Review,Rejected
APP100748,2023-11-30 06:33:15.065021676,64,1253344.0,4,758.0,692951.0,24,2,0.241,Salaried,Diploma,Business,0,2023-12-03 06:33:15.065021676,Rejected_Review,Rejected
APP100749,2023-11-30 17:15:42.314104704,25,447127.0,9,523.0,449963.0,60,1,0.234,Salaried,Bachelor,Vehicle,0,2023-12-05 17:15:42.314104704,Rejected_Review,Closed
APP100750,2023-12-01 03:58:09.563187732,50,889702.0,6,720.0,506203.0,24,2,0.117,Business,High School,Business,1,2023-12-06 03:58:09.563187732,Standard_Review,Disbursed
APP100751,2023-12-01 14:40:36.812270760,50,642726.0,3,674.0,766530.0,12,2,0.227,Salaried,Bachelor,Medical,1,2023-12-04 14:40:36.812270760,Approved_Review,Disbursed
APP100752,2023-12-02 01:23:04.061353788,37,1676606.0,11,533.0,514106.0,24,1,0.347,Business,Diploma,Education,0,2023-12-06 01:23:04.061353788,Rejected_Review,Rejected
APP100753,2023-12-02 12:05:31.310436816,43,446531.0,3,616.0,404097.0,24,2,0.248,Salaried,Bachelor,Vehicle,0,2023-12-03 12:05:31.310436816,Rejected_Review,Rejected
APP100754,2023-12-02 22:47:58.559519844,35,1101154.0,18,660.0,1447850.0,36,0,0.301,Salaried,Master,Home,0,2023-12-07 22:47:58.559519844,Standard_Review,Rejected
APP100755,2023-12-03 09:30:25.808602872,57,760995.0,9,745.0,406998.0,36,4,0.251,Self-Employed,Master,Personal,0,2023-12-08 09:30:25.808602872,Rejected_Review,Rejected
APP100756,2023-12-03 20:12:53.057685900,41,743232.0,6,679.0,220490.0,48,0,0.254,Salaried,Doctorate,Home,1,2023-12-05 20:12:53.057685900,Approved_Review,Disbursed
APP100757,2023-12-04 06:55:20.306768924,34,665995.0,6,700.0,930259.0,12,0,0.302,Salaried,Bachelor,Home,0,2023-12-08 06:55:20.306768924,Rejected_Review,Rejected
APP100758,2023-12-04 17:37:47.555851952,22,1191504.0,4,667.0,605613.0,36,4,0.289,Business,Master,Personal,0,2023-12-07 17:37:47.555851952,Standard_Review,Rejected
APP100759,2023-12-05 04:20:14.804934980,31,731945.0,1,761.0,689807.0,36,0,0.248,Self-Employed,Bachelor,Vehicle,0,2023-12-11 04:20:14.804934980,Rejected_Review,Closed
APP100760,2023-12-05 15:02:42.054018008,59,327335.0,4,724.0,757612.0,48,0,0.427,Salaried,Master,Personal,0,2023-12-06 15:02:42.054018008,Standard_Review,Rejected
APP100761,2023-12-06 01:45:09.303101036,58,1125237.0,9,701.0,1321348.0,12,0,0.257,Contract,Master,Personal,0,2023-12-12 01:45:09.303101036,Rejected_Review,Closed
APP100762,2023-12-06 12:27:36.552184064,54,1036146.0,2,616.0,1777529.0,12,1,0.41,Salaried,High School,Vehicle,0,2023-12-13 12:27:36.552184064,Rejected_Review,Rejected
APP100763,2023-12-06 23:10:03.801267092,58,846563.0,5,698.0,794571.0,36,1,0.166,Salaried,Master,Education,0,2023-12-07 23:10:03.801267092,Rejected_Review,Rejected
APP100764,2023-12-07 09:52:31.050350120,54,391177.0,17,850.0,388859.0,60,4,0.285,Salaried,Bachelor,Home,1,2023-12-12 09:52:31.050350120,Standard_Review,Pending_Disbursement
APP100765,2023-12-07 20:34:58.299433148,38,419503.0,4,742.0,752998.0,48,1,0.407,Salaried,Bachelor,Business,0,2023-12-12 20:34:58.299433148,Rejected_Review,Rejected
APP100766,2023-12-08 07:17:25.548516176,50,279254.0,2,642.0,939804.0,12,1,0.626,Salaried,Bachelor,Education,0,2023-12-09 07:17:25.548516176,Rejected_Review,Rejected
APP100767,2023-12-08 17:59:52.797599204,35,799607.0,3,810.0,1156205.0,24,1,0.362,Business,Master,Business,0,2023-12-11 17:59:52.797599204,Rejected_Review,Rejected
APP100768,2023-12-09 04:42:20.046682232,47,354134.0,18,639.0,749741.0,24,2,0.34,Contract,Bachelor,Education,0,2023-12-12 04:42:20.046682232,Rejected_Review,Rejected
APP100769,2023-12-09 15:24:47.295765256,54,299926.0,7,736.0,528906.0,36,1,0.402,Business,Master,Vehicle,0,2023-12-11 15:24:47.295765256,Rejected_Review,Rejected
APP100770,2023-12-10 02:07:14.544848284,58,1153686.0,3,687.0,444827.0,48,0,0.248,Self-Employed,Diploma,Education,0,2023-12-13 02:07:14.544848284,Rejected_Review,Closed
APP100771,2023-12-10 12:49:41.793931312,53,918418.0,8,702.0,660372.0,24,3,0.282,Business,Diploma,Vehicle,0,2023-12-16 12:49:41.793931312,Standard_Review,Rejected
APP100772,2023-12-10 23:32:09.043014340,44,559501.0,3,704.0,330491.0,36,1,0.204,Self-Employed,Master,Home,0,2023-12-14 23:32:09.043014340,Rejected_Review,Closed
APP100773,2023-12-11 10:14:36.292097368,35,611951.0,1,674.0,852583.0,48,0,0.307,Salaried,Diploma,Education,0,2023-12-14 10:14:36.292097368,Rejected_Review,Closed
APP100774,2023-12-11 20:57:03.541180396,50,220009.0,14,665.0,764895.0,36,3,0.637,Self-Employed,Diploma,Personal,0,2023-12-13 20:57:03.541180396,Rejected_Review,Rejected
APP100775,2023-12-12 07:39:30.790263424,62,981918.0,6,604.0,762997.0,24,2,0.243,Contract,Diploma,Education,0,2023-12-18 07:39:30.790263424,Rejected_Review,Rejected
APP100776,2023-12-12 18:21:58.039346452,37,475917.0,10,617.0,1002141.0,36,1,0.336,Salaried,High School,Medical,0,2023-12-19 18:21:58.039346452,Standard_Review,Rejected
APP100777,2023-12-13 05:04:25.288429480,25,754159.0,5,712.0,1446014.0,36,1,0.351,Salaried,Bachelor,Vehicle,0,2023-12-17 05:04:25.288429480,Rejected_Review,Rejected
APP100778,2023-12-13 15:46:52.537512508,49,212113.0,7,646.0,675778.0,60,2,0.637,Salaried,Diploma,Home,0,2023-12-17 15:46:52.537512508,Rejected_Review,Rejected
APP100779,2023-12-14 02:29:19.786595536,24,1009164.0,7,631.0,727451.0,48,1,0.142,Salaried,Master,Medical,0,2023-12-23 02:29:19.786595536,Standard_Review,Rejected
APP100780,2023-12-14 13:11:47.035678564,30,463215.0,8,850.0,581870.0,24,2,0.392,Self-Employed,Master,Vehicle,0,2023-12-20 13:11:47.035678564,Rejected_Review,Rejected
APP100781,2023-12-14 23:54:14.284761592,37,349937.0,2,850.0,922268.0,24,1,0.468,Salaried,Master,Business,0,2023-12-20 23:54:14.284761592,Standard_Review,Rejected
APP100782,2023-12-15 10:36:41.533844616,30,557884.0,14,728.0,697339.0,36,0,0.207,Salaried,Bachelor,Home,0,2023-12-18 10:36:41.533844616,Rejected_Review,Rejected
APP100783,2023-12-15 21:19:08.782927644,37,497002.0,9,737.0,1247142.0,36,1,0.507,Salaried,Bachelor,Education,0,2023-12-17 21:19:08.782927644,Rejected_Review,Rejected
APP100784,2023-12-16 08:01:36.032010672,40,1054047.0,6,637.0,1234108.0,60,1,0.241,Self-Employed,Bachelor,Personal,0,2023-12-23 08:01:36.032010672,Rejected_Review,Rejected
APP100785,2023-12-16 18:44:03.281093700,44,537966.0,14,613.0,819847.0,36,3,0.339,Salaried,Diploma,Home,0,2023-12-21 18:44:03.281093700,Rejected_Review,Rejected
APP100786,2023-12-17 05:26:30.530176728,25,1200088.0,10,668.0,672683.0,60,1,0.089,Business,High School,Business,0,2023-12-21 05:26:30.530176728,Standard_Review,Rejected
APP100787,2023-12-17 16:08:57.779259756,54,754109.0,2,,610609.0,36,1,0.341,Salaried,Master,Personal,0,2023-12-22 16:08:57.779259756,Rejected_Review,Rejected
APP100788,2023-12-18 02:51:25.028342784,26,972080.0,11,736.0,890038.0,60,3,0.239,Salaried,High School,Home,0,2023-12-25 02:51:25.028342784,Standard_Review,Rejected
APP100789,2023-12-18 13:33:52.277425812,22,649367.0,4,571.0,891222.0,48,3,0.272,Salaried,High School,Personal,0,2023-12-21 13:33:52.277425812,Rejected_Review,Rejected
APP100790,2023-12-19 00:16:19.526508840,33,1152166.0,2,830.0,610491.0,48,1,0.227,Salaried,Bachelor,Home,0,2023-12-23 00:16:19.526508840,Rejected_Review,Rejected
APP100791,2023-12-19 10:58:46.775591868,63,386774.0,3,706.0,808598.0,36,1,0.463,Salaried,Master,Education,0,2023-12-22 10:58:46.775591868,Rejected_Review,Rejected
APP100792,2023-12-19 21:41:14.024674896,63,684099.0,16,589.0,475311.0,60,1,0.22,Salaried,Master,Medical,0,2023-12-24 21:41:14.024674896,Rejected_Review,Rejected
APP100793,2023-12-20 08:23:41.273757924,31,543797.0,10,700.0,877033.0,36,1,0.403,Self-Employed,Master,Home,0,2023-12-26 08:23:41.273757924,Standard_Review,Rejected
APP100794,2023-12-20 19:06:08.522840948,43,1218597.0,7,631.0,495707.0,60,2,0.197,Salaried,Diploma,Personal,0,2023-12-25 19:06:08.522840948,Rejected_Review,Rejected
APP100795,2023-12-21 05:48:35.771923976,36,1276067.0,9,627.0,1029778.0,48,1,0.253,Business,Doctorate,Business,0,2023-12-28 05:48:35.771923976,Rejected_Review,Rejected
APP100796,2023-12-21 16:31:03.021007004,51,650123.0,11,621.0,597481.0,36,1,0.204,Salaried,Master,Business,0,2023-12-24 16:31:03.021007004,Rejected_Review,Closed
APP100797,2023-12-22 03:13:30.270090032,31,363505.0,6,673.0,1616474.0,60,1,0.75,Salaried,Diploma,Business,0,2023-12-27 03:13:30.270090032,Rejected_Review,Rejected
APP100798,2023-12-22 13:55:57.519173060,36,787738.0,15,827.0,713819.0,60,1,0.306,Salaried,Master,Home,0,2023-12-29 13:55:57.519173060,Rejected_Review,Rejected
APP100799,2023-12-23 00:38:24.768256088,28,307323.0,7,696.0,788445.0,48,0,0.496,Contract,Bachelor,Business,0,2023-12-26 00:38:24.768256088,Rejected_Review,Rejected
APP100800,2023-12-23 11:20:52.017339116,24,1351184.0,2,735.0,347842.0,36,4,0.256,Salaried,High School,Medical,0,2023-12-26 11:20:52.017339116,Standard_Review,Rejected
APP100801,2023-12-23 22:03:19.266422144,60,525340.0,18,751.0,1414246.0,60,1,0.4,Salaried,High School,Home,0,2023-12-27 22:03:19.266422144,Rejected_Review,Rejected
APP100802,2023-12-24 08:45:46.515505172,24,641119.0,2,681.0,686848.0,48,2,0.284,Salaried,Bachelor,Education,0,2023-12-25 08:45:46.515505172,Rejected_Review,Rejected
APP100803,2023-12-24 19:28:13.764588200,45,478446.0,13,615.0,1670424.0,48,0,0.647,Business,Bachelor,Vehicle,0,2023-12-30 19:28:13.764588200,Rejected_Review,Rejected
APP100804,2023-12-25 06:10:41.013671228,23,433187.0,1,586.0,717091.0,60,1,0.346,Self-Employed,Master,Education,0,2023-12-29 06:10:41.013671228,Rejected_Review,Rejected
APP100805,2023-12-25 16:53:08.262754256,52,905741.0,7,665.0,628928.0,24,3,0.244,Salaried,Diploma,Personal,0,2023-12-26 16:53:08.262754256,Rejected_Review,Rejected
APP100806,2023-12-26 03:35:35.511837284,23,605222.0,4,764.0,542042.0,24,1,0.266,Self-Employed,Bachelor,Personal,0,2023-12-29 03:35:35.511837284,Rejected_Review,Rejected
APP100807,2023-12-26 14:18:02.760920308,47,662546.0,9,751.0,965042.0,36,2,0.358,Salaried,Diploma,Home,0,2024-01-02 14:18:02.760920308,Rejected_Review,Rejected
APP100808,2023-12-27 01:00:30.010003336,49,413733.0,18,707.0,908195.0,12,0,0.279,Salaried,Bachelor,Business,1,2023-12-30 01:00:30.010003336,Standard_Review,Disbursed
APP100809,2023-12-27 11:42:57.259086364,52,955466.0,5,715.0,359266.0,48,0,0.203,Business,Master,Vehicle,0,2024-01-03 11:42:57.259086364,Rejected_Review,Rejected
APP100810,2023-12-27 22:25:24.508169392,39,1000222.0,2,681.0,526702.0,36,4,0.241,Contract,Bachelor,Education,0,2023-12-30 22:25:24.508169392,Standard_Review,Closed
APP100811,2023-12-28 09:07:51.757252420,41,591673.0,7,659.0,1004578.0,24,3,0.381,Self-Employed,Bachelor,Personal,0,2023-12-29 09:07:51.757252420,Rejected_Review,Rejected
APP100812,2023-12-28 19:50:19.006335448,25,1150023.0,6,642.0,507168.0,36,2,0.315,Salaried,Master,Home,0,2023-12-29 19:50:19.006335448,Rejected_Review,Rejected
APP100813,2023-12-29 06:32:46.255418476,38,620246.0,3,594.0,465244.0,36,0,0.199,Salaried,High School,Vehicle,0,2024-01-06 06:32:46.255418476,Rejected_Review,Closed
APP100814,2023-12-29 17:15:13.504501504,48,923215.0,10,807.0,772168.0,24,0,0.366,Contract,Master,Vehicle,0,2023-12-31 17:15:13.504501504,Rejected_Review,Rejected
APP100815,2023-12-30 03:57:40.753584532,62,313141.0,1,,731175.0,12,1,0.405,Salaried,Bachelor,Business,0,2024-01-02 03:57:40.753584532,Rejected_Review,Rejected
APP100816,2023-12-30 14:40:08.002667560,42,762053.0,4,661.0,555066.0,36,1,0.143,Business,Master,Home,0,2024-01-03 14:40:08.002667560,Rejected_Review,Rejected
APP100817,2023-12-31 01:22:35.251750588,41,575251.0,8,808.0,1693874.0,48,0,0.609,Self-Employed,Master,Personal,0,2024-01-04 01:22:35.251750588,Standard_Review,Rejected
APP100818,2023-12-31 12:05:02.500833616,26,697120.0,4,821.0,649742.0,60,2,0.336,Self-Employed,Bachelor,Medical,0,2024-01-02 12:05:02.500833616,Rejected_Review,Rejected
APP100819,2023-12-31 22:47:29.749916640,21,683194.0,2,850.0,371884.0,24,1,0.225,Salaried,Bachelor,Business,0,2024-01-07 22:47:29.749916640,Rejected_Review,Rejected
APP100820,2024-01-01 09:29:56.998999668,25,687827.0,10,674.0,311570.0,36,1,0.163,Salaried,Master,Education,0,2024-01-06 09:29:56.998999668,Standard_Review,Rejected
APP100821,2024-01-01 20:12:24.248082696,61,857514.0,7,697.0,1167148.0,36,3,0.299,Salaried,High School,Personal,0,2024-01-07 20:12:24.248082696,Rejected_Review,Rejected
APP100822,2024-01-02 06:54:51.497165724,32,504034.0,3,732.0,404392.0,36,0,0.264,Contract,Bachelor,Medical,1,2024-01-03 06:54:51.497165724,Approved_Review,Disbursed
APP100823,2024-01-02 17:37:18.746248752,46,839711.0,6,798.0,710736.0,60,1,0.349,Salaried,Doctorate,Personal,0,2024-01-07 17:37:18.746248752,Rejected_Review,Rejected
APP100824,2024-01-03 04:19:45.995331780,54,1131850.0,12,694.0,452185.0,36,0,0.106,Self-Employed,Diploma,Education,0,2024-01-08 04:19:45.995331780,Rejected_Review,Rejected
APP100825,2024-01-03 15:02:13.244414808,34,344608.0,1,626.0,665158.0,36,0,0.367,Self-Employed,Bachelor,Education,0,2024-01-07 15:02:13.244414808,Standard_Review,Rejected
APP100826,2024-01-04 01:44:40.493497836,46,457478.0,15,641.0,833033.0,24,1,0.35,Salaried,Diploma,Home,0,2024-01-07 01:44:40.493497836,Standard_Review,Rejected
APP100827,2024-01-04 12:27:07.742580864,65,466208.0,8,767.0,353651.0,60,0,0.207,Salaried,Bachelor,Education,0,2024-01-05 12:27:07.742580864,Rejected_Review,Rejected
APP100828,2024-01-04 23:09:34.991663892,47,397642.0,6,730.0,557370.0,36,1,0.273,Self-Employed,Master,Education,0,2024-01-05 23:09:34.991663892,Rejected_Review,Closed
APP100829,2024-01-05 09:52:02.240746920,29,524979.0,10,679.0,499839.0,36,4,0.377,Business,Bachelor,Medical,0,2024-01-12 09:52:02.240746920,Standard_Review,Rejected
APP100830,2024-01-05 20:34:29.489829948,46,1034709.0,11,674.0,431987.0,36,3,0.144,Salaried,Bachelor,Business,0,2024-01-10 20:34:29.489829948,Rejected_Review,Rejected
APP100831,2024-01-06 07:16:56.738912976,42,1246864.0,2,679.0,580127.0,36,2,0.215,Business,Master,Home,0,2024-01-10 07:16:56.738912976,Rejected_Review,Rejected
APP100832,2024-01-06 17:59:23.987996000,50,681810.0,5,771.0,512438.0,60,1,0.158,Salaried,Master,Vehicle,1,2024-01-09 17:59:23.987996000,Standard_Review,Pending_Disbursement
APP100833,2024-01-07 04:41:51.237079028,63,561755.0,5,639.0,1083091.0,12,1,0.442,Self-Employed,Diploma,Home,0,2024-01-13 04:41:51.237079028,Rejected_Review,Rejected
APP100834,2024-01-07 15:24:18.486162056,37,932891.0,8,611.0,489406.0,48,0,0.178,Salaried,Bachelor,Business,0,2024-01-13 15:24:18.486162056,Rejected_Review,Rejected
APP100835,2024-01-08 02:06:45.735245084,46,224345.0,18,808.0,876987.0,48,1,0.465,Salaried,Master,Vehicle,0,2024-01-10 02:06:45.735245084,Standard_Review,Rejected
APP100836,2024-01-08 12:49:12.984328112,56,404294.0,6,692.0,861775.0,24,1,0.474,Salaried,High School,Home,0,2024-01-09 12:49:12.984328112,Rejected_Review,Rejected
APP100837,2024-01-08 23:31:40.233411140,21,228661.0,27,685.0,330474.0,24,1,0.285,Salaried,Bachelor,Education,0,2024-01-13 23:31:40.233411140,Rejected_Review,Rejected
APP100838,2024-01-09 10:14:07.482494168,28,402384.0,4,734.0,543609.0,48,1,0.404,Salaried,Diploma,Business,0,2024-01-15 10:14:07.482494168,Rejected_Review,Rejected
APP100839,2024-01-09 20:56:34.731577196,55,460271.0,7,626.0,662519.0,36,2,0.399,Business,High School,Vehicle,0,2024-01-14 20:56:34.731577196,Rejected_Review,Closed
APP100840,2024-01-10 07:39:01.980660224,35,1263864.0,5,739.0,799340.0,36,2,0.218,Self-Employed,Master,Vehicle,0,2024-01-17 07:39:01.980660224,Rejected_Review,Rejected
APP100841,2024-01-10 18:21:29.229743252,42,187634.0,6,665.0,621972.0,12,1,0.576,Business,Master,Personal,0,2024-01-14 18:21:29.229743252,Standard_Review,Rejected
APP100842,2024-01-11 05:03:56.478826280,34,538860.0,8,763.0,1178547.0,48,0,0.419,Salaried,Diploma,Business,1,2024-01-16 05:03:56.478826280,Approved_Review,Disbursed
APP100843,2024-01-11 15:46:23.727909308,46,859007.0,13,590.0,737638.0,60,3,0.155,Business,Master,Vehicle,1,2024-01-15 15:46:23.727909308,Approved_Review,Pending_Disbursement
APP100844,2024-01-12 02:28:50.976992332,48,781958.0,4,719.0,874662.0,60,0,0.384,Business,High School,Medical,0,2024-01-18 02:28:50.976992332,Rejected_Review,Rejected
APP100845,2024-01-12 13:11:18.226075360,43,1254829.0,6,675.0,520606.0,36,2,0.182,Salaried,Bachelor,Education,0,2024-01-15 13:11:18.226075360,Rejected_Review,Rejected
APP100846,2024-01-12 23:53:45.475158388,34,698857.0,6,644.0,881055.0,36,2,0.303,Salaried,Master,Education,0,2024-01-16 23:53:45.475158388,Rejected_Review,Rejected
APP100847,2024-01-13 10:36:12.724241416,44,769236.0,13,740.0,1843231.0,36,3,0.44,Salaried,Bachelor,Personal,0,2024-01-20 10:36:12.724241416,Rejected_Review,Rejected
APP100848,2024-01-13 21:18:39.973324444,22,284190.0,11,680.0,910845.0,24,0,0.519,Salaried,Master,Personal,0,2024-01-16 21:18:39.973324444,Rejected_Review,Rejected
APP100849,2024-01-14 08:01:07.222407472,65,416652.0,15,720.0,1215108.0,60,2,0.545,Contract,Bachelor,Home,0,2024-01-15 08:01:07.222407472,Rejected_Review,Rejected
APP100850,2024-01-14 18:43:34.471490500,46,291417.0,9,772.0,605047.0,48,1,0.392,Salaried,Bachelor,Personal,0,2024-01-19 18:43:34.471490500,Rejected_Review,Rejected
APP100851,2024-01-15 05:26:01.720573528,34,841046.0,4,741.0,1111208.0,48,1,0.273,Salaried,Master,Home,0,2024-01-23 05:26:01.720573528,Rejected_Review,Rejected
APP100852,2024-01-15 16:08:28.969656556,27,760429.0,8,620.0,1160800.0,36,1,0.304,Business,High School,Personal,0,2024-01-18 16:08:28.969656556,Rejected_Review,Rejected
APP100853,2024-01-16 02:50:56.218739584,23,748495.0,6,655.0,791401.0,60,3,0.393,Salaried,Bachelor,Education,0,2024-01-23 02:50:56.218739584,Rejected_Review,Rejected
APP100854,2024-01-16 13:33:23.467822612,43,437172.0,6,720.0,674320.0,60,2,0.339,Salaried,Bachelor,Home,0,2024-01-20 13:33:23.467822612,Rejected_Review,Rejected
APP100855,2024-01-17 00:15:50.716905640,63,419534.0,8,742.0,331470.0,36,5,0.359,Salaried,Master,Vehicle,0,2024-01-19 00:15:50.716905640,Rejected_Review,Rejected
APP100856,2024-01-17 10:58:17.965988668,65,714243.0,4,665.0,688757.0,24,2,0.199,Self-Employed,Bachelor,Personal,0,2024-01-22 10:58:17.965988668,Standard_Review,Rejected
APP100857,2024-01-17 21:40:45.215071692,38,480943.0,3,703.0,928613.0,36,1,0.337,Salaried,Master,Personal,0,2024-01-18 21:40:45.215071692,Rejected_Review,Rejected
APP100858,2024-01-18 08:23:12.464154720,58,410670.0,13,702.0,477450.0,24,1,0.256,Self-Employed,Bachelor,Medical,0,2024-01-25 08:23:12.464154720,Rejected_Review,Rejected
APP100859,2024-01-18 19:05:39.713237748,55,517080.0,3,712.0,370939.0,60,0,0.23,Salaried,Bachelor,Business,0,2024-01-22 19:05:39.713237748,Rejected_Review,Rejected
APP100860,2024-01-19 05:48:06.962320776,35,482817.0,6,613.0,736608.0,36,1,0.283,Self-Employed,Doctorate,Vehicle,0,2024-01-20 05:48:06.962320776,Rejected_Review,Rejected
APP100861,2024-01-19 16:30:34.211403804,45,440076.0,20,598.0,785573.0,36,0,0.355,Salaried,Bachelor,Home,0,2024-01-27 16:30:34.211403804,Rejected_Review,Rejected
APP100862,2024-01-20 03:13:01.460486832,57,374420.0,11,543.0,356878.0,48,2,0.278,Salaried,Bachelor,Home,0,2024-01-26 03:13:01.460486832,Rejected_Review,Rejected
APP100863,2024-01-20 13:55:28.709569860,48,795430.0,2,697.0,714417.0,36,2,0.328,Self-Employed,Master,Vehicle,0,2024-01-25 13:55:28.709569860,Rejected_Review,Rejected
APP100864,2024-01-21 00:37:55.958652888,30,1309230.0,14,601.0,809198.0,24,2,0.13,Salaried,Master,Personal,0,2024-01-27 00:37:55.958652888,Rejected_Review,Rejected
APP100865,2024-01-21 11:20:23.207735916,59,638691.0,12,829.0,1355238.0,60,3,0.47,Business,Bachelor,Personal,0,2024-01-22 11:20:23.207735916,Rejected_Review,Rejected
APP100866,2024-01-21 22:02:50.456818944,37,718430.0,10,733.0,551599.0,24,0,0.294,Salaried,Master,Education,0,2024-01-24 22:02:50.456818944,Rejected_Review,Rejected
APP100867,2024-01-22 08:45:17.705901972,59,827445.0,11,613.0,1986821.0,48,3,0.37,Self-Employed,Master,Personal,0,2024-01-31 08:45:17.705901972,Rejected_Review,Rejected
APP100868,2024-01-22 19:27:44.954985000,42,766571.0,4,764.0,719116.0,48,5,0.207,Self-Employed,Bachelor,Personal,0,2024-01-26 19:27:44.954985000,Rejected_Review,Rejected
APP100869,2024-01-23 06:10:12.204068024,46,444017.0,11,764.0,383795.0,24,1,0.279,Salaried,Bachelor,Vehicle,0,2024-01-26 06:10:12.204068024,Rejected_Review,Rejected
APP100870,2024-01-23 16:52:39.453151052,64,1409377.0,16,769.0,593471.0,60,1,0.156,Contract,Master,Personal,0,2024-01-27 16:52:39.453151052,Rejected_Review,Rejected
APP100871,2024-01-24 03:35:06.702234080,45,462285.0,6,637.0,401279.0,36,2,0.35,Salaried,Bachelor,Vehicle,0,2024-01-26 03:35:06.702234080,Rejected_Review,Rejected
APP100872,2024-01-24 14:17:33.951317108,37,870103.0,5,737.0,643847.0,48,2,0.238,Business,Diploma,Medical,0,2024-01-31 14:17:33.951317108,Rejected_Review,Closed
APP100873,2024-01-25 01:00:01.200400136,33,825144.0,5,770.0,884757.0,48,1,0.194,Salaried,Bachelor,Home,0,2024-01-28 01:00:01.200400136,Rejected_Review,Rejected
APP100874,2024-01-25 11:42:28.449483164,40,269259.0,10,792.0,800450.0,36,2,0.429,Salaried,High School,Vehicle,0,2024-01-26 11:42:28.449483164,Rejected_Review,Rejected
APP100875,2024-01-25 22:24:55.698566192,45,553074.0,11,591.0,397827.0,24,0,0.132,Salaried,Master,Education,0,2024-01-29 22:24:55.698566192,Rejected_Review,Rejected
APP100876,2024-01-26 09:07:22.947649220,24,666777.0,4,676.0,373842.0,48,0,0.21,Self-Employed,High School,Personal,0,2024-02-01 09:07:22.947649220,Rejected_Review,Rejected
APP100877,2024-01-26 19:49:50.196732248,30,690137.0,1,635.0,863311.0,48,0,0.296,Self-Employed,High School,Education,0,2024-01-31 19:49:50.196732248,Rejected_Review,Rejected
APP100878,2024-01-27 06:32:17.445815276,23,744425.0,4,811.0,965967.0,24,5,0.342,Salaried,Master,Business,0,2024-01-28 06:32:17.445815276,Rejected_Review,Rejected
APP100879,2024-01-27 17:14:44.694898304,61,914082.0,5,722.0,548186.0,48,2,0.31,Business,Master,Personal,0,2024-01-29 17:14:44.694898304,Rejected_Review,Rejected
APP100880,2024-01-28 03:57:11.943981332,65,647805.0,11,748.0,196811.0,48,2,0.187,Business,Bachelor,Vehicle,0,2024-01-29 03:57:11.943981332,Rejected_Review,Closed
APP100881,2024-01-28 14:39:39.193064360,38,762460.0,9,721.0,392243.0,36,1,0.3,Business,Diploma,Vehicle,1,2024-02-02 14:39:39.193064360,Approved_Review,Disbursed
APP100882,2024-01-29 01:22:06.442147384,56,636983.0,8,714.0,1146226.0,24,1,0.315,Salaried,Master,Home,0,2024-02-03 01:22:06.442147384,Rejected_Review,Rejected
APP100883,2024-01-29 12:04:33.691230412,42,411238.0,7,634.0,483869.0,36,0,0.188,Salaried,Doctorate,Home,0,2024-02-03 12:04:33.691230412,Rejected_Review,Rejected
APP100884,2024-01-29 22:47:00.940313440,54,659547.0,8,661.0,588434.0,12,1,0.313,Salaried,Bachelor,Medical,0,2024-02-01 22:47:00.940313440,Rejected_Review,Rejected
APP100885,2024-01-30 09:29:28.189396468,28,910563.0,12,695.0,923112.0,36,1,0.322,Salaried,Bachelor,Business,0,2024-01-31 09:29:28.189396468,Rejected_Review,Rejected
APP100886,2024-01-30 20:11:55.438479496,60,1070549.0,11,648.0,600610.0,60,2,0.235,Salaried,Diploma,Personal,0,2024-02-01 20:11:55.438479496,Rejected_Review,Rejected
APP100887,2024-01-31 06:54:22.687562524,64,827794.0,4,636.0,1407812.0,12,2,0.402,Salaried,Bachelor,Vehicle,0,2024-02-06 06:54:22.687562524,Rejected_Review,Rejected
APP100888,2024-01-31 17:36:49.936645552,39,1184919.0,6,677.0,580774.0,36,0,0.05,Contract,Bachelor,Education,0,2024-02-05 17:36:49.936645552,Rejected_Review,Rejected
APP100889,2024-02-01 04:19:17.185728580,62,784826.0,5,651.0,455208.0,48,1,0.187,Business,Master,Education,0,2024-02-02 04:19:17.185728580,Rejected_Review,Rejected
APP100890,2024-02-01 15:01:44.434811608,61,958834.0,7,693.0,1264227.0,12,2,0.387,Business,Bachelor,Home,0,2024-02-04 15:01:44.434811608,Standard_Review,Rejected
APP100891,2024-02-02 01:44:11.683894636,57,991083.0,9,661.0,716934.0,12,1,0.219,Contract,Bachelor,Personal,0,2024-02-07 01:44:11.683894636,Rejected_Review,Rejected
APP100892,2024-02-02 12:26:38.932977664,26,,1,645.0,408251.0,48,1,0.279,Self-Employed,Diploma,Business,0,2024-02-06 12:26:38.932977664,Standard_Review,Closed
APP100893,2024-02-02 23:09:06.182060692,46,901152.0,4,630.0,886244.0,48,1,0.45,Salaried,High School,Vehicle,0,2024-02-03 23:09:06.182060692,Rejected_Review,Rejected
APP100894,2024-02-03 09:51:33.431143716,54,425678.0,11,690.0,604207.0,48,0,0.392,Business,High School,Personal,0,2024-02-06 09:51:33.431143716,Rejected_Review,Rejected
APP100895,2024-02-03 20:34:00.680226744,65,760813.0,4,748.0,394709.0,48,1,0.187,Salaried,Bachelor,Vehicle,0,2024-02-06 20:34:00.680226744,Rejected_Review,Rejected
APP100896,2024-02-04 07:16:27.929309772,26,842719.0,3,732.0,734095.0,36,0,0.131,Salaried,Diploma,Medical,0,2024-02-08 07:16:27.929309772,Rejected_Review,Rejected
APP100897,2024-02-04 17:58:55.178392800,57,1043113.0,4,591.0,646797.0,60,1,0.275,Salaried,Doctorate,Home,0,2024-02-09 17:58:55.178392800,Rejected_Review,Rejected
APP100898,2024-02-05 04:41:22.427475828,53,940408.0,10,746.0,301078.0,12,0,0.05,Salaried,Master,Medical,0,2024-02-08 04:41:22.427475828,Rejected_Review,Rejected
APP100899,2024-02-05 15:23:49.676558856,42,1049242.0,2,732.0,412163.0,36,1,0.142,Business,Master,Personal,1,2024-02-10 15:23:49.676558856,Standard_Review,Disbursed
APP100900,2024-02-06 02:06:16.925641884,41,621572.0,15,748.0,1778905.0,36,1,0.442,Business,Master,Vehicle,0,2024-02-13 02:06:16.925641884,Standard_Review,Rejected
APP100901,2024-02-06 12:48:44.174724912,26,556432.0,9,760.0,729045.0,24,2,0.299,Salaried,Diploma,Business,0,2024-02-16 12:48:44.174724912,Rejected_Review,Rejected
APP100902,2024-02-06 23:31:11.423807940,26,574367.0,9,643.0,1372536.0,36,0,0.456,Salaried,Master,Personal,0,2024-02-08 23:31:11.423807940,Rejected_Review,Rejected
APP100903,2024-02-07 10:13:38.672890968,24,732747.0,4,671.0,816878.0,48,2,0.223,Salaried,Doctorate,Vehicle,1,2024-02-11 10:13:38.672890968,Approved_Review,Disbursed
APP100904,2024-02-07 20:56:05.921973996,50,288022.0,7,806.0,1299388.0,36,0,0.75,Self-Employed,Diploma,Home,0,2024-02-08 20:56:05.921973996,Standard_Review,Rejected
APP100905,2024-02-08 07:38:33.171057024,31,1183537.0,11,803.0,924224.0,36,2,0.343,Salaried,Doctorate,Personal,1,2024-02-11 07:38:33.171057024,Approved_Review,Disbursed
APP100906,2024-02-08 18:21:00.420140052,50,662960.0,10,685.0,436119.0,48,1,0.212,Contract,Bachelor,Vehicle,0,2024-02-15 18:21:00.420140052,Standard_Review,Rejected
APP100907,2024-02-09 05:03:27.669223076,51,539273.0,5,729.0,948131.0,48,1,0.436,Salaried,High School,Business,0,2024-02-10 05:03:27.669223076,Rejected_Review,Rejected
APP100908,2024-02-09 15:45:54.918306104,44,208221.0,18,735.0,434715.0,36,1,0.352,Contract,Bachelor,Home,0,2024-02-12 15:45:54.918306104,Standard_Review,Rejected
APP100909,2024-02-10 02:28:22.167389132,29,639321.0,8,804.0,1114058.0,36,0,0.287,Salaried,Doctorate,Home,1,2024-02-14 02:28:22.167389132,Approved_Review,Disbursed
APP100910,2024-02-10 13:10:49.416472160,23,594463.0,10,712.0,780506.0,36,2,0.383,Salaried,Bachelor,Personal,0,2024-02-11 13:10:49.416472160,Rejected_Review,Rejected
APP100911,2024-02-10 23:53:16.665555188,51,434112.0,9,611.0,706601.0,24,1,0.364,Salaried,Master,Vehicle,0,2024-02-15 23:53:16.665555188,Rejected_Review,Rejected
APP100912,2024-02-11 10:35:43.914638216,60,480151.0,3,659.0,562176.0,48,2,0.318,Self-Employed,Diploma,Medical,0,2024-02-16 10:35:43.914638216,Rejected_Review,Rejected
APP100913,2024-02-11 21:18:11.163721244,57,642255.0,6,850.0,1043465.0,12,1,0.474,Salaried,High School,Personal,0,2024-02-14 21:18:11.163721244,Rejected_Review,Rejected
APP100914,2024-02-12 08:00:38.412804272,56,498830.0,3,608.0,646940.0,24,0,0.352,Business,Master,Medical,0,2024-02-17 08:00:38.412804272,Standard_Review,Rejected
APP100915,2024-02-12 18:43:05.661887300,44,840769.0,10,693.0,269383.0,24,1,0.357,Salaried,Bachelor,Education,0,2024-02-14 18:43:05.661887300,Rejected_Review,Rejected
APP100916,2024-02-13 05:25:32.910970328,51,464063.0,4,840.0,297066.0,60,0,0.233,Self-Employed,High School,Home,0,2024-02-18 05:25:32.910970328,Standard_Review,Rejected
APP100917,2024-02-13 16:08:00.160053356,26,696833.0,8,638.0,371090.0,12,1,0.32,Salaried,Diploma,Vehicle,0,2024-02-17 16:08:00.160053356,Rejected_Review,Rejected
APP100918,2024-02-14 02:50:27.409136384,22,1105433.0,4,513.0,1036050.0,48,1,0.259,Salaried,Diploma,Education,0,2024-02-18 02:50:27.409136384,Rejected_Review,Rejected
APP100919,2024-02-14 13:32:54.658219408,40,639383.0,9,525.0,1076215.0,12,0,0.271,Salaried,Bachelor,Business,0,2024-02-18 13:32:54.658219408,Rejected_Review,Rejected
APP100920,2024-02-15 00:15:21.907302436,48,762927.0,1,638.0,823513.0,48,0,0.338,Contract,Master,Personal,0,2024-02-16 00:15:21.907302436,Rejected_Review,Rejected
APP100921,2024-02-15 10:57:49.156385464,31,741493.0,14,575.0,819164.0,60,1,0.28,,Bachelor,Vehicle,1,2024-02-16 10:57:49.156385464,Approved_Review,Disbursed
APP100922,2024-02-15 21:40:16.405468492,24,652343.0,4,757.0,1442521.0,36,1,0.561,Salaried,Diploma,Home,0,2024-02-17 21:40:16.405468492,Standard_Review,Closed
APP100923,2024-02-16 08:22:43.654551520,35,630693.0,15,707.0,830896.0,60,2,0.348,Salaried,High School,Home,0,2024-02-19 08:22:43.654551520,Standard_Review,Rejected
APP100924,2024-02-16 19:05:10.903634548,26,502630.0,4,551.0,963079.0,48,1,0.447,Self-Employed,Bachelor,Education,0,2024-02-21 19:05:10.903634548,Rejected_Review,Rejected
APP100925,2024-02-17 05:47:38.152717576,50,695707.0,4,586.0,696249.0,48,1,0.16,Salaried,Master,Personal,0,2024-02-21 05:47:38.152717576,Rejected_Review,Rejected
APP100926,2024-02-17 16:30:05.401800604,58,572208.0,3,771.0,555880.0,48,2,0.317,Business,Bachelor,Education,0,2024-02-20 16:30:05.401800604,Rejected_Review,Rejected
APP100927,2024-02-18 03:12:32.650883632,22,1303376.0,7,703.0,608479.0,24,1,0.201,Salaried,Diploma,Personal,0,2024-02-19 03:12:32.650883632,Rejected_Review,Rejected
APP100928,2024-02-18 13:54:59.899966660,35,936348.0,16,783.0,1951717.0,36,3,0.346,Salaried,High School,Business,0,2024-02-21 13:54:59.899966660,Rejected_Review,Rejected
APP100929,2024-02-19 00:37:27.149049688,31,338057.0,4,763.0,406556.0,60,3,0.393,Salaried,Bachelor,Personal,0,2024-02-21 00:37:27.149049688,Rejected_Review,Rejected
APP100930,2024-02-19 11:19:54.398132716,28,346628.0,10,615.0,819125.0,36,3,0.343,Salaried,Master,Vehicle,0,2024-02-26 11:19:54.398132716,Rejected_Review,Rejected
APP100931,2024-02-19 22:02:21.647215744,46,612939.0,10,747.0,328122.0,60,1,0.239,Salaried,Diploma,Medical,0,2024-02-23 22:02:21.647215744,Rejected_Review,Rejected
APP100932,2024-02-20 08:44:48.896298768,65,544074.0,2,727.0,515853.0,48,2,0.221,Salaried,Bachelor,Business,0,2024-02-27 08:44:48.896298768,Rejected_Review,Rejected
APP100933,2024-02-20 19:27:16.145381796,64,598565.0,5,562.0,1030700.0,36,2,0.376,Salaried,Bachelor,Vehicle,0,2024-02-24 19:27:16.145381796,Standard_Review,Rejected
APP100934,2024-02-21 06:09:43.394464824,25,871308.0,8,601.0,283185.0,48,2,0.169,Business,Master,Education,0,2024-02-29 06:09:43.394464824,Rejected_Review,Rejected
APP100935,2024-02-21 16:52:10.643547852,26,749236.0,5,848.0,1100423.0,60,1,0.314,,Master,Personal,0,2024-02-26 16:52:10.643547852,Standard_Review,Rejected
APP100936,2024-02-22 03:34:37.892630880,46,745836.0,13,630.0,1948572.0,36,0,0.468,Salaried,Bachelor,Education,0,2024-02-27 03:34:37.892630880,Rejected_Review,Rejected
APP100937,2024-02-22 14:17:05.141713912,24,1246083.0,3,717.0,840217.0,12,1,0.164,Self-Employed,Master,Home,0,2024-03-01 14:17:05.141713912,Rejected_Review,Rejected
APP100938,2024-02-23 00:59:32.390796936,39,347920.0,14,678.0,1315586.0,48,0,0.676,Salaried,Master,Education,0,2024-02-26 00:59:32.390796936,Rejected_Review,Rejected
APP100939,2024-02-23 11:41:59.639879960,40,681124.0,9,702.0,792426.0,60,1,0.336,Salaried,High School,Home,0,2024-02-26 11:41:59.639879960,Standard_Review,Closed
APP100940,2024-02-23 22:24:26.888962992,53,500896.0,4,682.0,998870.0,48,1,0.32,Self-Employed,Master,Education,0,2024-02-27 22:24:26.888962992,Rejected_Review,Rejected
APP100941,2024-02-24 09:06:54.138046016,40,1240064.0,5,753.0,878278.0,24,1,0.334,Salaried,Bachelor,Business,0,2024-03-05 09:06:54.138046016,Rejected_Review,Rejected
APP100942,2024-02-24 19:49:21.387129048,32,240511.0,7,751.0,542426.0,36,0,0.474,Salaried,Master,Vehicle,0,2024-02-27 19:49:21.387129048,Rejected_Review,Closed
APP100943,2024-02-25 06:31:48.636212072,21,245306.0,4,698.0,518655.0,60,0,0.411,Salaried,Bachelor,Personal,0,2024-03-01 06:31:48.636212072,Rejected_Review,Rejected
APP100944,2024-02-25 17:14:15.885295104,46,745503.0,15,631.0,1263712.0,12,1,0.254,Salaried,Bachelor,Education,0,2024-03-02 17:14:15.885295104,Rejected_Review,Rejected
APP100945,2024-02-26 03:56:43.134378128,34,1079017.0,6,653.0,685380.0,36,0,0.181,Contract,Doctorate,Home,0,2024-03-04 03:56:43.134378128,Rejected_Review,Rejected
APP100946,2024-02-26 14:39:10.383461160,58,920518.0,16,,652098.0,24,0,0.103,Salaried,Diploma,Home,0,2024-03-03 14:39:10.383461160,Rejected_Review,Rejected
APP100947,2024-02-27 01:21:37.632544184,57,453290.0,12,668.0,645378.0,36,2,0.333,Self-Employed,Bachelor,Personal,0,2024-03-05 01:21:37.632544184,Rejected_Review,Rejected
APP100948,2024-02-27 12:04:04.881627216,31,1280316.0,1,575.0,815893.0,36,2,0.286,Self-Employed,Master,Home,0,2024-03-04 12:04:04.881627216,Rejected_Review,Rejected
APP100949,2024-02-27 22:46:32.130710240,56,373460.0,2,704.0,386960.0,24,0,0.224,Business,Master,Personal,0,2024-03-02 22:46:32.130710240,Rejected_Review,Rejected
APP100950,2024-02-28 09:28:59.379793272,33,1170680.0,4,709.0,639067.0,48,0,0.216,Self-Employed,Master,Education,1,2024-03-01 09:28:59.379793272,Approved_Review,Disbursed
APP100951,2024-02-28 20:11:26.628876296,63,396359.0,8,755.0,817589.0,36,2,0.467,Salaried,Bachelor,Business,1,2024-03-02 20:11:26.628876296,Approved_Review,Disbursed
APP100952,2024-02-29 06:53:53.877959320,23,554824.0,2,611.0,369273.0,36,0,0.186,Salaried,Bachelor,Business,0,2024-03-03 06:53:53.877959320,Standard_Review,Closed
APP100953,2024-02-29 17:36:21.127042352,53,866657.0,4,615.0,777199.0,36,2,0.297,Business,Bachelor,Home,0,2024-03-05 17:36:21.127042352,Standard_Review,Rejected
APP100954,2024-03-01 04:18:48.376125376,26,336023.0,6,789.0,446870.0,60,1,0.457,Self-Employed,Bachelor,Business,0,2024-03-06 04:18:48.376125376,Rejected_Review,Rejected
APP100955,2024-03-01 15:01:15.625208408,30,1258949.0,19,601.0,818357.0,48,0,0.28,Salaried,Diploma,Vehicle,0,2024-03-09 15:01:15.625208408,Rejected_Review,Rejected
APP100956,2024-03-02 01:43:42.874291432,25,553298.0,10,823.0,2059743.0,12,1,0.525,Salaried,Bachelor,Personal,0,2024-03-03 01:43:42.874291432,Standard_Review,Closed
APP100957,2024-03-02 12:26:10.123374464,43,691419.0,18,630.0,658951.0,12,0,0.263,Salaried,High School,Personal,0,2024-03-06 12:26:10.123374464,Rejected_Review,Rejected
APP100958,2024-03-02 23:08:37.372457488,30,1096592.0,8,630.0,408203.0,36,2,0.245,Business,High School,Home,0,2024-03-10 23:08:37.372457488,Rejected_Review,Rejected
APP100959,2024-03-03 09:51:04.621540520,64,454895.0,7,745.0,788098.0,60,0,0.393,Self-Employed,High School,Business,0,2024-03-04 09:51:04.621540520,Rejected_Review,Rejected
APP100960,2024-03-03 20:33:31.870623544,22,1047685.0,6,726.0,887302.0,36,3,0.177,Self-Employed,Bachelor,Home,0,2024-03-06 20:33:31.870623544,Standard_Review,Closed
APP100961,2024-03-04 07:15:59.119706576,33,1359963.0,7,797.0,438175.0,36,0,0.219,Salaried,Bachelor,Vehicle,1,2024-03-09 07:15:59.119706576,Approved_Review,Disbursed
APP100962,2024-03-04 17:58:26.368789600,60,483940.0,3,567.0,296439.0,48,1,0.209,Salaried,Bachelor,Home,0,2024-03-10 17:58:26.368789600,Rejected_Review,Rejected
APP100963,2024-03-05 04:40:53.617872624,22,1203750.0,9,725.0,438847.0,48,2,0.162,Salaried,Bachelor,Education,0,2024-03-06 04:40:53.617872624,Rejected_Review,Rejected
APP100964,2024-03-05 15:23:20.866955656,40,294333.0,5,687.0,683280.0,36,1,0.467,Salaried,Diploma,Home,0,2024-03-12 15:23:20.866955656,Rejected_Review,Rejected
APP100965,2024-03-06 02:05:48.116038680,21,774558.0,5,620.0,557478.0,24,1,0.36,Salaried,Bachelor,Business,0,2024-03-11 02:05:48.116038680,Rejected_Review,Rejected
APP100966,2024-03-06 12:48:15.365121712,57,373943.0,4,812.0,1199701.0,24,2,0.483,Salaried,Diploma,Vehicle,0,2024-03-07 12:48:15.365121712,Rejected_Review,Rejected
APP100967,2024-03-06 23:30:42.614204736,29,993395.0,3,705.0,906542.0,36,0,0.291,Salaried,Bachelor,Personal,0,2024-03-12 23:30:42.614204736,Rejected_Review,Rejected
APP100968,2024-03-07 10:13:09.863287768,37,957358.0,4,,736621.0,24,1,0.237,Business,High School,Business,0,2024-03-13 10:13:09.863287768,Rejected_Review,Rejected
APP100969,2024-03-07 20:55:37.112370792,29,1655392.0,3,720.0,292540.0,60,1,0.214,Salaried,Bachelor,Personal,0,2024-03-11 20:55:37.112370792,Rejected_Review,Rejected
APP100970,2024-03-08 07:38:04.361453824,31,1232192.0,8,578.0,959375.0,12,1,0.251,Salaried,Bachelor,Home,0,2024-03-11 07:38:04.361453824,Rejected_Review,Rejected
APP100971,2024-03-08 18:20:31.610536848,35,603276.0,4,609.0,1883089.0,48,3,0.484,Business,Bachelor,Home,0,2024-03-10 18:20:31.610536848,Rejected_Review,Rejected
APP100972,2024-03-09 05:02:58.859619880,44,399489.0,14,,1077322.0,36,0,0.43,Salaried,High School,Medical,0,2024-03-12 05:02:58.859619880,Rejected_Review,Rejected
APP100973,2024-03-09 15:45:26.108702904,58,838430.0,4,711.0,503827.0,36,1,0.254,Salaried,Master,Vehicle,1,2024-03-15 15:45:26.108702904,Approved_Review,Disbursed
APP100974,2024-03-10 02:27:53.357785936,55,632477.0,18,773.0,653867.0,60,1,0.283,Business,Bachelor,Vehicle,0,2024-03-11 02:27:53.357785936,Rejected_Review,Rejected
APP100975,2024-03-10 13:10:20.606868960,50,1306350.0,10,632.0,880615.0,48,1,0.274,Self-Employed,Master,Home,0,2024-03-12 13:10:20.606868960,Rejected_Review,Rejected
APP100976,2024-03-10 23:52:47.855951984,51,245207.0,6,618.0,1400257.0,60,2,0.724,Business,Diploma,Home,0,2024-03-15 23:52:47.855951984,Standard_Review,Closed
APP100977,2024-03-11 10:35:15.105035016,25,1739926.0,3,723.0,491865.0,24,2,0.26,Salaried,Master,Medical,0,2024-03-16 10:35:15.105035016,Standard_Review,Rejected
APP100978,2024-03-11 21:17:42.354118040,64,825813.0,6,681.0,554642.0,24,1,0.33,Contract,Diploma,Personal,0,2024-03-16 21:17:42.354118040,Rejected_Review,Rejected
APP100979,2024-03-12 08:00:09.603201072,34,450842.0,10,565.0,685054.0,24,2,0.343,Salaried,High School,Vehicle,0,2024-03-14 08:00:09.603201072,Rejected_Review,Rejected
APP100980,2024-03-12 18:42:36.852284096,31,904396.0,8,630.0,655723.0,36,1,0.283,Contract,High School,Personal,0,2024-03-16 18:42:36.852284096,Standard_Review,Rejected
APP100981,2024-03-13 05:25:04.101367128,29,1165391.0,9,678.0,1040296.0,36,1,0.325,Contract,Diploma,Business,0,2024-03-16 05:25:04.101367128,Rejected_Review,Rejected
APP100982,2024-03-13 16:07:31.350450152,54,684322.0,8,680.0,798096.0,60,1,0.277,Self-Employed,Master,Personal,0,2024-03-18 16:07:31.350450152,Rejected_Review,Rejected
APP100983,2024-03-14 02:49:58.599533184,32,293759.0,7,696.0,348101.0,36,2,0.308,Self-Employed,Diploma,Vehicle,0,2024-03-19 02:49:58.599533184,Rejected_Review,Rejected
APP100984,2024-03-14 13:32:25.848616208,55,569490.0,4,605.0,504057.0,60,2,0.29,Business,Bachelor,Vehicle,0,2024-03-18 13:32:25.848616208,Rejected_Review,Closed
APP100985,2024-03-15 00:14:53.097699240,55,1037636.0,2,681.0,511364.0,36,0,0.173,Salaried,Diploma,Home,1,2024-03-19 00:14:53.097699240,Approved_Review,Disbursed
APP100986,2024-03-15 10:57:20.346782264,21,812789.0,8,752.0,231278.0,48,0,0.194,Self-Employed,Bachelor,Personal,0,2024-03-19 10:57:20.346782264,Rejected_Review,Rejected
APP100987,2024-03-15 21:39:47.595865296,60,605797.0,1,502.0,1114208.0,36,3,0.229,Contract,Master,Home,0,2024-03-16 21:39:47.595865296,Rejected_Review,Rejected
APP100988,2024-03-16 08:22:14.844948320,42,1171118.0,2,672.0,747918.0,24,0,0.183,Salaried,Bachelor,Personal,0,2024-03-23 08:22:14.844948320,Rejected_Review,Closed
APP100989,2024-03-16 19:04:42.094031344,49,906563.0,5,582.0,534184.0,60,3,0.323,Contract,Bachelor,Home,0,2024-03-22 19:04:42.094031344,Rejected_Review,Closed
APP100990,2024-03-17 05:47:09.343114376,28,938540.0,13,688.0,1099252.0,24,2,0.318,Business,Diploma,Education,0,2024-03-18 05:47:09.343114376,Rejected_Review,Rejected
APP100991,2024-03-17 16:29:36.592197400,31,540334.0,2,592.0,813825.0,48,1,0.275,Business,High School,Personal,0,2024-03-25 16:29:36.592197400,Rejected_Review,Rejected
APP100992,2024-03-18 03:12:03.841280432,61,517314.0,3,699.0,367977.0,48,3,0.149,Salaried,Bachelor,Vehicle,0,2024-03-23 03:12:03.841280432,Rejected_Review,Rejected
APP100993,2024-03-18 13:54:31.090363456,57,302473.0,15,796.0,949444.0,60,0,0.703,Salaried,Master,Home,0,2024-03-23 13:54:31.090363456,Rejected_Review,Rejected
APP100994,2024-03-19 00:36:58.339446488,34,578389.0,14,626.0,1390699.0,48,0,0.389,Contract,Diploma,Personal,1,2024-03-22 00:36:58.339446488,Approved_Review,Disbursed
APP100995,2024-03-19 11:19:25.588529512,50,990192.0,5,636.0,652709.0,36,1,0.194,Salaried,Bachelor,Vehicle,0,2024-03-23 11:19:25.588529512,Rejected_Review,Rejected
APP100996,2024-03-19 22:01:52.837612544,55,592962.0,4,659.0,676922.0,36,4,0.329,Self-Employed,Master,Home,0,2024-03-24 22:01:52.837612544,Rejected_Review,Rejected
APP100997,2024-03-20 08:44:20.086695568,41,794303.0,4,711.0,738751.0,12,1,0.203,Business,Master,Vehicle,0,2024-03-28 08:44:20.086695568,Rejected_Review,Rejected
APP100998,2024-03-20 19:26:47.335778600,57,,6,624.0,380746.0,36,4,0.219,Salaried,Doctorate,Business,1,2024-03-22 19:26:47.335778600,Standard_Review,Disbursed
APP100999,2024-03-21 06:09:14.584861624,25,768736.0,6,665.0,751289.0,24,1,0.269,Self-Employed,Master,Vehicle,0,2024-03-27 06:09:14.584861624,Rejected_Review,Rejected
APP101000,2024-03-21 16:51:41.833944656,39,803281.0,5,646.0,448241.0,36,0,0.135,Salaried,High School,Personal,0,2024-03-24 16:51:41.833944656,Rejected_Review,Rejected
APP101001,2024-03-22 03:34:09.083027680,34,352818.0,11,660.0,697720.0,24,0,0.391,Salaried,Master,Education,0,2024-03-29 03:34:09.083027680,Standard_Review,Rejected
APP101002,2024-03-22 14:16:36.332110704,46,562178.0,2,711.0,760538.0,60,0,0.335,Salaried,Master,Home,0,2024-03-23 14:16:36.332110704,Rejected_Review,Rejected
APP101003,2024-03-23 00:59:03.581193736,24,1413684.0,6,726.0,912762.0,36,1,0.153,Self-Employed,Bachelor,Education,1,2024-03-27 00:59:03.581193736,Approved_Review,Disbursed
APP101004,2024-03-23 11:41:30.830276760,45,681081.0,15,594.0,929697.0,60,0,0.35,Business,High School,Home,0,2024-03-24 11:41:30.830276760,Rejected_Review,Rejected
APP101005,2024-03-23 22:23:58.079359792,65,1526152.0,3,711.0,440202.0,12,0,0.233,Salaried,Bachelor,Vehicle,0,2024-03-26 22:23:58.079359792,Rejected_Review,Rejected
APP101006,2024-03-24 09:06:25.328442816,62,469454.0,9,850.0,768843.0,48,2,0.275,Salaried,Diploma,Personal,1,2024-03-27 09:06:25.328442816,Standard_Review,Disbursed
APP101007,2024-03-24 19:48:52.577525848,45,722161.0,3,790.0,1129043.0,36,2,0.372,Salaried,Bachelor,Education,1,2024-03-29 19:48:52.577525848,Approved_Review,Pending_Disbursement
APP101008,2024-03-25 06:31:19.826608872,38,547174.0,8,648.0,393228.0,36,1,0.252,Salaried,Master,Education,0,2024-03-26 06:31:19.826608872,Rejected_Review,Rejected
APP101009,2024-03-25 17:13:47.075691904,60,848411.0,11,699.0,1675106.0,60,1,0.363,Salaried,Bachelor,Personal,0,2024-04-01 17:13:47.075691904,Rejected_Review,Rejected
APP101010,2024-03-26 03:56:14.324774928,28,972360.0,10,688.0,430467.0,60,2,0.185,Business,Master,Education,0,2024-04-03 03:56:14.324774928,Standard_Review,Rejected
APP101011,2024-03-26 14:38:41.573857960,59,852422.0,8,720.0,1579402.0,36,2,0.4,Contract,Bachelor,Vehicle,0,2024-03-30 14:38:41.573857960,Rejected_Review,Rejected
APP101012,2024-03-27 01:21:08.822940984,60,1038784.0,10,663.0,434268.0,60,0,0.159,Salaried,Bachelor,Home,0,2024-03-28 01:21:08.822940984,Standard_Review,Rejected
APP101013,2024-03-27 12:03:36.072024008,34,646158.0,15,673.0,680597.0,48,1,0.317,Business,Master,Education,0,2024-03-28 12:03:36.072024008,Rejected_Review,Rejected
APP101014,2024-03-27 22:46:03.321107040,52,596593.0,5,642.0,635637.0,60,0,0.222,Self-Employed,Bachelor,Home,0,2024-03-31 22:46:03.321107040,Rejected_Review,Rejected
APP101015,2024-03-28 09:28:30.570190064,58,294649.0,8,761.0,353427.0,36,0,0.243,Contract,Master,Home,1,2024-03-30 09:28:30.570190064,Approved_Review,Pending_Disbursement
APP101016,2024-03-28 20:10:57.819273096,53,866338.0,8,710.0,992451.0,60,0,0.197,Salaried,Bachelor,Vehicle,0,2024-04-04 20:10:57.819273096,Rejected_Review,Rejected
APP101017,2024-03-29 06:53:25.068356120,43,702366.0,19,711.0,1018257.0,60,0,0.204,Business,Bachelor,Education,0,2024-04-01 06:53:25.068356120,Rejected_Review,Rejected
APP101018,2024-03-29 17:35:52.317439152,35,630435.0,0,769.0,954274.0,24,1,0.342,Contract,Master,Home,0,2024-04-03 17:35:52.317439152,Rejected_Review,Closed
APP101019,2024-03-30 04:18:19.566522176,53,596515.0,9,770.0,618218.0,36,1,0.137,Contract,Bachelor,Vehicle,1,2024-04-03 04:18:19.566522176,Approved_Review,Disbursed
APP101020,2024-03-30 15:00:46.815605208,45,639302.0,9,758.0,492849.0,36,3,0.265,Self-Employed,Bachelor,Personal,0,2024-04-02 15:00:46.815605208,Rejected_Review,Rejected
APP101021,2024-03-31 01:43:14.064688232,37,584447.0,14,768.0,1212766.0,36,1,0.393,Salaried,Bachelor,Personal,0,2024-04-02 01:43:14.064688232,Rejected_Review,Closed
APP101022,2024-03-31 12:25:41.313771264,53,512529.0,6,792.0,778837.0,60,1,0.464,Self-Employed,Master,Education,0,2024-04-02 12:25:41.313771264,Rejected_Review,Rejected
APP101023,2024-03-31 23:08:08.562854288,22,723997.0,10,627.0,479593.0,48,2,0.272,,Master,Education,0,2024-04-03 23:08:08.562854288,Rejected_Review,Rejected
APP101024,2024-04-01 09:50:35.811937320,34,808228.0,4,671.0,779263.0,48,2,0.301,Salaried,Bachelor,Personal,0,2024-04-05 09:50:35.811937320,Rejected_Review,Rejected
APP101025,2024-04-01 20:33:03.061020344,60,459536.0,3,736.0,302999.0,36,1,0.182,Salaried,High School,Business,0,2024-04-05 20:33:03.061020344,Rejected_Review,Closed
APP101026,2024-04-02 07:15:30.310103368,60,542746.0,10,632.0,738760.0,24,3,0.274,Salaried,Bachelor,Personal,0,2024-04-06 07:15:30.310103368,Rejected_Review,Rejected
APP101027,2024-04-02 17:57:57.559186400,59,592821.0,3,666.0,971623.0,24,2,0.317,Salaried,Doctorate,Home,0,2024-04-06 17:57:57.559186400,Rejected_Review,Rejected
APP101028,2024-04-03 04:40:24.808269424,26,651409.0,5,703.0,639941.0,48,1,0.265,Salaried,Diploma,Home,0,2024-04-04 04:40:24.808269424,Rejected_Review,Rejected
APP101029,2024-04-03 15:22:52.057352456,26,613567.0,2,675.0,998779.0,24,3,0.304,Salaried,Bachelor,Personal,0,2024-04-09 15:22:52.057352456,Rejected_Review,Rejected
APP101030,2024-04-04 02:05:19.306435480,23,874670.0,2,694.0,1051203.0,24,1,0.334,Salaried,Diploma,Personal,0,2024-04-05 02:05:19.306435480,Standard_Review,Rejected
APP101031,2024-04-04 12:47:46.555518512,27,309020.0,4,616.0,803308.0,36,1,0.435,Salaried,Master,Vehicle,0,2024-04-09 12:47:46.555518512,Rejected_Review,Rejected
APP101032,2024-04-04 23:30:13.804601536,28,334690.0,14,688.0,1694453.0,12,3,0.75,Business,Bachelor,Medical,0,2024-04-10 23:30:13.804601536,Standard_Review,Rejected
APP101033,2024-04-05 10:12:41.053684568,62,709158.0,19,,1377545.0,24,1,0.326,Self-Employed,Bachelor,Education,0,2024-04-11 10:12:41.053684568,Rejected_Review,Closed
APP101034,2024-04-05 20:55:08.302767592,35,495597.0,10,795.0,957903.0,24,2,0.434,Business,High School,Personal,0,2024-04-11 20:55:08.302767592,Standard_Review,Rejected
APP101035,2024-04-06 07:37:35.551850624,49,967661.0,8,673.0,836013.0,60,1,0.389,Salaried,Bachelor,Vehicle,0,2024-04-10 07:37:35.551850624,Rejected_Review,Closed
APP101036,2024-04-06 18:20:02.800933648,53,1100349.0,16,648.0,615783.0,24,1,0.341,Business,Bachelor,Business,0,2024-04-08 18:20:02.800933648,Standard_Review,Rejected
APP101037,2024-04-07 05:02:30.050016680,50,722096.0,6,736.0,506487.0,60,0,0.174,Contract,Bachelor,Business,0,2024-04-08 05:02:30.050016680,Rejected_Review,Rejected
APP101038,2024-04-07 15:44:57.299099704,59,401250.0,6,484.0,1042965.0,24,0,0.543,Salaried,Bachelor,Home,0,2024-04-11 15:44:57.299099704,Standard_Review,Rejected
APP101039,2024-04-08 02:27:24.548182728,47,1044757.0,5,,633654.0,60,2,0.067,Salaried,Bachelor,Home,0,2024-04-11 02:27:24.548182728,Rejected_Review,Rejected
APP101040,2024-04-08 13:09:51.797265760,56,710862.0,12,657.0,421591.0,48,3,0.112,Self-Employed,Master,Vehicle,0,2024-04-11 13:09:51.797265760,Rejected_Review,Rejected
APP101041,2024-04-08 23:52:19.046348784,49,332903.0,12,707.0,468718.0,60,1,0.361,Self-Employed,Diploma,Home,0,2024-04-13 23:52:19.046348784,Rejected_Review,Rejected
APP101042,2024-04-09 10:34:46.295431816,58,346415.0,14,771.0,500689.0,60,1,0.354,Salaried,Diploma,Business,0,2024-04-13 10:34:46.295431816,Rejected_Review,Rejected
APP101043,2024-04-09 21:17:13.544514840,53,1286394.0,4,791.0,1682198.0,48,1,0.349,Contract,Master,Vehicle,0,2024-04-11 21:17:13.544514840,Rejected_Review,Rejected
APP101044,2024-04-10 07:59:40.793597872,57,1193904.0,6,706.0,1069551.0,60,3,0.223,Salaried,Master,Home,0,2024-04-20 07:59:40.793597872,Rejected_Review,Closed
APP101045,2024-04-10 18:42:08.042680896,47,209402.0,11,589.0,712100.0,48,1,0.48,Business,Diploma,Business,0,2024-04-13 18:42:08.042680896,Rejected_Review,Rejected
APP101046,2024-04-11 05:24:35.291763928,53,352823.0,23,657.0,860966.0,48,1,0.316,Salaried,High School,Home,0,2024-04-17 05:24:35.291763928,Rejected_Review,Rejected
APP101047,2024-04-11 16:07:02.540846952,24,1086110.0,7,664.0,912415.0,36,4,0.191,Salaried,Bachelor,Home,0,2024-04-16 16:07:02.540846952,Rejected_Review,Rejected
APP101048,2024-04-12 02:49:29.789929984,42,644613.0,1,714.0,453404.0,60,0,0.28,Salaried,Diploma,Personal,1,2024-04-15 02:49:29.789929984,Approved_Review,Disbursed
APP101049,2024-04-12 13:31:57.039013008,22,891410.0,11,694.0,390449.0,60,2,0.263,Salaried,Doctorate,Business,0,2024-04-15 13:31:57.039013008,Rejected_Review,Closed
APP101050,2024-04-13 00:14:24.288096032,30,632129.0,1,645.0,1184234.0,24,3,0.396,Contract,Bachelor,Education,0,2024-04-14 00:14:24.288096032,Rejected_Review,Rejected
APP101051,2024-04-13 10:56:51.537179064,25,872615.0,19,609.0,356459.0,36,1,0.213,Self-Employed,Master,Home,0,2024-04-17 10:56:51.537179064,Rejected_Review,Rejected
APP101052,2024-04-13 21:39:18.786262088,30,651709.0,10,634.0,693925.0,60,5,0.396,Business,Master,Business,0,2024-04-17 21:39:18.786262088,Rejected_Review,Closed
APP101053,2024-04-14 08:21:46.035345120,53,533815.0,10,631.0,487952.0,48,2,0.358,Contract,Bachelor,Education,0,2024-04-16 08:21:46.035345120,Rejected_Review,Closed
APP101054,2024-04-14 19:04:13.284428144,58,1046710.0,6,795.0,781782.0,60,0,0.306,Salaried,Bachelor,Medical,0,2024-04-21 19:04:13.284428144,Standard_Review,Rejected
APP101055,2024-04-15 05:46:40.533511176,33,711871.0,4,640.0,616806.0,36,1,0.335,Salaried,Bachelor,Personal,0,2024-04-20 05:46:40.533511176,Rejected_Review,Rejected
APP101056,2024-04-15 16:29:07.782594200,51,871789.0,9,694.0,914220.0,36,3,0.3,Contract,Master,Home,0,2024-04-19 16:29:07.782594200,Rejected_Review,Rejected
APP101057,2024-04-16 03:11:35.031677232,56,697724.0,2,753.0,220412.0,36,1,0.221,Self-Employed,Bachelor,Personal,0,2024-04-19 03:11:35.031677232,Rejected_Review,Rejected
APP101058,2024-04-16 13:54:02.280760256,65,522232.0,3,703.0,1225881.0,36,2,0.378,Self-Employed,Diploma,Vehicle,0,2024-04-20 13:54:02.280760256,Rejected_Review,Rejected
APP101059,2024-04-17 00:36:29.529843288,44,1340432.0,11,619.0,1011078.0,36,1,0.267,Salaried,Bachelor,Vehicle,0,2024-04-19 00:36:29.529843288,Rejected_Review,Rejected
APP101060,2024-04-17 11:18:56.778926312,35,762581.0,5,754.0,1160786.0,36,2,0.287,Business,Bachelor,Home,0,2024-04-20 11:18:56.778926312,Rejected_Review,Rejected
APP101061,2024-04-17 22:01:24.028009344,49,554020.0,8,713.0,1095837.0,24,0,0.474,Salaried,High School,Home,0,2024-04-22 22:01:24.028009344,Rejected_Review,Rejected
APP101062,2024-04-18 08:43:51.277092368,28,1155422.0,8,548.0,818914.0,36,3,0.279,Business,Bachelor,Personal,0,2024-04-22 08:43:51.277092368,Rejected_Review,Rejected
APP101063,2024-04-18 19:26:18.526175392,25,358741.0,7,771.0,507962.0,24,0,0.29,Contract,Diploma,Business,0,2024-04-26 19:26:18.526175392,Rejected_Review,Rejected
APP101064,2024-04-19 06:08:45.775258424,49,1778099.0,6,747.0,871570.0,48,2,0.258,Self-Employed,Master,Vehicle,1,2024-04-22 06:08:45.775258424,Approved_Review,Disbursed
APP101065,2024-04-19 16:51:13.024341448,24,599655.0,10,712.0,809040.0,36,0,0.39,Self-Employed,High School,Home,0,2024-04-23 16:51:13.024341448,Standard_Review,Rejected
APP101066,2024-04-20 03:33:40.273424480,32,367369.0,10,796.0,1085028.0,24,1,0.443,Salaried,Bachelor,Personal,1,2024-04-25 03:33:40.273424480,Approved_Review,Disbursed
APP101067,2024-04-20 14:16:07.522507504,65,1532485.0,3,745.0,955185.0,36,5,0.207,Salaried,Master,Vehicle,0,2024-04-25 14:16:07.522507504,Rejected_Review,Rejected
APP101068,2024-04-21 00:58:34.771590536,22,527710.0,5,763.0,733770.0,12,2,0.249,Self-Employed,Master,Vehicle,0,2024-04-24 00:58:34.771590536,Rejected_Review,Rejected
APP101069,2024-04-21 11:41:02.020673560,47,725189.0,22,757.0,869262.0,60,1,0.291,Salaried,Bachelor,Education,1,2024-04-24 11:41:02.020673560,Approved_Review,Disbursed
APP101070,2024-04-21 22:23:29.269756592,51,897787.0,5,739.0,908637.0,36,1,0.365,Contract,Bachelor,Personal,0,2024-04-24 22:23:29.269756592,Rejected_Review,Rejected
APP101071,2024-04-22 09:05:56.518839616,56,1107488.0,4,574.0,1206218.0,60,1,0.281,Self-Employed,Bachelor,Vehicle,0,2024-04-27 09:05:56.518839616,Rejected_Review,Rejected
APP101072,2024-04-22 19:48:23.767922648,56,743873.0,11,581.0,1667400.0,36,1,0.46,Contract,Diploma,Home,0,2024-04-25 19:48:23.767922648,Rejected_Review,Rejected
APP101073,2024-04-23 06:30:51.017005672,46,485743.0,6,745.0,943524.0,60,2,0.345,Salaried,Bachelor,Vehicle,1,2024-05-02 06:30:51.017005672,Approved_Review,Disbursed
APP101074,2024-04-23 17:13:18.266088704,63,717318.0,1,770.0,910749.0,36,2,0.362,Contract,Bachelor,Personal,0,2024-04-26 17:13:18.266088704,Standard_Review,Rejected
APP101075,2024-04-24 03:55:45.515171728,47,538227.0,14,644.0,626145.0,24,1,0.285,Self-Employed,Master,Vehicle,0,2024-04-28 03:55:45.515171728,Standard_Review,Rejected
APP101076,2024-04-24 14:38:12.764254752,25,727074.0,3,618.0,589586.0,60,0,0.301,Business,Bachelor,Business,0,2024-04-28 14:38:12.764254752,Rejected_Review,Rejected
APP101077,2024-04-25 01:20:40.013337784,40,1352405.0,2,707.0,486954.0,24,0,0.254,Salaried,Diploma,Education,0,2024-04-29 01:20:40.013337784,Rejected_Review,Rejected
APP101078,2024-04-25 12:03:07.262420808,31,913368.0,8,596.0,141344.0,48,1,0.095,Salaried,High School,Personal,0,2024-05-01 12:03:07.262420808,Rejected_Review,Rejected
APP101079,2024-04-25 22:45:34.511503840,30,713344.0,4,679.0,460114.0,36,2,0.18,Self-Employed,Master,Business,0,2024-04-27 22:45:34.511503840,Rejected_Review,Rejected
APP101080,2024-04-26 09:28:01.760586864,60,906230.0,3,667.0,642082.0,48,2,0.206,Salaried,Bachelor,Personal,0,2024-05-05 09:28:01.760586864,Rejected_Review,Rejected
APP101081,2024-04-26 20:10:29.009669896,58,935900.0,8,675.0,600613.0,60,2,0.351,Salaried,Master,Business,0,2024-04-29 20:10:29.009669896,Standard_Review,Closed
APP101082,2024-04-27 06:52:56.258752920,26,400186.0,7,812.0,879525.0,60,0,0.509,Contract,Bachelor,Home,0,2024-05-02 06:52:56.258752920,Rejected_Review,Rejected
APP101083,2024-04-27 17:35:23.507835952,28,662319.0,9,649.0,468281.0,36,1,0.242,Salaried,Bachelor,Personal,0,2024-05-01 17:35:23.507835952,Rejected_Review,Rejected
APP101084,2024-04-28 04:17:50.756918976,43,2059276.0,5,693.0,478702.0,36,1,0.37,Salaried,Diploma,Business,0,2024-05-02 04:17:50.756918976,Rejected_Review,Rejected
APP101085,2024-04-28 15:00:18.006002008,46,1121858.0,13,605.0,243284.0,60,1,0.084,Salaried,Diploma,Vehicle,0,2024-05-05 15:00:18.006002008,Rejected_Review,Rejected
APP101086,2024-04-29 01:42:45.255085032,63,518234.0,11,751.0,886069.0,60,2,0.339,Contract,Diploma,Home,0,2024-05-07 01:42:45.255085032,Rejected_Review,Rejected
APP101087,2024-04-29 12:25:12.504168064,32,495481.0,11,678.0,449063.0,12,1,0.341,Self-Employed,Doctorate,Personal,0,2024-05-01 12:25:12.504168064,Rejected_Review,Rejected
APP101088,2024-04-29 23:07:39.753251088,46,488108.0,2,767.0,489350.0,36,1,0.273,Salaried,Master,Vehicle,0,2024-05-01 23:07:39.753251088,Rejected_Review,Rejected
APP101089,2024-04-30 09:50:07.002334112,33,959888.0,12,530.0,928392.0,24,2,0.207,Salaried,Bachelor,Home,0,2024-05-05 09:50:07.002334112,Rejected_Review,Rejected
APP101090,2024-04-30 20:32:34.251417144,60,1339981.0,13,686.0,450211.0,60,1,0.218,Business,Diploma,Personal,0,2024-05-04 20:32:34.251417144,Rejected_Review,Closed
APP101091,2024-05-01 07:15:01.500500168,38,844671.0,5,699.0,846618.0,24,2,0.458,Salaried,Bachelor,Home,0,2024-05-04 07:15:01.500500168,Rejected_Review,Rejected
APP101092,2024-05-01 17:57:28.749583200,45,697635.0,3,749.0,382898.0,36,4,0.157,Salaried,Bachelor,Business,0,2024-05-04 17:57:28.749583200,Rejected_Review,Rejected
APP101093,2024-05-02 04:39:55.998666224,53,532244.0,1,648.0,692645.0,48,2,0.255,Salaried,Bachelor,Business,0,2024-05-05 04:39:55.998666224,Rejected_Review,Closed
APP101094,2024-05-02 15:22:23.247749256,60,753848.0,4,741.0,516076.0,60,2,0.157,Salaried,Bachelor,Medical,0,2024-05-04 15:22:23.247749256,Standard_Review,Rejected
APP101095,2024-05-03 02:04:50.496832280,63,449402.0,7,656.0,612735.0,60,1,0.284,Self-Employed,Master,Home,0,2024-05-08 02:04:50.496832280,Rejected_Review,Rejected
APP101096,2024-05-03 12:47:17.745915312,32,272021.0,7,696.0,1490580.0,36,2,0.75,Self-Employed,Master,Business,0,2024-05-07 12:47:17.745915312,Rejected_Review,Rejected
APP101097,2024-05-03 23:29:44.994998336,64,1357695.0,3,750.0,308412.0,36,2,0.287,Business,High School,Vehicle,0,2024-05-06 23:29:44.994998336,Rejected_Review,Rejected
APP101098,2024-05-04 10:12:12.244081368,56,413376.0,2,630.0,1425511.0,60,1,0.475,Salaried,Bachelor,Education,0,2024-05-05 10:12:12.244081368,Standard_Review,Rejected
APP101099,2024-05-04 20:54:39.493164392,24,561604.0,21,738.0,442169.0,48,0,0.287,Salaried,High School,Medical,0,2024-05-07 20:54:39.493164392,Standard_Review,Rejected
APP101100,2024-05-05 07:37:06.742247416,25,873347.0,12,712.0,1080978.0,48,1,0.353,Salaried,Diploma,Personal,0,2024-05-13 07:37:06.742247416,Rejected_Review,Rejected
APP101101,2024-05-05 18:19:33.991330448,57,1239524.0,12,668.0,1193611.0,48,2,0.218,Salaried,Doctorate,Personal,0,2024-05-08 18:19:33.991330448,Rejected_Review,Rejected
APP101102,2024-05-06 05:02:01.240413472,28,729735.0,10,647.0,868104.0,36,2,0.345,Salaried,Master,Personal,0,2024-05-09 05:02:01.240413472,Rejected_Review,Rejected
APP101103,2024-05-06 15:44:28.489496504,62,379860.0,6,553.0,380642.0,48,4,0.297,Self-Employed,High School,Personal,0,2024-05-09 15:44:28.489496504,Rejected_Review,Rejected
APP101104,2024-05-07 02:26:55.738579528,48,567571.0,12,685.0,802150.0,36,0,0.396,Salaried,Bachelor,Vehicle,0,2024-05-12 02:26:55.738579528,Rejected_Review,Rejected
APP101105,2024-05-07 13:09:22.987662560,51,478978.0,5,668.0,2517097.0,36,0,0.625,Business,Bachelor,Vehicle,0,2024-05-13 13:09:22.987662560,Rejected_Review,Rejected
APP101106,2024-05-07 23:51:50.236745584,29,638919.0,3,732.0,703944.0,60,1,0.303,Self-Employed,Bachelor,Personal,0,2024-05-10 23:51:50.236745584,Rejected_Review,Rejected
APP101107,2024-05-08 10:34:17.485828616,49,1131575.0,3,725.0,665589.0,12,2,0.278,Salaried,Bachelor,Business,0,2024-05-09 10:34:17.485828616,Rejected_Review,Rejected
APP101108,2024-05-08 21:16:44.734911640,34,207503.0,5,760.0,634319.0,36,0,0.59,Salaried,High School,Business,0,2024-05-11 21:16:44.734911640,Standard_Review,Rejected
APP101109,2024-05-09 07:59:11.983994672,60,540150.0,4,762.0,905839.0,36,1,0.408,Self-Employed,Bachelor,Business,0,2024-05-12 07:59:11.983994672,Standard_Review,Rejected
APP101110,2024-05-09 18:41:39.233077696,61,522774.0,8,850.0,670142.0,24,5,0.219,Business,High School,Business,1,2024-05-13 18:41:39.233077696,Approved_Review,Disbursed
APP101111,2024-05-10 05:24:06.482160728,42,369234.0,1,723.0,807042.0,60,2,0.512,Business,Bachelor,Medical,0,2024-05-16 05:24:06.482160728,Rejected_Review,Rejected
APP101112,2024-05-10 16:06:33.731243752,31,845936.0,10,634.0,604813.0,48,0,0.288,Salaried,Diploma,Personal,0,2024-05-12 16:06:33.731243752,Rejected_Review,Closed
APP101113,2024-05-11 02:49:00.980326776,43,343860.0,6,744.0,416946.0,24,3,0.297,Self-Employed,High School,Home,0,2024-05-16 02:49:00.980326776,Rejected_Review,Rejected
APP101114,2024-05-11 13:31:28.229409808,21,362136.0,4,794.0,2235265.0,36,1,0.75,Salaried,Diploma,Vehicle,0,2024-05-16 13:31:28.229409808,Rejected_Review,Rejected
APP101115,2024-05-12 00:13:55.478492832,57,953323.0,5,721.0,666976.0,36,2,0.357,Self-Employed,High School,Business,0,2024-05-17 00:13:55.478492832,Standard_Review,Rejected
APP101116,2024-05-12 10:56:22.727575864,41,1276950.0,5,552.0,3464347.0,24,0,0.525,Contract,Diploma,Home,0,2024-05-17 10:56:22.727575864,Rejected_Review,Rejected
APP101117,2024-05-12 21:38:49.976658888,46,628118.0,11,726.0,865700.0,48,2,0.326,Self-Employed,Master,Medical,0,2024-05-13 21:38:49.976658888,Rejected_Review,Rejected
APP101118,2024-05-13 08:21:17.225741920,56,375833.0,14,649.0,944893.0,36,2,0.392,Salaried,Bachelor,Home,0,2024-05-18 08:21:17.225741920,Rejected_Review,Rejected
APP101119,2024-05-13 19:03:44.474824944,43,473179.0,8,604.0,599705.0,48,0,0.286,Self-Employed,Bachelor,Business,0,2024-05-17 19:03:44.474824944,Rejected_Review,Rejected
APP101120,2024-05-14 05:46:11.723907976,21,1023080.0,12,702.0,520402.0,24,1,0.151,Contract,Bachelor,Medical,0,2024-05-17 05:46:11.723907976,Rejected_Review,Rejected
APP101121,2024-05-14 16:28:38.972991000,60,684966.0,9,591.0,606525.0,36,0,0.134,Salaried,Diploma,Personal,0,2024-05-21 16:28:38.972991000,Rejected_Review,Rejected
APP101122,2024-05-15 03:11:06.222074032,35,621108.0,8,757.0,461704.0,24,2,0.255,Salaried,Bachelor,Business,0,2024-05-21 03:11:06.222074032,Rejected_Review,Rejected
APP101123,2024-05-15 13:53:33.471157056,41,748331.0,6,738.0,440866.0,24,5,0.098,Salaried,Master,Medical,0,2024-05-17 13:53:33.471157056,Standard_Review,Rejected
APP101124,2024-05-16 00:36:00.720240088,29,639077.0,8,684.0,1708517.0,60,1,0.427,Salaried,High School,Personal,0,2024-05-19 00:36:00.720240088,Standard_Review,Rejected
APP101125,2024-05-16 11:18:27.969323112,29,1303154.0,7,654.0,1044148.0,24,1,0.224,Salaried,Master,Medical,0,2024-05-22 11:18:27.969323112,Rejected_Review,Rejected
APP101126,2024-05-16 22:00:55.218406136,30,463988.0,7,678.0,1480556.0,24,0,0.431,Salaried,Master,Personal,0,2024-05-20 22:00:55.218406136,Rejected_Review,Rejected
APP101127,2024-05-17 08:43:22.467489168,46,440623.0,11,624.0,1228477.0,60,3,0.556,Salaried,Master,Business,0,2024-05-18 08:43:22.467489168,Rejected_Review,Rejected
APP101128,2024-05-17 19:25:49.716572192,61,348772.0,2,685.0,518217.0,48,0,0.32,Salaried,Diploma,Personal,0,2024-05-25 19:25:49.716572192,Standard_Review,Rejected
APP101129,2024-05-18 06:08:16.965655224,55,509779.0,12,505.0,324160.0,24,2,0.066,Self-Employed,Bachelor,Home,0,2024-05-22 06:08:16.965655224,Rejected_Review,Rejected
APP101130,2024-05-18 16:50:44.214738248,45,397654.0,10,696.0,556134.0,60,2,0.377,Salaried,Bachelor,Personal,0,2024-05-22 16:50:44.214738248,Standard_Review,Rejected
APP101131,2024-05-19 03:33:11.463821280,46,717022.0,1,697.0,732890.0,24,0,0.397,Contract,High School,Medical,0,2024-05-24 03:33:11.463821280,Rejected_Review,Rejected
APP101132,2024-05-19 14:15:38.712904304,31,656156.0,6,745.0,1240478.0,48,0,0.389,Salaried,Bachelor,Business,0,2024-05-21 14:15:38.712904304,Standard_Review,Rejected
APP101133,2024-05-20 00:58:05.961987336,58,399970.0,2,709.0,681147.0,12,2,0.398,Self-Employed,Master,Home,0,2024-05-27 00:58:05.961987336,Standard_Review,Rejected
APP101134,2024-05-20 11:40:33.211070360,22,847326.0,6,754.0,3084865.0,48,0,0.61,Salaried,Master,Home,0,2024-05-22 11:40:33.211070360,Standard_Review,Rejected
APP101135,2024-05-20 22:23:00.460153392,27,1286317.0,13,726.0,563818.0,36,1,0.243,Salaried,Diploma,Education,0,2024-05-24 22:23:00.460153392,Standard_Review,Closed
APP101136,2024-05-21 09:05:27.709236416,38,763566.0,2,757.0,940686.0,24,1,0.26,Self-Employed,Diploma,Vehicle,0,2024-05-24 09:05:27.709236416,Rejected_Review,Rejected
APP101137,2024-05-21 19:47:54.958319448,47,206934.0,5,850.0,518938.0,48,3,0.399,Self-Employed,Diploma,Vehicle,0,2024-05-27 19:47:54.958319448,Rejected_Review,Rejected
APP101138,2024-05-22 06:30:22.207402472,54,1589510.0,3,717.0,857672.0,48,1,0.141,Business,Diploma,Medical,1,2024-05-27 06:30:22.207402472,Approved_Review,Disbursed
APP101139,2024-05-22 17:12:49.456485496,47,909675.0,5,702.0,657401.0,48,2,0.245,Business,Bachelor,Medical,0,2024-05-26 17:12:49.456485496,Standard_Review,Rejected
APP101140,2024-05-23 03:55:16.705568528,37,1567693.0,8,767.0,618162.0,60,2,0.242,Salaried,Master,Vehicle,0,2024-05-24 03:55:16.705568528,Rejected_Review,Rejected
APP101141,2024-05-23 14:37:43.954651552,63,1061882.0,1,660.0,513723.0,36,0,0.252,Salaried,Master,Personal,0,2024-05-28 14:37:43.954651552,Rejected_Review,Rejected
APP101142,2024-05-24 01:20:11.203734584,64,1161775.0,8,682.0,753592.0,36,0,0.198,Self-Employed,Master,Business,0,2024-05-28 01:20:11.203734584,Rejected_Review,Rejected
APP101143,2024-05-24 12:02:38.452817608,44,712901.0,17,717.0,1063336.0,48,1,0.315,Salaried,Bachelor,Education,0,2024-05-25 12:02:38.452817608,Rejected_Review,Rejected
APP101144,2024-05-24 22:45:05.701900640,45,577633.0,13,695.0,429898.0,48,1,0.225,Salaried,Bachelor,Medical,0,2024-05-28 22:45:05.701900640,Standard_Review,Rejected
APP101145,2024-05-25 09:27:32.950983664,27,768960.0,6,694.0,683204.0,36,0,0.221,Salaried,Master,Education,0,2024-05-30 09:27:32.950983664,Rejected_Review,Rejected
APP101146,2024-05-25 20:10:00.200066696,26,472491.0,4,748.0,895737.0,36,1,0.243,Salaried,Master,Personal,0,2024-05-29 20:10:00.200066696,Rejected_Review,Closed
APP101147,2024-05-26 06:52:27.449149720,44,790147.0,17,580.0,984886.0,48,1,0.286,Salaried,Master,Business,0,2024-05-29 06:52:27.449149720,Rejected_Review,Closed
APP101148,2024-05-26 17:34:54.698232752,53,199321.0,6,822.0,1776844.0,60,1,0.75,Salaried,Bachelor,Business,0,2024-06-02 17:34:54.698232752,Standard_Review,Rejected
APP101149,2024-05-27 04:17:21.947315776,49,662680.0,23,722.0,934881.0,48,3,0.316,Business,Master,Personal,0,2024-06-04 04:17:21.947315776,Rejected_Review,Rejected
APP101150,2024-05-27 14:59:49.196398800,63,1190438.0,6,664.0,573105.0,24,1,0.17,Salaried,Bachelor,Vehicle,1,2024-05-29 14:59:49.196398800,Approved_Review,Disbursed
APP101151,2024-05-28 01:42:16.445481832,42,678179.0,5,796.0,526936.0,48,1,0.264,Contract,Master,Personal,0,2024-06-03 01:42:16.445481832,Rejected_Review,Rejected
APP101152,2024-05-28 12:24:43.694564856,46,1414229.0,3,697.0,523717.0,60,2,0.384,Salaried,Master,Business,0,2024-06-02 12:24:43.694564856,Rejected_Review,Rejected
APP101153,2024-05-28 23:07:10.943647888,48,577257.0,11,698.0,509328.0,60,1,0.311,Salaried,Diploma,Medical,0,2024-05-31 23:07:10.943647888,Rejected_Review,Rejected
APP101154,2024-05-29 09:49:38.192730912,41,1020620.0,7,676.0,779730.0,60,2,0.208,Self-Employed,Master,Business,0,2024-06-02 09:49:38.192730912,Rejected_Review,Closed
APP101155,2024-05-29 20:32:05.441813944,27,437795.0,7,785.0,863812.0,60,2,0.371,Business,Diploma,Vehicle,0,2024-06-02 20:32:05.441813944,Rejected_Review,Rejected
APP101156,2024-05-30 07:14:32.690896968,37,1002100.0,17,,1057172.0,36,2,0.269,Self-Employed,Master,Personal,0,2024-06-05 07:14:32.690896968,Rejected_Review,Rejected
APP101157,2024-05-30 17:56:59.939980000,40,721722.0,8,654.0,976112.0,36,1,0.32,Self-Employed,Bachelor,Vehicle,0,2024-06-02 17:56:59.939980000,Rejected_Review,Rejected
APP101158,2024-05-31 04:39:27.189063024,61,588799.0,13,755.0,1305229.0,48,1,0.416,Business,Bachelor,Personal,0,2024-06-01 04:39:27.189063024,Standard_Review,Rejected
APP101159,2024-05-31 15:21:54.438146056,40,204124.0,9,767.0,501007.0,36,0,0.413,Self-Employed,High School,Personal,0,2024-06-04 15:21:54.438146056,Rejected_Review,Rejected
APP101160,2024-06-01 02:04:21.687229080,42,579695.0,9,794.0,1586558.0,36,1,0.443,Business,High School,Business,0,2024-06-07 02:04:21.687229080,Rejected_Review,Closed
APP101161,2024-06-01 12:46:48.936312112,48,715532.0,3,731.0,510940.0,60,1,0.281,Business,Doctorate,Personal,0,2024-06-07 12:46:48.936312112,Rejected_Review,Closed
APP101162,2024-06-01 23:29:16.185395136,60,943779.0,8,765.0,833011.0,48,2,0.238,Salaried,Bachelor,Vehicle,0,2024-06-04 23:29:16.185395136,Rejected_Review,Rejected
APP101163,2024-06-02 10:11:43.434478160,27,1312120.0,7,673.0,635048.0,60,1,0.248,Business,Master,Home,1,2024-06-07 10:11:43.434478160,Approved_Review,Disbursed
APP101164,2024-06-02 20:54:10.683561192,21,1624145.0,7,757.0,691686.0,60,4,0.186,Salaried,Master,Business,1,2024-06-08 20:54:10.683561192,Approved_Review,Disbursed
APP101165,2024-06-03 07:36:37.932644216,52,1138871.0,10,738.0,979679.0,36,0,0.127,Contract,Bachelor,Personal,0,2024-06-08 07:36:37.932644216,Rejected_Review,Rejected
APP101166,2024-06-03 18:19:05.181727248,33,504734.0,2,724.0,340996.0,60,2,0.157,Salaried,Master,Home,0,2024-06-11 18:19:05.181727248,Rejected_Review,Rejected
APP101167,2024-06-04 05:01:32.430810272,50,566689.0,1,589.0,462071.0,24,3,0.136,Salaried,High School,Personal,0,2024-06-11 05:01:32.430810272,Standard_Review,Rejected
APP101168,2024-06-04 15:43:59.679893304,43,906403.0,6,665.0,1018100.0,48,0,0.299,Contract,Bachelor,Business,0,2024-06-07 15:43:59.679893304,Rejected_Review,Rejected
APP101169,2024-06-05 02:26:26.928976328,39,821226.0,18,687.0,699247.0,24,0,0.133,Salaried,Bachelor,Home,0,2024-06-09 02:26:26.928976328,Rejected_Review,Closed
APP101170,2024-06-05 13:08:54.178059360,52,1352524.0,3,725.0,615707.0,36,4,0.17,Business,Master,Business,0,2024-06-12 13:08:54.178059360,Rejected_Review,Rejected
APP101171,2024-06-05 23:51:21.427142384,50,1983657.0,3,846.0,399658.0,60,1,0.148,Salaried,Master,Home,1,2024-06-07 23:51:21.427142384,Approved_Review,Disbursed
APP101172,2024-06-06 10:33:48.676225416,49,1802993.0,6,746.0,617868.0,36,1,0.174,Salaried,Diploma,Education,0,2024-06-10 10:33:48.676225416,Rejected_Review,Rejected
APP101173,2024-06-06 21:16:15.925308440,65,1273144.0,6,637.0,983929.0,48,1,0.304,Contract,Doctorate,Personal,0,2024-06-14 21:16:15.925308440,Rejected_Review,Rejected
APP101174,2024-06-07 07:58:43.174391472,49,824295.0,11,659.0,528131.0,24,0,0.301,Salaried,Bachelor,Home,0,2024-06-15 07:58:43.174391472,Rejected_Review,Rejected
APP101175,2024-06-07 18:41:10.423474496,50,1192931.0,9,780.0,1384524.0,24,1,0.237,Business,Bachelor,Vehicle,0,2024-06-12 18:41:10.423474496,Rejected_Review,Rejected
APP101176,2024-06-08 05:23:37.672557520,36,1372818.0,3,656.0,1199335.0,36,0,0.253,Salaried,Master,Business,0,2024-06-09 05:23:37.672557520,Rejected_Review,Closed
APP101177,2024-06-08 16:06:04.921640552,60,608312.0,7,756.0,587604.0,48,3,0.236,Business,Bachelor,Medical,1,2024-06-11 16:06:04.921640552,Approved_Review,Disbursed
APP101178,2024-06-09 02:48:32.170723576,39,511463.0,2,698.0,520040.0,36,2,0.302,Business,Master,Personal,0,2024-06-14 02:48:32.170723576,Standard_Review,Rejected
APP101179,2024-06-09 13:30:59.419806608,38,460187.0,6,679.0,175711.0,36,0,0.19,Self-Employed,Bachelor,Home,0,2024-06-11 13:30:59.419806608,Rejected_Review,Rejected
APP101180,2024-06-10 00:13:26.668889632,21,438167.0,2,657.0,408565.0,48,0,0.294,Contract,Diploma,Medical,0,2024-06-19 00:13:26.668889632,Rejected_Review,Rejected
APP101181,2024-06-10 10:55:53.917972664,34,349001.0,6,492.0,396197.0,24,1,0.207,Salaried,Bachelor,Vehicle,0,2024-06-14 10:55:53.917972664,Rejected_Review,Rejected
APP101182,2024-06-10 21:38:21.167055688,22,727365.0,5,725.0,342269.0,36,1,0.222,Business,Diploma,Vehicle,0,2024-06-17 21:38:21.167055688,Rejected_Review,Closed
APP101183,2024-06-11 08:20:48.416138720,48,,12,622.0,687521.0,60,2,0.251,Self-Employed,Bachelor,Home,0,2024-06-15 08:20:48.416138720,Rejected_Review,Rejected
APP101184,2024-06-11 19:03:15.665221744,50,456865.0,2,598.0,818211.0,36,3,0.31,Salaried,High School,Medical,0,2024-06-16 19:03:15.665221744,Rejected_Review,Rejected
APP101185,2024-06-12 05:45:42.914304776,58,891172.0,12,706.0,1734385.0,36,1,0.391,Self-Employed,Diploma,Business,0,2024-06-16 05:45:42.914304776,Standard_Review,Closed
APP101186,2024-06-12 16:28:10.163387800,24,705352.0,3,757.0,723663.0,48,1,0.137,Self-Employed,Master,Medical,1,2024-06-15 16:28:10.163387800,Approved_Review,Disbursed
APP101187,2024-06-13 03:10:37.412470832,21,788635.0,1,580.0,253231.0,48,1,0.05,Business,Bachelor,Home,0,2024-06-16 03:10:37.412470832,Rejected_Review,Rejected
APP101188,2024-06-13 13:53:04.661553856,28,1201456.0,10,755.0,481645.0,48,0,0.117,Salaried,Bachelor,Business,0,2024-06-18 13:53:04.661553856,Rejected_Review,Rejected
APP101189,2024-06-14 00:35:31.910636880,49,959115.0,13,631.0,949905.0,60,3,0.203,Salaried,Bachelor,Home,0,2024-06-18 00:35:31.910636880,Rejected_Review,Rejected
APP101190,2024-06-14 11:17:59.159719912,59,1287518.0,8,732.0,672078.0,12,2,0.154,Salaried,Bachelor,Business,0,2024-06-17 11:17:59.159719912,Rejected_Review,Rejected
APP101191,2024-06-14 22:00:26.408802936,23,673819.0,11,728.0,1074375.0,60,3,0.305,Salaried,Bachelor,Personal,0,2024-06-19 22:00:26.408802936,Rejected_Review,Rejected
APP101192,2024-06-15 08:42:53.657885968,52,1342486.0,18,677.0,541426.0,60,1,0.22,Salaried,Master,Home,0,2024-06-22 08:42:53.657885968,Rejected_Review,Rejected
APP101193,2024-06-15 19:25:20.906968992,30,764219.0,7,692.0,1245259.0,60,2,0.483,Self-Employed,Diploma,Education,0,2024-06-22 19:25:20.906968992,Standard_Review,Rejected
APP101194,2024-06-16 06:07:48.156052024,30,701268.0,13,664.0,791631.0,36,6,0.241,Salaried,Bachelor,Personal,0,2024-06-18 06:07:48.156052024,Rejected_Review,Rejected
APP101195,2024-06-16 16:50:15.405135048,39,1254709.0,12,707.0,801768.0,60,2,0.253,Business,Diploma,Home,0,2024-06-18 16:50:15.405135048,Rejected_Review,Rejected
APP101196,2024-06-17 03:32:42.654218080,54,439002.0,8,707.0,754502.0,24,1,0.443,Self-Employed,Bachelor,Vehicle,0,2024-06-24 03:32:42.654218080,Standard_Review,Rejected
APP101197,2024-06-17 14:15:09.903301104,53,1615812.0,13,630.0,477470.0,48,0,0.26,Salaried,Master,Education,0,2024-06-20 14:15:09.903301104,Standard_Review,Rejected
APP101198,2024-06-18 00:57:37.152384136,43,572508.0,3,602.0,680267.0,24,2,0.238,Salaried,Master,Personal,0,2024-06-22 00:57:37.152384136,Rejected_Review,Rejected
APP101199,2024-06-18 11:40:04.401467160,48,375712.0,19,756.0,810751.0,60,0,0.47,Self-Employed,Bachelor,Home,0,2024-06-19 11:40:04.401467160,Rejected_Review,Rejected
APP101200,2024-06-18 22:22:31.650550184,52,872226.0,9,703.0,347496.0,48,4,0.288,Business,High School,Personal,0,2024-06-23 22:22:31.650550184,Rejected_Review,Rejected
APP101201,2024-06-19 09:04:58.899633216,27,548495.0,7,747.0,728420.0,24,1,0.417,Self-Employed,Bachelor,Personal,0,2024-06-23 09:04:58.899633216,Standard_Review,Rejected
APP101202,2024-06-19 19:47:26.148716240,49,1617417.0,3,646.0,1285007.0,60,0,0.355,Self-Employed,Master,Education,0,2024-06-25 19:47:26.148716240,Rejected_Review,Closed
APP101203,2024-06-20 06:29:53.397799272,28,534947.0,6,636.0,869562.0,36,0,0.268,Salaried,High School,Home,0,2024-06-26 06:29:53.397799272,Standard_Review,Rejected
APP101204,2024-06-20 17:12:20.646882296,21,748802.0,5,624.0,1386760.0,48,2,0.389,Salaried,Master,Medical,0,2024-06-26 17:12:20.646882296,Rejected_Review,Rejected
APP101205,2024-06-21 03:54:47.895965328,23,342221.0,4,678.0,858292.0,36,1,0.403,Business,Bachelor,Business,0,2024-06-27 03:54:47.895965328,Standard_Review,Rejected
APP101206,2024-06-21 14:37:15.145048352,44,937094.0,7,705.0,446869.0,60,0,0.116,Salaried,High School,Vehicle,0,2024-06-24 14:37:15.145048352,Rejected_Review,Rejected
APP101207,2024-06-22 01:19:42.394131384,43,458127.0,5,655.0,1039464.0,36,1,0.456,Salaried,Bachelor,Home,0,2024-06-26 01:19:42.394131384,Rejected_Review,Rejected
APP101208,2024-06-22 12:02:09.643214408,28,887997.0,7,792.0,395665.0,36,4,0.218,Salaried,Diploma,Home,0,2024-06-26 12:02:09.643214408,Rejected_Review,Rejected
APP101209,2024-06-22 22:44:36.892297440,57,536044.0,8,648.0,630720.0,36,2,0.303,Self-Employed,Diploma,Business,0,2024-06-26 22:44:36.892297440,Standard_Review,Rejected
APP101210,2024-06-23 09:27:04.141380464,23,258747.0,9,706.0,609770.0,48,0,0.4,Self-Employed,Bachelor,Vehicle,0,2024-06-28 09:27:04.141380464,Standard_Review,Rejected
APP101211,2024-06-23 20:09:31.390463496,53,689528.0,9,633.0,498668.0,48,1,0.408,Self-Employed,Diploma,Personal,0,2024-06-26 20:09:31.390463496,Standard_Review,Rejected
APP101212,2024-06-24 06:51:58.639546520,48,675778.0,15,646.0,2299769.0,36,2,0.664,Salaried,Master,Personal,0,2024-06-29 06:51:58.639546520,Rejected_Review,Rejected
APP101213,2024-06-24 17:34:25.888629544,28,966281.0,4,684.0,675030.0,36,1,0.205,Self-Employed,Master,Vehicle,0,2024-06-27 17:34:25.888629544,Rejected_Review,Rejected
APP101214,2024-06-25 04:16:53.137712576,54,1309201.0,7,636.0,1730406.0,36,2,0.307,Contract,Doctorate,Home,0,2024-06-30 04:16:53.137712576,Standard_Review,Rejected
APP101215,2024-06-25 14:59:20.386795600,55,1536952.0,6,696.0,831204.0,60,2,0.25,Self-Employed,Bachelor,Personal,0,2024-06-30 14:59:20.386795600,Rejected_Review,Rejected
APP101216,2024-06-26 01:41:47.635878632,52,958953.0,4,719.0,464341.0,48,2,0.28,Business,High School,Business,0,2024-06-28 01:41:47.635878632,Rejected_Review,Rejected
APP101217,2024-06-26 12:24:14.884961656,44,736825.0,7,761.0,570371.0,36,1,0.277,Salaried,Bachelor,Medical,1,2024-07-01 12:24:14.884961656,Approved_Review,Pending_Disbursement
APP101218,2024-06-26 23:06:42.134044688,34,341953.0,11,620.0,686660.0,36,2,0.399,Self-Employed,Master,Personal,0,2024-07-03 23:06:42.134044688,Rejected_Review,Rejected
APP101219,2024-06-27 09:49:09.383127712,52,711860.0,7,701.0,590032.0,36,1,0.15,Salaried,Bachelor,Education,0,2024-07-03 09:49:09.383127712,Rejected_Review,Rejected
APP101220,2024-06-27 20:31:36.632210744,63,716011.0,7,686.0,610394.0,60,0,0.39,Salaried,Bachelor,Vehicle,0,2024-06-29 20:31:36.632210744,Rejected_Review,Rejected
APP101221,2024-06-28 07:14:03.881293768,36,594419.0,4,570.0,932578.0,12,0,0.294,Salaried,Bachelor,Education,0,2024-06-29 07:14:03.881293768,Standard_Review,Rejected
APP101222,2024-06-28 17:56:31.130376800,24,864203.0,5,617.0,840305.0,48,0,0.341,Salaried,Diploma,Vehicle,0,2024-07-03 17:56:31.130376800,Standard_Review,Rejected
APP101223,2024-06-29 04:38:58.379459824,57,1076887.0,4,721.0,988390.0,36,0,0.262,Self-Employed,High School,Personal,0,2024-07-03 04:38:58.379459824,Rejected_Review,Rejected
APP101224,2024-06-29 15:21:25.628542856,41,449749.0,4,602.0,1501804.0,24,3,0.638,Business,Diploma,Business,0,2024-07-03 15:21:25.628542856,Rejected_Review,Rejected
APP101225,2024-06-30 02:03:52.877625880,34,446607.0,12,685.0,552989.0,12,1,0.208,Business,Bachelor,Vehicle,0,2024-07-01 02:03:52.877625880,Rejected_Review,Rejected
APP101226,2024-06-30 12:46:20.126708904,51,610508.0,5,552.0,1221734.0,60,1,0.346,Salaried,Diploma,Personal,0,2024-07-02 12:46:20.126708904,Rejected_Review,Rejected
APP101227,2024-06-30 23:28:47.375791936,38,492808.0,6,683.0,1405125.0,60,1,0.482,Business,Bachelor,Home,0,2024-07-07 23:28:47.375791936,Standard_Review,Rejected
APP101228,2024-07-01 10:11:14.624874960,27,310570.0,5,557.0,1336796.0,12,1,0.602,Self-Employed,Bachelor,Home,0,2024-07-06 10:11:14.624874960,Rejected_Review,Rejected
APP101229,2024-07-01 20:53:41.873957992,30,415094.0,4,651.0,290358.0,36,4,0.196,Business,Bachelor,Vehicle,0,2024-07-09 20:53:41.873957992,Rejected_Review,Rejected
APP101230,2024-07-02 07:36:09.123041016,27,373317.0,2,662.0,1719732.0,24,3,0.75,Salaried,High School,Personal,0,2024-07-08 07:36:09.123041016,Rejected_Review,Rejected
APP101231,2024-07-02 18:18:36.372124048,53,1119654.0,14,698.0,509220.0,48,0,0.243,Salaried,Bachelor,Personal,1,2024-07-07 18:18:36.372124048,Approved_Review,Disbursed
APP101232,2024-07-03 05:01:03.621207072,43,1398624.0,7,674.0,278870.0,48,3,0.275,Self-Employed,Bachelor,Vehicle,1,2024-07-04 05:01:03.621207072,Approved_Review,Disbursed
APP101233,2024-07-03 15:43:30.870290104,41,397036.0,1,610.0,1698729.0,36,2,0.668,Self-Employed,Master,Personal,0,2024-07-08 15:43:30.870290104,Rejected_Review,Rejected
APP101234,2024-07-04 02:25:58.119373128,39,831063.0,6,611.0,904862.0,24,2,0.27,Contract,Bachelor,Home,1,2024-07-08 02:25:58.119373128,Approved_Review,Disbursed
APP101235,2024-07-04 13:08:25.368456160,39,963001.0,3,585.0,923742.0,60,3,0.174,Salaried,High School,Education,0,2024-07-06 13:08:25.368456160,Rejected_Review,Rejected
APP101236,2024-07-04 23:50:52.617539184,56,332105.0,12,703.0,592911.0,48,0,0.438,Self-Employed,High School,Personal,0,2024-07-11 23:50:52.617539184,Rejected_Review,Rejected
APP101237,2024-07-05 10:33:19.866622216,49,698834.0,9,701.0,766726.0,12,0,0.27,Salaried,Master,Home,0,2024-07-09 10:33:19.866622216,Rejected_Review,Rejected
APP101238,2024-07-05 21:15:47.115705240,38,2032567.0,3,734.0,652899.0,48,0,0.202,Salaried,Bachelor,Education,1,2024-07-10 21:15:47.115705240,Approved_Review,Disbursed
APP101239,2024-07-06 07:58:14.364788264,22,881556.0,7,657.0,512335.0,60,0,0.181,Business,Diploma,Home,0,2024-07-08 07:58:14.364788264,Standard_Review,Rejected
APP101240,2024-07-06 18:40:41.613871296,21,582068.0,5,577.0,708093.0,48,1,0.495,Business,Bachelor,Vehicle,0,2024-07-11 18:40:41.613871296,Rejected_Review,Rejected
APP101241,2024-07-07 05:23:08.862954320,25,505167.0,4,669.0,740740.0,36,1,0.335,Self-Employed,High School,Personal,0,2024-07-11 05:23:08.862954320,Rejected_Review,Rejected
APP101242,2024-07-07 16:05:36.112037352,40,261613.0,13,691.0,361500.0,48,1,0.266,Salaried,Bachelor,Personal,0,2024-07-16 16:05:36.112037352,Rejected_Review,Rejected
APP101243,2024-07-08 02:48:03.361120376,31,803266.0,2,614.0,719745.0,48,1,0.176,Salaried,Bachelor,Personal,0,2024-07-11 02:48:03.361120376,Rejected_Review,Rejected
APP101244,2024-07-08 13:30:30.610203408,62,1561637.0,12,620.0,286380.0,48,0,0.209,Salaried,Master,Home,0,2024-07-11 13:30:30.610203408,Rejected_Review,Rejected
APP101245,2024-07-09 00:12:57.859286432,22,450734.0,5,719.0,1828509.0,60,1,0.584,Salaried,Diploma,Medical,0,2024-07-14 00:12:57.859286432,Rejected_Review,Rejected
APP101246,2024-07-09 10:55:25.108369464,23,272043.0,3,697.0,665002.0,24,2,0.412,Self-Employed,Master,Vehicle,0,2024-07-13 10:55:25.108369464,Rejected_Review,Rejected
APP101247,2024-07-09 21:37:52.357452488,43,482061.0,8,764.0,409662.0,48,2,0.145,Salaried,Bachelor,Personal,0,2024-07-13 21:37:52.357452488,Rejected_Review,Rejected
APP101248,2024-07-10 08:20:19.606535520,32,966511.0,13,802.0,904778.0,24,0,0.267,Self-Employed,High School,Personal,0,2024-07-17 08:20:19.606535520,Rejected_Review,Rejected
APP101249,2024-07-10 19:02:46.855618544,40,536007.0,2,592.0,481897.0,24,2,0.262,Self-Employed,Doctorate,Vehicle,0,2024-07-12 19:02:46.855618544,Rejected_Review,Rejected
APP101250,2024-07-11 05:45:14.104701568,25,449332.0,13,663.0,689834.0,48,1,0.464,Self-Employed,Master,Home,0,2024-07-15 05:45:14.104701568,Rejected_Review,Rejected
APP101251,2024-07-11 16:27:41.353784600,57,655627.0,4,698.0,879040.0,60,2,0.273,Salaried,Diploma,Business,0,2024-07-14 16:27:41.353784600,Rejected_Review,Rejected
APP101252,2024-07-12 03:10:08.602867624,58,720783.0,13,714.0,421043.0,24,1,0.066,Salaried,Bachelor,Education,0,2024-07-15 03:10:08.602867624,Rejected_Review,Rejected
APP101253,2024-07-12 13:52:35.851950656,50,347998.0,6,756.0,1855547.0,60,1,0.75,Salaried,Master,Education,0,2024-07-16 13:52:35.851950656,Rejected_Review,Closed
APP101254,2024-07-13 00:35:03.101033680,29,589453.0,6,737.0,1946012.0,36,3,0.637,Salaried,Master,Home,0,2024-07-17 00:35:03.101033680,Rejected_Review,Rejected
APP101255,2024-07-13 11:17:30.350116712,54,519674.0,4,764.0,538266.0,36,3,0.317,Business,Master,Business,0,2024-07-21 11:17:30.350116712,Rejected_Review,Rejected
APP101256,2024-07-13 21:59:57.599199736,64,487147.0,7,694.0,399182.0,24,2,0.324,Business,Master,Home,0,2024-07-16 21:59:57.599199736,Rejected_Review,Rejected
APP101257,2024-07-14 08:42:24.848282768,55,411293.0,7,649.0,537042.0,48,0,0.338,Business,Diploma,Personal,0,2024-07-18 08:42:24.848282768,Standard_Review,Rejected
APP101258,2024-07-14 19:24:52.097365792,42,992809.0,6,817.0,551589.0,48,0,0.186,Self-Employed,Doctorate,Education,1,2024-07-15 19:24:52.097365792,Approved_Review,Disbursed
APP101259,2024-07-15 06:07:19.346448824,64,486384.0,6,700.0,1219572.0,36,0,0.372,Self-Employed,Diploma,Business,0,2024-07-20 06:07:19.346448824,Standard_Review,Rejected
APP101260,2024-07-15 16:49:46.595531848,44,264872.0,3,674.0,541706.0,36,0,0.327,Salaried,High School,Home,0,2024-07-19 16:49:46.595531848,Rejected_Review,Rejected
APP101261,2024-07-16 03:32:13.844614880,37,732092.0,9,620.0,391603.0,48,0,0.172,Salaried,Doctorate,Personal,0,2024-07-21 03:32:13.844614880,Rejected_Review,Rejected
APP101262,2024-07-16 14:14:41.093697904,30,900826.0,9,700.0,736469.0,48,3,0.292,Salaried,Diploma,Personal,0,2024-07-20 14:14:41.093697904,Rejected_Review,Rejected
APP101263,2024-07-17 00:57:08.342780928,50,454303.0,6,755.0,332172.0,36,2,0.232,Contract,Bachelor,Education,0,2024-07-18 00:57:08.342780928,Standard_Review,Rejected
APP101264,2024-07-17 11:39:35.591863960,43,505286.0,2,657.0,1194016.0,60,2,0.308,Salaried,Bachelor,Personal,1,2024-07-24 11:39:35.591863960,Approved_Review,Disbursed
APP101265,2024-07-17 22:22:02.840946984,52,485364.0,3,681.0,944898.0,48,2,0.406,Self-Employed,Master,Home,0,2024-07-22 22:22:02.840946984,Standard_Review,Rejected
APP101266,2024-07-18 09:04:30.090030016,37,556117.0,10,706.0,518601.0,24,2,0.347,Business,Bachelor,Personal,0,2024-07-23 09:04:30.090030016,Rejected_Review,Rejected
APP101267,2024-07-18 19:46:57.339113040,37,1069616.0,3,721.0,547696.0,36,2,0.101,Salaried,Bachelor,Vehicle,0,2024-07-26 19:46:57.339113040,Standard_Review,Rejected
APP101268,2024-07-19 06:29:24.588196072,34,617479.0,7,673.0,792702.0,48,1,0.343,Self-Employed,High School,Home,0,2024-07-22 06:29:24.588196072,Rejected_Review,Rejected
APP101269,2024-07-19 17:11:51.837279096,29,948412.0,8,664.0,403250.0,24,3,0.053,Business,Diploma,Business,0,2024-07-20 17:11:51.837279096,Rejected_Review,Rejected
APP101270,2024-07-20 03:54:19.086362128,60,420312.0,5,657.0,472072.0,48,1,0.223,Self-Employed,Master,Education,0,2024-07-22 03:54:19.086362128,Rejected_Review,Rejected
APP101271,2024-07-20 14:36:46.335445152,22,546925.0,7,618.0,625389.0,36,2,0.197,Business,Bachelor,Business,0,2024-07-24 14:36:46.335445152,Rejected_Review,Rejected
APP101272,2024-07-21 01:19:13.584528184,65,998524.0,11,640.0,362016.0,36,1,0.241,Salaried,Diploma,Personal,0,2024-07-25 01:19:13.584528184,Standard_Review,Rejected
APP101273,2024-07-21 12:01:40.833611208,45,452347.0,6,638.0,557750.0,36,2,0.414,Business,Bachelor,Personal,0,2024-07-28 12:01:40.833611208,Standard_Review,Rejected
APP101274,2024-07-21 22:44:08.082694240,59,1024986.0,4,590.0,409342.0,60,1,0.272,Salaried,Diploma,Personal,0,2024-07-26 22:44:08.082694240,Rejected_Review,Rejected
APP101275,2024-07-22 09:26:35.331777264,29,489899.0,3,755.0,1428214.0,60,2,0.572,Salaried,Bachelor,Business,0,2024-07-23 09:26:35.331777264,Rejected_Review,Rejected
APP101276,2024-07-22 20:09:02.580860288,42,562406.0,5,713.0,572128.0,60,0,0.207,Self-Employed,High School,Vehicle,0,2024-07-25 20:09:02.580860288,Rejected_Review,Rejected
APP101277,2024-07-23 06:51:29.829943320,63,1378216.0,7,699.0,436011.0,24,2,0.229,Salaried,Diploma,Personal,0,2024-07-26 06:51:29.829943320,Rejected_Review,Rejected
APP101278,2024-07-23 17:33:57.079026344,24,534245.0,1,775.0,980738.0,60,1,0.387,Business,Bachelor,Personal,0,2024-07-26 17:33:57.079026344,Rejected_Review,Rejected
APP101279,2024-07-24 04:16:24.328109376,46,693935.0,8,737.0,511239.0,36,2,0.156,Salaried,Master,Personal,0,2024-07-27 04:16:24.328109376,Standard_Review,Rejected
APP101280,2024-07-24 14:58:51.577192400,49,857798.0,6,639.0,403363.0,48,0,0.282,Business,Bachelor,Medical,0,2024-07-26 14:58:51.577192400,Rejected_Review,Rejected
APP101281,2024-07-25 01:41:18.826275432,65,719748.0,6,766.0,1090995.0,24,1,0.362,Salaried,Bachelor,Medical,0,2024-07-29 01:41:18.826275432,Rejected_Review,Rejected
APP101282,2024-07-25 12:23:46.075358456,54,729053.0,4,753.0,595564.0,48,0,0.233,Contract,Diploma,Education,0,2024-07-28 12:23:46.075358456,Rejected_Review,Rejected
APP101283,2024-07-25 23:06:13.324441488,43,633671.0,8,617.0,1065917.0,60,2,0.409,Salaried,Bachelor,Home,0,2024-07-26 23:06:13.324441488,Rejected_Review,Rejected
APP101284,2024-07-26 09:48:40.573524512,57,361754.0,5,749.0,694751.0,36,2,0.391,Salaried,Master,Vehicle,0,2024-08-02 09:48:40.573524512,Standard_Review,Rejected
APP101285,2024-07-26 20:31:07.822607544,31,760292.0,8,660.0,746712.0,36,2,0.352,Business,Bachelor,Medical,0,2024-07-30 20:31:07.822607544,Standard_Review,Rejected
APP101286,2024-07-27 07:13:35.071690568,26,467482.0,4,755.0,927664.0,24,1,0.52,Contract,Diploma,Home,0,2024-08-04 07:13:35.071690568,Rejected_Review,Rejected
APP101287,2024-07-27 17:56:02.320773600,38,921560.0,8,668.0,509621.0,36,0,0.197,Contract,Doctorate,Personal,0,2024-08-02 17:56:02.320773600,Standard_Review,Rejected
APP101288,2024-07-28 04:38:29.569856624,41,1205199.0,7,655.0,466834.0,36,0,0.176,Salaried,Bachelor,Personal,0,2024-07-31 04:38:29.569856624,Rejected_Review,Closed
APP101289,2024-07-28 15:20:56.818939648,62,288436.0,22,662.0,1276655.0,60,1,0.647,Self-Employed,Bachelor,Medical,0,2024-08-05 15:20:56.818939648,Rejected_Review,Rejected
APP101290,2024-07-29 02:03:24.068022680,56,1206147.0,13,627.0,934994.0,36,0,0.244,Self-Employed,Bachelor,Business,0,2024-08-04 02:03:24.068022680,Standard_Review,Rejected
APP101291,2024-07-29 12:45:51.317105704,61,540231.0,8,594.0,676770.0,48,3,0.395,Business,Diploma,Vehicle,0,2024-08-01 12:45:51.317105704,Rejected_Review,Rejected
APP101292,2024-07-29 23:28:18.566188736,58,612804.0,17,528.0,1042035.0,36,4,0.28,Salaried,High School,Home,0,2024-08-01 23:28:18.566188736,Rejected_Review,Closed
APP101293,2024-07-30 10:10:45.815271760,54,431125.0,4,621.0,917048.0,36,1,0.309,Salaried,Master,Medical,0,2024-08-04 10:10:45.815271760,Standard_Review,Rejected
APP101294,2024-07-30 20:53:13.064354792,37,707532.0,8,850.0,1121847.0,36,0,0.357,Business,Bachelor,Personal,0,2024-08-03 20:53:13.064354792,Rejected_Review,Rejected
APP101295,2024-07-31 07:35:40.313437816,57,669840.0,5,721.0,395307.0,24,1,0.218,Business,Master,Personal,0,2024-08-06 07:35:40.313437816,Rejected_Review,Rejected
APP101296,2024-07-31 18:18:07.562520848,45,1055308.0,14,811.0,677894.0,48,0,0.241,Business,Doctorate,Medical,0,2024-08-05 18:18:07.562520848,Rejected_Review,Closed
APP101297,2024-08-01 05:00:34.811603872,58,465609.0,4,669.0,1231492.0,24,0,0.33,Self-Employed,Bachelor,Home,0,2024-08-07 05:00:34.811603872,Standard_Review,Rejected
APP101298,2024-08-01 15:43:02.060686904,32,1372424.0,12,660.0,1619210.0,48,1,0.399,Self-Employed,Master,Business,0,2024-08-06 15:43:02.060686904,Standard_Review,Rejected
APP101299,2024-08-02 02:25:29.309769928,43,876638.0,4,802.0,535452.0,24,2,0.238,Salaried,Master,Education,1,2024-08-05 02:25:29.309769928,Approved_Review,Disbursed
APP101300,2024-08-02 13:07:56.558852952,62,677161.0,1,714.0,757985.0,60,1,0.456,Business,Bachelor,Personal,1,2024-08-03 13:07:56.558852952,Approved_Review,Pending_Disbursement
APP101301,2024-08-02 23:50:23.807935984,42,599214.0,9,628.0,706800.0,60,1,0.32,Self-Employed,Bachelor,Home,0,2024-08-05 23:50:23.807935984,Rejected_Review,Rejected
APP101302,2024-08-03 10:32:51.057019008,41,566239.0,10,731.0,375775.0,36,1,0.202,Salaried,Master,Education,0,2024-08-11 10:32:51.057019008,Rejected_Review,Rejected
APP101303,2024-08-03 21:15:18.306102040,47,583105.0,10,771.0,606255.0,36,1,0.293,Business,High School,Personal,1,2024-08-09 21:15:18.306102040,Approved_Review,Disbursed
APP101304,2024-08-04 07:57:45.555185064,51,701172.0,2,597.0,317899.0,36,1,0.308,Business,Diploma,Personal,0,2024-08-08 07:57:45.555185064,Rejected_Review,Rejected
APP101305,2024-08-04 18:40:12.804268096,26,,8,720.0,643820.0,48,3,0.23,Contract,Bachelor,Medical,0,2024-08-11 18:40:12.804268096,Rejected_Review,Rejected
APP101306,2024-08-05 05:22:40.053351120,47,487229.0,9,601.0,416577.0,36,1,0.294,Salaried,Master,Business,0,2024-08-09 05:22:40.053351120,Rejected_Review,Rejected
APP101307,2024-08-05 16:05:07.302434152,60,703086.0,3,768.0,762069.0,48,1,0.311,Self-Employed,Master,Education,0,2024-08-09 16:05:07.302434152,Rejected_Review,Rejected
APP101308,2024-08-06 02:47:34.551517176,54,446144.0,10,705.0,599521.0,12,1,0.353,Contract,Bachelor,Business,0,2024-08-11 02:47:34.551517176,Standard_Review,Rejected
APP101309,2024-08-06 13:30:01.800600208,32,751508.0,10,731.0,594769.0,24,2,0.181,Salaried,Diploma,Medical,0,2024-08-09 13:30:01.800600208,Rejected_Review,Closed
APP101310,2024-08-07 00:12:29.049683232,65,587921.0,15,676.0,1522016.0,36,1,0.505,Business,Bachelor,Business,0,2024-08-09 00:12:29.049683232,Rejected_Review,Rejected
APP101311,2024-08-07 10:54:56.298766264,27,889359.0,1,574.0,725227.0,24,0,0.287,Contract,Bachelor,Personal,0,2024-08-12 10:54:56.298766264,Rejected_Review,Rejected
APP101312,2024-08-07 21:37:23.547849288,30,1014403.0,2,661.0,1790395.0,48,2,0.471,Self-Employed,Diploma,Home,0,2024-08-11 21:37:23.547849288,Rejected_Review,Rejected
APP101313,2024-08-08 08:19:50.796932312,65,1014224.0,4,750.0,875037.0,12,2,0.378,Contract,Bachelor,Vehicle,0,2024-08-12 08:19:50.796932312,Standard_Review,Rejected
APP101314,2024-08-08 19:02:18.046015344,37,750035.0,15,820.0,1052430.0,60,1,0.344,Salaried,Bachelor,Medical,0,2024-08-13 19:02:18.046015344,Rejected_Review,Rejected
APP101315,2024-08-09 05:44:45.295098368,46,790485.0,12,708.0,453193.0,48,2,0.235,Salaried,Master,Home,0,2024-08-12 05:44:45.295098368,Standard_Review,Rejected
APP101316,2024-08-09 16:27:12.544181400,41,562131.0,11,645.0,494843.0,24,1,0.188,Salaried,Bachelor,Vehicle,0,2024-08-15 16:27:12.544181400,Standard_Review,Rejected
APP101317,2024-08-10 03:09:39.793264424,48,881751.0,10,725.0,706069.0,36,1,0.232,Business,High School,Vehicle,0,2024-08-12 03:09:39.793264424,Standard_Review,Rejected
APP101318,2024-08-10 13:52:07.042347456,22,927690.0,15,745.0,1283849.0,36,1,0.284,Salaried,Master,Business,0,2024-08-11 13:52:07.042347456,Rejected_Review,Closed
APP101319,2024-08-11 00:34:34.291430480,63,321075.0,3,699.0,583826.0,48,0,0.436,Self-Employed,High School,Home,0,2024-08-12 00:34:34.291430480,Standard_Review,Rejected
APP101320,2024-08-11 11:17:01.540513512,21,770646.0,11,695.0,342186.0,36,1,0.225,Salaried,Bachelor,Business,0,2024-08-15 11:17:01.540513512,Rejected_Review,Rejected
APP101321,2024-08-11 21:59:28.789596536,56,1203069.0,20,704.0,854123.0,12,1,0.166,Contract,Bachelor,Medical,1,2024-08-12 21:59:28.789596536,Approved_Review,Pending_Disbursement
APP101322,2024-08-12 08:41:56.038679568,46,553710.0,12,693.0,722754.0,36,1,0.248,Salaried,High School,Education,0,2024-08-19 08:41:56.038679568,Rejected_Review,Rejected
APP101323,2024-08-12 19:24:23.287762592,49,501913.0,4,709.0,531432.0,36,1,0.456,Self-Employed,High School,Vehicle,0,2024-08-19 19:24:23.287762592,Rejected_Review,Rejected
APP101324,2024-08-13 06:06:50.536845624,41,538094.0,14,809.0,580882.0,60,1,0.25,Self-Employed,High School,Home,0,2024-08-18 06:06:50.536845624,Rejected_Review,Rejected
APP101325,2024-08-13 16:49:17.785928648,31,330226.0,11,558.0,452842.0,60,1,0.362,Business,Bachelor,Vehicle,0,2024-08-19 16:49:17.785928648,Rejected_Review,Closed
APP101326,2024-08-14 03:31:45.035011672,60,687915.0,9,675.0,1111020.0,24,1,0.345,Salaried,Diploma,Vehicle,0,2024-08-16 03:31:45.035011672,Rejected_Review,Closed
APP101327,2024-08-14 14:14:12.284094704,31,658824.0,3,629.0,708211.0,48,0,0.262,Contract,High School,Business,0,2024-08-20 14:14:12.284094704,Rejected_Review,Rejected
APP101328,2024-08-15 00:56:39.533177728,56,710262.0,5,767.0,789436.0,60,0,0.365,Salaried,Diploma,Education,0,2024-08-18 00:56:39.533177728,Rejected_Review,Rejected
APP101329,2024-08-15 11:39:06.782260760,59,783806.0,6,681.0,519500.0,12,3,0.198,Salaried,Bachelor,Education,0,2024-08-19 11:39:06.782260760,Rejected_Review,Closed
APP101330,2024-08-15 22:21:34.031343784,60,453899.0,11,726.0,1365388.0,48,3,0.49,Self-Employed,Master,Business,0,2024-08-19 22:21:34.031343784,Rejected_Review,Rejected
APP101331,2024-08-16 09:04:01.280426816,55,735031.0,7,783.0,781706.0,36,0,0.374,Self-Employed,Bachelor,Personal,0,2024-08-19 09:04:01.280426816,Rejected_Review,Rejected
APP101332,2024-08-16 19:46:28.529509840,54,793467.0,6,620.0,239970.0,48,2,0.159,Salaried,Bachelor,Education,0,2024-08-21 19:46:28.529509840,Rejected_Review,Rejected
APP101333,2024-08-17 06:28:55.778592872,44,521754.0,12,656.0,881012.0,48,0,0.254,Business,Bachelor,Business,0,2024-08-20 06:28:55.778592872,Rejected_Review,Rejected
APP101334,2024-08-17 17:11:23.027675896,42,785268.0,3,776.0,613340.0,60,1,0.165,Salaried,Master,Business,0,2024-08-20 17:11:23.027675896,Rejected_Review,Rejected
APP101335,2024-08-18 03:53:50.276758928,25,674041.0,3,617.0,644908.0,36,1,0.301,Salaried,Diploma,Home,0,2024-08-19 03:53:50.276758928,Rejected_Review,Rejected
APP101336,2024-08-18 14:36:17.525841952,53,489281.0,7,658.0,1150470.0,48,3,0.383,Salaried,Bachelor,Business,0,2024-08-23 14:36:17.525841952,Rejected_Review,Rejected
APP101337,2024-08-19 01:18:44.774924984,56,738209.0,5,586.0,731697.0,36,2,0.348,Contract,Bachelor,Personal,0,2024-08-23 01:18:44.774924984,Standard_Review,Rejected
APP101338,2024-08-19 12:01:12.024008008,40,570294.0,13,779.0,1647891.0,36,2,0.498,Business,Bachelor,Business,0,2024-08-21 12:01:12.024008008,Standard_Review,Rejected
APP101339,2024-08-19 22:43:39.273091032,39,889493.0,3,652.0,737951.0,60,1,0.303,Salaried,Bachelor,Home,0,2024-08-23 22:43:39.273091032,Standard_Review,Rejected
APP101340,2024-08-20 09:26:06.522174064,55,583677.0,4,713.0,554336.0,48,0,0.289,Salaried,Doctorate,Personal,0,2024-08-23 09:26:06.522174064,Rejected_Review,Rejected
APP101341,2024-08-20 20:08:33.771257088,63,363790.0,1,734.0,282714.0,36,1,0.317,Salaried,Master,Home,0,2024-08-21 20:08:33.771257088,Rejected_Review,Rejected
APP101342,2024-08-21 06:51:01.020340120,37,732979.0,9,638.0,488894.0,48,1,0.362,Business,Bachelor,Education,0,2024-08-28 06:51:01.020340120,Rejected_Review,Rejected
APP101343,2024-08-21 17:33:28.269423144,65,720686.0,6,566.0,595831.0,12,0,0.289,Salaried,Bachelor,Business,0,2024-08-28 17:33:28.269423144,Standard_Review,Rejected
APP101344,2024-08-22 04:15:55.518506176,63,399599.0,3,676.0,1457131.0,36,0,0.624,Self-Employed,Master,Education,0,2024-08-27 04:15:55.518506176,Rejected_Review,Rejected
APP101345,2024-08-22 14:58:22.767589200,54,911156.0,6,675.0,556019.0,48,1,0.301,Salaried,Bachelor,Home,0,2024-08-28 14:58:22.767589200,Rejected_Review,Rejected
APP101346,2024-08-23 01:40:50.016672232,29,889956.0,21,686.0,1590950.0,36,2,0.325,Business,Doctorate,Vehicle,0,2024-08-26 01:40:50.016672232,Rejected_Review,Rejected
APP101347,2024-08-23 12:23:17.265755256,46,439431.0,4,686.0,394226.0,36,1,0.296,Salaried,Master,Personal,0,2024-08-27 12:23:17.265755256,Rejected_Review,Rejected
APP101348,2024-08-23 23:05:44.514838288,22,483060.0,5,658.0,475728.0,48,2,0.204,Salaried,High School,Vehicle,0,2024-08-26 23:05:44.514838288,Rejected_Review,Rejected
APP101349,2024-08-24 09:48:11.763921312,29,609762.0,3,655.0,1229753.0,36,1,0.339,Self-Employed,Bachelor,Personal,0,2024-08-29 09:48:11.763921312,Rejected_Review,Rejected
APP101350,2024-08-24 20:30:39.013004336,29,461965.0,2,709.0,519839.0,12,1,0.252,Self-Employed,Master,Personal,0,2024-08-30 20:30:39.013004336,Rejected_Review,Rejected
APP101351,2024-08-25 07:13:06.262087368,60,867097.0,10,636.0,1212809.0,36,3,0.407,Business,Master,Medical,1,2024-08-29 07:13:06.262087368,Approved_Review,Disbursed
APP101352,2024-08-25 17:55:33.511170392,37,695068.0,2,684.0,463094.0,60,2,0.22,Salaried,Master,Education,0,2024-08-26 17:55:33.511170392,Rejected_Review,Rejected
APP101353,2024-08-26 04:38:00.760253424,21,397372.0,11,653.0,486889.0,60,2,0.242,Self-Employed,Doctorate,Business,0,2024-08-31 04:38:00.760253424,Rejected_Review,Closed
APP101354,2024-08-26 15:20:28.009336448,45,448927.0,11,709.0,964881.0,36,0,0.461,Salaried,Bachelor,Education,0,2024-08-29 15:20:28.009336448,Rejected_Review,Rejected
APP101355,2024-08-27 02:02:55.258419480,63,1109257.0,8,762.0,466347.0,12,0,0.085,Self-Employed,High School,Personal,0,2024-09-02 02:02:55.258419480,Rejected_Review,Rejected
APP101356,2024-08-27 12:45:22.507502504,60,1297216.0,6,765.0,610256.0,48,0,0.075,Salaried,Bachelor,Personal,0,2024-09-04 12:45:22.507502504,Standard_Review,Rejected
APP101357,2024-08-27 23:27:49.756585536,62,828321.0,7,774.0,852753.0,48,1,0.256,Salaried,High School,Education,0,2024-09-02 23:27:49.756585536,Rejected_Review,Rejected
APP101358,2024-08-28 10:10:17.005668560,45,591049.0,1,668.0,616944.0,36,2,0.256,Salaried,Doctorate,Business,0,2024-09-01 10:10:17.005668560,Standard_Review,Rejected
APP101359,2024-08-28 20:52:44.254751592,59,533249.0,9,674.0,528367.0,36,4,0.342,Salaried,Master,Personal,0,2024-09-01 20:52:44.254751592,Rejected_Review,Closed
APP101360,2024-08-29 07:35:11.503834616,55,832420.0,11,608.0,382782.0,60,2,0.289,Salaried,Doctorate,Vehicle,0,2024-09-02 07:35:11.503834616,Standard_Review,Rejected
APP101361,2024-08-29 18:17:38.752917648,23,,7,668.0,1444827.0,36,2,0.401,Self-Employed,Bachelor,Personal,0,2024-08-31 18:17:38.752917648,Rejected_Review,Rejected
APP101362,2024-08-30 05:00:06.002000672,57,314958.0,8,670.0,1586263.0,36,1,0.74,Salaried,High School,Personal,0,2024-09-02 05:00:06.002000672,Rejected_Review,Rejected
APP101363,2024-08-30 15:42:33.251083696,64,1034127.0,5,650.0,825301.0,48,0,0.191,Salaried,Bachelor,Personal,0,2024-09-03 15:42:33.251083696,Rejected_Review,Rejected
APP101364,2024-08-31 02:25:00.500166728,64,1191042.0,16,650.0,623296.0,24,0,0.205,Salaried,High School,Vehicle,0,2024-09-04 02:25:00.500166728,Rejected_Review,Rejected
APP101365,2024-08-31 13:07:27.749249752,50,905725.0,8,580.0,640657.0,24,2,0.056,Salaried,Bachelor,Medical,0,2024-09-02 13:07:27.749249752,Rejected_Review,Rejected
APP101366,2024-08-31 23:49:54.998332784,58,397720.0,8,603.0,1061222.0,60,2,0.439,Salaried,Bachelor,Business,0,2024-09-04 23:49:54.998332784,Rejected_Review,Rejected
APP101367,2024-09-01 10:32:22.247415808,54,488042.0,12,693.0,1172591.0,36,1,0.433,Salaried,Master,Home,0,2024-09-05 10:32:22.247415808,Rejected_Review,Closed
APP101368,2024-09-01 21:14:49.496498840,32,281744.0,8,695.0,534325.0,36,2,0.323,Salaried,Diploma,Business,0,2024-09-02 21:14:49.496498840,Rejected_Review,Rejected
APP101369,2024-09-02 07:57:16.745581864,39,1333009.0,16,721.0,1197971.0,36,1,0.213,Business,Master,Education,0,2024-09-06 07:57:16.745581864,Rejected_Review,Closed
APP101370,2024-09-02 18:39:43.994664896,57,553599.0,7,673.0,952057.0,60,2,0.335,Self-Employed,Bachelor,Vehicle,0,2024-09-03 18:39:43.994664896,Standard_Review,Rejected
APP101371,2024-09-03 05:22:11.243747920,64,1857436.0,6,691.0,1187603.0,48,1,0.226,Salaried,Doctorate,Personal,1,2024-09-05 05:22:11.243747920,Approved_Review,Disbursed
APP101372,2024-09-03 16:04:38.492830952,37,1566855.0,5,771.0,314251.0,12,2,0.234,Business,Diploma,Medical,0,2024-09-05 16:04:38.492830952,Rejected_Review,Rejected
APP101373,2024-09-04 02:47:05.741913976,30,432867.0,5,687.0,567635.0,48,1,0.337,Contract,High School,Personal,0,2024-09-08 02:47:05.741913976,Rejected_Review,Rejected
APP101374,2024-09-04 13:29:32.990997008,32,472601.0,15,649.0,642027.0,36,1,0.375,Salaried,Master,Education,0,2024-09-07 13:29:32.990997008,Rejected_Review,Rejected
APP101375,2024-09-05 00:12:00.240080032,36,801719.0,12,613.0,553689.0,36,0,0.273,Salaried,Bachelor,Vehicle,0,2024-09-08 00:12:00.240080032,Rejected_Review,Rejected
APP101376,2024-09-05 10:54:27.489163056,44,295134.0,10,742.0,1825742.0,48,1,0.75,Contract,Bachelor,Medical,0,2024-09-13 10:54:27.489163056,Rejected_Review,Rejected
APP101377,2024-09-05 21:36:54.738246088,39,533658.0,12,579.0,570291.0,24,1,0.434,Business,Master,Personal,0,2024-09-07 21:36:54.738246088,Standard_Review,Closed
APP101378,2024-09-06 08:19:21.987329112,28,510199.0,20,636.0,884725.0,60,1,0.308,Business,Bachelor,Medical,0,2024-09-12 08:19:21.987329112,Standard_Review,Closed
APP101379,2024-09-06 19:01:49.236412144,51,1495173.0,2,717.0,755591.0,48,2,0.147,Self-Employed,Diploma,Vehicle,0,2024-09-11 19:01:49.236412144,Rejected_Review,Rejected
APP101380,2024-09-07 05:44:16.485495168,41,698846.0,8,566.0,605447.0,36,0,0.243,Salaried,High School,Personal,0,2024-09-12 05:44:16.485495168,Standard_Review,Rejected
APP101381,2024-09-07 16:26:43.734578200,37,571822.0,8,650.0,491155.0,48,1,0.249,Self-Employed,Bachelor,Personal,0,2024-09-13 16:26:43.734578200,Rejected_Review,Rejected
APP101382,2024-09-08 03:09:10.983661224,43,489216.0,9,698.0,1956680.0,24,0,0.64,Self-Employed,Bachelor,Home,0,2024-09-11 03:09:10.983661224,Rejected_Review,Rejected
APP101383,2024-09-08 13:51:38.232744256,57,971941.0,19,665.0,626497.0,48,0,0.161,Salaried,Diploma,Education,0,2024-09-12 13:51:38.232744256,Rejected_Review,Rejected
APP101384,2024-09-09 00:34:05.481827280,36,519804.0,8,626.0,1084498.0,12,1,0.537,Business,Master,Personal,0,2024-09-11 00:34:05.481827280,Rejected_Review,Rejected
APP101385,2024-09-09 11:16:32.730910312,26,,14,651.0,696631.0,36,1,0.257,Contract,Bachelor,Vehicle,0,2024-09-10 11:16:32.730910312,Standard_Review,Rejected
APP101386,2024-09-09 21:58:59.979993336,28,487537.0,8,743.0,556529.0,48,1,0.22,Self-Employed,Master,Education,0,2024-09-13 21:58:59.979993336,Standard_Review,Rejected
APP101387,2024-09-10 08:41:27.229076368,45,328350.0,9,809.0,738947.0,60,3,0.439,Salaried,Diploma,Education,0,2024-09-17 08:41:27.229076368,Rejected_Review,Rejected
APP101388,2024-09-10 19:23:54.478159392,38,415198.0,6,699.0,816590.0,36,1,0.463,Self-Employed,Master,Vehicle,0,2024-09-11 19:23:54.478159392,Standard_Review,Rejected
APP101389,2024-09-11 06:06:21.727242416,45,518575.0,3,561.0,553514.0,36,1,0.391,Salaried,Master,Education,0,2024-09-12 06:06:21.727242416,Rejected_Review,Rejected
APP101390,2024-09-11 16:48:48.976325448,32,577384.0,19,727.0,477598.0,36,1,0.081,Contract,Master,Home,0,2024-09-16 16:48:48.976325448,Rejected_Review,Rejected
APP101391,2024-09-12 03:31:16.225408472,35,588885.0,9,664.0,888174.0,36,0,0.385,Self-Employed,Bachelor,Home,0,2024-09-16 03:31:16.225408472,Rejected_Review,Rejected
APP101392,2024-09-12 14:13:43.474491504,46,624504.0,9,619.0,741937.0,24,0,0.416,Salaried,Diploma,Personal,0,2024-09-19 14:13:43.474491504,Standard_Review,Rejected
APP101393,2024-09-13 00:56:10.723574528,61,521684.0,9,638.0,505249.0,48,0,0.225,Self-Employed,High School,Home,0,2024-09-16 00:56:10.723574528,Rejected_Review,Closed
APP101394,2024-09-13 11:38:37.972657560,65,1192824.0,13,641.0,437844.0,36,0,0.178,Business,Bachelor,Vehicle,0,2024-09-20 11:38:37.972657560,Standard_Review,Rejected
APP101395,2024-09-13 22:21:05.221740584,46,995819.0,4,598.0,833572.0,60,2,0.184,Salaried,High School,Vehicle,0,2024-09-18 22:21:05.221740584,Rejected_Review,Rejected
APP101396,2024-09-14 09:03:32.470823616,52,611658.0,3,686.0,268282.0,36,3,0.163,Salaried,Master,Personal,0,2024-09-20 09:03:32.470823616,Rejected_Review,Rejected
APP101397,2024-09-14 19:45:59.719906640,30,728792.0,3,809.0,614482.0,60,0,0.177,Salaried,Doctorate,Education,0,2024-09-16 19:45:59.719906640,Rejected_Review,Rejected
APP101398,2024-09-15 06:28:26.968989672,36,549788.0,4,619.0,748914.0,36,2,0.379,Business,High School,Education,0,2024-09-19 06:28:26.968989672,Rejected_Review,Rejected
APP101399,2024-09-15 17:10:54.218072696,27,180802.0,1,807.0,1668894.0,60,3,0.75,Salaried,Bachelor,Home,0,2024-09-19 17:10:54.218072696,Rejected_Review,Rejected
APP101400,2024-09-16 03:53:21.467155720,37,656022.0,9,704.0,703678.0,24,2,0.068,Self-Employed,Master,Personal,0,2024-09-21 03:53:21.467155720,Rejected_Review,Rejected
APP101401,2024-09-16 14:35:48.716238752,43,745831.0,5,684.0,602137.0,48,0,0.205,Salaried,Bachelor,Personal,0,2024-09-19 14:35:48.716238752,Rejected_Review,Rejected
APP101402,2024-09-17 01:18:15.965321776,46,314591.0,6,669.0,807030.0,36,1,0.409,Salaried,Bachelor,Education,0,2024-09-20 01:18:15.965321776,Rejected_Review,Rejected
APP101403,2024-09-17 12:00:43.214404808,41,813794.0,12,638.0,489219.0,36,3,0.282,Salaried,Master,Personal,1,2024-09-24 12:00:43.214404808,Approved_Review,Disbursed
APP101404,2024-09-17 22:43:10.463487832,42,572901.0,5,709.0,627418.0,24,1,0.277,Salaried,Diploma,Home,0,2024-09-23 22:43:10.463487832,Rejected_Review,Rejected
APP101405,2024-09-18 09:25:37.712570864,27,756757.0,5,724.0,710331.0,12,2,0.256,Contract,Doctorate,Vehicle,0,2024-09-20 09:25:37.712570864,Rejected_Review,Rejected
APP101406,2024-09-18 20:08:04.961653888,34,580734.0,8,532.0,958948.0,48,1,0.393,Contract,Master,Business,0,2024-09-23 20:08:04.961653888,Standard_Review,Rejected
APP101407,2024-09-19 06:50:32.210736920,35,1141276.0,6,850.0,499986.0,48,2,0.277,Salaried,Diploma,Vehicle,0,2024-09-25 06:50:32.210736920,Rejected_Review,Rejected
APP101408,2024-09-19 17:32:59.459819944,27,719657.0,25,572.0,698000.0,48,0,0.285,Salaried,High School,Business,0,2024-09-22 17:32:59.459819944,Standard_Review,Rejected
APP101409,2024-09-20 04:15:26.708902976,29,1020512.0,2,656.0,285880.0,36,2,0.138,Contract,Master,Education,0,2024-09-25 04:15:26.708902976,Rejected_Review,Rejected
APP101410,2024-09-20 14:57:53.957986000,28,1059020.0,9,524.0,906346.0,36,1,0.147,Salaried,Master,Personal,0,2024-09-25 14:57:53.957986000,Rejected_Review,Rejected
APP101411,2024-09-21 01:40:21.207069032,43,392750.0,5,673.0,623819.0,60,0,0.442,Salaried,High School,Vehicle,0,2024-09-22 01:40:21.207069032,Rejected_Review,Rejected
APP101412,2024-09-21 12:22:48.456152056,49,466107.0,7,660.0,1795859.0,48,0,0.75,Salaried,High School,Home,0,2024-09-23 12:22:48.456152056,Rejected_Review,Rejected
APP101413,2024-09-21 23:05:15.705235080,38,796476.0,7,657.0,834429.0,36,1,0.284,Business,High School,Personal,0,2024-09-24 23:05:15.705235080,Rejected_Review,Rejected
APP101414,2024-09-22 09:47:42.954318112,51,551411.0,12,710.0,453767.0,48,1,0.271,Salaried,Doctorate,Personal,0,2024-09-26 09:47:42.954318112,Standard_Review,Rejected
APP101415,2024-09-22 20:30:10.203401136,50,583824.0,9,674.0,405142.0,60,1,0.339,Self-Employed,Bachelor,Vehicle,0,2024-09-25 20:30:10.203401136,Rejected_Review,Rejected
APP101416,2024-09-23 07:12:37.452484168,59,1159711.0,7,725.0,974506.0,60,1,0.131,Salaried,Bachelor,Business,0,2024-09-28 07:12:37.452484168,Rejected_Review,Rejected
APP101417,2024-09-23 17:55:04.701567192,55,565272.0,15,610.0,1718653.0,12,4,0.582,Salaried,Doctorate,Personal,0,2024-09-26 17:55:04.701567192,Rejected_Review,Rejected
APP101418,2024-09-24 04:37:31.950650224,38,420294.0,8,695.0,1474630.0,60,2,0.597,Salaried,Bachelor,Personal,0,2024-09-25 04:37:31.950650224,Rejected_Review,Rejected
APP101419,2024-09-24 15:19:59.199733248,62,446644.0,2,649.0,381738.0,36,0,0.199,Contract,Bachelor,Home,0,2024-09-25 15:19:59.199733248,Rejected_Review,Closed
APP101420,2024-09-25 02:02:26.448816280,59,1735469.0,11,666.0,774895.0,48,1,0.167,,Doctorate,Business,0,2024-09-28 02:02:26.448816280,Standard_Review,Closed
APP101421,2024-09-25 12:44:53.697899304,37,599906.0,9,708.0,1229780.0,36,1,0.304,Self-Employed,High School,Personal,0,2024-09-29 12:44:53.697899304,Rejected_Review,Closed
APP101422,2024-09-25 23:27:20.946982336,34,351799.0,13,657.0,357988.0,48,3,0.351,Salaried,Doctorate,Home,0,2024-09-29 23:27:20.946982336,Standard_Review,Rejected
APP101423,2024-09-26 10:09:48.196065360,51,293159.0,11,683.0,1175870.0,48,0,0.559,Salaried,Diploma,Vehicle,0,2024-09-28 10:09:48.196065360,Rejected_Review,Rejected
APP101424,2024-09-26 20:52:15.445148392,44,490726.0,4,615.0,492595.0,36,0,0.299,Self-Employed,Bachelor,Vehicle,0,2024-10-02 20:52:15.445148392,Rejected_Review,Rejected
APP101425,2024-09-27 07:34:42.694231416,55,594986.0,0,761.0,628505.0,36,2,0.163,Salaried,Bachelor,Personal,0,2024-09-30 07:34:42.694231416,Rejected_Review,Rejected
APP101426,2024-09-27 18:17:09.943314440,64,996352.0,13,737.0,803837.0,48,4,0.344,Contract,Doctorate,Personal,0,2024-10-03 18:17:09.943314440,Standard_Review,Rejected
APP101427,2024-09-28 04:59:37.192397472,65,953870.0,8,696.0,1194208.0,36,4,0.286,Salaried,Bachelor,Education,0,2024-10-04 04:59:37.192397472,Standard_Review,Rejected
APP101428,2024-09-28 15:42:04.441480496,54,648146.0,5,674.0,1505731.0,12,2,0.504,Self-Employed,High School,Education,0,2024-10-04 15:42:04.441480496,Rejected_Review,Rejected
APP101429,2024-09-29 02:24:31.690563528,23,529851.0,5,683.0,595626.0,12,0,0.27,Salaried,Diploma,Personal,0,2024-10-04 02:24:31.690563528,Rejected_Review,Rejected
APP101430,2024-09-29 13:06:58.939646552,57,757326.0,8,760.0,550739.0,48,0,0.195,Self-Employed,Bachelor,Personal,0,2024-10-01 13:06:58.939646552,Rejected_Review,Rejected
APP101431,2024-09-29 23:49:26.188729584,63,295904.0,6,733.0,532704.0,60,2,0.272,Self-Employed,Bachelor,Home,0,2024-10-03 23:49:26.188729584,Rejected_Review,Rejected
APP101432,2024-09-30 10:31:53.437812608,60,1585189.0,3,761.0,1033672.0,48,0,0.302,Salaried,Bachelor,Vehicle,0,2024-10-07 10:31:53.437812608,Rejected_Review,Rejected
APP101433,2024-09-30 21:14:20.686895640,46,872463.0,3,668.0,1151543.0,36,1,0.283,Salaried,Master,Personal,0,2024-10-04 21:14:20.686895640,Standard_Review,Rejected
APP101434,2024-10-01 07:56:47.935978664,43,960177.0,7,721.0,1094757.0,36,2,0.308,Salaried,Master,Home,0,2024-10-02 07:56:47.935978664,Rejected_Review,Rejected
APP101435,2024-10-01 18:39:15.185061696,64,400856.0,4,767.0,801091.0,36,1,0.34,Contract,Bachelor,Vehicle,0,2024-10-06 18:39:15.185061696,Standard_Review,Rejected
APP101436,2024-10-02 05:21:42.434144720,59,1157670.0,4,630.0,841599.0,60,1,0.236,Self-Employed,Bachelor,Business,0,2024-10-07 05:21:42.434144720,Standard_Review,Rejected
APP101437,2024-10-02 16:04:09.683227752,35,528459.0,16,626.0,623841.0,36,0,0.306,Salaried,Diploma,Personal,0,2024-10-06 16:04:09.683227752,Rejected_Review,Rejected
APP101438,2024-10-03 02:46:36.932310776,24,423402.0,4,708.0,653621.0,36,0,0.212,Business,Doctorate,Business,0,2024-10-06 02:46:36.932310776,Rejected_Review,Rejected
APP101439,2024-10-03 13:29:04.181393800,49,638642.0,10,610.0,1072843.0,48,1,0.304,Salaried,High School,Vehicle,0,2024-10-07 13:29:04.181393800,Rejected_Review,Rejected
APP101440,2024-10-04 00:11:31.430476832,42,631958.0,10,572.0,798892.0,60,1,0.412,Salaried,Bachelor,Medical,0,2024-10-10 00:11:31.430476832,Rejected_Review,Rejected
APP101441,2024-10-04 10:53:58.679559856,45,400066.0,3,766.0,552524.0,12,2,0.259,Salaried,Bachelor,Home,0,2024-10-08 10:53:58.679559856,Rejected_Review,Rejected
APP101442,2024-10-04 21:36:25.928642888,33,434524.0,3,778.0,1212869.0,36,2,0.548,Salaried,Master,Vehicle,1,2024-10-09 21:36:25.928642888,Approved_Review,Disbursed
APP101443,2024-10-05 08:18:53.177725912,38,419481.0,3,613.0,516545.0,36,1,0.321,Salaried,Bachelor,Vehicle,0,2024-10-12 08:18:53.177725912,Rejected_Review,Rejected
APP101444,2024-10-05 19:01:20.426808944,53,,4,597.0,752898.0,48,2,0.4,Business,Master,Education,0,2024-10-08 19:01:20.426808944,Rejected_Review,Rejected
APP101445,2024-10-06 05:43:47.675891968,36,545841.0,9,648.0,376557.0,12,3,0.277,Salaried,High School,Business,0,2024-10-15 05:43:47.675891968,Rejected_Review,Rejected
APP101446,2024-10-06 16:26:14.924975000,65,347905.0,7,771.0,436234.0,48,1,0.302,Salaried,Bachelor,Education,0,2024-10-14 16:26:14.924975000,Rejected_Review,Closed
APP101447,2024-10-07 03:08:42.174058024,62,476208.0,13,663.0,706719.0,36,3,0.288,Salaried,Bachelor,Vehicle,0,2024-10-10 03:08:42.174058024,Rejected_Review,Rejected
APP101448,2024-10-07 13:51:09.423141056,64,1040319.0,11,696.0,494209.0,60,0,0.155,Salaried,Master,Vehicle,0,2024-10-15 13:51:09.423141056,Rejected_Review,Rejected
APP101449,2024-10-08 00:33:36.672224080,22,941488.0,11,711.0,624221.0,24,0,0.206,Salaried,Bachelor,Personal,0,2024-10-11 00:33:36.672224080,Rejected_Review,Rejected
APP101450,2024-10-08 11:16:03.921307104,55,405259.0,14,701.0,1283974.0,24,2,0.618,Salaried,Bachelor,Medical,0,2024-10-17 11:16:03.921307104,Standard_Review,Closed
APP101451,2024-10-08 21:58:31.170390136,62,1000409.0,7,787.0,657669.0,48,1,0.134,Salaried,High School,Education,1,2024-10-11 21:58:31.170390136,Standard_Review,Disbursed
APP101452,2024-10-09 08:40:58.419473160,54,268292.0,9,643.0,1097736.0,48,0,0.619,Salaried,Bachelor,Medical,0,2024-10-14 08:40:58.419473160,Rejected_Review,Rejected
APP101453,2024-10-09 19:23:25.668556192,50,1939310.0,12,683.0,473771.0,48,3,0.073,Salaried,High School,Medical,0,2024-10-14 19:23:25.668556192,Rejected_Review,Rejected
APP101454,2024-10-10 06:05:52.917639216,33,1166909.0,14,705.0,921067.0,48,0,0.204,Salaried,Diploma,Home,0,2024-10-13 06:05:52.917639216,Rejected_Review,Rejected
APP101455,2024-10-10 16:48:20.166722248,33,505270.0,9,687.0,424531.0,24,3,0.242,Salaried,High School,Personal,0,2024-10-15 16:48:20.166722248,Rejected_Review,Rejected
APP101456,2024-10-11 03:30:47.415805272,38,772062.0,2,611.0,617815.0,36,1,0.344,Salaried,Bachelor,Business,0,2024-10-17 03:30:47.415805272,Rejected_Review,Rejected
APP101457,2024-10-11 14:13:14.664888304,52,346041.0,21,594.0,939951.0,36,1,0.581,Salaried,Diploma,Personal,0,2024-10-15 14:13:14.664888304,Rejected_Review,Rejected
APP101458,2024-10-12 00:55:41.913971328,52,667922.0,7,593.0,704479.0,60,2,0.151,Self-Employed,Diploma,Medical,0,2024-10-17 00:55:41.913971328,Rejected_Review,Rejected
APP101459,2024-10-12 11:38:09.163054360,55,598439.0,5,737.0,1121285.0,36,1,0.269,Self-Employed,High School,Personal,0,2024-10-18 11:38:09.163054360,Rejected_Review,Rejected
APP101460,2024-10-12 22:20:36.412137384,59,446451.0,4,637.0,977343.0,24,1,0.401,Self-Employed,Bachelor,Vehicle,0,2024-10-14 22:20:36.412137384,Rejected_Review,Rejected
APP101461,2024-10-13 09:03:03.661220416,49,526432.0,11,721.0,599969.0,36,1,0.34,Contract,Bachelor,Business,0,2024-10-17 09:03:03.661220416,Rejected_Review,Rejected
APP101462,2024-10-13 19:45:30.910303440,49,503623.0,9,696.0,1338834.0,60,1,0.357,Contract,Master,Vehicle,0,2024-10-20 19:45:30.910303440,Standard_Review,Rejected
APP101463,2024-10-14 06:27:58.159386464,64,390603.0,4,627.0,870644.0,60,2,0.392,Salaried,Bachelor,Vehicle,0,2024-10-17 06:27:58.159386464,Rejected_Review,Rejected
APP101464,2024-10-14 17:10:25.408469496,36,441777.0,2,628.0,619700.0,60,1,0.391,Salaried,Diploma,Education,0,2024-10-19 17:10:25.408469496,Rejected_Review,Rejected
APP101465,2024-10-15 03:52:52.657552520,64,339727.0,4,699.0,752923.0,36,0,0.497,Business,Master,Vehicle,0,2024-10-16 03:52:52.657552520,Rejected_Review,Rejected
APP101466,2024-10-15 14:35:19.906635552,30,956013.0,11,695.0,732556.0,48,3,0.221,Salaried,Diploma,Personal,0,2024-10-19 14:35:19.906635552,Standard_Review,Rejected
APP101467,2024-10-16 01:17:47.155718576,50,427315.0,7,722.0,774236.0,36,1,0.227,Self-Employed,Master,Personal,0,2024-10-20 01:17:47.155718576,Rejected_Review,Rejected
APP101468,2024-10-16 12:00:14.404801608,45,375051.0,2,660.0,652102.0,24,2,0.432,Contract,Bachelor,Medical,0,2024-10-20 12:00:14.404801608,Rejected_Review,Rejected
APP101469,2024-10-16 22:42:41.653884632,59,949228.0,4,635.0,843318.0,12,3,0.192,Self-Employed,Bachelor,Education,0,2024-10-20 22:42:41.653884632,Rejected_Review,Rejected
APP101470,2024-10-17 09:25:08.902967664,40,767625.0,6,697.0,1038975.0,24,0,0.35,Salaried,Bachelor,Business,0,2024-10-23 09:25:08.902967664,Rejected_Review,Rejected
APP101471,2024-10-17 20:07:36.152050688,25,933553.0,8,782.0,865980.0,48,1,0.198,Business,Doctorate,Personal,1,2024-10-19 20:07:36.152050688,Standard_Review,Disbursed
APP101472,2024-10-18 06:50:03.401133720,21,981625.0,5,568.0,851368.0,60,2,0.261,Salaried,Diploma,Home,0,2024-10-21 06:50:03.401133720,Rejected_Review,Rejected
APP101473,2024-10-18 17:32:30.650216744,50,1554372.0,8,638.0,665635.0,24,0,0.223,Contract,Master,Vehicle,0,2024-10-20 17:32:30.650216744,Standard_Review,Rejected
APP101474,2024-10-19 04:14:57.899299776,23,605924.0,11,728.0,449457.0,60,1,0.329,Salaried,Bachelor,Vehicle,0,2024-10-20 04:14:57.899299776,Rejected_Review,Closed
APP101475,2024-10-19 14:57:25.148382800,65,337326.0,6,704.0,397983.0,36,0,0.193,Salaried,Doctorate,Medical,0,2024-10-23 14:57:25.148382800,Rejected_Review,Rejected
APP101476,2024-10-20 01:39:52.397465824,34,734316.0,15,729.0,491417.0,36,1,0.169,Business,Bachelor,Medical,0,2024-10-22 01:39:52.397465824,Standard_Review,Rejected
APP101477,2024-10-20 12:22:19.646548856,50,481025.0,3,662.0,567976.0,36,0,0.405,Salaried,Bachelor,Personal,0,2024-10-24 12:22:19.646548856,Standard_Review,Rejected
APP101478,2024-10-20 23:04:46.895631880,24,422460.0,3,585.0,1614816.0,36,0,0.625,Salaried,Master,Vehicle,0,2024-10-25 23:04:46.895631880,Rejected_Review,Rejected
APP101479,2024-10-21 09:47:14.144714912,38,679895.0,14,799.0,1308859.0,36,2,0.321,Salaried,Master,Education,0,2024-10-25 09:47:14.144714912,Rejected_Review,Rejected
APP101480,2024-10-21 20:29:41.393797936,57,959643.0,1,760.0,520309.0,48,2,0.266,Salaried,Bachelor,Personal,0,2024-10-26 20:29:41.393797936,Rejected_Review,Rejected
APP101481,2024-10-22 07:12:08.642880968,45,446203.0,4,688.0,876495.0,48,5,0.316,Contract,Bachelor,Education,0,2024-10-23 07:12:08.642880968,Rejected_Review,Closed
APP101482,2024-10-22 17:54:35.891963992,21,1153374.0,5,635.0,676728.0,60,2,0.234,Salaried,Bachelor,Business,0,2024-10-29 17:54:35.891963992,Rejected_Review,Rejected
APP101483,2024-10-23 04:37:03.141047024,35,416400.0,11,658.0,787667.0,36,6,0.329,Salaried,Bachelor,Education,0,2024-10-27 04:37:03.141047024,Rejected_Review,Rejected
APP101484,2024-10-23 15:19:30.390130048,29,582434.0,2,705.0,532067.0,48,0,0.347,Self-Employed,Master,Medical,0,2024-10-28 15:19:30.390130048,Rejected_Review,Rejected
APP101485,2024-10-24 02:01:57.639213080,35,773411.0,8,674.0,2147287.0,48,0,0.423,Salaried,Diploma,Home,0,2024-10-26 02:01:57.639213080,Rejected_Review,Rejected
APP101486,2024-10-24 12:44:24.888296104,44,545890.0,7,689.0,1778153.0,60,0,0.355,Salaried,Diploma,Home,0,2024-10-25 12:44:24.888296104,Rejected_Review,Rejected
APP101487,2024-10-24 23:26:52.137379136,24,292297.0,19,795.0,604724.0,36,1,0.367,Salaried,Master,Personal,1,2024-10-29 23:26:52.137379136,Approved_Review,Disbursed
APP101488,2024-10-25 10:09:19.386462160,32,986640.0,4,750.0,519525.0,60,1,0.166,Salaried,Bachelor,Home,0,2024-10-30 10:09:19.386462160,Rejected_Review,Rejected
APP101489,2024-10-25 20:51:46.635545184,57,490985.0,10,614.0,1111890.0,48,2,0.405,Salaried,Bachelor,Medical,0,2024-10-27 20:51:46.635545184,Rejected_Review,Rejected
APP101490,2024-10-26 07:34:13.884628216,57,908847.0,6,695.0,382315.0,48,1,0.239,Salaried,Bachelor,Education,0,2024-10-31 07:34:13.884628216,Rejected_Review,Rejected
APP101491,2024-10-26 18:16:41.133711240,63,368009.0,7,656.0,1068546.0,12,2,0.416,Business,Master,Personal,0,2024-10-31 18:16:41.133711240,Rejected_Review,Rejected
APP101492,2024-10-27 04:59:08.382794272,26,397393.0,4,709.0,745320.0,36,1,0.321,Salaried,Diploma,Business,0,2024-11-01 04:59:08.382794272,Standard_Review,Rejected
APP101493,2024-10-27 15:41:35.631877296,59,958210.0,10,686.0,341734.0,36,0,0.192,Business,Bachelor,Business,0,2024-10-31 15:41:35.631877296,Rejected_Review,Rejected
APP101494,2024-10-28 02:24:02.880960328,44,757634.0,12,850.0,648846.0,12,1,0.207,Business,Master,Personal,1,2024-11-02 02:24:02.880960328,Approved_Review,Disbursed
APP101495,2024-10-28 13:06:30.130043352,31,533580.0,8,718.0,504316.0,36,2,0.268,Salaried,Bachelor,Vehicle,0,2024-11-04 13:06:30.130043352,Rejected_Review,Rejected
APP101496,2024-10-28 23:48:57.379126384,33,762602.0,29,681.0,758976.0,60,3,0.307,Contract,Bachelor,Vehicle,0,2024-10-31 23:48:57.379126384,Rejected_Review,Rejected
APP101497,2024-10-29 10:31:24.628209408,54,423120.0,5,810.0,720419.0,36,1,0.355,Salaried,High School,Education,0,2024-11-04 10:31:24.628209408,Rejected_Review,Closed
APP101498,2024-10-29 21:13:51.877292440,45,683064.0,11,703.0,356888.0,24,1,0.29,Business,Master,Home,1,2024-11-03 21:13:51.877292440,Approved_Review,Disbursed
APP101499,2024-10-30 07:56:19.126375464,27,688711.0,16,591.0,592297.0,36,0,0.187,Salaried,Master,Personal,0,2024-10-31 07:56:19.126375464,Rejected_Review,Rejected
APP101500,2024-10-30 18:38:46.375458488,24,549369.0,9,682.0,933033.0,12,1,0.313,Salaried,Bachelor,Home,0,2024-10-31 18:38:46.375458488,Rejected_Review,Rejected
APP101501,2024-10-31 05:21:13.624541520,28,446346.0,12,730.0,1016921.0,36,1,0.528,Contract,High School,Vehicle,0,2024-11-04 05:21:13.624541520,Rejected_Review,Rejected
APP101502,2024-10-31 16:03:40.873624544,40,670876.0,17,721.0,583796.0,48,1,0.203,Contract,Bachelor,Vehicle,0,2024-11-01 16:03:40.873624544,Rejected_Review,Closed
APP101503,2024-11-01 02:46:08.122707576,49,634115.0,10,755.0,880038.0,36,3,0.488,Salaried,Bachelor,Business,0,2024-11-02 02:46:08.122707576,Standard_Review,Rejected
APP101504,2024-11-01 13:28:35.371790600,65,527080.0,12,700.0,799727.0,48,2,0.4,Salaried,Master,Education,0,2024-11-11 13:28:35.371790600,Rejected_Review,Rejected
APP101505,2024-11-02 00:11:02.620873632,30,408199.0,4,695.0,681815.0,24,3,0.293,Contract,Diploma,Personal,0,2024-11-04 00:11:02.620873632,Standard_Review,Rejected
APP101506,2024-11-02 10:53:29.869956656,63,653660.0,1,599.0,882730.0,60,1,0.353,Self-Employed,High School,Education,0,2024-11-08 10:53:29.869956656,Standard_Review,Rejected
APP101507,2024-11-02 21:35:57.119039688,54,527673.0,10,789.0,440750.0,60,3,0.271,Salaried,Diploma,Personal,0,2024-11-06 21:35:57.119039688,Rejected_Review,Rejected
APP101508,2024-11-03 08:18:24.368122712,46,408045.0,5,670.0,700340.0,12,1,0.254,Salaried,Bachelor,Personal,0,2024-11-12 08:18:24.368122712,Rejected_Review,Rejected
APP101509,2024-11-03 19:00:51.617205744,61,662858.0,6,626.0,313911.0,60,2,0.315,Business,Diploma,Home,0,2024-11-11 19:00:51.617205744,Rejected_Review,Rejected
APP101510,2024-11-04 05:43:18.866288768,23,1340382.0,5,850.0,681310.0,36,1,0.268,,Doctorate,Personal,0,2024-11-09 05:43:18.866288768,Standard_Review,Rejected
APP101511,2024-11-04 16:25:46.115371800,26,551091.0,7,799.0,1427377.0,36,0,0.564,Contract,Diploma,Personal,0,2024-11-05 16:25:46.115371800,Rejected_Review,Rejected
APP101512,2024-11-05 03:08:13.364454824,25,1275345.0,8,661.0,596642.0,36,2,0.279,Salaried,Bachelor,Personal,0,2024-11-12 03:08:13.364454824,Rejected_Review,Closed
APP101513,2024-11-05 13:50:40.613537848,25,1683149.0,11,568.0,1357772.0,36,3,0.271,Self-Employed,Bachelor,Vehicle,0,2024-11-07 13:50:40.613537848,Rejected_Review,Rejected
APP101514,2024-11-06 00:33:07.862620880,43,423238.0,9,643.0,601416.0,60,2,0.396,Salaried,Bachelor,Education,0,2024-11-12 00:33:07.862620880,Rejected_Review,Rejected
APP101515,2024-11-06 11:15:35.111703904,29,652651.0,2,793.0,406962.0,24,0,0.131,Business,Master,Personal,0,2024-11-08 11:15:35.111703904,Rejected_Review,Rejected
APP101516,2024-11-06 21:58:02.360786936,55,1675140.0,12,701.0,976307.0,24,3,0.359,Self-Employed,Bachelor,Personal,0,2024-11-09 21:58:02.360786936,Rejected_Review,Rejected
APP101517,2024-11-07 08:40:29.609869960,40,615532.0,20,602.0,882755.0,36,0,0.374,Salaried,Bachelor,Home,0,2024-11-16 08:40:29.609869960,Rejected_Review,Rejected
APP101518,2024-11-07 19:22:56.858952992,62,660857.0,6,741.0,2231846.0,36,1,0.419,Self-Employed,Diploma,Medical,0,2024-11-11 19:22:56.858952992,Standard_Review,Rejected
APP101519,2024-11-08 06:05:24.108036016,55,306577.0,9,676.0,428990.0,60,2,0.213,Salaried,Master,Medical,0,2024-11-10 06:05:24.108036016,Standard_Review,Rejected
APP101520,2024-11-08 16:47:51.357119048,38,511693.0,2,648.0,836551.0,36,1,0.366,Salaried,Doctorate,Vehicle,0,2024-11-12 16:47:51.357119048,Rejected_Review,Rejected
APP101521,2024-11-09 03:30:18.606202072,37,834629.0,6,653.0,851587.0,36,2,0.21,Salaried,Diploma,Home,0,2024-11-13 03:30:18.606202072,Standard_Review,Rejected
APP101522,2024-11-09 14:12:45.855285104,44,1939430.0,3,775.0,1188174.0,36,2,0.26,Business,Master,Business,1,2024-11-11 14:12:45.855285104,Approved_Review,Pending_Disbursement
APP101523,2024-11-10 00:55:13.104368128,23,595124.0,7,726.0,912310.0,36,2,0.265,Salaried,Bachelor,Personal,0,2024-11-15 00:55:13.104368128,Rejected_Review,Rejected
APP101524,2024-11-10 11:37:40.353451160,52,307597.0,6,593.0,606098.0,12,1,0.297,Salaried,Master,Home,0,2024-11-12 11:37:40.353451160,Rejected_Review,Rejected
APP101525,2024-11-10 22:20:07.602534184,55,345368.0,8,714.0,409749.0,36,3,0.255,Salaried,Doctorate,Business,0,2024-11-11 22:20:07.602534184,Rejected_Review,Rejected
APP101526,2024-11-11 09:02:34.851617208,58,639615.0,5,697.0,832466.0,24,0,0.535,Self-Employed,Diploma,Personal,0,2024-11-15 09:02:34.851617208,Rejected_Review,Rejected
APP101527,2024-11-11 19:45:02.100700240,33,1104022.0,1,663.0,844117.0,60,3,0.165,Salaried,Master,Home,0,2024-11-14 19:45:02.100700240,Standard_Review,Rejected
APP101528,2024-11-12 06:27:29.349783264,45,865910.0,3,666.0,959861.0,36,1,0.371,Business,Bachelor,Vehicle,0,2024-11-16 06:27:29.349783264,Standard_Review,Rejected
APP101529,2024-11-12 17:09:56.598866296,29,799581.0,4,634.0,605687.0,60,2,0.188,Contract,Bachelor,Home,0,2024-11-16 17:09:56.598866296,Standard_Review,Closed
APP101530,2024-11-13 03:52:23.847949320,24,1171555.0,11,647.0,804448.0,60,0,0.226,Salaried,Bachelor,Business,1,2024-11-19 03:52:23.847949320,Standard_Review,Disbursed
APP101531,2024-11-13 14:34:51.097032352,34,470064.0,4,709.0,323437.0,60,1,0.241,Self-Employed,Master,Vehicle,0,2024-11-18 14:34:51.097032352,Standard_Review,Rejected
APP101532,2024-11-14 01:17:18.346115376,57,,20,672.0,418408.0,24,3,0.222,Salaried,Bachelor,Education,0,2024-11-15 01:17:18.346115376,Standard_Review,Rejected
APP101533,2024-11-14 11:59:45.595198408,54,514297.0,11,725.0,1117495.0,60,2,0.415,Salaried,Bachelor,Personal,0,2024-11-18 11:59:45.595198408,Rejected_Review,Rejected
APP101534,2024-11-14 22:42:12.844281432,31,575257.0,3,639.0,765859.0,48,2,0.333,Salaried,Master,Vehicle,0,2024-11-17 22:42:12.844281432,Rejected_Review,Rejected
APP101535,2024-11-15 09:24:40.093364464,61,413291.0,5,736.0,888017.0,48,0,0.303,Salaried,High School,Personal,0,2024-11-18 09:24:40.093364464,Standard_Review,Rejected
APP101536,2024-11-15 20:07:07.342447488,23,556787.0,11,775.0,519000.0,24,4,0.253,Contract,Bachelor,Personal,0,2024-11-16 20:07:07.342447488,Standard_Review,Rejected
APP101537,2024-11-16 06:49:34.591530512,48,641944.0,4,690.0,487044.0,24,2,0.237,Business,Bachelor,Home,1,2024-11-17 06:49:34.591530512,Approved_Review,Disbursed
APP101538,2024-11-16 17:32:01.840613544,49,549941.0,3,724.0,566402.0,60,2,0.312,Contract,High School,Home,0,2024-11-23 17:32:01.840613544,Rejected_Review,Rejected
APP101539,2024-11-17 04:14:29.089696568,29,604556.0,4,726.0,788335.0,24,4,0.287,Contract,Master,Home,0,2024-11-21 04:14:29.089696568,Standard_Review,Rejected
APP101540,2024-11-17 14:56:56.338779600,23,779958.0,6,657.0,986377.0,24,0,0.339,Salaried,Master,Education,0,2024-11-22 14:56:56.338779600,Rejected_Review,Rejected
APP101541,2024-11-18 01:39:23.587862624,45,1134997.0,3,727.0,618023.0,36,0,0.17,Salaried,Diploma,Personal,0,2024-11-21 01:39:23.587862624,Rejected_Review,Rejected
APP101542,2024-11-18 12:21:50.836945656,54,1172616.0,9,543.0,305298.0,60,3,0.143,Salaried,Master,Personal,0,2024-11-19 12:21:50.836945656,Rejected_Review,Rejected
APP101543,2024-11-18 23:04:18.086028680,32,915630.0,23,517.0,855426.0,36,1,0.284,Self-Employed,Bachelor,Personal,0,2024-11-21 23:04:18.086028680,Rejected_Review,Rejected
APP101544,2024-11-19 09:46:45.335111712,62,368699.0,7,669.0,799996.0,60,3,0.338,Salaried,Bachelor,Personal,0,2024-11-21 09:46:45.335111712,Rejected_Review,Rejected
APP101545,2024-11-19 20:29:12.584194736,29,552685.0,8,731.0,889507.0,36,2,0.304,Business,Diploma,Home,0,2024-11-24 20:29:12.584194736,Rejected_Review,Rejected
APP101546,2024-11-20 07:11:39.833277768,35,574525.0,5,684.0,1074198.0,24,1,0.34,Self-Employed,Doctorate,Vehicle,0,2024-11-25 07:11:39.833277768,Rejected_Review,Rejected
APP101547,2024-11-20 17:54:07.082360792,60,483598.0,23,738.0,1032625.0,36,1,0.375,Self-Employed,Bachelor,Home,0,2024-11-25 17:54:07.082360792,Rejected_Review,Rejected
APP101548,2024-11-21 04:36:34.331443824,45,758263.0,4,612.0,1382277.0,48,1,0.373,Salaried,Diploma,Home,0,2024-11-26 04:36:34.331443824,Standard_Review,Rejected
APP101549,2024-11-21 15:19:01.580526848,25,317197.0,7,747.0,710017.0,36,1,0.356,Salaried,Master,Vehicle,0,2024-11-22 15:19:01.580526848,Standard_Review,Rejected
APP101550,2024-11-22 02:01:28.829609872,31,1392808.0,8,796.0,564035.0,36,3,0.242,Salaried,Bachelor,Vehicle,1,2024-11-25 02:01:28.829609872,Approved_Review,Disbursed
APP101551,2024-11-22 12:43:56.078692904,54,1113008.0,4,645.0,1177914.0,24,1,0.258,Contract,Master,Business,0,2024-11-24 12:43:56.078692904,Rejected_Review,Rejected
APP101552,2024-11-22 23:26:23.327775928,44,806064.0,7,740.0,1102415.0,36,1,0.342,Salaried,Doctorate,Home,0,2024-11-26 23:26:23.327775928,Rejected_Review,Rejected
APP101553,2024-11-23 10:08:50.576858960,35,632085.0,11,691.0,623067.0,48,6,0.182,Self-Employed,High School,Business,0,2024-11-26 10:08:50.576858960,Rejected_Review,Rejected
APP101554,2024-11-23 20:51:17.825941984,58,1129974.0,4,719.0,1216853.0,36,3,0.079,Contract,Master,Home,0,2024-11-28 20:51:17.825941984,Rejected_Review,Rejected
APP101555,2024-11-24 07:33:45.075025016,28,886432.0,2,796.0,726577.0,12,0,0.314,Salaried,Doctorate,Vehicle,0,2024-11-29 07:33:45.075025016,Standard_Review,Closed
APP101556,2024-11-24 18:16:12.324108040,25,1069514.0,11,711.0,1325098.0,24,0,0.313,Salaried,Bachelor,Vehicle,0,2024-11-27 18:16:12.324108040,Rejected_Review,Rejected
APP101557,2024-11-25 04:58:39.573191072,46,632955.0,9,740.0,1661852.0,36,1,0.503,Self-Employed,Master,Education,0,2024-11-30 04:58:39.573191072,Rejected_Review,Rejected
APP101558,2024-11-25 15:41:06.822274096,38,1454130.0,6,608.0,2621800.0,60,1,0.459,Self-Employed,Bachelor,Education,0,2024-11-30 15:41:06.822274096,Standard_Review,Rejected
APP101559,2024-11-26 02:23:34.071357128,26,1098908.0,4,738.0,722126.0,36,1,0.163,Contract,Bachelor,Home,0,2024-11-30 02:23:34.071357128,Rejected_Review,Rejected
APP101560,2024-11-26 13:06:01.320440152,57,817510.0,1,795.0,1420545.0,12,0,0.232,Salaried,Master,Education,0,2024-12-01 13:06:01.320440152,Rejected_Review,Rejected
APP101561,2024-11-26 23:48:28.569523184,33,1143856.0,14,630.0,1072774.0,36,0,0.331,Salaried,Doctorate,Home,0,2024-12-01 23:48:28.569523184,Rejected_Review,Rejected
APP101562,2024-11-27 10:30:55.818606208,48,538264.0,3,669.0,1123901.0,48,5,0.446,Salaried,High School,Personal,0,2024-11-30 10:30:55.818606208,Rejected_Review,Rejected
APP101563,2024-11-27 21:13:23.067689232,25,384367.0,4,735.0,865490.0,48,1,0.498,Self-Employed,Bachelor,Home,0,2024-11-30 21:13:23.067689232,Rejected_Review,Rejected
APP101564,2024-11-28 07:55:50.316772264,33,751199.0,4,719.0,1126232.0,36,0,0.446,Salaried,Master,Medical,0,2024-12-03 07:55:50.316772264,Rejected_Review,Rejected
APP101565,2024-11-28 18:38:17.565855288,37,633514.0,12,602.0,352143.0,48,1,0.135,Self-Employed,High School,Vehicle,0,2024-12-01 18:38:17.565855288,Rejected_Review,Closed
APP101566,2024-11-29 05:20:44.814938320,60,594666.0,17,701.0,689978.0,48,0,0.355,Salaried,Bachelor,Vehicle,0,2024-12-03 05:20:44.814938320,Rejected_Review,Closed
APP101567,2024-11-29 16:03:12.064021344,65,1123622.0,4,668.0,504889.0,24,2,0.186,Self-Employed,Bachelor,Personal,0,2024-12-03 16:03:12.064021344,Rejected_Review,Rejected
APP101568,2024-11-30 02:45:39.313104376,52,700774.0,3,627.0,484212.0,24,2,0.301,Salaried,Bachelor,Personal,0,2024-12-07 02:45:39.313104376,Standard_Review,Rejected
APP101569,2024-11-30 13:28:06.562187400,49,731852.0,6,778.0,341494.0,36,1,0.335,Salaried,Diploma,Education,0,2024-12-06 13:28:06.562187400,Rejected_Review,Rejected
APP101570,2024-12-01 00:10:33.811270432,23,561044.0,5,690.0,537927.0,48,0,0.267,Business,Diploma,Home,0,2024-12-07 00:10:33.811270432,Rejected_Review,Rejected
APP101571,2024-12-01 10:53:01.060353456,60,966303.0,3,754.0,641626.0,60,1,0.177,Salaried,Bachelor,Personal,0,2024-12-06 10:53:01.060353456,Rejected_Review,Rejected
APP101572,2024-12-01 21:35:28.309436488,54,891421.0,14,614.0,767574.0,36,0,0.158,Salaried,Bachelor,Home,0,2024-12-06 21:35:28.309436488,Rejected_Review,Rejected
APP101573,2024-12-02 08:17:55.558519512,60,963063.0,10,728.0,695664.0,48,3,0.079,Self-Employed,Bachelor,Business,0,2024-12-07 08:17:55.558519512,Standard_Review,Rejected
APP101574,2024-12-02 19:00:22.807602544,47,519675.0,2,,1184706.0,24,2,0.525,Self-Employed,Diploma,Medical,0,2024-12-05 19:00:22.807602544,Rejected_Review,Rejected
APP101575,2024-12-03 05:42:50.056685568,33,1168893.0,8,674.0,447233.0,60,2,0.302,Salaried,Bachelor,Business,0,2024-12-05 05:42:50.056685568,Rejected_Review,Rejected
APP101576,2024-12-03 16:25:17.305768592,65,1486855.0,8,658.0,264873.0,48,2,0.242,Salaried,Doctorate,Education,0,2024-12-08 16:25:17.305768592,Rejected_Review,Rejected
APP101577,2024-12-04 03:07:44.554851624,53,949456.0,11,605.0,913064.0,48,0,0.244,Salaried,Bachelor,Home,0,2024-12-09 03:07:44.554851624,Rejected_Review,Rejected
APP101578,2024-12-04 13:50:11.803934648,26,451598.0,2,634.0,683835.0,24,0,0.387,Salaried,Bachelor,Home,0,2024-12-11 13:50:11.803934648,Rejected_Review,Closed
APP101579,2024-12-05 00:32:39.053017680,44,453040.0,13,661.0,676772.0,12,1,0.351,Salaried,High School,Business,1,2024-12-11 00:32:39.053017680,Approved_Review,Disbursed
APP101580,2024-12-05 11:15:06.302100704,39,548975.0,6,627.0,490138.0,48,1,0.176,Contract,Bachelor,Business,0,2024-12-08 11:15:06.302100704,Rejected_Review,Rejected
APP101581,2024-12-05 21:57:33.551183736,36,504215.0,10,640.0,1102845.0,24,3,0.493,Business,Master,Vehicle,0,2024-12-07 21:57:33.551183736,Rejected_Review,Rejected
APP101582,2024-12-06 08:40:00.800266760,60,629535.0,3,700.0,567674.0,24,3,0.294,Salaried,Bachelor,Home,0,2024-12-11 08:40:00.800266760,Rejected_Review,Rejected
APP101583,2024-12-06 19:22:28.049349792,48,863999.0,5,708.0,450021.0,24,1,0.264,Salaried,Bachelor,Education,0,2024-12-10 19:22:28.049349792,Standard_Review,Rejected
APP101584,2024-12-07 06:04:55.298432816,53,740593.0,4,761.0,1616811.0,24,0,0.435,Salaried,Bachelor,Medical,0,2024-12-10 06:04:55.298432816,Rejected_Review,Rejected
APP101585,2024-12-07 16:47:22.547515848,61,711946.0,1,640.0,989171.0,48,5,0.326,Salaried,High School,Home,0,2024-12-12 16:47:22.547515848,Rejected_Review,Rejected
APP101586,2024-12-08 03:29:49.796598872,33,583142.0,3,692.0,686085.0,36,0,0.316,Business,Bachelor,Vehicle,0,2024-12-10 03:29:49.796598872,Rejected_Review,Rejected
APP101587,2024-12-08 14:12:17.045681896,63,628755.0,4,663.0,206533.0,36,4,0.169,Salaried,Master,Home,0,2024-12-11 14:12:17.045681896,Rejected_Review,Rejected
APP101588,2024-12-09 00:54:44.294764928,65,930230.0,6,,622266.0,36,0,0.273,Salaried,Bachelor,Home,0,2024-12-19 00:54:44.294764928,Rejected_Review,Closed
APP101589,2024-12-09 11:37:11.543847952,45,262852.0,10,669.0,692475.0,60,2,0.603,Salaried,Bachelor,Medical,0,2024-12-11 11:37:11.543847952,Rejected_Review,Rejected
APP101590,2024-12-09 22:19:38.792930984,62,646677.0,13,677.0,1455233.0,60,1,0.452,Salaried,Bachelor,Home,0,2024-12-14 22:19:38.792930984,Standard_Review,Rejected
APP101591,2024-12-10 09:02:06.042014008,56,739938.0,12,706.0,291807.0,36,2,0.276,Salaried,Diploma,Business,1,2024-12-16 09:02:06.042014008,Standard_Review,Disbursed
APP101592,2024-12-10 19:44:33.291097040,47,924807.0,12,669.0,1527227.0,36,4,0.266,Self-Employed,Master,Vehicle,0,2024-12-16 19:44:33.291097040,Rejected_Review,Rejected
APP101593,2024-12-11 06:27:00.540180064,58,412589.0,15,770.0,870917.0,36,1,0.46,Salaried,Bachelor,Business,0,2024-12-16 06:27:00.540180064,Rejected_Review,Rejected
APP101594,2024-12-11 17:09:27.789263096,27,402890.0,7,579.0,382714.0,36,1,0.3,Salaried,Bachelor,Personal,0,2024-12-16 17:09:27.789263096,Rejected_Review,Rejected
APP101595,2024-12-12 03:51:55.038346120,25,845351.0,12,759.0,1109859.0,48,0,0.383,Salaried,Bachelor,Education,0,2024-12-16 03:51:55.038346120,Rejected_Review,Rejected
APP101596,2024-12-12 14:34:22.287429152,63,275881.0,5,666.0,619643.0,36,2,0.39,Business,Master,Home,0,2024-12-19 14:34:22.287429152,Rejected_Review,Rejected
APP101597,2024-12-13 01:16:49.536512176,65,1183768.0,7,678.0,304948.0,36,0,0.25,Salaried,Doctorate,Education,0,2024-12-20 01:16:49.536512176,Rejected_Review,Rejected
APP101598,2024-12-13 11:59:16.785595208,51,719775.0,6,689.0,560523.0,48,1,0.193,Salaried,Bachelor,Vehicle,0,2024-12-19 11:59:16.785595208,Standard_Review,Rejected
APP101599,2024-12-13 22:41:44.034678232,43,1310805.0,9,736.0,795152.0,60,2,0.302,Salaried,Bachelor,Vehicle,0,2024-12-20 22:41:44.034678232,Rejected_Review,Rejected
APP101600,2024-12-14 09:24:11.283761256,62,398533.0,6,633.0,722017.0,60,0,0.452,Salaried,Master,Medical,0,2024-12-20 09:24:11.283761256,Rejected_Review,Rejected
APP101601,2024-12-14 20:06:38.532844288,30,534115.0,4,647.0,965667.0,48,1,0.29,Salaried,Bachelor,Home,0,2024-12-17 20:06:38.532844288,Rejected_Review,Rejected
APP101602,2024-12-15 06:49:05.781927312,52,219957.0,4,723.0,1211719.0,36,0,0.75,Salaried,Master,Personal,0,2024-12-18 06:49:05.781927312,Standard_Review,Rejected
APP101603,2024-12-15 17:31:33.031010344,63,454370.0,6,580.0,404154.0,36,0,0.241,Salaried,Bachelor,Home,0,2024-12-20 17:31:33.031010344,Rejected_Review,Rejected
APP101604,2024-12-16 04:14:00.280093368,50,598389.0,1,688.0,692722.0,60,1,0.323,Salaried,High School,Home,0,2024-12-21 04:14:00.280093368,Rejected_Review,Rejected
APP101605,2024-12-16 14:56:27.529176400,59,268743.0,15,638.0,515997.0,24,3,0.383,Salaried,Master,Business,0,2024-12-21 14:56:27.529176400,Rejected_Review,Rejected
APP101606,2024-12-17 01:38:54.778259424,51,544240.0,8,624.0,374883.0,48,0,0.217,Self-Employed,Master,Personal,0,2024-12-24 01:38:54.778259424,Standard_Review,Closed
APP101607,2024-12-17 12:21:22.027342456,38,265780.0,9,583.0,682089.0,36,0,0.417,Self-Employed,Bachelor,Education,0,2024-12-20 12:21:22.027342456,Standard_Review,Rejected
APP101608,2024-12-17 23:03:49.276425480,56,578892.0,11,740.0,868627.0,36,1,0.431,Salaried,Master,Education,0,2024-12-21 23:03:49.276425480,Rejected_Review,Closed
APP101609,2024-12-18 09:46:16.525508512,22,1089172.0,11,700.0,894638.0,36,1,0.197,Salaried,Master,Business,0,2024-12-23 09:46:16.525508512,Rejected_Review,Rejected
APP101610,2024-12-18 20:28:43.774591536,34,639849.0,4,646.0,574485.0,60,0,0.22,Self-Employed,High School,Personal,0,2024-12-22 20:28:43.774591536,Rejected_Review,Rejected
APP101611,2024-12-19 07:11:11.023674568,33,1370822.0,9,679.0,422904.0,24,0,0.099,Contract,Bachelor,Personal,1,2024-12-20 07:11:11.023674568,Approved_Review,Disbursed
APP101612,2024-12-19 17:53:38.272757592,49,925935.0,10,619.0,507129.0,48,2,0.276,Business,Bachelor,Education,0,2024-12-22 17:53:38.272757592,Rejected_Review,Rejected
APP101613,2024-12-20 04:36:05.521840616,32,1192299.0,7,655.0,273873.0,60,0,0.25,Self-Employed,Master,Personal,0,2024-12-22 04:36:05.521840616,Rejected_Review,Rejected
APP101614,2024-12-20 15:18:32.770923648,59,460700.0,3,677.0,386228.0,60,2,0.278,Business,Bachelor,Education,0,2024-12-27 15:18:32.770923648,Rejected_Review,Closed
APP101615,2024-12-21 02:01:00.020006672,22,455711.0,8,694.0,403336.0,36,2,0.202,Salaried,High School,Business,0,2024-12-23 02:01:00.020006672,Standard_Review,Rejected
APP101616,2024-12-21 12:43:27.269089704,52,759377.0,19,715.0,1068203.0,36,3,0.199,Salaried,Diploma,Home,0,2024-12-25 12:43:27.269089704,Rejected_Review,Rejected
APP101617,2024-12-21 23:25:54.518172728,33,319580.0,6,573.0,1067721.0,60,1,0.59,Salaried,Diploma,Home,0,2024-12-25 23:25:54.518172728,Rejected_Review,Rejected
APP101618,2024-12-22 10:08:21.767255760,47,803508.0,6,716.0,2030061.0,36,1,0.516,Salaried,Diploma,Medical,0,2024-12-27 10:08:21.767255760,Rejected_Review,Rejected
APP101619,2024-12-22 20:50:49.016338784,61,561835.0,8,578.0,789377.0,36,1,0.283,Salaried,Bachelor,Business,0,2024-12-27 20:50:49.016338784,Rejected_Review,Rejected
APP101620,2024-12-23 07:33:16.265421816,37,1182600.0,13,718.0,549571.0,36,0,0.211,Salaried,Master,Home,0,2024-12-28 07:33:16.265421816,Rejected_Review,Rejected
APP101621,2024-12-23 18:15:43.514504840,60,882495.0,2,676.0,704203.0,12,2,0.136,Salaried,High School,Personal,0,2024-12-25 18:15:43.514504840,Rejected_Review,Rejected
APP101622,2024-12-24 04:58:10.763587872,51,1064745.0,16,761.0,643207.0,36,0,0.167,Contract,Bachelor,Personal,1,2024-12-27 04:58:10.763587872,Approved_Review,Disbursed
APP101623,2024-12-24 15:40:38.012670896,54,462932.0,1,646.0,510413.0,48,1,0.309,Salaried,Bachelor,Education,0,2024-12-25 15:40:38.012670896,Rejected_Review,Rejected
APP101624,2024-12-25 02:23:05.261753928,44,1041760.0,20,741.0,821426.0,48,2,0.237,Salaried,Bachelor,Vehicle,0,2024-12-30 02:23:05.261753928,Standard_Review,Rejected
APP101625,2024-12-25 13:05:32.510836952,65,1245252.0,7,614.0,771054.0,12,0,0.238,Contract,Bachelor,Vehicle,0,2024-12-27 13:05:32.510836952,Rejected_Review,Rejected
APP101626,2024-12-25 23:47:59.759919976,55,638774.0,3,697.0,671685.0,60,1,0.356,Self-Employed,Diploma,Education,0,2025-01-01 23:47:59.759919976,Standard_Review,Rejected
APP101627,2024-12-26 10:30:27.009003008,26,466037.0,6,558.0,604218.0,36,0,0.219,Salaried,Bachelor,Medical,0,2024-12-27 10:30:27.009003008,Standard_Review,Closed
APP101628,2024-12-26 21:12:54.258086032,39,469735.0,1,747.0,960094.0,36,1,0.41,Business,Bachelor,Business,0,2025-01-03 21:12:54.258086032,Rejected_Review,Rejected
APP101629,2024-12-27 07:55:21.507169064,50,1135159.0,5,802.0,530707.0,60,1,0.158,Salaried,High School,Personal,0,2024-12-31 07:55:21.507169064,Rejected_Review,Rejected
APP101630,2024-12-27 18:37:48.756252088,27,2175313.0,6,645.0,572207.0,36,2,0.169,Salaried,Diploma,Business,0,2024-12-30 18:37:48.756252088,Rejected_Review,Rejected
APP101631,2024-12-28 05:20:16.005335120,30,417896.0,9,698.0,887689.0,48,0,0.425,Business,Master,Personal,0,2025-01-02 05:20:16.005335120,Rejected_Review,Rejected
APP101632,2024-12-28 16:02:43.254418144,61,403686.0,8,719.0,1160748.0,36,1,0.406,Salaried,Bachelor,Home,0,2025-01-04 16:02:43.254418144,Rejected_Review,Rejected
APP101633,2024-12-29 02:45:10.503501176,52,983983.0,4,589.0,1108928.0,48,0,0.24,Business,Doctorate,Vehicle,0,2025-01-06 02:45:10.503501176,Rejected_Review,Rejected
APP101634,2024-12-29 13:27:37.752584200,54,462993.0,7,641.0,614794.0,36,1,0.28,Salaried,Master,Personal,0,2025-01-02 13:27:37.752584200,Rejected_Review,Rejected
APP101635,2024-12-30 00:10:05.001667232,48,1027858.0,6,637.0,372005.0,36,1,0.221,Self-Employed,Bachelor,Home,0,2024-12-31 00:10:05.001667232,Rejected_Review,Rejected
APP101636,2024-12-30 10:52:32.250750256,35,801414.0,2,846.0,605670.0,36,1,0.318,Salaried,Master,Business,0,2025-01-03 10:52:32.250750256,Rejected_Review,Rejected
APP101637,2024-12-30 21:34:59.499833280,50,643024.0,5,758.0,726206.0,36,0,0.169,Contract,Diploma,Home,0,2025-01-02 21:34:59.499833280,Rejected_Review,Rejected
APP101638,2024-12-31 08:17:26.748916312,57,792779.0,10,676.0,401003.0,24,1,0.164,Salaried,Diploma,Personal,0,2025-01-05 08:17:26.748916312,Rejected_Review,Rejected
APP101639,2024-12-31 18:59:53.997999336,49,771288.0,8,741.0,600062.0,60,1,0.233,Contract,Master,Medical,0,2025-01-03 18:59:53.997999336,Rejected_Review,Rejected
APP101640,2025-01-01 05:42:21.247082368,42,599532.0,3,704.0,1280019.0,36,1,0.396,Salaried,Bachelor,Business,0,2025-01-03 05:42:21.247082368,Rejected_Review,Rejected
APP101641,2025-01-01 16:24:48.496165392,24,294892.0,6,729.0,753569.0,60,1,0.486,Self-Employed,Diploma,Home,0,2025-01-04 16:24:48.496165392,Rejected_Review,Rejected
APP101642,2025-01-02 03:07:15.745248424,40,704413.0,3,622.0,534208.0,36,1,0.154,Self-Employed,Doctorate,Business,0,2025-01-09 03:07:15.745248424,Rejected_Review,Rejected
APP101643,2025-01-02 13:49:42.994331448,52,1319291.0,5,,710167.0,36,5,0.2,Salaried,High School,Personal,1,2025-01-06 13:49:42.994331448,Standard_Review,Disbursed
APP101644,2025-01-03 00:32:10.243414480,56,315143.0,5,640.0,729934.0,60,0,0.399,Business,Bachelor,Medical,0,2025-01-09 00:32:10.243414480,Rejected_Review,Rejected
APP101645,2025-01-03 11:14:37.492497504,24,420889.0,7,643.0,580799.0,60,3,0.366,Salaried,High School,Home,0,2025-01-06 11:14:37.492497504,Rejected_Review,Rejected
APP101646,2025-01-03 21:57:04.741580536,47,787643.0,7,728.0,1029955.0,36,3,0.312,Salaried,Bachelor,Personal,1,2025-01-09 21:57:04.741580536,Approved_Review,Disbursed
APP101647,2025-01-04 08:39:31.990663560,37,661387.0,3,712.0,280586.0,60,2,0.17,Business,Bachelor,Home,0,2025-01-06 08:39:31.990663560,Rejected_Review,Rejected
APP101648,2025-01-04 19:21:59.239746592,32,782117.0,5,692.0,886216.0,36,3,0.371,Contract,Master,Personal,0,2025-01-06 19:21:59.239746592,Rejected_Review,Rejected
APP101649,2025-01-05 06:04:26.488829616,42,474508.0,3,745.0,525582.0,12,0,0.246,Self-Employed,Doctorate,Personal,0,2025-01-12 06:04:26.488829616,Rejected_Review,Rejected
APP101650,2025-01-05 16:46:53.737912640,37,1096719.0,6,615.0,1180782.0,36,3,0.223,Salaried,Bachelor,Personal,0,2025-01-12 16:46:53.737912640,Rejected_Review,Rejected
APP101651,2025-01-06 03:29:20.986995672,30,663864.0,3,810.0,370095.0,60,0,0.258,Salaried,Diploma,Business,0,2025-01-07 03:29:20.986995672,Rejected_Review,Rejected
APP101652,2025-01-06 14:11:48.236078696,21,889461.0,11,657.0,1119199.0,60,1,0.268,Business,Master,Vehicle,0,2025-01-12 14:11:48.236078696,Rejected_Review,Rejected
APP101653,2025-01-07 00:54:15.485161728,42,750768.0,5,684.0,471749.0,24,1,0.23,Contract,Bachelor,Personal,0,2025-01-08 00:54:15.485161728,Standard_Review,Rejected
APP101654,2025-01-07 11:36:42.734244752,46,703414.0,24,811.0,822274.0,48,2,0.412,Self-Employed,Bachelor,Vehicle,0,2025-01-13 11:36:42.734244752,Rejected_Review,Rejected
APP101655,2025-01-07 22:19:09.983327784,38,861821.0,7,644.0,554785.0,60,3,0.193,Salaried,Diploma,Home,0,2025-01-13 22:19:09.983327784,Rejected_Review,Rejected
APP101656,2025-01-08 09:01:37.232410808,34,706902.0,2,756.0,1229896.0,36,2,0.291,Salaried,High School,Medical,0,2025-01-15 09:01:37.232410808,Rejected_Review,Rejected
APP101657,2025-01-08 19:44:04.481493840,49,380461.0,2,676.0,636217.0,48,1,0.336,Salaried,Bachelor,Vehicle,0,2025-01-15 19:44:04.481493840,Rejected_Review,Rejected
APP101658,2025-01-09 06:26:31.730576864,32,1060274.0,14,635.0,487627.0,36,1,0.184,Business,Bachelor,Business,0,2025-01-13 06:26:31.730576864,Rejected_Review,Rejected
APP101659,2025-01-09 17:08:58.979659896,56,939295.0,2,665.0,1408993.0,24,0,0.384,Contract,High School,Home,0,2025-01-13 17:08:58.979659896,Rejected_Review,Rejected
APP101660,2025-01-10 03:51:26.228742920,55,251864.0,14,727.0,608506.0,48,1,0.344,Self-Employed,High School,Home,0,2025-01-14 03:51:26.228742920,Rejected_Review,Rejected
APP101661,2025-01-10 14:33:53.477825952,32,484241.0,9,756.0,908660.0,36,0,0.563,Contract,Diploma,Business,0,2025-01-14 14:33:53.477825952,Rejected_Review,Rejected
APP101662,2025-01-11 01:16:20.726908976,27,1039021.0,7,705.0,1119461.0,36,0,0.229,Salaried,High School,Business,0,2025-01-14 01:16:20.726908976,Rejected_Review,Rejected
APP101663,2025-01-11 11:58:47.975992000,49,285675.0,14,586.0,450940.0,24,0,0.376,Self-Employed,High School,Vehicle,0,2025-01-15 11:58:47.975992000,Rejected_Review,Rejected
APP101664,2025-01-11 22:41:15.225075032,31,993841.0,11,731.0,864415.0,48,5,0.32,Salaried,Bachelor,Education,0,2025-01-17 22:41:15.225075032,Rejected_Review,Rejected
APP101665,2025-01-12 09:23:42.474158056,53,609978.0,6,681.0,924888.0,36,1,0.345,Salaried,Master,Vehicle,0,2025-01-13 09:23:42.474158056,Standard_Review,Rejected
APP101666,2025-01-12 20:06:09.723241088,26,1188087.0,1,618.0,322900.0,36,1,0.226,Self-Employed,Bachelor,Personal,0,2025-01-18 20:06:09.723241088,Rejected_Review,Rejected
APP101667,2025-01-13 06:48:36.972324112,35,649665.0,9,713.0,822715.0,48,5,0.307,Salaried,Bachelor,Vehicle,0,2025-01-17 06:48:36.972324112,Rejected_Review,Rejected
APP101668,2025-01-13 17:31:04.221407144,52,469675.0,3,764.0,586472.0,24,1,0.344,Self-Employed,Diploma,Personal,0,2025-01-14 17:31:04.221407144,Standard_Review,Rejected
APP101669,2025-01-14 04:13:31.470490168,31,746661.0,3,690.0,1573680.0,60,0,0.373,Self-Employed,High School,Home,0,2025-01-19 04:13:31.470490168,Standard_Review,Rejected
APP101670,2025-01-14 14:55:58.719573200,43,641173.0,6,750.0,1079378.0,36,0,0.306,Business,Bachelor,Medical,0,2025-01-15 14:55:58.719573200,Rejected_Review,Rejected
APP101671,2025-01-15 01:38:25.968656224,46,451281.0,4,720.0,871851.0,36,1,0.257,Business,Bachelor,Personal,0,2025-01-19 01:38:25.968656224,Rejected_Review,Closed
APP101672,2025-01-15 12:20:53.217739256,54,1763802.0,6,721.0,252249.0,24,0,0.198,Salaried,Master,Vehicle,0,2025-01-23 12:20:53.217739256,Rejected_Review,Rejected
APP101673,2025-01-15 23:03:20.466822280,54,419884.0,5,670.0,874431.0,24,0,0.376,Salaried,High School,Home,0,2025-01-18 23:03:20.466822280,Rejected_Review,Rejected
APP101674,2025-01-16 09:45:47.715905312,49,236901.0,7,743.0,478470.0,60,1,0.419,Salaried,Master,Personal,1,2025-01-19 09:45:47.715905312,Approved_Review,Disbursed
APP101675,2025-01-16 20:28:14.964988336,24,1324429.0,9,749.0,1083384.0,36,0,0.226,Salaried,Bachelor,Medical,0,2025-01-22 20:28:14.964988336,Rejected_Review,Rejected
APP101676,2025-01-17 07:10:42.214071360,37,499880.0,15,742.0,646208.0,48,1,0.392,Self-Employed,Master,Medical,0,2025-01-22 07:10:42.214071360,Rejected_Review,Rejected
APP101677,2025-01-17 17:53:09.463154392,55,568741.0,10,670.0,539983.0,24,1,0.252,Salaried,Bachelor,Vehicle,0,2025-01-22 17:53:09.463154392,Rejected_Review,Rejected
APP101678,2025-01-18 04:35:36.712237416,33,553308.0,8,754.0,562714.0,48,2,0.229,Self-Employed,Master,Home,0,2025-01-21 04:35:36.712237416,Rejected_Review,Rejected
APP101679,2025-01-18 15:18:03.961320448,61,503020.0,5,715.0,581709.0,60,3,0.261,Salaried,Bachelor,Education,0,2025-01-23 15:18:03.961320448,Rejected_Review,Closed
APP101680,2025-01-19 02:00:31.210403472,59,460441.0,4,627.0,356904.0,36,0,0.278,Salaried,Bachelor,Education,0,2025-01-22 02:00:31.210403472,Rejected_Review,Rejected
APP101681,2025-01-19 12:42:58.459486504,35,415052.0,1,665.0,381104.0,36,2,0.465,Salaried,Doctorate,Home,0,2025-01-24 12:42:58.459486504,Rejected_Review,Rejected
APP101682,2025-01-19 23:25:25.708569528,49,669221.0,5,656.0,591900.0,60,0,0.352,Salaried,Bachelor,Business,0,2025-01-23 23:25:25.708569528,Rejected_Review,Rejected
APP101683,2025-01-20 10:07:52.957652560,49,542440.0,9,561.0,1523322.0,48,1,0.402,Salaried,Master,Business,0,2025-01-26 10:07:52.957652560,Standard_Review,Rejected
APP101684,2025-01-20 20:50:20.206735584,31,902921.0,2,755.0,1000557.0,12,1,0.3,Salaried,High School,Personal,0,2025-01-26 20:50:20.206735584,Standard_Review,Rejected
APP101685,2025-01-21 07:32:47.455818616,52,807695.0,6,850.0,1046370.0,36,1,0.251,Salaried,High School,Home,0,2025-01-26 07:32:47.455818616,Rejected_Review,Rejected
APP101686,2025-01-21 18:15:14.704901640,22,428201.0,7,769.0,1273717.0,24,1,0.479,Salaried,Bachelor,Education,0,2025-01-23 18:15:14.704901640,Rejected_Review,Rejected
APP101687,2025-01-22 04:57:41.953984664,34,682530.0,8,701.0,805641.0,60,1,0.27,Salaried,Bachelor,Vehicle,0,2025-01-23 04:57:41.953984664,Rejected_Review,Rejected
APP101688,2025-01-22 15:40:09.203067696,40,538585.0,9,656.0,557099.0,48,4,0.268,Salaried,Bachelor,Personal,0,2025-01-24 15:40:09.203067696,Standard_Review,Rejected
APP101689,2025-01-23 02:22:36.452150720,42,416017.0,11,630.0,569973.0,60,1,0.376,Salaried,High School,Personal,0,2025-01-25 02:22:36.452150720,Standard_Review,Rejected
APP101690,2025-01-23 13:05:03.701233752,31,886443.0,2,700.0,463224.0,12,1,0.194,Salaried,Master,Education,0,2025-02-02 13:05:03.701233752,Rejected_Review,Rejected
APP101691,2025-01-23 23:47:30.950316776,47,615464.0,7,753.0,1050041.0,36,4,0.366,Business,High School,Vehicle,0,2025-01-28 23:47:30.950316776,Rejected_Review,Rejected
APP101692,2025-01-24 10:29:58.199399808,23,541084.0,6,646.0,438324.0,24,1,0.247,Salaried,Doctorate,Vehicle,0,2025-01-28 10:29:58.199399808,Rejected_Review,Rejected
APP101693,2025-01-24 21:12:25.448482832,37,442291.0,1,850.0,1990721.0,36,3,0.641,Self-Employed,Bachelor,Business,0,2025-01-27 21:12:25.448482832,Rejected_Review,Rejected
APP101694,2025-01-25 07:54:52.697565864,64,409281.0,15,600.0,445691.0,24,0,0.243,Salaried,Diploma,Education,0,2025-01-31 07:54:52.697565864,Rejected_Review,Rejected
APP101695,2025-01-25 18:37:19.946648888,48,1590682.0,11,705.0,1290174.0,36,1,0.205,Contract,Diploma,Vehicle,0,2025-01-29 18:37:19.946648888,Standard_Review,Rejected
APP101696,2025-01-26 05:19:47.195731920,49,755459.0,3,695.0,1293660.0,60,1,0.402,Salaried,Master,Home,0,2025-01-31 05:19:47.195731920,Rejected_Review,Closed
APP101697,2025-01-26 16:02:14.444814944,41,397806.0,4,690.0,956477.0,24,2,0.413,Self-Employed,Bachelor,Personal,0,2025-01-31 16:02:14.444814944,Standard_Review,Closed
APP101698,2025-01-27 02:44:41.693897976,36,739898.0,5,653.0,1573986.0,36,1,0.529,Salaried,Bachelor,Vehicle,0,2025-02-01 02:44:41.693897976,Rejected_Review,Closed
APP101699,2025-01-27 13:27:08.942981000,57,1048252.0,15,695.0,634580.0,60,1,0.168,Salaried,Bachelor,Business,0,2025-01-31 13:27:08.942981000,Rejected_Review,Rejected
APP101700,2025-01-28 00:09:36.192064024,40,700893.0,9,661.0,746364.0,60,2,0.223,Self-Employed,Master,Business,0,2025-01-30 00:09:36.192064024,Rejected_Review,Rejected
APP101701,2025-01-28 10:52:03.441147056,26,1206262.0,9,774.0,783126.0,36,3,0.153,Salaried,Bachelor,Personal,0,2025-02-01 10:52:03.441147056,Rejected_Review,Closed
APP101702,2025-01-28 21:34:30.690230080,39,324637.0,7,795.0,940245.0,60,3,0.49,Salaried,Diploma,Home,0,2025-02-03 21:34:30.690230080,Standard_Review,Rejected
APP101703,2025-01-29 08:16:57.939313112,25,265304.0,11,665.0,281913.0,36,0,0.24,Contract,Bachelor,Vehicle,0,2025-02-04 08:16:57.939313112,Rejected_Review,Rejected
APP101704,2025-01-29 18:59:25.188396136,23,730848.0,1,583.0,663821.0,36,2,0.234,Business,Bachelor,Personal,0,2025-02-03 18:59:25.188396136,Rejected_Review,Rejected
APP101705,2025-01-30 05:41:52.437479168,21,736122.0,6,711.0,1075132.0,60,1,0.397,Self-Employed,High School,Education,0,2025-02-05 05:41:52.437479168,Rejected_Review,Closed
APP101706,2025-01-30 16:24:19.686562192,58,180000.0,11,708.0,581216.0,48,4,0.526,Business,Bachelor,Vehicle,0,2025-02-01 16:24:19.686562192,Standard_Review,Rejected
APP101707,2025-01-31 03:06:46.935645224,35,,11,697.0,1864724.0,60,2,0.58,Salaried,Bachelor,Home,0,2025-02-04 03:06:46.935645224,Rejected_Review,Rejected
APP101708,2025-01-31 13:49:14.184728248,54,412846.0,14,725.0,746276.0,60,0,0.387,Business,Master,Personal,0,2025-02-04 13:49:14.184728248,Rejected_Review,Rejected
APP101709,2025-02-01 00:31:41.433811280,55,347442.0,12,780.0,905368.0,36,1,0.476,Salaried,Doctorate,Home,0,2025-02-03 00:31:41.433811280,Standard_Review,Rejected
APP101710,2025-02-01 11:14:08.682894304,45,412404.0,4,744.0,1520172.0,36,0,0.645,Self-Employed,Bachelor,Business,0,2025-02-06 11:14:08.682894304,Standard_Review,Rejected
APP101711,2025-02-01 21:56:35.931977336,44,849864.0,2,725.0,746800.0,36,4,0.314,Business,Bachelor,Vehicle,0,2025-02-06 21:56:35.931977336,Rejected_Review,Rejected
APP101712,2025-02-02 08:39:03.181060360,32,411225.0,8,739.0,1507803.0,36,0,0.622,Salaried,High School,Education,0,2025-02-06 08:39:03.181060360,Standard_Review,Rejected
APP101713,2025-02-02 19:21:30.430143384,38,417618.0,15,706.0,936972.0,24,1,0.485,Self-Employed,Master,Business,0,2025-02-06 19:21:30.430143384,Rejected_Review,Rejected
APP101714,2025-02-03 06:03:57.679226416,35,313723.0,5,629.0,937879.0,36,1,0.461,Salaried,High School,Business,0,2025-02-06 06:03:57.679226416,Standard_Review,Rejected
APP101715,2025-02-03 16:46:24.928309440,64,1150534.0,8,784.0,448765.0,60,1,0.188,Salaried,Master,Vehicle,0,2025-02-06 16:46:24.928309440,Rejected_Review,Rejected
APP101716,2025-02-04 03:28:52.177392472,36,790414.0,14,697.0,1217202.0,60,3,0.343,Contract,Bachelor,Education,0,2025-02-05 03:28:52.177392472,Rejected_Review,Rejected
APP101717,2025-02-04 14:11:19.426475496,47,211751.0,3,629.0,516918.0,48,3,0.449,Business,Bachelor,Vehicle,0,2025-02-08 14:11:19.426475496,Rejected_Review,Rejected
APP101718,2025-02-05 00:53:46.675558528,28,417784.0,15,617.0,637713.0,36,2,0.549,Salaried,Bachelor,Education,0,2025-02-08 00:53:46.675558528,Standard_Review,Rejected
APP101719,2025-02-05 11:36:13.924641552,45,824523.0,2,630.0,1313801.0,48,0,0.418,Self-Employed,Doctorate,Home,0,2025-02-07 11:36:13.924641552,Rejected_Review,Closed
APP101720,2025-02-05 22:18:41.173724584,37,1157015.0,8,610.0,582722.0,48,0,0.285,Salaried,Doctorate,Personal,0,2025-02-09 22:18:41.173724584,Rejected_Review,Rejected
APP101721,2025-02-06 09:01:08.422807608,49,948944.0,10,733.0,832951.0,60,2,0.235,Salaried,Doctorate,Personal,0,2025-02-09 09:01:08.422807608,Standard_Review,Rejected
APP101722,2025-02-06 19:43:35.671890640,28,553862.0,11,679.0,681396.0,24,3,0.293,Business,Master,Home,0,2025-02-07 19:43:35.671890640,Rejected_Review,Rejected
APP101723,2025-02-07 06:26:02.920973664,35,272558.0,2,740.0,693382.0,36,3,0.509,Salaried,High School,Home,1,2025-02-10 06:26:02.920973664,Approved_Review,Disbursed
APP101724,2025-02-07 17:08:30.170056696,47,961586.0,8,766.0,649596.0,60,1,0.336,Salaried,Bachelor,Home,0,2025-02-11 17:08:30.170056696,Rejected_Review,Rejected
APP101725,2025-02-08 03:50:57.419139720,27,568709.0,4,749.0,416961.0,60,3,0.178,Salaried,Diploma,Personal,0,2025-02-10 03:50:57.419139720,Rejected_Review,Rejected
APP101726,2025-02-08 14:33:24.668222744,23,670457.0,8,731.0,919336.0,36,1,0.281,Salaried,Master,Personal,0,2025-02-13 14:33:24.668222744,Standard_Review,Rejected
APP101727,2025-02-09 01:15:51.917305776,49,600122.0,6,709.0,961160.0,24,1,0.328,Salaried,Bachelor,Vehicle,0,2025-02-13 01:15:51.917305776,Rejected_Review,Rejected
APP101728,2025-02-09 11:58:19.166388800,64,353182.0,1,678.0,523264.0,60,2,0.346,Self-Employed,Bachelor,Personal,0,2025-02-11 11:58:19.166388800,Rejected_Review,Rejected
APP101729,2025-02-09 22:40:46.415471832,44,765772.0,13,682.0,561121.0,48,3,0.292,Salaried,High School,Medical,0,2025-02-15 22:40:46.415471832,Rejected_Review,Rejected
APP101730,2025-02-10 09:23:13.664554856,23,719732.0,6,728.0,1104973.0,48,0,0.384,Salaried,Master,Medical,0,2025-02-17 09:23:13.664554856,Rejected_Review,Closed
APP101731,2025-02-10 20:05:40.913637888,40,536661.0,17,628.0,613504.0,36,0,0.319,Salaried,Doctorate,Medical,0,2025-02-14 20:05:40.913637888,Rejected_Review,Rejected
APP101732,2025-02-11 06:48:08.162720912,35,803494.0,6,686.0,733171.0,24,0,0.206,Salaried,Bachelor,Personal,0,2025-02-15 06:48:08.162720912,Standard_Review,Rejected
APP101733,2025-02-11 17:30:35.411803944,45,350259.0,9,642.0,450466.0,12,1,0.292,Salaried,Master,Education,0,2025-02-14 17:30:35.411803944,Rejected_Review,Rejected
APP101734,2025-02-12 04:13:02.660886968,50,575893.0,5,766.0,678133.0,36,4,0.198,Salaried,Bachelor,Home,0,2025-02-15 04:13:02.660886968,Rejected_Review,Rejected
APP101735,2025-02-12 14:55:29.909970000,34,657687.0,7,737.0,451688.0,24,0,0.301,Salaried,High School,Personal,0,2025-02-14 14:55:29.909970000,Standard_Review,Rejected
APP101736,2025-02-13 01:37:57.159053024,27,297750.0,9,829.0,517284.0,24,1,0.361,Salaried,Doctorate,Education,1,2025-02-17 01:37:57.159053024,Approved_Review,Disbursed
APP101737,2025-02-13 12:20:24.408136048,37,,2,641.0,477703.0,36,6,0.159,Salaried,High School,Education,0,2025-02-15 12:20:24.408136048,Standard_Review,Rejected
APP101738,2025-02-13 23:02:51.657219080,64,904256.0,4,648.0,1077848.0,36,1,0.458,Self-Employed,Diploma,Home,0,2025-02-14 23:02:51.657219080,Rejected_Review,Rejected
APP101739,2025-02-14 09:45:18.906302104,40,567090.0,12,694.0,360066.0,36,2,0.05,Salaried,High School,Personal,0,2025-02-22 09:45:18.906302104,Rejected_Review,Rejected
APP101740,2025-02-14 20:27:46.155385136,56,640098.0,14,643.0,799848.0,24,0,0.296,Salaried,Bachelor,Vehicle,1,2025-02-21 20:27:46.155385136,Approved_Review,Disbursed
APP101741,2025-02-15 07:10:13.404468160,29,837170.0,4,725.0,626105.0,60,3,0.332,Salaried,Bachelor,Education,0,2025-02-19 07:10:13.404468160,Rejected_Review,Closed
APP101742,2025-02-15 17:52:40.653551192,58,545914.0,9,687.0,1406995.0,24,1,0.425,Contract,Diploma,Business,0,2025-02-16 17:52:40.653551192,Rejected_Review,Rejected
APP101743,2025-02-16 04:35:07.902634216,42,568479.0,12,658.0,1033613.0,36,2,0.38,Business,Doctorate,Medical,0,2025-02-25 04:35:07.902634216,Standard_Review,Closed
APP101744,2025-02-16 15:17:35.151717248,22,382778.0,6,761.0,376567.0,36,3,0.302,Contract,Master,Vehicle,0,2025-02-21 15:17:35.151717248,Standard_Review,Rejected
APP101745,2025-02-17 02:00:02.400800272,44,645646.0,3,570.0,528910.0,60,1,0.088,Business,Diploma,Business,0,2025-02-20 02:00:02.400800272,Standard_Review,Rejected
APP101746,2025-02-17 12:42:29.649883304,28,559079.0,3,725.0,695147.0,36,1,0.223,Self-Employed,Bachelor,Home,0,2025-02-24 12:42:29.649883304,Rejected_Review,Rejected
APP101747,2025-02-17 23:24:56.898966328,31,813676.0,13,654.0,528857.0,24,1,0.224,Business,Master,Home,0,2025-02-19 23:24:56.898966328,Rejected_Review,Rejected
APP101748,2025-02-18 10:07:24.148049360,33,837591.0,4,743.0,1102369.0,12,1,0.302,Self-Employed,Bachelor,Vehicle,0,2025-02-19 10:07:24.148049360,Rejected_Review,Rejected
APP101749,2025-02-18 20:49:51.397132384,37,927986.0,11,759.0,762080.0,48,0,0.154,Salaried,Diploma,Personal,1,2025-02-21 20:49:51.397132384,Standard_Review,Disbursed
APP101750,2025-02-19 07:32:18.646215408,28,517110.0,10,542.0,635497.0,48,1,0.296,Salaried,Diploma,Personal,0,2025-02-24 07:32:18.646215408,Rejected_Review,Rejected
APP101751,2025-02-19 18:14:45.895298440,41,244084.0,10,676.0,1143134.0,36,1,0.749,Self-Employed,Master,Business,0,2025-02-28 18:14:45.895298440,Standard_Review,Rejected
APP101752,2025-02-20 04:57:13.144381464,38,,10,694.0,388542.0,24,1,0.292,Business,Bachelor,Vehicle,0,2025-02-23 04:57:13.144381464,Rejected_Review,Rejected
APP101753,2025-02-20 15:39:40.393464496,50,,14,537.0,612975.0,36,0,0.258,Salaried,Master,Personal,0,2025-02-22 15:39:40.393464496,Rejected_Review,Rejected
APP101754,2025-02-21 02:22:07.642547520,38,488379.0,4,705.0,792411.0,48,0,0.281,Salaried,Bachelor,Education,0,2025-02-25 02:22:07.642547520,Rejected_Review,Rejected
APP101755,2025-02-21 13:04:34.891630552,51,834385.0,3,656.0,652247.0,48,2,0.284,Business,Bachelor,Education,0,2025-02-25 13:04:34.891630552,Rejected_Review,Rejected
APP101756,2025-02-21 23:47:02.140713576,58,338697.0,2,612.0,148232.0,12,0,0.251,Self-Employed,Diploma,Personal,0,2025-03-01 23:47:02.140713576,Standard_Review,Rejected
APP101757,2025-02-22 10:29:29.389796608,52,1033370.0,7,648.0,829308.0,36,2,0.235,Business,High School,Personal,0,2025-02-27 10:29:29.389796608,Standard_Review,Rejected
APP101758,2025-02-22 21:11:56.638879632,31,559387.0,7,636.0,900044.0,36,1,0.317,Contract,High School,Personal,0,2025-03-02 21:11:56.638879632,Rejected_Review,Rejected
APP101759,2025-02-23 07:54:23.887962664,65,447625.0,2,653.0,421916.0,48,0,0.231,Salaried,High School,Business,0,2025-03-02 07:54:23.887962664,Standard_Review,Rejected
APP101760,2025-02-23 18:36:51.137045688,45,491375.0,2,702.0,235002.0,48,1,0.251,Salaried,Diploma,Personal,0,2025-03-01 18:36:51.137045688,Rejected_Review,Rejected
APP101761,2025-02-24 05:19:18.386128720,53,585698.0,18,754.0,498804.0,60,1,0.242,Salaried,Master,Home,0,2025-02-25 05:19:18.386128720,Standard_Review,Rejected
APP101762,2025-02-24 16:01:45.635211744,58,646496.0,11,685.0,632284.0,36,3,0.291,Business,Diploma,Education,0,2025-02-27 16:01:45.635211744,Rejected_Review,Rejected
APP101763,2025-02-25 02:44:12.884294768,61,664277.0,2,762.0,662364.0,36,0,0.217,Salaried,Bachelor,Personal,0,2025-03-02 02:44:12.884294768,Standard_Review,Rejected
APP101764,2025-02-25 13:26:40.133377800,28,535740.0,9,622.0,261786.0,36,1,0.214,Salaried,Diploma,Vehicle,0,2025-02-26 13:26:40.133377800,Rejected_Review,Rejected
APP101765,2025-02-26 00:09:07.382460824,31,711290.0,4,700.0,774866.0,36,2,0.204,Salaried,Bachelor,Education,0,2025-03-01 00:09:07.382460824,Rejected_Review,Rejected
APP101766,2025-02-26 10:51:34.631543856,42,652426.0,6,827.0,1170889.0,12,0,0.324,Salaried,Master,Personal,0,2025-03-01 10:51:34.631543856,Rejected_Review,Rejected
APP101767,2025-02-26 21:34:01.880626880,44,485687.0,11,587.0,1129447.0,36,2,0.432,Salaried,Diploma,Personal,0,2025-02-28 21:34:01.880626880,Rejected_Review,Rejected
APP101768,2025-02-27 08:16:29.129709912,61,453859.0,6,584.0,1289490.0,12,1,0.439,Business,Bachelor,Vehicle,0,2025-03-07 08:16:29.129709912,Rejected_Review,Rejected
APP101769,2025-02-27 18:58:56.378792936,37,854688.0,4,773.0,381684.0,60,1,0.176,Self-Employed,Master,Vehicle,0,2025-03-04 18:58:56.378792936,Rejected_Review,Closed
APP101770,2025-02-28 05:41:23.627875968,32,822969.0,18,704.0,1086386.0,48,4,0.362,Business,Bachelor,Personal,0,2025-03-04 05:41:23.627875968,Rejected_Review,Rejected
APP101771,2025-02-28 16:23:50.876958992,52,666929.0,4,651.0,438855.0,24,1,0.208,Salaried,High School,Personal,0,2025-03-01 16:23:50.876958992,Standard_Review,Closed
APP101772,2025-03-01 03:06:18.126042024,35,985215.0,9,617.0,1038674.0,24,0,0.251,Self-Employed,Master,Personal,0,2025-03-04 03:06:18.126042024,Rejected_Review,Rejected
APP101773,2025-03-01 13:48:45.375125048,36,268910.0,6,688.0,484155.0,36,0,0.304,Salaried,Diploma,Business,0,2025-03-08 13:48:45.375125048,Rejected_Review,Rejected
APP101774,2025-03-02 00:31:12.624208080,42,504211.0,9,699.0,834716.0,36,0,0.312,Salaried,Bachelor,Home,0,2025-03-05 00:31:12.624208080,Standard_Review,Rejected
APP101775,2025-03-02 11:13:39.873291104,48,386306.0,11,699.0,1508203.0,36,2,0.618,Salaried,Diploma,Business,0,2025-03-05 11:13:39.873291104,Rejected_Review,Rejected
APP101776,2025-03-02 21:56:07.122374128,40,1794165.0,16,616.0,1116047.0,36,3,0.269,Self-Employed,Bachelor,Vehicle,0,2025-03-03 21:56:07.122374128,Rejected_Review,Rejected
APP101777,2025-03-03 08:38:34.371457160,53,895983.0,2,668.0,441396.0,60,0,0.102,Self-Employed,Master,Home,0,2025-03-07 08:38:34.371457160,Rejected_Review,Closed
APP101778,2025-03-03 19:21:01.620540184,30,627281.0,18,653.0,396089.0,36,0,0.282,Salaried,Master,Home,1,2025-03-08 19:21:01.620540184,Standard_Review,Disbursed
APP101779,2025-03-04 06:03:28.869623216,60,925393.0,7,732.0,1031996.0,36,1,0.257,Salaried,Master,Education,0,2025-03-08 06:03:28.869623216,Rejected_Review,Rejected
APP101780,2025-03-04 16:45:56.118706240,52,1074162.0,9,620.0,1353994.0,60,1,0.295,Salaried,Bachelor,Home,0,2025-03-06 16:45:56.118706240,Rejected_Review,Rejected
APP101781,2025-03-05 03:28:23.367789272,53,1069030.0,6,695.0,867816.0,12,3,0.297,Salaried,Master,Vehicle,0,2025-03-10 03:28:23.367789272,Rejected_Review,Rejected
APP101782,2025-03-05 14:10:50.616872296,22,984111.0,7,850.0,542124.0,24,2,0.372,Salaried,Bachelor,Vehicle,1,2025-03-08 14:10:50.616872296,Approved_Review,Pending_Disbursement
APP101783,2025-03-06 00:53:17.865955328,53,577570.0,9,615.0,714809.0,36,1,0.337,Salaried,Bachelor,Vehicle,0,2025-03-10 00:53:17.865955328,Standard_Review,Rejected
APP101784,2025-03-06 11:35:45.115038352,53,518717.0,2,641.0,868965.0,48,0,0.317,Salaried,Master,Vehicle,0,2025-03-12 11:35:45.115038352,Rejected_Review,Closed
APP101785,2025-03-06 22:18:12.364121384,61,421571.0,9,684.0,669347.0,36,2,0.353,Salaried,Bachelor,Business,0,2025-03-11 22:18:12.364121384,Rejected_Review,Rejected
APP101786,2025-03-07 09:00:39.613204408,33,814907.0,7,499.0,441616.0,24,3,0.245,Contract,Bachelor,Home,0,2025-03-12 09:00:39.613204408,Standard_Review,Rejected
APP101787,2025-03-07 19:43:06.862287432,50,605135.0,12,597.0,1191478.0,60,1,0.288,Salaried,High School,Business,0,2025-03-12 19:43:06.862287432,Standard_Review,Rejected
APP101788,2025-03-08 06:25:34.111370464,53,538432.0,4,710.0,1790452.0,36,0,0.473,Salaried,Master,Personal,0,2025-03-14 06:25:34.111370464,Rejected_Review,Rejected
APP101789,2025-03-08 17:08:01.360453488,33,525933.0,11,679.0,1428468.0,48,2,0.504,Salaried,High School,Personal,0,2025-03-14 17:08:01.360453488,Rejected_Review,Rejected
APP101790,2025-03-09 03:50:28.609536520,46,1248326.0,2,759.0,236393.0,60,2,0.21,Self-Employed,Diploma,Education,0,2025-03-15 03:50:28.609536520,Rejected_Review,Rejected
APP101791,2025-03-09 14:32:55.858619544,42,997925.0,6,675.0,1247718.0,36,1,0.327,Self-Employed,Doctorate,Personal,1,2025-03-14 14:32:55.858619544,Approved_Review,Pending_Disbursement
APP101792,2025-03-10 01:15:23.107702576,59,1481262.0,6,669.0,934658.0,60,3,0.271,Self-Employed,Diploma,Business,0,2025-03-16 01:15:23.107702576,Rejected_Review,Rejected
APP101793,2025-03-10 11:57:50.356785600,22,824708.0,8,644.0,503931.0,48,2,0.197,Business,Bachelor,Vehicle,0,2025-03-14 11:57:50.356785600,Rejected_Review,Rejected
APP101794,2025-03-10 22:40:17.605868632,58,666874.0,10,668.0,262431.0,60,0,0.273,Business,Master,Personal,0,2025-03-15 22:40:17.605868632,Rejected_Review,Rejected
APP101795,2025-03-11 09:22:44.854951656,59,642612.0,5,611.0,661336.0,36,1,0.401,Contract,Bachelor,Business,0,2025-03-14 09:22:44.854951656,Rejected_Review,Closed
APP101796,2025-03-11 20:05:12.104034688,46,410689.0,3,680.0,839596.0,60,1,0.35,Salaried,Bachelor,Vehicle,0,2025-03-12 20:05:12.104034688,Rejected_Review,Rejected
APP101797,2025-03-12 06:47:39.353117712,35,368461.0,7,627.0,402483.0,12,3,0.193,Contract,Bachelor,Personal,0,2025-03-19 06:47:39.353117712,Rejected_Review,Rejected
APP101798,2025-03-12 17:30:06.602200744,54,816703.0,11,611.0,1296222.0,48,3,0.335,Business,High School,Medical,0,2025-03-16 17:30:06.602200744,Rejected_Review,Rejected
APP101799,2025-03-13 04:12:33.851283768,62,426822.0,16,648.0,1280608.0,36,2,0.572,Self-Employed,Doctorate,Personal,0,2025-03-17 04:12:33.851283768,Rejected_Review,Rejected
APP101800,2025-03-13 14:55:01.100366792,64,,11,719.0,884514.0,24,0,0.345,,Diploma,Medical,0,2025-03-19 14:55:01.100366792,Rejected_Review,Rejected
APP101801,2025-03-14 01:37:28.349449824,60,1073771.0,8,699.0,352367.0,12,0,0.199,Contract,Master,Home,0,2025-03-17 01:37:28.349449824,Rejected_Review,Rejected
APP101802,2025-03-14 12:19:55.598532848,31,481795.0,9,733.0,614029.0,36,2,0.141,Contract,Diploma,Vehicle,0,2025-03-18 12:19:55.598532848,Standard_Review,Rejected
APP101803,2025-03-14 23:02:22.847615880,23,1606301.0,5,630.0,1005185.0,36,1,0.177,Salaried,Diploma,Vehicle,0,2025-03-17 23:02:22.847615880,Rejected_Review,Rejected
APP101804,2025-03-15 09:44:50.096698904,26,416197.0,4,689.0,972579.0,24,2,0.508,Salaried,High School,Vehicle,0,2025-03-19 09:44:50.096698904,Rejected_Review,Rejected
APP101805,2025-03-15 20:27:17.345781936,29,1014915.0,13,801.0,493521.0,24,0,0.086,Contract,High School,Home,0,2025-03-18 20:27:17.345781936,Rejected_Review,Rejected
APP101806,2025-03-16 07:09:44.594864960,26,786909.0,19,,531065.0,36,4,0.232,Salaried,Bachelor,Personal,0,2025-03-19 07:09:44.594864960,Standard_Review,Rejected
APP101807,2025-03-16 17:52:11.843947992,29,1112445.0,12,607.0,487199.0,36,3,0.162,Salaried,Bachelor,Business,0,2025-03-21 17:52:11.843947992,Rejected_Review,Rejected
APP101808,2025-03-17 04:34:39.093031016,59,393344.0,11,624.0,607673.0,36,2,0.381,Salaried,Master,Business,0,2025-03-18 04:34:39.093031016,Rejected_Review,Rejected
APP101809,2025-03-17 15:17:06.342114048,51,1835609.0,4,800.0,548801.0,60,2,0.069,Self-Employed,High School,Vehicle,0,2025-03-24 15:17:06.342114048,Rejected_Review,Closed
APP101810,2025-03-18 01:59:33.591197072,52,599756.0,7,719.0,501005.0,48,1,0.229,Self-Employed,Bachelor,Vehicle,0,2025-03-21 01:59:33.591197072,Rejected_Review,Rejected
APP101811,2025-03-18 12:42:00.840280104,61,881358.0,3,678.0,653454.0,12,1,0.25,Salaried,Diploma,Personal,0,2025-03-23 12:42:00.840280104,Rejected_Review,Rejected
APP101812,2025-03-18 23:24:28.089363128,32,1245126.0,2,670.0,714138.0,36,2,0.194,Self-Employed,Bachelor,Business,0,2025-03-23 23:24:28.089363128,Rejected_Review,Rejected
APP101813,2025-03-19 10:06:55.338446152,28,495157.0,6,705.0,1205448.0,48,1,0.484,Business,Bachelor,Business,0,2025-03-22 10:06:55.338446152,Rejected_Review,Rejected
APP101814,2025-03-19 20:49:22.587529184,28,942513.0,9,706.0,287276.0,12,2,0.079,Salaried,Bachelor,Home,0,2025-03-24 20:49:22.587529184,Rejected_Review,Rejected
APP101815,2025-03-20 07:31:49.836612208,48,459349.0,8,655.0,1287828.0,36,1,0.408,Salaried,Bachelor,Vehicle,0,2025-03-22 07:31:49.836612208,Rejected_Review,Rejected
APP101816,2025-03-20 18:14:17.085695240,40,1218779.0,1,679.0,481749.0,36,1,0.175,Business,Master,Home,0,2025-03-23 18:14:17.085695240,Rejected_Review,Rejected
APP101817,2025-03-21 04:56:44.334778264,27,461689.0,2,653.0,1774606.0,60,1,0.635,Contract,Master,Home,0,2025-03-25 04:56:44.334778264,Rejected_Review,Rejected
APP101818,2025-03-21 15:39:11.583861296,31,661361.0,5,701.0,980124.0,36,0,0.364,Salaried,Bachelor,Personal,0,2025-03-26 15:39:11.583861296,Rejected_Review,Rejected
APP101819,2025-03-22 02:21:38.832944320,40,746001.0,20,642.0,920346.0,48,0,0.31,Business,High School,Education,0,2025-03-25 02:21:38.832944320,Rejected_Review,Rejected
APP101820,2025-03-22 13:04:06.082027352,36,925105.0,9,608.0,664525.0,36,0,0.172,Self-Employed,Bachelor,Medical,0,2025-03-26 13:04:06.082027352,Rejected_Review,Rejected
APP101821,2025-03-22 23:46:33.331110376,24,1576223.0,1,786.0,1963713.0,48,1,0.258,Salaried,Master,Business,0,2025-03-28 23:46:33.331110376,Standard_Review,Rejected
APP101822,2025-03-23 10:29:00.580193408,26,530376.0,9,685.0,689370.0,36,0,0.383,Business,High School,Business,0,2025-03-28 10:29:00.580193408,Rejected_Review,Rejected
APP101823,2025-03-23 21:11:27.829276432,42,1085074.0,11,800.0,1490593.0,36,2,0.456,Salaried,Master,Home,0,2025-04-01 21:11:27.829276432,Rejected_Review,Rejected
APP101824,2025-03-24 07:53:55.078359464,46,1577487.0,3,564.0,525218.0,36,0,0.233,Self-Employed,Bachelor,Home,0,2025-03-26 07:53:55.078359464,Rejected_Review,Rejected
APP101825,2025-03-24 18:36:22.327442488,23,700331.0,3,596.0,1001623.0,60,0,0.346,Salaried,Bachelor,Business,0,2025-03-25 18:36:22.327442488,Rejected_Review,Rejected
APP101826,2025-03-25 05:18:49.576525512,61,507457.0,19,720.0,1808351.0,12,0,0.497,Business,Master,Personal,0,2025-04-02 05:18:49.576525512,Standard_Review,Rejected
APP101827,2025-03-25 16:01:16.825608544,62,298407.0,3,686.0,458103.0,24,4,0.348,Salaried,Doctorate,Home,0,2025-03-30 16:01:16.825608544,Rejected_Review,Rejected
APP101828,2025-03-26 02:43:44.074691568,34,1516934.0,6,615.0,894899.0,48,2,0.103,Salaried,Diploma,Vehicle,0,2025-04-02 02:43:44.074691568,Rejected_Review,Rejected
APP101829,2025-03-26 13:26:11.323774600,31,582292.0,9,764.0,491712.0,36,1,0.343,Salaried,Master,Home,0,2025-03-28 13:26:11.323774600,Rejected_Review,Rejected
APP101830,2025-03-27 00:08:38.572857624,38,414205.0,12,633.0,867757.0,36,1,0.441,Salaried,Bachelor,Personal,0,2025-03-30 00:08:38.572857624,Rejected_Review,Rejected
APP101831,2025-03-27 10:51:05.821940656,32,352737.0,9,768.0,1804565.0,36,1,0.75,Business,Bachelor,Personal,0,2025-03-31 10:51:05.821940656,Standard_Review,Rejected
APP101832,2025-03-27 21:33:33.071023680,43,413859.0,5,685.0,438944.0,36,0,0.196,Salaried,Bachelor,Home,0,2025-03-31 21:33:33.071023680,Rejected_Review,Rejected
APP101833,2025-03-28 08:16:00.320106712,32,983227.0,6,620.0,756789.0,36,1,0.255,Self-Employed,Doctorate,Business,0,2025-04-01 08:16:00.320106712,Standard_Review,Rejected
APP101834,2025-03-28 18:58:27.569189736,33,1046298.0,13,647.0,461206.0,60,2,0.098,Business,Bachelor,Medical,0,2025-03-29 18:58:27.569189736,Rejected_Review,Rejected
APP101835,2025-03-29 05:40:54.818272768,45,871684.0,1,779.0,656183.0,12,1,0.218,Self-Employed,Master,Business,0,2025-04-02 05:40:54.818272768,Standard_Review,Rejected
APP101836,2025-03-29 16:23:22.067355792,65,689885.0,3,671.0,954983.0,60,2,0.345,Salaried,Bachelor,Education,0,2025-04-03 16:23:22.067355792,Rejected_Review,Rejected
APP101837,2025-03-30 03:05:49.316438816,39,371106.0,1,753.0,603048.0,36,1,0.295,Business,Bachelor,Home,0,2025-04-02 03:05:49.316438816,Standard_Review,Rejected
APP101838,2025-03-30 13:48:16.565521848,56,468014.0,9,781.0,1537691.0,36,1,0.541,Salaried,Bachelor,Medical,1,2025-04-05 13:48:16.565521848,Standard_Review,Disbursed
APP101839,2025-03-31 00:30:43.814604872,65,395043.0,9,685.0,891363.0,36,1,0.584,Salaried,Bachelor,Business,0,2025-04-06 00:30:43.814604872,Rejected_Review,Rejected
APP101840,2025-03-31 11:13:11.063687904,28,841126.0,7,675.0,361179.0,48,0,0.076,Salaried,Bachelor,Vehicle,0,2025-04-04 11:13:11.063687904,Rejected_Review,Rejected
APP101841,2025-03-31 21:55:38.312770928,49,402817.0,6,664.0,821373.0,12,2,0.341,Self-Employed,Bachelor,Education,0,2025-04-03 21:55:38.312770928,Rejected_Review,Rejected
APP101842,2025-04-01 08:38:05.561853960,52,471331.0,6,713.0,1453369.0,48,0,0.502,Self-Employed,Master,Medical,0,2025-04-06 08:38:05.561853960,Standard_Review,Rejected
APP101843,2025-04-01 19:20:32.810936984,64,598486.0,12,788.0,918083.0,48,0,0.297,Self-Employed,Master,Business,1,2025-04-06 19:20:32.810936984,Approved_Review,Disbursed
APP101844,2025-04-02 06:03:00.060020016,38,306606.0,3,610.0,797483.0,24,0,0.494,Salaried,Bachelor,Home,0,2025-04-06 06:03:00.060020016,Rejected_Review,Rejected
APP101845,2025-04-02 16:45:27.309103040,26,663826.0,5,704.0,603240.0,24,0,0.297,Self-Employed,High School,Home,0,2025-04-05 16:45:27.309103040,Rejected_Review,Rejected
APP101846,2025-04-03 03:27:54.558186072,38,619401.0,19,701.0,666851.0,24,1,0.282,Salaried,Bachelor,Medical,0,2025-04-09 03:27:54.558186072,Rejected_Review,Rejected
APP101847,2025-04-03 14:10:21.807269096,39,1107507.0,12,573.0,703805.0,48,1,0.236,Salaried,Bachelor,Personal,0,2025-04-08 14:10:21.807269096,Rejected_Review,Rejected
APP101848,2025-04-04 00:52:49.056352128,42,449454.0,3,632.0,206048.0,36,1,0.079,Contract,High School,Home,0,2025-04-07 00:52:49.056352128,Rejected_Review,Rejected
APP101849,2025-04-04 11:35:16.305435152,57,362250.0,5,646.0,882651.0,48,1,0.475,Salaried,Bachelor,Business,0,2025-04-08 11:35:16.305435152,Rejected_Review,Closed
APP101850,2025-04-04 22:17:43.554518176,52,549300.0,2,740.0,1152201.0,36,2,0.415,Salaried,Master,Vehicle,0,2025-04-06 22:17:43.554518176,Rejected_Review,Rejected
APP101851,2025-04-05 09:00:10.803601208,61,396562.0,5,751.0,481601.0,48,1,0.247,Business,Bachelor,Personal,0,2025-04-06 09:00:10.803601208,Rejected_Review,Rejected
APP101852,2025-04-05 19:42:38.052684232,23,661554.0,4,568.0,786287.0,36,1,0.406,Salaried,Master,Education,0,2025-04-06 19:42:38.052684232,Rejected_Review,Rejected
APP101853,2025-04-06 06:25:05.301767264,48,281463.0,8,732.0,835380.0,36,2,0.501,Self-Employed,Master,Vehicle,1,2025-04-11 06:25:05.301767264,Approved_Review,Pending_Disbursement
APP101854,2025-04-06 17:07:32.550850288,30,495005.0,11,723.0,1049668.0,60,4,0.42,Business,Diploma,Home,0,2025-04-09 17:07:32.550850288,Rejected_Review,Rejected
APP101855,2025-04-07 03:49:59.799933320,55,428035.0,3,728.0,704334.0,48,2,0.345,Salaried,Master,Education,0,2025-04-12 03:49:59.799933320,Rejected_Review,Rejected
APP101856,2025-04-07 14:32:27.049016344,49,839212.0,6,700.0,916809.0,36,1,0.166,Business,Bachelor,Home,0,2025-04-13 14:32:27.049016344,Rejected_Review,Rejected
APP101857,2025-04-08 01:14:54.298099376,35,451339.0,13,752.0,391616.0,48,3,0.183,Business,Master,Home,0,2025-04-13 01:14:54.298099376,Rejected_Review,Rejected
APP101858,2025-04-08 11:57:21.547182400,53,297594.0,14,766.0,421556.0,48,2,0.301,Salaried,Diploma,Home,0,2025-04-11 11:57:21.547182400,Rejected_Review,Rejected
APP101859,2025-04-08 22:39:48.796265432,27,593569.0,11,584.0,868401.0,36,1,0.394,Salaried,High School,Personal,0,2025-04-13 22:39:48.796265432,Standard_Review,Rejected
APP101860,2025-04-09 09:22:16.045348456,32,750636.0,9,687.0,624083.0,36,1,0.218,Contract,Diploma,Personal,0,2025-04-12 09:22:16.045348456,Rejected_Review,Rejected
APP101861,2025-04-09 20:04:43.294431488,50,575322.0,11,673.0,317578.0,36,1,0.231,Self-Employed,High School,Home,0,2025-04-12 20:04:43.294431488,Rejected_Review,Rejected
APP101862,2025-04-10 06:47:10.543514512,41,493675.0,2,653.0,832829.0,60,1,0.384,Salaried,Bachelor,Business,0,2025-04-16 06:47:10.543514512,Rejected_Review,Rejected
APP101863,2025-04-10 17:29:37.792597536,51,480472.0,7,660.0,370074.0,48,3,0.186,Business,Diploma,Personal,0,2025-04-15 17:29:37.792597536,Standard_Review,Rejected
APP101864,2025-04-11 04:12:05.041680568,44,683891.0,3,702.0,2703725.0,24,3,0.559,Salaried,Bachelor,Home,0,2025-04-14 04:12:05.041680568,Rejected_Review,Rejected
APP101865,2025-04-11 14:54:32.290763592,40,435598.0,4,606.0,235808.0,36,0,0.167,Self-Employed,Bachelor,Home,0,2025-04-13 14:54:32.290763592,Rejected_Review,Rejected
APP101866,2025-04-12 01:36:59.539846624,57,560683.0,5,734.0,718682.0,12,2,0.252,Business,High School,Business,0,2025-04-19 01:36:59.539846624,Rejected_Review,Rejected
APP101867,2025-04-12 12:19:26.788929648,24,911119.0,22,666.0,400617.0,36,1,0.127,Salaried,Bachelor,Vehicle,1,2025-04-16 12:19:26.788929648,Approved_Review,Disbursed
APP101868,2025-04-12 23:01:54.038012680,48,361903.0,1,747.0,1106564.0,36,2,0.577,Business,Diploma,Personal,0,2025-04-14 23:01:54.038012680,Rejected_Review,Rejected
APP101869,2025-04-13 09:44:21.287095704,64,637352.0,2,650.0,572286.0,36,1,0.299,Salaried,High School,Business,0,2025-04-16 09:44:21.287095704,Standard_Review,Rejected
APP101870,2025-04-13 20:26:48.536178736,40,290594.0,4,646.0,1161534.0,60,0,0.554,Self-Employed,Master,Home,0,2025-04-14 20:26:48.536178736,Rejected_Review,Rejected
APP101871,2025-04-14 07:09:15.785261760,44,720208.0,20,629.0,1027361.0,60,0,0.333,Salaried,High School,Personal,0,2025-04-15 07:09:15.785261760,Rejected_Review,Rejected
APP101872,2025-04-14 17:51:43.034344784,52,418429.0,3,650.0,410430.0,24,0,0.245,Salaried,Bachelor,Education,0,2025-04-20 17:51:43.034344784,Rejected_Review,Rejected
APP101873,2025-04-15 04:34:10.283427824,61,1028430.0,1,638.0,486586.0,36,0,0.198,Salaried,High School,Education,0,2025-04-17 04:34:10.283427824,Standard_Review,Rejected
APP101874,2025-04-15 15:16:37.532510848,56,334403.0,7,718.0,589232.0,60,1,0.364,Salaried,Master,Personal,0,2025-04-17 15:16:37.532510848,Rejected_Review,Rejected
APP101875,2025-04-16 01:59:04.781593872,54,793067.0,1,758.0,676759.0,36,1,0.149,Self-Employed,Master,Personal,0,2025-04-19 01:59:04.781593872,Rejected_Review,Rejected
APP101876,2025-04-16 12:41:32.030676896,56,1126061.0,3,715.0,634510.0,48,0,0.078,Self-Employed,High School,Vehicle,1,2025-04-19 12:41:32.030676896,Approved_Review,Disbursed
APP101877,2025-04-16 23:23:59.279759920,22,408774.0,7,685.0,1007408.0,60,3,0.447,Business,Bachelor,Home,0,2025-04-19 23:23:59.279759920,Rejected_Review,Rejected
APP101878,2025-04-17 10:06:26.528842960,35,441035.0,9,722.0,786865.0,48,2,0.337,Salaried,Diploma,Personal,0,2025-04-19 10:06:26.528842960,Rejected_Review,Rejected
APP101879,2025-04-17 20:48:53.777925984,54,424998.0,6,688.0,515303.0,36,1,0.28,Business,Diploma,Personal,0,2025-04-21 20:48:53.777925984,Standard_Review,Rejected
APP101880,2025-04-18 07:31:21.027009008,56,522348.0,3,692.0,443569.0,60,1,0.206,Salaried,Bachelor,Medical,0,2025-04-22 07:31:21.027009008,Rejected_Review,Rejected
APP101881,2025-04-18 18:13:48.276092032,26,820417.0,10,670.0,465510.0,60,1,0.217,Salaried,Master,Education,0,2025-04-25 18:13:48.276092032,Standard_Review,Rejected
APP101882,2025-04-19 04:56:15.525175072,59,503506.0,4,744.0,825572.0,48,4,0.229,Salaried,High School,Home,0,2025-04-22 04:56:15.525175072,Rejected_Review,Rejected
APP101883,2025-04-19 15:38:42.774258096,62,392502.0,3,523.0,635584.0,36,2,0.346,Contract,Bachelor,Medical,0,2025-04-23 15:38:42.774258096,Rejected_Review,Rejected
APP101884,2025-04-20 02:21:10.023341120,32,262049.0,8,551.0,1980763.0,48,1,0.75,Salaried,Master,Vehicle,0,2025-04-22 02:21:10.023341120,Rejected_Review,Rejected
APP101885,2025-04-20 13:03:37.272424144,23,1336552.0,7,757.0,699915.0,36,2,0.161,Salaried,Bachelor,Home,0,2025-04-25 13:03:37.272424144,Rejected_Review,Rejected
APP101886,2025-04-20 23:46:04.521507184,65,1384640.0,13,677.0,769273.0,36,1,0.183,Salaried,Master,Vehicle,0,2025-04-27 23:46:04.521507184,Rejected_Review,Rejected
APP101887,2025-04-21 10:28:31.770590208,38,836377.0,5,750.0,284451.0,36,1,0.062,Self-Employed,Master,Home,0,2025-04-25 10:28:31.770590208,Rejected_Review,Closed
APP101888,2025-04-21 21:10:59.019673232,60,451376.0,6,650.0,358544.0,60,1,0.334,Business,Bachelor,Vehicle,0,2025-04-24 21:10:59.019673232,Rejected_Review,Rejected
APP101889,2025-04-22 07:53:26.268756256,41,909994.0,18,799.0,399566.0,60,3,0.196,Self-Employed,Bachelor,Education,0,2025-04-26 07:53:26.268756256,Rejected_Review,Rejected
APP101890,2025-04-22 18:35:53.517839280,35,996143.0,7,681.0,536231.0,48,2,0.162,Salaried,Master,Medical,0,2025-04-27 18:35:53.517839280,Rejected_Review,Rejected
APP101891,2025-04-23 05:18:20.766922320,53,579729.0,4,719.0,333606.0,36,0,0.351,Contract,Master,Business,0,2025-05-03 05:18:20.766922320,Standard_Review,Rejected
APP101892,2025-04-23 16:00:48.016005344,55,662214.0,6,661.0,392924.0,36,0,0.237,Contract,Master,Vehicle,0,2025-04-27 16:00:48.016005344,Rejected_Review,Rejected
APP101893,2025-04-24 02:43:15.265088368,46,1131464.0,7,632.0,976084.0,60,1,0.278,Salaried,Diploma,Vehicle,0,2025-04-27 02:43:15.265088368,Rejected_Review,Rejected
APP101894,2025-04-24 13:25:42.514171392,28,310680.0,5,577.0,455388.0,36,3,0.309,Self-Employed,Master,Business,0,2025-04-26 13:25:42.514171392,Rejected_Review,Rejected
APP101895,2025-04-25 00:08:09.763254432,56,1018680.0,7,741.0,685792.0,60,0,0.192,Salaried,Doctorate,Personal,1,2025-04-28 00:08:09.763254432,Approved_Review,Disbursed
APP101896,2025-04-25 10:50:37.012337456,50,565581.0,1,716.0,941195.0,36,1,0.363,Self-Employed,Bachelor,Home,0,2025-04-28 10:50:37.012337456,Standard_Review,Rejected
APP101897,2025-04-25 21:33:04.261420480,43,393985.0,12,696.0,1123709.0,48,1,0.292,Self-Employed,Master,Business,0,2025-04-30 21:33:04.261420480,Rejected_Review,Rejected
APP101898,2025-04-26 08:15:31.510503504,62,408844.0,3,616.0,810250.0,60,4,0.255,Salaried,Bachelor,Education,0,2025-04-29 08:15:31.510503504,Rejected_Review,Rejected
APP101899,2025-04-26 18:57:58.759586544,64,440472.0,7,782.0,835016.0,36,0,0.271,Contract,High School,Business,0,2025-04-28 18:57:58.759586544,Rejected_Review,Rejected
APP101900,2025-04-27 05:40:26.008669568,34,377074.0,4,697.0,1141067.0,12,0,0.344,Salaried,Bachelor,Vehicle,0,2025-04-29 05:40:26.008669568,Rejected_Review,Rejected
APP101901,2025-04-27 16:22:53.257752592,34,1442449.0,11,736.0,861102.0,36,0,0.253,Self-Employed,Diploma,Home,0,2025-04-30 16:22:53.257752592,Rejected_Review,Rejected
APP101902,2025-04-28 03:05:20.506835616,22,810794.0,3,690.0,1174729.0,60,2,0.269,Business,Bachelor,Business,0,2025-05-04 03:05:20.506835616,Rejected_Review,Rejected
APP101903,2025-04-28 13:47:47.755918640,57,1049417.0,18,619.0,239699.0,48,5,0.257,Salaried,Bachelor,Personal,1,2025-05-02 13:47:47.755918640,Approved_Review,Disbursed
APP101904,2025-04-29 00:30:15.005001680,25,837179.0,5,755.0,671316.0,48,2,0.226,Salaried,High School,Education,0,2025-05-04 00:30:15.005001680,Standard_Review,Closed
APP101905,2025-04-29 11:12:42.254084704,58,668158.0,2,719.0,719764.0,36,0,0.212,Salaried,High School,Home,0,2025-05-03 11:12:42.254084704,Rejected_Review,Rejected
APP101906,2025-04-29 21:55:09.503167728,65,672238.0,4,678.0,659933.0,48,1,0.251,Business,Diploma,Education,0,2025-05-04 21:55:09.503167728,Rejected_Review,Rejected
APP101907,2025-04-30 08:37:36.752250752,61,543534.0,7,718.0,744476.0,48,2,0.381,Business,Master,Business,0,2025-05-03 08:37:36.752250752,Rejected_Review,Rejected
APP101908,2025-04-30 19:20:04.001333792,34,563896.0,4,743.0,570729.0,24,0,0.242,Salaried,High School,Vehicle,0,2025-05-02 19:20:04.001333792,Rejected_Review,Rejected
APP101909,2025-05-01 06:02:31.250416816,59,344925.0,11,733.0,1038538.0,60,1,0.587,Salaried,Diploma,Personal,0,2025-05-03 06:02:31.250416816,Standard_Review,Rejected
APP101910,2025-05-01 16:44:58.499499840,45,1057639.0,4,579.0,535551.0,36,0,0.276,Salaried,Master,Education,0,2025-05-03 16:44:58.499499840,Rejected_Review,Rejected
APP101911,2025-05-02 03:27:25.748582864,40,287441.0,11,593.0,627792.0,36,1,0.36,Self-Employed,Bachelor,Vehicle,0,2025-05-09 03:27:25.748582864,Rejected_Review,Rejected
APP101912,2025-05-02 14:09:52.997665888,22,403670.0,2,738.0,1441009.0,36,1,0.532,Self-Employed,Bachelor,Business,0,2025-05-08 14:09:52.997665888,Rejected_Review,Closed
APP101913,2025-05-03 00:52:20.246748928,59,1607423.0,14,645.0,1343858.0,24,4,0.201,Salaried,Bachelor,Vehicle,0,2025-05-06 00:52:20.246748928,Rejected_Review,Closed
APP101914,2025-05-03 11:34:47.495831952,26,691076.0,4,622.0,757405.0,48,0,0.185,Salaried,Diploma,Business,0,2025-05-07 11:34:47.495831952,Rejected_Review,Rejected
APP101915,2025-05-03 22:17:14.744914976,37,704115.0,14,714.0,509096.0,36,1,0.121,Salaried,Diploma,Education,0,2025-05-08 22:17:14.744914976,Standard_Review,Rejected
APP101916,2025-05-04 08:59:41.993998000,45,865905.0,6,620.0,309186.0,60,1,0.146,Salaried,Bachelor,Home,0,2025-05-07 08:59:41.993998000,Rejected_Review,Rejected
APP101917,2025-05-04 19:42:09.243081040,48,324998.0,30,659.0,655504.0,36,1,0.21,Salaried,Bachelor,Personal,0,2025-05-08 19:42:09.243081040,Rejected_Review,Rejected
APP101918,2025-05-05 06:24:36.492164064,22,347153.0,4,745.0,902501.0,36,0,0.37,Salaried,Bachelor,Home,0,2025-05-07 06:24:36.492164064,Rejected_Review,Rejected
APP101919,2025-05-05 17:07:03.741247088,55,532067.0,6,592.0,488090.0,48,4,0.281,Self-Employed,Master,Vehicle,0,2025-05-07 17:07:03.741247088,Rejected_Review,Closed
APP101920,2025-05-06 03:49:30.990330112,57,432880.0,16,601.0,702078.0,48,1,0.234,Salaried,Bachelor,Home,0,2025-05-11 03:49:30.990330112,Rejected_Review,Rejected
APP101921,2025-05-06 14:31:58.239413152,25,628441.0,13,585.0,588079.0,36,0,0.339,Salaried,High School,Personal,0,2025-05-10 14:31:58.239413152,Rejected_Review,Rejected
APP101922,2025-05-07 01:14:25.488496176,21,808734.0,10,634.0,295889.0,60,0,0.222,Self-Employed,Master,Vehicle,0,2025-05-11 01:14:25.488496176,Standard_Review,Rejected
APP101923,2025-05-07 11:56:52.737579200,60,,4,695.0,742233.0,48,1,0.34,Business,Bachelor,Home,0,2025-05-13 11:56:52.737579200,Rejected_Review,Rejected
APP101924,2025-05-07 22:39:19.986662224,32,936325.0,7,650.0,870115.0,12,1,0.393,Self-Employed,Master,Home,0,2025-05-10 22:39:19.986662224,Standard_Review,Rejected
APP101925,2025-05-08 09:21:47.235745248,56,415527.0,4,788.0,758081.0,36,0,0.407,Salaried,Master,Home,0,2025-05-13 09:21:47.235745248,Rejected_Review,Rejected
APP101926,2025-05-08 20:04:14.484828288,65,549077.0,1,720.0,1567644.0,36,1,0.438,Contract,Diploma,Personal,0,2025-05-10 20:04:14.484828288,Rejected_Review,Rejected
APP101927,2025-05-09 06:46:41.733911312,43,485824.0,5,689.0,595944.0,60,2,0.167,Salaried,Doctorate,Personal,0,2025-05-12 06:46:41.733911312,Rejected_Review,Rejected
APP101928,2025-05-09 17:29:08.982994336,51,411381.0,8,772.0,572734.0,36,2,0.2,Salaried,Master,Medical,1,2025-05-12 17:29:08.982994336,Standard_Review,Pending_Disbursement
APP101929,2025-05-10 04:11:36.232077360,31,371331.0,5,603.0,2067945.0,36,2,0.75,Contract,Doctorate,Education,0,2025-05-12 04:11:36.232077360,Rejected_Review,Rejected
APP101930,2025-05-10 14:54:03.481160400,30,1374593.0,6,746.0,374919.0,12,0,0.064,Self-Employed,Bachelor,Home,0,2025-05-18 14:54:03.481160400,Rejected_Review,Rejected
APP101931,2025-05-11 01:36:30.730243424,23,653120.0,8,675.0,513459.0,36,1,0.215,Self-Employed,Master,Education,0,2025-05-12 01:36:30.730243424,Rejected_Review,Rejected
APP101932,2025-05-11 12:18:57.979326448,34,587613.0,11,660.0,838464.0,48,1,0.392,Salaried,Master,Home,0,2025-05-14 12:18:57.979326448,Rejected_Review,Rejected
APP101933,2025-05-11 23:01:25.228409472,36,808264.0,5,,1228705.0,48,1,0.257,Salaried,Master,Personal,0,2025-05-12 23:01:25.228409472,Rejected_Review,Rejected
APP101934,2025-05-12 09:43:52.477492512,30,826465.0,4,663.0,1117108.0,24,1,0.391,Salaried,Bachelor,Medical,0,2025-05-15 09:43:52.477492512,Rejected_Review,Rejected
APP101935,2025-05-12 20:26:19.726575536,49,1075396.0,15,702.0,416189.0,24,4,0.178,Salaried,Master,Education,1,2025-05-16 20:26:19.726575536,Approved_Review,Disbursed
APP101936,2025-05-13 07:08:46.975658560,30,465134.0,6,684.0,1579562.0,36,1,0.559,Salaried,Bachelor,Education,0,2025-05-19 07:08:46.975658560,Rejected_Review,Rejected
APP101937,2025-05-13 17:51:14.224741584,32,779145.0,5,710.0,882810.0,48,2,0.252,Salaried,Master,Vehicle,0,2025-05-16 17:51:14.224741584,Rejected_Review,Rejected
APP101938,2025-05-14 04:33:41.473824608,50,431360.0,11,657.0,464701.0,60,0,0.201,Salaried,Master,Personal,0,2025-05-16 04:33:41.473824608,Rejected_Review,Rejected
APP101939,2025-05-14 15:16:08.722907648,61,596692.0,2,750.0,484676.0,12,1,0.282,Self-Employed,Bachelor,Business,0,2025-05-17 15:16:08.722907648,Standard_Review,Rejected
APP101940,2025-05-15 01:58:35.971990672,21,666811.0,11,557.0,725495.0,36,0,0.307,Contract,High School,Medical,0,2025-05-20 01:58:35.971990672,Standard_Review,Rejected
APP101941,2025-05-15 12:41:03.221073696,25,696794.0,17,732.0,2053380.0,36,1,0.541,Self-Employed,High School,Business,0,2025-05-21 12:41:03.221073696,Standard_Review,Rejected
APP101942,2025-05-15 23:23:30.470156720,40,683083.0,3,567.0,778450.0,60,0,0.344,Business,Doctorate,Personal,0,2025-05-18 23:23:30.470156720,Rejected_Review,Rejected
APP101943,2025-05-16 10:05:57.719239760,28,932432.0,4,641.0,2043994.0,36,2,0.369,Salaried,Master,Home,0,2025-05-18 10:05:57.719239760,Rejected_Review,Rejected
APP101944,2025-05-16 20:48:24.968322784,63,496870.0,7,724.0,1085856.0,36,1,0.438,Salaried,Bachelor,Medical,0,2025-05-19 20:48:24.968322784,Rejected_Review,Rejected
APP101945,2025-05-17 07:30:52.217405808,32,705372.0,10,559.0,372386.0,36,1,0.263,Salaried,Doctorate,Business,0,2025-05-22 07:30:52.217405808,Rejected_Review,Rejected
APP101946,2025-05-17 18:13:19.466488832,21,461954.0,7,701.0,1414930.0,36,0,0.533,Salaried,Diploma,Business,0,2025-05-23 18:13:19.466488832,Rejected_Review,Rejected
APP101947,2025-05-18 04:55:46.715571872,40,2419487.0,8,601.0,436594.0,48,3,0.13,Self-Employed,High School,Vehicle,0,2025-05-20 04:55:46.715571872,Rejected_Review,Closed
APP101948,2025-05-18 15:38:13.964654896,48,431032.0,2,627.0,514669.0,12,1,0.305,Contract,Bachelor,Home,0,2025-05-21 15:38:13.964654896,Rejected_Review,Rejected
APP101949,2025-05-19 02:20:41.213737920,63,474223.0,9,624.0,803484.0,36,3,0.2,Business,Bachelor,Home,0,2025-05-20 02:20:41.213737920,Rejected_Review,Rejected
APP101950,2025-05-19 13:03:08.462820944,57,966967.0,21,603.0,690118.0,48,2,0.249,Salaried,Bachelor,Home,0,2025-05-20 13:03:08.462820944,Rejected_Review,Rejected
APP101951,2025-05-19 23:45:35.711903968,57,535774.0,4,578.0,1094210.0,36,3,0.304,Business,Master,Medical,0,2025-05-21 23:45:35.711903968,Rejected_Review,Rejected
APP101952,2025-05-20 10:28:02.960987008,32,967140.0,10,825.0,899592.0,48,0,0.25,Salaried,Diploma,Personal,1,2025-05-22 10:28:02.960987008,Approved_Review,Disbursed
APP101953,2025-05-20 21:10:30.210070032,57,696336.0,10,678.0,659918.0,36,3,0.221,,Master,Personal,0,2025-05-23 21:10:30.210070032,Rejected_Review,Rejected
APP101954,2025-05-21 07:52:57.459153056,64,542147.0,9,610.0,1636874.0,48,0,0.503,Salaried,Bachelor,Personal,0,2025-05-26 07:52:57.459153056,Rejected_Review,Rejected
APP101955,2025-05-21 18:35:24.708236080,48,463234.0,14,653.0,552145.0,12,4,0.171,Self-Employed,Doctorate,Vehicle,0,2025-05-25 18:35:24.708236080,Standard_Review,Rejected
APP101956,2025-05-22 05:17:51.957319120,35,455773.0,11,692.0,424566.0,60,1,0.298,Business,Master,Home,0,2025-05-27 05:17:51.957319120,Rejected_Review,Rejected
APP101957,2025-05-22 16:00:19.206402144,26,544805.0,8,665.0,882475.0,24,0,0.395,Salaried,Bachelor,Home,0,2025-05-28 16:00:19.206402144,Standard_Review,Rejected
APP101958,2025-05-23 02:42:46.455485168,64,600939.0,5,608.0,693665.0,24,0,0.207,Salaried,Diploma,Personal,0,2025-05-27 02:42:46.455485168,Rejected_Review,Rejected
APP101959,2025-05-23 13:25:13.704568192,40,447030.0,3,632.0,791372.0,60,1,0.254,Salaried,Doctorate,Home,0,2025-05-27 13:25:13.704568192,Rejected_Review,Rejected
APP101960,2025-05-24 00:07:40.953651232,34,618822.0,5,767.0,1012483.0,60,3,0.269,Salaried,High School,Personal,0,2025-05-29 00:07:40.953651232,Standard_Review,Rejected
APP101961,2025-05-24 10:50:08.202734256,22,397272.0,9,599.0,638125.0,24,5,0.382,Contract,Diploma,Business,0,2025-05-25 10:50:08.202734256,Rejected_Review,Rejected
APP101962,2025-05-24 21:32:35.451817280,29,913358.0,7,560.0,1772923.0,60,2,0.365,Contract,High School,Vehicle,0,2025-05-27 21:32:35.451817280,Rejected_Review,Rejected
APP101963,2025-05-25 08:15:02.700900304,57,995540.0,2,665.0,799170.0,36,1,0.219,Contract,Doctorate,Medical,0,2025-05-30 08:15:02.700900304,Standard_Review,Closed
APP101964,2025-05-25 18:57:29.949983328,40,473440.0,10,564.0,558851.0,48,2,0.268,Salaried,Master,Home,0,2025-05-29 18:57:29.949983328,Rejected_Review,Rejected
APP101965,2025-05-26 05:39:57.199066368,46,461690.0,3,631.0,939991.0,12,3,0.334,Salaried,Doctorate,Personal,0,2025-05-30 05:39:57.199066368,Rejected_Review,Rejected
APP101966,2025-05-26 16:22:24.448149392,49,704181.0,3,609.0,670712.0,36,4,0.274,Contract,Master,Business,0,2025-05-30 16:22:24.448149392,Rejected_Review,Rejected
APP101967,2025-05-27 03:04:51.697232416,21,1148701.0,5,609.0,740799.0,36,2,0.32,Contract,High School,Medical,0,2025-06-01 03:04:51.697232416,Standard_Review,Rejected
APP101968,2025-05-27 13:47:18.946315440,55,1268983.0,2,695.0,402628.0,48,1,0.112,Salaried,Master,Medical,0,2025-06-02 13:47:18.946315440,Standard_Review,Rejected
APP101969,2025-05-28 00:29:46.195398480,26,345758.0,7,707.0,426104.0,36,0,0.328,Business,Bachelor,Home,0,2025-05-29 00:29:46.195398480,Rejected_Review,Rejected
APP101970,2025-05-28 11:12:13.444481504,57,1022299.0,5,638.0,1190199.0,36,1,0.273,Salaried,Bachelor,Education,0,2025-05-31 11:12:13.444481504,Rejected_Review,Rejected
APP101971,2025-05-28 21:54:40.693564528,25,632243.0,6,684.0,377625.0,60,3,0.204,Contract,Diploma,Personal,0,2025-05-29 21:54:40.693564528,Rejected_Review,Rejected
APP101972,2025-05-29 08:37:07.942647552,53,637776.0,4,634.0,658452.0,24,4,0.357,Salaried,Diploma,Education,0,2025-05-30 08:37:07.942647552,Rejected_Review,Rejected
APP101973,2025-05-29 19:19:35.191730592,34,815738.0,3,716.0,823864.0,24,1,0.327,Business,Master,Vehicle,0,2025-06-03 19:19:35.191730592,Standard_Review,Closed
APP101974,2025-05-30 06:02:02.440813616,32,523502.0,10,594.0,1418838.0,48,2,0.463,Salaried,Diploma,Business,0,2025-06-05 06:02:02.440813616,Standard_Review,Rejected
APP101975,2025-05-30 16:44:29.689896640,62,1064742.0,6,701.0,550288.0,12,0,0.264,Self-Employed,Diploma,Business,0,2025-06-02 16:44:29.689896640,Rejected_Review,Rejected
APP101976,2025-05-31 03:26:56.938979664,40,1233678.0,1,706.0,1023036.0,36,0,0.116,Salaried,Master,Business,0,2025-06-03 03:26:56.938979664,Rejected_Review,Rejected
APP101977,2025-05-31 14:09:24.188062688,44,1254573.0,3,842.0,659062.0,36,1,0.05,Salaried,Diploma,Personal,1,2025-06-04 14:09:24.188062688,Standard_Review,Disbursed
APP101978,2025-06-01 00:51:51.437145728,63,283500.0,11,576.0,235337.0,36,2,0.187,Salaried,High School,Personal,0,2025-06-11 00:51:51.437145728,Rejected_Review,Rejected
APP101979,2025-06-01 11:34:18.686228752,54,586180.0,3,850.0,716314.0,60,1,0.213,Self-Employed,Master,Personal,0,2025-06-03 11:34:18.686228752,Standard_Review,Rejected
APP101980,2025-06-01 22:16:45.935311776,45,,8,739.0,676970.0,36,2,0.418,Salaried,Bachelor,Medical,0,2025-06-02 22:16:45.935311776,Rejected_Review,Rejected
APP101981,2025-06-02 08:59:13.184394800,49,460631.0,3,809.0,865789.0,36,0,0.442,Self-Employed,Master,Vehicle,0,2025-06-07 08:59:13.184394800,Standard_Review,Rejected
APP101982,2025-06-02 19:41:40.433477840,59,220986.0,7,749.0,507631.0,36,0,0.398,Salaried,Bachelor,Home,0,2025-06-07 19:41:40.433477840,Rejected_Review,Rejected
APP101983,2025-06-03 06:24:07.682560864,51,795995.0,16,629.0,535429.0,24,3,0.283,Salaried,High School,Vehicle,1,2025-06-08 06:24:07.682560864,Approved_Review,Disbursed
APP101984,2025-06-03 17:06:34.931643888,63,717420.0,10,733.0,1276165.0,36,2,0.415,Self-Employed,Bachelor,Personal,0,2025-06-07 17:06:34.931643888,Rejected_Review,Closed
APP101985,2025-06-04 03:49:02.180726912,43,535019.0,5,647.0,591704.0,48,1,0.147,Salaried,Diploma,Home,0,2025-06-07 03:49:02.180726912,Rejected_Review,Rejected
APP101986,2025-06-04 14:31:29.429809952,64,455300.0,17,684.0,268907.0,48,2,0.258,Contract,Diploma,Business,0,2025-06-05 14:31:29.429809952,Standard_Review,Rejected
APP101987,2025-06-05 01:13:56.678892976,58,748661.0,4,614.0,894534.0,60,0,0.363,Business,High School,Vehicle,0,2025-06-13 01:13:56.678892976,Rejected_Review,Rejected
APP101988,2025-06-05 11:56:23.927976000,40,412333.0,7,646.0,1077461.0,24,4,0.538,Self-Employed,High School,Personal,0,2025-06-13 11:56:23.927976000,Standard_Review,Rejected
APP101989,2025-06-05 22:38:51.177059024,43,399900.0,8,748.0,1072730.0,12,3,0.453,Salaried,Bachelor,Personal,0,2025-06-08 22:38:51.177059024,Rejected_Review,Rejected
APP101990,2025-06-06 09:21:18.426142048,65,378375.0,11,718.0,514612.0,60,2,0.308,Salaried,High School,Personal,0,2025-06-13 09:21:18.426142048,Rejected_Review,Closed
APP101991,2025-06-06 20:03:45.675225088,36,593029.0,5,757.0,700080.0,12,3,0.291,Contract,Diploma,Home,0,2025-06-11 20:03:45.675225088,Rejected_Review,Rejected
APP101992,2025-06-07 06:46:12.924308112,62,500163.0,9,599.0,912985.0,60,1,0.353,Salaried,Master,Home,0,2025-06-08 06:46:12.924308112,Rejected_Review,Rejected
APP101993,2025-06-07 17:28:40.173391136,28,546790.0,2,568.0,1133467.0,60,3,0.316,Business,High School,Home,0,2025-06-08 17:28:40.173391136,Rejected_Review,Rejected
APP101994,2025-06-08 04:11:07.422474160,41,822038.0,3,762.0,899753.0,60,2,0.215,Salaried,Diploma,Education,0,2025-06-14 04:11:07.422474160,Rejected_Review,Rejected
APP101995,2025-06-08 14:53:34.671557200,21,1002704.0,7,757.0,1031627.0,36,0,0.307,Salaried,Master,Education,0,2025-06-15 14:53:34.671557200,Standard_Review,Rejected
APP101996,2025-06-09 01:36:01.920640224,28,1248488.0,7,704.0,485416.0,24,0,0.177,Self-Employed,Master,Vehicle,1,2025-06-14 01:36:01.920640224,Approved_Review,Disbursed
APP101997,2025-06-09 12:18:29.169723248,49,667830.0,13,717.0,222746.0,48,2,0.188,Contract,High School,Home,0,2025-06-14 12:18:29.169723248,Standard_Review,Rejected
APP101998,2025-06-09 23:00:56.418806272,52,760052.0,8,746.0,1185510.0,48,0,0.404,Salaried,Diploma,Personal,0,2025-06-11 23:00:56.418806272,Standard_Review,Rejected
APP101999,2025-06-10 09:43:23.667889312,58,707653.0,4,702.0,436187.0,24,1,0.22,Salaried,Bachelor,Personal,1,2025-06-12 09:43:23.667889312,Standard_Review,Disbursed
APP102000,2025-06-10 20:25:50.916972336,25,306001.0,13,725.0,642502.0,48,2,0.313,Business,Bachelor,Vehicle,0,2025-06-16 20:25:50.916972336,Rejected_Review,Rejected
APP102001,2025-06-11 07:08:18.166055360,42,550380.0,14,743.0,1048380.0,24,1,0.524,Salaried,Diploma,Medical,0,2025-06-15 07:08:18.166055360,Rejected_Review,Rejected
APP102002,2025-06-11 17:50:45.415138384,54,551520.0,8,684.0,709403.0,36,0,0.274,Salaried,Diploma,Home,0,2025-06-15 17:50:45.415138384,Rejected_Review,Rejected
APP102003,2025-06-12 04:33:12.664221408,21,516516.0,4,668.0,994674.0,60,3,0.347,Salaried,Diploma,Home,0,2025-06-19 04:33:12.664221408,Rejected_Review,Rejected
APP102004,2025-06-12 15:15:39.913304448,46,638135.0,3,715.0,2388711.0,24,3,0.61,Salaried,High School,Education,0,2025-06-19 15:15:39.913304448,Rejected_Review,Closed
APP102005,2025-06-13 01:58:07.162387472,63,,6,837.0,922270.0,36,1,0.319,Business,Diploma,Medical,0,2025-06-18 01:58:07.162387472,Rejected_Review,Rejected
APP102006,2025-06-13 12:40:34.411470496,30,417016.0,24,635.0,486269.0,12,2,0.277,Contract,Bachelor,Vehicle,0,2025-06-15 12:40:34.411470496,Rejected_Review,Closed
APP102007,2025-06-13 23:23:01.660553520,50,607293.0,1,662.0,339500.0,24,3,0.168,Salaried,Diploma,Personal,0,2025-06-17 23:23:01.660553520,Rejected_Review,Closed
APP102008,2025-06-14 10:05:28.909636560,38,487553.0,24,576.0,981832.0,24,2,0.451,Salaried,Bachelor,Education,0,2025-06-17 10:05:28.909636560,Rejected_Review,Closed
APP102009,2025-06-14 20:47:56.158719584,37,199999.0,6,718.0,729117.0,24,1,0.657,Salaried,Bachelor,Personal,0,2025-06-18 20:47:56.158719584,Rejected_Review,Rejected
APP102010,2025-06-15 07:30:23.407802608,46,346642.0,4,656.0,351286.0,36,0,0.39,Salaried,High School,Education,0,2025-06-17 07:30:23.407802608,Standard_Review,Rejected
APP102011,2025-06-15 18:12:50.656885632,28,676535.0,1,599.0,1262205.0,60,3,0.502,Salaried,Master,Personal,0,2025-06-22 18:12:50.656885632,Rejected_Review,Rejected
APP102012,2025-06-16 04:55:17.905968656,60,1062440.0,11,686.0,1005414.0,60,0,0.116,Self-Employed,Doctorate,Medical,1,2025-06-19 04:55:17.905968656,Approved_Review,Disbursed
APP102013,2025-06-16 15:37:45.155051696,32,218051.0,7,787.0,695957.0,36,2,0.567,Salaried,Diploma,Medical,0,2025-06-23 15:37:45.155051696,Standard_Review,Rejected
APP102014,2025-06-17 02:20:12.404134720,47,439350.0,10,667.0,2089089.0,24,2,0.629,Self-Employed,Diploma,Personal,0,2025-06-21 02:20:12.404134720,Rejected_Review,Rejected
APP102015,2025-06-17 13:02:39.653217744,28,789284.0,1,673.0,1167553.0,24,1,0.409,Contract,Master,Home,0,2025-06-20 13:02:39.653217744,Rejected_Review,Rejected
APP102016,2025-06-17 23:45:06.902300768,45,965031.0,11,785.0,426562.0,48,2,0.217,Business,High School,Business,0,2025-06-20 23:45:06.902300768,Rejected_Review,Rejected
APP102017,2025-06-18 10:27:34.151383808,24,538034.0,4,690.0,1258148.0,48,2,0.371,Salaried,Master,Personal,0,2025-06-21 10:27:34.151383808,Rejected_Review,Rejected
APP102018,2025-06-18 21:10:01.400466832,53,478052.0,1,612.0,795158.0,60,0,0.261,Salaried,High School,Vehicle,0,2025-06-22 21:10:01.400466832,Rejected_Review,Rejected
APP102019,2025-06-19 07:52:28.649549856,21,1125342.0,5,735.0,1803951.0,12,2,0.288,Salaried,Master,Personal,1,2025-06-23 07:52:28.649549856,Approved_Review,Disbursed
APP102020,2025-06-19 18:34:55.898632880,39,930027.0,2,763.0,1121668.0,48,4,0.229,Business,Diploma,Home,0,2025-06-25 18:34:55.898632880,Rejected_Review,Rejected
APP102021,2025-06-20 05:17:23.147715920,51,956567.0,3,677.0,891792.0,36,0,0.346,Contract,Bachelor,Home,0,2025-06-22 05:17:23.147715920,Rejected_Review,Rejected
APP102022,2025-06-20 15:59:50.396798944,36,526549.0,4,698.0,866766.0,60,1,0.344,Business,High School,Business,0,2025-06-24 15:59:50.396798944,Rejected_Review,Rejected
APP102023,2025-06-21 02:42:17.645881968,34,1072915.0,2,605.0,386386.0,36,1,0.115,Self-Employed,Bachelor,Vehicle,0,2025-06-27 02:42:17.645881968,Rejected_Review,Rejected
APP102024,2025-06-21 13:24:44.894964992,25,270884.0,6,633.0,541893.0,36,0,0.411,Salaried,Master,Education,0,2025-06-28 13:24:44.894964992,Rejected_Review,Rejected
APP102025,2025-06-22 00:07:12.144048016,61,1081415.0,6,668.0,776857.0,48,1,0.256,Contract,Doctorate,Education,0,2025-06-25 00:07:12.144048016,Standard_Review,Rejected
APP102026,2025-06-22 10:49:39.393131056,46,630828.0,12,695.0,352555.0,60,1,0.199,Business,Bachelor,Business,0,2025-06-25 10:49:39.393131056,Rejected_Review,Rejected
APP102027,2025-06-22 21:32:06.642214080,48,688829.0,6,650.0,884193.0,36,2,0.383,Business,Bachelor,Personal,0,2025-06-25 21:32:06.642214080,Standard_Review,Rejected
APP102028,2025-06-23 08:14:33.891297104,22,424796.0,22,666.0,482722.0,24,4,0.319,Salaried,Bachelor,Education,0,2025-06-25 08:14:33.891297104,Standard_Review,Rejected
APP102029,2025-06-23 18:57:01.140380128,26,287338.0,9,682.0,575069.0,36,1,0.418,Salaried,Bachelor,Medical,0,2025-06-28 18:57:01.140380128,Rejected_Review,Rejected
APP102030,2025-06-24 05:39:28.389463168,29,682279.0,3,625.0,998676.0,24,2,0.19,Salaried,Diploma,Home,0,2025-06-26 05:39:28.389463168,Rejected_Review,Rejected
APP102031,2025-06-24 16:21:55.638546192,53,833055.0,2,673.0,530121.0,36,0,0.196,Contract,Bachelor,Personal,0,2025-07-02 16:21:55.638546192,Rejected_Review,Rejected
APP102032,2025-06-25 03:04:22.887629216,61,891748.0,3,,885209.0,60,0,0.309,Contract,Master,Education,0,2025-06-29 03:04:22.887629216,Rejected_Review,Rejected
APP102033,2025-06-25 13:46:50.136712240,45,849479.0,12,651.0,752624.0,36,3,0.276,Salaried,Master,Vehicle,0,2025-06-29 13:46:50.136712240,Standard_Review,Rejected
APP102034,2025-06-26 00:29:17.385795280,33,767121.0,2,631.0,412307.0,48,1,0.214,Self-Employed,Bachelor,Business,0,2025-07-04 00:29:17.385795280,Rejected_Review,Rejected
APP102035,2025-06-26 11:11:44.634878304,29,428919.0,7,826.0,1087653.0,48,1,0.497,Salaried,Diploma,Business,0,2025-06-27 11:11:44.634878304,Rejected_Review,Rejected
APP102036,2025-06-26 21:54:11.883961328,33,918128.0,10,705.0,1115945.0,60,5,0.322,Salaried,Master,Personal,0,2025-06-28 21:54:11.883961328,Standard_Review,Rejected
APP102037,2025-06-27 08:36:39.133044352,51,407867.0,6,640.0,1146687.0,60,1,0.538,Salaried,Doctorate,Personal,0,2025-06-28 08:36:39.133044352,Standard_Review,Rejected
APP102038,2025-06-27 19:19:06.382127376,61,1069719.0,10,732.0,1816961.0,48,0,0.376,Salaried,Bachelor,Home,0,2025-07-01 19:19:06.382127376,Rejected_Review,Rejected
APP102039,2025-06-28 06:01:33.631210416,31,625894.0,5,707.0,569930.0,36,2,0.307,Salaried,Master,Personal,0,2025-07-01 06:01:33.631210416,Rejected_Review,Rejected
APP102040,2025-06-28 16:44:00.880293440,24,635336.0,7,653.0,264081.0,36,0,0.244,Salaried,Doctorate,Vehicle,1,2025-06-29 16:44:00.880293440,Standard_Review,Disbursed
APP102041,2025-06-29 03:26:28.129376464,54,959718.0,6,687.0,504000.0,36,0,0.207,Business,Bachelor,Personal,0,2025-07-01 03:26:28.129376464,Rejected_Review,Rejected
APP102042,2025-06-29 14:08:55.378459488,58,1020077.0,7,671.0,1130965.0,36,1,0.281,Salaried,Master,Business,1,2025-07-04 14:08:55.378459488,Standard_Review,Disbursed
APP102043,2025-06-30 00:51:22.627542528,24,919435.0,2,754.0,672092.0,36,0,0.243,Business,Bachelor,Home,0,2025-07-05 00:51:22.627542528,Rejected_Review,Rejected
APP102044,2025-06-30 11:33:49.876625552,58,449334.0,17,734.0,346781.0,48,0,0.156,Self-Employed,Master,Business,0,2025-07-01 11:33:49.876625552,Rejected_Review,Rejected
APP102045,2025-06-30 22:16:17.125708576,39,916144.0,9,551.0,301681.0,48,1,0.081,Business,Diploma,Personal,0,2025-07-04 22:16:17.125708576,Rejected_Review,Rejected
APP102046,2025-07-01 08:58:44.374791600,26,450482.0,11,814.0,1424047.0,24,2,0.565,Contract,Bachelor,Home,0,2025-07-04 08:58:44.374791600,Rejected_Review,Rejected
APP102047,2025-07-01 19:41:11.623874640,54,926606.0,4,671.0,948965.0,60,2,0.312,,High School,Vehicle,0,2025-07-04 19:41:11.623874640,Rejected_Review,Rejected
APP102048,2025-07-02 06:23:38.872957664,38,342287.0,9,802.0,546070.0,36,0,0.34,Salaried,Bachelor,Business,1,2025-07-09 06:23:38.872957664,Approved_Review,Disbursed
APP102049,2025-07-02 17:06:06.122040688,33,623168.0,7,737.0,1794242.0,36,3,0.52,Salaried,Master,Home,0,2025-07-06 17:06:06.122040688,Rejected_Review,Rejected
APP102050,2025-07-03 03:48:33.371123712,61,449246.0,2,706.0,2632086.0,48,4,0.75,Salaried,Bachelor,Business,0,2025-07-07 03:48:33.371123712,Rejected_Review,Rejected
APP102051,2025-07-03 14:31:00.620206736,43,961451.0,1,684.0,1174389.0,48,1,0.327,Salaried,High School,Home,0,2025-07-08 14:31:00.620206736,Rejected_Review,Rejected
APP102052,2025-07-04 01:13:27.869289776,39,1073626.0,2,850.0,1021219.0,36,3,0.303,Self-Employed,Master,Personal,0,2025-07-08 01:13:27.869289776,Rejected_Review,Rejected
APP102053,2025-07-04 11:55:55.118372800,65,710892.0,3,672.0,911605.0,48,0,0.213,Business,High School,Personal,0,2025-07-08 11:55:55.118372800,Standard_Review,Rejected
APP102054,2025-07-04 22:38:22.367455824,31,700449.0,2,646.0,1073764.0,24,0,0.449,Salaried,Master,Medical,0,2025-07-10 22:38:22.367455824,Rejected_Review,Rejected
APP102055,2025-07-05 09:20:49.616538848,21,892344.0,8,652.0,1863600.0,36,0,0.423,Salaried,Master,Vehicle,0,2025-07-08 09:20:49.616538848,Rejected_Review,Rejected
APP102056,2025-07-05 20:03:16.865621888,44,1076504.0,10,690.0,430403.0,36,2,0.263,Salaried,Bachelor,Home,1,2025-07-08 20:03:16.865621888,Approved_Review,Pending_Disbursement
APP102057,2025-07-06 06:45:44.114704912,27,661006.0,9,690.0,590838.0,48,3,0.298,Salaried,Bachelor,Vehicle,0,2025-07-08 06:45:44.114704912,Rejected_Review,Closed
APP102058,2025-07-06 17:28:11.363787936,45,519111.0,19,755.0,683473.0,24,0,0.236,Self-Employed,High School,Vehicle,0,2025-07-13 17:28:11.363787936,Rejected_Review,Rejected
APP102059,2025-07-07 04:10:38.612870960,41,869782.0,7,739.0,932841.0,48,0,0.231,Salaried,Bachelor,Medical,0,2025-07-12 04:10:38.612870960,Standard_Review,Closed
APP102060,2025-07-07 14:53:05.861954000,35,281616.0,6,739.0,1531179.0,24,2,0.75,Contract,Diploma,Personal,0,2025-07-11 14:53:05.861954000,Rejected_Review,Rejected
APP102061,2025-07-08 01:35:33.111037024,21,978788.0,6,675.0,860484.0,60,5,0.336,Self-Employed,Bachelor,Business,0,2025-07-15 01:35:33.111037024,Standard_Review,Rejected
APP102062,2025-07-08 12:18:00.360120048,32,472193.0,11,734.0,956898.0,60,0,0.326,Salaried,Bachelor,Personal,0,2025-07-10 12:18:00.360120048,Rejected_Review,Rejected
APP102063,2025-07-08 23:00:27.609203072,27,583398.0,3,741.0,981850.0,36,1,0.264,Salaried,Bachelor,Medical,0,2025-07-12 23:00:27.609203072,Rejected_Review,Rejected
APP102064,2025-07-09 09:42:54.858286096,35,981611.0,5,685.0,708127.0,36,1,0.267,Salaried,Doctorate,Personal,0,2025-07-10 09:42:54.858286096,Rejected_Review,Rejected
APP102065,2025-07-09 20:25:22.107369136,41,539150.0,16,708.0,568507.0,48,2,0.399,Business,Bachelor,Business,0,2025-07-10 20:25:22.107369136,Rejected_Review,Rejected
APP102066,2025-07-10 07:07:49.356452160,39,869837.0,7,741.0,726631.0,24,1,0.191,Contract,Bachelor,Business,0,2025-07-16 07:07:49.356452160,Standard_Review,Rejected
APP102067,2025-07-10 17:50:16.605535184,49,1085158.0,9,704.0,504684.0,24,0,0.306,Salaried,Master,Vehicle,1,2025-07-17 17:50:16.605535184,Approved_Review,Disbursed
APP102068,2025-07-11 04:32:43.854618208,45,682995.0,5,710.0,509043.0,24,0,0.292,Business,High School,Personal,0,2025-07-14 04:32:43.854618208,Standard_Review,Rejected
APP102069,2025-07-11 15:15:11.103701248,53,747791.0,3,781.0,841426.0,36,0,0.256,Salaried,Master,Personal,0,2025-07-14 15:15:11.103701248,Rejected_Review,Rejected
APP102070,2025-07-12 01:57:38.352784272,52,615987.0,10,704.0,551128.0,24,1,0.165,Salaried,Diploma,Education,0,2025-07-15 01:57:38.352784272,Rejected_Review,Rejected
APP102071,2025-07-12 12:40:05.601867296,55,684707.0,4,650.0,1762401.0,36,1,0.435,Self-Employed,Bachelor,Vehicle,0,2025-07-19 12:40:05.601867296,Rejected_Review,Rejected
APP102072,2025-07-12 23:22:32.850950320,64,393307.0,6,603.0,753216.0,48,0,0.324,Contract,Doctorate,Personal,0,2025-07-15 23:22:32.850950320,Standard_Review,Rejected
APP102073,2025-07-13 10:05:00.100033360,58,569518.0,6,697.0,1381198.0,12,2,0.525,Salaried,Doctorate,Business,0,2025-07-20 10:05:00.100033360,Rejected_Review,Rejected
APP102074,2025-07-13 20:47:27.349116384,46,364046.0,13,668.0,375603.0,24,1,0.271,Salaried,Bachelor,Business,0,2025-07-17 20:47:27.349116384,Rejected_Review,Rejected
APP102075,2025-07-14 07:29:54.598199408,31,433775.0,3,743.0,381395.0,60,1,0.289,Self-Employed,High School,Education,0,2025-07-17 07:29:54.598199408,Rejected_Review,Closed
APP102076,2025-07-14 18:12:21.847282432,55,263920.0,13,793.0,662186.0,48,0,0.485,Business,Master,Business,0,2025-07-19 18:12:21.847282432,Rejected_Review,Rejected
APP102077,2025-07-15 04:54:49.096365456,28,731970.0,4,623.0,1118187.0,36,2,0.289,Self-Employed,Master,Business,0,2025-07-23 04:54:49.096365456,Rejected_Review,Rejected
APP102078,2025-07-15 15:37:16.345448496,34,1391578.0,4,632.0,547877.0,12,1,0.202,Salaried,Bachelor,Vehicle,0,2025-07-19 15:37:16.345448496,Rejected_Review,Rejected
APP102079,2025-07-16 02:19:43.594531520,30,529390.0,2,688.0,665735.0,48,2,0.371,Contract,High School,Medical,0,2025-07-20 02:19:43.594531520,Rejected_Review,Rejected
APP102080,2025-07-16 13:02:10.843614544,22,1003533.0,9,638.0,1154062.0,24,2,0.283,Contract,Master,Business,0,2025-07-21 13:02:10.843614544,Rejected_Review,Rejected
APP102081,2025-07-16 23:44:38.092697568,29,1078724.0,6,676.0,576552.0,60,3,0.196,Business,Diploma,Personal,0,2025-07-20 23:44:38.092697568,Rejected_Review,Rejected
APP102082,2025-07-17 10:27:05.341780608,23,378933.0,5,655.0,479297.0,48,1,0.35,Business,Master,Home,0,2025-07-19 10:27:05.341780608,Rejected_Review,Rejected
APP102083,2025-07-17 21:09:32.590863632,41,417492.0,8,624.0,997524.0,60,1,0.346,Business,Bachelor,Personal,0,2025-07-21 21:09:32.590863632,Rejected_Review,Closed
APP102084,2025-07-18 07:51:59.839946656,46,1015190.0,7,744.0,364695.0,60,1,0.05,Salaried,Bachelor,Business,0,2025-07-24 07:51:59.839946656,Rejected_Review,Rejected
APP102085,2025-07-18 18:34:27.089029680,28,623544.0,8,695.0,580708.0,36,3,0.282,Salaried,Diploma,Education,0,2025-07-23 18:34:27.089029680,Standard_Review,Rejected
APP102086,2025-07-19 05:16:54.338112720,22,363623.0,8,809.0,741161.0,48,1,0.466,Self-Employed,Bachelor,Home,0,2025-07-20 05:16:54.338112720,Rejected_Review,Rejected
APP102087,2025-07-19 15:59:21.587195744,26,488034.0,5,713.0,911954.0,60,3,0.5,Contract,Master,Vehicle,0,2025-07-25 15:59:21.587195744,Rejected_Review,Rejected
APP102088,2025-07-20 02:41:48.836278768,48,785107.0,5,774.0,1056170.0,36,1,0.325,Business,Bachelor,Vehicle,0,2025-07-25 02:41:48.836278768,Rejected_Review,Closed
APP102089,2025-07-20 13:24:16.085361792,49,454729.0,8,643.0,1141852.0,12,1,0.509,Salaried,Master,Home,0,2025-07-24 13:24:16.085361792,Rejected_Review,Rejected
APP102090,2025-07-21 00:06:43.334444816,46,186500.0,5,642.0,601751.0,36,1,0.629,Salaried,Master,Business,0,2025-07-27 00:06:43.334444816,Rejected_Review,Rejected
APP102091,2025-07-21 10:49:10.583527856,45,562317.0,7,834.0,1129846.0,24,0,0.393,Business,High School,Education,0,2025-07-27 10:49:10.583527856,Standard_Review,Rejected
APP102092,2025-07-21 21:31:37.832610880,32,583197.0,5,650.0,901586.0,48,0,0.291,Self-Employed,Bachelor,Personal,0,2025-07-27 21:31:37.832610880,Rejected_Review,Rejected
APP102093,2025-07-22 08:14:05.081693904,25,652704.0,8,628.0,1003936.0,48,2,0.282,Salaried,Bachelor,Business,0,2025-07-23 08:14:05.081693904,Standard_Review,Rejected
APP102094,2025-07-22 18:56:32.330776928,54,1145355.0,3,614.0,509887.0,60,1,0.183,Self-Employed,Bachelor,Education,0,2025-07-27 18:56:32.330776928,Rejected_Review,Rejected
APP102095,2025-07-23 05:38:59.579859968,57,665845.0,13,815.0,976168.0,48,1,0.427,Salaried,Bachelor,Vehicle,0,2025-07-26 05:38:59.579859968,Rejected_Review,Closed
APP102096,2025-07-23 16:21:26.828942992,35,725089.0,6,672.0,648528.0,60,4,0.323,Contract,High School,Medical,0,2025-07-28 16:21:26.828942992,Rejected_Review,Rejected
APP102097,2025-07-24 03:03:54.078026016,64,1045200.0,1,716.0,716956.0,36,3,0.217,Business,Bachelor,Medical,0,2025-07-26 03:03:54.078026016,Standard_Review,Rejected
APP102098,2025-07-24 13:46:21.327109040,56,653033.0,3,700.0,760253.0,36,3,0.377,Contract,Bachelor,Vehicle,0,2025-07-30 13:46:21.327109040,Rejected_Review,Rejected
APP102099,2025-07-25 00:28:48.576192064,35,,11,643.0,2013587.0,60,2,0.324,Salaried,Doctorate,Business,0,2025-07-31 00:28:48.576192064,Rejected_Review,Rejected
APP102100,2025-07-25 11:11:15.825275104,63,368081.0,16,671.0,443037.0,48,0,0.279,Business,Bachelor,Medical,0,2025-07-29 11:11:15.825275104,Rejected_Review,Rejected
APP102101,2025-07-25 21:53:43.074358128,43,426924.0,6,745.0,1268688.0,48,1,0.519,Self-Employed,Bachelor,Medical,0,2025-07-26 21:53:43.074358128,Standard_Review,Rejected
APP102102,2025-07-26 08:36:10.323441152,26,856842.0,11,610.0,1431197.0,36,2,0.379,Salaried,Master,Home,0,2025-07-31 08:36:10.323441152,Rejected_Review,Rejected
APP102103,2025-07-26 19:18:37.572524176,64,1143002.0,2,734.0,1057724.0,48,1,0.271,Salaried,Master,Business,0,2025-07-30 19:18:37.572524176,Standard_Review,Rejected
APP102104,2025-07-27 06:01:04.821607216,63,593843.0,5,783.0,535582.0,60,1,0.38,Contract,Bachelor,Personal,0,2025-07-28 06:01:04.821607216,Rejected_Review,Rejected
APP102105,2025-07-27 16:43:32.070690240,65,412482.0,0,709.0,1634894.0,36,0,0.615,Self-Employed,High School,Home,0,2025-07-31 16:43:32.070690240,Rejected_Review,Rejected
APP102106,2025-07-28 03:25:59.319773264,41,1435714.0,3,777.0,592928.0,48,3,0.103,Salaried,Master,Personal,1,2025-08-03 03:25:59.319773264,Approved_Review,Pending_Disbursement
APP102107,2025-07-28 14:08:26.568856288,43,455050.0,2,601.0,986970.0,36,3,0.432,Contract,High School,Vehicle,0,2025-07-29 14:08:26.568856288,Rejected_Review,Rejected
APP102108,2025-07-29 00:50:53.817939328,63,757139.0,8,571.0,743626.0,24,2,0.247,Salaried,Master,Vehicle,0,2025-08-02 00:50:53.817939328,Rejected_Review,Rejected
APP102109,2025-07-29 11:33:21.067022352,36,1174198.0,6,706.0,582020.0,48,0,0.115,Business,Bachelor,Education,0,2025-08-02 11:33:21.067022352,Rejected_Review,Rejected
APP102110,2025-07-29 22:15:48.316105376,35,532855.0,1,652.0,920045.0,24,2,0.404,Business,Bachelor,Education,0,2025-08-02 22:15:48.316105376,Standard_Review,Rejected
APP102111,2025-07-30 08:58:15.565188400,45,491280.0,3,747.0,1791459.0,36,2,0.335,Business,Master,Home,0,2025-08-03 08:58:15.565188400,Rejected_Review,Rejected
APP102112,2025-07-30 19:40:42.814271424,56,506646.0,9,670.0,795724.0,48,1,0.359,Self-Employed,High School,Medical,0,2025-08-03 19:40:42.814271424,Standard_Review,Rejected
APP102113,2025-07-31 06:23:10.063354464,31,975227.0,3,700.0,1882392.0,48,3,0.216,Salaried,Bachelor,Vehicle,1,2025-08-04 06:23:10.063354464,Approved_Review,Disbursed
APP102114,2025-07-31 17:05:37.312437488,35,1047371.0,12,695.0,638703.0,36,0,0.224,Contract,Bachelor,Home,0,2025-08-03 17:05:37.312437488,Standard_Review,Rejected
APP102115,2025-08-01 03:48:04.561520512,24,659940.0,15,697.0,727626.0,60,1,0.321,Salaried,Master,Home,0,2025-08-06 03:48:04.561520512,Rejected_Review,Rejected
APP102116,2025-08-01 14:30:31.810603536,41,1516802.0,7,655.0,379246.0,24,0,0.231,Self-Employed,Master,Vehicle,0,2025-08-10 14:30:31.810603536,Standard_Review,Rejected
APP102117,2025-08-02 01:12:59.059686576,33,659418.0,9,601.0,529621.0,60,2,0.303,Salaried,Master,Business,0,2025-08-06 01:12:59.059686576,Rejected_Review,Rejected
APP102118,2025-08-02 11:55:26.308769600,42,1162726.0,4,676.0,627595.0,48,1,0.141,Salaried,High School,Personal,1,2025-08-05 11:55:26.308769600,Approved_Review,Disbursed
APP102119,2025-08-02 22:37:53.557852624,39,535163.0,3,784.0,593809.0,36,1,0.296,Self-Employed,High School,Personal,0,2025-08-06 22:37:53.557852624,Rejected_Review,Rejected
APP102120,2025-08-03 09:20:20.806935648,54,1857827.0,3,650.0,433096.0,24,1,0.129,Business,Master,Business,0,2025-08-07 09:20:20.806935648,Rejected_Review,Rejected
APP102121,2025-08-03 20:02:48.056018688,34,1317553.0,2,650.0,478262.0,36,1,0.14,Salaried,Bachelor,Vehicle,1,2025-08-06 20:02:48.056018688,Standard_Review,Disbursed
APP102122,2025-08-04 06:45:15.305101712,24,613625.0,7,700.0,606549.0,24,1,0.261,Salaried,Bachelor,Vehicle,0,2025-08-07 06:45:15.305101712,Rejected_Review,Rejected
APP102123,2025-08-04 17:27:42.554184736,47,1239565.0,9,613.0,1266927.0,48,2,0.243,Self-Employed,Bachelor,Business,0,2025-08-06 17:27:42.554184736,Rejected_Review,Rejected
APP102124,2025-08-05 04:10:09.803267760,49,1211681.0,11,755.0,331388.0,36,1,0.11,Business,Doctorate,Business,0,2025-08-08 04:10:09.803267760,Standard_Review,Rejected
APP102125,2025-08-05 14:52:37.052350784,48,1307459.0,14,620.0,247149.0,36,2,0.195,Salaried,High School,Business,0,2025-08-09 14:52:37.052350784,Rejected_Review,Rejected
APP102126,2025-08-06 01:35:04.301433824,55,212742.0,7,671.0,290228.0,48,2,0.352,Self-Employed,High School,Vehicle,0,2025-08-10 01:35:04.301433824,Rejected_Review,Rejected
APP102127,2025-08-06 12:17:31.550516848,28,898458.0,21,850.0,458234.0,36,1,0.151,Salaried,Master,Home,1,2025-08-12 12:17:31.550516848,Approved_Review,Disbursed
APP102128,2025-08-06 22:59:58.799599872,36,829652.0,7,616.0,962530.0,48,1,0.276,Salaried,High School,Vehicle,0,2025-08-07 22:59:58.799599872,Standard_Review,Rejected
APP102129,2025-08-07 09:42:26.048682896,62,803482.0,9,786.0,585769.0,24,0,0.226,Salaried,Bachelor,Home,0,2025-08-11 09:42:26.048682896,Rejected_Review,Rejected
APP102130,2025-08-07 20:24:53.297765936,56,717109.0,1,698.0,581785.0,48,2,0.237,Business,Master,Home,0,2025-08-10 20:24:53.297765936,Rejected_Review,Rejected
APP102131,2025-08-08 07:07:20.546848960,50,726681.0,14,707.0,575291.0,48,0,0.241,Salaried,Diploma,Vehicle,0,2025-08-10 07:07:20.546848960,Rejected_Review,Rejected
APP102132,2025-08-08 17:49:47.795931984,38,1157926.0,14,637.0,273736.0,48,1,0.199,,Diploma,Business,0,2025-08-10 17:49:47.795931984,Rejected_Review,Rejected
APP102133,2025-08-09 04:32:15.045015008,22,828598.0,5,742.0,1076847.0,12,0,0.388,Self-Employed,Bachelor,Home,0,2025-08-10 04:32:15.045015008,Rejected_Review,Closed
APP102134,2025-08-09 15:14:42.294098048,33,716645.0,13,666.0,1347953.0,24,2,0.385,Self-Employed,Diploma,Education,0,2025-08-13 15:14:42.294098048,Rejected_Review,Closed
APP102135,2025-08-10 01:57:09.543181072,24,1085389.0,13,615.0,591904.0,24,4,0.18,Salaried,Bachelor,Vehicle,0,2025-08-14 01:57:09.543181072,Rejected_Review,Rejected
APP102136,2025-08-10 12:39:36.792264096,46,784529.0,13,785.0,730560.0,24,0,0.261,Salaried,Diploma,Home,1,2025-08-11 12:39:36.792264096,Approved_Review,Disbursed
APP102137,2025-08-10 23:22:04.041347120,45,818995.0,6,665.0,742810.0,24,1,0.184,Self-Employed,Diploma,Medical,0,2025-08-14 23:22:04.041347120,Standard_Review,Rejected
APP102138,2025-08-11 10:04:31.290430144,50,1505890.0,4,569.0,410415.0,36,3,0.12,Business,Bachelor,Personal,0,2025-08-15 10:04:31.290430144,Standard_Review,Closed
APP102139,2025-08-11 20:46:58.539513184,31,534566.0,5,673.0,561345.0,48,4,0.306,Salaried,Doctorate,Personal,0,2025-08-13 20:46:58.539513184,Rejected_Review,Rejected
APP102140,2025-08-12 07:29:25.788596208,27,328620.0,1,743.0,1709504.0,60,0,0.555,,Master,Business,0,2025-08-16 07:29:25.788596208,Rejected_Review,Rejected
APP102141,2025-08-12 18:11:53.037679232,51,671515.0,14,732.0,698605.0,36,0,0.26,Self-Employed,Master,Medical,0,2025-08-16 18:11:53.037679232,Rejected_Review,Rejected
APP102142,2025-08-13 04:54:20.286762256,64,715883.0,4,648.0,782771.0,36,0,0.346,Business,Bachelor,Personal,0,2025-08-17 04:54:20.286762256,Rejected_Review,Rejected
APP102143,2025-08-13 15:36:47.535845296,30,899339.0,19,626.0,494853.0,60,4,0.244,Business,Diploma,Education,0,2025-08-19 15:36:47.535845296,Rejected_Review,Rejected
APP102144,2025-08-14 02:19:14.784928320,59,682160.0,9,601.0,564591.0,36,0,0.31,Self-Employed,Master,Business,0,2025-08-20 02:19:14.784928320,Rejected_Review,Rejected
APP102145,2025-08-14 13:01:42.034011344,33,913037.0,3,689.0,967027.0,36,1,0.301,Salaried,Bachelor,Business,0,2025-08-20 13:01:42.034011344,Rejected_Review,Rejected
APP102146,2025-08-14 23:44:09.283094368,51,2006305.0,3,700.0,460025.0,60,1,0.317,Self-Employed,Master,Business,0,2025-08-16 23:44:09.283094368,Rejected_Review,Rejected
APP102147,2025-08-15 10:26:36.532177408,27,932299.0,11,736.0,1573522.0,60,3,0.266,Salaried,High School,Personal,0,2025-08-19 10:26:36.532177408,Rejected_Review,Rejected
APP102148,2025-08-15 21:09:03.781260432,62,1009050.0,18,680.0,311983.0,36,1,0.195,Salaried,Bachelor,Vehicle,0,2025-08-16 21:09:03.781260432,Rejected_Review,Rejected
APP102149,2025-08-16 07:51:31.030343456,62,613195.0,1,678.0,510045.0,48,1,0.301,Contract,Bachelor,Personal,0,2025-08-21 07:51:31.030343456,Rejected_Review,Rejected
APP102150,2025-08-16 18:33:58.279426480,56,348489.0,15,672.0,334000.0,36,2,0.235,Contract,Diploma,Education,0,2025-08-22 18:33:58.279426480,Rejected_Review,Rejected
APP102151,2025-08-17 05:16:25.528509504,40,231093.0,9,700.0,1357313.0,48,1,0.75,Business,Bachelor,Medical,0,2025-08-23 05:16:25.528509504,Rejected_Review,Rejected
APP102152,2025-08-17 15:58:52.777592544,24,514691.0,3,681.0,687419.0,60,0,0.353,Salaried,Bachelor,Home,0,2025-08-25 15:58:52.777592544,Rejected_Review,Closed
APP102153,2025-08-18 02:41:20.026675568,27,203528.0,11,751.0,606610.0,36,0,0.403,Self-Employed,High School,Medical,0,2025-08-24 02:41:20.026675568,Rejected_Review,Rejected
APP102154,2025-08-18 13:23:47.275758592,21,818988.0,6,710.0,853958.0,60,0,0.3,Self-Employed,Master,Business,0,2025-08-23 13:23:47.275758592,Rejected_Review,Rejected
APP102155,2025-08-19 00:06:14.524841616,64,547140.0,14,697.0,1408933.0,48,1,0.502,Salaried,Bachelor,Vehicle,0,2025-08-23 00:06:14.524841616,Rejected_Review,Closed
APP102156,2025-08-19 10:48:41.773924656,65,359946.0,3,687.0,779860.0,36,2,0.524,Business,Master,Education,0,2025-08-28 10:48:41.773924656,Rejected_Review,Rejected
APP102157,2025-08-19 21:31:09.023007680,62,689430.0,6,629.0,1239429.0,48,2,0.353,Salaried,Bachelor,Vehicle,0,2025-08-24 21:31:09.023007680,Rejected_Review,Rejected
APP102158,2025-08-20 08:13:36.272090704,33,466187.0,9,690.0,604415.0,36,0,0.345,Salaried,Bachelor,Personal,0,2025-08-29 08:13:36.272090704,Rejected_Review,Rejected
APP102159,2025-08-20 18:56:03.521173728,42,796177.0,20,648.0,432858.0,24,1,0.233,Business,Doctorate,Home,0,2025-08-23 18:56:03.521173728,Rejected_Review,Rejected
APP102160,2025-08-21 05:38:30.770256768,41,893730.0,3,713.0,786181.0,60,2,0.216,Contract,Master,Education,0,2025-08-24 05:38:30.770256768,Standard_Review,Rejected
APP102161,2025-08-21 16:20:58.019339792,42,473971.0,5,676.0,493934.0,36,1,0.251,Business,High School,Home,0,2025-08-27 16:20:58.019339792,Rejected_Review,Closed
APP102162,2025-08-22 03:03:25.268422816,48,584172.0,5,,987774.0,36,2,0.199,Self-Employed,High School,Vehicle,0,2025-08-23 03:03:25.268422816,Rejected_Review,Closed
APP102163,2025-08-22 13:45:52.517505840,29,715997.0,5,608.0,570445.0,60,2,0.213,Salaried,Bachelor,Vehicle,0,2025-08-26 13:45:52.517505840,Standard_Review,Rejected
APP102164,2025-08-23 00:28:19.766588864,46,345089.0,3,488.0,671027.0,60,1,0.493,Salaried,Bachelor,Business,0,2025-08-29 00:28:19.766588864,Rejected_Review,Rejected
APP102165,2025-08-23 11:10:47.015671904,29,715968.0,3,707.0,228350.0,60,1,0.176,Salaried,Master,Medical,0,2025-08-26 11:10:47.015671904,Rejected_Review,Rejected
APP102166,2025-08-23 21:53:14.264754928,35,341386.0,4,648.0,657681.0,36,1,0.44,Self-Employed,Bachelor,Personal,0,2025-08-27 21:53:14.264754928,Rejected_Review,Closed
APP102167,2025-08-24 08:35:41.513837952,30,838442.0,21,700.0,620042.0,36,3,0.255,Salaried,Bachelor,Personal,0,2025-08-25 08:35:41.513837952,Standard_Review,Rejected
APP102168,2025-08-24 19:18:08.762920976,44,534402.0,6,610.0,1252081.0,36,1,0.461,Self-Employed,Bachelor,Business,0,2025-08-27 19:18:08.762920976,Rejected_Review,Rejected
APP102169,2025-08-25 06:00:36.012004016,62,340538.0,5,814.0,1081532.0,36,1,0.671,Contract,Bachelor,Education,0,2025-08-27 06:00:36.012004016,Rejected_Review,Closed
APP102170,2025-08-25 16:43:03.261087040,28,500689.0,4,665.0,708528.0,60,1,0.291,Salaried,Bachelor,Vehicle,0,2025-08-31 16:43:03.261087040,Standard_Review,Rejected
APP102171,2025-08-26 03:25:30.510170064,44,510310.0,3,644.0,309780.0,48,0,0.194,Salaried,Master,Education,0,2025-09-01 03:25:30.510170064,Rejected_Review,Rejected
APP102172,2025-08-26 14:07:57.759253088,36,1051325.0,18,813.0,561698.0,12,0,0.29,Salaried,Bachelor,Home,1,2025-08-28 14:07:57.759253088,Standard_Review,Disbursed
APP102173,2025-08-27 00:50:25.008336128,46,702721.0,12,745.0,1252745.0,24,1,0.358,Salaried,Bachelor,Vehicle,0,2025-08-29 00:50:25.008336128,Rejected_Review,Rejected
APP102174,2025-08-27 11:32:52.257419152,47,422694.0,8,780.0,633877.0,60,0,0.311,Salaried,Master,Personal,0,2025-09-03 11:32:52.257419152,Rejected_Review,Closed
APP102175,2025-08-27 22:15:19.506502176,57,1365195.0,4,679.0,410633.0,60,0,0.253,Business,Bachelor,Personal,0,2025-08-28 22:15:19.506502176,Rejected_Review,Rejected
APP102176,2025-08-28 08:57:46.755585200,24,861688.0,3,693.0,1245126.0,36,3,0.341,Self-Employed,Master,Medical,0,2025-09-03 08:57:46.755585200,Standard_Review,Rejected
APP102177,2025-08-28 19:40:14.004668224,44,558708.0,10,651.0,310854.0,48,0,0.206,Business,Bachelor,Home,0,2025-09-01 19:40:14.004668224,Rejected_Review,Rejected
APP102178,2025-08-29 06:22:41.253751264,39,323031.0,5,644.0,661567.0,36,1,0.372,Salaried,Bachelor,Vehicle,0,2025-09-04 06:22:41.253751264,Rejected_Review,Rejected
APP102179,2025-08-29 17:05:08.502834288,56,536950.0,8,716.0,925304.0,48,1,0.298,Self-Employed,Master,Personal,0,2025-09-02 17:05:08.502834288,Rejected_Review,Rejected
APP102180,2025-08-30 03:47:35.751917312,59,588597.0,2,666.0,745539.0,48,0,0.194,Self-Employed,Master,Vehicle,0,2025-09-02 03:47:35.751917312,Rejected_Review,Rejected
APP102181,2025-08-30 14:30:03.001000336,30,767422.0,5,834.0,376275.0,48,1,0.287,Salaried,Master,Vehicle,0,2025-09-01 14:30:03.001000336,Rejected_Review,Rejected
APP102182,2025-08-31 01:12:30.250083376,45,854262.0,3,745.0,439872.0,36,0,0.182,Salaried,Doctorate,Personal,0,2025-09-02 01:12:30.250083376,Rejected_Review,Rejected
APP102183,2025-08-31 11:54:57.499166400,38,934428.0,15,812.0,493781.0,36,1,0.094,Self-Employed,High School,Vehicle,0,2025-09-01 11:54:57.499166400,Rejected_Review,Rejected
APP102184,2025-08-31 22:37:24.748249424,39,314760.0,4,545.0,1036200.0,24,2,0.67,Salaried,Doctorate,Personal,0,2025-09-04 22:37:24.748249424,Rejected_Review,Rejected
APP102185,2025-09-01 09:19:51.997332448,56,713940.0,3,813.0,762302.0,60,1,0.284,Business,High School,Education,0,2025-09-07 09:19:51.997332448,Rejected_Review,Rejected
APP102186,2025-09-01 20:02:19.246415488,30,604950.0,5,535.0,576692.0,60,0,0.266,Salaried,High School,Personal,0,2025-09-03 20:02:19.246415488,Rejected_Review,Rejected
APP102187,2025-09-02 06:44:46.495498512,53,2169088.0,4,608.0,858800.0,60,2,0.086,Salaried,Master,Education,0,2025-09-04 06:44:46.495498512,Rejected_Review,Rejected
APP102188,2025-09-02 17:27:13.744581536,25,669201.0,9,576.0,481058.0,60,3,0.277,Salaried,Bachelor,Education,0,2025-09-06 17:27:13.744581536,Rejected_Review,Rejected
APP102189,2025-09-03 04:09:40.993664560,55,491164.0,5,706.0,1012593.0,48,1,0.36,Salaried,Master,Vehicle,0,2025-09-10 04:09:40.993664560,Rejected_Review,Rejected
APP102190,2025-09-03 14:52:08.242747584,64,683098.0,10,689.0,876870.0,36,0,0.267,Salaried,Bachelor,Vehicle,1,2025-09-09 14:52:08.242747584,Standard_Review,Disbursed
APP102191,2025-09-04 01:34:35.491830624,54,647499.0,8,742.0,625675.0,48,1,0.295,Salaried,Bachelor,Vehicle,0,2025-09-08 01:34:35.491830624,Rejected_Review,Rejected
APP102192,2025-09-04 12:17:02.740913648,53,265577.0,16,684.0,645450.0,36,1,0.45,Salaried,High School,Personal,0,2025-09-06 12:17:02.740913648,Rejected_Review,Rejected
APP102193,2025-09-04 22:59:29.989996672,41,781105.0,10,770.0,590027.0,36,2,0.173,Salaried,Bachelor,Personal,0,2025-09-08 22:59:29.989996672,Rejected_Review,Rejected
APP102194,2025-09-05 09:41:57.239079696,37,565223.0,8,629.0,1151766.0,36,0,0.295,Salaried,Diploma,Education,0,2025-09-11 09:41:57.239079696,Rejected_Review,Rejected
APP102195,2025-09-05 20:24:24.488162736,42,642240.0,11,771.0,779869.0,36,2,0.307,Salaried,High School,Vehicle,0,2025-09-10 20:24:24.488162736,Rejected_Review,Rejected
APP102196,2025-09-06 07:06:51.737245760,57,438722.0,4,688.0,628186.0,48,2,0.327,Self-Employed,Bachelor,Vehicle,0,2025-09-11 07:06:51.737245760,Rejected_Review,Rejected
APP102197,2025-09-06 17:49:18.986328784,35,397308.0,8,843.0,430921.0,24,1,0.463,Self-Employed,Doctorate,Home,0,2025-09-12 17:49:18.986328784,Rejected_Review,Rejected
APP102198,2025-09-07 04:31:46.235411808,55,965329.0,3,747.0,939949.0,24,0,0.109,Salaried,Bachelor,Personal,0,2025-09-14 04:31:46.235411808,Rejected_Review,Rejected
APP102199,2025-09-07 15:14:13.484494832,48,1070389.0,7,670.0,918239.0,48,6,0.263,Salaried,Diploma,Home,0,2025-09-13 15:14:13.484494832,Rejected_Review,Rejected
APP102200,2025-09-08 01:56:40.733577872,27,784555.0,17,688.0,538216.0,48,0,0.119,Contract,High School,Medical,0,2025-09-09 01:56:40.733577872,Rejected_Review,Rejected
APP102201,2025-09-08 12:39:07.982660896,52,287756.0,7,624.0,567364.0,36,0,0.358,Business,Diploma,Vehicle,0,2025-09-14 12:39:07.982660896,Standard_Review,Rejected
APP102202,2025-09-08 23:21:35.231743920,31,807829.0,11,713.0,660220.0,24,2,0.218,Business,Diploma,Business,0,2025-09-12 23:21:35.231743920,Standard_Review,Rejected
APP102203,2025-09-09 10:04:02.480826944,30,289687.0,3,670.0,393180.0,36,1,0.351,Salaried,Bachelor,Personal,0,2025-09-13 10:04:02.480826944,Rejected_Review,Rejected
APP102204,2025-09-09 20:46:29.729909984,29,482723.0,7,737.0,726279.0,48,0,0.37,Salaried,Bachelor,Home,0,2025-09-12 20:46:29.729909984,Rejected_Review,Rejected
APP102205,2025-09-10 07:28:56.978993008,34,959559.0,9,603.0,307465.0,48,1,0.284,Self-Employed,High School,Business,0,2025-09-13 07:28:56.978993008,Rejected_Review,Rejected
APP102206,2025-09-10 18:11:24.228076032,33,873835.0,5,669.0,369203.0,24,0,0.218,Salaried,High School,Education,0,2025-09-11 18:11:24.228076032,Rejected_Review,Closed
APP102207,2025-09-11 04:53:51.477159056,45,798398.0,7,615.0,542552.0,60,1,0.301,Salaried,Master,Vehicle,0,2025-09-16 04:53:51.477159056,Rejected_Review,Rejected
APP102208,2025-09-11 15:36:18.726242096,22,1173538.0,13,619.0,511288.0,24,0,0.299,Salaried,Master,Business,0,2025-09-12 15:36:18.726242096,Rejected_Review,Rejected
APP102209,2025-09-12 02:18:45.975325120,55,836293.0,7,729.0,877236.0,24,2,0.294,Salaried,Diploma,Home,0,2025-09-17 02:18:45.975325120,Rejected_Review,Rejected
APP102210,2025-09-12 13:01:13.224408144,27,262018.0,5,763.0,806399.0,36,1,0.602,Salaried,Bachelor,Business,0,2025-09-15 13:01:13.224408144,Rejected_Review,Rejected
APP102211,2025-09-12 23:43:40.473491168,41,550421.0,3,538.0,1393247.0,36,0,0.469,Self-Employed,Bachelor,Vehicle,0,2025-09-18 23:43:40.473491168,Rejected_Review,Rejected
APP102212,2025-09-13 10:26:07.722574192,38,637943.0,6,811.0,733263.0,60,2,0.287,Business,Master,Business,1,2025-09-20 10:26:07.722574192,Approved_Review,Disbursed
APP102213,2025-09-13 21:08:34.971657232,23,605188.0,4,781.0,775994.0,12,2,0.259,Salaried,Master,Personal,0,2025-09-17 21:08:34.971657232,Rejected_Review,Rejected
APP102214,2025-09-14 07:51:02.220740256,62,492385.0,6,602.0,391331.0,36,2,0.272,Salaried,Bachelor,Vehicle,0,2025-09-17 07:51:02.220740256,Rejected_Review,Rejected
APP102215,2025-09-14 18:33:29.469823280,59,408872.0,9,744.0,391737.0,36,1,0.289,Self-Employed,Bachelor,Vehicle,0,2025-09-17 18:33:29.469823280,Rejected_Review,Rejected
APP102216,2025-09-15 05:15:56.718906304,61,1914683.0,5,660.0,722916.0,36,2,0.22,Salaried,Master,Vehicle,0,2025-09-20 05:15:56.718906304,Rejected_Review,Rejected
APP102217,2025-09-15 15:58:23.967989344,31,545682.0,9,684.0,729191.0,12,3,0.39,Self-Employed,Master,Business,0,2025-09-18 15:58:23.967989344,Rejected_Review,Rejected
APP102218,2025-09-16 02:40:51.217072368,59,1872806.0,1,729.0,809062.0,24,0,0.265,Business,Master,Vehicle,1,2025-09-20 02:40:51.217072368,Approved_Review,Disbursed
APP102219,2025-09-16 13:23:18.466155392,44,388927.0,5,721.0,1320674.0,36,1,0.454,Salaried,Bachelor,Personal,0,2025-09-18 13:23:18.466155392,Rejected_Review,Rejected
APP102220,2025-09-17 00:05:45.715238416,39,873623.0,9,,400485.0,36,2,0.103,Salaried,Master,Education,0,2025-09-21 00:05:45.715238416,Rejected_Review,Rejected
APP102221,2025-09-17 10:48:12.964321456,24,720763.0,4,652.0,1629513.0,48,1,0.43,Business,Master,Education,0,2025-09-24 10:48:12.964321456,Rejected_Review,Rejected
APP102222,2025-09-17 21:30:40.213404480,46,429274.0,3,656.0,332312.0,48,0,0.175,Salaried,Bachelor,Business,0,2025-09-20 21:30:40.213404480,Rejected_Review,Rejected
APP102223,2025-09-18 08:13:07.462487504,58,526669.0,22,764.0,843492.0,36,1,0.335,Salaried,High School,Education,1,2025-09-22 08:13:07.462487504,Approved_Review,Disbursed
APP102224,2025-09-18 18:55:34.711570528,62,645589.0,3,569.0,375367.0,36,0,0.156,Salaried,Master,Home,0,2025-09-23 18:55:34.711570528,Rejected_Review,Rejected
APP102225,2025-09-19 05:38:01.960653552,52,444575.0,5,679.0,1005408.0,60,2,0.428,Business,Master,Education,0,2025-09-26 05:38:01.960653552,Rejected_Review,Rejected
APP102226,2025-09-19 16:20:29.209736592,59,579235.0,3,792.0,333340.0,36,0,0.148,Contract,Bachelor,Personal,0,2025-09-25 16:20:29.209736592,Rejected_Review,Rejected
APP102227,2025-09-20 03:02:56.458819616,65,224251.0,10,736.0,178545.0,36,3,0.274,Self-Employed,Diploma,Home,0,2025-09-25 03:02:56.458819616,Rejected_Review,Closed
APP102228,2025-09-20 13:45:23.707902640,56,895296.0,8,758.0,752962.0,48,0,0.176,Salaried,Doctorate,Home,0,2025-09-25 13:45:23.707902640,Rejected_Review,Rejected
APP102229,2025-09-21 00:27:50.956985664,60,1129116.0,2,680.0,657596.0,48,3,0.229,Salaried,Bachelor,Personal,0,2025-10-01 00:27:50.956985664,Rejected_Review,Rejected
APP102230,2025-09-21 11:10:18.206068704,57,797463.0,6,614.0,1216965.0,36,1,0.215,Salaried,Bachelor,Medical,0,2025-09-26 11:10:18.206068704,Rejected_Review,Rejected
APP102231,2025-09-21 21:52:45.455151728,53,1800624.0,9,694.0,727790.0,12,1,0.119,Salaried,Master,Personal,1,2025-09-26 21:52:45.455151728,Standard_Review,Disbursed
APP102232,2025-09-22 08:35:12.704234752,56,883522.0,17,645.0,482342.0,24,1,0.265,Salaried,Bachelor,Personal,0,2025-09-28 08:35:12.704234752,Rejected_Review,Closed
APP102233,2025-09-22 19:17:39.953317776,23,1087065.0,8,835.0,534416.0,60,2,0.299,Business,Master,Personal,1,2025-09-27 19:17:39.953317776,Approved_Review,Disbursed
APP102234,2025-09-23 06:00:07.202400816,29,1134827.0,6,680.0,3495006.0,12,2,0.583,Salaried,Master,Vehicle,0,2025-10-02 06:00:07.202400816,Rejected_Review,Rejected
APP102235,2025-09-23 16:42:34.451483840,28,188485.0,3,731.0,452050.0,48,0,0.491,Contract,Doctorate,Education,0,2025-09-26 16:42:34.451483840,Rejected_Review,Rejected
APP102236,2025-09-24 03:25:01.700566864,53,786526.0,2,801.0,909918.0,24,1,0.393,Salaried,Bachelor,Business,0,2025-09-28 03:25:01.700566864,Rejected_Review,Rejected
APP102237,2025-09-24 14:07:28.949649888,26,348853.0,0,619.0,855923.0,24,1,0.512,Self-Employed,Master,Business,0,2025-09-25 14:07:28.949649888,Standard_Review,Rejected
APP102238,2025-09-25 00:49:56.198732912,61,382055.0,10,542.0,920586.0,36,1,0.332,Business,Bachelor,Home,0,2025-09-29 00:49:56.198732912,Rejected_Review,Closed
APP102239,2025-09-25 11:32:23.447815952,59,413160.0,12,722.0,883762.0,12,3,0.473,Salaried,Bachelor,Medical,0,2025-09-27 11:32:23.447815952,Rejected_Review,Rejected
APP102240,2025-09-25 22:14:50.696898976,24,564675.0,2,734.0,612330.0,24,0,0.346,Salaried,Bachelor,Business,0,2025-09-29 22:14:50.696898976,Rejected_Review,Rejected
APP102241,2025-09-26 08:57:17.945982000,33,871033.0,6,663.0,290051.0,48,0,0.059,Salaried,Bachelor,Personal,0,2025-09-29 08:57:17.945982000,Standard_Review,Rejected
APP102242,2025-09-26 19:39:45.195065024,22,790186.0,6,615.0,756646.0,36,1,0.218,Contract,Bachelor,Personal,0,2025-10-02 19:39:45.195065024,Standard_Review,Rejected
APP102243,2025-09-27 06:22:12.444148064,25,646330.0,7,710.0,695527.0,48,2,0.39,Salaried,Master,Vehicle,0,2025-09-30 06:22:12.444148064,Rejected_Review,Rejected
APP102244,2025-09-27 17:04:39.693231088,64,899807.0,8,,744748.0,12,2,0.24,Salaried,Master,Personal,0,2025-10-02 17:04:39.693231088,Rejected_Review,Rejected
APP102245,2025-09-28 03:47:06.942314112,47,924766.0,6,711.0,928617.0,60,1,0.191,Business,Master,Personal,0,2025-10-02 03:47:06.942314112,Rejected_Review,Rejected
APP102246,2025-09-28 14:29:34.191397136,52,793262.0,6,616.0,569223.0,60,3,0.297,Self-Employed,Master,Vehicle,0,2025-10-04 14:29:34.191397136,Rejected_Review,Rejected
APP102247,2025-09-29 01:12:01.440480176,41,299150.0,7,711.0,513338.0,12,4,0.337,Salaried,Diploma,Personal,0,2025-10-03 01:12:01.440480176,Rejected_Review,Closed
APP102248,2025-09-29 11:54:28.689563200,28,466041.0,13,743.0,1098281.0,60,1,0.406,Salaried,Diploma,Education,0,2025-10-02 11:54:28.689563200,Rejected_Review,Rejected
APP102249,2025-09-29 22:36:55.938646224,58,657747.0,6,592.0,593868.0,36,4,0.32,Salaried,Diploma,Business,0,2025-09-30 22:36:55.938646224,Rejected_Review,Rejected
APP102250,2025-09-30 09:19:23.187729248,28,904178.0,9,785.0,546875.0,48,0,0.251,Salaried,High School,Home,0,2025-10-01 09:19:23.187729248,Standard_Review,Rejected
APP102251,2025-09-30 20:01:50.436812272,23,357491.0,5,707.0,523721.0,36,0,0.318,Salaried,Bachelor,Personal,0,2025-10-05 20:01:50.436812272,Rejected_Review,Rejected
APP102252,2025-10-01 06:44:17.685895312,64,646690.0,6,745.0,942339.0,36,1,0.348,Salaried,Bachelor,Personal,0,2025-10-02 06:44:17.685895312,Rejected_Review,Rejected
APP102253,2025-10-01 17:26:44.934978336,23,321321.0,9,607.0,630301.0,36,1,0.373,Self-Employed,Bachelor,Home,0,2025-10-07 17:26:44.934978336,Rejected_Review,Rejected
APP102254,2025-10-02 04:09:12.184061360,42,1031362.0,8,734.0,2116426.0,36,1,0.46,Salaried,Bachelor,Home,0,2025-10-05 04:09:12.184061360,Rejected_Review,Rejected
APP102255,2025-10-02 14:51:39.433144384,26,724896.0,11,583.0,720398.0,48,1,0.17,Salaried,Bachelor,Vehicle,0,2025-10-06 14:51:39.433144384,Rejected_Review,Rejected
APP102256,2025-10-03 01:34:06.682227424,22,354678.0,8,628.0,382902.0,48,1,0.266,Contract,Diploma,Business,1,2025-10-08 01:34:06.682227424,Approved_Review,Disbursed
APP102257,2025-10-03 12:16:33.931310448,43,353628.0,3,707.0,562642.0,36,0,0.312,Salaried,Diploma,Education,0,2025-10-09 12:16:33.931310448,Rejected_Review,Rejected
APP102258,2025-10-03 22:59:01.180393472,64,773803.0,1,,971402.0,60,1,0.322,Salaried,Bachelor,Medical,0,2025-10-04 22:59:01.180393472,Rejected_Review,Closed
APP102259,2025-10-04 09:41:28.429476496,22,1206685.0,14,692.0,518528.0,60,3,0.123,Business,Diploma,Medical,0,2025-10-05 09:41:28.429476496,Rejected_Review,Closed
APP102260,2025-10-04 20:23:55.678559536,58,396795.0,4,815.0,693999.0,60,1,0.465,Business,Bachelor,Business,0,2025-10-07 20:23:55.678559536,Rejected_Review,Rejected
APP102261,2025-10-05 07:06:22.927642560,37,926065.0,3,691.0,1141739.0,60,1,0.246,Salaried,Diploma,Education,0,2025-10-11 07:06:22.927642560,Standard_Review,Rejected
APP102262,2025-10-05 17:48:50.176725584,55,509263.0,8,736.0,1230916.0,36,2,0.514,Self-Employed,Bachelor,Personal,1,2025-10-09 17:48:50.176725584,Approved_Review,Pending_Disbursement
APP102263,2025-10-06 04:31:17.425808608,54,941439.0,10,686.0,538545.0,36,2,0.261,Self-Employed,Bachelor,Personal,0,2025-10-12 04:31:17.425808608,Rejected_Review,Rejected
APP102264,2025-10-06 15:13:44.674891632,43,883957.0,9,684.0,615644.0,36,0,0.249,Business,Bachelor,Home,0,2025-10-07 15:13:44.674891632,Rejected_Review,Rejected
APP102265,2025-10-07 01:56:11.923974672,50,697050.0,2,626.0,734722.0,60,1,0.294,Business,High School,Vehicle,0,2025-10-10 01:56:11.923974672,Standard_Review,Rejected
APP102266,2025-10-07 12:38:39.173057696,28,284717.0,5,714.0,1369558.0,24,1,0.597,Self-Employed,Diploma,Medical,0,2025-10-11 12:38:39.173057696,Rejected_Review,Rejected
APP102267,2025-10-07 23:21:06.422140720,42,883160.0,11,850.0,403905.0,36,2,0.17,Contract,Bachelor,Vehicle,0,2025-10-09 23:21:06.422140720,Rejected_Review,Rejected
APP102268,2025-10-08 10:03:33.671223744,64,814750.0,7,696.0,837937.0,24,1,0.501,Business,Doctorate,Medical,0,2025-10-10 10:03:33.671223744,Rejected_Review,Rejected
APP102269,2025-10-08 20:46:00.920306784,56,781852.0,12,673.0,719676.0,24,0,0.275,Salaried,Diploma,Medical,0,2025-10-10 20:46:00.920306784,Rejected_Review,Closed
APP102270,2025-10-09 07:28:28.169389808,25,709830.0,1,764.0,447005.0,36,1,0.254,Contract,Diploma,Vehicle,0,2025-10-12 07:28:28.169389808,Standard_Review,Rejected
APP102271,2025-10-09 18:10:55.418472832,33,437693.0,2,756.0,1299519.0,48,2,0.372,Salaried,Diploma,Medical,0,2025-10-11 18:10:55.418472832,Rejected_Review,Rejected
APP102272,2025-10-10 04:53:22.667555856,49,1058180.0,18,719.0,1148544.0,12,0,0.263,Business,Master,Home,0,2025-10-16 04:53:22.667555856,Rejected_Review,Rejected
APP102273,2025-10-10 15:35:49.916638896,51,973731.0,10,670.0,1510534.0,36,1,0.311,Business,Master,Home,0,2025-10-14 15:35:49.916638896,Standard_Review,Rejected
APP102274,2025-10-11 02:18:17.165721920,36,400628.0,1,764.0,1262920.0,60,2,0.476,Salaried,High School,Education,0,2025-10-16 02:18:17.165721920,Rejected_Review,Rejected
APP102275,2025-10-11 13:00:44.414804944,62,1174274.0,3,698.0,703579.0,48,0,0.262,Salaried,Master,Vehicle,0,2025-10-16 13:00:44.414804944,Rejected_Review,Rejected
APP102276,2025-10-11 23:43:11.663887968,50,689677.0,3,749.0,954123.0,24,1,0.286,Contract,Bachelor,Home,0,2025-10-18 23:43:11.663887968,Standard_Review,Closed
APP102277,2025-10-12 10:25:38.912970992,36,688892.0,9,637.0,826333.0,60,0,0.243,Salaried,Master,Vehicle,0,2025-10-20 10:25:38.912970992,Rejected_Review,Rejected
APP102278,2025-10-12 21:08:06.162054032,32,600410.0,3,652.0,444762.0,48,0,0.136,Salaried,Bachelor,Home,0,2025-10-15 21:08:06.162054032,Rejected_Review,Rejected
APP102279,2025-10-13 07:50:33.411137056,37,627583.0,3,696.0,364628.0,12,2,0.142,Self-Employed,High School,Vehicle,0,2025-10-18 07:50:33.411137056,Rejected_Review,Rejected
APP102280,2025-10-13 18:33:00.660220080,36,1204569.0,4,610.0,841836.0,48,4,0.165,Salaried,Master,Personal,0,2025-10-16 18:33:00.660220080,Rejected_Review,Rejected
APP102281,2025-10-14 05:15:27.909303104,32,1034689.0,13,666.0,734593.0,48,0,0.211,Business,Master,Business,0,2025-10-20 05:15:27.909303104,Standard_Review,Rejected
APP102282,2025-10-14 15:57:55.158386144,28,1024852.0,11,607.0,591625.0,36,3,0.185,Salaried,Master,Personal,0,2025-10-21 15:57:55.158386144,Rejected_Review,Rejected
APP102283,2025-10-15 02:40:22.407469168,40,706290.0,7,590.0,668406.0,12,2,0.22,Contract,Bachelor,Home,0,2025-10-19 02:40:22.407469168,Rejected_Review,Rejected
APP102284,2025-10-15 13:22:49.656552192,23,969809.0,4,848.0,1695634.0,36,1,0.242,Contract,High School,Vehicle,1,2025-10-21 13:22:49.656552192,Approved_Review,Disbursed
APP102285,2025-10-16 00:05:16.905635216,36,446541.0,11,650.0,235397.0,48,4,0.143,Self-Employed,Bachelor,Home,0,2025-10-19 00:05:16.905635216,Rejected_Review,Rejected
APP102286,2025-10-16 10:47:44.154718256,50,845156.0,10,656.0,963939.0,36,0,0.296,Self-Employed,Master,Vehicle,0,2025-10-22 10:47:44.154718256,Rejected_Review,Rejected
APP102287,2025-10-16 21:30:11.403801280,65,606620.0,13,695.0,1066717.0,48,3,0.463,Self-Employed,Bachelor,Business,0,2025-10-18 21:30:11.403801280,Standard_Review,Rejected
APP102288,2025-10-17 08:12:38.652884304,43,257253.0,9,621.0,1135629.0,36,2,0.75,Salaried,Master,Business,0,2025-10-19 08:12:38.652884304,Rejected_Review,Closed
APP102289,2025-10-17 18:55:05.901967328,48,318374.0,6,657.0,351392.0,36,0,0.422,Salaried,High School,Home,0,2025-10-22 18:55:05.901967328,Standard_Review,Rejected
APP102290,2025-10-18 05:37:33.151050352,60,482332.0,6,809.0,604550.0,36,4,0.319,Business,High School,Home,0,2025-10-24 05:37:33.151050352,Rejected_Review,Rejected
APP102291,2025-10-18 16:20:00.400133392,25,783516.0,11,713.0,589638.0,36,1,0.236,Self-Employed,Master,Education,0,2025-10-23 16:20:00.400133392,Rejected_Review,Rejected
APP102292,2025-10-19 03:02:27.649216416,40,482527.0,4,754.0,810032.0,60,1,0.396,Business,Diploma,Personal,0,2025-10-25 03:02:27.649216416,Rejected_Review,Rejected
APP102293,2025-10-19 13:44:54.898299440,60,498184.0,6,792.0,397970.0,48,2,0.221,Salaried,Bachelor,Home,0,2025-10-21 13:44:54.898299440,Rejected_Review,Rejected
APP102294,2025-10-20 00:27:22.147382464,64,916388.0,4,704.0,845831.0,36,0,0.317,Salaried,Bachelor,Business,0,2025-10-24 00:27:22.147382464,Rejected_Review,Rejected
APP102295,2025-10-20 11:09:49.396465504,21,506344.0,3,676.0,449752.0,36,2,0.245,Salaried,High School,Home,0,2025-10-21 11:09:49.396465504,Rejected_Review,Rejected
APP102296,2025-10-20 21:52:16.645548528,50,1183032.0,6,597.0,603225.0,48,1,0.231,Salaried,Master,Medical,0,2025-10-22 21:52:16.645548528,Rejected_Review,Rejected
APP102297,2025-10-21 08:34:43.894631552,41,1098036.0,3,665.0,1371427.0,60,1,0.249,Business,High School,Vehicle,0,2025-10-28 08:34:43.894631552,Rejected_Review,Rejected
APP102298,2025-10-21 19:17:11.143714576,40,656432.0,3,679.0,1066521.0,48,2,0.412,Self-Employed,Master,Home,0,2025-10-24 19:17:11.143714576,Standard_Review,Rejected
APP102299,2025-10-22 05:59:38.392797600,26,912356.0,2,638.0,744709.0,36,1,0.179,Business,Diploma,Personal,0,2025-10-30 05:59:38.392797600,Rejected_Review,Rejected
APP102300,2025-10-22 16:42:05.641880640,42,,17,790.0,348958.0,60,0,0.154,Business,Diploma,Vehicle,1,2025-10-26 16:42:05.641880640,Approved_Review,Pending_Disbursement
APP102301,2025-10-23 03:24:32.890963664,38,581972.0,7,762.0,826558.0,48,1,0.297,Salaried,Master,Personal,0,2025-10-27 03:24:32.890963664,Rejected_Review,Rejected
APP102302,2025-10-23 14:07:00.140046688,28,957866.0,14,754.0,854808.0,24,2,0.199,Salaried,Bachelor,Business,0,2025-10-27 14:07:00.140046688,Rejected_Review,Rejected
APP102303,2025-10-24 00:49:27.389129712,59,1023495.0,22,682.0,245028.0,36,4,0.218,Salaried,Diploma,Personal,0,2025-10-30 00:49:27.389129712,Rejected_Review,Rejected
APP102304,2025-10-24 11:31:54.638212752,52,423425.0,1,623.0,834226.0,36,2,0.396,Salaried,High School,Personal,0,2025-10-28 11:31:54.638212752,Rejected_Review,Rejected
APP102305,2025-10-24 22:14:21.887295776,53,696501.0,26,776.0,408727.0,48,0,0.152,Salaried,Doctorate,Vehicle,0,2025-10-28 22:14:21.887295776,Rejected_Review,Rejected
APP102306,2025-10-25 08:56:49.136378800,36,693048.0,7,712.0,334051.0,12,1,0.171,Salaried,Bachelor,Personal,1,2025-10-30 08:56:49.136378800,Approved_Review,Disbursed
APP102307,2025-10-25 19:39:16.385461824,32,952701.0,4,740.0,399450.0,36,2,0.21,Business,Bachelor,Home,0,2025-10-26 19:39:16.385461824,Rejected_Review,Closed
APP102308,2025-10-26 06:21:43.634544864,58,532315.0,3,730.0,237541.0,36,3,0.218,Self-Employed,High School,Personal,1,2025-10-30 06:21:43.634544864,Approved_Review,Disbursed
APP102309,2025-10-26 17:04:10.883627888,54,496697.0,12,710.0,570942.0,24,1,0.221,Salaried,Master,Business,0,2025-10-30 17:04:10.883627888,Rejected_Review,Rejected
APP102310,2025-10-27 03:46:38.132710912,34,701361.0,7,820.0,423452.0,36,2,0.224,Self-Employed,High School,Business,0,2025-11-01 03:46:38.132710912,Rejected_Review,Rejected
APP102311,2025-10-27 14:29:05.381793936,56,1106087.0,11,647.0,1238149.0,48,1,0.328,Salaried,Bachelor,Education,0,2025-11-02 14:29:05.381793936,Rejected_Review,Rejected
APP102312,2025-10-28 01:11:32.630876960,53,378893.0,5,670.0,584964.0,36,0,0.314,Self-Employed,Bachelor,Home,0,2025-11-01 01:11:32.630876960,Standard_Review,Rejected
APP102313,2025-10-28 11:53:59.879960000,43,409858.0,6,797.0,488416.0,48,1,0.221,Salaried,Master,Business,0,2025-11-02 11:53:59.879960000,Rejected_Review,Closed
APP102314,2025-10-28 22:36:27.129043024,65,514268.0,2,695.0,315633.0,48,2,0.317,Contract,Bachelor,Vehicle,0,2025-10-29 22:36:27.129043024,Rejected_Review,Rejected
APP102315,2025-10-29 09:18:54.378126048,22,557138.0,4,682.0,565164.0,48,2,0.316,Salaried,Bachelor,Education,0,2025-11-06 09:18:54.378126048,Rejected_Review,Rejected
APP102316,2025-10-29 20:01:21.627209072,61,293671.0,13,674.0,1377196.0,36,1,0.684,Business,Bachelor,Home,0,2025-11-05 20:01:21.627209072,Rejected_Review,Rejected
APP102317,2025-10-30 06:43:48.876292112,41,1275585.0,2,734.0,1517379.0,24,0,0.299,Self-Employed,Bachelor,Business,0,2025-11-02 06:43:48.876292112,Rejected_Review,Rejected
APP102318,2025-10-30 17:26:16.125375136,22,612981.0,11,675.0,583305.0,24,1,0.239,Self-Employed,Master,Home,0,2025-11-03 17:26:16.125375136,Standard_Review,Rejected
APP102319,2025-10-31 04:08:43.374458160,47,573023.0,11,668.0,676090.0,60,1,0.222,Contract,Master,Personal,0,2025-11-01 04:08:43.374458160,Rejected_Review,Rejected
APP102320,2025-10-31 14:51:10.623541184,29,1349054.0,6,733.0,994790.0,36,0,0.286,Salaried,Diploma,Home,1,2025-11-05 14:51:10.623541184,Standard_Review,Disbursed
APP102321,2025-11-01 01:33:37.872624224,21,897829.0,12,696.0,419184.0,48,0,0.323,Salaried,Bachelor,Home,0,2025-11-04 01:33:37.872624224,Rejected_Review,Rejected
APP102322,2025-11-01 12:16:05.121707248,31,510828.0,9,624.0,841858.0,36,1,0.411,Salaried,Master,Education,0,2025-11-02 12:16:05.121707248,Rejected_Review,Rejected
APP102323,2025-11-01 22:58:32.370790272,23,699976.0,4,692.0,2285740.0,12,1,0.559,Business,Bachelor,Home,0,2025-11-06 22:58:32.370790272,Rejected_Review,Rejected
APP102324,2025-11-02 09:40:59.619873296,43,637906.0,5,781.0,1026220.0,48,1,0.321,Salaried,Bachelor,Personal,0,2025-11-04 09:40:59.619873296,Rejected_Review,Rejected
APP102325,2025-11-02 20:23:26.868956320,46,1247292.0,7,740.0,1009983.0,12,1,0.061,Salaried,High School,Education,0,2025-11-04 20:23:26.868956320,Rejected_Review,Rejected
APP102326,2025-11-03 07:05:54.118039360,24,602828.0,6,789.0,1370577.0,60,3,0.533,Salaried,High School,Education,0,2025-11-09 07:05:54.118039360,Rejected_Review,Rejected
APP102327,2025-11-03 17:48:21.367122384,38,339694.0,11,642.0,1099898.0,24,1,0.492,Self-Employed,Diploma,Medical,0,2025-11-10 17:48:21.367122384,Rejected_Review,Rejected
APP102328,2025-11-04 04:30:48.616205408,26,279282.0,3,760.0,616878.0,36,1,0.473,Salaried,Bachelor,Home,0,2025-11-09 04:30:48.616205408,Rejected_Review,Closed
APP102329,2025-11-04 15:13:15.865288432,55,1262432.0,3,648.0,388068.0,12,0,0.253,Salaried,Doctorate,Home,0,2025-11-11 15:13:15.865288432,Rejected_Review,Rejected
APP102330,2025-11-05 01:55:43.114371472,42,455819.0,1,610.0,654802.0,60,2,0.386,Salaried,Master,Education,0,2025-11-08 01:55:43.114371472,Rejected_Review,Rejected
APP102331,2025-11-05 12:38:10.363454496,63,878809.0,3,638.0,431057.0,60,1,0.111,Salaried,High School,Vehicle,0,2025-11-10 12:38:10.363454496,Rejected_Review,Rejected
APP102332,2025-11-05 23:20:37.612537520,35,671333.0,11,699.0,607979.0,24,0,0.327,Business,Master,Personal,1,2025-11-09 23:20:37.612537520,Approved_Review,Disbursed
APP102333,2025-11-06 10:03:04.861620544,42,538872.0,14,757.0,452803.0,36,0,0.218,Salaried,Master,Medical,0,2025-11-11 10:03:04.861620544,Rejected_Review,Rejected
APP102334,2025-11-06 20:45:32.110703584,57,578270.0,15,710.0,576021.0,12,0,0.263,Business,Bachelor,Personal,0,2025-11-08 20:45:32.110703584,Rejected_Review,Rejected
APP102335,2025-11-07 07:27:59.359786608,62,1325430.0,6,680.0,333092.0,48,0,0.172,Self-Employed,Bachelor,Personal,0,2025-11-08 07:27:59.359786608,Rejected_Review,Rejected
APP102336,2025-11-07 18:10:26.608869632,32,338778.0,9,623.0,494934.0,36,2,0.282,Salaried,Bachelor,Medical,0,2025-11-14 18:10:26.608869632,Rejected_Review,Rejected
APP102337,2025-11-08 04:52:53.857952656,62,546245.0,10,736.0,857342.0,48,3,0.317,Salaried,Bachelor,Personal,0,2025-11-11 04:52:53.857952656,Rejected_Review,Closed
APP102338,2025-11-08 15:35:21.107035680,58,977430.0,14,753.0,972674.0,12,0,0.279,Contract,Diploma,Home,0,2025-11-09 15:35:21.107035680,Standard_Review,Rejected
APP102339,2025-11-09 02:17:48.356118720,38,364876.0,10,709.0,872666.0,48,2,0.371,Salaried,Bachelor,Vehicle,0,2025-11-13 02:17:48.356118720,Rejected_Review,Closed
APP102340,2025-11-09 13:00:15.605201744,65,1175854.0,11,622.0,580035.0,36,1,0.095,Salaried,Bachelor,Vehicle,0,2025-11-14 13:00:15.605201744,Rejected_Review,Rejected
APP102341,2025-11-09 23:42:42.854284768,55,971154.0,15,743.0,745080.0,48,1,0.305,Self-Employed,Bachelor,Education,0,2025-11-13 23:42:42.854284768,Rejected_Review,Rejected
APP102342,2025-11-10 10:25:10.103367792,50,734566.0,11,770.0,1850227.0,48,2,0.472,Salaried,Bachelor,Home,0,2025-11-15 10:25:10.103367792,Rejected_Review,Closed
APP102343,2025-11-10 21:07:37.352450832,44,518299.0,3,790.0,488191.0,24,0,0.133,Self-Employed,Master,Personal,0,2025-11-14 21:07:37.352450832,Standard_Review,Rejected
APP102344,2025-11-11 07:50:04.601533856,62,344388.0,0,662.0,1561716.0,36,3,0.723,Self-Employed,High School,Education,0,2025-11-14 07:50:04.601533856,Rejected_Review,Rejected
APP102345,2025-11-11 18:32:31.850616880,50,893497.0,8,718.0,340070.0,48,1,0.183,Salaried,Bachelor,Business,0,2025-11-15 18:32:31.850616880,Rejected_Review,Rejected
APP102346,2025-11-12 05:14:59.099699904,34,2239175.0,8,655.0,297871.0,36,1,0.075,Salaried,Master,Education,0,2025-11-16 05:14:59.099699904,Rejected_Review,Rejected
APP102347,2025-11-12 15:57:26.348782944,26,694106.0,7,630.0,650304.0,24,0,0.224,Contract,Bachelor,Vehicle,0,2025-11-16 15:57:26.348782944,Rejected_Review,Rejected
APP102348,2025-11-13 02:39:53.597865968,23,285788.0,11,793.0,687015.0,48,2,0.464,Salaried,Master,Education,0,2025-11-18 02:39:53.597865968,Standard_Review,Closed
APP102349,2025-11-13 13:22:20.846948992,36,798596.0,10,727.0,397727.0,60,1,0.14,Salaried,Bachelor,Vehicle,0,2025-11-18 13:22:20.846948992,Rejected_Review,Rejected
APP102350,2025-11-14 00:04:48.096032016,27,957275.0,13,774.0,593789.0,60,0,0.153,Business,Bachelor,Personal,0,2025-11-17 00:04:48.096032016,Standard_Review,Rejected
APP102351,2025-11-14 10:47:15.345115040,34,430066.0,6,610.0,856102.0,48,3,0.349,Salaried,Master,Personal,0,2025-11-19 10:47:15.345115040,Standard_Review,Rejected
APP102352,2025-11-14 21:29:42.594198080,29,486138.0,17,709.0,429940.0,36,1,0.19,Contract,Diploma,Vehicle,0,2025-11-19 21:29:42.594198080,Rejected_Review,Rejected
APP102353,2025-11-15 08:12:09.843281104,35,464356.0,3,723.0,1163324.0,36,2,0.373,Self-Employed,Master,Business,0,2025-11-21 08:12:09.843281104,Rejected_Review,Rejected
APP102354,2025-11-15 18:54:37.092364128,41,511761.0,6,636.0,1228638.0,12,3,0.36,Salaried,Diploma,Personal,0,2025-11-19 18:54:37.092364128,Rejected_Review,Rejected
APP102355,2025-11-16 05:37:04.341447152,55,601544.0,6,787.0,1304541.0,36,3,0.441,Salaried,Bachelor,Home,0,2025-11-22 05:37:04.341447152,Rejected_Review,Closed
APP102356,2025-11-16 16:19:31.590530192,22,441230.0,10,674.0,444580.0,24,2,0.207,Business,High School,Home,0,2025-11-17 16:19:31.590530192,Rejected_Review,Rejected
APP102357,2025-11-17 03:01:58.839613216,47,372727.0,4,719.0,474446.0,36,0,0.378,Contract,Master,Vehicle,0,2025-11-19 03:01:58.839613216,Rejected_Review,Rejected
APP102358,2025-11-17 13:44:26.088696240,22,703059.0,2,654.0,642036.0,60,1,0.411,Salaried,Doctorate,Education,0,2025-11-23 13:44:26.088696240,Rejected_Review,Rejected
APP102359,2025-11-18 00:26:53.337779264,55,598708.0,8,612.0,610916.0,60,1,0.261,Self-Employed,High School,Medical,0,2025-11-23 00:26:53.337779264,Rejected_Review,Rejected
APP102360,2025-11-18 11:09:20.586862304,38,534143.0,4,749.0,594806.0,60,1,0.425,Salaried,Bachelor,Business,0,2025-11-20 11:09:20.586862304,Rejected_Review,Rejected
APP102361,2025-11-18 21:51:47.835945328,34,674794.0,7,715.0,1021430.0,24,1,0.37,Salaried,Doctorate,Business,0,2025-11-22 21:51:47.835945328,Standard_Review,Rejected
APP102362,2025-11-19 08:34:15.085028352,40,327961.0,3,705.0,950431.0,60,1,0.509,Salaried,Bachelor,Business,0,2025-11-25 08:34:15.085028352,Rejected_Review,Closed
APP102363,2025-11-19 19:16:42.334111376,38,731732.0,4,672.0,452052.0,24,0,0.22,Business,Master,Personal,0,2025-11-21 19:16:42.334111376,Standard_Review,Rejected
APP102364,2025-11-20 05:59:09.583194400,30,539106.0,5,713.0,395638.0,36,4,0.101,Contract,High School,Education,0,2025-11-25 05:59:09.583194400,Standard_Review,Rejected
APP102365,2025-11-20 16:41:36.832277440,45,723965.0,12,772.0,376736.0,48,4,0.181,Business,Diploma,Vehicle,0,2025-11-28 16:41:36.832277440,Rejected_Review,Rejected
APP102366,2025-11-21 03:24:04.081360464,22,778068.0,2,646.0,451038.0,36,0,0.141,Salaried,Bachelor,Education,0,2025-11-23 03:24:04.081360464,Rejected_Review,Rejected
APP102367,2025-11-21 14:06:31.330443488,45,1081377.0,3,726.0,1068515.0,60,0,0.33,Business,Doctorate,Personal,0,2025-11-23 14:06:31.330443488,Rejected_Review,Rejected
APP102368,2025-11-22 00:48:58.579526512,53,680823.0,12,703.0,752006.0,36,3,0.402,Business,Master,Personal,0,2025-11-23 00:48:58.579526512,Rejected_Review,Rejected
APP102369,2025-11-22 11:31:25.828609552,56,1050473.0,3,678.0,1112099.0,36,1,0.292,Self-Employed,Master,Medical,0,2025-11-25 11:31:25.828609552,Rejected_Review,Rejected
APP102370,2025-11-22 22:13:53.077692576,51,562343.0,8,583.0,299188.0,12,3,0.231,Contract,Bachelor,Vehicle,0,2025-11-28 22:13:53.077692576,Rejected_Review,Rejected
APP102371,2025-11-23 08:56:20.326775600,34,574553.0,12,689.0,802535.0,60,0,0.385,Salaried,Master,Home,0,2025-11-26 08:56:20.326775600,Rejected_Review,Rejected
APP102372,2025-11-23 19:38:47.575858624,21,623940.0,6,734.0,797416.0,36,1,0.312,Salaried,Master,Personal,0,2025-12-02 19:38:47.575858624,Standard_Review,Rejected
APP102373,2025-11-24 06:21:14.824941664,36,920879.0,8,711.0,1275686.0,48,1,0.4,Salaried,Bachelor,Personal,0,2025-12-04 06:21:14.824941664,Standard_Review,Closed
APP102374,2025-11-24 17:03:42.074024688,23,863422.0,12,596.0,570512.0,48,2,0.395,Salaried,Master,Education,0,2025-12-02 17:03:42.074024688,Rejected_Review,Rejected
APP102375,2025-11-25 03:46:09.323107712,55,690734.0,5,771.0,550688.0,48,0,0.347,Salaried,Diploma,Education,0,2025-11-28 03:46:09.323107712,Rejected_Review,Rejected
APP102376,2025-11-25 14:28:36.572190736,61,374088.0,11,797.0,1486724.0,36,3,0.583,Contract,High School,Education,0,2025-11-30 14:28:36.572190736,Rejected_Review,Rejected
APP102377,2025-11-26 01:11:03.821273760,26,856495.0,9,683.0,642633.0,36,1,0.299,Self-Employed,Bachelor,Vehicle,0,2025-11-29 01:11:03.821273760,Rejected_Review,Rejected
APP102378,2025-11-26 11:53:31.070356800,45,441130.0,12,840.0,764878.0,48,2,0.311,Self-Employed,High School,Personal,0,2025-11-29 11:53:31.070356800,Rejected_Review,Rejected
APP102379,2025-11-26 22:35:58.319439824,33,430445.0,18,636.0,888229.0,60,0,0.382,Salaried,High School,Home,0,2025-12-01 22:35:58.319439824,Standard_Review,Rejected
APP102380,2025-11-27 09:18:25.568522848,54,389418.0,16,607.0,304053.0,60,1,0.359,Self-Employed,Bachelor,Personal,0,2025-11-29 09:18:25.568522848,Rejected_Review,Rejected
APP102381,2025-11-27 20:00:52.817605872,28,626123.0,4,624.0,714535.0,24,2,0.217,Salaried,Diploma,Vehicle,0,2025-11-28 20:00:52.817605872,Rejected_Review,Rejected
APP102382,2025-11-28 06:43:20.066688912,41,1121305.0,11,706.0,375595.0,12,0,0.162,Salaried,Master,Home,0,2025-11-29 06:43:20.066688912,Rejected_Review,Rejected
APP102383,2025-11-28 17:25:47.315771936,54,420969.0,7,574.0,669992.0,36,0,0.421,Business,Bachelor,Education,0,2025-12-03 17:25:47.315771936,Standard_Review,Rejected
APP102384,2025-11-29 04:08:14.564854960,24,1383444.0,4,670.0,604135.0,48,3,0.142,Self-Employed,Bachelor,Business,0,2025-12-07 04:08:14.564854960,Rejected_Review,Rejected
APP102385,2025-11-29 14:50:41.813937984,45,978858.0,3,850.0,543427.0,36,1,0.082,Salaried,Diploma,Personal,0,2025-12-05 14:50:41.813937984,Standard_Review,Rejected
APP102386,2025-11-30 01:33:09.063021024,35,336266.0,1,592.0,957587.0,48,1,0.387,Business,Bachelor,Business,0,2025-12-04 01:33:09.063021024,Rejected_Review,Rejected
APP102387,2025-11-30 12:15:36.312104048,24,547150.0,11,654.0,734933.0,60,0,0.269,Salaried,Bachelor,Business,0,2025-12-06 12:15:36.312104048,Standard_Review,Closed
APP102388,2025-11-30 22:58:03.561187072,65,407019.0,8,623.0,411838.0,36,2,0.269,Salaried,High School,Home,0,2025-12-04 22:58:03.561187072,Rejected_Review,Rejected
APP102389,2025-12-01 09:40:30.810270096,32,876733.0,5,671.0,404907.0,36,3,0.184,Contract,Bachelor,Home,0,2025-12-07 09:40:30.810270096,Rejected_Review,Rejected
APP102390,2025-12-01 20:22:58.059353120,52,416672.0,4,667.0,1065453.0,60,0,0.421,Contract,Bachelor,Home,0,2025-12-07 20:22:58.059353120,Rejected_Review,Closed
APP102391,2025-12-02 07:05:25.308436160,52,313396.0,18,646.0,686902.0,36,2,0.418,Salaried,Diploma,Home,0,2025-12-03 07:05:25.308436160,Standard_Review,Rejected
APP102392,2025-12-02 17:47:52.557519184,48,561379.0,9,680.0,343446.0,36,3,0.189,Self-Employed,Diploma,Business,0,2025-12-05 17:47:52.557519184,Rejected_Review,Rejected
APP102393,2025-12-03 04:30:19.806602208,33,1100148.0,13,731.0,568404.0,36,2,0.163,Salaried,Bachelor,Vehicle,0,2025-12-08 04:30:19.806602208,Rejected_Review,Rejected
APP102394,2025-12-03 15:12:47.055685232,51,596059.0,5,780.0,647006.0,36,2,0.296,Salaried,Master,Home,0,2025-12-09 15:12:47.055685232,Rejected_Review,Rejected
APP102395,2025-12-04 01:55:14.304768272,34,777647.0,0,672.0,377707.0,48,1,0.216,Self-Employed,Bachelor,Vehicle,0,2025-12-07 01:55:14.304768272,Rejected_Review,Rejected
APP102396,2025-12-04 12:37:41.553851296,40,791339.0,11,690.0,509087.0,36,0,0.298,Salaried,Master,Home,0,2025-12-05 12:37:41.553851296,Rejected_Review,Rejected
APP102397,2025-12-04 23:20:08.802934320,38,329129.0,6,720.0,1107663.0,36,1,0.695,Business,Bachelor,Medical,0,2025-12-08 23:20:08.802934320,Rejected_Review,Closed
APP102398,2025-12-05 10:02:36.052017344,49,433657.0,2,610.0,2430603.0,48,1,0.675,Salaried,Master,Vehicle,0,2025-12-06 10:02:36.052017344,Rejected_Review,Rejected
APP102399,2025-12-05 20:45:03.301100368,26,651894.0,1,680.0,814367.0,24,1,0.336,Contract,Master,Vehicle,0,2025-12-07 20:45:03.301100368,Rejected_Review,Rejected
APP102400,2025-12-06 07:27:30.550183408,52,505811.0,9,657.0,355542.0,24,2,0.245,Self-Employed,High School,Business,0,2025-12-13 07:27:30.550183408,Rejected_Review,Rejected
APP102401,2025-12-06 18:09:57.799266432,49,1399649.0,7,752.0,627819.0,48,1,0.293,Self-Employed,High School,Vehicle,0,2025-12-09 18:09:57.799266432,Rejected_Review,Closed
APP102402,2025-12-07 04:52:25.048349456,63,373989.0,9,804.0,744040.0,60,0,0.353,Self-Employed,High School,Personal,0,2025-12-10 04:52:25.048349456,Rejected_Review,Rejected
APP102403,2025-12-07 15:34:52.297432480,22,431732.0,5,639.0,1037171.0,36,1,0.412,Contract,High School,Personal,0,2025-12-11 15:34:52.297432480,Rejected_Review,Rejected
APP102404,2025-12-08 02:17:19.546515520,43,740790.0,13,773.0,1049508.0,24,2,0.23,Contract,Bachelor,Vehicle,0,2025-12-14 02:17:19.546515520,Rejected_Review,Rejected
APP102405,2025-12-08 12:59:46.795598544,39,490007.0,7,595.0,1384656.0,48,1,0.561,Self-Employed,Master,Vehicle,0,2025-12-12 12:59:46.795598544,Rejected_Review,Rejected
APP102406,2025-12-08 23:42:14.044681568,51,180000.0,14,703.0,699457.0,48,3,0.626,Self-Employed,Doctorate,Business,0,2025-12-15 23:42:14.044681568,Rejected_Review,Rejected
APP102407,2025-12-09 10:24:41.293764592,25,1552433.0,3,707.0,706215.0,36,2,0.283,Self-Employed,Bachelor,Business,0,2025-12-11 10:24:41.293764592,Rejected_Review,Rejected
APP102408,2025-12-09 21:07:08.542847632,39,400829.0,7,594.0,272356.0,24,1,0.201,Salaried,Master,Personal,0,2025-12-11 21:07:08.542847632,Standard_Review,Rejected
APP102409,2025-12-10 07:49:35.791930656,54,836623.0,7,636.0,421867.0,24,2,0.163,Salaried,Bachelor,Vehicle,0,2025-12-15 07:49:35.791930656,Standard_Review,Rejected
APP102410,2025-12-10 18:32:03.041013680,30,369794.0,4,630.0,354233.0,48,1,0.316,Salaried,Bachelor,Home,0,2025-12-13 18:32:03.041013680,Rejected_Review,Closed
APP102411,2025-12-11 05:14:30.290096704,45,440807.0,9,605.0,459785.0,36,3,0.251,Self-Employed,Master,Business,0,2025-12-16 05:14:30.290096704,Rejected_Review,Rejected
APP102412,2025-12-11 15:56:57.539179728,22,313141.0,2,517.0,393525.0,60,2,0.345,Salaried,Bachelor,Medical,0,2025-12-20 15:56:57.539179728,Rejected_Review,Rejected
APP102413,2025-12-12 02:39:24.788262768,31,465650.0,5,677.0,407070.0,36,0,0.291,Salaried,Master,Personal,1,2025-12-13 02:39:24.788262768,Approved_Review,Disbursed
APP102414,2025-12-12 13:21:52.037345792,51,486407.0,8,684.0,1206790.0,48,2,0.455,Salaried,Diploma,Personal,0,2025-12-17 13:21:52.037345792,Rejected_Review,Rejected
APP102415,2025-12-13 00:04:19.286428816,35,612358.0,3,684.0,267544.0,60,2,0.16,Self-Employed,Bachelor,Home,0,2025-12-19 00:04:19.286428816,Rejected_Review,Rejected
APP102416,2025-12-13 10:46:46.535511840,29,549669.0,6,740.0,633909.0,24,1,0.313,Business,Bachelor,Personal,0,2025-12-16 10:46:46.535511840,Rejected_Review,Rejected
APP102417,2025-12-13 21:29:13.784594880,43,339777.0,12,564.0,1078319.0,36,1,0.478,Salaried,High School,Home,0,2025-12-17 21:29:13.784594880,Rejected_Review,Rejected
APP102418,2025-12-14 08:11:41.033677904,39,513483.0,7,665.0,602046.0,12,3,0.298,Business,Master,Vehicle,0,2025-12-15 08:11:41.033677904,Rejected_Review,Rejected
APP102419,2025-12-14 18:54:08.282760928,29,1246540.0,6,850.0,1359177.0,36,2,0.399,Self-Employed,High School,Vehicle,1,2025-12-18 18:54:08.282760928,Approved_Review,Disbursed
APP102420,2025-12-15 05:36:35.531843952,55,1181746.0,10,748.0,518684.0,24,3,0.289,Salaried,Bachelor,Personal,0,2025-12-17 05:36:35.531843952,Rejected_Review,Rejected
APP102421,2025-12-15 16:19:02.780926992,41,797938.0,2,748.0,1679837.0,24,2,0.367,Business,Diploma,Home,0,2025-12-17 16:19:02.780926992,Rejected_Review,Rejected
APP102422,2025-12-16 03:01:30.030010016,29,876001.0,2,624.0,319505.0,60,2,0.213,Salaried,High School,Personal,0,2025-12-20 03:01:30.030010016,Rejected_Review,Rejected
APP102423,2025-12-16 13:43:57.279093040,48,1643104.0,9,677.0,1360446.0,48,1,0.212,Salaried,Diploma,Home,0,2025-12-19 13:43:57.279093040,Standard_Review,Rejected
APP102424,2025-12-17 00:26:24.528176064,27,840531.0,9,541.0,447627.0,60,2,0.234,Salaried,Master,Personal,0,2025-12-19 00:26:24.528176064,Rejected_Review,Rejected
APP102425,2025-12-17 11:08:51.777259088,36,868578.0,7,728.0,1441630.0,36,0,0.285,Contract,High School,Education,0,2025-12-24 11:08:51.777259088,Rejected_Review,Rejected
APP102426,2025-12-17 21:51:19.026342128,36,321472.0,19,781.0,553934.0,48,2,0.311,Contract,High School,Medical,0,2025-12-21 21:51:19.026342128,Standard_Review,Closed
APP102427,2025-12-18 08:33:46.275425152,53,393975.0,2,596.0,1216065.0,12,0,0.652,Contract,Master,Business,0,2025-12-23 08:33:46.275425152,Rejected_Review,Rejected
APP102428,2025-12-18 19:16:13.524508176,24,640508.0,3,615.0,1323428.0,36,0,0.407,Business,Bachelor,Education,0,2025-12-21 19:16:13.524508176,Rejected_Review,Rejected
APP102429,2025-12-19 05:58:40.773591200,24,451973.0,4,688.0,524321.0,36,1,0.258,Salaried,Diploma,Education,0,2025-12-23 05:58:40.773591200,Rejected_Review,Closed
APP102430,2025-12-19 16:41:08.022674240,59,414840.0,13,700.0,1166810.0,12,2,0.339,Salaried,Bachelor,Business,0,2025-12-20 16:41:08.022674240,Rejected_Review,Rejected
APP102431,2025-12-20 03:23:35.271757264,60,436971.0,10,655.0,690280.0,48,2,0.351,Business,Diploma,Education,0,2025-12-22 03:23:35.271757264,Rejected_Review,Closed
APP102432,2025-12-20 14:06:02.520840288,37,342532.0,21,637.0,336898.0,36,0,0.421,Business,Bachelor,Home,0,2025-12-27 14:06:02.520840288,Standard_Review,Rejected
APP102433,2025-12-21 00:48:29.769923312,57,455251.0,3,638.0,902560.0,36,1,0.348,Salaried,Master,Business,0,2025-12-26 00:48:29.769923312,Rejected_Review,Rejected
APP102434,2025-12-21 11:30:57.019006352,59,757269.0,6,687.0,421068.0,36,2,0.19,Business,High School,Personal,0,2025-12-24 11:30:57.019006352,Rejected_Review,Rejected
APP102435,2025-12-21 22:13:24.268089376,49,1458725.0,11,728.0,505007.0,60,0,0.195,Salaried,Doctorate,Education,0,2025-12-26 22:13:24.268089376,Standard_Review,Rejected
APP102436,2025-12-22 08:55:51.517172400,56,930400.0,2,687.0,447953.0,24,2,0.163,Self-Employed,High School,Business,0,2025-12-23 08:55:51.517172400,Rejected_Review,Rejected
APP102437,2025-12-22 19:38:18.766255424,58,865444.0,7,681.0,845721.0,36,2,0.422,Self-Employed,Master,Business,0,2025-12-25 19:38:18.766255424,Rejected_Review,Rejected
APP102438,2025-12-23 06:20:46.015338448,59,313056.0,12,576.0,427644.0,36,3,0.383,Self-Employed,Master,Medical,0,2025-12-27 06:20:46.015338448,Standard_Review,Rejected
APP102439,2025-12-23 17:03:13.264421488,57,685848.0,16,746.0,379139.0,12,0,0.265,Business,Diploma,Personal,0,2025-12-29 17:03:13.264421488,Rejected_Review,Rejected
APP102440,2025-12-24 03:45:40.513504512,55,630706.0,6,687.0,415463.0,48,0,0.377,Contract,High School,Vehicle,0,2025-12-26 03:45:40.513504512,Rejected_Review,Rejected
APP102441,2025-12-24 14:28:07.762587536,27,740856.0,6,662.0,490876.0,36,1,0.349,Salaried,Master,Personal,0,2025-12-28 14:28:07.762587536,Rejected_Review,Rejected
APP102442,2025-12-25 01:10:35.011670560,47,552616.0,1,707.0,897322.0,24,4,0.35,Business,Bachelor,Vehicle,0,2025-12-29 01:10:35.011670560,Rejected_Review,Rejected
APP102443,2025-12-25 11:53:02.260753600,48,1373211.0,4,635.0,1102810.0,24,0,0.227,Self-Employed,Diploma,Home,0,2025-12-30 11:53:02.260753600,Rejected_Review,Rejected
APP102444,2025-12-25 22:35:29.509836624,42,665622.0,5,663.0,1094939.0,60,1,0.327,Self-Employed,High School,Vehicle,0,2025-12-29 22:35:29.509836624,Rejected_Review,Rejected
APP102445,2025-12-26 09:17:56.758919648,34,695460.0,5,697.0,687941.0,24,2,0.231,Salaried,Master,Personal,0,2025-12-30 09:17:56.758919648,Rejected_Review,Rejected
APP102446,2025-12-26 20:00:24.008002672,27,268775.0,4,646.0,679122.0,36,1,0.438,Contract,Bachelor,Medical,0,2025-12-31 20:00:24.008002672,Rejected_Review,Rejected
APP102447,2025-12-27 06:42:51.257085712,57,619534.0,7,583.0,638562.0,24,1,0.238,Salaried,Diploma,Medical,0,2025-12-30 06:42:51.257085712,Rejected_Review,Rejected
APP102448,2025-12-27 17:25:18.506168736,42,1090225.0,7,572.0,874066.0,24,3,0.167,Salaried,Master,Business,0,2025-12-30 17:25:18.506168736,Rejected_Review,Rejected
APP102449,2025-12-28 04:07:45.755251760,25,834624.0,5,719.0,1225222.0,24,2,0.157,Self-Employed,Bachelor,Vehicle,0,2025-12-29 04:07:45.755251760,Standard_Review,Rejected
APP102450,2025-12-28 14:50:13.004334784,22,246400.0,6,688.0,649064.0,36,0,0.539,Salaried,Bachelor,Home,0,2026-01-02 14:50:13.004334784,Rejected_Review,Rejected
APP102451,2025-12-29 01:32:40.253417808,47,530924.0,7,686.0,913605.0,36,1,0.17,Salaried,Master,Home,0,2026-01-02 01:32:40.253417808,Standard_Review,Rejected
APP102452,2025-12-29 12:15:07.502500848,41,1417042.0,10,614.0,376480.0,24,1,0.207,Salaried,Master,Vehicle,0,2025-12-31 12:15:07.502500848,Rejected_Review,Rejected
APP102453,2025-12-29 22:57:34.751583872,58,607398.0,5,689.0,1072146.0,60,1,0.43,Self-Employed,High School,Personal,0,2025-12-31 22:57:34.751583872,Rejected_Review,Rejected
APP102454,2025-12-30 09:40:02.000666896,35,751491.0,7,664.0,779860.0,36,2,0.305,Salaried,Master,Education,0,2026-01-06 09:40:02.000666896,Rejected_Review,Rejected
APP102455,2025-12-30 20:22:29.249749920,41,1346854.0,2,651.0,417711.0,24,1,0.177,Salaried,Master,Business,0,2026-01-02 20:22:29.249749920,Rejected_Review,Rejected
APP102456,2025-12-31 07:04:56.498832960,30,606313.0,7,685.0,1194786.0,36,2,0.402,Business,Diploma,Business,0,2026-01-05 07:04:56.498832960,Rejected_Review,Rejected
APP102457,2025-12-31 17:47:23.747915984,43,927911.0,21,709.0,376332.0,12,1,0.168,Salaried,Bachelor,Medical,0,2026-01-03 17:47:23.747915984,Rejected_Review,Rejected
APP102458,2026-01-01 04:29:50.996999008,59,782192.0,15,804.0,224443.0,48,1,0.178,Salaried,Master,Education,0,2026-01-03 04:29:50.996999008,Standard_Review,Rejected
APP102459,2026-01-01 15:12:18.246082032,25,861168.0,6,727.0,1068993.0,36,3,0.277,Business,Bachelor,Business,0,2026-01-05 15:12:18.246082032,Rejected_Review,Rejected
APP102460,2026-01-02 01:54:45.495165072,21,770947.0,9,746.0,848750.0,24,0,0.234,Self-Employed,Bachelor,Vehicle,0,2026-01-08 01:54:45.495165072,Rejected_Review,Rejected
APP102461,2026-01-02 12:37:12.744248096,33,508029.0,4,762.0,382058.0,24,1,0.323,Self-Employed,Bachelor,Education,1,2026-01-09 12:37:12.744248096,Approved_Review,Disbursed
APP102462,2026-01-02 23:19:39.993331120,41,531373.0,5,640.0,836107.0,36,0,0.4,Salaried,Master,Vehicle,0,2026-01-09 23:19:39.993331120,Standard_Review,Rejected
APP102463,2026-01-03 10:02:07.242414144,46,442488.0,4,669.0,1256417.0,60,2,0.48,Self-Employed,Bachelor,Education,0,2026-01-08 10:02:07.242414144,Rejected_Review,Rejected
APP102464,2026-01-03 20:44:34.491497168,65,310786.0,8,631.0,797649.0,24,2,0.461,Business,Bachelor,Business,0,2026-01-08 20:44:34.491497168,Rejected_Review,Rejected
APP102465,2026-01-04 07:27:01.740580208,41,1137981.0,11,646.0,2369314.0,24,3,0.348,Salaried,Bachelor,Business,0,2026-01-06 07:27:01.740580208,Rejected_Review,Rejected
APP102466,2026-01-04 18:09:28.989663232,38,652956.0,8,662.0,457407.0,36,2,0.259,Self-Employed,Bachelor,Personal,0,2026-01-08 18:09:28.989663232,Rejected_Review,Rejected
APP102467,2026-01-05 04:51:56.238746256,57,1112477.0,8,644.0,228892.0,36,1,0.167,Self-Employed,High School,Personal,0,2026-01-11 04:51:56.238746256,Standard_Review,Rejected
APP102468,2026-01-05 15:34:23.487829280,65,1314735.0,3,705.0,345709.0,24,2,0.158,Salaried,Bachelor,Education,0,2026-01-12 15:34:23.487829280,Rejected_Review,Rejected
APP102469,2026-01-06 02:16:50.736912320,52,665814.0,2,718.0,222269.0,36,0,0.208,Self-Employed,Diploma,Medical,1,2026-01-10 02:16:50.736912320,Approved_Review,Disbursed
APP102470,2026-01-06 12:59:17.985995344,56,359927.0,9,605.0,2039641.0,36,1,0.75,Salaried,Bachelor,Personal,0,2026-01-09 12:59:17.985995344,Standard_Review,Rejected
APP102471,2026-01-06 23:41:45.235078368,37,595075.0,14,670.0,698273.0,24,1,0.232,Self-Employed,Diploma,Business,0,2026-01-08 23:41:45.235078368,Rejected_Review,Rejected
APP102472,2026-01-07 10:24:12.484161392,55,480563.0,5,670.0,1845732.0,36,0,0.674,Self-Employed,Bachelor,Home,0,2026-01-11 10:24:12.484161392,Rejected_Review,Rejected
APP102473,2026-01-07 21:06:39.733244432,31,266641.0,1,594.0,586284.0,12,2,0.483,Salaried,Master,Education,0,2026-01-13 21:06:39.733244432,Rejected_Review,Rejected
APP102474,2026-01-08 07:49:06.982327456,41,518632.0,5,640.0,445206.0,48,0,0.205,Self-Employed,Bachelor,Personal,0,2026-01-11 07:49:06.982327456,Standard_Review,Rejected
APP102475,2026-01-08 18:31:34.231410480,46,629409.0,6,747.0,294725.0,60,1,0.43,Business,Diploma,Vehicle,0,2026-01-13 18:31:34.231410480,Rejected_Review,Rejected
APP102476,2026-01-09 05:14:01.480493504,24,486617.0,12,746.0,574043.0,48,4,0.225,Salaried,Diploma,Home,1,2026-01-15 05:14:01.480493504,Approved_Review,Disbursed
APP102477,2026-01-09 15:56:28.729576528,54,459334.0,10,584.0,1067617.0,36,1,0.472,Business,Master,Vehicle,0,2026-01-12 15:56:28.729576528,Rejected_Review,Rejected
APP102478,2026-01-10 02:38:55.978659568,38,365798.0,7,721.0,625639.0,48,3,0.395,Salaried,Master,Education,0,2026-01-14 02:38:55.978659568,Rejected_Review,Rejected
APP102479,2026-01-10 13:21:23.227742592,60,709909.0,14,594.0,314922.0,36,0,0.254,Business,High School,Personal,0,2026-01-17 13:21:23.227742592,Rejected_Review,Closed
APP102480,2026-01-11 00:03:50.476825616,55,1507403.0,6,664.0,970336.0,60,0,0.347,Salaried,Master,Personal,0,2026-01-16 00:03:50.476825616,Rejected_Review,Rejected
APP102481,2026-01-11 10:46:17.725908640,61,1155575.0,5,684.0,1064733.0,48,1,0.241,Salaried,High School,Vehicle,0,2026-01-18 10:46:17.725908640,Rejected_Review,Rejected
APP102482,2026-01-11 21:28:44.974991680,49,872275.0,3,739.0,537083.0,48,2,0.227,Salaried,Bachelor,Home,0,2026-01-15 21:28:44.974991680,Rejected_Review,Rejected
APP102483,2026-01-12 08:11:12.224074704,49,880867.0,3,679.0,504493.0,24,1,0.248,Business,Bachelor,Vehicle,0,2026-01-18 08:11:12.224074704,Rejected_Review,Rejected
APP102484,2026-01-12 18:53:39.473157728,58,612337.0,4,624.0,297796.0,36,1,0.09,Self-Employed,High School,Home,0,2026-01-14 18:53:39.473157728,Rejected_Review,Rejected
APP102485,2026-01-13 05:36:06.722240752,62,,6,613.0,958255.0,36,3,0.558,Self-Employed,Diploma,Education,0,2026-01-19 05:36:06.722240752,Standard_Review,Closed
APP102486,2026-01-13 16:18:33.971323792,41,550446.0,5,701.0,555526.0,12,1,0.299,Business,Master,Personal,0,2026-01-16 16:18:33.971323792,Standard_Review,Rejected
APP102487,2026-01-14 03:01:01.220406816,62,420228.0,13,649.0,183404.0,36,1,0.153,Salaried,Bachelor,Education,0,2026-01-15 03:01:01.220406816,Rejected_Review,Rejected
APP102488,2026-01-14 13:43:28.469489840,33,696861.0,6,663.0,333131.0,36,1,0.36,Salaried,Bachelor,Business,0,2026-01-17 13:43:28.469489840,Standard_Review,Closed
APP102489,2026-01-15 00:25:55.718572864,61,1132201.0,6,753.0,927219.0,48,0,0.267,Self-Employed,Master,Home,0,2026-01-19 00:25:55.718572864,Standard_Review,Rejected
APP102490,2026-01-15 11:08:22.967655888,37,1579726.0,8,718.0,590001.0,60,1,0.143,Salaried,High School,Vehicle,0,2026-01-20 11:08:22.967655888,Standard_Review,Rejected
APP102491,2026-01-15 21:50:50.216738928,29,669179.0,9,793.0,396768.0,36,1,0.181,Salaried,Master,Home,1,2026-01-19 21:50:50.216738928,Approved_Review,Disbursed
APP102492,2026-01-16 08:33:17.465821952,61,306971.0,2,624.0,719083.0,24,3,0.376,Self-Employed,High School,Business,0,2026-01-17 08:33:17.465821952,Rejected_Review,Rejected
APP102493,2026-01-16 19:15:44.714904976,21,668594.0,5,644.0,459922.0,60,0,0.18,Salaried,Diploma,Vehicle,0,2026-01-19 19:15:44.714904976,Rejected_Review,Rejected
APP102494,2026-01-17 05:58:11.963988000,22,676822.0,4,702.0,507600.0,60,0,0.264,Salaried,Master,Personal,0,2026-01-21 05:58:11.963988000,Rejected_Review,Rejected
APP102495,2026-01-17 16:40:39.213071040,49,882229.0,6,808.0,611745.0,36,1,0.263,Salaried,Master,Vehicle,0,2026-01-22 16:40:39.213071040,Rejected_Review,Rejected
APP102496,2026-01-18 03:23:06.462154064,53,644409.0,3,638.0,1625915.0,24,2,0.484,Salaried,Master,Business,0,2026-01-24 03:23:06.462154064,Rejected_Review,Closed
APP102497,2026-01-18 14:05:33.711237088,30,669751.0,12,692.0,1622075.0,36,0,0.488,Salaried,Diploma,Medical,0,2026-01-21 14:05:33.711237088,Rejected_Review,Rejected
APP102498,2026-01-19 00:48:00.960320112,60,489089.0,5,776.0,261253.0,24,1,0.244,Salaried,Doctorate,Business,1,2026-01-22 00:48:00.960320112,Standard_Review,Disbursed
APP102499,2026-01-19 11:30:28.209403136,41,564882.0,8,693.0,677748.0,60,1,0.446,Salaried,Bachelor,Vehicle,0,2026-01-21 11:30:28.209403136,Standard_Review,Rejected
APP102500,2026-01-19 22:12:55.458486176,48,818871.0,4,756.0,338653.0,48,1,0.263,Business,Bachelor,Home,0,2026-01-21 22:12:55.458486176,Rejected_Review,Rejected
APP102501,2026-01-20 08:55:22.707569200,31,263263.0,3,817.0,411357.0,36,2,0.265,Business,Master,Personal,0,2026-01-21 08:55:22.707569200,Rejected_Review,Rejected
APP102502,2026-01-20 19:37:49.956652224,54,563514.0,6,709.0,276341.0,60,4,0.211,Business,High School,Business,0,2026-01-25 19:37:49.956652224,Rejected_Review,Rejected
APP102503,2026-01-21 06:20:17.205735248,28,885832.0,6,720.0,453599.0,48,1,0.132,Self-Employed,Bachelor,Home,0,2026-01-30 06:20:17.205735248,Rejected_Review,Rejected
APP102504,2026-01-21 17:02:44.454818288,42,1360082.0,8,738.0,385474.0,60,1,0.186,Self-Employed,Doctorate,Education,0,2026-01-27 17:02:44.454818288,Standard_Review,Closed
APP102505,2026-01-22 03:45:11.703901312,28,543332.0,6,631.0,1168938.0,60,2,0.31,Self-Employed,High School,Business,1,2026-01-28 03:45:11.703901312,Approved_Review,Disbursed
APP102506,2026-01-22 14:27:38.952984336,35,1108085.0,3,594.0,459489.0,12,1,0.183,Contract,Bachelor,Home,0,2026-01-27 14:27:38.952984336,Rejected_Review,Rejected
APP102507,2026-01-23 01:10:06.202067360,37,1390590.0,2,700.0,264586.0,24,0,0.165,Business,High School,Personal,0,2026-01-24 01:10:06.202067360,Rejected_Review,Closed
APP102508,2026-01-23 11:52:33.451150400,43,546509.0,4,649.0,699012.0,36,0,0.209,Self-Employed,Master,Education,0,2026-01-26 11:52:33.451150400,Rejected_Review,Rejected
APP102509,2026-01-23 22:35:00.700233424,44,505617.0,4,758.0,640735.0,60,0,0.303,Salaried,Bachelor,Vehicle,0,2026-01-28 22:35:00.700233424,Rejected_Review,Rejected
APP102510,2026-01-24 09:17:27.949316448,65,598867.0,1,710.0,613577.0,60,2,0.247,Business,Diploma,Education,0,2026-01-25 09:17:27.949316448,Rejected_Review,Rejected
APP102511,2026-01-24 19:59:55.198399472,39,626466.0,13,757.0,949637.0,36,2,0.255,Salaried,Bachelor,Vehicle,0,2026-01-27 19:59:55.198399472,Rejected_Review,Rejected
APP102512,2026-01-25 06:42:22.447482496,25,1061929.0,7,612.0,1295986.0,24,1,0.361,Contract,Bachelor,Home,0,2026-01-26 06:42:22.447482496,Rejected_Review,Rejected
APP102513,2026-01-25 17:24:49.696565536,52,458883.0,3,755.0,609110.0,24,1,0.285,Self-Employed,Master,Business,0,2026-01-28 17:24:49.696565536,Rejected_Review,Rejected
APP102514,2026-01-26 04:07:16.945648560,64,1298678.0,11,541.0,799448.0,48,2,0.303,Salaried,Bachelor,Personal,0,2026-02-03 04:07:16.945648560,Rejected_Review,Rejected
APP102515,2026-01-26 14:49:44.194731584,21,453335.0,11,617.0,616910.0,48,1,0.328,Salaried,Diploma,Personal,0,2026-02-02 14:49:44.194731584,Standard_Review,Rejected
APP102516,2026-01-27 01:32:11.443814608,43,367963.0,8,731.0,901740.0,36,2,0.417,Salaried,Master,Education,0,2026-01-31 01:32:11.443814608,Rejected_Review,Rejected
APP102517,2026-01-27 12:14:38.692897648,57,822766.0,14,657.0,335705.0,36,3,0.131,Salaried,High School,Vehicle,1,2026-02-03 12:14:38.692897648,Standard_Review,Pending_Disbursement
APP102518,2026-01-27 22:57:05.941980672,28,1130850.0,6,664.0,953131.0,48,0,0.169,Salaried,Master,Vehicle,0,2026-02-01 22:57:05.941980672,Standard_Review,Closed
APP102519,2026-01-28 09:39:33.191063696,33,704415.0,4,697.0,806409.0,60,2,0.3,Self-Employed,Bachelor,Medical,0,2026-01-31 09:39:33.191063696,Standard_Review,Rejected
APP102520,2026-01-28 20:22:00.440146720,28,790575.0,11,782.0,433253.0,36,2,0.241,Salaried,Bachelor,Personal,0,2026-01-30 20:22:00.440146720,Rejected_Review,Rejected
APP102521,2026-01-29 07:04:27.689229760,43,1566198.0,6,565.0,2111712.0,24,1,0.253,Contract,Bachelor,Home,0,2026-02-01 07:04:27.689229760,Rejected_Review,Rejected
APP102522,2026-01-29 17:46:54.938312784,63,1138044.0,11,771.0,354733.0,48,2,0.103,Salaried,Bachelor,Home,0,2026-02-01 17:46:54.938312784,Rejected_Review,Rejected
APP102523,2026-01-30 04:29:22.187395808,21,659109.0,8,775.0,825482.0,60,1,0.349,Salaried,Master,Personal,0,2026-02-02 04:29:22.187395808,Standard_Review,Rejected
APP102524,2026-01-30 15:11:49.436478832,65,535369.0,10,657.0,433753.0,36,2,0.299,Self-Employed,Master,Home,1,2026-02-03 15:11:49.436478832,Approved_Review,Disbursed
APP102525,2026-01-31 01:54:16.685561856,44,1063956.0,9,645.0,934565.0,36,1,0.198,Salaried,Bachelor,Medical,0,2026-02-02 01:54:16.685561856,Rejected_Review,Rejected
APP102526,2026-01-31 12:36:43.934644896,55,944023.0,16,682.0,1902455.0,24,1,0.379,Business,Master,Medical,0,2026-02-01 12:36:43.934644896,Rejected_Review,Rejected
APP102527,2026-01-31 23:19:11.183727920,44,784724.0,4,643.0,1031591.0,36,1,0.344,Salaried,Bachelor,Personal,0,2026-02-01 23:19:11.183727920,Rejected_Review,Rejected
APP102528,2026-02-01 10:01:38.432810944,37,561053.0,5,712.0,660540.0,24,1,0.214,Salaried,Diploma,Home,0,2026-02-06 10:01:38.432810944,Rejected_Review,Rejected
APP102529,2026-02-01 20:44:05.681893968,25,628036.0,8,721.0,1113633.0,48,1,0.301,Salaried,Master,Vehicle,0,2026-02-03 20:44:05.681893968,Rejected_Review,Rejected
APP102530,2026-02-02 07:26:32.930977008,40,608252.0,11,589.0,521055.0,36,2,0.31,Salaried,Bachelor,Vehicle,0,2026-02-06 07:26:32.930977008,Rejected_Review,Rejected
APP102531,2026-02-02 18:09:00.180060032,41,565272.0,10,630.0,893878.0,48,3,0.277,Self-Employed,Bachelor,Personal,0,2026-02-06 18:09:00.180060032,Rejected_Review,Rejected
APP102532,2026-02-03 04:51:27.429143056,60,495940.0,8,613.0,731396.0,24,0,0.332,Salaried,Diploma,Education,0,2026-02-08 04:51:27.429143056,Rejected_Review,Rejected
APP102533,2026-02-03 15:33:54.678226080,51,732389.0,5,704.0,380996.0,24,0,0.219,Self-Employed,Bachelor,Vehicle,0,2026-02-06 15:33:54.678226080,Rejected_Review,Rejected
APP102534,2026-02-04 02:16:21.927309120,56,485962.0,8,747.0,1644818.0,36,0,0.472,Self-Employed,Diploma,Home,0,2026-02-06 02:16:21.927309120,Rejected_Review,Rejected
APP102535,2026-02-04 12:58:49.176392144,31,704010.0,2,620.0,1303739.0,36,0,0.441,Business,Master,Vehicle,0,2026-02-11 12:58:49.176392144,Rejected_Review,Closed
APP102536,2026-02-04 23:41:16.425475168,35,252656.0,4,746.0,456235.0,36,2,0.258,Salaried,Master,Medical,0,2026-02-07 23:41:16.425475168,Rejected_Review,Rejected
APP102537,2026-02-05 10:23:43.674558192,39,496225.0,12,630.0,1169012.0,60,1,0.452,Self-Employed,Bachelor,Medical,0,2026-02-13 10:23:43.674558192,Rejected_Review,Rejected
APP102538,2026-02-05 21:06:10.923641216,27,1065522.0,12,737.0,388519.0,24,2,0.162,Salaried,High School,Personal,0,2026-02-06 21:06:10.923641216,Rejected_Review,Rejected
APP102539,2026-02-06 07:48:38.172724256,48,433451.0,11,672.0,882309.0,36,3,0.401,Salaried,High School,Personal,0,2026-02-08 07:48:38.172724256,Standard_Review,Rejected
APP102540,2026-02-06 18:31:05.421807280,63,848456.0,14,661.0,716830.0,36,0,0.235,Salaried,Diploma,Education,0,2026-02-07 18:31:05.421807280,Standard_Review,Rejected
APP102541,2026-02-07 05:13:32.670890304,25,449976.0,9,764.0,1620156.0,60,3,0.503,Salaried,High School,Business,0,2026-02-11 05:13:32.670890304,Rejected_Review,Rejected
APP102542,2026-02-07 15:55:59.919973328,25,921567.0,11,806.0,826360.0,36,0,0.237,Self-Employed,Master,Vehicle,0,2026-02-12 15:55:59.919973328,Rejected_Review,Rejected
APP102543,2026-02-08 02:38:27.169056368,50,568655.0,16,564.0,323274.0,36,1,0.252,Business,Bachelor,Vehicle,0,2026-02-09 02:38:27.169056368,Standard_Review,Rejected
APP102544,2026-02-08 13:20:54.418139392,52,558627.0,5,729.0,1165277.0,36,1,0.383,Salaried,Bachelor,Education,0,2026-02-12 13:20:54.418139392,Rejected_Review,Rejected
APP102545,2026-02-09 00:03:21.667222416,28,666094.0,3,702.0,561600.0,36,0,0.218,Salaried,Diploma,Personal,0,2026-02-12 00:03:21.667222416,Rejected_Review,Rejected
APP102546,2026-02-09 10:45:48.916305440,30,355111.0,3,733.0,548514.0,48,3,0.197,Contract,Master,Vehicle,0,2026-02-10 10:45:48.916305440,Rejected_Review,Rejected
APP102547,2026-02-09 21:28:16.165388480,58,1006680.0,11,596.0,710294.0,36,1,0.172,Salaried,Master,Personal,0,2026-02-13 21:28:16.165388480,Rejected_Review,Rejected
APP102548,2026-02-10 08:10:43.414471504,52,1168548.0,25,620.0,525178.0,60,0,0.152,Salaried,Bachelor,Personal,1,2026-02-16 08:10:43.414471504,Approved_Review,Disbursed
APP102549,2026-02-10 18:53:10.663554528,48,552779.0,12,646.0,1717265.0,36,2,0.581,Salaried,Diploma,Home,0,2026-02-17 18:53:10.663554528,Rejected_Review,Rejected
APP102550,2026-02-11 05:35:37.912637552,37,822924.0,4,704.0,1046989.0,60,0,0.276,Self-Employed,Doctorate,Home,0,2026-02-12 05:35:37.912637552,Rejected_Review,Rejected
APP102551,2026-02-11 16:18:05.161720576,51,922864.0,4,642.0,395102.0,36,1,0.237,Salaried,Bachelor,Personal,0,2026-02-17 16:18:05.161720576,Rejected_Review,Rejected
APP102552,2026-02-12 03:00:32.410803616,28,623848.0,10,669.0,486533.0,60,1,0.189,Salaried,Master,Vehicle,0,2026-02-18 03:00:32.410803616,Rejected_Review,Rejected
APP102553,2026-02-12 13:42:59.659886640,60,394753.0,3,744.0,363679.0,36,5,0.116,Self-Employed,Bachelor,Personal,0,2026-02-15 13:42:59.659886640,Rejected_Review,Closed
APP102554,2026-02-13 00:25:26.908969664,45,1331830.0,7,823.0,1135631.0,36,2,0.321,Self-Employed,Master,Education,0,2026-02-14 00:25:26.908969664,Rejected_Review,Rejected
APP102555,2026-02-13 11:07:54.158052688,29,544756.0,5,739.0,676975.0,24,0,0.245,Self-Employed,Bachelor,Personal,0,2026-02-18 11:07:54.158052688,Rejected_Review,Rejected
APP102556,2026-02-13 21:50:21.407135728,22,494161.0,8,746.0,429560.0,60,1,0.32,Contract,Master,Personal,0,2026-02-14 21:50:21.407135728,Rejected_Review,Rejected
APP102557,2026-02-14 08:32:48.656218752,35,1358897.0,6,678.0,1536083.0,36,0,0.27,Salaried,Master,Vehicle,0,2026-02-19 08:32:48.656218752,Rejected_Review,Rejected
APP102558,2026-02-14 19:15:15.905301776,23,855340.0,8,632.0,901013.0,36,3,0.373,Contract,Diploma,Vehicle,0,2026-02-17 19:15:15.905301776,Rejected_Review,Rejected
APP102559,2026-02-15 05:57:43.154384800,56,729833.0,9,669.0,768041.0,24,0,0.499,Business,Bachelor,Vehicle,0,2026-02-17 05:57:43.154384800,Standard_Review,Rejected
APP102560,2026-02-15 16:40:10.403467840,24,419948.0,8,686.0,750140.0,60,1,0.395,Salaried,High School,Home,0,2026-02-20 16:40:10.403467840,Rejected_Review,Rejected
APP102561,2026-02-16 03:22:37.652550864,34,932840.0,5,615.0,354989.0,36,3,0.1,Business,Master,Personal,0,2026-02-25 03:22:37.652550864,Standard_Review,Rejected
APP102562,2026-02-16 14:05:04.901633888,61,2393246.0,5,743.0,925892.0,36,1,0.235,Self-Employed,High School,Education,0,2026-02-23 14:05:04.901633888,Rejected_Review,Rejected
APP102563,2026-02-17 00:47:32.150716912,61,966036.0,12,789.0,567728.0,60,1,0.247,Business,High School,Personal,0,2026-02-21 00:47:32.150716912,Rejected_Review,Rejected
APP102564,2026-02-17 11:29:59.399799936,45,812578.0,0,698.0,1081826.0,60,2,0.223,Self-Employed,Bachelor,Personal,0,2026-02-22 11:29:59.399799936,Rejected_Review,Rejected
APP102565,2026-02-17 22:12:26.648882976,30,899163.0,9,760.0,963620.0,36,0,0.232,Salaried,Bachelor,Personal,0,2026-02-21 22:12:26.648882976,Rejected_Review,Rejected
APP102566,2026-02-18 08:54:53.897966000,41,560775.0,5,769.0,678947.0,60,0,0.264,Self-Employed,Diploma,Home,0,2026-02-21 08:54:53.897966000,Rejected_Review,Rejected
APP102567,2026-02-18 19:37:21.147049024,56,558374.0,14,623.0,655352.0,36,2,0.316,Salaried,Bachelor,Home,0,2026-02-25 19:37:21.147049024,Standard_Review,Rejected
APP102568,2026-02-19 06:19:48.396132048,32,555169.0,11,577.0,1604465.0,24,0,0.433,Salaried,Master,Personal,0,2026-02-24 06:19:48.396132048,Rejected_Review,Rejected
APP102569,2026-02-19 17:02:15.645215088,47,501822.0,2,658.0,358759.0,60,0,0.163,Self-Employed,Bachelor,Personal,0,2026-02-24 17:02:15.645215088,Rejected_Review,Rejected
APP102570,2026-02-20 03:44:42.894298112,60,554669.0,4,696.0,525516.0,48,3,0.182,Contract,Bachelor,Vehicle,0,2026-02-25 03:44:42.894298112,Rejected_Review,Rejected
APP102571,2026-02-20 14:27:10.143381136,22,553507.0,10,612.0,1235643.0,36,3,0.287,Self-Employed,High School,Vehicle,0,2026-02-24 14:27:10.143381136,Rejected_Review,Rejected
APP102572,2026-02-21 01:09:37.392464160,33,582229.0,11,782.0,1470956.0,24,2,0.497,Business,Diploma,Vehicle,0,2026-02-23 01:09:37.392464160,Rejected_Review,Rejected
APP102573,2026-02-21 11:52:04.641547200,52,574941.0,2,817.0,653366.0,24,3,0.292,Salaried,Bachelor,Personal,0,2026-02-23 11:52:04.641547200,Rejected_Review,Rejected
APP102574,2026-02-21 22:34:31.890630224,51,725113.0,0,702.0,493450.0,48,3,0.287,Self-Employed,Bachelor,Personal,0,2026-02-26 22:34:31.890630224,Rejected_Review,Rejected
APP102575,2026-02-22 09:16:59.139713248,36,673460.0,4,626.0,498475.0,60,1,0.189,Business,Bachelor,Home,0,2026-02-27 09:16:59.139713248,Standard_Review,Rejected
APP102576,2026-02-22 19:59:26.388796272,52,700844.0,5,722.0,341677.0,36,0,0.156,Salaried,Bachelor,Business,0,2026-02-24 19:59:26.388796272,Rejected_Review,Rejected
APP102577,2026-02-23 06:41:53.637879296,52,1289495.0,3,626.0,1904463.0,60,4,0.351,,Bachelor,Home,0,2026-02-26 06:41:53.637879296,Rejected_Review,Rejected
APP102578,2026-02-23 17:24:20.886962336,54,672837.0,6,764.0,650051.0,24,0,0.328,Business,Master,Personal,0,2026-02-26 17:24:20.886962336,Rejected_Review,Rejected
APP102579,2026-02-24 04:06:48.136045360,31,1757897.0,6,675.0,883170.0,48,3,0.279,Salaried,Diploma,Personal,0,2026-02-26 04:06:48.136045360,Rejected_Review,Rejected
APP102580,2026-02-24 14:49:15.385128384,30,761799.0,9,737.0,887664.0,24,0,0.212,Salaried,Master,Personal,0,2026-02-25 14:49:15.385128384,Rejected_Review,Rejected
APP102581,2026-02-25 01:31:42.634211408,35,531501.0,4,749.0,1469970.0,48,1,0.548,Contract,Diploma,Business,0,2026-02-26 01:31:42.634211408,Standard_Review,Rejected
APP102582,2026-02-25 12:14:09.883294448,37,1193070.0,1,725.0,567620.0,36,3,0.312,Contract,Bachelor,Home,0,2026-03-01 12:14:09.883294448,Rejected_Review,Rejected
APP102583,2026-02-25 22:56:37.132377472,60,627150.0,5,806.0,587985.0,60,0,0.292,Business,Diploma,Personal,0,2026-03-02 22:56:37.132377472,Rejected_Review,Closed
APP102584,2026-02-26 09:39:04.381460496,38,221365.0,2,702.0,1060546.0,36,2,0.75,Business,Bachelor,Personal,0,2026-03-01 09:39:04.381460496,Rejected_Review,Rejected
APP102585,2026-02-26 20:21:31.630543520,29,648830.0,9,657.0,285324.0,36,0,0.239,Salaried,Bachelor,Business,0,2026-03-03 20:21:31.630543520,Rejected_Review,Rejected
APP102586,2026-02-27 07:03:58.879626544,45,581054.0,12,553.0,1474739.0,60,1,0.376,Salaried,Bachelor,Education,0,2026-03-03 07:03:58.879626544,Rejected_Review,Rejected
APP102587,2026-02-27 17:46:26.128709584,60,1339322.0,6,542.0,1669279.0,36,0,0.365,Contract,Bachelor,Home,0,2026-03-04 17:46:26.128709584,Rejected_Review,Rejected
APP102588,2026-02-28 04:28:53.377792608,34,434010.0,3,732.0,791534.0,36,2,0.396,Self-Employed,Bachelor,Education,0,2026-03-07 04:28:53.377792608,Rejected_Review,Rejected
APP102589,2026-02-28 15:11:20.626875632,45,559631.0,3,678.0,437995.0,36,1,0.173,Self-Employed,Master,Home,0,2026-03-02 15:11:20.626875632,Rejected_Review,Rejected
APP102590,2026-03-01 01:53:47.875958656,42,1149877.0,10,637.0,1072386.0,60,1,0.222,Salaried,High School,Home,0,2026-03-04 01:53:47.875958656,Rejected_Review,Rejected
APP102591,2026-03-01 12:36:15.125041696,50,776236.0,9,618.0,636232.0,36,2,0.277,Business,Master,Education,0,2026-03-03 12:36:15.125041696,Rejected_Review,Rejected
APP102592,2026-03-01 23:18:42.374124720,40,601735.0,10,738.0,751587.0,24,1,0.468,Salaried,Bachelor,Personal,0,2026-03-08 23:18:42.374124720,Rejected_Review,Rejected
APP102593,2026-03-02 10:01:09.623207744,41,462457.0,7,626.0,780799.0,36,2,0.479,Salaried,Bachelor,Business,0,2026-03-05 10:01:09.623207744,Rejected_Review,Rejected
APP102594,2026-03-02 20:43:36.872290768,64,761475.0,4,796.0,503666.0,60,0,0.089,Salaried,Master,Vehicle,0,2026-03-06 20:43:36.872290768,Rejected_Review,Rejected
APP102595,2026-03-03 07:26:04.121373808,52,641486.0,3,843.0,832732.0,12,0,0.306,Self-Employed,Diploma,Home,0,2026-03-08 07:26:04.121373808,Rejected_Review,Rejected
APP102596,2026-03-03 18:08:31.370456832,41,460102.0,13,631.0,336784.0,36,1,0.342,Self-Employed,Bachelor,Medical,0,2026-03-10 18:08:31.370456832,Standard_Review,Rejected
APP102597,2026-03-04 04:50:58.619539856,55,470992.0,5,734.0,233506.0,48,1,0.181,Self-Employed,Bachelor,Vehicle,0,2026-03-05 04:50:58.619539856,Rejected_Review,Rejected
APP102598,2026-03-04 15:33:25.868622880,52,450546.0,17,719.0,839890.0,12,1,0.338,Salaried,Bachelor,Medical,0,2026-03-10 15:33:25.868622880,Standard_Review,Rejected
APP102599,2026-03-05 02:15:53.117705904,50,415849.0,9,626.0,1179561.0,36,2,0.453,Business,Master,Personal,0,2026-03-06 02:15:53.117705904,Rejected_Review,Rejected
APP102600,2026-03-05 12:58:20.366788944,59,989587.0,25,626.0,541483.0,60,0,0.275,Contract,Bachelor,Home,0,2026-03-07 12:58:20.366788944,Rejected_Review,Rejected
APP102601,2026-03-05 23:40:47.615871968,32,931410.0,4,682.0,526489.0,12,1,0.245,Salaried,Master,Personal,0,2026-03-09 23:40:47.615871968,Rejected_Review,Rejected
APP102602,2026-03-06 10:23:14.864954992,61,990318.0,19,616.0,967624.0,48,2,0.305,Business,Master,Business,0,2026-03-10 10:23:14.864954992,Rejected_Review,Rejected
APP102603,2026-03-06 21:05:42.114038016,38,651317.0,19,761.0,692790.0,60,1,0.264,Contract,Bachelor,Vehicle,0,2026-03-13 21:05:42.114038016,Standard_Review,Closed
APP102604,2026-03-07 07:48:09.363121056,41,582768.0,7,674.0,527439.0,36,2,0.381,Salaried,Bachelor,Personal,0,2026-03-11 07:48:09.363121056,Standard_Review,Closed
APP102605,2026-03-07 18:30:36.612204080,33,587573.0,3,617.0,815436.0,24,1,0.295,Salaried,Diploma,Personal,0,2026-03-11 18:30:36.612204080,Rejected_Review,Rejected
APP102606,2026-03-08 05:13:03.861287104,41,1029129.0,4,684.0,702232.0,60,1,0.293,Contract,Bachelor,Personal,0,2026-03-12 05:13:03.861287104,Rejected_Review,Rejected
APP102607,2026-03-08 15:55:31.110370128,28,286548.0,3,720.0,374815.0,48,2,0.162,Salaried,High School,Personal,0,2026-03-14 15:55:31.110370128,Standard_Review,Rejected
APP102608,2026-03-09 02:37:58.359453168,60,515663.0,5,643.0,662929.0,24,0,0.302,Salaried,Bachelor,Business,0,2026-03-12 02:37:58.359453168,Rejected_Review,Rejected
APP102609,2026-03-09 13:20:25.608536192,27,436011.0,5,560.0,767047.0,24,1,0.328,Business,Master,Business,0,2026-03-10 13:20:25.608536192,Standard_Review,Rejected
APP102610,2026-03-10 00:02:52.857619216,43,1198615.0,11,698.0,536029.0,48,2,0.211,Self-Employed,Master,Personal,0,2026-03-14 00:02:52.857619216,Rejected_Review,Rejected
APP102611,2026-03-10 10:45:20.106702240,64,524327.0,5,611.0,1112046.0,36,2,0.291,Self-Employed,Bachelor,Personal,0,2026-03-14 10:45:20.106702240,Rejected_Review,Rejected
APP102612,2026-03-10 21:27:47.355785264,52,311306.0,6,638.0,891357.0,36,3,0.608,Self-Employed,Master,Home,0,2026-03-14 21:27:47.355785264,Rejected_Review,Rejected
APP102613,2026-03-11 08:10:14.604868304,31,718750.0,11,720.0,609442.0,60,0,0.263,Self-Employed,Master,Business,0,2026-03-18 08:10:14.604868304,Rejected_Review,Rejected
APP102614,2026-03-11 18:52:41.853951328,42,550277.0,7,652.0,748376.0,36,0,0.471,Salaried,Bachelor,Home,0,2026-03-17 18:52:41.853951328,Rejected_Review,Rejected
APP102615,2026-03-12 05:35:09.103034352,42,505908.0,19,681.0,579900.0,60,2,0.342,Salaried,Bachelor,Home,0,2026-03-13 05:35:09.103034352,Standard_Review,Rejected
APP102616,2026-03-12 16:17:36.352117376,63,482972.0,2,784.0,625736.0,48,1,0.324,Salaried,High School,Education,0,2026-03-15 16:17:36.352117376,Rejected_Review,Rejected
APP102617,2026-03-13 03:00:03.601200416,45,474473.0,11,667.0,637354.0,24,1,0.312,Business,Bachelor,Home,0,2026-03-18 03:00:03.601200416,Rejected_Review,Rejected
APP102618,2026-03-13 13:42:30.850283440,42,894106.0,8,821.0,288880.0,48,1,0.235,Contract,Bachelor,Home,1,2026-03-18 13:42:30.850283440,Approved_Review,Disbursed
APP102619,2026-03-14 00:24:58.099366464,48,718867.0,1,738.0,709656.0,36,1,0.322,Salaried,Bachelor,Education,0,2026-03-20 00:24:58.099366464,Standard_Review,Rejected
APP102620,2026-03-14 11:07:25.348449488,49,594599.0,2,629.0,820777.0,24,1,0.351,Salaried,Master,Business,0,2026-03-21 11:07:25.348449488,Rejected_Review,Rejected
APP102621,2026-03-14 21:49:52.597532528,33,396535.0,9,659.0,2396650.0,36,1,0.75,Contract,Diploma,Home,0,2026-03-19 21:49:52.597532528,Rejected_Review,Rejected
APP102622,2026-03-15 08:32:19.846615552,38,602429.0,12,608.0,872203.0,36,3,0.405,Salaried,Master,Education,0,2026-03-20 08:32:19.846615552,Rejected_Review,Rejected
APP102623,2026-03-15 19:14:47.095698576,22,730884.0,1,731.0,505032.0,48,1,0.189,Salaried,Master,Personal,0,2026-03-16 19:14:47.095698576,Standard_Review,Rejected
APP102624,2026-03-16 05:57:14.344781600,49,743499.0,15,776.0,308177.0,60,1,0.144,Business,Master,Personal,0,2026-03-19 05:57:14.344781600,Rejected_Review,Rejected
APP102625,2026-03-16 16:39:41.593864624,41,698804.0,4,667.0,412786.0,60,1,0.252,Self-Employed,Bachelor,Education,0,2026-03-19 16:39:41.593864624,Rejected_Review,Rejected
APP102626,2026-03-17 03:22:08.842947664,35,429150.0,16,569.0,545354.0,24,0,0.316,Salaried,Diploma,Personal,0,2026-03-18 03:22:08.842947664,Rejected_Review,Rejected
APP102627,2026-03-17 14:04:36.092030688,47,220422.0,11,713.0,550238.0,48,0,0.469,Contract,Master,Business,0,2026-03-23 14:04:36.092030688,Rejected_Review,Rejected
APP102628,2026-03-18 00:47:03.341113712,51,1460890.0,9,634.0,621644.0,12,1,0.088,Contract,Bachelor,Education,1,2026-03-22 00:47:03.341113712,Standard_Review,Disbursed
APP102629,2026-03-18 11:29:30.590196736,35,360552.0,7,644.0,572451.0,24,3,0.403,Salaried,Master,Personal,0,2026-03-26 11:29:30.590196736,Rejected_Review,Rejected
APP102630,2026-03-18 22:11:57.839279776,43,268471.0,8,710.0,623676.0,24,0,0.403,Business,Doctorate,Personal,0,2026-03-23 22:11:57.839279776,Rejected_Review,Rejected
APP102631,2026-03-19 08:54:25.088362800,44,689319.0,8,770.0,566754.0,48,3,0.404,Self-Employed,Diploma,Business,0,2026-03-24 08:54:25.088362800,Standard_Review,Rejected
APP102632,2026-03-19 19:36:52.337445824,64,301310.0,10,738.0,706475.0,24,1,0.448,Salaried,Bachelor,Education,0,2026-03-26 19:36:52.337445824,Rejected_Review,Rejected
APP102633,2026-03-20 06:19:19.586528848,33,452511.0,7,718.0,445582.0,36,1,0.26,Contract,Diploma,Home,0,2026-03-23 06:19:19.586528848,Rejected_Review,Rejected
APP102634,2026-03-20 17:01:46.835611888,42,832102.0,11,680.0,373044.0,36,1,0.238,Salaried,Master,Education,1,2026-03-21 17:01:46.835611888,Approved_Review,Disbursed
APP102635,2026-03-21 03:44:14.084694912,63,1443292.0,9,604.0,621446.0,36,2,0.156,Salaried,High School,Education,0,2026-03-27 03:44:14.084694912,Standard_Review,Rejected
APP102636,2026-03-21 14:26:41.333777936,57,773830.0,5,713.0,869624.0,60,2,0.402,Salaried,High School,Education,0,2026-03-26 14:26:41.333777936,Standard_Review,Rejected
APP102637,2026-03-22 01:09:08.582860960,53,533442.0,8,737.0,400039.0,60,2,0.406,Self-Employed,Diploma,Vehicle,0,2026-03-26 01:09:08.582860960,Rejected_Review,Rejected
APP102638,2026-03-22 11:51:35.831943984,23,635132.0,6,651.0,525201.0,48,4,0.3,Salaried,Master,Vehicle,0,2026-03-25 11:51:35.831943984,Rejected_Review,Rejected
APP102639,2026-03-22 22:34:03.081027024,39,288043.0,12,666.0,650673.0,36,1,0.468,,Bachelor,Vehicle,0,2026-03-25 22:34:03.081027024,Rejected_Review,Rejected
APP102640,2026-03-23 09:16:30.330110048,43,530667.0,13,762.0,642864.0,48,2,0.254,Self-Employed,Bachelor,Vehicle,0,2026-03-27 09:16:30.330110048,Standard_Review,Rejected
APP102641,2026-03-23 19:58:57.579193072,49,530898.0,21,664.0,1019945.0,48,3,0.38,Salaried,Diploma,Home,0,2026-03-27 19:58:57.579193072,Rejected_Review,Rejected
APP102642,2026-03-24 06:41:24.828276096,50,696432.0,7,672.0,1119900.0,48,2,0.381,Self-Employed,Bachelor,Vehicle,0,2026-03-29 06:41:24.828276096,Rejected_Review,Rejected
APP102643,2026-03-24 17:23:52.077359136,59,1557688.0,3,684.0,782184.0,24,0,0.13,Self-Employed,Master,Medical,0,2026-03-25 17:23:52.077359136,Rejected_Review,Rejected
APP102644,2026-03-25 04:06:19.326442160,64,271895.0,11,733.0,1281504.0,36,1,0.75,Salaried,Bachelor,Business,0,2026-03-31 04:06:19.326442160,Standard_Review,Rejected
APP102645,2026-03-25 14:48:46.575525184,45,541053.0,6,709.0,582057.0,36,1,0.172,Salaried,Bachelor,Vehicle,0,2026-03-29 14:48:46.575525184,Standard_Review,Closed
APP102646,2026-03-26 01:31:13.824608208,57,284830.0,6,704.0,1065479.0,36,0,0.454,Self-Employed,Bachelor,Home,0,2026-03-30 01:31:13.824608208,Rejected_Review,Rejected
APP102647,2026-03-26 12:13:41.073691248,28,518250.0,4,789.0,515210.0,36,1,0.391,Salaried,Master,Education,0,2026-03-29 12:13:41.073691248,Standard_Review,Rejected
APP102648,2026-03-26 22:56:08.322774272,62,440496.0,4,663.0,811664.0,48,1,0.426,Business,Diploma,Business,0,2026-03-31 22:56:08.322774272,Rejected_Review,Rejected
APP102649,2026-03-27 09:38:35.571857296,36,331795.0,10,628.0,965979.0,48,1,0.433,Salaried,Bachelor,Vehicle,0,2026-04-04 09:38:35.571857296,Rejected_Review,Closed
APP102650,2026-03-27 20:21:02.820940320,28,980305.0,5,756.0,719930.0,12,2,0.249,Salaried,Bachelor,Home,0,2026-04-02 20:21:02.820940320,Standard_Review,Rejected
APP102651,2026-03-28 07:03:30.070023344,21,729248.0,5,705.0,432068.0,36,1,0.238,Salaried,Bachelor,Home,0,2026-03-31 07:03:30.070023344,Rejected_Review,Rejected
APP102652,2026-03-28 17:45:57.319106384,64,929928.0,8,652.0,303324.0,48,0,0.196,Self-Employed,Master,Vehicle,0,2026-03-29 17:45:57.319106384,Rejected_Review,Rejected
APP102653,2026-03-29 04:28:24.568189408,25,511695.0,9,667.0,924761.0,24,2,0.295,Salaried,Bachelor,Home,0,2026-04-01 04:28:24.568189408,Standard_Review,Rejected
APP102654,2026-03-29 15:10:51.817272432,23,629641.0,2,607.0,610677.0,12,6,0.288,Salaried,Master,Medical,0,2026-04-01 15:10:51.817272432,Rejected_Review,Closed
APP102655,2026-03-30 01:53:19.066355456,21,1332165.0,5,705.0,632465.0,60,1,0.288,Salaried,Bachelor,Home,0,2026-04-04 01:53:19.066355456,Standard_Review,Rejected
APP102656,2026-03-30 12:35:46.315438496,24,649205.0,4,595.0,1481981.0,36,2,0.303,Self-Employed,Bachelor,Medical,0,2026-04-02 12:35:46.315438496,Standard_Review,Rejected
APP102657,2026-03-30 23:18:13.564521520,60,935006.0,4,734.0,436141.0,60,2,0.172,Salaried,Master,Business,1,2026-04-01 23:18:13.564521520,Approved_Review,Disbursed
APP102658,2026-03-31 10:00:40.813604544,55,492314.0,7,656.0,1013593.0,60,3,0.316,Salaried,Bachelor,Vehicle,0,2026-04-03 10:00:40.813604544,Standard_Review,Rejected
APP102659,2026-03-31 20:43:08.062687568,52,897112.0,6,599.0,484067.0,60,1,0.161,Salaried,Bachelor,Business,0,2026-04-04 20:43:08.062687568,Rejected_Review,Rejected
APP102660,2026-04-01 07:25:35.311770608,62,507734.0,8,761.0,640614.0,12,1,0.328,Business,Doctorate,Vehicle,0,2026-04-04 07:25:35.311770608,Rejected_Review,Rejected
APP102661,2026-04-01 18:08:02.560853632,54,276879.0,7,837.0,406722.0,24,2,0.236,Contract,Master,Business,0,2026-04-04 18:08:02.560853632,Rejected_Review,Rejected
APP102662,2026-04-02 04:50:29.809936656,63,647786.0,6,718.0,482381.0,36,1,0.361,Self-Employed,Master,Home,0,2026-04-03 04:50:29.809936656,Rejected_Review,Rejected
APP102663,2026-04-02 15:32:57.059019680,45,526018.0,2,671.0,860662.0,24,0,0.351,Salaried,Bachelor,Home,0,2026-04-07 15:32:57.059019680,Standard_Review,Closed
APP102664,2026-04-03 02:15:24.308102704,30,312880.0,4,628.0,1336859.0,36,1,0.636,Salaried,Bachelor,Business,0,2026-04-05 02:15:24.308102704,Rejected_Review,Rejected
APP102665,2026-04-03 12:57:51.557185744,41,708496.0,19,707.0,865089.0,48,2,0.164,Salaried,Doctorate,Home,0,2026-04-09 12:57:51.557185744,Rejected_Review,Rejected
APP102666,2026-04-03 23:40:18.806268768,59,434800.0,14,731.0,815661.0,60,2,0.385,Salaried,Diploma,Education,1,2026-04-09 23:40:18.806268768,Approved_Review,Pending_Disbursement
APP102667,2026-04-04 10:22:46.055351792,47,2614063.0,21,690.0,2503927.0,60,2,0.269,Salaried,Master,Personal,1,2026-04-06 10:22:46.055351792,Standard_Review,Disbursed
APP102668,2026-04-04 21:05:13.304434816,47,336290.0,6,748.0,926453.0,36,1,0.388,Salaried,Master,Personal,0,2026-04-11 21:05:13.304434816,Rejected_Review,Rejected
APP102669,2026-04-05 07:47:40.553517856,22,376590.0,4,788.0,438899.0,48,1,0.22,Salaried,Master,Personal,0,2026-04-11 07:47:40.553517856,Standard_Review,Rejected
APP102670,2026-04-05 18:30:07.802600880,61,961284.0,14,608.0,301702.0,36,1,0.308,Salaried,High School,Vehicle,0,2026-04-09 18:30:07.802600880,Rejected_Review,Rejected
APP102671,2026-04-06 05:12:35.051683904,33,612233.0,10,709.0,846115.0,36,1,0.289,Salaried,Master,Home,0,2026-04-08 05:12:35.051683904,Rejected_Review,Closed
APP102672,2026-04-06 15:55:02.300766928,29,952522.0,5,566.0,346478.0,60,5,0.197,Salaried,Bachelor,Home,0,2026-04-07 15:55:02.300766928,Rejected_Review,Rejected
APP102673,2026-04-07 02:37:29.549849968,56,771355.0,11,637.0,424262.0,12,2,0.255,Salaried,Master,Personal,0,2026-04-11 02:37:29.549849968,Rejected_Review,Closed
APP102674,2026-04-07 13:19:56.798932992,42,500163.0,6,737.0,814628.0,36,0,0.335,Salaried,Master,Personal,0,2026-04-11 13:19:56.798932992,Rejected_Review,Rejected
APP102675,2026-04-08 00:02:24.048016016,62,349457.0,5,687.0,1177374.0,60,2,0.649,Salaried,Bachelor,Vehicle,0,2026-04-14 00:02:24.048016016,Rejected_Review,Rejected
APP102676,2026-04-08 10:44:51.297099040,46,1052538.0,6,585.0,606820.0,24,3,0.168,Salaried,Diploma,Personal,0,2026-04-09 10:44:51.297099040,Rejected_Review,Rejected
APP102677,2026-04-08 21:27:18.546182064,32,364006.0,3,758.0,382991.0,60,1,0.246,Salaried,Bachelor,Personal,0,2026-04-14 21:27:18.546182064,Standard_Review,Rejected
APP102678,2026-04-09 08:09:45.795265104,37,835876.0,6,655.0,650574.0,12,1,0.215,Salaried,High School,Business,0,2026-04-15 08:09:45.795265104,Rejected_Review,Rejected
APP102679,2026-04-09 18:52:13.044348128,34,982914.0,13,745.0,610963.0,60,0,0.169,Salaried,Bachelor,Personal,1,2026-04-14 18:52:13.044348128,Standard_Review,Disbursed
APP102680,2026-04-10 05:34:40.293431152,34,613917.0,10,723.0,742429.0,36,0,0.234,Salaried,Bachelor,Education,0,2026-04-11 05:34:40.293431152,Rejected_Review,Rejected
APP102681,2026-04-10 16:17:07.542514176,54,566856.0,8,636.0,383689.0,24,2,0.233,Business,Bachelor,Vehicle,0,2026-04-14 16:17:07.542514176,Rejected_Review,Rejected
APP102682,2026-04-11 02:59:34.791597216,40,417505.0,5,746.0,460589.0,24,4,0.377,Contract,Diploma,Business,0,2026-04-13 02:59:34.791597216,Rejected_Review,Rejected
APP102683,2026-04-11 13:42:02.040680240,31,800476.0,16,711.0,1167779.0,48,0,0.243,Contract,High School,Business,0,2026-04-12 13:42:02.040680240,Standard_Review,Rejected
APP102684,2026-04-12 00:24:29.289763264,36,180000.0,11,701.0,1024239.0,60,0,0.75,Salaried,Bachelor,Medical,0,2026-04-14 00:24:29.289763264,Rejected_Review,Closed
APP102685,2026-04-12 11:06:56.538846288,51,896994.0,4,660.0,1252784.0,48,1,0.371,Salaried,Bachelor,Personal,0,2026-04-16 11:06:56.538846288,Rejected_Review,Rejected
APP102686,2026-04-12 21:49:23.787929312,26,685903.0,2,618.0,277503.0,60,1,0.337,Salaried,Bachelor,Home,0,2026-04-14 21:49:23.787929312,Standard_Review,Rejected
APP102687,2026-04-13 08:31:51.037012352,39,587987.0,7,663.0,449446.0,60,0,0.307,Contract,Master,Home,0,2026-04-17 08:31:51.037012352,Rejected_Review,Rejected
APP102688,2026-04-13 19:14:18.286095376,57,724882.0,10,661.0,1148871.0,12,0,0.326,Business,Bachelor,Business,0,2026-04-18 19:14:18.286095376,Standard_Review,Rejected
APP102689,2026-04-14 05:56:45.535178400,24,350329.0,4,745.0,941285.0,48,2,0.433,Business,Master,Education,0,2026-04-18 05:56:45.535178400,Standard_Review,Rejected
APP102690,2026-04-14 16:39:12.784261424,24,219450.0,9,583.0,858111.0,36,3,0.698,Salaried,Diploma,Home,0,2026-04-17 16:39:12.784261424,Rejected_Review,Rejected
APP102691,2026-04-15 03:21:40.033344464,40,802580.0,5,786.0,583991.0,36,0,0.299,Salaried,Diploma,Business,0,2026-04-19 03:21:40.033344464,Rejected_Review,Rejected
APP102692,2026-04-15 14:04:07.282427488,30,1175464.0,3,789.0,513369.0,24,3,0.204,Salaried,Diploma,Business,0,2026-04-22 14:04:07.282427488,Standard_Review,Rejected
APP102693,2026-04-16 00:46:34.531510512,44,297151.0,8,648.0,711372.0,36,0,0.423,Contract,High School,Personal,0,2026-04-23 00:46:34.531510512,Standard_Review,Rejected
APP102694,2026-04-16 11:29:01.780593536,55,404785.0,4,781.0,559377.0,48,1,0.457,Salaried,Master,Education,0,2026-04-17 11:29:01.780593536,Rejected_Review,Rejected
APP102695,2026-04-16 22:11:29.029676576,46,911889.0,10,625.0,911541.0,24,2,0.4,Self-Employed,Doctorate,Education,0,2026-04-19 22:11:29.029676576,Standard_Review,Rejected
APP102696,2026-04-17 08:53:56.278759600,57,763927.0,11,763.0,713117.0,48,1,0.289,Salaried,Master,Home,0,2026-04-21 08:53:56.278759600,Standard_Review,Rejected
APP102697,2026-04-17 19:36:23.527842624,58,2466046.0,13,637.0,430739.0,60,0,0.185,Business,Bachelor,Business,0,2026-04-25 19:36:23.527842624,Rejected_Review,Rejected
APP102698,2026-04-18 06:18:50.776925648,41,1054707.0,4,757.0,961554.0,12,2,0.179,Salaried,Bachelor,Personal,0,2026-04-22 06:18:50.776925648,Rejected_Review,Rejected
APP102699,2026-04-18 17:01:18.026008672,60,946635.0,3,597.0,1310573.0,48,1,0.319,Business,Master,Home,0,2026-04-21 17:01:18.026008672,Rejected_Review,Rejected
APP102700,2026-04-19 03:43:45.275091712,59,460940.0,8,760.0,1355055.0,48,1,0.587,,Bachelor,Education,0,2026-04-23 03:43:45.275091712,Rejected_Review,Rejected
APP102701,2026-04-19 14:26:12.524174736,41,823147.0,13,774.0,980233.0,12,1,0.158,Self-Employed,Master,Home,1,2026-04-23 14:26:12.524174736,Standard_Review,Disbursed
APP102702,2026-04-20 01:08:39.773257760,30,1273989.0,10,594.0,986951.0,48,2,0.285,Salaried,Diploma,Personal,0,2026-04-24 01:08:39.773257760,Rejected_Review,Closed
APP102703,2026-04-20 11:51:07.022340784,58,603651.0,4,,391691.0,24,1,0.276,Business,Bachelor,Education,0,2026-04-25 11:51:07.022340784,Rejected_Review,Rejected
APP102704,2026-04-20 22:33:34.271423824,24,616603.0,4,756.0,500402.0,36,0,0.296,Business,Doctorate,Home,1,2026-04-24 22:33:34.271423824,Approved_Review,Disbursed
APP102705,2026-04-21 09:16:01.520506848,65,692689.0,5,560.0,643491.0,24,1,0.216,Salaried,Doctorate,Home,0,2026-04-29 09:16:01.520506848,Standard_Review,Rejected
APP102706,2026-04-21 19:58:28.769589872,40,482002.0,13,658.0,941399.0,36,1,0.362,Self-Employed,Master,Personal,0,2026-04-25 19:58:28.769589872,Rejected_Review,Rejected
APP102707,2026-04-22 06:40:56.018672896,37,733631.0,8,757.0,518484.0,36,1,0.191,Salaried,Bachelor,Home,0,2026-04-28 06:40:56.018672896,Rejected_Review,Rejected
APP102708,2026-04-22 17:23:23.267755936,27,725427.0,8,737.0,600402.0,36,0,0.389,Salaried,Master,Home,0,2026-04-26 17:23:23.267755936,Rejected_Review,Rejected
APP102709,2026-04-23 04:05:50.516838960,24,1265176.0,1,697.0,926012.0,24,1,0.347,Self-Employed,Diploma,Home,0,2026-04-26 04:05:50.516838960,Standard_Review,Rejected
APP102710,2026-04-23 14:48:17.765921984,49,596898.0,7,750.0,749671.0,60,2,0.327,Self-Employed,Diploma,Vehicle,0,2026-04-28 14:48:17.765921984,Rejected_Review,Rejected
APP102711,2026-04-24 01:30:45.015005008,34,880597.0,13,633.0,827174.0,60,2,0.265,Self-Employed,Bachelor,Business,0,2026-04-25 01:30:45.015005008,Rejected_Review,Rejected
APP102712,2026-04-24 12:13:12.264088032,23,604963.0,13,693.0,474406.0,36,3,0.244,Self-Employed,Master,Vehicle,0,2026-04-28 12:13:12.264088032,Rejected_Review,Closed
APP102713,2026-04-24 22:55:39.513171072,44,866848.0,9,635.0,596361.0,36,3,0.211,Business,High School,Vehicle,0,2026-04-25 22:55:39.513171072,Rejected_Review,Rejected
APP102714,2026-04-25 09:38:06.762254096,57,580823.0,4,699.0,553527.0,24,0,0.133,Contract,Bachelor,Personal,0,2026-04-27 09:38:06.762254096,Standard_Review,Rejected
APP102715,2026-04-25 20:20:34.011337120,36,841373.0,4,755.0,699672.0,60,2,0.253,Salaried,Bachelor,Personal,0,2026-04-27 20:20:34.011337120,Rejected_Review,Rejected
APP102716,2026-04-26 07:03:01.260420144,24,902058.0,6,741.0,563697.0,24,1,0.367,Self-Employed,Bachelor,Vehicle,0,2026-04-30 07:03:01.260420144,Standard_Review,Rejected
APP102717,2026-04-26 17:45:28.509503184,44,402211.0,13,704.0,526719.0,12,0,0.328,Business,Diploma,Home,0,2026-05-01 17:45:28.509503184,Rejected_Review,Rejected
APP102718,2026-04-27 04:27:55.758586208,54,1067464.0,2,754.0,745156.0,36,1,0.19,Salaried,High School,Personal,0,2026-04-28 04:27:55.758586208,Rejected_Review,Rejected
APP102719,2026-04-27 15:10:23.007669232,50,603085.0,7,761.0,1997088.0,48,1,0.566,Salaried,Master,Business,0,2026-04-30 15:10:23.007669232,Rejected_Review,Rejected
APP102720,2026-04-28 01:52:50.256752256,38,526138.0,10,807.0,937170.0,36,3,0.348,Business,Bachelor,Medical,0,2026-05-01 01:52:50.256752256,Standard_Review,Rejected
APP102721,2026-04-28 12:35:17.505835296,39,472231.0,12,766.0,287428.0,12,3,0.153,Business,Master,Personal,0,2026-05-06 12:35:17.505835296,Standard_Review,Closed
APP102722,2026-04-28 23:17:44.754918320,51,743347.0,13,733.0,834413.0,48,0,0.206,Business,Bachelor,Business,0,2026-05-02 23:17:44.754918320,Rejected_Review,Rejected
APP102723,2026-04-29 10:00:12.004001344,39,648650.0,7,751.0,541114.0,48,3,0.253,Salaried,High School,Home,0,2026-04-30 10:00:12.004001344,Rejected_Review,Closed
APP102724,2026-04-29 20:42:39.253084368,39,768035.0,1,706.0,437267.0,48,0,0.116,Salaried,Diploma,Home,0,2026-05-05 20:42:39.253084368,Rejected_Review,Rejected
APP102725,2026-04-30 07:25:06.502167392,42,774774.0,9,672.0,995263.0,24,3,0.305,Salaried,High School,Personal,0,2026-05-03 07:25:06.502167392,Rejected_Review,Rejected
APP102726,2026-04-30 18:07:33.751250432,44,854773.0,5,746.0,727542.0,48,1,0.246,Salaried,High School,Personal,0,2026-05-05 18:07:33.751250432,Standard_Review,Rejected
APP102727,2026-05-01 04:50:01.000333456,65,2267199.0,4,739.0,2426648.0,36,1,0.329,Salaried,Diploma,Business,0,2026-05-07 04:50:01.000333456,Rejected_Review,Rejected
APP102728,2026-05-01 15:32:28.249416480,32,661714.0,2,709.0,661125.0,36,1,0.259,Salaried,Bachelor,Personal,0,2026-05-03 15:32:28.249416480,Rejected_Review,Closed
APP102729,2026-05-02 02:14:55.498499504,50,467040.0,6,677.0,625135.0,36,3,0.237,Salaried,Master,Business,1,2026-05-05 02:14:55.498499504,Approved_Review,Disbursed
APP102730,2026-05-02 12:57:22.747582544,58,261925.0,4,674.0,1273666.0,36,3,0.744,Self-Employed,Master,Business,0,2026-05-05 12:57:22.747582544,Rejected_Review,Rejected
APP102731,2026-05-02 23:39:49.996665568,51,379585.0,4,663.0,707732.0,36,0,0.447,Business,Master,Education,0,2026-05-08 23:39:49.996665568,Standard_Review,Rejected
APP102732,2026-05-03 10:22:17.245748592,56,1133289.0,7,,412592.0,12,3,0.157,Salaried,Bachelor,Vehicle,0,2026-05-10 10:22:17.245748592,Standard_Review,Rejected
APP102733,2026-05-03 21:04:44.494831616,39,898690.0,5,767.0,450654.0,36,0,0.323,Salaried,High School,Home,0,2026-05-10 21:04:44.494831616,Standard_Review,Closed
APP102734,2026-05-04 07:47:11.743914656,65,354064.0,3,764.0,593989.0,36,1,0.359,Salaried,Bachelor,Business,0,2026-05-08 07:47:11.743914656,Rejected_Review,Rejected
APP102735,2026-05-04 18:29:38.992997680,56,1970156.0,8,622.0,972529.0,48,3,0.184,Salaried,High School,Education,0,2026-05-11 18:29:38.992997680,Rejected_Review,Rejected
APP102736,2026-05-05 05:12:06.242080704,50,752963.0,7,667.0,1322321.0,12,2,0.317,Salaried,Master,Business,0,2026-05-10 05:12:06.242080704,Standard_Review,Rejected
APP102737,2026-05-05 15:54:33.491163728,53,799603.0,4,673.0,1045296.0,60,2,0.321,Business,High School,Personal,0,2026-05-08 15:54:33.491163728,Rejected_Review,Closed
APP102738,2026-05-06 02:37:00.740246752,38,1784465.0,3,651.0,929918.0,36,2,0.206,Salaried,High School,Business,1,2026-05-08 02:37:00.740246752,Approved_Review,Disbursed
APP102739,2026-05-06 13:19:27.989329792,48,1421869.0,10,811.0,1211383.0,36,1,0.162,Salaried,High School,Education,0,2026-05-11 13:19:27.989329792,Rejected_Review,Closed
APP102740,2026-05-07 00:01:55.238412816,31,923789.0,3,716.0,954957.0,12,0,0.385,Salaried,Doctorate,Education,0,2026-05-14 00:01:55.238412816,Rejected_Review,Rejected
APP102741,2026-05-07 10:44:22.487495840,65,943993.0,13,711.0,445620.0,48,2,0.183,Salaried,Master,Education,0,2026-05-13 10:44:22.487495840,Rejected_Review,Rejected
APP102742,2026-05-07 21:26:49.736578864,53,984590.0,2,660.0,626846.0,48,1,0.337,Salaried,Bachelor,Medical,0,2026-05-09 21:26:49.736578864,Rejected_Review,Rejected
APP102743,2026-05-08 08:09:16.985661904,37,583204.0,10,746.0,541021.0,60,2,0.185,Business,Bachelor,Business,0,2026-05-13 08:09:16.985661904,Rejected_Review,Rejected
APP102744,2026-05-08 18:51:44.234744928,26,739541.0,4,832.0,1315824.0,36,2,0.431,Business,High School,Vehicle,0,2026-05-10 18:51:44.234744928,Rejected_Review,Rejected
APP102745,2026-05-09 05:34:11.483827952,24,841694.0,6,695.0,434318.0,36,5,0.307,Business,Diploma,Education,0,2026-05-13 05:34:11.483827952,Rejected_Review,Rejected
APP102746,2026-05-09 16:16:38.732910976,40,613954.0,11,675.0,438558.0,48,5,0.325,Self-Employed,Bachelor,Personal,0,2026-05-14 16:16:38.732910976,Rejected_Review,Rejected
APP102747,2026-05-10 02:59:05.981994016,47,420958.0,19,684.0,762075.0,48,0,0.395,Business,Bachelor,Vehicle,0,2026-05-15 02:59:05.981994016,Rejected_Review,Rejected
APP102748,2026-05-10 13:41:33.231077040,35,576637.0,9,669.0,1836452.0,60,1,0.602,Salaried,Bachelor,Education,0,2026-05-16 13:41:33.231077040,Rejected_Review,Rejected
APP102749,2026-05-11 00:24:00.480160064,26,416715.0,13,690.0,1010829.0,24,0,0.474,Business,Bachelor,Education,1,2026-05-14 00:24:00.480160064,Approved_Review,Disbursed
APP102750,2026-05-11 11:06:27.729243088,34,669104.0,10,650.0,1178407.0,48,1,0.289,Salaried,Doctorate,Home,0,2026-05-18 11:06:27.729243088,Rejected_Review,Rejected
APP102751,2026-05-11 21:48:54.978326112,31,291712.0,3,632.0,402494.0,12,0,0.344,Business,Bachelor,Education,0,2026-05-14 21:48:54.978326112,Standard_Review,Rejected
APP102752,2026-05-12 08:31:22.227409152,59,757815.0,9,689.0,977972.0,36,2,0.229,Salaried,Master,Business,0,2026-05-14 08:31:22.227409152,Standard_Review,Rejected
APP102753,2026-05-12 19:13:49.476492176,29,311967.0,2,695.0,401612.0,24,2,0.219,Business,Master,Education,1,2026-05-18 19:13:49.476492176,Standard_Review,Disbursed
APP102754,2026-05-13 05:56:16.725575200,46,542078.0,11,672.0,1008832.0,48,1,0.393,Self-Employed,Master,Home,0,2026-05-18 05:56:16.725575200,Rejected_Review,Rejected
APP102755,2026-05-13 16:38:43.974658224,36,815513.0,5,785.0,319150.0,48,1,0.156,Salaried,Master,Vehicle,0,2026-05-19 16:38:43.974658224,Standard_Review,Rejected
APP102756,2026-05-14 03:21:11.223741264,25,927960.0,6,717.0,590825.0,12,3,0.338,Salaried,Bachelor,Business,0,2026-05-18 03:21:11.223741264,Rejected_Review,Rejected
APP102757,2026-05-14 14:03:38.472824288,30,879659.0,8,738.0,250766.0,36,1,0.302,Salaried,Bachelor,Home,0,2026-05-15 14:03:38.472824288,Rejected_Review,Rejected
APP102758,2026-05-15 00:46:05.721907312,23,750585.0,6,740.0,449765.0,36,2,0.414,Salaried,Diploma,Vehicle,0,2026-05-17 00:46:05.721907312,Rejected_Review,Rejected
APP102759,2026-05-15 11:28:32.970990336,33,392800.0,3,697.0,343359.0,36,0,0.159,Salaried,Diploma,Home,0,2026-05-19 11:28:32.970990336,Rejected_Review,Rejected
APP102760,2026-05-15 22:11:00.220073376,63,1010546.0,3,704.0,969395.0,12,2,0.186,Salaried,Diploma,Personal,0,2026-05-19 22:11:00.220073376,Rejected_Review,Rejected
APP102761,2026-05-16 08:53:27.469156400,50,396863.0,4,634.0,733828.0,36,0,0.433,Salaried,Bachelor,Personal,0,2026-05-24 08:53:27.469156400,Rejected_Review,Rejected
APP102762,2026-05-16 19:35:54.718239424,65,1063724.0,1,733.0,554082.0,48,1,0.19,Salaried,High School,Medical,0,2026-05-18 19:35:54.718239424,Standard_Review,Rejected
APP102763,2026-05-17 06:18:21.967322448,26,862159.0,7,668.0,742217.0,36,0,0.203,Salaried,Bachelor,Personal,0,2026-05-23 06:18:21.967322448,Rejected_Review,Rejected
APP102764,2026-05-17 17:00:49.216405472,37,1198083.0,7,648.0,462021.0,36,0,0.169,Salaried,Master,Business,0,2026-05-22 17:00:49.216405472,Rejected_Review,Closed
APP102765,2026-05-18 03:43:16.465488512,65,657315.0,5,775.0,822222.0,60,1,0.295,Salaried,Master,Personal,0,2026-05-19 03:43:16.465488512,Rejected_Review,Rejected
APP102766,2026-05-18 14:25:43.714571536,39,449677.0,6,603.0,673319.0,12,2,0.376,Salaried,Bachelor,Personal,0,2026-05-22 14:25:43.714571536,Rejected_Review,Rejected
APP102767,2026-05-19 01:08:10.963654560,62,363318.0,6,802.0,2189717.0,48,1,0.746,Contract,Diploma,Personal,0,2026-05-23 01:08:10.963654560,Rejected_Review,Rejected
APP102768,2026-05-19 11:50:38.212737584,55,381939.0,5,797.0,1584204.0,36,3,0.676,Contract,Diploma,Vehicle,0,2026-05-26 11:50:38.212737584,Standard_Review,Closed
APP102769,2026-05-19 22:33:05.461820624,46,311196.0,5,676.0,1120310.0,60,2,0.569,Business,Diploma,Business,0,2026-05-20 22:33:05.461820624,Rejected_Review,Rejected
APP102770,2026-05-20 09:15:32.710903648,25,993142.0,7,806.0,810168.0,36,1,0.192,Salaried,Bachelor,Home,0,2026-05-26 09:15:32.710903648,Rejected_Review,Rejected
APP102771,2026-05-20 19:57:59.959986672,49,1050803.0,11,632.0,863729.0,48,0,0.346,Business,Doctorate,Personal,0,2026-05-25 19:57:59.959986672,Rejected_Review,Rejected
APP102772,2026-05-21 06:40:27.209069696,57,833920.0,9,755.0,1301828.0,12,1,0.307,Self-Employed,High School,Personal,0,2026-05-28 06:40:27.209069696,Standard_Review,Rejected
APP102773,2026-05-21 17:22:54.458152736,40,640407.0,12,691.0,808476.0,60,0,0.277,Salaried,Bachelor,Personal,0,2026-05-24 17:22:54.458152736,Rejected_Review,Closed
APP102774,2026-05-22 04:05:21.707235760,41,1643205.0,5,573.0,833733.0,36,1,0.191,Business,Master,Personal,0,2026-05-28 04:05:21.707235760,Rejected_Review,Rejected
APP102775,2026-05-22 14:47:48.956318784,30,621916.0,7,649.0,524707.0,36,1,0.361,Contract,Diploma,Vehicle,0,2026-05-24 14:47:48.956318784,Rejected_Review,Rejected
APP102776,2026-05-23 01:30:16.205401808,25,717939.0,4,679.0,496420.0,24,2,0.241,Self-Employed,Doctorate,Personal,1,2026-05-31 01:30:16.205401808,Approved_Review,Disbursed
APP102777,2026-05-23 12:12:43.454484832,56,636153.0,6,741.0,663457.0,60,0,0.27,Salaried,Bachelor,Medical,1,2026-05-26 12:12:43.454484832,Approved_Review,Disbursed
APP102778,2026-05-23 22:55:10.703567872,26,558209.0,7,659.0,189371.0,48,1,0.253,Self-Employed,Master,Medical,0,2026-05-24 22:55:10.703567872,Rejected_Review,Rejected
APP102779,2026-05-24 09:37:37.952650896,46,863428.0,1,672.0,689900.0,12,0,0.09,Salaried,Bachelor,Business,0,2026-05-26 09:37:37.952650896,Rejected_Review,Rejected
APP102780,2026-05-24 20:20:05.201733920,24,488773.0,6,725.0,620175.0,24,1,0.316,Salaried,High School,Business,0,2026-05-30 20:20:05.201733920,Rejected_Review,Rejected
APP102781,2026-05-25 07:02:32.450816944,59,474239.0,16,722.0,1086368.0,36,3,0.44,Self-Employed,Bachelor,Vehicle,0,2026-05-29 07:02:32.450816944,Rejected_Review,Rejected
APP102782,2026-05-25 17:44:59.699899984,59,883272.0,6,684.0,1291291.0,24,2,0.383,Salaried,High School,Education,1,2026-05-31 17:44:59.699899984,Approved_Review,Pending_Disbursement
APP102783,2026-05-26 04:27:26.948983008,55,519594.0,4,670.0,2532078.0,36,2,0.75,Salaried,Bachelor,Education,0,2026-06-02 04:27:26.948983008,Standard_Review,Closed
APP102784,2026-05-26 15:09:54.198066032,21,690240.0,6,751.0,935284.0,60,3,0.234,Salaried,Master,Education,0,2026-06-01 15:09:54.198066032,Rejected_Review,Rejected
APP102785,2026-05-27 01:52:21.447149056,44,557451.0,5,670.0,755284.0,48,1,0.196,Self-Employed,Master,Medical,0,2026-06-02 01:52:21.447149056,Rejected_Review,Rejected
APP102786,2026-05-27 12:34:48.696232080,56,646630.0,14,613.0,527425.0,60,1,0.293,Contract,Bachelor,Business,0,2026-05-29 12:34:48.696232080,Standard_Review,Rejected
APP102787,2026-05-27 23:17:15.945315120,26,480099.0,2,664.0,414308.0,36,2,0.219,Salaried,Bachelor,Medical,0,2026-05-29 23:17:15.945315120,Standard_Review,Rejected
APP102788,2026-05-28 09:59:43.194398144,61,487216.0,8,726.0,1105646.0,48,0,0.399,Salaried,Bachelor,Vehicle,0,2026-05-30 09:59:43.194398144,Rejected_Review,Rejected
APP102789,2026-05-28 20:42:10.443481168,64,449481.0,8,680.0,690458.0,36,1,0.274,Salaried,Diploma,Education,0,2026-06-01 20:42:10.443481168,Rejected_Review,Rejected
APP102790,2026-05-29 07:24:37.692564192,51,950008.0,11,657.0,865700.0,36,1,0.26,Self-Employed,High School,Home,0,2026-06-06 07:24:37.692564192,Rejected_Review,Rejected
APP102791,2026-05-29 18:07:04.941647232,40,702272.0,5,608.0,706530.0,36,2,0.266,Business,Diploma,Education,0,2026-06-01 18:07:04.941647232,Standard_Review,Rejected
APP102792,2026-05-30 04:49:32.190730256,44,982716.0,8,681.0,715809.0,36,1,0.152,Salaried,Bachelor,Personal,0,2026-06-07 04:49:32.190730256,Standard_Review,Rejected
APP102793,2026-05-30 15:31:59.439813280,45,1031115.0,5,705.0,781090.0,60,0,0.295,Salaried,Bachelor,Business,0,2026-05-31 15:31:59.439813280,Rejected_Review,Rejected
APP102794,2026-05-31 02:14:26.688896304,56,528483.0,6,625.0,864474.0,36,1,0.296,Salaried,Diploma,Vehicle,0,2026-06-03 02:14:26.688896304,Standard_Review,Rejected
APP102795,2026-05-31 12:56:53.937979344,41,966504.0,9,678.0,1120399.0,60,4,0.389,Business,Doctorate,Business,0,2026-06-02 12:56:53.937979344,Rejected_Review,Rejected
APP102796,2026-05-31 23:39:21.187062368,50,645883.0,19,619.0,378013.0,48,1,0.235,Salaried,High School,Personal,0,2026-06-05 23:39:21.187062368,Rejected_Review,Rejected
APP102797,2026-06-01 10:21:48.436145392,44,605206.0,4,682.0,938348.0,36,2,0.33,Business,High School,Home,0,2026-06-06 10:21:48.436145392,Rejected_Review,Rejected
APP102798,2026-06-01 21:04:15.685228416,64,1142001.0,8,802.0,367606.0,36,0,0.083,Salaried,Master,Medical,0,2026-06-02 21:04:15.685228416,Rejected_Review,Rejected
APP102799,2026-06-02 07:46:42.934311440,62,833946.0,8,701.0,994054.0,36,1,0.331,Business,Master,Business,0,2026-06-04 07:46:42.934311440,Standard_Review,Closed
APP102800,2026-06-02 18:29:10.183394480,50,554674.0,2,587.0,821551.0,24,0,0.325,Salaried,Doctorate,Personal,0,2026-06-08 18:29:10.183394480,Standard_Review,Rejected
APP102801,2026-06-03 05:11:37.432477504,42,809915.0,8,712.0,673695.0,48,1,0.262,Salaried,Bachelor,Business,0,2026-06-09 05:11:37.432477504,Rejected_Review,Rejected
APP102802,2026-06-03 15:54:04.681560528,48,367749.0,1,775.0,686992.0,60,2,0.466,Salaried,Diploma,Education,0,2026-06-05 15:54:04.681560528,Rejected_Review,Rejected
APP102803,2026-06-04 02:36:31.930643552,27,726518.0,18,600.0,749599.0,24,0,0.335,Salaried,Master,Business,0,2026-06-07 02:36:31.930643552,Rejected_Review,Rejected
APP102804,2026-06-04 13:18:59.179726592,55,331013.0,10,622.0,1207820.0,60,0,0.666,Salaried,Doctorate,Home,0,2026-06-08 13:18:59.179726592,Rejected_Review,Rejected
APP102805,2026-06-05 00:01:26.428809616,48,417378.0,2,707.0,1155521.0,36,2,0.313,Self-Employed,Master,Personal,0,2026-06-07 00:01:26.428809616,Standard_Review,Closed
APP102806,2026-06-05 10:43:53.677892640,34,845612.0,9,684.0,1089833.0,36,1,0.29,Salaried,Master,Business,1,2026-06-10 10:43:53.677892640,Approved_Review,Disbursed
APP102807,2026-06-05 21:26:20.926975664,30,195461.0,9,769.0,357051.0,36,1,0.258,Self-Employed,High School,Education,0,2026-06-09 21:26:20.926975664,Rejected_Review,Rejected
APP102808,2026-06-06 08:08:48.176058704,36,1462793.0,10,678.0,933728.0,24,2,0.26,Salaried,Master,Education,0,2026-06-12 08:08:48.176058704,Rejected_Review,Rejected
APP102809,2026-06-06 18:51:15.425141728,36,946238.0,8,744.0,211072.0,12,1,0.05,Self-Employed,Doctorate,Personal,0,2026-06-10 18:51:15.425141728,Rejected_Review,Rejected
APP102810,2026-06-07 05:33:42.674224752,51,284187.0,7,789.0,241225.0,36,1,0.326,Salaried,Bachelor,Personal,0,2026-06-13 05:33:42.674224752,Rejected_Review,Rejected
APP102811,2026-06-07 16:16:09.923307776,62,1912749.0,2,634.0,1227886.0,12,0,0.337,Business,Master,Personal,0,2026-06-10 16:16:09.923307776,Rejected_Review,Rejected
APP102812,2026-06-08 02:58:37.172390800,45,2165311.0,20,739.0,339548.0,24,1,0.156,Salaried,Bachelor,Vehicle,1,2026-06-11 02:58:37.172390800,Approved_Review,Pending_Disbursement
APP102813,2026-06-08 13:41:04.421473840,33,599293.0,8,664.0,640032.0,24,2,0.302,Salaried,Diploma,Personal,0,2026-06-12 13:41:04.421473840,Rejected_Review,Rejected
APP102814,2026-06-09 00:23:31.670556864,26,428398.0,11,546.0,1412690.0,12,2,0.654,Self-Employed,Bachelor,Education,0,2026-06-10 00:23:31.670556864,Rejected_Review,Rejected
APP102815,2026-06-09 11:05:58.919639888,64,1388264.0,5,721.0,937263.0,24,1,0.377,Salaried,Master,Home,1,2026-06-13 11:05:58.919639888,Approved_Review,Disbursed
APP102816,2026-06-09 21:48:26.168722912,29,556834.0,6,729.0,842253.0,36,1,0.45,Salaried,Bachelor,Vehicle,0,2026-06-15 21:48:26.168722912,Rejected_Review,Rejected
APP102817,2026-06-10 08:30:53.417805952,65,,7,589.0,681210.0,60,0,0.305,Business,Bachelor,Personal,0,2026-06-12 08:30:53.417805952,Rejected_Review,Rejected
APP102818,2026-06-10 19:13:20.666888976,56,1124117.0,6,660.0,745478.0,24,1,0.343,Self-Employed,Bachelor,Business,0,2026-06-16 19:13:20.666888976,Standard_Review,Rejected
APP102819,2026-06-11 05:55:47.915972000,63,606614.0,7,650.0,512084.0,24,3,0.184,Business,Diploma,Education,0,2026-06-15 05:55:47.915972000,Rejected_Review,Rejected
APP102820,2026-06-11 16:38:15.165055024,40,583181.0,3,743.0,550755.0,48,1,0.215,Self-Employed,Bachelor,Business,0,2026-06-15 16:38:15.165055024,Rejected_Review,Rejected
APP102821,2026-06-12 03:20:42.414138064,38,366645.0,8,589.0,730926.0,12,3,0.455,Salaried,Bachelor,Personal,0,2026-06-17 03:20:42.414138064,Standard_Review,Rejected
APP102822,2026-06-12 14:03:09.663221088,63,489423.0,3,697.0,786256.0,48,1,0.345,Business,Diploma,Business,0,2026-06-15 14:03:09.663221088,Standard_Review,Rejected
APP102823,2026-06-13 00:45:36.912304112,41,578030.0,3,538.0,646879.0,24,2,0.332,Business,Master,Personal,0,2026-06-18 00:45:36.912304112,Rejected_Review,Rejected
APP102824,2026-06-13 11:28:04.161387136,24,372270.0,1,715.0,228815.0,24,1,0.288,Salaried,Doctorate,Business,0,2026-06-17 11:28:04.161387136,Rejected_Review,Closed
APP102825,2026-06-13 22:10:31.410470160,53,387766.0,15,698.0,1530757.0,24,2,0.689,Salaried,High School,Home,0,2026-06-16 22:10:31.410470160,Rejected_Review,Rejected
APP102826,2026-06-14 08:52:58.659553200,47,659903.0,8,657.0,1118477.0,36,2,0.224,Self-Employed,Bachelor,Personal,0,2026-06-20 08:52:58.659553200,Rejected_Review,Closed
APP102827,2026-06-14 19:35:25.908636224,27,282762.0,8,783.0,632105.0,48,1,0.466,Salaried,Bachelor,Home,0,2026-06-16 19:35:25.908636224,Rejected_Review,Rejected
APP102828,2026-06-15 06:17:53.157719248,26,437619.0,5,519.0,1136029.0,24,4,0.417,Salaried,Bachelor,Personal,0,2026-06-18 06:17:53.157719248,Rejected_Review,Rejected
APP102829,2026-06-15 17:00:20.406802272,35,1559374.0,13,689.0,585120.0,60,2,0.213,Contract,Bachelor,Business,0,2026-06-21 17:00:20.406802272,Rejected_Review,Rejected
APP102830,2026-06-16 03:42:47.655885312,38,556413.0,10,768.0,820448.0,36,0,0.296,Salaried,Bachelor,Personal,0,2026-06-18 03:42:47.655885312,Rejected_Review,Rejected
APP102831,2026-06-16 14:25:14.904968336,52,525919.0,2,698.0,267595.0,60,1,0.181,Salaried,Bachelor,Medical,0,2026-06-20 14:25:14.904968336,Standard_Review,Rejected
APP102832,2026-06-17 01:07:42.154051360,31,555293.0,3,779.0,795879.0,24,3,0.279,Self-Employed,High School,Vehicle,0,2026-06-18 01:07:42.154051360,Rejected_Review,Rejected
APP102833,2026-06-17 11:50:09.403134384,40,559254.0,4,661.0,608144.0,24,2,0.334,Salaried,Bachelor,Vehicle,0,2026-06-20 11:50:09.403134384,Rejected_Review,Rejected
APP102834,2026-06-17 22:32:36.652217424,44,841902.0,4,679.0,780636.0,36,1,0.25,Business,Bachelor,Personal,0,2026-06-18 22:32:36.652217424,Standard_Review,Rejected
APP102835,2026-06-18 09:15:03.901300448,35,815794.0,1,770.0,1645870.0,12,0,0.375,Salaried,High School,Home,0,2026-06-21 09:15:03.901300448,Rejected_Review,Rejected
APP102836,2026-06-18 19:57:31.150383472,27,545188.0,12,748.0,693698.0,60,0,0.279,Self-Employed,Bachelor,Home,0,2026-06-22 19:57:31.150383472,Rejected_Review,Rejected
APP102837,2026-06-19 06:39:58.399466496,41,590368.0,15,846.0,556865.0,36,3,0.304,Salaried,High School,Business,0,2026-06-23 06:39:58.399466496,Standard_Review,Rejected
APP102838,2026-06-19 17:22:25.648549520,62,1173470.0,6,697.0,559966.0,48,0,0.147,Self-Employed,Bachelor,Home,0,2026-06-25 17:22:25.648549520,Rejected_Review,Rejected
APP102839,2026-06-20 04:04:52.897632560,46,329421.0,6,703.0,344816.0,24,0,0.387,Self-Employed,High School,Education,0,2026-06-25 04:04:52.897632560,Rejected_Review,Closed
APP102840,2026-06-20 14:47:20.146715584,64,633374.0,5,660.0,856799.0,48,0,0.266,Contract,Bachelor,Medical,0,2026-06-23 14:47:20.146715584,Rejected_Review,Closed
APP102841,2026-06-21 01:29:47.395798608,34,690788.0,14,677.0,914425.0,48,2,0.278,Salaried,Master,Business,1,2026-06-27 01:29:47.395798608,Approved_Review,Disbursed
APP102842,2026-06-21 12:12:14.644881632,57,458273.0,7,760.0,723275.0,48,0,0.341,Business,Bachelor,Personal,0,2026-06-25 12:12:14.644881632,Rejected_Review,Rejected
APP102843,2026-06-21 22:54:41.893964672,41,617180.0,19,690.0,1108800.0,36,0,0.399,Self-Employed,Master,Personal,0,2026-06-24 22:54:41.893964672,Rejected_Review,Rejected
APP102844,2026-06-22 09:37:09.143047696,38,431263.0,7,638.0,1114080.0,60,3,0.447,Contract,Bachelor,Home,0,2026-06-24 09:37:09.143047696,Rejected_Review,Rejected
APP102845,2026-06-22 20:19:36.392130720,25,865839.0,5,666.0,724874.0,60,1,0.234,Salaried,Master,Personal,0,2026-06-29 20:19:36.392130720,Rejected_Review,Rejected
APP102846,2026-06-23 07:02:03.641213744,23,355946.0,9,684.0,938073.0,60,1,0.542,Self-Employed,Bachelor,Personal,0,2026-06-30 07:02:03.641213744,Rejected_Review,Rejected
APP102847,2026-06-23 17:44:30.890296784,43,1048402.0,18,642.0,2074387.0,36,1,0.228,Salaried,High School,Home,0,2026-06-27 17:44:30.890296784,Rejected_Review,Rejected
APP102848,2026-06-24 04:26:58.139379808,46,628908.0,7,660.0,464078.0,36,0,0.198,Salaried,Master,Medical,0,2026-06-28 04:26:58.139379808,Rejected_Review,Rejected
APP102849,2026-06-24 15:09:25.388462832,57,531316.0,14,625.0,1030359.0,12,1,0.325,Self-Employed,High School,Vehicle,0,2026-06-28 15:09:25.388462832,Standard_Review,Rejected
APP102850,2026-06-25 01:51:52.637545856,44,413583.0,12,663.0,731058.0,60,0,0.334,Business,Doctorate,Medical,0,2026-06-26 01:51:52.637545856,Rejected_Review,Closed
APP102851,2026-06-25 12:34:19.886628880,39,1033564.0,2,766.0,1180807.0,60,2,0.385,Self-Employed,Bachelor,Personal,0,2026-06-29 12:34:19.886628880,Standard_Review,Rejected
APP102852,2026-06-25 23:16:47.135711920,45,484751.0,6,693.0,470754.0,12,0,0.219,Salaried,High School,Vehicle,0,2026-06-26 23:16:47.135711920,Rejected_Review,Closed
APP102853,2026-06-26 09:59:14.384794944,41,384410.0,2,850.0,773727.0,36,5,0.385,Salaried,Master,Vehicle,0,2026-06-28 09:59:14.384794944,Rejected_Review,Rejected
APP102854,2026-06-26 20:41:41.633877968,32,1043286.0,4,640.0,498339.0,60,3,0.246,Salaried,High School,Education,0,2026-06-30 20:41:41.633877968,Rejected_Review,Rejected
APP102855,2026-06-27 07:24:08.882960992,61,432696.0,11,722.0,289335.0,24,1,0.175,Contract,Diploma,Vehicle,0,2026-07-03 07:24:08.882960992,Rejected_Review,Rejected
APP102856,2026-06-27 18:06:36.132044032,53,622943.0,8,704.0,1412723.0,24,2,0.262,Salaried,Bachelor,Home,1,2026-06-28 18:06:36.132044032,Standard_Review,Disbursed
APP102857,2026-06-28 04:49:03.381127056,24,939581.0,5,732.0,563320.0,60,2,0.05,Salaried,Bachelor,Personal,0,2026-07-02 04:49:03.381127056,Standard_Review,Closed
APP102858,2026-06-28 15:31:30.630210080,62,697884.0,9,651.0,459362.0,60,3,0.322,Salaried,High School,Personal,0,2026-07-02 15:31:30.630210080,Standard_Review,Rejected
APP102859,2026-06-29 02:13:57.879293104,27,1416374.0,4,666.0,524598.0,60,0,0.226,Salaried,Bachelor,Personal,0,2026-07-03 02:13:57.879293104,Rejected_Review,Rejected
APP102860,2026-06-29 12:56:25.128376144,42,446413.0,3,716.0,1742890.0,24,0,0.596,Salaried,Master,Business,0,2026-07-04 12:56:25.128376144,Rejected_Review,Rejected
APP102861,2026-06-29 23:38:52.377459168,53,591252.0,1,657.0,1347955.0,24,0,0.4,Salaried,High School,Home,0,2026-07-05 23:38:52.377459168,Standard_Review,Rejected
APP102862,2026-06-30 10:21:19.626542192,37,612190.0,14,575.0,627649.0,48,0,0.214,Business,Bachelor,Business,0,2026-07-04 10:21:19.626542192,Standard_Review,Rejected
APP102863,2026-06-30 21:03:46.875625216,44,859652.0,13,775.0,1076820.0,36,1,0.312,Business,Doctorate,Education,0,2026-07-07 21:03:46.875625216,Rejected_Review,Rejected
APP102864,2026-07-01 07:46:14.124708240,54,1160786.0,7,748.0,408866.0,36,1,0.243,Business,Doctorate,Home,0,2026-07-05 07:46:14.124708240,Standard_Review,Closed
APP102865,2026-07-01 18:28:41.373791280,48,671893.0,13,663.0,909461.0,60,1,0.25,Contract,Diploma,Business,0,2026-07-03 18:28:41.373791280,Rejected_Review,Rejected
APP102866,2026-07-02 05:11:08.622874304,63,610955.0,16,704.0,564420.0,60,1,0.279,Salaried,Master,Personal,0,2026-07-10 05:11:08.622874304,Rejected_Review,Rejected
APP102867,2026-07-02 15:53:35.871957328,61,333494.0,14,755.0,870554.0,36,3,0.403,Salaried,Master,Personal,0,2026-07-11 15:53:35.871957328,Standard_Review,Rejected
APP102868,2026-07-03 02:36:03.121040352,59,683717.0,5,777.0,352197.0,24,1,0.205,Salaried,Master,Education,0,2026-07-08 02:36:03.121040352,Rejected_Review,Rejected
APP102869,2026-07-03 13:18:30.370123392,42,485091.0,11,697.0,519835.0,24,1,0.239,Self-Employed,Bachelor,Personal,0,2026-07-04 13:18:30.370123392,Rejected_Review,Rejected
APP102870,2026-07-04 00:00:57.619206416,37,858570.0,12,652.0,766653.0,36,0,0.321,,Diploma,Education,0,2026-07-09 00:00:57.619206416,Rejected_Review,Closed
APP102871,2026-07-04 10:43:24.868289440,54,540565.0,2,785.0,762611.0,24,4,0.32,Self-Employed,High School,Education,0,2026-07-07 10:43:24.868289440,Rejected_Review,Rejected
APP102872,2026-07-04 21:25:52.117372464,26,583290.0,12,696.0,336861.0,36,4,0.139,Salaried,Bachelor,Medical,0,2026-07-11 21:25:52.117372464,Rejected_Review,Rejected
APP102873,2026-07-05 08:08:19.366455504,26,336922.0,4,680.0,430591.0,36,4,0.298,Salaried,High School,Home,0,2026-07-09 08:08:19.366455504,Rejected_Review,Rejected
APP102874,2026-07-05 18:50:46.615538528,54,287671.0,13,707.0,865051.0,60,3,0.58,Self-Employed,Master,Home,0,2026-07-08 18:50:46.615538528,Rejected_Review,Rejected
APP102875,2026-07-06 05:33:13.864621552,21,1501795.0,10,765.0,815735.0,36,0,0.131,Salaried,High School,Vehicle,1,2026-07-11 05:33:13.864621552,Approved_Review,Disbursed
APP102876,2026-07-06 16:15:41.113704576,30,689061.0,9,687.0,971481.0,36,0,0.3,Business,Master,Home,0,2026-07-13 16:15:41.113704576,Rejected_Review,Closed
APP102877,2026-07-07 02:58:08.362787600,41,779711.0,5,754.0,769839.0,48,1,0.241,Contract,High School,Home,0,2026-07-09 02:58:08.362787600,Standard_Review,Rejected
APP102878,2026-07-07 13:40:35.611870640,25,431143.0,5,676.0,413428.0,48,3,0.28,Salaried,Bachelor,Business,0,2026-07-13 13:40:35.611870640,Standard_Review,Rejected
APP102879,2026-07-08 00:23:02.860953664,22,963871.0,30,730.0,586492.0,60,1,0.208,Business,Bachelor,Personal,0,2026-07-09 00:23:02.860953664,Rejected_Review,Rejected
APP102880,2026-07-08 11:05:30.110036688,42,888723.0,5,628.0,912868.0,48,3,0.299,Self-Employed,Bachelor,Business,0,2026-07-12 11:05:30.110036688,Rejected_Review,Rejected
APP102881,2026-07-08 21:47:57.359119712,22,452995.0,3,760.0,424216.0,60,0,0.212,Salaried,Bachelor,Home,0,2026-07-09 21:47:57.359119712,Rejected_Review,Rejected
APP102882,2026-07-09 08:30:24.608202752,30,403507.0,6,646.0,398643.0,36,1,0.256,Salaried,Bachelor,Personal,0,2026-07-11 08:30:24.608202752,Rejected_Review,Rejected
APP102883,2026-07-09 19:12:51.857285776,54,467470.0,4,720.0,601600.0,36,1,0.29,Salaried,High School,Personal,0,2026-07-15 19:12:51.857285776,Rejected_Review,Rejected
APP102884,2026-07-10 05:55:19.106368800,36,641780.0,7,593.0,801757.0,36,3,0.425,Self-Employed,High School,Education,0,2026-07-13 05:55:19.106368800,Rejected_Review,Rejected
APP102885,2026-07-10 16:37:46.355451824,59,700764.0,4,692.0,278569.0,60,0,0.22,Salaried,Bachelor,Business,0,2026-07-13 16:37:46.355451824,Standard_Review,Rejected
APP102886,2026-07-11 03:20:13.604534848,42,661328.0,3,702.0,620072.0,24,2,0.322,Business,Diploma,Vehicle,0,2026-07-17 03:20:13.604534848,Standard_Review,Rejected
APP102887,2026-07-11 14:02:40.853617888,32,1166078.0,10,646.0,907197.0,24,5,0.372,Contract,High School,Business,0,2026-07-16 14:02:40.853617888,Rejected_Review,Rejected
APP102888,2026-07-12 00:45:08.102700912,44,471181.0,8,683.0,1001005.0,48,1,0.423,Salaried,Diploma,Medical,1,2026-07-13 00:45:08.102700912,Approved_Review,Disbursed
APP102889,2026-07-12 11:27:35.351783936,60,398606.0,4,707.0,423772.0,24,1,0.262,Salaried,Master,Medical,0,2026-07-16 11:27:35.351783936,Standard_Review,Rejected
APP102890,2026-07-12 22:10:02.600866960,58,650029.0,16,727.0,843070.0,48,1,0.237,Self-Employed,Bachelor,Vehicle,0,2026-07-16 22:10:02.600866960,Rejected_Review,Rejected
APP102891,2026-07-13 08:52:29.849950000,30,303410.0,6,697.0,1150471.0,60,1,0.519,Business,Diploma,Home,0,2026-07-19 08:52:29.849950000,Rejected_Review,Closed
APP102892,2026-07-13 19:34:57.099033024,55,888962.0,25,777.0,948074.0,60,1,0.127,Salaried,High School,Education,1,2026-07-16 19:34:57.099033024,Approved_Review,Disbursed
APP102893,2026-07-14 06:17:24.348116048,52,679295.0,3,765.0,569713.0,36,0,0.313,Salaried,Bachelor,Vehicle,0,2026-07-22 06:17:24.348116048,Rejected_Review,Rejected
APP102894,2026-07-14 16:59:51.597199072,27,558277.0,10,688.0,212402.0,24,6,0.228,Business,Bachelor,Business,0,2026-07-19 16:59:51.597199072,Standard_Review,Rejected
APP102895,2026-07-15 03:42:18.846282112,41,544503.0,4,604.0,777239.0,36,2,0.305,Salaried,Master,Medical,0,2026-07-16 03:42:18.846282112,Rejected_Review,Rejected
APP102896,2026-07-15 14:24:46.095365136,40,978940.0,9,658.0,1541270.0,48,0,0.321,Salaried,Master,Education,0,2026-07-18 14:24:46.095365136,Rejected_Review,Rejected
APP102897,2026-07-16 01:07:13.344448160,46,965010.0,11,545.0,1056917.0,48,1,0.211,Contract,Bachelor,Business,0,2026-07-22 01:07:13.344448160,Standard_Review,Rejected
APP102898,2026-07-16 11:49:40.593531184,24,581787.0,12,678.0,1020830.0,48,1,0.395,Salaried,Master,Education,0,2026-07-19 11:49:40.593531184,Rejected_Review,Rejected
APP102899,2026-07-16 22:32:07.842614208,42,848329.0,8,781.0,761522.0,48,2,0.216,Salaried,Bachelor,Personal,0,2026-07-20 22:32:07.842614208,Rejected_Review,Rejected
APP102900,2026-07-17 09:14:35.091697248,35,958615.0,14,741.0,1096054.0,24,0,0.269,Salaried,Bachelor,Medical,0,2026-07-21 09:14:35.091697248,Rejected_Review,Rejected
APP102901,2026-07-17 19:57:02.340780272,60,755938.0,11,695.0,814606.0,48,0,0.202,Salaried,High School,Personal,0,2026-07-18 19:57:02.340780272,Rejected_Review,Rejected
APP102902,2026-07-18 06:39:29.589863296,41,592596.0,20,643.0,292346.0,12,2,0.144,Contract,Bachelor,Education,0,2026-07-21 06:39:29.589863296,Standard_Review,Closed
APP102903,2026-07-18 17:21:56.838946320,35,771624.0,25,698.0,1093206.0,12,0,0.385,Salaried,Bachelor,Education,0,2026-07-21 17:21:56.838946320,Rejected_Review,Rejected
APP102904,2026-07-19 04:04:24.088029360,42,407232.0,4,829.0,455099.0,48,1,0.362,Business,Bachelor,Vehicle,0,2026-07-26 04:04:24.088029360,Standard_Review,Rejected
APP102905,2026-07-19 14:46:51.337112384,48,671135.0,10,787.0,723932.0,36,1,0.193,Salaried,High School,Personal,1,2026-07-26 14:46:51.337112384,Approved_Review,Disbursed
APP102906,2026-07-20 01:29:18.586195408,34,585265.0,1,680.0,1013007.0,48,1,0.399,,Master,Home,0,2026-07-22 01:29:18.586195408,Rejected_Review,Rejected
APP102907,2026-07-20 12:11:45.835278432,47,545407.0,5,594.0,481301.0,36,1,0.204,Self-Employed,Master,Medical,0,2026-07-21 12:11:45.835278432,Standard_Review,Rejected
APP102908,2026-07-20 22:54:13.084361472,61,298879.0,5,834.0,427670.0,12,3,0.287,Contract,Bachelor,Personal,0,2026-07-25 22:54:13.084361472,Rejected_Review,Rejected
APP102909,2026-07-21 09:36:40.333444496,60,409343.0,9,643.0,888616.0,36,0,0.495,Salaried,Diploma,Home,0,2026-07-25 09:36:40.333444496,Standard_Review,Rejected
APP102910,2026-07-21 20:19:07.582527520,48,522341.0,17,724.0,401140.0,48,0,0.222,Self-Employed,Bachelor,Vehicle,0,2026-07-25 20:19:07.582527520,Rejected_Review,Rejected
APP102911,2026-07-22 07:01:34.831610544,46,972374.0,11,589.0,635672.0,24,1,0.208,Salaried,Doctorate,Personal,0,2026-07-24 07:01:34.831610544,Rejected_Review,Rejected
APP102912,2026-07-22 17:44:02.080693568,22,739218.0,3,669.0,1230612.0,48,0,0.235,Business,Master,Education,0,2026-07-26 17:44:02.080693568,Rejected_Review,Rejected
APP102913,2026-07-23 04:26:29.329776608,45,992102.0,8,588.0,1578652.0,48,2,0.317,Contract,High School,Home,0,2026-07-26 04:26:29.329776608,Standard_Review,Rejected
APP102914,2026-07-23 15:08:56.578859632,23,1137153.0,13,614.0,287225.0,36,1,0.137,Self-Employed,Bachelor,Business,0,2026-07-25 15:08:56.578859632,Rejected_Review,Rejected
APP102915,2026-07-24 01:51:23.827942656,28,753826.0,7,630.0,627489.0,60,1,0.282,Self-Employed,Master,Personal,0,2026-07-27 01:51:23.827942656,Rejected_Review,Closed
APP102916,2026-07-24 12:33:51.077025680,64,692359.0,7,721.0,1320948.0,60,4,0.341,Salaried,Bachelor,Medical,0,2026-07-28 12:33:51.077025680,Rejected_Review,Rejected
APP102917,2026-07-24 23:16:18.326108720,53,419526.0,4,684.0,573651.0,60,1,0.4,Salaried,High School,Home,0,2026-07-26 23:16:18.326108720,Rejected_Review,Closed
APP102918,2026-07-25 09:58:45.575191744,62,1589182.0,2,850.0,1040049.0,48,3,0.256,Salaried,Master,Personal,0,2026-07-28 09:58:45.575191744,Rejected_Review,Rejected
APP102919,2026-07-25 20:41:12.824274768,55,343416.0,14,764.0,1080014.0,36,0,0.541,Salaried,Bachelor,Business,0,2026-07-28 20:41:12.824274768,Rejected_Review,Rejected
APP102920,2026-07-26 07:23:40.073357792,26,685674.0,1,765.0,515734.0,36,2,0.289,Business,Bachelor,Education,0,2026-07-30 07:23:40.073357792,Rejected_Review,Rejected
APP102921,2026-07-26 18:06:07.322440832,59,945517.0,6,723.0,867304.0,48,1,0.274,Salaried,Bachelor,Business,0,2026-07-29 18:06:07.322440832,Rejected_Review,Rejected
APP102922,2026-07-27 04:48:34.571523856,43,951466.0,7,708.0,894094.0,24,2,0.314,Salaried,Master,Medical,0,2026-08-03 04:48:34.571523856,Rejected_Review,Rejected
APP102923,2026-07-27 15:31:01.820606880,45,386519.0,13,767.0,1103424.0,48,1,0.482,Business,Diploma,Education,0,2026-07-31 15:31:01.820606880,Standard_Review,Closed
APP102924,2026-07-28 02:13:29.069689904,63,538085.0,21,535.0,310600.0,36,1,0.213,Contract,Bachelor,Education,0,2026-07-31 02:13:29.069689904,Rejected_Review,Rejected
APP102925,2026-07-28 12:55:56.318772928,39,453703.0,14,650.0,1336082.0,24,1,0.447,Salaried,Master,Personal,0,2026-08-03 12:55:56.318772928,Rejected_Review,Rejected
APP102926,2026-07-28 23:38:23.567855968,25,266607.0,11,602.0,986842.0,36,1,0.544,Salaried,Master,Home,0,2026-07-29 23:38:23.567855968,Rejected_Review,Rejected
APP102927,2026-07-29 10:20:50.816938992,31,689261.0,5,568.0,397775.0,12,0,0.31,,Diploma,Personal,0,2026-08-03 10:20:50.816938992,Rejected_Review,Rejected
APP102928,2026-07-29 21:03:18.066022016,32,470617.0,4,640.0,656669.0,12,0,0.35,Salaried,Bachelor,Business,0,2026-08-02 21:03:18.066022016,Rejected_Review,Rejected
APP102929,2026-07-30 07:45:45.315105040,30,1279775.0,5,615.0,1064221.0,60,1,0.142,Salaried,High School,Personal,0,2026-08-04 07:45:45.315105040,Rejected_Review,Rejected
APP102930,2026-07-30 18:28:12.564188080,28,857311.0,9,768.0,408514.0,36,2,0.281,Contract,Bachelor,Education,0,2026-08-02 18:28:12.564188080,Standard_Review,Rejected
APP102931,2026-07-31 05:10:39.813271104,44,662224.0,15,696.0,440894.0,36,3,0.239,Self-Employed,Diploma,Personal,0,2026-08-06 05:10:39.813271104,Rejected_Review,Closed
APP102932,2026-07-31 15:53:07.062354128,48,525451.0,10,559.0,706543.0,36,0,0.256,Business,High School,Vehicle,0,2026-08-05 15:53:07.062354128,Standard_Review,Rejected
APP102933,2026-08-01 02:35:34.311437152,61,684559.0,18,710.0,562821.0,36,1,0.374,Salaried,Bachelor,Home,0,2026-08-07 02:35:34.311437152,Rejected_Review,Rejected
APP102934,2026-08-01 13:18:01.560520192,56,579305.0,9,624.0,793547.0,24,0,0.402,Salaried,Master,Personal,0,2026-08-03 13:18:01.560520192,Rejected_Review,Rejected
APP102935,2026-08-02 00:00:28.809603216,57,670662.0,5,694.0,1056334.0,48,0,0.392,Salaried,Master,Personal,0,2026-08-08 00:00:28.809603216,Rejected_Review,Rejected
APP102936,2026-08-02 10:42:56.058686240,41,1529519.0,3,716.0,802074.0,60,0,0.224,Business,Bachelor,Home,0,2026-08-05 10:42:56.058686240,Rejected_Review,Rejected
APP102937,2026-08-02 21:25:23.307769264,28,402555.0,8,641.0,696405.0,60,1,0.381,Salaried,Bachelor,Education,0,2026-08-03 21:25:23.307769264,Rejected_Review,Rejected
APP102938,2026-08-03 08:07:50.556852288,29,602498.0,5,704.0,1058758.0,24,0,0.209,Salaried,Diploma,Education,0,2026-08-11 08:07:50.556852288,Rejected_Review,Rejected
APP102939,2026-08-03 18:50:17.805935328,35,893233.0,10,716.0,664231.0,36,1,0.292,Salaried,High School,Medical,0,2026-08-09 18:50:17.805935328,Rejected_Review,Rejected
APP102940,2026-08-04 05:32:45.055018352,60,542891.0,11,679.0,482129.0,60,4,0.269,Self-Employed,Master,Personal,0,2026-08-12 05:32:45.055018352,Rejected_Review,Rejected
APP102941,2026-08-04 16:15:12.304101376,38,1323740.0,2,643.0,1247281.0,24,0,0.28,Salaried,Master,Vehicle,0,2026-08-08 16:15:12.304101376,Rejected_Review,Rejected
APP102942,2026-08-05 02:57:39.553184400,62,882077.0,17,690.0,208877.0,24,2,0.194,Salaried,Master,Vehicle,0,2026-08-11 02:57:39.553184400,Rejected_Review,Rejected
APP102943,2026-08-05 13:40:06.802267440,40,470347.0,3,681.0,722773.0,60,0,0.302,Salaried,Master,Education,0,2026-08-11 13:40:06.802267440,Rejected_Review,Rejected
APP102944,2026-08-06 00:22:34.051350464,26,712517.0,6,711.0,583689.0,48,0,0.182,Salaried,Master,Personal,0,2026-08-09 00:22:34.051350464,Rejected_Review,Rejected
APP102945,2026-08-06 11:05:01.300433488,32,473380.0,7,673.0,441235.0,36,1,0.268,Self-Employed,High School,Home,0,2026-08-07 11:05:01.300433488,Standard_Review,Closed
APP102946,2026-08-06 21:47:28.549516512,22,454172.0,4,613.0,812707.0,24,1,0.271,Contract,Doctorate,Education,0,2026-08-11 21:47:28.549516512,Rejected_Review,Rejected
APP102947,2026-08-07 08:29:55.798599552,27,610259.0,3,679.0,880893.0,36,1,0.343,Salaried,Bachelor,Business,0,2026-08-12 08:29:55.798599552,Rejected_Review,Rejected
APP102948,2026-08-07 19:12:23.047682576,36,1147872.0,8,711.0,462465.0,36,2,0.126,Contract,Master,Personal,0,2026-08-12 19:12:23.047682576,Rejected_Review,Closed
APP102949,2026-08-08 05:54:50.296765600,23,909070.0,18,702.0,348310.0,36,1,0.264,Salaried,Bachelor,Business,0,2026-08-12 05:54:50.296765600,Rejected_Review,Closed
APP102950,2026-08-08 16:37:17.545848624,65,643429.0,7,683.0,364344.0,36,3,0.118,Salaried,Bachelor,Medical,0,2026-08-11 16:37:17.545848624,Standard_Review,Rejected
APP102951,2026-08-09 03:19:44.794931648,23,923810.0,3,658.0,1733156.0,36,1,0.372,Self-Employed,High School,Medical,0,2026-08-12 03:19:44.794931648,Rejected_Review,Rejected
APP102952,2026-08-09 14:02:12.044014688,47,733517.0,4,655.0,1831572.0,48,0,0.455,Salaried,High School,Personal,0,2026-08-14 14:02:12.044014688,Standard_Review,Rejected
APP102953,2026-08-10 00:44:39.293097712,63,383953.0,7,662.0,710419.0,48,1,0.457,Salaried,Bachelor,Education,0,2026-08-11 00:44:39.293097712,Rejected_Review,Rejected
APP102954,2026-08-10 11:27:06.542180736,60,608904.0,7,,352586.0,48,0,0.237,Self-Employed,Master,Personal,0,2026-08-11 11:27:06.542180736,Rejected_Review,Rejected
APP102955,2026-08-10 22:09:33.791263760,58,628949.0,7,628.0,650932.0,24,1,0.217,Salaried,Diploma,Home,0,2026-08-11 22:09:33.791263760,Rejected_Review,Closed
APP102956,2026-08-11 08:52:01.040346800,53,915740.0,5,696.0,232931.0,36,1,0.118,Self-Employed,High School,Education,0,2026-08-12 08:52:01.040346800,Rejected_Review,Rejected
APP102957,2026-08-11 19:34:28.289429824,48,503740.0,12,608.0,819275.0,12,0,0.446,Self-Employed,Diploma,Personal,0,2026-08-15 19:34:28.289429824,Rejected_Review,Rejected
APP102958,2026-08-12 06:16:55.538512848,21,431071.0,29,740.0,425834.0,36,1,0.266,Salaried,Diploma,Personal,1,2026-08-17 06:16:55.538512848,Standard_Review,Disbursed
APP102959,2026-08-12 16:59:22.787595872,28,636813.0,9,655.0,382214.0,60,0,0.208,Salaried,Diploma,Vehicle,0,2026-08-17 16:59:22.787595872,Rejected_Review,Rejected
APP102960,2026-08-13 03:41:50.036678912,57,486157.0,9,636.0,1141270.0,48,1,0.383,,High School,Business,0,2026-08-15 03:41:50.036678912,Rejected_Review,Rejected
APP102961,2026-08-13 14:24:17.285761936,52,561939.0,10,704.0,648043.0,24,0,0.203,Salaried,Diploma,Vehicle,0,2026-08-14 14:24:17.285761936,Rejected_Review,Rejected
APP102962,2026-08-14 01:06:44.534844960,63,626768.0,12,530.0,1079140.0,36,1,0.49,Salaried,Master,Vehicle,0,2026-08-18 01:06:44.534844960,Rejected_Review,Rejected
APP102963,2026-08-14 11:49:11.783927984,57,547084.0,1,606.0,1279898.0,12,0,0.435,Salaried,Master,Vehicle,0,2026-08-19 11:49:11.783927984,Standard_Review,Rejected
APP102964,2026-08-14 22:31:39.033011008,24,1002653.0,8,713.0,669395.0,24,1,0.153,Salaried,Bachelor,Personal,0,2026-08-19 22:31:39.033011008,Rejected_Review,Rejected
APP102965,2026-08-15 09:14:06.282094048,50,1228323.0,1,756.0,698197.0,36,2,0.27,Salaried,Doctorate,Personal,0,2026-08-16 09:14:06.282094048,Rejected_Review,Rejected
APP102966,2026-08-15 19:56:33.531177072,26,958416.0,15,719.0,1188226.0,36,2,0.341,Self-Employed,Diploma,Medical,1,2026-08-21 19:56:33.531177072,Standard_Review,Disbursed
APP102967,2026-08-16 06:39:00.780260096,39,292930.0,3,699.0,534692.0,24,0,0.282,Salaried,Master,Vehicle,0,2026-08-20 06:39:00.780260096,Rejected_Review,Closed
APP102968,2026-08-16 17:21:28.029343120,52,486912.0,3,847.0,1246877.0,24,1,0.416,Business,Bachelor,Home,0,2026-08-18 17:21:28.029343120,Rejected_Review,Rejected
APP102969,2026-08-17 04:03:55.278426160,29,599790.0,18,722.0,254540.0,48,1,0.233,Salaried,High School,Personal,0,2026-08-20 04:03:55.278426160,Rejected_Review,Rejected
APP102970,2026-08-17 14:46:22.527509184,32,283199.0,15,622.0,586209.0,36,0,0.449,Salaried,Bachelor,Vehicle,0,2026-08-19 14:46:22.527509184,Rejected_Review,Rejected
APP102971,2026-08-18 01:28:49.776592208,31,438264.0,4,757.0,768701.0,60,0,0.307,Self-Employed,Doctorate,Personal,0,2026-08-20 01:28:49.776592208,Standard_Review,Rejected
APP102972,2026-08-18 12:11:17.025675232,36,596351.0,4,648.0,383209.0,24,2,0.097,Contract,High School,Home,0,2026-08-24 12:11:17.025675232,Standard_Review,Rejected
APP102973,2026-08-18 22:53:44.274758272,21,531091.0,5,644.0,842059.0,60,0,0.357,Contract,Diploma,Business,0,2026-08-23 22:53:44.274758272,Standard_Review,Rejected
APP102974,2026-08-19 09:36:11.523841296,65,652535.0,5,600.0,762944.0,36,2,0.35,Self-Employed,Doctorate,Vehicle,0,2026-08-21 09:36:11.523841296,Standard_Review,Rejected
APP102975,2026-08-19 20:18:38.772924320,41,349184.0,16,663.0,485405.0,36,1,0.313,Self-Employed,High School,Vehicle,0,2026-08-22 20:18:38.772924320,Rejected_Review,Rejected
APP102976,2026-08-20 07:01:06.022007344,50,528396.0,3,610.0,476209.0,36,1,0.237,Self-Employed,Bachelor,Business,0,2026-08-25 07:01:06.022007344,Standard_Review,Rejected
APP102977,2026-08-20 17:43:33.271090368,33,695988.0,7,726.0,452623.0,36,1,0.339,Salaried,Master,Personal,0,2026-08-21 17:43:33.271090368,Rejected_Review,Rejected
APP102978,2026-08-21 04:26:00.520173408,54,652991.0,19,682.0,319838.0,36,2,0.068,Self-Employed,Master,Personal,0,2026-08-26 04:26:00.520173408,Rejected_Review,Rejected
APP102979,2026-08-21 15:08:27.769256432,24,794787.0,6,602.0,1565756.0,24,1,0.437,Salaried,Doctorate,Education,0,2026-08-29 15:08:27.769256432,Standard_Review,Rejected
APP102980,2026-08-22 01:50:55.018339456,48,774200.0,25,685.0,630105.0,60,2,0.303,Salaried,Bachelor,Education,0,2026-08-27 01:50:55.018339456,Rejected_Review,Rejected
APP102981,2026-08-22 12:33:22.267422480,58,541192.0,4,755.0,355887.0,24,3,0.175,Self-Employed,High School,Business,0,2026-08-26 12:33:22.267422480,Standard_Review,Closed
APP102982,2026-08-22 23:15:49.516505520,51,686102.0,2,795.0,658474.0,36,3,0.103,Business,Master,Vehicle,0,2026-08-23 23:15:49.516505520,Rejected_Review,Rejected
APP102983,2026-08-23 09:58:16.765588544,47,453491.0,3,574.0,789203.0,36,3,0.412,Salaried,Master,Business,0,2026-08-24 09:58:16.765588544,Rejected_Review,Rejected
APP102984,2026-08-23 20:40:44.014671568,25,575575.0,8,639.0,465003.0,36,2,0.269,Self-Employed,Bachelor,Education,0,2026-08-26 20:40:44.014671568,Rejected_Review,Rejected
APP102985,2026-08-24 07:23:11.263754592,45,404214.0,3,606.0,583324.0,60,2,0.423,Salaried,Master,Education,0,2026-08-29 07:23:11.263754592,Rejected_Review,Rejected
APP102986,2026-08-24 18:05:38.512837616,23,1049861.0,17,713.0,1343554.0,60,0,0.264,Salaried,Master,Education,0,2026-08-28 18:05:38.512837616,Standard_Review,Rejected
APP102987,2026-08-25 04:48:05.761920656,53,574730.0,6,598.0,390401.0,12,1,0.244,Self-Employed,Master,Medical,0,2026-08-31 04:48:05.761920656,Standard_Review,Rejected
APP102988,2026-08-25 15:30:33.011003680,24,1049162.0,7,759.0,523360.0,36,1,0.092,Contract,High School,Personal,1,2026-08-30 15:30:33.011003680,Approved_Review,Disbursed
APP102989,2026-08-26 02:13:00.260086704,45,747808.0,1,768.0,256819.0,60,1,0.242,Salaried,High School,Personal,0,2026-08-28 02:13:00.260086704,Rejected_Review,Rejected
APP102990,2026-08-26 12:55:27.509169728,40,436341.0,6,743.0,1741881.0,36,2,0.522,Business,Bachelor,Vehicle,0,2026-09-02 12:55:27.509169728,Rejected_Review,Rejected
APP102991,2026-08-26 23:37:54.758252768,54,727759.0,7,643.0,972781.0,48,2,0.308,Salaried,Diploma,Vehicle,0,2026-08-31 23:37:54.758252768,Rejected_Review,Rejected
APP102992,2026-08-27 10:20:22.007335792,46,935747.0,2,647.0,682865.0,60,2,0.165,Business,High School,Home,0,2026-08-28 10:20:22.007335792,Rejected_Review,Rejected
APP102993,2026-08-27 21:02:49.256418816,25,627699.0,9,660.0,488845.0,48,1,0.267,Business,Bachelor,Home,0,2026-08-29 21:02:49.256418816,Rejected_Review,Rejected
APP102994,2026-08-28 07:45:16.505501840,55,672018.0,8,762.0,476790.0,24,0,0.222,Business,Master,Personal,0,2026-08-31 07:45:16.505501840,Rejected_Review,Rejected
APP102995,2026-08-28 18:27:43.754584880,48,507155.0,5,580.0,611882.0,60,0,0.279,,Master,Business,0,2026-09-05 18:27:43.754584880,Rejected_Review,Rejected
APP102996,2026-08-29 05:10:11.003667904,49,657089.0,3,715.0,897089.0,60,0,0.309,Salaried,Diploma,Medical,0,2026-09-03 05:10:11.003667904,Standard_Review,Rejected
APP102997,2026-08-29 15:52:38.252750928,29,723446.0,19,629.0,411286.0,48,1,0.22,Salaried,Bachelor,Business,0,2026-08-31 15:52:38.252750928,Rejected_Review,Rejected
APP102998,2026-08-30 02:35:05.501833952,58,500949.0,7,663.0,555307.0,36,3,0.381,Self-Employed,Diploma,Vehicle,0,2026-09-09 02:35:05.501833952,Rejected_Review,Rejected
APP102999,2026-08-30 13:17:32.750916976,26,399930.0,7,738.0,1074607.0,60,2,0.505,Self-Employed,Bachelor,Education,0,2026-09-05 13:17:32.750916976,Rejected_Review,Rejected
APP103000,2026-08-31 00:00:00.000000000,39,1160445.0,8,591.0,1565009.0,60,1,0.264,,Bachelor,Personal,0,2026-09-02 00:00:00.000000000,Rejected_Review,Rejected
