Student_ID,Age,Study_Hours,Attendance_Percentage,Assignment_Score,Midterm_Score,Final_Score,Projects_Completed,Sleep_Hours,Screen_Time_Hours,Study_Expenses,Travel_Distance_Km
STU0001,22,1.8,80.0,78.4,63.7,69.1,0,6.2,5.3,4502.87,20.1
STU0002,19,4.5,66.9,55.8,87.5,69.6,6,7.5,4.1,1189.08,20.9
STU0003,23,4.2,92.7,57.4,43.2,81.5,6,6.8,9.3,2363.64,14.5
STU0004,20,7.8,81.1,60.9,60.2,40.0,2,8.7,2.0,1491.57,11.4
STU0005,22,3.3,82.8,87.0,75.1,42.8,0,9.8,4.9,4643.13,10.7
STU0006,18,14.0,98.0,85.1,86.7,99.0,5,7.5,5.6,18000.0,4.3
STU0007,22,4.7,91.1,20.2,67.8,84.7,4,6.8,3.3,1263.19,41.9
STU0008,23,4.2,86.5,70.8,55.5,58.9,4,9.1,4.1,4961.52,5.3
STU0009,20,8.5,82.0,74.2,64.6,69.3,6,6.7,5.1,684.43,9.1
STU0010,19,3.0,81.9,57.6,62.1,72.2,6,6.3,2.7,3920.42,4.6
STU0011,23,4.7,84.4,66.1,62.9,75.4,0,8.6,5.8,3111.97,1.9
STU0012,23,6.2,86.1,92.0,61.0,96.6,2,8.1,8.2,12883.07,29.5
STU0013,18,7.4,99.1,78.1,61.0,81.8,0,6.3,4.2,3816.1,2.5
STU0014,21,4.7,100.0,64.5,40.5,87.0,2,7.4,6.5,3461.43,19.4
STU0015,20,1.3,84.9,69.2,72.8,67.8,5,6.6,8.4,1437.3,18.7
STU0016,17,5.2,60.5,68.6,78.8,95.0,1,7.8,7.0,2167.7,7.3
STU0017,23,8.5,72.5,76.2,92.0,71.2,1,7.7,3.5,2964.43,18.0
STU0018,21,6.1,100.0,50.6,81.8,36.8,2,5.3,1.9,6300.59,5.8
STU0019,17,6.0,89.2,62.0,80.9,100.0,6,7.1,4.4,1516.47,12.2
STU0020,20,3.2,86.3,87.5,72.7,70.8,3,5.1,5.1,756.83,23.7
STU0021,16,2.9,80.3,70.9,39.8,79.0,1,5.2,0.9,2620.29,42.8
STU0022,21,5.5,70.1,59.3,72.5,51.8,4,6.4,5.1,887.44,11.2
STU0023,24,2.4,98.8,59.9,69.8,100.0,0,6.2,3.3,4231.08,26.0
STU0024,16,7.2,73.8,82.8,84.5,56.5,5,4.8,4.8,6698.98,8.6
STU0025,18,3.6,89.3,64.2,77.1,63.5,3,5.5,4.4,4885.83,3.1
STU0026,22,13.5,100.0,79.7,65.9,100.0,6,5.0,4.6,1802.19,16.0
STU0027,19,1.4,79.8,62.6,99.3,76.2,4,6.0,6.5,7167.48,12.9
STU0028,24,4.6,91.9,55.1,81.6,65.2,0,7.7,3.0,1517.65,10.5
STU0029,18,2.9,79.5,75.7,73.4,43.8,4,8.9,1.3,1319.92,24.3
STU0030,20,0.5,78.3,70.5,75.3,68.9,3,8.4,6.7,6331.38,27.9
STU0031,18,6.7,82.1,82.3,69.0,71.6,2,7.6,6.3,1984.18,20.2
STU0032,22,9.1,68.6,85.3,68.3,65.8,0,7.5,6.1,2772.32,40.7
STU0033,20,8.0,66.8,66.6,33.3,39.0,4,6.9,3.2,4834.59,15.5
STU0034,24,7.0,89.1,77.2,53.4,74.9,5,6.9,6.2,1223.4,1.2
STU0035,22,4.6,77.8,66.2,59.3,48.5,6,8.8,2.4,1766.43,5.2
STU0036,17,7.3,89.1,81.5,75.2,85.1,5,7.8,4.4,1706.25,4.4
STU0037,19,8.2,93.2,75.5,41.6,60.6,4,7.3,8.0,2148.55,20.2
STU0038,24,5.8,94.0,62.6,59.7,85.8,6,4.7,6.2,1575.38,6.8
STU0039,17,2.9,65.8,61.4,57.6,70.2,3,7.9,4.9,3183.65,4.8
STU0040,24,4.4,75.0,76.0,69.9,71.1,3,8.0,4.7,3157.6,35.1
STU0041,20,9.2,87.4,89.4,75.2,91.7,6,6.2,2.8,2501.99,12.1
STU0042,17,5.3,87.5,85.5,57.7,56.1,5,7.3,8.2,2900.97,12.8
STU0043,19,0.5,100.0,57.9,58.8,51.4,5,6.8,7.0,1633.54,19.4
STU0044,22,2.3,72.9,59.4,57.1,79.4,6,6.3,6.6,2534.6,24.9
STU0045,23,4.6,93.7,61.6,61.8,47.7,3,7.5,4.8,836.08,20.8
STU0046,18,7.8,85.7,63.1,67.2,56.4,2,5.6,4.3,4757.83,30.7
STU0047,16,4.9,65.6,44.8,89.0,43.2,1,9.7,3.5,1736.23,18.7
STU0048,19,7.8,76.5,83.9,51.8,89.6,4,7.7,7.9,1785.29,17.1
STU0049,17,4.3,84.6,65.2,96.0,53.0,2,6.9,1.4,1361.75,24.5
STU0050,23,1.2,65.0,78.9,48.3,58.9,4,8.2,6.1,2738.25,19.7
STU0051,19,4.4,61.3,67.3,83.3,48.1,5,8.0,1.8,1767.06,12.5
STU0052,17,6.3,64.4,71.7,60.4,63.4,2,6.0,4.6,3764.17,17.8
STU0053,21,6.1,84.6,61.7,53.4,67.6,5,6.3,5.0,1263.49,5.3
STU0054,21,2.7,77.2,71.6,89.1,84.0,6,4.0,2.4,2734.91,10.4
STU0055,19,4.7,75.8,58.9,69.3,47.5,6,5.6,3.3,3296.79,8.0
STU0056,21,11.4,76.1,71.7,68.7,59.8,5,7.9,6.5,25000.0,85.0
STU0057,17,2.8,67.8,93.9,63.6,94.2,5,7.2,8.0,3856.14,45.7
STU0058,17,7.0,77.4,79.8,58.7,87.7,0,6.4,5.6,1386.46,6.8
STU0059,19,0.9,63.8,76.4,65.2,58.5,1,7.5,3.6,2612.93,20.1
STU0060,23,7.4,93.9,52.2,16.4,69.2,5,6.3,3.1,2336.37,23.6
STU0061,22,3.5,98.9,80.5,38.3,100.0,4,5.1,3.5,1265.27,51.2
STU0062,24,6.4,58.7,82.0,74.3,49.7,3,5.8,5.0,2457.1,6.8
STU0063,23,2.7,77.3,76.0,86.9,37.3,1,10.0,5.5,1010.21,5.8
STU0064,20,6.1,78.0,75.2,89.8,60.9,4,6.8,7.5,2913.04,10.9
STU0065,17,3.5,80.3,69.9,52.7,68.6,0,6.9,4.9,5474.85,12.4
STU0066,20,3.9,92.0,81.7,71.1,56.4,5,7.7,3.7,4784.93,43.8
STU0067,23,6.5,77.3,93.0,32.9,86.6,4,8.3,2.7,3224.15,34.7
STU0068,24,4.6,81.1,77.0,62.4,73.6,4,6.7,4.6,2957.44,14.6
STU0069,24,6.3,100.0,57.4,81.2,59.7,4,8.4,1.7,2320.29,20.6
STU0070,16,5.1,80.9,58.6,67.7,60.8,1,6.7,3.8,10181.52,15.5
STU0071,24,5.6,99.7,82.9,62.7,57.3,5,7.0,2.5,2175.36,44.6
STU0072,22,6.5,87.0,57.5,67.8,84.1,4,6.4,4.5,1062.31,6.8
STU0073,24,4.7,76.5,75.0,88.5,62.0,3,8.0,5.9,4105.07,17.6
STU0074,23,3.3,74.8,66.8,64.1,49.7,5,5.2,5.8,3373.53,5.7
STU0075,16,4.3,81.9,55.9,69.2,86.4,2,7.3,6.4,1219.71,24.5
STU0076,23,8.1,70.7,84.5,92.3,65.3,3,7.8,3.2,1931.44,10.4
STU0077,23,5.8,73.4,82.6,64.3,46.9,0,8.3,7.8,2790.39,14.0
STU0078,18,3.6,77.8,51.7,41.8,99.1,6,7.7,6.3,1732.02,10.8
STU0079,16,6.4,84.9,79.2,89.9,80.4,1,5.8,6.3,4538.87,11.3
STU0080,23,6.5,100.0,77.0,84.2,70.8,2,7.8,7.3,1507.71,9.2
STU0081,18,6.6,77.2,84.6,32.5,66.4,1,8.0,5.4,2123.12,41.0
STU0082,18,3.3,86.6,74.5,65.9,65.2,1,7.8,4.8,1901.22,18.5
STU0083,16,4.0,65.7,93.4,67.6,64.9,4,6.7,7.7,3350.69,15.7
STU0084,20,4.0,92.6,70.1,89.9,65.3,3,6.8,3.3,3771.69,9.6
STU0085,22,4.7,64.8,67.9,67.8,60.0,2,8.3,4.6,3347.38,19.7
STU0086,24,6.7,90.0,57.4,70.7,68.2,4,7.0,15.0,752.68,9.5
STU0087,22,6.2,81.2,58.0,71.2,59.6,2,5.8,4.6,2779.69,2.9
STU0088,24,6.3,80.8,56.6,60.5,73.8,5,6.5,3.8,3409.34,32.9
STU0089,23,8.5,79.0,75.3,88.8,69.6,5,8.9,3.1,3673.85,14.4
STU0090,17,7.0,69.0,68.0,55.3,58.1,3,5.3,5.5,2227.62,1.9
STU0091,16,5.2,69.5,77.0,60.2,68.5,4,8.7,4.1,2538.61,4.9
STU0092,22,2.9,90.4,53.9,67.9,79.2,2,7.0,6.0,1727.49,4.7
STU0093,22,3.9,82.1,59.2,46.6,31.6,6,5.3,8.3,5737.18,24.1
STU0094,23,4.9,78.9,58.9,96.2,79.8,5,8.0,7.1,1045.33,38.6
STU0095,20,7.3,86.4,100.0,68.0,49.2,4,6.1,0.5,3353.02,8.4
STU0096,18,5.4,83.0,69.5,81.2,62.2,1,7.1,6.4,1309.24,18.3
STU0097,23,4.1,74.1,71.0,52.7,21.9,5,4.6,6.6,1830.47,21.1
STU0098,21,3.9,100.0,70.8,79.4,79.6,0,8.7,4.4,2436.9,12.0
STU0099,18,5.3,89.4,95.3,80.7,57.4,2,6.6,7.5,687.63,6.8
STU0100,16,7.5,83.3,47.8,83.1,61.5,6,6.2,5.6,1010.79,6.6
STU0101,18,9.0,76.9,71.1,98.5,71.5,5,7.2,1.1,882.89,13.3
STU0102,20,5.0,91.5,47.7,59.1,36.5,3,8.2,5.3,3297.59,9.6
STU0103,18,5.4,74.1,36.3,65.0,71.1,2,6.8,4.5,4862.78,10.8
STU0104,16,2.8,73.3,61.0,54.5,81.0,0,8.1,3.7,885.99,2.7
STU0105,20,9.8,98.9,78.2,66.5,73.0,2,7.0,5.7,2226.9,5.2
STU0106,22,2.4,82.3,60.0,78.6,63.3,2,7.1,6.3,2988.39,3.5
STU0107,22,8.1,74.4,77.9,77.8,70.7,5,6.0,6.3,2980.25,12.5
STU0108,24,4.7,82.1,73.6,94.3,68.7,2,8.4,6.4,9224.72,15.2
STU0109,18,4.2,90.5,69.9,75.8,82.9,3,7.9,2.7,2762.46,20.3
STU0110,22,3.1,88.2,91.0,68.0,91.3,0,7.7,2.9,1367.59,11.0
STU0111,16,10.8,91.7,63.1,50.5,63.0,5,8.4,5.5,4067.33,20.6
STU0112,19,6.0,69.5,77.7,81.9,73.9,0,5.6,7.2,7032.98,5.0
STU0113,19,5.5,91.5,45.0,65.5,58.7,3,7.1,5.7,1072.7,2.1
STU0114,20,7.5,80.2,73.5,82.2,77.1,2,8.4,0.8,3537.72,14.0
STU0115,22,4.1,82.9,68.1,61.2,77.8,2,7.0,6.1,2546.78,40.8
STU0116,22,14.5,94.1,54.3,87.2,67.2,10,7.2,1.9,1345.7,5.4
STU0117,19,5.6,89.0,78.0,74.2,78.8,0,7.2,6.4,1650.79,4.7
STU0118,22,4.4,85.5,60.9,83.9,70.1,2,7.6,3.9,7034.65,11.4
STU0119,18,8.1,62.2,98.0,74.2,69.2,6,4.5,5.6,4130.9,9.2
STU0120,21,5.0,81.5,35.5,53.2,55.0,1,7.2,9.2,3295.79,14.4
STU0121,17,2.1,74.2,75.7,62.2,72.9,2,7.5,4.3,947.96,19.4
STU0122,24,4.8,89.1,72.6,47.5,60.2,6,7.5,3.5,3875.06,18.0
STU0123,20,6.0,91.9,67.8,71.0,84.8,2,9.1,4.1,5164.89,25.7
STU0124,21,3.5,79.0,64.1,44.6,55.7,4,6.2,2.0,1028.88,2.0
STU0125,19,3.7,75.3,73.0,72.7,74.6,0,9.1,3.0,2535.59,4.9
STU0126,22,4.3,97.6,87.9,15.0,65.6,0,6.5,7.1,4814.27,40.7
STU0127,24,8.2,76.0,46.9,81.0,74.5,6,5.2,1.1,4410.29,3.5
STU0128,22,4.4,70.1,59.9,50.3,69.0,1,9.0,3.7,3789.64,7.1
STU0129,16,8.6,73.7,56.2,52.7,56.1,1,8.4,5.5,2573.19,35.7
STU0130,16,4.1,76.5,55.5,89.9,88.6,1,7.2,4.2,5063.06,27.4
STU0131,24,6.2,73.4,77.1,73.1,54.9,0,6.2,7.7,2776.28,6.9
STU0132,24,4.5,90.5,80.8,81.5,80.9,4,6.7,4.7,3580.23,25.9
STU0133,19,7.2,60.0,88.0,51.9,41.1,4,7.3,4.3,3124.98,9.0
STU0134,24,3.0,73.2,81.1,83.4,65.1,3,8.8,5.3,1252.63,10.6
STU0135,18,7.1,81.5,82.3,65.8,96.0,0,5.3,5.5,1373.32,18.8
STU0136,22,5.8,84.1,50.8,69.9,65.3,3,6.7,5.0,972.87,7.7
STU0137,21,4.1,98.9,94.3,91.8,71.6,2,6.7,4.9,1949.85,12.7
STU0138,23,5.1,97.5,68.9,49.4,97.2,1,6.4,1.1,4237.58,13.8
STU0139,24,8.9,66.0,87.5,82.6,67.6,3,6.2,2.7,3116.22,5.2
STU0140,20,5.8,62.9,51.4,74.2,74.4,5,9.1,6.2,2447.76,15.9
STU0141,16,4.0,82.2,68.4,64.6,80.3,3,6.0,7.0,6047.05,7.5
STU0142,18,2.8,75.3,86.1,50.5,46.5,0,7.2,7.6,2052.69,17.4
STU0143,23,6.6,70.1,72.4,64.4,61.7,1,5.5,2.1,3595.16,17.9
STU0144,21,5.9,82.2,60.7,54.9,72.2,1,8.1,3.3,2003.09,13.6
STU0145,23,7.0,84.3,91.6,87.0,42.9,4,6.4,8.0,944.57,12.3
STU0146,24,2.3,73.6,54.4,69.5,93.3,3,4.1,4.2,1532.86,4.5
STU0147,19,2.9,75.8,71.7,57.2,82.9,4,8.3,6.2,1506.56,16.0
STU0148,16,8.0,74.4,81.6,45.0,80.3,3,6.3,11.7,992.34,30.2
STU0149,16,6.2,77.9,100.0,60.6,92.4,0,8.7,7.1,2264.61,18.0
STU0150,19,6.7,87.4,65.1,87.8,82.3,0,8.4,4.6,1543.32,4.9
STU0151,22,3.4,71.2,67.9,69.8,66.1,2,6.9,4.7,6617.15,15.4
STU0152,17,3.3,75.6,65.3,65.1,42.3,3,7.5,6.1,2146.9,7.9
STU0153,18,7.7,78.0,75.6,95.2,58.4,3,7.1,1.2,1450.92,5.6
STU0154,16,7.8,81.9,80.8,61.4,58.9,1,5.2,5.9,1232.61,9.3
STU0155,20,3.1,84.8,88.4,55.1,80.5,6,8.9,4.4,1205.87,21.7
STU0156,16,2.7,100.0,83.3,74.5,71.4,1,6.7,4.8,4422.71,7.6
STU0157,23,5.3,87.7,64.5,74.7,43.4,6,7.0,5.2,4681.32,12.9
STU0158,16,3.7,88.0,84.2,58.6,84.7,4,7.0,8.1,682.65,32.2
STU0159,16,3.7,79.3,73.4,55.2,92.6,2,6.7,5.5,10198.65,6.3
STU0160,17,2.7,72.2,83.2,91.2,95.1,0,7.8,5.5,2628.24,23.7
STU0161,17,4.5,76.7,84.0,61.1,50.8,3,6.9,6.4,4858.54,11.5
STU0162,21,3.0,74.9,96.5,44.8,75.5,4,6.3,5.1,1483.94,23.3
STU0163,22,3.1,85.9,66.7,71.1,52.9,2,6.5,6.3,1318.54,13.2
STU0164,20,6.2,65.5,63.8,82.3,100.0,1,9.2,4.8,2127.29,14.1
STU0165,16,5.4,87.9,78.7,65.0,70.5,2,7.1,7.3,3190.46,8.7
STU0166,16,6.6,80.8,89.7,76.6,63.7,4,9.1,7.6,2882.37,20.1
STU0167,18,1.9,89.3,72.9,51.2,60.6,0,5.8,6.3,5346.31,19.2
STU0168,17,5.5,74.8,90.7,78.1,75.7,1,6.2,0.5,792.01,15.6
STU0169,20,10.1,73.0,82.4,52.7,78.8,5,6.4,5.4,4508.17,19.0
STU0170,21,4.7,77.9,69.0,72.9,42.0,1,6.9,1.2,3491.49,10.3
STU0171,22,7.3,77.7,80.5,80.3,93.7,0,6.1,5.8,3062.33,17.3
STU0172,19,7.3,90.1,65.5,69.6,78.0,6,6.8,8.2,1041.53,12.8
STU0173,22,7.4,90.0,75.6,48.2,93.6,1,7.3,7.3,1487.78,6.6
STU0174,23,5.9,100.0,55.9,48.9,99.1,4,8.3,4.5,3784.51,5.5
STU0175,16,6.7,77.0,71.0,93.5,68.3,6,5.3,4.7,506.52,20.4
STU0176,21,7.0,48.5,87.0,55.7,84.6,1,8.2,1.3,728.72,8.0
STU0177,23,6.9,77.9,83.5,80.2,60.2,3,8.0,5.0,3370.22,18.3
STU0178,20,3.0,84.3,81.3,69.9,62.0,2,5.7,4.6,3603.13,1.9
STU0179,19,1.7,89.1,76.3,51.9,96.7,6,6.0,2.5,1540.26,15.7
STU0180,17,2.1,85.0,74.4,59.5,57.4,4,7.5,3.0,1537.39,9.8
STU0181,21,4.9,77.0,53.0,95.2,73.3,0,6.2,2.6,4639.92,7.2
STU0182,21,6.8,99.1,68.9,100.0,54.6,4,8.8,9.3,4449.26,13.5
STU0183,16,3.1,71.7,74.7,62.9,58.9,3,7.0,5.2,2004.63,14.4
STU0184,24,7.5,79.3,55.1,61.8,61.4,6,5.4,6.5,1125.18,15.0
STU0185,21,4.4,71.2,45.7,41.8,94.6,1,5.5,6.8,6521.54,16.1
STU0186,18,4.4,82.2,88.9,41.6,78.7,1,5.1,8.2,1083.03,12.5
STU0187,19,3.7,97.9,72.8,54.3,84.3,5,6.9,8.2,3879.34,7.4
STU0188,19,1.4,80.6,75.1,60.9,39.3,4,6.9,6.9,5454.95,23.2
STU0189,18,6.0,80.7,80.3,67.6,70.6,1,7.7,2.0,2489.08,11.6
STU0190,18,9.3,65.0,57.3,79.0,63.5,1,8.6,6.9,1705.12,22.8
STU0191,18,5.4,79.1,65.9,71.5,78.4,3,7.0,4.2,875.52,11.3
STU0192,19,1.4,93.5,94.6,79.3,100.0,0,8.6,2.5,2603.44,0.5
STU0193,22,7.2,79.5,64.7,58.2,29.4,5,6.1,4.3,966.03,9.6
STU0194,19,1.9,78.8,68.0,66.9,76.8,5,5.1,5.3,3051.69,9.1
STU0195,24,2.8,93.1,62.0,62.2,100.0,5,8.0,0.5,670.02,14.4
STU0196,16,5.0,78.9,60.9,47.7,61.3,6,7.9,5.8,840.62,19.5
STU0197,23,5.8,94.9,88.6,36.4,72.5,2,7.3,7.3,2723.08,21.9
STU0198,22,3.3,69.2,34.8,57.3,81.5,4,7.9,5.2,4314.9,19.4
STU0199,17,4.9,88.8,65.1,28.3,33.3,0,4.0,2.8,2078.15,13.8
STU0200,23,7.1,98.5,75.4,49.9,74.5,2,6.4,6.2,4949.33,37.1
STU0201,16,7.4,92.1,97.5,76.7,56.5,0,8.5,4.9,1736.12,17.6
STU0202,24,8.3,63.3,55.0,70.9,100.0,4,6.7,8.5,10296.36,1.9
STU0203,24,9.7,75.6,52.4,68.3,66.5,5,7.8,0.5,1052.61,4.2
STU0204,17,7.3,79.6,59.1,86.9,57.9,3,10.4,0.5,1572.83,18.3
STU0205,22,5.0,92.1,82.5,56.3,84.4,3,8.3,4.8,6017.18,6.8
STU0206,18,7.4,68.7,73.9,78.9,78.3,3,6.5,4.1,2113.58,7.2
STU0207,22,6.5,71.8,50.4,55.1,85.2,0,4.7,5.5,4634.61,8.4
STU0208,24,6.6,65.9,73.5,72.4,100.0,4,7.9,5.8,1058.59,6.9
STU0209,19,5.9,73.7,95.3,70.5,60.1,1,4.4,8.0,1346.03,11.0
STU0210,16,3.5,69.5,76.0,71.3,99.2,1,6.0,4.5,3687.6,15.0
STU0211,17,3.2,98.0,74.5,61.8,100.0,3,6.0,5.9,981.94,5.8
STU0212,16,5.3,75.5,75.4,73.1,56.9,6,6.8,2.4,1136.17,7.7
STU0213,20,5.8,88.9,78.2,74.4,58.6,0,7.4,9.9,2325.6,11.4
STU0214,20,4.0,82.2,53.0,45.1,70.8,1,5.9,7.2,5887.58,12.1
STU0215,22,6.4,82.0,68.5,81.6,66.6,0,8.4,6.8,3173.91,15.7
STU0216,24,10.1,76.1,69.3,48.2,99.1,4,8.8,3.4,2183.48,11.8
STU0217,24,1.7,89.7,64.7,54.0,55.3,6,6.7,7.7,2782.3,27.0
STU0218,18,6.8,83.5,82.3,71.9,74.2,6,8.4,7.0,806.82,34.0
STU0219,18,5.4,83.0,62.5,77.6,57.0,3,6.1,6.3,1714.97,21.6
STU0220,18,6.5,76.1,66.6,71.5,71.8,2,5.7,4.8,3329.73,14.2
STU0221,19,4.6,77.7,53.1,73.2,100.0,3,8.4,2.9,2916.56,7.4
STU0222,23,5.2,87.9,77.7,49.8,100.0,2,7.3,4.9,3720.58,9.0
STU0223,21,5.8,84.3,86.1,59.6,76.4,6,7.5,3.4,3944.25,4.3
STU0224,23,4.8,83.2,66.6,35.2,80.7,1,9.4,5.8,2896.54,11.3
STU0225,16,2.2,74.5,84.1,53.3,78.0,6,7.9,2.8,487.81,3.3
STU0226,23,5.0,100.0,69.8,46.5,64.8,5,10.1,3.6,3111.15,12.8
STU0227,19,2.4,77.2,34.1,68.2,100.0,2,7.1,0.8,1822.06,26.6
STU0228,16,6.9,81.7,71.2,100.0,92.4,5,9.0,6.1,1944.5,7.2
STU0229,23,1.4,80.1,69.4,80.2,74.0,0,6.9,5.9,1962.94,19.6
STU0230,19,7.8,100.0,73.5,32.1,66.3,6,5.5,4.0,3022.08,12.6
STU0231,21,6.4,79.1,75.8,43.7,67.4,5,8.1,0.5,961.65,11.8
STU0232,23,6.5,78.2,61.7,47.2,75.8,2,7.0,1.6,819.5,14.8
STU0233,19,0.7,83.2,94.1,39.9,69.4,1,9.7,5.2,1117.99,17.3
STU0234,18,4.8,75.1,71.0,63.5,89.4,1,7.7,7.0,4544.83,38.6
STU0235,24,8.0,83.1,69.0,71.7,78.1,6,8.2,3.0,1881.61,11.2
STU0236,18,4.4,100.0,83.2,47.3,53.8,3,5.0,7.4,3472.45,22.6
STU0237,24,3.1,85.0,72.3,64.4,50.5,1,7.9,8.4,3415.25,14.4
STU0238,17,4.1,84.6,100.0,71.5,86.8,0,6.9,5.9,3235.52,7.2
STU0239,17,5.3,74.8,68.9,79.2,50.3,2,6.0,7.1,3520.64,32.9
STU0240,17,3.6,99.1,77.3,70.5,64.1,4,8.8,2.7,1780.35,10.5
STU0241,21,8.2,100.0,60.8,73.3,62.5,1,5.3,1.4,3861.36,4.2
STU0242,18,5.4,90.5,85.1,67.4,48.9,5,7.5,8.7,3204.28,20.0
STU0243,24,4.3,88.5,76.6,51.8,75.3,2,6.2,3.0,891.61,20.7
STU0244,19,2.6,79.7,66.9,55.3,67.9,3,7.4,7.3,2598.43,11.1
STU0245,16,6.6,85.9,58.9,46.8,59.2,4,6.6,5.8,2268.75,17.6
STU0246,19,6.5,73.6,52.4,92.0,100.0,3,6.8,8.5,3377.6,15.7
STU0247,16,3.8,70.7,78.3,44.5,28.7,0,7.1,6.6,2542.11,3.9
STU0248,20,0.6,67.1,51.2,83.2,55.3,3,5.8,2.7,2139.37,2.6
STU0249,19,6.4,86.1,91.6,44.6,60.2,2,8.3,4.3,6875.14,46.2
STU0250,23,5.1,68.2,53.1,80.3,46.9,4,7.9,6.4,3711.16,21.8
STU0251,23,6.2,77.0,69.3,83.6,100.0,6,5.7,3.9,2566.92,23.9
STU0252,22,9.8,81.4,58.8,86.4,100.0,3,8.8,7.1,1208.32,10.6
STU0253,18,5.4,92.0,72.5,51.3,58.4,3,8.0,5.2,2703.89,14.7
STU0254,16,4.4,76.2,72.4,70.6,91.6,6,7.1,7.1,1435.74,14.6
STU0255,16,3.0,93.1,78.7,58.4,80.1,5,5.2,7.3,853.76,6.6
STU0256,18,4.8,91.4,49.1,53.8,98.2,5,6.2,5.6,1919.36,7.0
STU0257,21,5.9,71.3,60.5,68.7,68.2,0,4.5,4.7,1998.12,26.4
STU0258,22,5.6,93.2,86.6,81.0,77.3,6,7.2,3.9,4882.25,26.5
STU0259,21,9.3,79.2,81.9,58.5,93.8,6,8.1,2.7,4707.1,13.3
STU0260,21,6.6,77.0,34.5,73.3,91.2,2,6.1,8.4,3862.32,2.2
STU0261,21,5.2,79.2,77.7,53.5,72.6,3,7.0,5.2,2361.27,16.8
STU0262,18,3.9,82.0,56.5,51.3,54.0,2,8.3,4.5,2382.43,10.1
STU0263,21,6.1,77.8,63.1,62.8,57.0,1,6.2,4.5,3586.78,2.5
STU0264,23,3.5,73.6,68.6,63.8,38.6,0,7.7,4.9,3797.76,37.7
STU0265,17,5.9,74.5,95.4,78.7,83.4,5,9.7,4.0,3151.84,23.0
STU0266,20,6.6,83.4,56.4,48.0,73.6,6,8.0,3.9,3479.39,9.8
STU0267,16,5.0,80.4,50.9,100.0,74.9,0,5.7,2.3,2392.12,5.8
STU0268,16,4.1,87.3,78.8,39.3,69.6,0,7.0,5.1,2081.06,28.0
STU0269,20,0.7,82.5,71.6,71.6,50.6,2,7.9,7.6,590.41,12.9
STU0270,18,8.0,82.8,90.1,63.4,75.3,6,7.6,3.6,2004.21,20.0
STU0271,19,6.4,87.9,66.7,57.6,80.3,5,5.6,6.1,1562.98,25.2
STU0272,18,6.4,96.2,90.2,65.2,55.2,5,7.6,6.2,2663.53,9.6
STU0273,16,2.1,96.6,72.2,78.8,69.5,3,6.7,5.8,1610.68,7.8
STU0274,16,8.5,95.4,79.9,81.2,59.0,3,6.4,8.7,2733.36,14.8
STU0275,20,4.5,90.7,96.4,64.5,66.3,2,7.7,6.2,744.01,22.0
STU0276,21,4.9,100.0,69.5,73.3,50.7,2,9.3,5.1,1336.18,4.6
STU0277,18,3.1,86.4,87.7,46.7,65.4,1,6.0,5.7,1570.58,28.5
STU0278,24,1.6,85.3,62.8,65.1,97.7,4,7.6,6.7,1263.43,12.0
STU0279,20,8.0,100.0,75.4,74.3,61.5,4,6.9,8.5,18971.43,17.3
STU0280,23,8.3,54.7,50.3,31.5,58.4,0,7.8,4.5,668.49,13.0
STU0281,16,5.1,79.9,64.4,69.3,59.5,3,7.1,5.4,3877.93,17.1
STU0282,20,4.0,94.5,56.1,65.3,66.8,5,6.2,11.1,4776.46,9.7
STU0283,18,4.7,91.8,90.3,88.3,100.0,6,6.2,4.9,1876.34,15.9
STU0284,16,4.7,100.0,98.1,70.7,93.9,0,7.6,4.8,3102.17,17.0
STU0285,19,2.9,83.1,66.7,75.7,67.6,6,7.2,3.3,3717.63,8.9
STU0286,20,4.9,77.7,60.4,63.7,59.1,5,7.8,5.2,2730.47,25.9
STU0287,22,5.8,78.7,52.3,78.1,40.1,3,4.9,4.9,793.48,27.8
STU0288,16,7.7,85.2,76.0,77.0,54.5,3,8.4,5.8,3257.35,3.7
STU0289,18,5.5,98.2,63.0,47.1,36.4,1,8.8,5.5,4699.85,10.4
STU0290,17,2.0,98.3,63.8,73.0,82.6,2,7.2,1.1,9560.53,8.1
STU0291,24,6.3,81.4,96.4,86.9,92.7,6,7.9,2.4,1020.44,22.1
STU0292,21,4.9,84.5,67.6,83.7,63.6,2,8.3,4.7,2235.12,5.3
STU0293,18,8.5,75.9,80.8,68.4,76.5,2,6.8,4.1,2454.32,21.9
STU0294,23,8.6,76.9,72.8,73.1,51.5,4,7.3,2.9,2343.24,12.2
STU0295,23,8.7,92.5,51.7,82.6,37.0,2,7.6,1.3,842.43,21.9
STU0296,17,4.3,98.0,44.3,49.8,70.9,4,6.3,8.2,5117.01,25.4
STU0297,21,9.9,75.0,79.3,75.6,76.5,5,7.2,8.2,4778.84,28.0
STU0298,22,6.3,84.4,97.6,36.5,99.0,0,4.4,6.5,3193.4,17.5
STU0299,17,9.1,79.6,76.7,81.8,100.0,6,6.2,3.8,1895.97,35.0
STU0300,17,4.4,90.6,81.4,61.8,65.3,4,8.9,7.9,2173.19,7.5
STU0301,-5,4.8,78.1,58.4,66.6,85.5,3,7.5,3.6,2075.39,15.6
STU0302,150,6.1,62.7,87.2,59.1,75.4,1,6.0,5.9,1012.33,21.4
STU0303,99,5.8,92.0,87.0,67.3,70.0,6,5.4,3.4,3942.71,16.0
STU0304,24,8.3,79.0,61.6,72.1,69.4,1,10.3,5.0,2539.13,35.1
STU0305,21,5.0,80.0,80.2,80.1,67.5,3,6.1,6.0,3906.53,27.9
STU0306,22,8.1,86.4,45.5,88.8,68.3,5,6.4,2.0,2958.05,9.9
STU0307,22,7.1,85.5,82.9,68.8,98.2,6,7.8,4.2,1300.52,9.3
STU0308,18,5.0,86.6,63.4,41.4,73.6,0,5.9,5.5,1370.07,11.7
STU0309,17,6.9,65.7,53.6,88.9,99.6,1,7.5,2.5,5872.08,14.5
STU0310,24,4.5,87.6,78.0,44.4,54.7,6,7.0,3.1,3597.03,3.1
STU0311,23,-4.0,62.9,45.4,61.2,21.8,3,5.5,5.5,1952.66,10.3
STU0312,22,30.0,89.7,77.1,60.2,62.1,1,7.1,3.9,3598.58,32.4
STU0313,24,25.0,93.2,55.0,68.2,55.8,4,7.4,2.5,1418.9,1.8
STU0314,19,1.6,68.3,51.8,47.8,44.6,5,5.6,5.1,5063.16,41.7
STU0315,19,5.0,85.3,72.9,47.0,92.1,1,7.7,5.9,1034.49,12.0
STU0316,16,5.3,92.6,69.4,67.7,47.3,5,7.9,9.5,2841.11,15.3
STU0317,23,8.8,77.5,93.9,55.2,79.9,5,5.7,5.2,2287.68,15.9
STU0318,18,4.0,88.7,52.7,89.5,100.0,4,7.6,5.0,2521.23,27.1
STU0319,22,8.4,54.1,92.6,59.2,50.5,6,7.3,4.4,3817.28,16.9
STU0320,17,2.9,93.0,54.9,51.5,66.1,5,6.6,7.3,4792.13,12.7
STU0321,17,8.5,-10.0,85.8,94.7,93.0,4,6.7,5.7,1912.47,4.3
STU0322,22,4.5,150.0,88.6,75.5,62.9,1,7.5,6.7,685.14,28.2
STU0323,21,5.7,125.0,76.8,100.0,75.7,1,6.2,5.4,819.05,16.6
STU0324,18,4.8,99.3,60.1,37.2,80.9,5,7.8,6.8,1950.27,11.3
STU0325,24,8.3,86.9,49.2,71.3,73.0,4,6.0,5.8,2556.32,23.7
STU0326,21,7.9,98.1,42.7,75.8,62.4,1,6.1,2.2,3190.72,7.0
STU0327,21,6.5,66.5,99.8,68.4,56.7,5,5.3,4.4,2831.06,27.2
STU0328,16,3.0,88.7,67.5,62.2,51.4,6,4.8,4.5,4459.89,20.1
STU0329,19,3.9,80.7,55.4,87.9,80.1,0,7.2,5.9,8063.44,15.7
STU0330,21,3.2,74.1,54.9,75.5,58.8,2,4.5,5.3,2661.36,12.5
STU0331,21,0.6,62.7,-20.0,41.0,90.3,6,7.4,7.7,3160.89,14.8
STU0332,20,8.3,88.1,150.0,54.1,97.0,6,6.9,5.8,1520.29,33.7
STU0333,16,4.8,90.8,43.2,49.4,50.3,2,9.5,5.9,2590.78,18.2
STU0334,23,4.8,95.4,85.0,66.1,82.5,3,7.8,3.0,2859.82,44.5
STU0335,20,8.8,93.8,77.0,83.2,100.0,5,7.7,5.3,2763.18,13.1
STU0336,20,4.5,74.3,99.6,61.9,55.5,2,6.1,4.6,1534.71,6.1
STU0337,22,3.7,94.9,89.1,64.0,90.4,0,6.3,0.9,2782.92,31.6
STU0338,19,5.0,96.0,25.5,52.3,79.6,5,6.5,2.4,2653.59,14.0
STU0339,21,3.0,79.4,93.3,80.2,86.3,2,7.0,6.4,3071.62,22.1
STU0340,19,6.3,82.3,90.1,87.7,57.1,2,6.2,6.3,1926.94,16.0
STU0341,18,4.7,72.7,61.0,-15.0,100.0,0,7.7,3.8,2517.78,8.2
STU0342,22,4.4,96.8,65.5,145.0,58.6,4,6.5,3.9,10292.5,50.1
STU0343,23,4.2,66.9,78.2,59.3,80.9,2,8.4,2.7,2590.19,14.5
STU0344,19,5.3,87.3,56.8,45.6,68.9,6,5.9,7.0,5014.96,5.5
STU0345,17,5.7,76.0,68.4,80.9,79.1,3,8.0,3.4,6314.49,32.5
STU0346,18,4.4,70.9,87.0,66.5,53.3,6,9.5,3.9,972.53,9.4
STU0347,16,4.7,63.3,79.8,58.7,49.1,2,9.3,7.0,2196.17,23.9
STU0348,23,5.3,79.8,62.0,69.2,74.9,2,5.9,7.0,2261.87,20.2
STU0349,18,5.1,69.4,87.3,42.6,63.8,0,8.5,4.6,9258.21,1.8
STU0350,22,5.6,82.6,76.5,40.0,63.2,0,4.1,5.0,8501.41,20.4
STU0351,20,4.0,99.7,76.0,69.5,-10.0,5,5.0,5.9,971.81,9.5
STU0352,20,7.7,84.0,64.3,74.9,160.0,3,7.8,4.2,1300.21,2.4
STU0353,22,5.7,100.0,71.9,90.3,90.5,1,7.6,4.8,5544.53,7.1
STU0354,24,4.4,72.2,60.4,82.2,72.0,0,7.8,4.6,1780.19,25.5
STU0355,20,6.3,69.2,42.9,78.2,83.0,1,6.4,6.4,3810.67,16.6
STU0356,16,5.3,71.7,67.8,88.3,79.0,3,5.5,7.8,2168.37,2.9
STU0357,16,1.7,81.3,70.2,75.8,79.9,2,4.6,7.3,1246.11,12.1
STU0358,17,6.3,100.0,74.1,62.5,49.6,5,5.9,7.0,5836.88,4.1
STU0359,21,3.3,65.4,90.2,82.6,89.8,2,7.8,2.8,1558.51,13.3
STU0360,24,7.6,88.2,62.2,82.0,74.6,6,8.1,7.6,2297.95,15.6
STU0361,23,5.0,75.0,66.5,67.9,61.9,-3,7.4,3.6,1195.81,33.4
STU0362,20,7.2,79.8,83.5,48.8,67.9,30,7.3,1.4,1214.55,60.0
STU0363,16,4.1,69.4,60.7,39.4,76.2,6,9.2,3.3,2597.98,6.4
STU0364,22,5.7,90.8,74.3,81.5,73.1,3,8.8,4.8,1346.96,13.7
STU0365,20,8.2,81.6,65.9,75.7,80.2,3,8.2,0.9,6660.38,27.9
STU0366,21,4.9,92.9,68.3,77.9,98.1,0,8.5,6.4,3912.33,1.5
STU0367,22,4.2,83.8,83.4,82.1,52.4,1,7.5,6.7,4187.3,3.5
STU0368,18,6.9,62.7,66.4,53.6,82.8,5,7.6,4.2,2066.58,16.6
STU0369,18,6.9,93.0,83.9,38.0,68.2,0,6.0,2.7,2103.98,19.6
STU0370,20,4.3,61.9,42.7,76.3,89.4,1,7.5,6.8,3335.72,7.0
STU0371,21,1.1,63.3,50.6,87.2,97.6,6,-2.0,3.2,431.11,17.5
STU0372,24,4.2,72.8,37.2,73.6,73.3,0,25.0,1.8,1859.57,13.0
STU0373,20,7.0,73.0,54.5,44.2,80.6,0,7.8,4.9,765.67,4.4
STU0374,16,3.8,96.0,99.9,71.9,90.7,3,6.4,5.1,2898.08,4.1
STU0375,19,5.5,80.3,71.7,50.0,87.0,3,7.9,5.6,1178.79,15.6
STU0376,20,4.1,94.5,61.2,43.3,91.4,2,8.5,6.5,2311.01,12.7
STU0377,20,1.2,76.3,83.7,67.9,64.9,2,5.9,6.8,1404.26,7.8
STU0378,22,4.0,85.2,85.9,70.6,61.2,3,6.7,2.5,6322.82,5.2
STU0379,19,7.0,86.7,53.7,66.4,50.7,3,5.7,0.9,10870.08,35.3
STU0380,16,0.5,89.0,100.0,75.0,66.7,6,6.9,5.9,4537.05,13.7
STU0381,20,6.1,77.4,76.1,55.4,68.6,0,8.7,-5.0,4705.41,37.4
STU0382,22,2.9,78.2,78.0,69.4,67.6,2,7.0,30.0,2431.7,16.0
STU0383,21,6.8,79.0,79.5,60.2,78.4,3,7.8,4.7,1661.98,7.7
STU0384,20,7.1,65.5,79.4,64.0,78.8,1,6.3,3.3,714.35,8.0
STU0385,19,5.1,81.2,62.7,72.3,68.9,1,8.1,8.5,2813.78,14.1
STU0386,17,5.1,78.2,100.0,85.0,75.9,2,6.9,1.0,2055.62,59.5
STU0387,19,3.7,87.8,67.7,72.7,84.1,1,8.0,5.8,2892.5,22.7
STU0388,18,2.5,82.9,86.4,78.0,56.4,5,8.1,2.4,1575.01,32.9
STU0389,16,9.2,95.4,64.9,68.2,85.9,0,5.6,3.7,948.26,21.0
STU0390,23,3.6,82.7,62.2,75.8,59.6,2,6.1,4.1,1177.07,14.0
STU0391,20,8.9,76.4,100.0,84.5,94.5,5,6.5,3.0,-5000.0,10.0
STU0392,19,3.6,82.6,70.4,98.1,72.8,3,9.3,4.5,100000.0,15.7
STU0393,23,6.7,89.2,71.5,87.4,71.1,6,8.8,0.5,900.05,1.9
STU0394,22,3.0,64.3,76.3,67.1,39.6,6,7.1,1.9,1616.93,12.6
STU0395,17,6.7,74.8,100.0,86.3,81.2,5,10.6,1.3,803.44,7.7
STU0396,16,4.8,75.1,100.0,76.8,71.6,1,5.3,2.6,2601.54,17.6
STU0397,19,4.8,86.1,91.3,58.3,73.0,0,6.7,3.4,2645.8,32.0
STU0398,23,6.8,87.3,100.0,77.0,68.4,3,8.5,5.0,2318.69,18.8
STU0399,17,4.5,83.0,57.8,49.9,80.6,4,7.1,3.7,1801.96,24.3
STU0400,18,2.4,57.2,81.8,77.0,84.0,0,5.9,3.3,2931.91,13.0
STU0401,16,7.2,65.5,73.1,96.0,78.2,1,7.5,4.0,3817.49,-20.0
STU0402,16,3.0,79.6,45.5,81.2,92.4,0,10.5,3.6,3924.61,250.0
STU0403,18,6.6,77.0,78.9,87.1,57.8,6,5.9,4.3,5525.07,15.7
STU0404,20,7.6,82.1,64.6,61.9,59.9,4,6.0,4.3,1992.48,20.3
STU0405,18,4.7,77.3,95.0,75.7,76.9,4,5.6,3.4,1708.88,12.1
STU0406,16,8.1,97.3,66.1,79.2,81.3,0,6.5,1.8,4644.16,9.3
STU0407,16,6.6,59.1,65.2,63.1,78.8,6,8.4,4.9,1734.88,11.5
STU0408,23,4.0,85.0,95.0,78.9,48.1,3,9.0,6.7,2175.96,14.0
STU0409,17,8.6,90.3,71.0,75.3,49.6,6,5.4,2.9,1751.27,28.1
STU0410,18,3.0,89.0,89.4,79.1,66.9,5,7.8,4.8,7538.66,24.5
STU0411,17,12.5,89.9,78.4,51.5,39.6,3,8.0,4.1,3656.34,17.0
STU0412,18,13.0,91.3,78.6,88.4,74.4,4,6.1,6.2,1195.85,18.4
STU0413,22,12.8,76.0,68.3,75.2,68.7,2,8.0,3.3,2497.81,18.4
STU0414,16,13.2,71.0,79.5,66.1,54.5,2,7.5,4.6,3253.42,36.6
STU0415,23,12.6,61.7,70.0,66.5,60.6,3,8.4,4.8,1204.85,9.6
STU0416,17,6.0,78.4,59.9,67.4,71.9,2,4.1,5.5,3147.44,30.0
STU0417,18,4.9,74.2,70.4,54.7,44.6,3,7.4,2.8,2266.43,3.9
STU0418,24,1.5,93.6,91.3,87.0,59.7,1,8.1,5.6,1127.42,12.3
STU0419,22,2.6,79.1,80.0,83.4,65.5,3,8.4,3.9,1041.65,9.2
STU0420,19,9.4,71.7,83.5,84.5,64.9,1,8.0,6.0,6086.28,17.2
STU0421,20,1.5,70.1,72.0,92.2,65.4,5,5.4,4.2,30000.0,36.8
STU0422,17,3.8,100.0,42.9,71.0,93.1,4,8.9,7.5,35000.0,14.4
STU0423,23,8.0,81.8,53.7,41.5,86.1,2,8.0,1.8,28000.0,13.9
STU0424,19,6.0,74.2,67.7,78.1,59.1,5,7.0,6.1,40000.0,7.2
STU0425,24,7.5,83.2,55.0,77.5,52.4,5,7.0,5.6,32000.0,17.4
STU0426,20,6.7,100.0,64.1,92.9,63.0,6,9.3,5.9,3094.44,12.5
STU0427,24,8.7,78.1,63.6,85.3,90.9,6,7.9,7.1,4506.93,5.3
STU0428,19,6.1,88.9,64.0,70.1,33.8,4,7.2,1.4,2800.81,9.9
STU0429,20,7.0,93.9,93.6,65.7,71.4,0,5.9,9.3,2014.85,13.3
STU0430,24,3.9,63.1,71.2,84.1,64.8,0,6.7,6.0,5910.35,11.3
STU0431,23,6.8,75.6,86.0,25.5,90.4,5,5.9,8.9,4020.57,70.0
STU0432,18,4.6,92.6,74.5,71.9,86.7,5,4.7,8.7,1645.69,75.0
STU0433,16,4.5,75.0,93.2,83.1,45.0,6,7.3,5.9,2229.15,80.0
STU0434,18,7.5,86.1,87.3,66.1,90.3,4,4.7,5.5,5818.88,65.0
STU0435,19,7.5,74.4,63.1,61.9,30.3,3,6.2,6.5,6622.29,90.0
STU0436,17,9.2,77.5,100.0,72.7,80.4,3,6.6,0.5,2226.55,4.1
STU0437,16,9.1,76.3,65.2,89.6,81.9,2,5.1,4.8,3432.19,9.0
STU0438,22,7.5,88.4,75.0,75.2,98.6,4,8.3,6.9,3160.93,20.1
STU0439,23,1.7,84.0,77.7,57.2,73.9,0,6.9,8.1,1222.74,60.0
STU0440,22,9.5,83.0,79.3,87.5,58.7,4,4.0,4.4,3482.16,10.2
STU0441,20,7.5,100.0,83.9,90.6,52.9,4,8.1,5.7,617.11,9.7
STU0442,16,3.8,99.4,60.6,55.1,94.8,6,9.3,6.1,4515.92,7.8
STU0443,22,7.1,62.2,82.7,100.0,98.9,2,7.2,4.8,3507.24,3.3
STU0444,22,3.2,77.6,80.7,68.0,62.4,3,7.8,3.1,349.77,15.3
STU0445,24,6.9,100.0,72.0,83.2,70.4,5,7.4,3.7,1335.28,27.7
STU0446,18,2.6,76.3,69.2,79.6,93.2,0,7.7,2.9,795.67,19.3
STU0447,24,3.7,100.0,59.9,56.8,83.1,2,6.3,2.0,1283.83,11.2
STU0448,16,7.1,77.7,79.2,60.8,66.8,0,6.0,4.7,2727.0,5.1
STU0449,16,7.9,79.7,62.1,69.1,57.1,0,5.6,9.4,7758.35,8.4
STU0450,19,6.2,90.6,75.6,38.1,55.7,3,7.2,5.5,3498.3,20.5
STU0451,24,4.9,81.1,70.5,81.1,86.2,5,7.8,4.4,1953.02,11.6
STU0452,21,0.8,86.9,52.0,37.7,63.8,5,7.8,5.7,3985.35,42.6
STU0453,18,5.0,97.7,58.0,68.2,63.1,6,6.5,3.3,3740.57,17.7
STU0454,16,6.7,89.6,78.1,57.3,80.4,3,6.7,1.7,6401.99,19.3
STU0455,19,4.8,83.4,64.1,77.3,71.4,2,6.7,3.6,4309.03,10.6
STU0456,24,5.5,98.7,63.6,32.7,76.6,1,6.3,2.7,2509.1,17.2
STU0457,18,5.1,90.8,60.5,41.4,64.5,2,4.5,1.3,939.16,10.6
STU0458,24,4.8,74.7,61.0,58.5,63.8,2,6.7,3.9,6010.86,15.3
STU0459,22,5.7,100.0,96.6,76.3,57.5,1,6.6,6.0,2306.23,22.4
STU0460,19,4.9,88.4,55.2,71.5,82.1,0,6.9,5.8,1403.1,6.0
STU0461,18,8.7,79.9,94.1,84.8,71.4,4,6.3,5.5,688.33,17.7
STU0462,20,0.6,61.8,67.0,69.7,75.0,1,7.4,8.3,1184.23,15.0
STU0463,20,4.3,68.2,62.2,67.7,52.7,4,10.5,3.9,3247.32,38.9
STU0464,18,3.6,99.0,77.8,50.9,81.8,0,8.0,5.9,1940.93,7.3
STU0465,24,6.0,99.4,72.8,64.4,75.3,1,6.4,4.2,4763.32,12.6
STU0466,19,5.7,82.9,69.0,67.7,82.4,3,6.7,7.8,7163.44,9.1
STU0467,20,9.1,64.3,75.3,35.1,75.9,2,6.9,3.4,624.15,5.4
STU0468,19,9.8,71.1,72.6,53.8,74.9,1,7.2,6.5,1290.11,15.6
STU0469,20,3.8,65.8,68.8,75.4,39.1,1,7.0,5.5,2735.81,2.4
STU0470,22,5.5,65.4,86.0,70.9,89.3,0,6.4,7.4,6543.61,10.3
STU0471,24,5.9,100.0,50.3,64.0,47.6,3,6.3,5.0,1450.23,10.5
STU0472,22,3.7,100.0,58.3,58.3,87.6,1,7.8,4.5,2894.61,9.2
STU0473,20,6.9,70.8,60.2,40.1,68.8,3,6.7,4.3,1230.67,8.0
STU0474,22,5.0,81.9,56.1,33.2,42.7,4,7.7,4.7,2366.99,3.7
STU0475,20,3.2,69.2,73.3,63.1,68.5,1,6.7,1.3,2734.41,11.2
STU0476,18,4.9,81.8,79.6,91.8,44.5,3,4.7,4.0,2023.95,26.7
STU0477,22,3.3,98.4,42.6,68.6,88.8,2,5.6,3.8,7248.67,17.2
STU0478,17,7.8,92.8,64.9,84.3,61.2,0,4.9,2.7,5419.22,18.0
STU0479,24,9.7,90.1,67.2,49.2,52.3,5,7.3,3.9,2031.61,19.1
STU0480,16,6.0,80.1,67.7,72.5,81.2,3,4.8,3.2,2110.25,12.9
STU0481,21,5.7,94.6,52.7,56.7,69.3,0,6.4,4.0,4197.23,7.8
STU0482,22,5.8,88.5,67.3,56.1,78.8,5,6.5,6.2,2578.55,33.8
STU0483,23,8.1,86.0,58.3,79.9,68.1,1,6.7,6.3,2520.62,9.2
STU0484,24,8.1,80.8,67.0,66.1,89.7,1,8.1,8.2,1599.55,25.1
STU0485,17,5.2,85.2,46.2,45.8,63.2,4,8.4,5.6,3689.59,10.9
STU0486,17,6.1,84.9,67.1,69.6,43.2,0,6.0,2.0,1649.41,6.9
STU0487,20,6.9,76.6,61.2,56.5,51.4,2,7.0,4.3,1649.08,28.1
STU0488,20,3.0,74.3,68.1,44.9,77.4,6,6.5,3.7,3016.93,8.9
STU0489,21,8.2,72.0,76.5,52.1,58.8,2,7.5,3.0,2739.05,24.9
STU0490,18,9.3,72.7,71.3,100.0,91.8,3,6.9,7.1,2555.53,18.7
STU0491,23,8.1,80.1,83.9,87.4,50.1,2,7.6,5.9,768.49,11.5
STU0492,16,2.8,78.5,66.6,35.8,87.3,5,5.5,5.1,2918.3,3.5
STU0493,21,1.2,75.8,81.3,65.0,62.6,0,7.3,2.0,678.11,16.6
STU0494,19,7.1,75.1,88.9,66.2,92.2,1,5.2,4.8,4858.79,14.9
STU0495,16,3.8,84.9,76.1,63.7,78.6,0,6.0,9.7,1744.53,19.7
STU0496,22,6.1,95.8,71.7,57.4,73.3,0,7.1,3.3,2772.14,29.3
STU0497,24,8.9,81.9,78.2,80.0,81.3,1,4.5,4.6,1713.71,36.7
STU0498,19,4.1,81.2,76.6,83.1,90.9,5,4.2,7.8,3053.7,17.2
STU0499,19,4.7,72.7,87.0,84.8,69.1,0,5.5,4.1,1142.27,8.3
STU0500,21,6.1,79.8,83.9,73.3,38.1,2,5.8,4.1,8326.61,24.7
STU0501,18,2.6,93.9,84.1,77.7,90.4,3,5.9,4.5,1599.93,9.5
STU0502,21,3.8,92.4,72.7,62.5,65.4,6,6.3,5.7,4418.18,2.6
STU0503,22,5.6,91.7,77.1,42.8,100.0,3,7.4,3.1,1211.36,11.2
STU0504,18,4.8,91.4,76.8,42.4,59.8,0,9.5,6.8,1936.9,9.7
STU0505,22,6.8,86.4,53.9,54.4,63.5,5,6.2,4.2,1535.39,17.7
STU0506,18,11.6,86.0,88.0,64.8,82.7,1,7.5,5.4,1695.73,41.1
STU0507,17,5.7,84.4,47.0,47.5,82.9,4,8.6,4.2,3291.37,29.6
STU0508,19,3.6,77.8,82.7,49.9,77.2,5,8.4,2.3,3387.55,34.5
STU0509,23,8.6,82.8,76.0,61.9,60.5,0,6.0,0.6,3258.43,5.2
STU0510,24,2.0,84.2,67.7,81.8,50.3,0,8.1,5.5,1418.1,40.5
STU0511,22,2.4,88.3,77.9,73.3,58.5,4,8.7,1.4,2719.79,15.8
STU0512,16,4.2,83.0,78.3,54.2,44.2,3,9.0,6.5,1442.12,20.5
STU0513,18,4.9,100.0,52.4,68.7,100.0,5,9.0,5.3,6484.5,7.2
STU0514,24,4.1,69.9,93.2,46.7,52.6,3,5.6,9.0,1369.86,28.6
STU0515,16,5.4,89.5,73.1,54.2,65.0,6,7.3,3.8,1839.48,12.0
STU0516,24,6.1,81.6,100.0,41.5,81.8,4,6.1,8.5,2596.15,8.6
STU0517,23,7.9,82.0,83.8,74.9,70.1,1,5.3,4.4,1287.1,9.8
STU0518,16,5.7,73.9,72.7,63.5,59.9,6,7.6,6.9,3774.05,9.5
STU0519,21,4.3,92.2,61.6,65.5,67.5,0,7.3,6.1,5157.47,19.2
STU0520,20,7.7,88.5,70.3,80.9,59.7,2,7.2,1.3,1408.05,6.0
STU0521,21,3.7,90.3,74.2,52.0,65.7,3,6.4,11.4,1608.24,7.3
STU0522,20,1.9,83.7,94.0,75.5,76.6,3,10.2,8.2,5432.46,11.0
STU0523,21,8.2,78.8,90.4,99.8,52.4,5,9.0,5.8,2746.58,4.4
STU0524,20,8.0,81.3,78.8,52.3,88.4,6,6.5,7.7,2166.28,24.8
STU0525,20,3.8,86.3,98.5,43.0,71.2,6,7.0,5.5,1523.35,21.5
STU0526,19,4.6,61.9,41.8,47.9,60.1,3,7.6,6.8,1966.73,9.9
STU0527,18,3.5,90.7,78.9,74.2,64.6,1,8.3,5.3,2272.98,12.9
STU0528,18,6.2,100.0,90.8,95.9,89.8,4,7.6,2.9,3788.49,20.1
STU0529,19,9.3,86.8,80.2,95.3,83.9,1,7.1,4.8,2495.57,9.3
STU0530,24,7.0,79.2,52.0,81.5,74.1,3,5.2,4.0,1383.59,15.4
STU0531,17,7.8,80.4,92.8,82.1,59.8,5,9.6,6.3,1779.71,16.5
STU0532,24,7.3,89.1,83.4,75.4,79.7,0,6.2,2.9,1208.72,29.2
STU0533,16,5.5,79.4,77.1,79.6,70.2,3,8.4,5.3,2293.78,24.9
STU0534,16,7.9,90.7,73.3,72.9,99.7,0,7.0,2.2,10821.25,18.2
STU0535,20,7.1,80.3,100.0,55.2,69.4,5,8.6,6.5,12508.0,14.4
STU0536,21,8.7,99.1,78.7,95.4,98.6,0,5.3,2.6,3092.62,5.9
STU0537,21,4.5,98.9,68.4,89.4,73.3,3,6.2,6.2,853.83,28.1
STU0538,18,1.7,78.7,59.8,55.6,52.4,3,6.8,5.2,4564.19,17.1
STU0539,22,7.8,81.2,83.4,78.4,100.0,0,5.8,7.1,3857.46,39.6
STU0540,24,6.3,81.8,86.8,91.4,45.4,1,6.3,4.7,14337.37,22.3
STU0541,23,4.8,81.9,72.8,74.7,36.4,1,8.7,6.6,2624.19,16.1
STU0542,21,5.0,72.5,63.6,64.7,34.7,5,7.7,5.3,1896.37,12.2
STU0543,23,11.1,71.1,92.0,90.9,100.0,1,8.9,5.9,1306.4,5.4
STU0544,20,4.1,94.5,58.7,72.1,100.0,6,7.1,1.4,4266.82,17.0
STU0545,23,3.6,92.9,100.0,58.0,72.4,2,6.8,3.7,2212.62,7.0
STU0546,19,5.7,92.7,61.0,49.6,77.4,0,5.3,4.7,2116.6,45.4
STU0547,23,8.1,81.3,52.8,21.1,74.3,2,8.4,7.7,1802.43,8.7
STU0548,17,10.5,100.0,54.7,99.6,39.9,2,6.8,5.7,10447.27,11.1
STU0549,20,6.9,81.8,55.4,54.6,94.8,6,7.3,1.6,1912.32,15.2
STU0550,24,2.7,90.6,68.5,83.4,92.6,0,6.3,5.9,3941.58,14.0
STU0551,19,9.8,68.1,65.0,53.3,49.1,2,10.7,3.2,3376.18,8.2
STU0552,21,5.5,79.7,87.4,70.7,75.5,5,7.2,3.4,589.38,13.1
STU0553,16,3.7,80.4,85.2,75.2,68.8,5,6.1,4.9,10537.08,35.9
STU0554,24,3.1,81.3,68.6,48.2,66.4,0,5.5,5.6,749.74,17.4
STU0555,16,7.3,68.7,100.0,83.3,58.5,4,7.7,3.4,1391.79,15.2
STU0556,20,6.0,89.0,68.4,64.8,68.1,4,6.0,1.5,1796.98,2.7
STU0557,19,6.3,92.3,70.4,76.8,61.0,6,6.4,4.6,1560.31,16.6
STU0558,18,8.3,74.6,52.8,91.3,88.1,0,5.0,4.6,2154.21,35.6
STU0559,21,3.7,70.5,70.8,79.8,69.5,0,7.1,7.9,1513.58,5.6
STU0560,17,8.5,74.3,76.5,66.5,58.2,0,7.1,5.1,6038.19,12.7
STU0561,18,4.4,87.0,54.2,99.1,69.6,1,9.4,7.4,3670.66,12.0
STU0562,20,10.3,76.0,64.5,67.3,67.6,0,6.3,9.2,1669.99,33.3
STU0563,24,6.8,80.7,76.9,69.5,66.9,5,4.1,2.8,1451.31,7.9
STU0564,17,3.5,71.3,64.1,65.4,81.5,5,6.7,7.9,1731.67,8.4
STU0565,23,1.0,100.0,61.0,48.4,65.3,3,8.7,6.9,1388.06,4.9
STU0566,17,7.3,82.7,83.7,46.6,60.3,4,7.8,0.6,1146.8,14.4
STU0567,20,4.7,93.5,52.8,59.1,46.9,4,8.4,4.6,4591.98,32.9
STU0568,22,5.2,86.9,55.7,51.8,69.9,6,7.6,6.4,1940.0,12.4
STU0569,23,7.2,81.6,74.7,63.6,91.2,0,6.4,5.7,3232.02,9.3
STU0570,16,7.7,81.1,84.7,81.2,67.9,4,5.5,8.3,2607.95,37.1
STU0571,21,8.2,74.7,76.6,61.5,61.5,0,5.7,6.2,6414.23,10.4
STU0572,16,2.9,77.5,68.6,71.5,57.1,0,6.2,2.1,4473.87,15.8
STU0573,17,8.6,71.9,67.4,59.9,40.7,4,7.8,6.6,3162.66,11.2
STU0574,16,4.2,70.8,87.2,100.0,90.0,4,6.9,2.7,11114.7,24.4
STU0575,20,0.5,100.0,84.9,92.1,78.2,3,4.7,3.9,1580.82,19.4
STU0576,24,2.9,84.8,72.7,64.0,83.1,6,7.4,7.2,2212.83,7.9
STU0577,21,6.0,96.7,67.8,72.4,74.3,2,8.6,7.0,3822.18,23.7
STU0578,16,3.3,74.1,72.5,46.6,56.3,3,4.9,5.1,4328.0,14.1
STU0579,16,5.3,69.5,61.1,64.6,64.6,3,7.7,3.6,1412.17,29.5
STU0580,17,6.2,72.2,69.7,58.4,61.5,4,4.3,4.6,2445.49,16.7
STU0581,24,5.1,77.8,64.7,79.9,62.9,6,5.9,4.8,2536.35,9.7
STU0582,18,4.4,82.4,70.5,53.1,63.0,5,5.3,3.9,11372.15,13.2
STU0583,16,2.7,80.5,65.2,94.5,88.8,6,7.9,7.3,3845.14,11.0
STU0584,20,5.5,74.3,79.9,67.0,100.0,3,9.2,4.2,5046.89,21.3
STU0585,22,1.0,82.9,84.3,54.1,55.2,5,8.4,4.5,1942.09,5.0
STU0586,21,4.0,83.8,66.3,68.5,67.1,4,8.3,4.5,1534.94,13.1
STU0587,16,3.5,89.0,59.8,79.8,73.7,1,5.8,6.4,1898.09,4.4
STU0588,20,5.0,96.7,82.7,76.3,53.3,0,7.8,5.5,3569.38,16.8
STU0589,20,5.0,78.4,74.8,70.5,70.9,2,7.3,5.4,6521.96,23.0
STU0590,21,7.6,94.2,66.5,82.0,76.0,5,5.5,3.1,991.72,10.5
STU0591,18,9.0,82.7,92.6,81.1,68.7,1,8.4,5.5,9060.06,12.6
STU0592,20,3.0,66.7,63.5,81.1,80.7,5,7.6,6.5,4447.83,18.9
STU0593,22,9.9,99.8,42.1,63.6,70.0,0,6.7,4.3,4792.1,8.8
STU0594,20,3.8,100.0,61.4,63.5,21.3,0,8.1,5.3,4588.27,10.8
STU0595,20,5.9,88.2,96.3,64.7,53.7,6,7.2,6.8,1919.91,6.3
STU0596,20,6.6,82.9,67.2,60.1,94.4,2,8.6,3.4,2300.72,11.0
STU0597,18,10.9,79.3,64.3,69.7,78.8,3,9.5,3.4,3890.69,33.3
STU0598,16,4.3,77.4,72.4,67.9,21.5,0,6.6,4.8,2125.21,29.9
STU0599,20,1.5,94.1,87.2,94.5,44.3,2,6.6,6.6,2910.87,9.1
STU0600,24,8.8,81.8,70.8,59.9,82.3,5,6.4,0.5,1623.98,12.9
STU0601,16,3.7,98.7,80.9,52.2,60.2,5,7.0,4.6,4131.44,23.4
STU0602,18,4.7,82.3,69.2,78.3,24.1,5,8.8,3.6,2281.27,12.3
STU0603,19,3.0,77.9,81.0,69.1,88.0,6,5.6,5.7,1921.65,8.4
STU0604,16,4.7,76.0,74.7,57.0,82.3,5,5.2,4.8,1461.77,23.1
STU0605,16,3.7,74.6,66.0,80.5,55.9,5,7.3,7.3,1622.56,11.2
STU0606,23,7.0,87.1,75.9,63.5,91.2,4,7.0,6.3,1059.79,14.0
STU0607,17,5.7,69.1,63.9,92.4,56.5,0,7.3,4.5,3291.45,12.2
STU0608,23,4.0,73.8,51.3,52.8,59.4,6,4.5,3.0,1694.72,6.6
STU0609,22,7.7,95.2,71.7,58.7,61.7,0,9.0,5.7,2432.05,11.1
STU0610,17,6.1,72.5,52.7,70.0,37.8,3,7.3,4.4,5507.65,4.9
STU0611,21,1.4,90.6,81.0,89.7,77.0,6,10.2,4.6,2312.62,13.4
STU0612,21,7.5,61.4,71.4,56.6,78.8,3,7.5,2.7,2256.43,12.5
STU0613,18,5.9,96.5,93.3,74.0,62.2,6,6.5,5.3,2418.94,1.3
STU0614,17,8.6,69.3,67.0,49.4,82.0,4,7.3,4.0,3023.81,5.9
STU0615,16,5.8,73.2,71.7,82.7,43.0,0,8.9,4.2,1844.64,5.1
STU0616,21,3.8,88.8,50.0,57.6,81.7,6,6.1,0.5,4349.78,11.1
STU0617,20,5.1,84.7,55.4,77.9,75.5,3,7.8,5.1,2720.56,38.0
STU0618,24,7.3,90.9,46.8,78.7,58.3,6,7.6,3.1,1756.67,6.2
STU0619,16,3.8,69.2,88.2,38.9,77.0,2,7.8,6.0,2000.35,16.7
STU0620,22,4.5,79.1,65.1,71.3,55.0,5,5.8,5.1,5255.26,27.2
STU0621,20,5.0,75.8,91.9,59.9,88.8,5,7.8,2.1,1630.63,6.9
STU0622,20,3.0,70.9,31.8,76.0,79.0,0,7.7,4.8,3284.73,1.3
STU0623,17,3.8,88.0,95.2,54.0,76.2,5,9.0,5.4,3410.86,4.2
STU0624,18,5.9,91.4,71.0,58.7,62.1,5,9.3,9.2,1242.98,4.6
STU0625,22,8.1,78.6,77.1,87.2,83.2,2,7.5,6.2,976.24,31.3
STU0626,21,6.2,97.2,56.1,85.9,90.5,1,7.3,2.4,2026.68,9.0
STU0627,17,5.4,74.1,79.9,52.1,97.3,4,5.8,8.9,4220.14,25.8
STU0628,21,3.7,97.0,66.4,96.7,60.7,3,6.7,4.5,961.1,7.1
STU0629,17,7.9,87.6,54.1,26.7,83.9,1,6.4,4.4,1417.91,16.4
STU0630,17,6.5,69.8,53.9,71.4,93.7,3,8.3,8.9,3870.63,7.6
STU0631,17,3.9,100.0,53.6,47.4,65.9,1,7.4,3.7,1248.18,9.0
STU0632,18,7.5,77.6,77.7,73.9,93.9,5,5.7,4.7,4860.73,31.9
STU0633,17,6.7,94.1,62.5,63.8,72.7,3,5.9,1.7,14004.74,15.5
STU0634,19,3.7,83.5,47.4,51.7,52.7,4,10.3,4.9,1471.46,26.9
STU0635,24,5.3,85.7,77.5,56.2,57.9,0,6.4,4.7,6510.82,7.5
STU0636,21,4.4,91.0,39.4,55.4,45.5,2,7.9,4.2,3093.91,18.3
STU0637,16,11.3,90.5,91.9,69.2,69.3,1,7.0,5.3,1494.14,7.3
STU0638,23,6.7,78.6,100.0,83.6,67.3,2,6.7,3.4,7039.22,8.9
STU0639,22,5.9,87.3,52.3,99.3,73.2,2,8.5,7.9,3256.63,13.0
STU0640,18,6.5,86.6,87.8,65.3,93.1,3,6.4,5.0,5418.77,8.7
STU0641,16,8.5,84.1,77.2,72.8,69.7,0,6.6,3.5,11484.29,3.5
STU0642,20,5.3,80.0,64.5,87.0,65.5,3,8.8,2.2,2331.23,0.7
STU0643,19,4.2,84.1,65.2,60.8,66.6,2,6.5,5.1,3580.51,13.0
STU0644,23,7.4,100.0,81.8,55.5,38.5,5,5.2,6.8,1210.82,5.6
STU0645,16,5.1,79.0,71.4,99.2,81.6,6,5.5,5.7,1847.67,21.8
STU0646,16,3.1,94.1,33.1,65.1,67.4,4,7.7,9.0,2371.06,9.8
STU0647,19,2.7,75.8,100.0,71.5,71.4,0,6.1,9.0,2868.63,21.7
STU0648,23,8.9,73.2,78.5,42.3,66.6,0,8.5,2.4,626.61,19.5
STU0649,20,5.8,100.0,71.2,59.6,72.2,5,7.0,2.0,6840.92,5.1
STU0650,17,4.2,87.4,61.2,98.2,47.7,2,8.0,3.5,3775.21,11.3
STU0651,21,5.0,87.7,69.2,75.4,70.0,3,7.5,6.4,3497.81,3.6
STU0652,20,7.3,88.0,91.0,67.5,59.7,5,8.4,5.8,9468.1,20.4
STU0653,17,4.9,96.1,75.9,90.3,70.6,4,9.4,7.0,7170.68,10.6
STU0654,18,2.3,86.1,77.6,41.7,52.7,1,7.7,2.9,2265.75,15.2
STU0655,24,6.2,90.2,53.3,61.4,78.1,3,7.7,1.5,1726.35,18.8
STU0656,22,8.2,71.4,66.8,100.0,70.4,0,8.4,3.8,3747.98,10.8
STU0657,22,8.0,91.8,72.8,67.2,48.0,5,6.3,6.2,6853.82,54.2
STU0658,21,4.3,79.6,82.4,67.1,86.1,3,7.7,5.3,2269.78,40.6
STU0659,23,8.3,88.7,65.8,86.9,61.3,1,5.8,7.5,4456.46,8.8
STU0660,19,6.0,64.8,85.9,88.0,63.9,6,6.0,3.6,7579.28,18.1
STU0661,23,8.2,88.3,54.8,47.2,83.6,6,6.4,7.0,4752.35,17.9
STU0662,19,6.8,59.6,73.0,74.8,88.2,4,8.6,3.8,886.54,26.2
STU0663,23,2.2,79.2,70.5,96.1,62.1,6,6.8,6.6,1149.92,13.8
STU0664,24,9.3,64.9,49.3,57.7,71.9,6,6.0,6.5,9072.62,5.5
STU0665,18,5.6,88.3,71.3,62.0,81.6,5,8.0,8.2,2684.95,13.8
STU0666,18,6.8,82.7,63.3,68.5,91.5,4,4.9,2.3,3098.27,19.0
STU0667,17,2.5,74.3,93.2,79.1,71.5,1,4.6,7.8,3616.64,3.2
STU0668,18,6.6,96.3,65.8,45.2,78.0,1,6.7,5.9,6341.18,13.9
STU0669,18,7.9,73.0,77.3,18.2,54.5,6,6.7,5.1,1502.95,11.8
STU0670,20,9.8,51.7,53.5,71.4,44.3,2,8.4,4.7,1911.72,27.3
STU0671,20,8.6,87.1,75.5,86.7,79.4,0,8.6,4.9,1300.57,6.5
STU0672,17,6.7,64.3,65.8,63.0,56.3,2,6.9,5.1,653.56,4.5
STU0673,21,2.1,73.3,60.4,58.2,54.3,3,6.7,1.8,3263.55,12.4
STU0674,20,5.8,76.8,100.0,65.3,80.9,1,6.0,5.5,1424.04,15.6
STU0675,21,4.2,67.8,66.7,93.6,67.5,2,6.9,5.3,4673.69,14.4
STU0676,16,6.0,77.1,68.8,57.4,73.9,0,3.7,3.7,1685.31,12.5
STU0677,20,2.8,67.9,85.5,77.1,48.2,0,6.4,5.1,1041.81,20.1
STU0678,24,5.0,83.6,60.5,49.5,54.5,1,6.9,7.2,4960.69,6.0
STU0679,17,4.4,69.7,78.0,50.3,97.7,5,6.0,3.8,3511.94,20.5
STU0680,16,4.3,82.3,79.7,81.5,58.8,2,6.2,2.7,2244.96,4.9
STU0681,24,4.3,93.6,75.7,94.1,66.5,4,6.6,3.6,2328.34,19.4
STU0682,24,5.2,89.8,100.0,82.2,74.0,1,7.0,0.8,3694.31,14.4
STU0683,24,6.1,81.2,59.9,35.1,51.8,6,8.1,8.6,7556.05,8.5
STU0684,21,0.5,72.1,95.1,61.3,93.0,3,7.6,3.3,3245.94,22.4
STU0685,23,0.5,83.6,79.1,71.8,70.1,2,8.1,7.5,3392.87,17.1
STU0686,16,4.8,75.0,85.6,69.0,66.0,2,7.7,2.5,1857.49,4.3
STU0687,19,5.1,84.0,77.1,37.3,88.2,1,7.1,3.8,2144.12,3.4
STU0688,16,5.9,64.8,100.0,47.2,85.5,5,9.9,5.1,289.9,60.0
STU0689,23,3.9,90.1,67.2,55.2,100.0,2,6.1,6.3,1354.2,6.2
STU0690,16,5.5,82.3,79.5,66.9,62.6,2,5.8,4.9,1251.05,46.3
STU0691,18,5.8,100.0,91.6,37.1,100.0,3,6.8,1.9,1229.41,37.9
STU0692,19,3.9,95.1,63.6,77.6,81.0,5,6.9,4.9,1950.44,31.8
STU0693,23,7.7,87.7,87.0,66.5,98.7,3,7.2,7.5,2089.76,4.8
STU0694,21,5.9,80.8,71.7,51.3,86.8,4,5.8,5.7,1251.03,9.1
STU0695,22,6.7,74.7,53.5,71.1,59.1,3,9.5,9.4,5665.21,46.2
STU0696,23,5.7,91.4,50.2,45.0,55.8,6,6.6,5.3,3690.03,11.2
STU0697,17,10.1,79.7,70.6,67.2,39.3,4,5.7,7.0,2858.78,15.2
STU0698,23,6.8,93.7,86.9,39.2,35.8,3,7.3,6.1,3803.38,6.8
STU0699,18,4.4,86.0,40.8,41.5,59.6,4,8.4,3.7,817.74,19.7
STU0700,22,7.3,86.1,75.0,60.7,91.5,5,9.1,4.9,802.84,7.0
STU0701,18,1.9,87.9,85.4,56.5,61.5,3,3.9,7.2,5518.61,1.8
STU0702,22,5.8,72.8,52.8,74.1,58.5,3,8.0,4.3,11757.3,14.3
STU0703,17,6.2,71.8,62.5,67.7,81.9,1,9.3,5.8,2590.16,11.3
STU0704,21,5.8,71.4,80.6,100.0,55.4,3,6.2,3.8,10794.98,22.2
STU0705,18,4.8,92.5,84.7,63.8,100.0,4,6.7,6.9,2501.9,20.4
STU0706,18,3.3,72.5,96.1,15.2,65.6,1,5.8,5.2,1577.24,9.5
STU0707,24,3.8,73.8,63.2,35.5,85.8,4,6.3,6.7,4727.8,10.5
STU0708,22,5.7,87.4,59.8,48.9,66.6,3,5.6,7.5,617.74,31.2
STU0709,20,3.1,79.5,96.8,100.0,70.4,3,8.2,6.3,1706.58,11.0
STU0710,22,9.4,78.2,60.7,67.4,89.2,4,6.9,4.6,1459.88,4.0
STU0711,24,0.5,77.3,79.6,85.7,73.9,5,3.1,4.7,1146.18,8.8
STU0712,16,4.8,58.7,100.0,84.1,95.4,5,6.2,0.8,1808.15,16.2
STU0713,22,5.7,72.3,83.3,47.7,56.7,6,6.1,5.9,3019.48,19.8
STU0714,21,6.6,93.8,83.7,39.3,47.9,5,8.1,7.1,5863.48,10.0
STU0715,24,3.5,76.6,91.2,78.3,40.3,2,6.9,2.5,4919.9,7.0
STU0716,16,8.0,63.0,79.9,32.5,91.3,1,6.9,4.7,887.26,15.9
STU0717,19,2.4,71.9,83.8,83.6,85.3,1,7.8,4.6,11075.28,16.4
STU0718,24,4.3,85.6,66.9,66.1,65.5,5,8.4,5.9,5620.49,16.6
STU0719,19,6.9,85.4,89.4,77.9,75.1,3,7.3,5.3,2566.67,14.1
STU0720,18,7.8,79.1,78.2,72.9,88.2,1,6.1,3.2,5994.42,16.4
STU0721,24,2.4,75.1,49.8,73.7,66.8,4,5.0,8.2,1373.61,19.8
STU0722,17,11.3,68.0,75.6,69.7,40.1,3,8.9,1.7,4328.77,16.3
STU0723,19,3.5,85.7,39.5,72.5,40.3,1,11.0,3.8,710.92,8.5
STU0724,21,2.6,90.4,82.7,68.7,51.4,0,7.2,2.3,2047.45,34.3
STU0725,17,6.6,94.9,68.5,46.0,71.7,1,7.4,5.7,6068.0,20.9
STU0726,23,4.7,70.9,100.0,61.7,54.0,5,9.0,5.9,1856.07,15.7
STU0727,23,4.4,95.7,79.3,100.0,87.6,4,4.8,4.8,1909.76,17.0
STU0728,16,6.8,81.4,85.9,73.0,48.3,1,8.2,2.6,1688.18,18.8
STU0729,18,2.1,82.3,56.3,86.3,58.2,6,7.5,3.1,2199.21,18.1
STU0730,24,1.8,90.9,82.3,52.3,39.0,2,6.0,6.8,1295.16,9.5
STU0731,20,4.2,76.6,62.4,52.0,62.4,5,6.3,4.8,6990.62,5.4
STU0732,21,7.9,60.4,88.4,48.7,70.1,6,5.3,4.1,1146.68,8.6
STU0733,19,4.3,89.0,55.2,46.7,88.3,6,8.5,3.6,3085.87,18.4
STU0734,17,9.0,85.5,73.6,42.0,72.0,2,5.6,4.8,4331.53,6.1
STU0735,23,8.1,78.4,54.6,71.7,82.6,3,7.5,6.1,1549.61,22.0
STU0736,21,6.1,88.2,73.9,62.3,87.1,2,4.9,4.5,970.23,19.9
STU0737,20,6.2,90.3,100.0,82.0,76.7,4,8.8,5.9,1717.01,30.3
STU0738,24,6.1,66.9,82.8,63.0,54.8,0,6.7,1.9,1932.9,32.9
STU0739,16,5.9,82.2,71.5,29.5,76.9,0,8.4,7.3,4542.84,23.4
STU0740,20,4.7,59.2,35.1,75.1,95.3,3,6.7,4.9,2270.92,10.3
STU0741,21,4.9,80.8,64.0,35.5,64.6,3,6.2,3.0,2504.07,15.7
STU0742,20,3.1,78.3,79.1,71.4,79.4,2,5.3,5.9,1002.87,17.5
STU0743,21,0.6,86.9,64.3,55.7,79.0,6,8.4,5.4,2204.08,11.7
STU0744,21,7.9,71.3,93.4,71.7,63.7,4,6.5,2.8,6359.83,15.8
STU0745,22,5.8,77.8,73.1,44.9,85.9,2,7.4,4.8,5097.98,9.3
STU0746,19,5.5,49.8,88.2,80.5,63.5,4,6.1,4.0,1802.79,6.1
STU0747,23,6.4,87.6,75.1,68.6,77.7,4,7.0,2.5,4288.32,12.6
STU0748,22,3.7,81.1,67.9,62.5,65.9,0,7.3,4.2,2282.4,13.5
STU0749,24,3.3,82.9,64.9,40.9,70.7,6,4.7,2.9,3469.54,16.0
STU0750,22,4.9,67.1,56.8,97.0,85.9,4,6.1,2.6,2064.4,6.7
STU0751,18,8.5,86.0,88.4,53.5,36.9,1,9.0,6.0,1333.74,16.6
STU0752,18,2.9,98.5,65.6,72.2,80.5,4,5.9,5.6,1290.24,7.3
STU0753,23,0.5,80.2,79.8,52.8,82.0,0,8.2,4.5,3521.19,38.5
STU0754,20,4.4,88.5,64.1,100.0,60.2,5,7.4,0.5,447.55,15.2
STU0755,19,8.0,73.3,55.8,70.4,69.5,2,7.7,4.9,4993.62,30.7
STU0756,23,1.7,81.2,80.3,58.2,53.4,4,7.8,6.5,2138.41,37.8
STU0757,21,2.9,66.7,60.8,77.7,56.4,1,7.0,7.4,1646.55,12.3
STU0758,17,6.1,89.9,66.0,80.0,74.6,3,6.3,7.0,4784.9,8.9
STU0759,19,11.2,83.6,53.3,74.3,100.0,2,6.0,2.6,413.9,5.3
STU0760,19,2.5,69.8,64.6,62.8,81.3,3,6.6,3.4,3375.94,8.9
STU0761,21,2.4,74.0,72.4,75.0,55.6,1,8.6,4.7,7262.62,23.8
STU0762,21,6.2,82.6,67.7,65.5,83.2,0,5.2,4.8,1024.92,9.7
STU0763,16,8.2,91.2,84.3,67.6,79.9,5,6.6,5.1,1860.53,7.4
STU0764,23,4.1,96.8,74.2,55.4,40.6,6,5.0,7.2,3354.91,29.2
STU0765,21,1.9,80.7,100.0,44.6,64.6,0,6.2,5.4,900.62,23.9
STU0766,18,6.5,68.4,78.4,77.0,67.6,5,6.8,7.4,2933.62,4.4
STU0767,24,6.9,84.4,46.0,77.7,72.0,6,8.8,3.5,14340.76,32.5
STU0768,17,9.4,99.8,68.8,88.7,69.5,2,9.0,4.2,3092.42,34.6
STU0769,23,6.9,65.8,70.1,68.8,72.5,4,4.7,4.2,3026.58,12.8
STU0770,18,7.3,72.5,62.8,64.5,54.1,4,5.0,4.9,1143.14,11.9
STU0771,20,4.9,88.1,73.1,45.4,64.5,3,6.8,2.3,5933.51,25.7
STU0772,21,10.9,83.5,62.3,67.4,65.5,0,8.0,8.8,425.16,4.6
STU0773,21,4.6,76.5,77.0,73.8,89.7,4,4.9,5.2,2441.18,3.9
STU0774,19,4.2,84.2,43.4,38.9,58.1,5,6.5,2.7,4533.77,19.0
STU0775,18,9.5,91.8,89.2,85.1,65.8,6,8.3,2.8,492.33,42.2
STU0776,19,2.3,81.0,48.3,56.6,63.9,4,8.5,5.2,675.04,9.4
STU0777,16,1.4,80.1,68.0,64.9,97.0,0,6.6,6.2,956.89,19.5
STU0778,19,5.8,87.9,61.0,77.6,81.3,0,4.4,6.9,6102.34,19.5
STU0779,16,5.5,79.3,76.6,67.9,54.1,1,8.4,5.1,1652.96,8.6
STU0780,16,5.0,93.4,69.3,90.5,76.8,6,5.8,6.2,4477.4,17.6
STU0781,21,7.7,100.0,75.8,78.1,52.8,3,7.7,5.7,4031.68,22.7
STU0782,20,3.5,73.1,88.7,65.6,74.4,6,5.8,4.8,849.51,17.2
STU0783,19,5.6,69.5,83.5,18.1,93.2,0,7.1,4.3,1940.93,5.3
STU0784,18,4.7,85.7,72.5,83.9,36.7,6,7.4,5.1,2155.61,6.2
STU0785,16,3.5,69.1,78.9,49.1,52.9,1,8.7,4.8,3485.02,15.1
STU0786,21,5.4,69.0,100.0,81.6,72.6,6,5.2,5.0,2898.83,8.7
STU0787,17,7.4,61.5,84.1,75.8,63.3,0,5.9,5.9,2395.53,16.3
STU0788,23,10.2,78.2,67.6,64.8,73.6,2,9.1,8.2,5330.15,19.0
STU0789,20,6.8,81.7,91.2,83.3,68.6,5,7.3,3.0,5280.54,17.0
STU0790,22,0.5,76.8,77.9,76.3,41.4,5,5.9,5.2,975.26,13.6
STU0791,17,5.4,95.9,57.6,73.3,80.6,2,7.9,5.7,1867.79,5.9
STU0792,23,5.6,95.2,69.3,40.5,47.3,2,5.7,4.3,2552.11,13.5
STU0793,17,7.6,100.0,49.9,68.6,73.5,0,7.3,7.2,2641.32,16.0
STU0794,19,5.9,82.5,37.7,48.1,62.3,4,6.1,4.0,3576.06,21.6
STU0795,16,8.3,93.8,57.8,50.5,100.0,4,8.6,6.3,3186.18,12.6
STU0796,20,6.4,85.1,73.8,62.2,67.9,2,5.9,7.5,3681.77,5.6
STU0797,24,8.9,84.1,73.9,91.4,76.0,3,3.5,5.8,3974.21,14.5
STU0798,16,4.5,77.3,50.8,73.8,79.4,5,6.4,4.6,2080.01,14.9
STU0799,24,5.8,59.4,36.3,74.9,75.7,1,6.1,6.0,2007.92,4.3
STU0800,23,7.3,88.4,94.1,80.3,69.5,2,6.7,4.2,6190.3,11.4
STU0801,21,4.2,93.5,73.4,54.0,53.2,5,7.7,3.6,1810.6,13.5
STU0802,22,3.8,66.7,95.3,42.8,68.1,1,5.5,5.7,4043.64,10.0
STU0803,18,4.1,81.9,94.5,39.9,38.3,6,6.0,6.5,1529.79,11.9
STU0804,16,3.9,91.9,83.0,71.7,78.3,1,7.0,5.2,3107.45,5.5
STU0805,20,6.6,78.4,72.9,83.8,100.0,2,6.1,6.1,3257.26,6.7
STU0806,17,1.5,93.9,66.0,82.6,73.0,4,7.1,9.6,3811.86,21.2
STU0807,20,2.1,80.6,82.8,54.7,75.8,3,7.7,7.4,7028.54,11.2
STU0808,23,9.6,76.7,69.6,89.7,43.6,5,7.0,3.9,1305.75,10.4
STU0809,24,3.9,94.5,63.2,100.0,56.1,2,8.4,5.4,2754.65,14.0
STU0810,17,5.9,72.7,40.5,77.7,85.2,1,5.8,5.6,3845.1,7.4
STU0811,18,2.2,74.8,70.8,91.8,45.4,5,6.2,3.3,3851.87,34.5
STU0812,18,5.7,73.0,88.5,82.0,57.6,0,8.9,6.2,2044.47,14.0
STU0813,16,3.9,70.6,90.9,64.3,79.7,6,6.0,3.5,3210.21,18.1
STU0814,23,2.1,83.5,72.8,57.4,83.8,0,10.2,6.3,2469.43,10.0
STU0815,21,8.4,76.9,58.7,42.2,68.1,5,8.3,8.9,4044.18,1.9
STU0816,23,8.1,86.9,85.5,60.9,72.1,5,5.9,4.7,2375.19,8.0
STU0817,24,5.3,64.7,71.8,64.2,72.0,1,7.8,5.9,2398.2,7.7
STU0818,20,7.7,70.8,66.5,64.6,49.0,2,7.4,5.6,2981.57,5.2
STU0819,18,9.7,82.5,50.2,66.2,68.8,4,5.1,3.1,1807.31,13.3
STU0820,20,7.2,96.7,100.0,31.3,74.1,2,9.0,3.5,1526.23,12.9
STU0821,20,6.6,85.8,83.1,80.5,68.5,3,8.1,5.7,1055.66,42.0
STU0822,20,5.9,76.1,84.7,82.3,37.3,5,8.9,5.3,2290.11,29.3
STU0823,18,6.9,67.1,59.1,73.9,96.1,0,8.4,4.7,1550.51,9.8
STU0824,19,4.7,75.5,73.2,49.3,51.4,1,7.5,6.9,2061.97,15.4
STU0825,24,4.9,81.6,70.8,73.9,71.2,4,8.4,5.9,5591.12,10.4
STU0826,24,6.5,58.4,83.7,68.4,75.5,6,5.3,9.4,2104.89,7.2
STU0827,17,4.5,69.9,92.4,75.6,62.3,2,9.6,3.1,5662.34,11.3
STU0828,23,4.7,74.6,50.5,92.8,74.2,3,8.0,4.2,3211.83,2.6
STU0829,23,5.5,79.4,55.9,65.1,56.8,2,4.5,7.9,2081.85,8.3
STU0830,22,8.0,81.5,81.7,70.9,100.0,6,5.1,8.4,1288.22,9.8
STU0831,23,3.0,75.9,64.4,54.2,65.6,3,7.4,3.3,2322.32,16.0
STU0832,18,7.2,87.1,84.2,82.7,85.3,2,5.8,4.2,1925.3,14.7
STU0833,21,7.2,83.2,66.4,79.2,51.4,4,7.7,4.6,5398.03,5.1
STU0834,16,7.2,78.3,53.3,71.5,82.3,4,5.7,7.8,8989.17,18.1
STU0835,22,3.7,88.4,45.6,51.1,57.8,1,5.3,4.7,4887.09,21.3
STU0836,16,1.8,87.6,79.3,57.1,46.3,4,6.3,4.7,1544.72,17.1
STU0837,24,6.7,67.5,79.6,38.7,51.9,3,11.0,4.5,2590.73,19.7
STU0838,16,5.9,81.7,86.6,56.9,55.6,1,5.6,5.2,2157.32,20.1
STU0839,16,7.7,90.9,76.9,79.3,71.9,6,8.6,5.7,1704.42,26.7
STU0840,22,4.0,92.6,20.0,74.3,100.0,4,6.0,8.8,2356.47,17.2
STU0841,17,7.2,85.7,79.6,70.6,100.0,0,6.9,7.9,2293.97,21.9
STU0842,20,7.8,79.7,50.1,91.7,64.5,6,7.2,2.8,8249.39,14.6
STU0843,23,5.3,86.2,44.0,72.9,86.3,3,6.9,4.6,3095.91,20.1
STU0844,23,6.4,90.1,42.2,58.8,48.7,6,7.1,5.0,4276.47,9.4
STU0845,18,6.3,83.2,40.8,56.8,34.2,6,7.4,4.1,4941.92,14.8
STU0846,22,3.7,84.3,76.2,64.3,70.5,1,5.1,7.0,4084.48,14.6
STU0847,18,6.7,79.5,61.0,60.8,79.3,3,6.8,7.7,6070.57,12.1
STU0848,21,9.1,68.6,49.2,83.2,83.3,1,6.9,4.0,1963.57,8.5
STU0849,21,5.5,80.3,72.3,74.7,88.4,3,7.7,5.0,4664.53,8.7
STU0850,18,2.3,75.2,55.4,62.9,64.4,0,6.6,6.8,8948.99,16.7
STU0851,22,4.0,75.3,86.7,63.5,71.2,6,7.7,7.1,1564.7,7.7
STU0852,18,1.6,96.3,93.8,79.3,84.0,4,6.2,4.0,2004.64,17.8
STU0853,23,8.3,91.5,68.7,84.2,90.3,2,6.3,6.0,1909.12,17.2
STU0854,19,7.2,65.1,92.7,38.5,54.6,6,7.4,3.6,10149.26,5.6
STU0855,16,4.4,71.2,92.6,65.3,73.6,2,5.7,7.1,1252.35,17.4
STU0856,19,2.4,78.4,73.3,69.5,81.0,2,6.3,3.5,2685.85,10.2
STU0857,22,3.7,75.6,98.0,76.8,72.5,6,6.4,5.2,3442.45,16.8
STU0858,19,4.1,85.2,62.7,69.8,59.4,1,6.4,4.0,1749.39,46.5
STU0859,21,5.7,69.6,42.7,74.5,70.1,4,7.1,3.0,1312.38,38.2
STU0860,24,5.7,91.6,48.7,64.2,79.0,6,5.8,3.9,1467.27,15.5
STU0861,16,8.5,81.6,62.0,55.1,57.1,5,7.8,4.3,2124.43,9.1
STU0862,20,4.0,78.6,80.0,80.5,49.6,1,6.6,7.5,1766.03,14.2
STU0863,22,2.2,81.9,54.7,81.1,100.0,6,7.5,4.1,6388.06,3.4
STU0864,16,3.0,77.8,61.9,78.4,73.2,6,5.4,5.1,1776.05,12.0
STU0865,19,5.4,61.7,53.3,81.3,86.0,1,3.3,3.7,1764.71,23.7
STU0866,21,3.9,82.1,62.2,52.5,73.6,6,8.2,6.8,3230.7,23.8
STU0867,17,4.9,78.8,92.1,59.9,87.9,1,7.3,7.1,3019.28,16.4
STU0868,20,4.5,72.5,77.4,85.9,71.3,6,7.7,6.6,314.94,17.9
STU0869,16,7.7,93.0,63.3,73.7,80.0,5,8.7,4.3,1420.93,13.9
STU0870,21,4.2,88.7,90.3,68.9,51.1,6,5.8,3.7,1800.05,7.5
STU0871,21,4.7,100.0,72.4,64.0,40.0,1,4.6,3.2,1295.53,22.0
STU0872,19,7.1,90.3,74.0,88.3,61.9,4,8.3,6.5,4673.27,17.2
STU0873,23,4.3,75.6,89.1,39.7,45.8,6,7.8,4.1,945.55,6.4
STU0874,19,6.4,72.9,66.9,72.7,34.0,2,8.4,6.7,4950.29,2.4
STU0875,23,6.2,77.1,85.7,66.9,75.1,3,9.2,3.3,632.06,10.5
STU0876,23,5.8,75.3,84.7,48.0,39.9,1,5.5,4.6,2635.09,17.1
STU0877,20,3.0,83.1,69.8,93.9,86.1,6,8.2,4.1,6910.07,8.1
STU0878,19,8.2,66.6,51.1,25.0,94.5,4,6.7,3.6,1698.43,17.0
STU0879,17,10.4,88.5,72.2,69.9,45.5,0,8.3,1.5,2538.34,9.9
STU0880,18,5.5,82.9,89.1,76.5,74.9,3,9.4,2.4,4875.75,10.4
STU0881,18,3.2,87.3,84.3,52.4,100.0,1,7.0,7.3,4786.87,9.7
STU0882,19,5.6,70.6,97.7,72.4,62.0,1,6.0,3.3,3042.93,7.0
STU0883,19,7.7,84.5,64.6,64.4,80.4,6,5.2,6.3,2221.2,5.3
STU0884,20,4.1,95.0,83.7,83.8,100.0,3,4.1,5.0,2206.49,9.5
STU0885,19,5.2,73.4,56.9,100.0,41.5,3,8.9,4.3,1012.81,23.4
STU0886,23,6.2,73.1,75.0,73.4,52.7,1,9.0,4.2,1284.22,6.7
STU0887,21,8.1,89.1,88.6,77.7,79.6,4,8.3,4.8,2559.25,10.2
STU0888,21,7.2,72.3,85.6,52.4,100.0,0,6.6,6.3,2986.36,8.4
STU0889,23,7.3,79.7,73.5,71.4,57.9,6,8.0,2.5,13293.8,11.0
STU0890,22,4.6,96.8,68.0,62.0,100.0,4,7.4,4.9,4152.75,34.4
STU0891,23,6.4,73.3,57.1,80.5,72.2,5,5.5,5.8,1992.73,6.5
STU0892,17,3.9,97.4,68.6,45.2,36.6,2,8.5,6.5,3483.54,19.6
STU0893,24,7.4,78.6,52.3,50.8,97.0,2,7.7,7.0,794.36,34.0
STU0894,16,8.0,70.8,66.9,86.9,62.1,2,8.0,4.6,2641.09,12.2
STU0895,23,6.7,88.0,44.9,71.4,77.6,1,7.4,2.2,3901.45,8.2
STU0896,19,4.7,83.1,52.2,89.2,41.8,6,7.2,5.8,3923.2,14.7
STU0897,19,5.1,82.1,84.8,73.8,57.2,6,7.5,4.8,2394.64,11.7
STU0898,20,9.5,74.3,83.1,76.2,44.6,0,6.6,7.4,3620.74,10.2
STU0899,23,4.7,83.0,67.7,63.0,42.7,0,7.8,5.4,2099.23,9.6
STU0900,20,7.8,61.3,73.0,64.9,71.7,6,9.5,7.4,3233.3,18.5
STU0901,23,6.2,84.2,75.0,83.4,79.6,5,7.6,3.9,1355.74,10.8
STU0902,16,4.8,95.0,78.9,65.7,60.7,1,8.5,7.4,1200.24,5.9
STU0903,24,2.5,64.3,77.3,86.9,45.6,1,5.5,5.3,5684.02,20.9
STU0904,21,6.0,77.9,51.9,66.2,48.3,1,8.1,5.8,2216.32,14.6
STU0905,18,5.7,73.3,35.4,49.1,76.3,0,7.7,1.6,3332.48,16.8
STU0906,23,9.5,66.9,56.7,47.7,71.9,1,8.4,7.2,1501.1,10.1
STU0907,24,3.6,61.5,69.7,65.3,76.6,3,6.4,4.6,1202.21,6.6
STU0908,21,10.5,70.2,86.4,82.7,96.5,3,8.3,6.0,1754.49,27.7
STU0909,22,6.3,79.6,75.5,57.4,79.8,3,6.1,4.3,3295.17,14.5
STU0910,16,6.3,93.5,80.0,79.7,77.0,1,8.5,7.3,654.06,20.2
STU0911,20,4.2,66.8,58.5,69.6,100.0,3,8.6,5.5,2860.59,6.3
STU0912,20,6.2,84.9,70.9,77.7,65.3,6,5.6,5.3,3892.14,6.7
STU0913,19,6.5,84.2,73.0,63.4,100.0,5,7.5,8.8,1409.01,13.3
STU0914,21,7.6,98.7,60.7,70.9,94.2,1,6.7,0.5,2924.79,25.9
STU0915,22,3.3,87.7,56.0,83.0,64.9,5,7.6,4.2,2780.62,9.6
STU0916,24,8.6,88.3,68.6,67.7,83.7,3,7.1,4.7,1423.1,20.4
STU0917,16,6.3,89.0,81.9,59.6,66.3,1,6.7,3.3,2271.75,7.6
STU0918,21,6.8,72.8,58.4,38.9,45.6,4,6.2,5.7,2477.19,7.2
STU0919,22,5.0,76.3,68.9,76.7,69.9,2,8.9,2.3,1419.36,7.8
STU0920,18,3.5,93.2,92.3,55.7,45.1,4,6.0,2.4,1993.79,2.0
STU0921,23,5.7,61.5,64.2,59.7,74.0,2,6.3,5.9,2462.22,8.9
STU0922,20,5.9,75.2,72.1,50.9,83.6,2,5.4,3.2,3012.69,11.5
STU0923,24,2.5,68.7,70.4,64.3,66.3,3,8.1,6.0,8538.11,5.2
STU0924,20,7.2,84.3,69.2,100.0,73.9,2,8.3,3.8,1332.36,9.0
STU0925,24,7.7,77.8,97.0,73.6,73.6,2,7.5,3.3,6025.88,8.1
STU0926,19,3.9,88.3,76.6,57.7,84.4,4,6.0,3.0,1395.03,6.3
STU0927,24,3.3,80.9,48.4,60.7,71.5,2,4.8,3.1,2495.93,21.4
STU0928,20,4.8,66.5,94.9,45.0,64.6,1,7.7,4.1,4543.79,5.9
STU0929,24,5.6,67.0,76.1,49.9,83.6,5,8.2,3.4,3328.57,7.6
STU0930,18,4.9,81.9,66.4,47.4,72.7,6,6.3,4.8,541.05,1.9
STU0931,19,5.4,74.3,92.2,72.3,33.7,5,7.1,1.3,5062.89,6.1
STU0932,24,6.0,76.7,60.3,75.1,64.0,1,5.0,3.3,3084.67,9.2
STU0933,21,2.5,91.4,97.7,69.2,61.2,6,6.0,7.5,1741.54,15.6
STU0934,17,2.7,89.6,73.4,73.9,72.5,3,7.5,2.5,2296.18,22.7
STU0935,22,0.5,100.0,87.1,55.7,70.7,6,6.9,3.7,3300.33,17.5
STU0936,17,7.6,78.8,100.0,49.6,36.8,6,7.2,7.5,3659.19,2.4
STU0937,17,5.5,75.6,74.7,49.5,44.6,4,8.5,4.9,3573.38,11.8
STU0938,16,7.8,86.2,70.5,48.8,53.8,6,5.4,1.6,1570.64,15.1
STU0939,18,3.0,76.4,56.0,73.7,71.1,6,7.3,6.2,2480.17,22.5
STU0940,21,5.6,76.7,70.2,100.0,88.3,0,6.1,7.4,1445.18,1.9
STU0941,23,6.0,80.0,56.5,51.2,42.7,5,6.8,5.0,4113.91,18.9
STU0942,24,4.3,98.5,69.2,62.5,58.6,4,7.4,3.9,2133.22,21.3
STU0943,22,2.1,89.0,100.0,71.2,69.2,5,5.4,1.5,3320.1,9.0
STU0944,19,9.3,90.1,73.8,63.5,54.2,0,6.2,4.0,1790.02,56.7
STU0945,21,8.6,98.1,63.7,73.3,71.5,2,6.5,2.5,2643.19,5.8
STU0946,20,4.7,91.0,68.9,58.8,80.9,0,7.5,5.0,2207.04,19.7
STU0947,23,6.6,70.7,65.8,57.1,57.1,2,8.4,6.7,1135.8,16.7
STU0948,16,4.4,90.9,87.7,65.1,75.6,5,4.8,3.0,5080.2,3.7
STU0949,16,3.3,92.1,70.6,73.2,68.1,6,6.1,6.4,3860.58,37.3
STU0950,21,9.5,88.5,96.1,88.5,50.5,4,6.8,1.5,1095.64,29.8
STU0951,17,1.9,80.0,67.3,74.0,67.6,4,6.8,4.5,1467.63,16.3
STU0952,20,4.9,87.5,68.2,64.0,77.8,3,7.5,1.0,1698.56,21.0
STU0953,16,5.7,81.8,58.5,81.3,94.0,5,5.4,5.4,5884.76,28.0
STU0954,22,9.1,72.2,66.2,84.0,98.0,3,6.7,7.3,4392.62,6.7
STU0955,16,7.5,74.7,46.0,63.1,60.3,6,6.5,4.1,2877.9,5.4
STU0956,19,1.8,89.0,40.1,65.7,59.3,5,7.9,5.3,894.27,12.0
STU0957,24,5.5,72.9,81.4,61.2,70.7,6,7.1,4.0,3363.65,27.5
STU0958,16,5.5,73.9,45.8,81.1,60.8,2,6.4,5.7,2790.34,6.4
STU0959,19,5.0,89.5,78.1,69.2,90.6,5,8.6,6.6,1997.88,13.5
STU0960,21,6.9,83.3,64.5,45.5,71.7,5,6.3,5.0,5902.83,5.0
STU0961,21,2.4,87.8,86.1,74.5,70.9,2,6.0,3.9,2195.34,27.5
STU0962,23,4.6,69.7,46.1,91.8,80.9,1,7.8,5.6,5386.57,11.9
STU0963,16,6.6,87.5,81.0,93.1,72.7,6,6.4,8.6,1968.72,9.2
STU0964,22,7.0,75.4,77.0,60.3,75.2,1,7.1,5.6,1433.6,15.0
STU0965,16,5.8,71.8,77.4,56.9,74.5,5,9.3,2.5,1112.3,12.5
STU0966,22,4.9,76.9,88.9,98.4,67.5,1,6.4,8.8,2373.55,21.4
STU0967,18,5.2,95.6,73.1,93.1,54.7,4,5.7,3.4,2573.27,7.3
STU0968,23,7.1,78.4,35.3,75.5,99.9,5,6.7,3.4,1344.05,15.2
STU0969,18,5.6,100.0,78.7,40.6,54.6,0,6.6,7.0,1384.84,26.9
STU0970,16,3.2,61.4,76.8,58.3,98.1,2,8.0,4.2,5367.95,10.2
STU0971,23,2.8,66.5,68.3,50.5,75.8,3,5.2,6.0,4049.87,8.2
STU0972,18,2.2,95.2,59.4,97.0,59.8,2,10.5,5.9,8217.55,5.4
STU0973,17,8.7,97.8,66.6,43.6,79.4,5,6.1,5.9,873.88,43.0
STU0974,16,7.3,73.4,93.9,96.9,83.4,0,7.7,7.9,7588.18,40.1
STU0975,18,5.3,82.7,58.2,66.3,99.2,2,8.2,4.5,1498.65,4.5
STU0976,17,4.5,89.1,45.9,48.8,47.6,3,7.2,5.1,1063.26,12.8
STU0977,17,4.2,79.7,50.0,83.8,67.6,3,7.8,3.2,2941.63,8.1
STU0978,21,7.9,83.5,71.5,78.1,93.4,0,7.1,6.5,746.34,16.2
STU0979,16,9.7,82.1,97.1,47.7,82.7,3,7.8,5.4,5055.25,19.4
STU0980,17,4.2,67.2,100.0,67.6,78.3,4,6.4,7.5,2795.81,9.7
STU0981,21,8.0,78.6,81.8,90.0,95.1,3,6.2,5.7,1582.47,8.0
STU0982,18,5.6,82.1,57.3,61.4,66.9,6,4.7,8.5,4795.58,33.0
STU0983,19,5.0,83.0,58.9,94.9,29.2,0,7.6,4.7,2289.23,12.5
STU0984,16,8.8,64.7,85.1,56.1,63.8,0,6.6,5.5,2558.24,13.7
STU0985,23,5.5,89.5,92.0,42.0,100.0,2,7.5,5.1,3758.67,12.8
STU0986,22,6.2,83.3,62.4,68.7,75.1,3,6.6,3.6,1659.21,21.7
STU0987,22,6.0,71.4,93.4,44.6,55.7,3,8.6,1.1,1259.08,8.5
STU0988,18,1.9,100.0,68.6,70.0,92.7,5,6.8,5.4,2296.76,29.9
STU0989,18,6.1,78.5,82.7,68.1,84.4,5,6.2,1.8,1038.47,18.5
STU0990,17,4.3,79.2,89.2,55.9,72.5,0,6.5,5.9,1889.91,15.2
STU0991,16,2.4,88.4,49.8,98.1,79.9,5,7.7,7.3,1303.96,32.2
STU0992,22,4.4,100.0,78.8,67.9,52.7,2,10.8,4.9,2041.26,3.8
STU0993,22,4.3,88.8,93.4,81.8,63.8,6,8.8,5.8,1395.57,4.1
STU0994,17,7.8,90.3,63.6,82.9,68.9,2,5.4,5.8,2002.94,9.7
STU0995,22,3.2,72.0,56.2,96.2,88.7,4,7.3,6.9,4875.25,9.7
STU0996,23,3.8,82.9,79.4,48.6,60.7,6,6.0,4.8,1542.93,8.5
STU0997,16,6.0,76.7,74.0,39.9,69.6,4,6.5,2.6,3209.32,34.0
STU0998,24,2.6,89.0,67.1,95.6,94.5,0,6.6,1.5,771.56,15.5
STU0999,22,4.1,90.0,72.0,77.3,100.0,2,6.9,4.3,2017.6,37.9
STU1000,18,1.8,98.3,46.9,70.0,55.2,2,8.1,1.7,1462.38,18.3
STU1001,23,7.5,60.4,78.1,65.9,72.4,4,6.7,5.1,2595.73,11.1
STU1002,22,4.8,75.7,95.9,63.0,44.4,6,7.2,5.5,1745.72,5.4
STU1003,23,5.5,95.0,61.3,81.8,69.8,5,7.0,3.9,4384.9,12.4
STU1004,21,7.5,68.0,59.6,44.9,65.1,4,6.1,6.5,1986.03,4.6
STU1005,24,3.9,90.1,74.6,75.6,91.3,0,6.3,5.3,5194.02,21.4
STU1006,20,4.8,93.3,100.0,84.5,50.1,6,6.2,3.7,641.73,18.0
STU1007,18,3.2,81.7,88.5,79.9,47.7,2,7.9,4.1,2566.21,14.1
STU1008,18,3.2,67.8,70.6,66.9,95.9,0,6.5,7.7,2728.08,22.5
STU1009,16,3.5,80.8,72.6,68.0,59.2,4,9.3,1.6,1361.61,2.9
STU1010,23,4.4,96.6,90.0,88.6,73.4,3,6.0,4.5,2501.78,16.2
STU1011,17,4.7,97.4,58.4,77.3,75.0,4,6.0,5.4,3420.19,6.4
STU1012,18,6.1,84.1,81.2,96.1,56.6,2,5.6,3.8,5067.13,12.2
STU1013,23,3.5,72.2,55.2,40.1,56.6,0,6.9,3.6,2076.65,3.0
STU1014,23,6.2,99.4,85.9,82.5,89.2,5,6.3,7.2,1878.94,2.4
STU1015,19,6.6,90.2,67.6,55.0,81.5,5,6.5,9.1,1691.12,13.0
STU1016,19,4.5,72.9,75.0,66.8,69.7,2,8.3,4.3,2582.19,13.5
STU1017,20,3.7,85.4,66.6,90.0,67.7,4,6.8,5.1,1360.76,15.1
STU1018,21,5.7,85.0,82.5,52.0,75.4,4,6.5,6.2,4071.89,14.4
STU1019,20,5.1,75.6,69.4,100.0,76.5,1,7.4,3.0,870.6,11.2
STU1020,22,6.0,85.5,100.0,85.7,91.4,4,7.2,5.1,2397.15,51.2
STU1021,17,9.0,93.1,93.3,77.3,69.6,2,8.0,8.1,1019.75,12.6
STU1022,22,5.7,79.0,52.4,53.1,77.5,6,8.1,9.8,2423.09,12.2
STU1023,22,4.1,94.1,74.9,65.1,82.2,6,7.6,2.5,4228.11,8.0
STU1024,16,3.5,64.4,83.0,62.3,82.5,0,8.2,3.2,2819.45,8.0
STU1025,22,3.6,100.0,65.1,48.3,94.6,0,6.1,4.1,1689.67,6.8
STU1026,20,2.3,82.6,90.2,85.5,69.8,1,6.8,4.3,3983.24,12.2
STU1027,18,7.6,92.7,88.4,61.5,60.4,5,7.2,7.2,422.4,25.8
STU1028,18,0.6,84.2,70.7,65.2,63.9,2,7.1,5.1,2393.06,8.6
STU1029,19,6.6,73.8,86.7,66.0,80.9,4,11.0,7.0,1455.61,5.0
STU1030,17,3.6,81.6,35.8,64.6,68.2,3,8.4,5.5,3447.12,7.0
STU1031,17,4.4,62.9,92.4,76.5,100.0,0,8.4,4.8,482.49,2.6
STU1032,16,3.5,88.9,85.3,58.0,70.2,2,6.6,5.9,1847.32,4.1
STU1033,20,8.7,83.9,55.7,84.3,53.8,6,6.9,0.5,1646.01,12.5
STU1034,19,5.5,80.1,75.8,58.5,75.5,1,8.0,4.3,4499.87,13.8
STU1035,17,7.2,89.5,41.6,67.5,96.2,3,9.0,4.4,1493.75,13.5
STU1036,18,8.4,82.4,60.5,47.1,56.1,5,5.9,2.2,2164.14,24.6
STU1037,22,5.9,88.1,88.4,85.1,55.6,2,6.4,7.7,2618.12,25.2
STU1038,22,2.9,91.6,71.8,89.2,66.8,4,6.7,4.5,2461.96,2.2
STU1039,19,5.0,76.5,71.0,79.5,59.0,5,7.3,5.7,2429.91,20.0
STU1040,20,3.9,73.6,72.7,70.7,47.0,6,8.0,6.7,2602.28,37.3
STU1041,20,4.4,64.8,70.9,67.4,43.8,0,7.9,3.3,2499.12,24.9
STU1042,21,5.3,83.2,86.8,43.0,74.0,6,7.6,5.6,11716.89,52.1
STU1043,24,5.2,86.5,62.7,46.3,82.2,4,6.0,1.7,779.63,15.5
STU1044,17,6.4,68.8,78.3,80.0,58.1,1,6.8,6.1,1494.83,10.4
STU1045,20,6.7,96.2,54.8,65.1,68.8,0,5.3,3.9,2424.66,20.9
STU1046,18,5.2,73.8,83.1,46.3,73.1,3,8.3,4.4,5153.6,26.7
STU1047,19,6.4,61.0,67.2,45.5,51.2,0,7.0,7.2,4647.15,9.9
STU1048,21,4.3,96.9,71.4,78.2,84.6,6,5.5,8.6,4907.14,9.7
STU1049,23,8.4,62.3,66.6,82.0,73.6,4,10.1,3.6,2443.23,7.0
STU1050,16,4.3,91.6,68.5,43.5,78.9,5,3.7,3.3,5601.17,7.2
STU1051,23,8.1,89.2,56.9,70.4,81.6,2,6.9,6.4,1693.32,6.3
STU1052,22,2.3,85.2,76.9,74.2,100.0,6,8.7,6.3,4533.99,21.2
STU1053,16,4.7,76.8,80.3,58.7,52.6,2,6.4,2.6,2827.13,13.3
STU1054,17,4.8,87.0,52.0,87.8,54.8,2,7.2,5.0,2859.91,8.9
STU1055,18,6.1,92.5,63.1,62.5,98.6,6,7.6,5.0,1059.28,5.2
STU1056,16,7.4,72.1,72.5,40.5,81.1,6,4.0,4.9,791.04,12.0
STU1057,24,2.8,91.8,63.0,64.9,71.2,6,5.6,6.3,2069.64,21.6
STU1058,23,3.1,91.3,68.7,89.9,61.9,1,6.9,8.0,2353.1,14.6
STU1059,17,2.4,84.9,96.2,62.5,66.1,1,6.9,4.5,1206.25,29.6
STU1060,24,8.4,76.6,56.7,51.2,66.4,2,5.2,8.6,4563.35,5.9
STU1061,22,6.2,91.4,37.3,78.1,44.6,3,7.0,4.8,1463.91,13.4
STU1062,24,3.1,87.1,63.0,72.1,86.5,4,7.7,8.3,3634.13,15.4
STU1063,21,4.5,71.8,67.1,68.0,35.8,3,8.7,5.8,2064.83,25.5
STU1064,21,8.1,78.3,64.7,75.6,55.6,6,7.3,7.2,4155.12,2.1
STU1065,19,4.9,90.2,76.0,56.9,62.7,6,5.8,6.9,1147.79,23.5
STU1066,17,4.8,83.1,56.6,58.4,100.0,2,7.7,3.4,880.79,10.9
STU1067,22,3.8,92.9,54.4,79.6,68.3,4,7.9,5.7,3549.53,7.9
STU1068,20,3.2,78.6,61.9,52.5,75.4,1,6.8,3.2,4353.06,1.3
STU1069,21,8.1,72.0,62.2,93.8,55.1,0,6.5,4.8,3067.6,15.8
STU1070,17,9.2,100.0,100.0,87.7,84.8,0,6.4,2.7,1407.83,9.8
STU1071,20,3.3,65.2,95.3,49.7,100.0,4,7.8,4.6,3880.41,25.6
STU1072,19,8.6,77.0,47.0,91.6,78.4,3,6.8,5.1,3617.21,8.9
STU1073,24,4.4,84.8,43.1,70.4,64.3,4,7.4,3.3,1190.39,7.6
STU1074,21,6.7,91.9,70.7,90.2,35.5,3,6.0,5.0,3347.33,12.8
STU1075,17,8.6,88.5,100.0,70.1,81.8,6,7.1,6.6,2742.7,6.4
STU1076,16,5.2,100.0,82.0,65.2,53.2,5,5.6,3.0,2676.11,7.5
STU1077,20,4.8,80.8,71.5,63.5,57.2,3,6.2,6.8,1017.44,13.1
STU1078,24,7.3,73.3,65.2,28.8,85.8,0,7.1,6.8,4268.07,26.1
STU1079,21,3.1,79.8,88.2,82.8,61.9,1,6.0,3.1,1756.95,20.5
STU1080,22,8.0,78.8,74.7,56.7,68.4,2,6.5,0.5,1640.74,20.3
STU1081,20,5.8,81.3,98.0,83.4,82.7,6,8.0,7.2,3360.66,15.7
STU1082,21,4.2,72.2,46.7,94.8,58.0,1,6.6,4.5,2169.13,50.9
STU1083,20,4.2,89.8,78.4,58.8,48.1,2,6.5,5.0,983.2,8.7
STU1084,24,2.5,85.7,63.6,57.8,77.9,5,5.8,9.0,6756.09,12.0
STU1085,21,4.3,69.4,78.2,84.1,82.8,0,6.3,5.8,2899.69,5.1
STU1086,23,4.9,91.7,75.8,60.5,60.2,6,7.0,5.9,2466.91,21.3
STU1087,17,3.2,73.9,79.6,89.1,59.3,2,7.8,5.0,2449.66,9.1
STU1088,24,5.4,70.2,86.7,56.9,51.3,5,5.0,4.6,2525.07,26.6
STU1089,20,6.5,82.9,92.8,91.0,82.1,6,8.0,4.9,2661.99,12.2
STU1090,22,5.0,64.4,100.0,63.1,100.0,3,6.5,4.7,5247.53,4.4
STU1091,16,7.0,87.9,72.2,73.3,85.8,4,6.9,1.6,6985.13,20.8
STU1092,20,3.7,53.6,63.9,83.7,68.4,6,7.9,3.0,2070.77,9.5
STU1093,17,7.7,71.7,53.6,76.2,82.2,6,9.9,4.9,3880.43,12.9
STU1094,21,5.8,97.8,78.5,85.1,55.9,2,7.7,9.1,3757.93,18.6
STU1095,16,8.9,75.1,84.5,44.7,76.3,1,6.4,2.2,3913.45,25.0
STU1096,18,10.8,76.9,51.8,61.5,51.6,0,7.2,4.0,5713.04,3.9
STU1097,20,4.5,94.7,89.2,69.0,67.9,0,7.5,3.9,4349.3,4.2
STU1098,19,4.6,74.1,70.5,55.8,88.3,6,5.2,6.4,3278.83,13.2
STU1099,18,5.0,89.6,53.2,83.5,83.8,6,5.6,5.2,1655.05,26.2
STU1100,20,6.8,93.7,59.3,59.8,79.7,5,7.5,3.7,3044.8,13.7
STU1101,23,8.4,86.8,57.9,55.8,77.1,4,7.7,7.3,1266.7,5.6
STU1102,19,4.1,67.6,58.1,83.0,57.5,3,7.5,3.0,3373.83,9.9
STU1103,16,6.3,76.0,80.5,51.3,72.4,6,7.8,4.0,3076.6,5.3
STU1104,22,5.2,100.0,85.0,52.1,83.3,3,6.5,2.8,985.9,16.0
STU1105,23,6.9,77.1,97.5,76.1,65.9,0,8.4,7.0,1842.83,15.7
STU1106,18,8.8,100.0,61.5,89.5,66.5,3,9.4,4.9,1543.96,10.7
STU1107,21,5.0,99.1,77.1,70.6,62.0,6,6.2,3.6,3947.72,18.3
STU1108,17,1.8,87.2,62.3,42.1,65.2,6,5.4,5.9,2065.04,10.5
STU1109,22,7.1,85.0,72.3,79.0,56.9,5,6.9,8.2,991.31,22.5
STU1110,23,3.7,77.4,49.8,58.5,70.4,4,8.1,0.5,3340.42,23.3
STU1111,21,5.2,81.1,55.2,85.9,64.6,0,7.9,6.2,2859.42,10.3
STU1112,21,7.2,75.1,84.0,61.9,44.9,3,7.2,8.5,2710.73,5.6
STU1113,20,6.2,81.4,49.7,86.3,100.0,2,4.0,8.1,1221.07,19.1
STU1114,23,5.3,68.4,81.2,61.3,52.4,2,6.1,4.5,3663.16,25.9
STU1115,16,4.2,67.8,61.9,57.0,67.7,5,8.4,5.2,2322.82,19.6
STU1116,19,0.5,95.0,43.1,37.3,71.0,3,4.7,5.4,2233.98,12.4
STU1117,19,7.0,65.9,33.9,57.4,60.9,2,7.0,4.5,1103.66,3.5
STU1118,18,4.9,90.9,94.0,70.8,68.5,4,6.3,6.8,1129.88,5.1
STU1119,18,8.8,63.1,43.4,69.6,56.1,1,7.8,1.8,20000.0,30.6
STU1120,19,6.4,88.3,71.0,77.8,82.4,4,4.8,6.2,1181.45,14.5
STU1121,16,4.3,79.9,77.3,87.9,69.6,5,6.6,4.8,635.49,11.1
STU1122,17,7.8,95.2,52.3,68.5,82.2,4,7.2,7.0,1945.96,12.0
STU1123,24,8.0,78.7,63.7,69.1,95.0,3,6.5,7.2,2208.86,13.4
STU1124,17,5.0,61.9,79.2,85.8,65.2,6,7.8,5.2,1377.56,13.9
STU1125,20,8.1,80.1,76.4,71.7,83.1,4,5.0,3.8,1465.42,12.6
STU1126,24,4.3,83.6,65.1,53.2,96.1,3,5.5,7.1,2314.19,11.0
STU1127,24,5.9,80.7,75.6,59.6,67.9,0,6.6,2.5,3168.26,18.0
STU1128,23,6.8,87.8,70.5,33.9,81.7,3,7.4,2.9,1006.31,31.9
STU1129,16,7.2,76.4,57.4,53.0,62.1,5,7.7,4.8,1933.08,10.3
STU1130,16,6.9,69.4,90.0,41.0,90.4,3,7.2,4.0,2497.16,19.9
STU1131,24,4.8,72.0,75.1,73.6,61.5,0,5.8,4.6,2140.34,7.5
STU1132,23,7.9,76.8,44.4,87.4,82.0,6,6.2,4.4,1599.93,6.5
STU1133,24,5.2,76.8,79.8,52.9,86.9,1,8.4,4.9,1284.03,5.9
STU1134,22,4.2,100.0,62.8,53.5,50.0,5,9.6,8.0,7695.63,15.6
STU1135,18,4.3,94.6,67.7,83.1,58.7,0,7.8,2.7,547.32,27.6
STU1136,18,9.8,88.9,72.1,60.8,58.0,3,7.4,4.1,4868.35,10.2
STU1137,17,3.9,86.5,60.1,72.1,88.4,5,5.5,6.6,1189.65,19.0
STU1138,20,8.3,85.0,99.0,79.9,50.0,2,7.3,5.1,2922.73,6.3
STU1139,18,3.0,85.1,49.6,56.7,75.5,3,4.8,3.1,2630.38,2.5
STU1140,21,6.6,83.6,72.9,57.0,82.4,0,8.7,4.8,1272.06,12.9
STU1141,17,6.2,82.4,77.7,59.9,72.9,3,7.7,2.0,2206.32,15.5
STU1142,18,9.1,61.1,72.6,43.1,91.7,6,6.9,7.1,1931.23,13.9
STU1143,20,4.1,78.3,69.1,75.8,37.3,0,5.5,5.2,2545.44,11.7
STU1144,16,3.5,79.6,66.3,77.6,80.3,4,7.2,9.4,5752.06,14.8
STU1145,16,5.2,74.5,60.0,69.3,66.9,1,5.0,2.8,6303.97,9.1
STU1146,24,9.2,76.4,59.7,89.8,44.4,1,6.6,3.7,1518.21,20.0
STU1147,22,3.6,85.0,89.4,63.8,51.6,5,7.5,5.3,3130.0,14.8
STU1148,16,0.5,89.7,65.4,77.9,96.6,0,6.1,7.6,4847.27,24.1
STU1149,23,5.6,85.0,100.0,75.8,80.7,1,6.9,4.0,1886.66,25.5
STU1150,18,7.6,89.4,82.0,55.2,83.6,2,10.0,3.6,3691.5,16.2
STU1151,23,3.3,89.6,32.0,86.5,86.3,5,4.7,5.2,11744.79,24.9
STU1152,20,7.4,79.0,85.2,70.1,46.9,2,6.0,3.7,1191.43,4.9
STU1153,16,3.2,87.3,71.2,83.6,74.2,1,6.7,6.0,3412.38,7.1
STU1154,22,5.2,64.5,51.2,47.2,88.7,0,6.3,5.2,1298.51,6.5
STU1155,20,7.2,78.2,91.6,69.8,63.2,5,7.6,6.4,1665.25,23.0
STU1156,21,2.9,77.0,65.5,60.6,93.2,2,7.7,6.8,1835.15,8.9
STU1157,21,5.9,97.3,64.2,54.4,59.6,6,7.1,5.7,3333.92,36.3
STU1158,23,8.2,85.4,77.6,90.6,72.1,1,7.2,7.3,9330.63,7.6
STU1159,24,6.5,68.7,89.1,71.1,76.8,3,4.7,4.3,1695.89,16.0
STU1160,17,3.9,87.9,73.7,44.4,82.8,2,7.6,2.1,4816.08,8.5
STU1161,24,8.8,91.1,72.6,60.0,65.1,4,7.3,2.8,1391.15,5.7
STU1162,24,6.9,81.1,61.5,83.0,87.2,5,6.1,4.8,1878.9,2.4
STU1163,22,1.4,88.9,88.9,54.4,77.3,2,9.1,5.8,5868.48,4.2
STU1164,16,7.4,57.0,73.8,52.7,42.1,5,6.9,6.2,4656.44,15.5
STU1165,22,4.2,55.0,68.6,65.6,100.0,1,7.3,3.7,1912.87,12.0
STU1166,20,5.9,70.2,66.8,75.5,53.7,1,6.9,6.7,1686.51,21.0
STU1167,21,7.7,83.5,87.4,56.3,100.0,5,4.9,0.5,3390.09,20.9
STU1168,22,4.3,97.3,68.1,74.3,67.3,1,5.7,3.9,1634.2,1.3
STU1169,20,1.9,70.7,87.4,68.6,64.2,0,6.6,6.0,1830.06,21.6
STU1170,22,8.8,73.5,64.9,70.5,76.8,5,8.3,6.8,1925.81,9.3
STU1171,24,8.1,82.9,82.8,29.5,58.1,0,6.4,6.5,2226.44,1.8
STU1172,18,5.3,77.1,75.1,68.3,37.9,5,7.3,6.9,1711.1,14.9
STU1173,23,7.4,76.5,57.7,64.0,68.1,3,7.6,5.3,863.93,3.6
STU1174,17,4.7,77.8,70.7,74.2,76.4,3,6.0,4.8,6856.26,6.9
STU1175,22,5.7,95.1,39.1,57.5,96.1,2,5.8,1.2,4262.65,29.8
STU1176,17,5.2,93.2,60.8,62.1,49.7,1,6.1,4.5,2362.08,9.4
STU1177,19,4.8,82.2,48.3,76.5,79.9,3,6.0,2.7,1546.87,22.8
STU1178,22,6.3,98.5,100.0,91.1,68.2,1,5.6,6.2,5464.31,10.9
STU1179,18,2.8,87.1,48.5,46.8,70.6,2,8.1,2.3,3387.96,30.8
STU1180,17,4.9,93.5,100.0,76.2,86.5,0,7.8,4.7,1639.89,6.4
STU1181,22,6.2,73.4,79.7,87.5,61.3,3,5.6,2.6,3476.98,7.8
STU1182,16,9.5,75.5,64.2,79.1,72.8,4,7.2,5.0,2634.67,17.7
STU1183,23,2.9,75.4,84.1,86.4,88.5,4,6.6,4.7,2728.07,16.1
STU1184,18,6.6,81.1,62.3,59.3,87.5,4,6.8,1.5,4377.94,23.0
STU1185,17,6.9,82.6,50.9,87.8,49.3,6,7.0,5.7,3462.41,8.0
STU1186,18,1.4,85.2,73.2,56.4,59.6,4,5.1,4.4,4355.04,13.1
STU1187,20,6.4,100.0,82.5,68.9,67.6,4,4.4,5.1,8228.74,1.4
STU1188,23,7.4,89.2,91.2,60.0,83.8,4,7.0,4.2,3653.32,13.0
STU1189,22,6.8,76.9,79.5,60.6,65.7,4,6.5,3.6,11527.14,11.3
STU1190,22,5.3,82.0,64.1,40.5,71.4,3,6.7,6.5,5433.34,9.4
STU1191,22,6.2,97.0,92.8,36.5,91.3,4,6.2,7.1,2130.92,14.4
STU1192,23,5.9,89.8,89.4,86.8,64.2,5,7.0,6.9,934.5,16.8
STU1193,16,1.8,96.9,76.0,39.2,95.0,5,4.8,2.3,5468.69,8.6
STU1194,19,5.9,77.2,90.2,72.0,42.7,4,7.0,7.8,1079.6,12.5
STU1195,21,4.7,74.9,100.0,47.2,63.3,6,3.7,6.1,2765.45,1.9
STU1196,24,3.9,75.0,63.8,54.4,46.8,2,6.0,7.5,3998.39,5.5
STU1197,17,11.0,78.0,58.5,78.9,72.0,3,6.4,7.5,1244.76,9.2
STU1198,16,8.3,71.4,63.4,70.6,82.8,5,4.6,5.7,1660.15,16.8
STU1199,17,3.0,85.0,51.8,66.0,67.3,2,8.6,3.4,1251.89,13.0
STU1200,22,6.3,85.1,80.9,86.3,61.9,1,6.9,3.5,9566.94,21.3
STU1201,18,8.7,95.4,47.9,63.4,46.9,4,6.0,3.6,4029.62,10.9
STU1202,17,2.2,64.4,91.0,87.7,98.6,0,9.4,4.6,1561.97,16.6
STU1203,22,5.7,72.6,61.9,50.9,69.6,6,7.3,3.0,918.67,16.2
STU1204,17,5.8,90.1,92.4,49.0,62.3,6,7.5,1.6,1418.62,8.4
STU1205,18,2.7,83.8,33.6,65.8,96.6,6,6.7,1.6,1661.88,20.3
STU1206,22,6.3,82.4,66.2,68.1,64.0,4,6.3,4.9,1742.96,11.9
STU1207,19,8.0,94.6,52.6,54.3,54.5,4,7.2,4.5,4182.97,5.6
STU1208,16,8.8,71.9,92.3,63.6,57.9,2,3.3,6.0,999.25,7.2
STU1209,20,5.0,74.7,97.2,89.8,55.4,6,4.5,4.6,5068.54,17.1
STU1210,24,11.0,73.5,36.8,61.7,51.9,6,5.0,7.3,772.64,9.0
STU1211,23,1.0,61.9,85.0,37.0,58.2,6,3.9,3.8,2381.06,25.4
STU1212,24,6.3,83.3,88.0,40.1,100.0,1,7.6,5.7,1590.1,30.9
STU1213,24,2.4,76.8,76.9,100.0,50.5,2,6.0,6.1,4772.08,18.7
STU1214,22,5.7,74.7,80.8,91.2,44.6,3,8.5,5.1,6376.24,6.5
STU1215,19,4.4,72.9,79.7,61.0,74.7,6,6.6,7.0,4229.13,30.3
STU1216,20,6.6,81.8,85.0,81.0,68.7,1,5.8,6.1,3333.35,12.4
STU1217,16,5.2,74.0,55.6,72.2,81.2,5,6.7,6.6,2099.47,13.0
STU1218,16,3.7,84.2,90.0,88.3,60.6,1,8.2,3.7,5978.2,26.4
STU1219,18,3.8,86.6,75.1,50.9,55.2,1,6.5,4.6,1304.58,26.3
STU1220,23,9.8,79.1,74.2,51.3,98.5,2,8.4,0.6,3343.21,9.8
STU1221,17,6.5,78.4,80.5,89.1,42.6,4,8.2,4.9,5059.6,11.5
STU1222,19,1.8,83.9,52.9,44.1,76.1,4,6.0,2.3,4534.81,27.8
STU1223,17,6.7,81.7,48.7,69.1,81.7,4,6.1,9.7,3525.4,13.5
STU1224,20,5.1,95.3,70.2,67.3,84.0,4,6.1,5.6,3463.62,26.4
STU1225,24,5.5,85.2,95.2,80.5,64.8,4,5.2,4.2,4464.81,5.3
STU1226,16,7.3,93.0,54.2,70.2,48.8,3,4.8,6.5,2293.15,21.3
STU1227,20,8.1,88.1,74.6,65.9,95.5,0,6.1,2.2,6319.53,9.4
STU1228,24,3.6,68.8,61.2,61.9,62.4,5,3.6,4.0,9519.39,11.9
STU1229,16,5.4,76.4,59.2,52.1,96.0,1,5.3,4.3,751.83,10.4
STU1230,24,4.3,81.5,79.5,65.3,76.3,0,7.4,6.3,1935.24,23.2
STU1231,23,6.8,90.7,83.4,86.6,61.8,3,5.0,3.0,1210.54,7.7
STU1232,19,5.0,100.0,60.2,63.4,76.7,6,8.4,3.6,1635.82,6.2
STU1233,20,5.6,77.2,92.8,90.5,89.6,6,7.5,5.2,2709.57,3.3
STU1234,20,4.9,82.6,78.3,79.7,71.4,4,9.2,6.3,3395.5,22.3
STU1235,21,5.3,90.0,68.4,75.6,57.5,6,9.4,5.4,2245.54,23.7
STU1236,22,9.3,81.4,77.2,65.4,39.6,3,7.7,3.2,3779.07,17.5
STU1237,23,10.8,98.4,100.0,57.9,62.8,5,6.0,5.2,1548.79,4.4
STU1238,23,6.3,68.5,83.3,94.9,83.7,5,4.6,3.6,1921.65,4.7
STU1239,17,5.3,88.8,61.5,80.7,52.8,3,4.8,3.1,3804.38,9.2
STU1240,24,2.0,88.7,71.7,65.8,81.6,6,9.3,5.8,2016.43,39.6
STU1241,22,3.8,93.5,74.0,95.2,70.5,0,4.8,6.1,1081.57,33.2
STU1242,19,5.2,82.6,82.0,78.1,82.7,1,6.5,5.0,10664.58,19.9
STU1243,19,3.9,90.9,75.6,45.3,30.2,2,8.3,6.0,4600.35,10.9
STU1244,23,4.2,79.5,100.0,61.2,45.9,2,5.6,6.5,2779.53,4.9
STU1245,19,9.0,74.0,68.6,79.6,62.1,5,8.5,0.5,4465.12,10.1
STU1246,21,5.6,72.5,46.1,92.1,100.0,1,6.7,5.8,3279.05,12.0
STU1247,20,5.8,67.6,75.2,100.0,57.2,4,7.0,8.1,890.45,5.8
STU1248,18,4.0,77.6,65.4,68.4,67.8,3,6.4,4.4,2761.79,17.3
STU1249,17,8.1,85.1,49.4,77.9,100.0,6,5.5,8.1,1562.19,6.2
STU1250,24,5.0,79.9,61.4,58.2,77.3,4,7.6,5.6,2690.37,16.3
STU1251,24,4.4,84.0,66.6,53.8,84.6,5,7.5,5.2,3251.54,10.2
STU1252,16,2.0,94.3,89.1,41.0,59.1,3,7.7,5.5,4642.08,5.5
STU1253,18,5.4,76.8,49.8,74.2,90.0,2,8.1,2.0,1317.21,35.1
STU1254,23,4.3,100.0,77.2,88.2,92.6,5,6.2,8.3,1348.98,7.7
STU1255,21,9.2,89.6,100.0,80.4,78.5,5,7.5,4.0,1836.89,4.4
STU1256,20,9.6,80.0,69.4,69.4,68.5,1,7.9,2.6,6475.41,5.9
STU1257,20,2.8,79.8,68.9,87.6,79.5,0,7.3,3.9,1973.96,19.6
STU1258,21,3.0,71.9,82.8,100.0,42.4,5,6.2,5.0,3539.5,3.8
STU1259,22,4.9,81.7,79.8,54.7,88.5,0,7.2,7.3,2410.86,13.3
STU1260,16,3.7,60.4,93.3,29.2,55.6,1,4.2,4.8,1933.58,9.7
STU1261,24,6.0,94.6,69.5,73.5,65.3,5,7.2,4.4,2728.3,22.9
STU1262,18,4.8,53.8,82.5,85.3,92.4,6,5.3,4.4,4182.85,30.7
STU1263,19,6.1,82.4,82.8,43.2,88.7,5,6.8,2.3,3873.95,21.4
STU1264,16,7.7,70.6,67.0,81.3,42.4,2,6.2,3.9,1139.48,10.0
STU1265,18,3.2,75.0,70.3,62.6,53.9,3,6.8,3.8,3108.26,3.0
STU1266,17,7.7,76.3,71.8,73.4,80.9,6,4.7,5.5,7214.88,16.0
STU1267,17,3.9,100.0,53.4,53.3,40.4,0,7.7,1.6,3047.99,15.7
STU1268,16,10.2,71.0,66.2,52.3,94.1,2,7.9,4.1,5214.06,45.8
STU1269,23,9.1,91.1,94.4,50.3,72.0,6,5.5,7.6,7749.23,30.6
STU1270,18,5.3,93.6,87.6,78.7,94.0,5,5.0,5.8,2781.18,12.9
STU1271,18,3.4,58.6,63.3,58.0,57.3,1,5.6,6.9,2401.31,10.6
STU1272,21,3.0,75.8,71.8,72.3,58.8,4,7.7,4.2,3305.76,33.0
STU1273,23,7.4,96.8,86.6,68.5,87.6,2,6.7,8.3,5772.02,16.9
STU1274,24,5.4,68.9,78.7,49.1,65.0,2,6.5,6.6,2254.35,12.5
STU1275,24,7.5,94.0,84.0,69.2,48.9,4,6.6,5.1,1186.43,16.0
STU1276,19,10.3,81.8,80.0,71.8,79.5,5,5.9,6.3,3158.65,19.0
STU1277,20,3.8,81.4,75.2,85.0,42.9,2,7.2,2.5,4570.7,8.8
STU1278,17,2.8,82.7,69.5,91.9,94.5,0,8.7,2.5,3241.48,6.3
STU1279,24,5.9,85.4,54.1,51.7,73.1,5,5.6,6.6,3325.32,4.5
STU1280,23,8.0,72.4,82.4,73.7,54.9,0,7.6,7.3,2438.13,7.8
STU1281,18,3.4,79.4,68.7,32.5,89.5,0,6.7,3.2,2145.99,17.4
STU1282,24,5.6,85.7,47.3,81.6,89.8,2,6.7,6.7,5710.44,33.7
STU1283,18,8.5,83.8,63.8,85.6,70.1,5,8.5,6.1,784.11,6.7
STU1284,24,1.9,85.5,84.8,25.3,100.0,2,8.0,3.4,2653.49,31.4
STU1285,17,6.0,74.8,43.3,62.6,100.0,2,6.8,3.0,1320.21,9.5
STU1286,24,4.3,88.3,56.6,53.6,75.5,5,8.0,3.6,2447.37,30.2
STU1287,23,5.8,83.3,74.1,62.5,88.1,5,4.5,4.0,2967.91,3.8
STU1288,24,7.1,66.2,93.1,59.4,92.2,5,3.9,4.2,3473.32,5.3
STU1289,20,6.0,76.7,87.0,67.3,50.7,6,5.8,1.8,2741.37,11.1
STU1290,17,3.3,73.0,94.5,83.8,74.9,5,5.4,4.0,6172.85,13.4
STU1291,23,4.4,72.9,75.1,63.0,58.4,1,6.4,5.6,2677.63,12.7
STU1292,21,8.6,77.2,68.9,52.2,56.0,5,8.2,6.3,1254.02,7.6
STU1293,23,6.2,88.1,84.6,64.8,72.1,4,6.5,3.8,4898.33,3.2
STU1294,20,7.3,75.7,58.5,63.9,73.3,5,8.0,8.0,3111.41,11.5
STU1295,17,6.1,84.3,57.3,66.6,42.6,2,7.9,5.0,1339.76,33.5
STU1296,21,7.3,82.6,54.7,58.0,75.8,4,4.5,10.1,4020.33,22.0
STU1297,20,4.6,74.2,88.3,73.8,65.7,6,7.7,3.5,1739.15,2.4
STU1298,20,3.8,78.6,59.5,88.7,93.8,3,8.3,5.7,4591.57,17.1
STU1299,16,7.2,90.6,87.0,47.7,89.8,0,8.4,4.8,1101.07,25.4
STU1300,17,8.0,83.5,74.2,75.2,55.4,1,6.7,3.7,2304.85,19.2
STU1301,23,3.5,87.5,88.5,83.4,92.3,4,6.9,6.7,3306.58,4.2
STU1302,18,4.2,94.7,55.4,61.1,79.1,6,7.0,6.5,1249.74,4.1
STU1303,18,5.1,86.3,62.6,88.0,66.3,0,6.7,4.5,3512.66,20.9
STU1304,23,9.1,62.8,78.8,67.0,61.3,1,5.5,5.6,4892.04,19.7
STU1305,23,6.7,84.7,65.5,50.0,50.5,5,5.8,5.5,2190.14,16.1
STU1306,17,2.6,75.8,34.6,47.7,49.3,6,7.6,4.5,3227.57,32.2
STU1307,23,5.3,100.0,51.4,80.6,38.9,0,6.6,3.5,1490.8,7.6
STU1308,16,5.0,86.0,55.3,79.1,70.4,6,7.0,5.0,16057.41,2.6
STU1309,21,2.9,76.0,56.4,93.0,35.0,2,8.2,4.6,2510.14,23.2
STU1310,23,5.3,87.7,82.2,78.7,55.3,2,6.9,2.9,3100.61,17.0
STU1311,18,4.9,82.9,77.1,66.4,81.2,5,5.3,6.3,2100.36,11.9
STU1312,23,4.7,64.8,74.4,75.7,95.4,0,9.7,5.1,1627.27,12.9
STU1313,16,4.6,90.6,100.0,69.2,50.5,5,6.4,4.7,4679.37,14.9
STU1314,24,8.7,77.9,89.6,62.7,80.4,5,6.4,2.0,523.0,25.5
STU1315,24,4.7,96.2,84.0,59.2,64.7,1,7.2,5.6,763.94,11.3
STU1316,20,5.6,80.8,49.6,40.4,61.2,0,6.6,2.0,3078.52,13.6
STU1317,19,5.4,96.4,72.9,56.1,72.6,3,6.8,5.3,1968.52,7.5
STU1318,21,4.4,86.2,76.5,67.7,58.9,5,6.1,6.7,4330.98,21.3
STU1319,22,5.7,91.7,65.8,24.7,68.6,1,8.1,8.3,1785.34,9.5
STU1320,20,5.6,77.1,97.6,59.8,71.2,1,8.3,5.1,843.5,8.7
STU1321,24,5.7,85.5,72.8,82.7,89.7,0,9.2,8.5,2394.47,17.0
STU1322,18,3.6,64.7,53.6,89.5,93.4,4,9.4,6.5,2100.34,10.1
STU1323,22,5.0,80.7,57.0,59.6,59.8,6,4.3,5.9,1236.99,12.6
STU1324,20,7.2,67.2,100.0,59.0,65.4,5,7.6,7.2,4167.72,10.3
STU1325,22,5.1,70.6,65.7,56.5,83.7,5,5.3,7.7,3152.85,9.7
STU1326,17,5.9,73.1,40.8,59.1,66.9,0,8.5,6.6,1317.18,4.3
STU1327,19,5.9,88.6,63.0,86.3,82.1,4,7.3,4.7,923.02,17.3
STU1328,17,6.4,80.5,44.6,94.1,85.3,1,5.9,3.9,3149.15,5.8
STU1329,22,6.7,82.3,85.8,41.0,87.3,6,5.4,2.4,1342.69,22.8
STU1330,17,5.1,80.3,42.7,55.0,71.5,2,6.0,5.3,1340.01,35.1
STU1331,16,3.5,92.8,51.0,38.2,50.2,5,5.8,7.4,2328.91,25.3
STU1332,24,2.8,82.0,72.1,67.5,67.1,2,8.6,3.1,2578.39,14.5
STU1333,16,7.7,84.5,88.6,60.2,61.4,6,6.9,2.8,3466.7,6.1
STU1334,23,7.2,76.3,71.0,73.7,83.2,5,5.5,8.6,4969.47,14.2
STU1335,17,6.9,93.5,53.1,78.6,95.9,6,7.4,4.5,1849.4,22.5
STU1336,23,7.3,94.2,74.7,76.8,96.4,0,7.4,1.6,3662.87,25.7
STU1337,18,5.1,81.6,65.0,41.7,85.1,5,6.7,2.1,2232.36,17.1
STU1338,21,4.1,76.2,89.0,67.6,54.1,4,8.5,5.9,5372.65,5.2
STU1339,18,3.3,65.8,84.8,40.9,93.9,5,7.6,4.0,1440.44,4.5
STU1340,22,3.1,73.3,63.9,95.8,77.3,0,7.5,6.0,3515.02,7.0
STU1341,24,8.2,60.3,83.7,62.3,56.0,6,4.5,4.6,1460.35,11.0
STU1342,17,4.4,72.9,76.1,46.1,84.7,3,6.4,5.4,1386.35,9.8
STU1343,20,7.8,85.6,92.5,59.3,66.2,0,7.7,8.5,1858.19,11.8
STU1344,21,5.1,81.5,83.1,71.3,36.9,0,7.4,4.6,637.55,9.2
STU1345,19,4.0,100.0,80.2,79.7,53.3,0,7.0,7.4,4747.09,13.1
STU1346,19,3.1,78.3,91.9,88.8,68.9,0,7.8,5.2,1417.44,41.0
STU1347,19,4.2,77.5,72.2,69.0,68.2,4,7.5,2.7,1852.98,11.0
STU1348,17,8.6,92.6,60.4,62.7,51.9,5,7.9,9.0,1333.19,12.0
STU1349,19,3.1,62.7,75.0,79.0,82.8,4,7.4,9.2,4635.35,15.0
STU1350,16,10.2,67.2,66.7,78.5,78.8,4,7.9,4.7,2973.98,16.5
STU1351,21,3.7,88.6,81.1,69.9,45.6,3,7.8,5.3,3576.35,13.3
STU1352,16,7.1,80.0,72.9,81.0,100.0,3,6.9,7.5,2791.74,26.1
STU1353,21,5.2,80.3,78.0,58.2,49.4,5,7.0,4.6,2789.06,17.6
STU1354,16,4.8,72.6,53.9,67.6,62.2,5,7.1,6.9,3102.53,1.2
STU1355,21,2.7,84.4,79.6,35.5,76.4,6,5.4,3.4,4633.4,4.9
STU1356,23,5.3,73.9,52.7,90.2,62.3,0,5.0,8.7,1185.88,7.1
STU1357,17,3.0,82.7,86.4,60.1,94.7,4,7.7,5.7,1725.16,12.8
STU1358,17,1.8,70.4,86.4,90.3,67.0,3,7.7,6.5,1262.26,16.2
STU1359,19,5.8,80.2,77.2,57.5,54.3,2,7.0,7.7,3692.27,10.2
STU1360,18,4.1,100.0,76.7,72.8,80.4,0,7.5,6.6,3330.46,40.9
STU1361,19,9.2,77.8,68.6,68.9,20.7,6,7.9,4.9,3987.1,22.1
STU1362,22,7.7,80.7,63.0,58.4,79.1,1,7.6,8.4,476.47,10.7
STU1363,16,9.2,80.0,71.8,75.7,91.9,4,7.7,6.7,1887.06,6.8
STU1364,21,4.0,83.7,100.0,88.4,30.8,0,5.3,4.7,532.1,9.7
STU1365,18,5.8,86.7,75.4,96.6,63.1,5,9.1,2.0,8887.02,33.2
STU1366,22,0.5,84.6,51.8,79.9,42.0,0,7.4,5.0,2715.16,33.9
STU1367,17,4.9,84.8,46.4,48.6,70.2,1,8.2,3.9,1469.53,11.2
STU1368,17,5.7,80.2,50.4,45.5,100.0,5,7.8,5.0,2309.01,31.8
STU1369,19,5.8,83.0,66.3,86.2,73.9,2,5.7,3.7,2470.71,7.2
STU1370,16,5.4,79.9,91.0,52.0,66.3,3,6.1,5.8,9037.27,17.7
STU1371,18,5.6,63.9,56.6,77.9,22.0,3,6.3,4.1,2206.17,7.2
STU1372,24,0.5,100.0,93.3,70.1,51.2,1,8.5,7.9,2820.53,16.3
STU1373,22,6.1,89.3,74.7,89.1,67.7,6,5.7,6.2,1700.28,17.6
STU1374,22,6.6,72.2,79.3,76.2,71.6,1,5.4,4.1,9849.94,16.0
STU1375,19,8.4,84.3,78.8,67.5,75.8,6,7.6,5.0,6947.16,28.8
STU1376,17,6.3,68.5,80.9,100.0,83.1,6,9.3,6.0,701.04,10.0
STU1377,19,5.2,77.1,65.8,81.2,54.6,3,5.9,2.0,4354.35,17.5
STU1378,21,7.9,67.2,37.0,76.9,70.7,2,8.9,5.9,3345.18,23.6
STU1379,18,0.5,81.5,63.2,57.1,61.6,2,8.0,1.6,1509.81,6.9
STU1380,16,4.4,66.2,58.7,49.7,54.0,0,6.5,8.1,1310.82,14.1
STU1381,23,3.8,85.9,76.7,63.8,55.2,1,5.3,4.3,668.17,12.5
STU1382,20,5.4,88.8,75.3,44.0,79.2,1,6.6,7.1,3796.43,36.3
STU1383,20,0.7,73.7,67.9,62.8,26.4,1,6.0,2.7,1033.21,18.9
STU1384,19,8.4,83.6,98.3,80.8,38.5,5,8.6,6.1,3057.79,12.8
STU1385,21,5.0,73.2,62.4,83.7,100.0,3,7.0,2.7,1232.21,14.0
STU1386,18,6.2,87.1,38.6,62.5,58.7,3,7.6,4.4,1149.54,21.1
STU1387,24,6.0,75.1,73.8,100.0,95.0,3,7.6,6.9,2583.01,16.8
STU1388,20,8.3,89.9,89.8,88.4,68.9,2,6.2,6.2,5636.09,21.1
STU1389,18,1.4,63.9,76.3,67.5,60.5,3,7.1,6.1,1518.01,5.4
STU1390,16,5.7,72.0,66.7,86.3,81.2,0,8.3,4.3,2405.64,3.8
STU1391,21,8.0,70.9,75.6,58.7,71.4,5,6.9,2.9,2672.9,6.7
STU1392,17,5.3,84.0,99.6,72.1,67.0,3,6.7,6.6,2375.23,24.1
STU1393,18,3.4,87.6,58.9,62.2,69.3,5,7.9,3.2,3057.72,32.6
STU1394,16,4.2,84.8,72.5,48.6,76.7,5,5.3,3.8,2526.62,6.0
STU1395,24,4.6,76.9,82.0,76.5,58.3,2,4.1,7.9,806.06,7.3
STU1396,23,3.9,54.0,75.8,67.9,61.8,1,7.4,6.2,5837.58,38.5
STU1397,17,5.2,82.4,68.3,69.1,53.4,5,8.3,2.3,3231.57,10.9
STU1398,23,8.8,89.9,65.6,67.6,49.5,0,9.3,5.0,2176.46,35.5
STU1399,24,4.2,100.0,67.7,53.6,100.0,2,7.3,4.7,1305.54,3.4
STU1400,16,4.4,77.8,80.0,93.4,54.6,4,8.1,4.3,1971.82,17.3
STU1401,20,6.5,75.3,79.1,72.0,87.0,5,8.7,4.3,4412.38,16.5
STU1402,23,5.1,85.2,100.0,63.7,64.0,6,7.0,7.6,1052.54,26.1
STU1403,17,2.6,79.4,48.9,47.1,79.2,5,6.2,9.0,1448.81,23.5
STU1404,19,5.4,94.8,98.4,90.5,70.0,1,6.0,4.9,2364.98,6.9
STU1405,22,5.3,73.9,68.9,82.7,39.5,3,6.6,5.3,879.45,7.5
STU1406,18,7.6,79.5,70.6,68.0,70.5,2,8.9,2.3,1330.2,16.9
STU1407,20,3.4,90.8,84.9,47.5,80.3,4,8.2,8.4,2089.64,11.3
STU1408,23,7.7,85.1,84.8,94.5,53.8,2,6.7,3.7,508.08,22.5
STU1409,18,5.3,93.6,89.3,62.2,100.0,3,8.6,4.2,2138.12,8.9
STU1410,19,3.1,77.6,92.6,57.3,83.8,2,7.6,6.6,1063.64,3.5
STU1411,24,2.6,94.6,71.4,67.2,84.0,4,6.7,5.6,5393.85,12.4
STU1412,22,9.8,65.4,92.8,74.0,85.8,2,7.2,6.1,1743.5,23.9
STU1413,16,5.1,65.8,62.6,65.3,30.3,0,7.5,6.4,4039.99,13.7
STU1414,19,7.6,94.8,67.4,15.0,82.0,0,7.2,5.0,3212.7,10.6
STU1415,19,1.7,82.1,69.3,72.0,100.0,3,9.3,6.8,1497.01,16.3
STU1416,24,11.3,91.2,64.1,82.8,82.9,6,6.8,1.6,3142.53,26.4
STU1417,21,7.5,83.0,72.9,53.7,65.5,6,5.2,8.3,7549.16,4.8
STU1418,24,4.9,81.9,85.4,93.0,51.0,4,7.4,4.6,2581.96,6.5
STU1419,21,4.8,68.7,81.8,82.0,49.4,4,6.6,6.7,1984.8,11.5
STU1420,21,7.1,81.7,62.8,75.5,47.4,4,5.3,6.0,3201.71,4.0
STU1421,20,7.0,95.6,61.6,51.8,63.2,4,7.9,1.0,3424.7,7.6
STU1422,20,5.9,82.6,59.2,72.5,51.8,4,3.0,5.4,1966.12,14.5
STU1423,17,5.5,88.8,73.3,73.7,67.4,6,7.4,0.8,378.5,12.5
STU1424,23,6.7,88.5,48.3,66.7,73.5,1,3.9,6.0,1400.94,10.0
STU1425,23,1.7,71.9,58.6,82.3,40.8,2,7.0,5.4,1070.83,23.4
STU1426,16,4.7,90.6,65.1,62.2,57.0,5,7.7,2.4,2462.11,4.9
STU1427,23,1.9,78.9,87.8,63.7,60.2,4,8.0,5.4,5370.33,30.6
STU1428,20,6.8,79.4,70.0,57.3,59.7,6,8.1,4.0,3432.09,12.3
STU1429,17,4.0,100.0,87.1,60.8,70.3,5,5.6,4.7,1808.83,11.0
STU1430,17,2.0,88.0,74.8,65.6,72.1,0,7.2,0.5,2964.31,5.1
STU1431,21,3.8,75.6,64.9,65.0,62.8,6,6.1,2.5,2468.03,3.1
STU1432,24,5.8,82.6,65.5,64.3,58.6,5,6.0,3.4,3506.56,11.6
STU1433,16,5.0,82.4,54.5,82.8,69.6,6,6.9,2.7,3635.69,16.1
STU1434,21,2.9,98.9,100.0,92.0,94.5,5,6.5,3.9,5828.35,21.1
STU1435,24,1.7,82.4,88.7,47.5,45.3,6,5.7,3.7,2283.61,13.4
STU1436,23,5.7,100.0,81.1,91.7,89.2,2,7.4,5.6,777.01,31.9
STU1437,21,4.2,69.0,52.5,78.8,42.2,5,7.7,0.5,1056.53,11.2
STU1438,18,4.9,81.7,65.2,53.7,76.2,3,5.9,9.0,2528.49,5.9
STU1439,23,5.1,74.4,57.4,62.7,87.8,6,6.8,3.8,2099.15,19.0
STU1440,24,6.4,77.1,73.9,72.5,47.5,3,6.8,4.4,3997.52,1.5
STU1441,16,7.4,77.3,58.1,41.5,76.0,6,6.8,6.2,4906.87,31.1
STU1442,24,5.8,74.9,61.9,66.6,52.2,4,6.9,8.5,2559.46,12.9
STU1443,21,4.8,99.3,58.5,76.4,89.9,1,7.4,3.8,1109.49,28.0
STU1444,21,5.6,96.2,68.4,56.1,42.8,6,8.5,6.4,3602.26,7.0
STU1445,19,4.8,86.0,73.1,44.3,54.8,1,7.2,3.7,2997.36,12.3
STU1446,16,1.9,77.3,68.8,71.2,72.2,2,6.3,6.9,3776.78,4.2
STU1447,23,7.9,75.2,95.0,100.0,82.1,1,7.0,6.4,1560.68,10.1
STU1448,17,7.5,89.4,84.2,56.6,71.6,5,5.6,2.9,17353.53,7.6
STU1449,16,9.9,85.0,60.3,57.0,78.4,3,5.8,6.2,803.96,12.4
STU1450,17,10.5,80.6,76.9,64.8,60.7,4,7.6,2.1,2656.61,10.7
STU1451,16,2.9,87.4,61.5,93.1,51.5,0,3.0,3.5,3978.05,38.8
STU1452,16,4.8,90.9,66.1,41.6,94.9,5,6.7,2.3,4278.75,10.0
STU1453,24,11.0,80.5,79.2,80.3,78.5,3,8.2,5.0,2515.59,25.2
STU1454,16,5.4,74.1,82.0,60.5,61.7,3,7.5,7.0,3743.48,12.7
STU1455,19,6.0,68.8,63.2,61.8,41.9,2,8.1,2.5,4502.23,1.2
STU1456,21,2.2,84.5,55.4,51.8,90.8,5,7.4,5.8,2681.64,33.7
STU1457,22,5.8,100.0,73.3,64.0,91.5,6,9.6,4.5,2900.52,28.6
STU1458,17,9.8,70.9,78.5,52.3,66.3,1,5.4,2.9,3792.77,20.4
STU1459,21,8.3,93.0,62.4,59.3,58.8,0,7.2,4.2,2535.01,13.1
STU1460,22,4.2,75.2,84.2,28.6,65.6,0,7.9,6.2,5949.54,12.4
STU1461,17,4.6,77.3,81.6,40.3,66.4,6,6.5,6.9,4781.04,7.8
STU1462,17,3.0,91.1,62.2,73.4,83.1,1,8.5,5.6,2048.64,11.5
STU1463,22,3.6,79.4,89.0,88.2,50.7,6,7.8,4.9,1567.29,4.9
STU1464,16,1.3,84.5,89.4,100.0,60.1,4,5.1,5.0,4132.63,11.3
STU1465,23,5.3,84.3,100.0,82.8,66.9,1,7.5,3.5,2643.7,9.7
STU1466,18,8.8,75.3,97.7,59.8,74.4,4,7.8,5.2,1700.46,9.2
STU1467,21,6.3,91.0,58.5,36.3,84.7,0,9.1,2.1,1830.34,23.9
STU1468,24,8.5,81.4,85.9,76.6,75.3,5,6.8,4.8,3809.97,18.6
STU1469,21,7.9,68.1,85.2,44.8,99.8,2,7.7,8.4,1847.91,8.9
STU1470,24,4.3,73.1,66.8,55.1,53.1,3,7.3,4.1,6398.69,21.9
STU1471,22,3.8,50.8,78.8,82.2,94.8,5,6.3,7.2,1306.98,6.7
STU1472,24,3.9,82.5,43.8,72.7,53.8,0,6.5,6.3,1805.11,25.5
STU1473,17,1.7,95.0,43.4,53.1,63.3,0,4.1,7.9,1365.63,36.8
STU1474,23,5.6,71.5,46.3,40.7,76.6,0,6.4,0.5,1131.96,21.8
STU1475,23,0.5,87.9,77.8,71.4,90.0,3,9.0,5.4,1490.02,23.8
STU1476,17,6.8,86.3,78.5,73.4,63.3,4,6.8,6.2,1796.26,27.3
STU1477,19,5.7,74.5,67.9,92.1,76.7,2,8.1,6.6,1902.95,17.0
STU1478,22,6.5,97.4,97.8,28.1,64.6,5,7.3,7.4,612.13,15.7
STU1479,19,7.8,79.3,86.8,69.9,31.0,5,7.6,6.4,1150.88,9.0
STU1480,19,5.9,100.0,48.0,82.7,69.3,2,9.6,5.5,2810.08,8.3
STU1481,21,9.1,65.6,69.4,61.3,48.9,2,6.5,3.1,1583.66,3.0
STU1482,21,6.9,79.3,57.9,42.5,91.6,4,6.5,1.2,4919.18,2.5
STU1483,18,3.8,80.5,78.2,53.2,91.7,5,8.4,7.7,2136.69,18.6
STU1484,24,5.0,81.6,71.5,68.6,55.8,1,6.9,3.8,3674.24,18.2
STU1485,17,0.5,89.2,58.8,60.2,53.2,1,6.6,4.3,1963.0,14.5
STU1486,21,3.5,100.0,97.4,72.9,59.3,2,8.2,6.8,4532.79,18.1
STU1487,22,4.7,86.6,72.9,88.5,79.1,0,7.3,5.0,548.5,21.8
STU1488,24,6.7,82.2,65.8,61.6,79.1,0,6.8,2.7,2679.43,14.7
STU1489,18,3.8,71.0,68.2,87.5,100.0,3,6.6,1.6,6760.25,6.6
STU1490,18,2.8,63.1,96.3,66.1,64.8,1,5.9,4.3,969.62,7.1
STU1491,22,1.3,93.7,85.7,73.4,71.6,0,5.0,5.2,4076.63,5.5
STU1492,19,4.2,76.5,69.6,66.1,100.0,6,8.4,6.6,3225.0,9.4
STU1493,23,9.8,100.0,57.1,73.8,74.9,2,6.4,4.8,988.49,19.0
STU1494,22,6.1,90.7,59.5,76.6,51.5,3,4.8,5.0,3134.81,39.5
STU1495,20,7.6,85.4,64.8,78.3,75.8,1,9.3,2.4,3120.28,3.7
STU1496,22,3.5,85.9,79.6,68.1,82.0,3,7.1,7.1,2356.09,9.0
STU1497,18,2.0,86.0,83.3,15.0,64.2,0,7.0,11.0,5249.81,17.8
STU1498,17,2.8,75.1,61.1,77.5,83.5,2,4.9,7.6,4798.25,16.5
STU1499,21,5.3,64.5,84.0,36.5,82.0,6,7.8,7.4,4246.05,7.2
STU1500,17,1.1,76.5,58.4,58.3,62.2,2,6.3,5.7,6217.94,6.1
STU1501,18,3.3,81.8,62.8,29.7,96.4,2,6.3,2.9,1474.92,9.1
STU1502,21,4.2,75.5,50.3,95.2,56.7,0,7.5,3.3,1779.33,35.7
STU1503,20,2.6,69.1,49.8,74.7,77.4,6,7.2,6.3,1628.99,20.7
STU1504,23,0.8,74.5,58.2,62.8,59.8,6,5.7,6.8,1793.42,5.9
STU1505,24,6.1,92.4,71.6,90.7,41.2,4,5.1,3.1,1815.82,5.1
STU1506,18,5.6,89.5,57.1,76.5,76.1,5,7.2,5.9,2288.79,10.5
STU1507,18,7.2,83.7,94.5,70.0,100.0,5,7.1,5.2,1946.09,28.2
STU1508,18,3.1,87.9,58.0,74.3,69.1,2,10.4,6.0,1232.86,11.9
STU1509,21,7.2,70.7,74.8,61.9,44.6,5,4.1,5.7,4188.1,10.1
STU1510,16,8.9,74.0,91.8,48.2,73.8,4,7.2,5.8,1414.95,8.4
STU1511,22,6.1,85.1,73.4,83.4,56.1,2,4.9,1.1,6956.28,12.7
STU1512,16,4.2,72.0,66.5,66.9,87.9,4,6.5,8.6,4223.68,8.6
STU1513,20,5.8,83.1,74.2,39.9,66.1,1,6.4,7.8,1162.4,2.8
STU1514,23,4.1,69.4,63.6,76.1,39.9,5,7.7,5.0,2467.87,29.0
STU1515,19,3.7,65.5,57.0,68.7,78.6,6,7.7,2.6,996.02,2.8
STU1516,20,7.0,89.4,81.2,95.2,73.6,1,8.8,6.1,5723.09,13.1
STU1517,19,5.2,92.3,63.3,72.3,64.9,2,7.3,2.1,2508.22,7.3
STU1518,19,8.2,75.7,86.1,49.1,52.3,6,8.3,8.4,2446.45,14.9
STU1519,23,4.5,66.8,83.9,39.4,100.0,3,8.8,4.7,2886.18,38.2
STU1520,17,4.7,59.9,74.5,88.2,62.3,3,7.3,3.8,2234.89,8.9
STU1521,16,4.3,100.0,86.6,67.0,85.3,0,8.5,6.2,1629.06,11.8
STU1522,18,3.0,83.1,63.8,54.1,62.1,1,7.3,4.1,2348.43,14.2
STU1523,24,7.3,75.9,83.8,56.5,81.6,1,7.0,4.4,5649.59,23.5
STU1524,19,10.3,78.4,83.7,88.8,70.9,3,6.2,3.4,1741.09,22.7
STU1525,20,4.7,62.9,67.5,75.5,70.5,2,7.5,6.3,6186.15,13.5
STU1526,17,4.0,88.2,65.6,85.6,55.9,6,7.4,5.6,1839.41,43.3
STU1527,19,3.9,100.0,76.9,71.9,79.0,6,7.5,7.1,2809.83,5.0
STU1528,17,4.0,74.2,100.0,54.6,93.9,6,8.5,1.7,8944.05,14.0
STU1529,17,9.1,100.0,68.5,96.6,52.4,0,8.2,2.6,3608.25,6.0
STU1530,19,3.9,80.8,65.2,61.7,55.9,1,5.1,4.0,3146.72,7.0
STU1531,21,4.2,98.7,89.7,80.9,100.0,0,5.1,7.2,3823.3,8.1
STU1532,22,2.8,85.1,73.0,85.3,53.0,1,7.2,2.1,4785.19,23.6
STU1533,18,6.1,85.1,85.0,68.1,60.6,4,5.7,3.3,1451.19,27.6
STU1534,18,5.4,100.0,94.1,50.2,93.5,6,6.9,7.8,3456.29,2.2
STU1535,21,3.0,89.8,43.4,57.1,94.0,4,5.8,6.1,2956.4,33.3
STU1536,18,3.5,85.7,71.4,78.8,28.7,0,7.1,7.2,611.48,30.2
STU1537,17,8.9,62.6,68.6,76.5,83.0,6,5.7,4.8,2937.02,13.7
STU1538,23,5.6,66.9,57.6,88.8,66.7,6,7.5,8.5,1313.51,7.1
STU1539,20,5.7,86.6,43.2,86.2,67.5,3,5.6,2.1,2689.67,17.3
STU1540,16,5.7,96.7,48.1,52.8,89.8,3,7.2,4.6,4740.2,29.8
STU1541,18,8.6,83.3,73.6,91.1,64.1,1,4.8,4.4,1362.25,21.5
STU1542,23,3.2,76.1,64.0,51.6,61.3,5,5.5,4.4,2314.28,7.2
STU1543,19,4.6,63.6,60.0,77.5,64.5,4,7.9,2.5,1895.61,40.6
STU1544,22,5.1,74.2,73.4,100.0,64.1,4,8.7,6.1,5248.88,39.8
STU1545,17,1.7,83.3,61.6,73.0,75.9,0,8.2,2.6,1748.72,7.5
STU1546,22,3.5,73.4,91.4,39.5,92.5,6,8.0,2.3,2879.0,13.6
STU1547,20,7.8,72.4,62.7,62.8,77.3,5,8.9,0.5,3768.53,14.1
STU1548,20,7.2,81.5,94.6,100.0,69.8,0,8.3,3.5,4096.34,11.9
STU1549,21,7.6,96.5,71.5,64.7,79.3,3,5.0,5.3,1331.78,3.8
STU1550,24,4.2,88.8,62.2,89.2,83.3,3,8.2,5.6,2119.0,31.8
STU1551,21,4.5,84.9,61.1,52.7,79.8,5,8.2,4.6,7079.56,30.0
STU1552,23,1.6,83.9,94.7,62.3,58.7,5,4.6,3.7,2474.88,20.7
STU1553,22,7.6,87.5,82.4,64.5,77.2,3,6.1,4.2,4884.44,6.5
STU1554,24,7.9,80.9,60.6,99.2,34.0,2,9.1,3.7,9525.58,4.5
STU1555,19,7.9,77.9,73.8,63.1,96.1,6,6.8,9.1,2392.6,4.4
STU1556,17,9.0,89.4,36.6,37.8,96.0,4,5.5,2.5,4291.13,14.6
STU1557,22,6.4,79.7,52.0,100.0,85.1,4,8.1,3.4,4646.92,13.3
STU1558,21,8.9,70.1,60.7,71.6,91.2,0,6.6,5.0,1033.82,52.3
STU1559,16,5.1,96.4,60.4,78.5,68.7,4,6.5,2.8,3246.3,12.7
STU1560,24,1.6,63.3,90.2,42.3,57.2,0,8.1,5.1,6642.07,16.9
STU1561,24,7.4,97.2,43.3,72.1,48.7,5,7.5,1.7,896.37,21.9
STU1562,17,1.5,87.1,50.6,68.3,87.1,5,6.8,5.2,2321.5,15.6
STU1563,18,5.9,72.3,78.8,52.5,57.2,2,7.4,4.1,2693.25,35.1
STU1564,20,7.6,82.2,75.5,78.7,63.6,6,6.8,3.5,2343.59,8.4
STU1565,20,6.2,77.7,66.8,40.7,73.8,5,8.2,4.4,2193.93,60.0
STU1566,16,10.5,90.1,100.0,52.4,69.4,6,5.2,3.9,1214.41,7.0
STU1567,23,1.2,89.9,81.3,87.4,74.5,3,6.7,4.2,3211.65,20.6
STU1568,23,5.3,86.6,90.3,56.4,39.3,2,6.5,6.5,1539.8,13.2
STU1569,19,5.5,89.5,71.2,60.1,66.0,3,7.4,8.6,1565.22,32.6
STU1570,22,2.5,80.9,63.8,69.4,84.0,3,5.5,0.5,733.17,14.2
STU1571,18,3.0,99.6,64.0,62.0,62.7,0,8.9,4.5,990.61,18.7
STU1572,21,3.6,94.2,85.9,79.1,55.3,6,6.0,2.4,6533.65,6.4
STU1573,24,3.1,77.2,83.6,70.8,86.2,3,8.4,4.3,2629.37,17.5
STU1574,16,5.3,90.1,68.7,43.9,62.8,6,7.8,5.8,4043.13,42.4
STU1575,20,4.2,89.2,79.1,56.2,73.1,2,7.3,9.8,1404.16,9.7
STU1576,19,6.2,79.4,86.4,54.5,66.4,1,7.3,4.4,706.44,8.7
STU1577,23,6.9,78.6,63.5,60.6,70.0,5,4.6,5.3,1631.23,13.4
STU1578,16,6.8,94.1,66.8,69.8,96.0,0,6.3,3.2,720.32,2.7
STU1579,24,4.6,81.9,78.7,72.9,79.7,6,11.0,3.1,1585.65,11.6
STU1580,21,6.1,84.6,45.2,30.1,49.2,5,7.3,3.0,5281.25,7.6
STU1581,19,7.8,96.0,79.0,84.4,63.7,3,7.5,3.6,2344.63,15.6
STU1582,24,6.5,100.0,55.1,66.5,63.0,3,4.5,4.1,6411.78,14.3
STU1583,20,9.6,76.7,86.1,50.1,73.7,4,6.7,7.8,3621.62,11.3
STU1584,20,7.7,79.8,100.0,83.2,85.4,6,6.5,4.3,4999.84,25.7
STU1585,20,9.3,82.7,61.5,34.3,70.5,0,6.0,6.1,2134.24,3.2
STU1586,16,0.5,83.0,51.8,42.8,70.0,0,7.7,5.6,1011.66,5.5
STU1587,16,5.7,85.8,69.3,100.0,32.1,2,6.4,6.9,1291.8,11.0
STU1588,23,4.8,77.1,68.0,70.3,92.5,1,6.1,1.2,5544.35,13.2
STU1589,23,5.2,69.3,81.9,56.2,67.1,2,5.1,5.7,2807.84,3.5
STU1590,21,3.7,99.5,75.5,69.7,74.4,2,5.6,5.5,1023.05,39.8
STU1591,19,6.4,88.1,67.6,65.1,74.4,2,5.7,4.8,3813.05,8.6
STU1592,17,1.5,77.8,73.4,68.6,56.9,1,6.6,7.2,907.98,6.2
STU1593,17,6.4,86.4,55.2,75.8,65.9,2,6.4,4.8,3373.15,27.5
STU1594,24,3.8,100.0,84.4,64.8,56.8,5,6.2,6.8,2113.0,15.4
STU1595,20,4.4,74.1,96.3,73.7,93.5,0,4.8,5.3,3913.09,1.1
STU1596,19,6.5,84.1,54.0,65.5,32.2,1,5.7,5.5,2105.69,19.4
STU1597,16,5.7,68.1,48.3,54.9,53.8,3,7.2,5.6,4005.44,26.6
STU1598,22,7.8,80.8,66.0,50.3,64.5,4,8.9,4.6,924.21,11.8
STU1599,18,3.4,88.2,53.7,89.1,95.5,4,9.1,8.1,3106.63,32.7
STU1600,21,5.3,70.9,52.9,78.4,82.0,6,9.6,7.2,1873.3,21.1
STU1601,20,7.5,80.1,51.0,84.6,42.2,5,7.3,4.9,3187.0,42.6
STU1602,20,6.3,90.0,69.1,68.1,68.0,0,6.9,5.3,2046.94,15.0
STU1603,20,6.4,87.9,65.8,71.6,82.3,4,7.8,6.0,1397.81,7.5
STU1604,16,7.9,70.4,77.6,65.1,100.0,5,6.5,6.6,2335.21,3.8
STU1605,16,4.6,85.7,63.6,86.5,64.2,5,8.0,8.2,5588.67,12.5
STU1606,18,4.1,87.6,53.8,62.5,49.9,4,6.8,6.8,1688.51,30.9
STU1607,19,6.8,83.1,71.7,52.3,75.5,4,7.4,4.7,2846.78,17.8
STU1608,20,5.2,92.9,56.1,76.3,69.3,5,6.1,3.4,1613.71,17.2
STU1609,17,8.0,76.1,79.7,65.6,77.9,5,8.3,7.0,697.26,10.2
STU1610,23,6.3,86.1,47.0,72.0,81.7,3,5.7,5.6,2625.02,7.5
STU1611,17,4.1,70.3,39.5,79.4,75.4,4,6.2,3.0,20000.0,6.8
STU1612,24,6.2,66.0,47.9,58.7,79.0,2,6.6,6.7,1048.32,6.2
STU1613,17,3.5,89.8,65.7,64.5,97.8,5,5.9,8.0,4661.53,14.2
STU1614,24,7.6,82.2,67.7,63.0,65.1,0,7.7,5.0,535.29,15.7
STU1615,22,2.4,77.4,74.1,88.6,49.2,0,7.2,8.1,2411.84,17.8
STU1616,23,8.2,71.3,63.5,68.2,75.3,6,5.7,6.5,1011.08,11.9
STU1617,17,6.2,90.3,59.3,70.5,48.2,5,6.3,2.7,3311.64,24.2
STU1618,22,5.1,66.9,93.5,49.5,50.9,0,7.2,5.8,1745.97,18.9
STU1619,21,7.2,91.9,89.5,79.7,56.0,3,7.3,1.5,1705.47,31.6
STU1620,19,6.6,86.5,86.8,74.8,48.7,6,5.8,5.7,1197.28,18.8
STU1621,22,8.4,67.4,76.6,54.6,89.9,3,7.0,3.0,618.26,5.8
STU1622,19,8.4,83.3,77.8,98.8,70.8,5,7.8,5.4,2064.81,26.0
STU1623,17,6.3,100.0,59.9,73.4,82.0,6,6.6,6.4,1575.31,3.4
STU1624,22,3.6,93.9,74.2,58.0,78.7,4,5.7,3.8,1906.63,5.0
STU1625,23,4.3,73.7,57.9,68.0,66.4,2,8.7,8.4,2001.51,9.6
STU1626,17,5.3,89.2,56.2,62.1,86.3,4,7.8,3.2,1447.76,21.8
STU1627,20,7.9,67.8,47.7,92.7,61.8,0,6.5,0.7,2700.79,15.4
STU1628,16,4.5,68.3,78.1,82.9,67.1,6,7.1,4.9,2169.36,6.4
STU1629,22,4.7,81.3,74.5,75.3,58.0,2,6.5,7.7,4275.4,18.7
STU1630,23,9.6,87.5,67.5,95.5,93.8,0,5.7,5.0,11737.98,1.8
STU1631,21,5.3,90.1,65.5,51.4,68.2,2,7.9,3.8,2899.61,36.5
STU1632,20,4.1,90.3,44.5,80.4,80.2,5,9.2,1.7,5133.5,2.4
STU1633,21,7.2,86.9,75.8,76.8,60.1,1,8.2,3.9,2712.37,12.0
STU1634,17,5.4,65.9,67.3,64.3,84.4,3,7.3,2.7,3383.1,24.9
STU1635,16,2.4,81.4,85.4,64.4,83.1,6,6.6,5.5,2022.61,10.4
STU1636,22,7.8,91.7,74.2,82.8,42.4,3,3.5,5.7,2338.86,17.8
STU1637,22,3.9,86.4,82.6,81.6,70.1,6,9.0,3.1,1490.99,13.0
STU1638,17,5.6,83.8,71.9,45.2,72.0,5,6.1,4.3,6282.56,19.2
STU1639,17,5.4,85.3,74.7,97.1,64.9,0,8.1,7.9,4690.12,10.2
STU1640,16,6.0,85.1,86.0,86.3,93.5,0,8.2,4.1,2950.97,4.5
STU1641,23,0.7,62.4,69.1,63.5,49.3,1,8.2,4.1,1283.86,18.5
STU1642,23,4.8,93.5,79.1,55.3,62.4,4,5.2,5.4,2229.04,3.6
STU1643,16,8.0,80.9,65.3,85.8,55.6,6,8.3,2.2,4688.61,14.7
STU1644,23,8.3,89.1,70.0,75.9,87.5,2,6.4,6.9,12257.66,12.3
STU1645,24,3.3,58.9,95.9,79.5,52.5,5,6.9,4.2,2628.64,5.3
STU1646,19,7.5,98.6,81.6,77.1,38.8,1,6.8,2.7,5544.62,7.2
STU1647,16,3.8,70.4,63.9,87.4,77.3,5,6.2,6.1,2798.24,13.2
STU1648,16,4.7,100.0,78.3,81.7,67.6,1,6.6,4.0,5729.05,15.7
STU1649,18,4.8,100.0,52.8,59.5,87.7,0,7.2,3.2,642.41,15.0
STU1650,20,5.7,68.8,68.7,58.5,83.8,0,5.8,5.1,1428.52,11.8
STU1651,20,7.7,90.2,57.7,73.7,69.3,4,4.9,7.1,3064.75,36.9
STU1652,24,6.1,71.8,78.8,100.0,45.5,6,8.2,4.2,1133.59,27.7
STU1653,17,5.2,75.6,69.2,65.6,49.6,6,7.4,3.1,3294.28,3.2
STU1654,17,7.6,75.8,76.3,73.8,39.9,5,4.6,0.5,2564.99,5.5
STU1655,21,3.7,86.5,83.6,82.3,67.6,5,7.5,2.1,880.46,2.1
STU1656,24,5.3,85.2,65.1,61.3,58.8,4,6.8,4.0,779.95,28.4
STU1657,16,7.7,70.0,65.6,80.8,66.9,0,5.3,2.4,3104.1,18.1
STU1658,24,6.7,86.4,71.4,68.2,73.0,3,6.3,3.6,1186.12,18.0
STU1659,24,4.5,80.0,59.1,88.0,100.0,4,7.5,8.9,1857.25,25.8
STU1660,24,2.2,63.8,71.8,52.9,79.9,1,5.7,7.5,3767.48,10.8
STU1661,20,6.2,77.7,72.6,100.0,71.2,0,5.7,3.4,2370.41,5.7
STU1662,24,2.0,98.6,75.4,63.0,43.4,5,6.3,5.3,1899.04,14.4
STU1663,19,5.0,78.0,78.3,76.3,70.4,5,5.8,2.8,932.73,20.1
STU1664,17,8.1,63.6,48.0,68.1,85.0,2,5.6,8.1,6627.11,28.4
STU1665,21,6.8,90.1,52.7,50.7,76.6,2,5.5,5.1,4219.65,20.8
STU1666,19,1.0,72.7,54.5,81.3,52.2,3,7.6,7.1,1644.62,21.5
STU1667,21,5.9,84.1,73.4,63.8,63.6,5,5.8,3.4,1389.96,4.7
STU1668,18,4.8,80.3,67.7,76.4,71.2,0,8.4,8.2,1735.1,24.2
STU1669,21,2.7,99.6,38.0,55.1,63.1,5,9.8,4.1,1322.91,9.2
STU1670,17,6.2,80.3,100.0,63.8,59.5,5,6.8,1.5,2061.53,10.1
STU1671,17,4.4,70.6,42.2,63.3,33.5,1,9.6,4.7,5164.56,27.6
STU1672,24,4.4,77.3,72.5,76.8,56.9,3,7.7,3.6,4825.15,6.9
STU1673,22,5.8,69.7,80.5,72.9,74.3,1,7.2,7.0,4814.67,3.5
STU1674,18,4.1,79.9,61.2,65.2,84.9,6,6.9,3.8,1075.63,14.0
STU1675,16,5.7,99.7,81.6,62.1,71.3,2,4.5,6.1,1275.14,20.7
STU1676,23,4.2,94.5,56.9,73.0,88.0,1,6.4,3.6,4673.24,5.7
STU1677,21,4.3,100.0,74.6,71.2,68.7,2,5.5,3.3,3351.21,14.2
STU1678,22,7.7,86.8,39.3,70.1,55.1,6,8.1,5.0,1884.77,9.2
STU1679,24,7.9,83.4,89.6,99.5,61.9,4,9.2,6.1,3970.05,24.5
STU1680,20,1.7,72.0,72.0,76.8,78.5,6,7.3,1.9,3470.85,26.2
STU1681,16,7.1,84.7,48.1,98.8,65.4,2,7.3,6.8,923.18,5.1
STU1682,22,8.6,80.7,81.4,66.9,59.1,5,8.3,6.9,576.14,8.1
STU1683,20,8.9,89.8,96.5,67.2,43.5,6,7.2,4.4,2478.98,13.0
STU1684,18,6.6,70.8,58.1,59.9,54.8,2,8.6,4.6,614.27,25.6
STU1685,24,3.2,82.5,68.8,72.8,63.2,6,10.1,0.5,5095.82,10.2
STU1686,16,6.9,66.3,64.3,62.8,60.1,5,8.9,8.6,3483.81,4.7
STU1687,16,3.6,85.4,60.4,60.5,53.4,3,6.2,4.4,1968.25,6.0
STU1688,16,4.7,88.8,58.9,37.6,96.5,5,8.1,7.2,1122.11,7.5
STU1689,18,6.3,65.8,62.3,91.5,80.2,6,6.1,3.8,1359.89,32.5
STU1690,21,3.7,68.6,63.1,61.9,100.0,5,6.7,5.0,349.43,13.5
STU1691,18,3.0,69.0,66.7,91.6,42.7,5,9.1,6.0,6187.92,11.1
STU1692,23,6.5,80.2,65.6,66.5,75.3,3,5.7,4.1,2835.9,18.2
STU1693,17,9.6,68.0,83.4,78.3,62.6,0,6.5,1.9,2223.59,23.4
STU1694,24,8.2,95.8,82.1,69.2,70.3,6,8.5,4.7,8240.8,14.9
STU1695,18,7.1,86.4,49.0,74.6,100.0,0,5.9,2.2,1349.85,21.6
STU1696,20,7.7,88.0,63.1,51.9,40.4,6,4.5,3.3,2192.71,13.5
STU1697,23,6.9,66.1,90.8,86.9,60.3,2,5.1,3.7,1590.96,9.6
STU1698,17,6.5,94.9,76.4,62.1,57.3,4,6.2,5.2,9667.67,6.6
STU1699,21,7.5,88.5,77.0,82.8,60.3,0,6.9,3.7,2071.66,16.4
STU1700,20,2.5,75.2,75.6,44.6,34.1,2,6.6,2.6,2819.65,29.9
STU1701,24,5.9,66.6,68.1,55.9,91.9,3,6.3,5.4,7169.4,10.5
STU1702,20,5.3,81.2,71.4,73.9,92.5,0,7.1,6.3,5058.57,7.7
STU1703,17,5.7,77.3,65.9,65.4,79.9,0,6.4,2.2,869.25,30.6
STU1704,20,4.5,77.8,84.8,75.3,47.2,5,6.1,5.0,2037.17,9.8
STU1705,19,6.6,74.9,66.1,71.3,74.7,6,7.3,6.5,2388.49,5.7
STU1706,22,3.7,89.2,70.3,97.2,84.7,5,7.1,5.2,2774.84,33.2
STU1707,21,4.3,56.0,83.0,76.6,76.6,2,8.3,2.6,3068.21,13.3
STU1708,17,4.1,96.3,67.1,61.1,69.2,5,9.6,5.5,1387.27,1.1
STU1709,20,7.4,92.0,70.9,61.7,94.0,2,4.3,5.0,6749.81,16.8
STU1710,22,5.5,84.1,66.6,87.3,57.9,1,7.7,5.3,3340.22,25.9
STU1711,22,4.5,80.6,70.7,43.5,67.1,6,7.2,5.1,3815.38,17.9
STU1712,20,4.7,92.8,67.1,76.9,80.6,1,8.7,1.0,6101.86,8.0
STU1713,24,5.5,81.6,64.0,50.1,75.4,4,6.3,4.7,2992.49,33.6
STU1714,19,9.1,79.2,61.4,85.7,79.5,6,6.5,6.9,2182.46,13.4
STU1715,18,2.8,93.4,69.4,61.1,79.1,0,5.3,7.9,1974.59,22.4
STU1716,19,7.0,100.0,87.3,76.4,78.9,1,8.3,7.0,2159.81,6.0
STU1717,20,6.5,72.3,81.4,68.6,63.8,2,7.2,5.1,2250.88,24.8
STU1718,21,3.6,86.2,48.3,45.8,58.1,5,8.5,6.4,721.53,9.4
STU1719,18,8.7,71.1,65.6,78.2,72.3,5,6.4,6.1,1669.67,21.6
STU1720,17,6.7,87.0,62.4,56.5,95.7,0,6.1,4.5,1228.32,19.1
STU1721,19,4.4,74.2,48.6,80.8,69.6,6,7.9,7.3,668.71,10.2
STU1722,20,1.4,94.1,76.1,52.0,80.2,1,6.6,3.7,2768.41,21.3
STU1723,19,6.0,81.0,70.6,71.9,71.9,4,7.8,4.8,3335.28,18.1
STU1724,18,5.4,82.5,100.0,68.6,100.0,4,7.7,6.8,1428.23,10.5
STU1725,23,3.2,98.3,67.0,58.4,67.7,4,7.1,3.2,2083.81,16.6
STU1726,19,3.2,74.7,60.4,90.1,80.2,4,6.2,2.3,3611.0,12.0
STU1727,17,7.4,88.8,58.9,68.5,57.8,5,7.5,3.1,2055.07,11.6
STU1728,17,1.2,75.7,65.2,61.3,51.0,5,6.0,5.9,2287.92,5.0
STU1729,16,6.2,94.0,80.9,72.8,69.9,5,7.1,9.5,2132.35,9.8
STU1730,19,5.1,99.9,82.6,44.7,90.1,6,9.2,7.4,3696.5,31.3
STU1731,24,6.6,79.4,100.0,100.0,80.8,2,8.6,6.6,2472.88,19.7
STU1732,22,4.9,60.1,53.9,50.6,34.5,4,6.3,8.1,2023.48,14.6
STU1733,22,6.1,75.1,73.3,76.8,82.5,3,7.4,5.6,1836.17,38.9
STU1734,22,3.9,100.0,61.7,69.0,44.0,5,6.3,3.8,1450.49,2.6
STU1735,23,5.4,76.1,77.3,86.9,84.3,4,7.4,4.9,3685.48,1.4
STU1736,16,6.6,99.7,92.7,70.8,79.3,1,5.8,4.5,3612.0,6.7
STU1737,23,5.8,75.9,84.9,57.8,67.5,6,6.1,3.1,2490.13,8.6
STU1738,19,6.3,75.7,53.9,38.3,82.4,0,9.4,4.6,4599.43,32.0
STU1739,19,3.5,89.8,82.3,39.5,65.5,5,7.2,1.9,2517.6,26.8
STU1740,19,4.2,88.6,40.3,64.2,72.5,5,6.4,4.4,3087.18,11.4
STU1741,21,4.2,90.5,36.3,89.9,45.6,1,4.2,4.8,1726.42,9.7
STU1742,22,4.9,82.0,68.3,41.2,65.6,0,7.2,4.7,5450.36,7.2
STU1743,21,8.5,92.3,81.2,97.6,85.7,2,9.8,8.4,2777.78,18.7
STU1744,16,4.7,91.6,77.2,85.4,47.4,5,6.3,5.4,3214.25,15.7
STU1745,23,3.0,93.5,100.0,46.4,83.9,0,6.5,8.5,2610.86,7.5
STU1746,22,6.7,75.8,73.6,50.6,35.7,3,7.1,2.3,2640.77,10.2
STU1747,21,8.5,92.3,70.4,52.2,49.8,5,6.2,6.8,2962.27,6.9
STU1748,21,2.7,76.8,89.3,72.8,64.6,4,9.9,5.4,658.0,24.2
STU1749,20,9.8,80.4,66.4,67.1,72.6,6,8.3,4.8,3293.05,11.7
STU1750,21,6.4,80.2,77.8,66.5,60.3,1,7.9,2.3,1574.12,11.2
STU1751,24,7.8,72.0,78.7,59.9,59.8,0,9.7,5.7,2150.82,21.5
STU1752,24,8.7,64.6,57.4,70.9,88.8,1,9.2,9.5,1632.27,19.9
STU1753,23,7.6,94.2,77.8,81.4,90.2,4,7.1,5.9,4290.2,15.2
STU1754,24,5.3,75.0,100.0,65.9,62.8,2,6.6,4.9,1493.83,6.6
STU1755,23,8.2,79.3,89.0,57.4,63.3,6,6.6,5.3,2064.37,14.4
STU1756,23,6.1,74.7,59.4,83.9,65.1,4,6.3,6.2,1639.28,10.8
STU1757,16,7.9,79.4,100.0,64.5,100.0,2,6.7,8.1,1543.5,32.7
STU1758,20,8.1,76.9,82.3,76.8,70.3,1,6.3,4.3,1555.04,5.0
STU1759,19,3.1,94.8,78.4,66.4,96.7,2,5.5,5.4,1114.67,11.0
STU1760,17,7.2,76.1,70.5,85.4,82.4,5,3.9,5.0,1733.57,25.9
STU1761,23,5.1,99.1,82.2,87.7,68.2,2,8.4,4.1,2833.55,9.3
STU1762,18,5.8,93.4,73.7,87.2,59.0,2,3.5,5.4,1382.49,23.9
STU1763,19,5.8,77.3,72.3,59.2,83.2,5,7.5,8.1,2712.82,12.3
STU1764,22,5.7,85.2,70.0,59.0,56.6,2,8.3,3.7,3527.83,27.5
STU1765,24,8.9,87.2,86.6,82.0,63.4,5,7.6,5.7,2285.59,31.8
STU1766,17,2.5,90.4,84.9,67.0,81.2,5,6.8,5.8,1153.11,4.8
STU1767,18,1.7,91.4,69.8,67.5,65.9,6,7.3,5.0,796.79,33.1
STU1768,19,1.2,83.9,49.2,56.9,63.3,2,6.4,5.9,4230.85,12.1
STU1769,16,7.9,72.5,72.5,90.6,64.8,5,6.9,5.8,6816.53,10.5
STU1770,22,3.8,88.4,61.2,84.6,58.3,0,6.6,3.2,6251.01,3.0
STU1771,17,5.8,79.6,64.9,66.1,77.6,2,6.1,4.9,3040.89,30.8
STU1772,20,5.2,54.1,70.1,57.7,70.6,2,8.5,5.0,3058.34,10.2
STU1773,16,3.5,85.9,56.1,57.0,46.9,4,8.1,2.9,2169.23,15.0
STU1774,18,7.4,74.7,47.8,70.1,61.7,4,6.8,5.1,2144.85,10.6
STU1775,17,5.2,77.4,76.4,74.2,63.8,6,7.1,4.9,1557.69,23.7
STU1776,16,5.0,82.1,72.4,54.2,63.6,6,6.0,9.0,1442.26,26.1
STU1777,22,6.0,66.5,71.8,48.1,80.2,6,7.5,3.4,740.35,11.0
STU1778,20,7.1,83.4,79.7,69.3,58.1,4,6.9,7.0,3940.24,6.3
STU1779,16,3.4,78.8,62.1,81.8,100.0,2,6.6,5.9,3576.09,16.8
STU1780,21,7.4,73.2,77.0,69.2,93.6,4,7.3,7.1,1954.03,17.4
STU1781,20,8.7,82.5,92.1,64.0,93.5,0,7.1,3.4,5657.54,8.5
STU1782,18,2.4,65.1,68.2,49.9,52.4,1,5.9,1.2,10680.7,15.9
STU1783,22,6.1,82.8,100.0,57.9,35.5,4,8.2,4.8,949.85,12.5
STU1784,24,4.8,86.7,72.7,82.1,64.2,5,8.3,6.5,3614.08,2.6
STU1785,24,7.0,85.1,59.2,47.9,75.0,4,6.1,4.4,2465.53,11.1
STU1786,24,2.8,89.9,84.7,96.4,67.2,0,11.0,4.7,7120.02,11.0
STU1787,17,9.1,93.7,70.3,69.4,61.0,5,5.8,9.0,1783.25,16.7
STU1788,18,2.0,81.2,87.8,42.6,40.4,5,7.8,3.5,4985.99,8.1
STU1789,22,5.0,93.0,78.2,76.1,58.6,5,7.7,6.9,3911.86,12.4
STU1790,20,6.5,81.1,67.1,75.2,65.9,5,7.9,3.0,5289.08,19.1
STU1791,17,4.0,75.0,94.8,61.0,61.6,3,9.2,7.3,1561.13,21.4
STU1792,18,3.6,78.1,64.5,83.0,61.5,3,6.6,4.9,1945.71,14.5
STU1793,21,6.0,84.7,39.5,58.1,56.4,5,7.1,6.0,3522.39,15.8
STU1794,22,5.7,92.9,85.2,78.1,98.1,5,7.6,3.7,5216.12,5.6
STU1795,24,5.5,82.0,77.2,67.4,82.0,5,4.8,5.2,2887.77,19.3
STU1796,16,7.4,75.3,91.3,63.5,86.3,0,7.2,5.3,727.73,7.9
STU1797,22,4.6,96.4,58.8,89.5,74.6,4,7.5,2.2,5404.67,15.0
STU1798,23,6.2,67.7,68.3,83.7,47.3,1,6.1,4.0,5804.12,17.1
STU1799,18,4.4,75.3,66.6,50.3,82.6,6,9.8,5.5,1749.49,3.1
STU1800,19,3.6,90.9,86.0,74.1,92.9,5,7.3,3.5,4346.25,4.9
STU1801,21,4.9,99.7,81.8,98.3,95.4,6,6.0,5.4,3442.35,10.2
STU1802,22,4.4,86.8,75.2,89.9,80.6,4,6.3,4.6,1400.6,20.5
STU1803,19,4.5,84.5,75.3,53.5,70.0,0,6.0,6.2,4453.54,21.8
STU1804,23,8.1,79.1,54.7,93.5,70.0,6,6.0,4.7,2430.98,5.1
STU1805,20,4.9,87.5,83.5,82.9,78.8,0,7.4,9.8,1034.1,22.6
STU1806,16,4.0,83.3,83.8,51.2,42.1,5,7.6,1.1,4482.9,29.5
STU1807,19,5.6,74.5,100.0,71.3,80.9,6,7.6,3.4,9883.94,7.1
STU1808,18,5.7,78.9,79.1,75.6,61.7,2,7.9,6.4,559.44,7.1
STU1809,24,2.9,73.3,81.5,50.8,100.0,0,7.5,5.4,3049.79,3.3
STU1810,23,4.8,82.1,79.2,79.3,64.9,2,9.8,5.9,2972.55,2.3
STU1811,16,4.8,83.6,61.5,100.0,73.3,6,8.2,0.5,1180.68,26.2
STU1812,21,5.1,98.3,90.7,89.8,72.5,6,5.7,4.6,4871.57,18.0
STU1813,24,7.1,76.0,71.2,70.6,58.2,0,7.0,5.0,1229.49,20.2
STU1814,22,5.8,80.2,69.1,63.5,77.8,2,5.5,6.2,2641.06,20.9
STU1815,19,8.2,94.6,70.0,73.3,75.8,2,7.0,5.7,1536.86,23.6
STU1816,16,5.5,100.0,71.0,52.4,87.4,5,5.2,5.0,1283.4,5.6
STU1817,17,9.4,86.7,64.7,60.4,82.2,5,6.7,4.8,3182.29,24.1
STU1818,20,4.5,79.5,75.2,36.6,73.2,6,6.9,2.5,1574.1,3.1
STU1819,20,3.8,77.3,70.6,75.0,56.1,4,5.3,5.7,5746.57,6.9
STU1820,23,6.7,63.6,69.3,62.6,56.6,2,7.0,4.8,2535.76,5.8
STU1821,21,8.5,72.7,79.3,77.9,98.2,3,6.5,4.1,4373.01,16.2
STU1822,23,2.5,83.0,73.1,69.9,71.5,0,5.6,5.0,4200.44,9.2
STU1823,17,5.1,80.2,63.7,51.8,100.0,5,8.2,4.3,5414.57,12.4
STU1824,18,4.2,88.2,60.5,71.2,56.1,1,6.5,2.1,2069.59,19.2
STU1825,21,5.8,80.0,73.5,56.6,100.0,6,8.5,6.3,2309.76,8.4
STU1826,18,5.5,74.7,60.8,94.5,54.0,0,7.3,8.7,1403.83,9.9
STU1827,21,8.5,85.4,59.7,54.5,62.5,4,6.5,5.6,2737.53,3.4
STU1828,21,5.3,100.0,59.9,60.5,77.5,4,5.7,5.6,1486.95,22.0
STU1829,17,8.5,78.8,75.8,51.8,87.0,2,5.5,8.0,5230.8,2.9
STU1830,22,4.8,83.4,89.9,50.4,81.5,4,7.2,8.8,1377.95,30.8
STU1831,17,7.5,90.5,77.2,68.5,37.5,5,7.5,4.6,1883.55,10.0
STU1832,21,6.0,76.3,85.3,48.1,60.3,4,5.9,3.6,3562.68,12.5
STU1833,16,9.3,94.7,71.0,65.0,50.5,0,5.4,5.9,3470.5,10.4
STU1834,18,2.3,66.2,74.1,74.9,46.5,6,7.9,5.3,1187.74,21.6
STU1835,17,2.9,77.9,96.8,61.2,69.7,3,8.0,6.9,1692.18,11.3
STU1836,22,9.5,78.9,84.4,32.8,34.1,3,5.9,5.0,2046.44,28.1
STU1837,19,3.9,83.5,86.1,89.3,87.0,6,6.8,5.2,2241.12,4.2
STU1838,23,4.0,62.3,68.0,72.3,82.7,6,7.7,3.1,2841.65,5.6
STU1839,21,3.6,95.5,71.9,72.5,97.5,2,5.6,7.0,4083.27,27.1
STU1840,19,8.0,86.1,78.1,64.3,51.9,6,5.9,3.7,2281.62,9.4
STU1841,20,2.7,93.2,62.9,81.0,53.5,4,8.1,2.6,2656.7,9.8
STU1842,24,5.5,98.1,36.6,83.0,87.9,4,5.8,0.5,1500.7,16.6
STU1843,22,4.9,74.6,77.9,84.6,89.2,3,7.1,4.8,6633.99,12.3
STU1844,24,7.8,57.1,86.4,72.3,92.9,6,7.1,3.6,3267.19,41.9
STU1845,22,4.3,93.5,72.8,46.0,89.6,2,5.4,4.5,2077.19,5.8
STU1846,16,6.4,79.1,63.1,74.5,73.7,4,8.3,4.0,5558.27,23.6
STU1847,23,2.9,70.7,67.0,72.3,62.2,2,5.0,4.3,3180.67,23.5
STU1848,19,10.5,87.8,41.6,59.2,82.5,5,7.4,3.4,2884.23,7.6
STU1849,18,5.0,100.0,67.0,55.2,62.5,0,6.4,3.5,2507.79,5.2
STU1850,22,5.5,80.9,55.3,76.7,71.8,5,7.1,3.1,4838.92,14.8
STU1851,18,9.1,91.5,61.5,66.8,63.5,4,6.7,4.6,7133.6,10.5
STU1852,23,4.2,72.1,54.5,61.8,74.5,4,5.5,2.7,4786.01,24.4
STU1853,21,9.2,65.1,52.8,94.8,91.1,4,6.6,7.5,2553.31,12.6
STU1854,20,4.6,91.1,56.9,78.7,64.1,3,7.6,5.0,5971.04,9.1
STU1855,19,7.0,87.5,81.5,75.0,61.5,3,6.7,1.9,2110.35,5.7
STU1856,23,4.2,77.3,64.4,87.5,68.2,4,6.4,5.4,1409.14,17.1
STU1857,23,2.5,99.1,55.4,73.3,50.0,4,4.4,3.2,4232.11,1.7
STU1858,16,6.4,64.4,83.3,56.7,81.3,0,5.8,7.1,6376.51,5.0
STU1859,24,6.9,69.7,73.9,61.8,72.0,0,6.0,3.8,2499.51,10.6
STU1860,20,2.6,76.6,36.5,79.7,69.4,2,8.1,7.8,7298.93,8.6
STU1861,19,4.8,78.4,86.9,78.0,75.6,6,6.5,7.0,973.86,19.3
STU1862,21,8.1,96.7,73.1,75.1,44.9,2,7.7,12.0,2354.34,15.5
STU1863,21,6.8,82.5,83.6,49.8,93.8,3,6.0,5.2,1435.74,5.3
STU1864,17,4.6,80.1,68.6,81.0,61.2,1,4.3,6.4,1417.7,7.3
STU1865,23,4.2,69.3,96.1,67.0,63.6,0,8.3,5.0,2449.08,4.1
STU1866,22,9.8,92.9,66.3,77.6,84.7,2,6.0,5.2,7660.53,11.1
STU1867,16,2.3,70.6,32.5,54.7,80.4,6,8.2,7.5,5886.53,38.7
STU1868,20,5.4,69.3,58.7,99.5,100.0,6,6.7,6.5,6191.93,31.2
STU1869,21,2.3,78.0,79.5,72.0,53.6,0,8.8,4.8,3337.86,18.2
STU1870,19,8.4,83.6,74.4,61.3,54.1,0,11.0,7.6,2074.07,20.1
STU1871,17,5.5,74.8,70.2,78.3,49.7,5,7.6,7.0,3108.65,11.9
STU1872,19,5.9,89.1,57.2,81.7,72.3,1,5.2,8.1,995.95,23.0
STU1873,16,11.6,79.2,72.3,78.1,65.4,0,7.7,7.4,6824.91,8.0
STU1874,22,4.2,92.5,71.8,52.1,58.2,5,7.5,4.3,784.13,18.5
STU1875,17,9.3,87.1,71.6,86.3,68.9,6,5.4,4.1,2300.47,16.2
STU1876,17,4.6,99.9,80.1,62.5,52.5,1,6.1,4.1,2499.11,17.2
STU1877,24,5.0,77.6,74.7,67.7,96.3,6,6.4,6.6,4335.42,18.7
STU1878,20,11.3,90.4,68.2,32.7,58.1,5,7.5,7.7,3326.31,13.4
STU1879,17,5.1,64.1,57.0,60.6,60.3,6,5.8,7.1,3472.64,18.7
STU1880,24,2.5,100.0,92.4,60.5,29.4,5,5.6,2.1,542.68,16.0
STU1881,24,6.1,89.9,100.0,75.2,42.0,1,5.5,3.6,2242.03,6.6
STU1882,16,5.1,79.0,98.2,59.6,60.0,0,4.6,6.4,1656.02,19.4
STU1883,18,6.3,79.4,82.5,42.1,64.8,0,7.8,7.5,2754.66,6.3
STU1884,19,5.2,79.5,46.9,71.9,82.2,2,7.1,5.6,2294.47,8.0
STU1885,22,10.4,100.0,45.0,64.0,44.6,0,8.0,8.1,2886.94,11.2
STU1886,19,6.7,91.0,63.8,56.3,77.7,6,6.1,1.2,1151.5,38.5
STU1887,17,3.1,77.6,71.2,69.4,80.6,0,6.0,4.6,2670.86,19.6
STU1888,22,5.8,69.6,70.6,39.5,81.5,0,7.4,7.8,7795.75,6.4
STU1889,21,3.7,94.0,74.9,77.9,87.6,2,8.2,5.7,9975.5,25.2
STU1890,18,5.0,90.4,51.1,65.1,50.2,1,8.3,3.4,6013.52,4.0
STU1891,21,3.5,89.1,96.1,63.7,79.2,2,5.5,6.6,761.08,17.1
STU1892,21,10.1,81.2,94.6,83.2,100.0,6,8.2,5.3,2070.94,6.7
STU1893,20,4.0,79.0,52.3,59.4,93.8,6,9.0,4.1,1807.19,28.9
STU1894,19,7.0,98.9,44.1,72.1,100.0,0,7.5,1.9,2761.8,13.9
STU1895,16,4.8,99.8,70.7,65.9,74.1,4,8.5,6.4,5921.08,16.7
STU1896,21,3.0,88.4,90.9,100.0,59.9,0,7.7,2.8,2426.17,17.4
STU1897,17,5.9,91.7,71.5,75.8,27.0,2,5.5,9.3,1375.46,10.1
STU1898,18,6.4,84.4,75.9,49.7,48.9,5,8.2,1.4,5318.85,13.3
STU1899,23,6.7,68.3,65.4,96.0,61.1,5,7.5,5.1,3183.16,15.7
STU1900,21,0.5,72.2,74.2,84.7,64.1,2,5.7,6.5,4128.86,19.5
STU1901,18,2.8,93.5,86.2,68.7,56.5,3,6.3,3.0,4821.48,6.0
STU1902,22,7.6,94.7,78.2,61.0,75.8,6,7.5,3.6,2005.51,9.3
STU1903,19,3.5,92.5,80.6,46.8,73.3,5,10.1,6.7,1160.09,2.5
STU1904,24,5.9,85.5,47.1,74.9,70.7,4,9.3,3.1,2878.87,32.7
STU1905,20,2.7,92.9,100.0,57.2,83.3,2,4.4,8.8,1999.49,8.0
STU1906,18,7.1,81.4,47.2,53.9,62.0,5,7.0,5.1,2622.18,32.4
STU1907,17,7.5,88.2,74.3,80.4,88.6,5,8.9,4.2,6279.65,2.2
STU1908,17,7.1,80.0,69.7,92.7,49.5,1,6.5,8.2,2846.27,2.8
STU1909,18,7.8,71.4,70.4,60.4,64.8,0,6.3,2.9,8266.86,3.6
STU1910,17,8.9,90.6,85.0,80.9,75.4,5,6.3,8.5,3027.61,18.7
STU1911,19,2.9,94.8,61.4,71.4,37.4,5,8.1,3.0,2075.86,10.2
STU1912,17,3.8,100.0,65.5,73.7,61.4,1,7.5,7.5,1101.83,39.4
STU1913,24,7.5,84.6,54.8,54.9,82.1,6,7.7,8.7,2891.97,14.9
STU1914,17,8.0,71.5,88.8,64.6,62.7,2,6.7,4.8,1378.18,8.5
STU1915,24,4.0,78.7,76.0,50.5,39.0,2,9.3,4.8,3536.72,19.5
STU1916,21,3.9,80.6,81.6,48.4,54.9,1,6.6,4.4,2322.53,5.1
STU1917,16,4.1,83.5,84.2,76.3,47.1,1,8.1,3.4,2273.67,24.9
STU1918,19,2.0,86.7,100.0,59.6,78.4,3,4.3,5.2,2642.27,25.5
STU1919,16,2.7,85.6,99.3,53.4,72.0,0,7.0,6.8,2909.0,28.2
STU1920,21,2.8,89.8,76.8,48.6,43.5,1,6.4,6.2,2445.03,16.5
STU1921,19,4.9,84.0,74.4,43.8,42.2,0,7.1,6.0,10025.3,8.5
STU1922,18,6.1,59.7,64.0,36.7,57.7,5,4.9,3.5,1513.55,10.3
STU1923,18,6.5,84.3,83.2,69.8,70.5,4,9.1,2.8,4864.77,7.5
STU1924,24,4.4,82.9,82.6,26.0,58.6,2,7.2,8.5,5654.56,12.0
STU1925,21,4.4,87.5,61.1,75.5,76.0,1,9.9,2.3,1217.1,21.9
STU1926,24,5.8,78.4,82.8,75.4,75.4,4,8.0,4.7,2593.44,14.1
STU1927,20,2.2,84.2,87.1,66.4,79.0,2,7.3,6.5,3151.42,30.3
STU1928,17,7.6,87.6,55.2,69.2,46.0,3,7.0,8.0,2794.53,26.3
STU1929,23,8.3,80.4,74.8,63.4,65.3,2,7.9,5.0,2724.34,24.0
STU1930,20,4.1,88.8,71.0,71.6,88.3,1,8.0,5.5,3753.66,5.3
STU1931,17,4.6,82.7,71.9,71.4,58.6,4,7.7,4.1,639.89,23.4
STU1932,19,8.2,83.6,57.7,88.8,56.2,4,9.9,8.5,2344.92,8.9
STU1933,24,5.2,52.8,44.6,92.5,61.7,4,8.5,7.7,1902.4,18.6
STU1934,19,6.8,70.6,60.7,92.0,61.3,2,6.2,3.0,1566.33,13.3
STU1935,19,5.3,70.6,58.6,55.2,72.1,0,6.0,6.3,4427.05,5.8
STU1936,17,8.9,84.2,77.3,80.1,60.1,6,7.6,4.8,4889.94,6.5
STU1937,21,6.6,94.7,77.5,76.1,35.7,0,7.2,5.6,5234.16,14.3
STU1938,17,6.7,80.8,76.7,57.6,90.2,2,7.4,3.4,4347.76,10.1
STU1939,22,6.7,90.5,51.0,53.8,78.6,1,4.9,1.1,1148.16,6.3
STU1940,18,4.3,88.5,55.2,62.0,72.5,2,8.2,2.8,2748.22,25.2
STU1941,18,4.5,83.4,62.7,51.0,68.4,0,6.5,3.9,5142.28,5.1
STU1942,20,7.2,87.7,72.3,45.8,64.5,2,9.9,4.0,486.25,2.8
STU1943,18,5.8,84.5,67.0,76.0,56.4,4,7.3,0.5,7192.28,22.6
STU1944,17,2.9,80.6,76.7,68.5,38.1,1,6.9,5.6,1106.32,7.0
STU1945,24,9.6,85.9,86.6,68.4,97.7,6,7.6,2.2,1402.09,3.8
STU1946,17,7.7,96.5,57.0,82.8,70.4,1,6.1,4.9,4113.47,17.4
STU1947,17,5.6,86.7,57.6,64.9,42.6,3,9.2,2.6,8875.02,11.3
STU1948,23,4.9,84.2,74.0,81.3,52.6,6,10.1,1.4,1362.26,22.6
STU1949,24,5.9,73.2,70.8,56.2,75.2,2,8.0,4.9,1500.37,32.0
STU1950,22,6.6,96.2,83.2,56.1,74.8,5,7.9,4.6,5652.7,2.0
STU1951,18,1.0,67.9,72.1,68.2,57.3,5,6.2,5.2,2782.01,10.1
STU1952,24,10.1,64.9,98.1,100.0,51.7,6,7.0,8.2,2127.62,3.6
STU1953,18,3.8,85.7,48.2,88.6,60.3,6,7.7,6.4,2865.27,20.3
STU1954,20,5.5,73.2,84.6,85.6,37.2,6,5.5,8.9,10342.02,7.6
STU1955,24,5.6,92.9,75.0,46.0,61.9,5,9.1,4.4,4123.64,3.9
STU1956,18,9.9,65.2,51.0,70.3,62.1,4,5.0,3.6,3149.46,9.1
STU1957,22,5.3,91.6,41.0,81.1,96.0,5,4.3,5.9,3644.31,26.4
STU1958,16,9.0,90.2,55.1,100.0,62.3,2,9.3,8.7,3275.48,5.7
STU1959,19,6.4,83.2,90.1,41.1,74.3,3,8.0,2.8,4526.54,9.6
STU1960,19,3.4,61.0,88.4,79.7,97.2,3,5.8,7.8,1651.08,4.7
STU1961,22,5.8,64.8,70.1,85.0,51.9,2,7.2,6.0,2391.78,24.1
STU1962,23,5.2,84.4,66.6,75.2,59.4,5,7.3,4.1,2467.9,4.2
STU1963,16,3.1,79.7,59.2,46.4,60.8,2,7.1,8.0,1368.99,27.6
STU1964,20,6.3,89.3,69.2,72.1,41.5,6,5.7,2.6,1224.37,16.6
STU1965,22,5.5,81.3,64.9,74.9,65.6,6,7.4,6.3,6196.44,38.1
STU1966,19,6.7,80.4,97.6,70.8,89.8,2,8.5,4.6,3962.94,4.0
STU1967,19,5.9,57.7,53.5,57.0,84.4,6,4.8,7.2,7893.0,15.7
STU1968,19,4.1,90.2,77.9,55.1,90.1,0,6.4,5.7,3470.61,1.7
STU1969,21,7.2,75.5,98.4,75.3,59.2,3,5.5,7.2,3077.53,1.9
STU1970,22,4.1,78.0,83.6,57.2,50.8,1,6.0,5.1,2189.92,17.7
STU1971,17,0.5,71.3,55.1,57.5,100.0,5,7.5,4.1,4814.63,4.6
STU1972,20,5.8,66.6,48.9,65.8,73.7,5,5.3,4.8,1092.99,8.6
STU1973,19,4.3,96.7,76.1,70.6,42.6,0,9.3,5.4,3047.38,23.4
STU1974,18,6.3,90.0,74.3,84.6,100.0,4,7.1,5.7,4559.84,21.4
STU1975,22,9.9,90.1,90.5,48.9,68.5,1,6.5,6.4,2366.51,12.5
STU1976,21,10.0,79.8,80.2,47.3,19.9,1,4.5,5.0,3330.13,15.8
STU1977,22,5.1,64.6,64.7,61.9,94.7,1,7.2,6.4,7001.82,39.9
STU1978,20,3.7,100.0,63.7,39.2,30.7,6,7.1,9.4,2153.11,14.4
STU1979,21,6.8,86.2,52.4,77.4,74.9,3,5.3,3.6,3284.28,20.1
STU1980,20,4.7,83.4,73.9,36.1,84.3,4,5.7,7.0,4861.93,14.9
STU1981,22,6.4,78.4,50.9,79.3,81.6,0,9.2,3.6,2032.45,5.0
STU1982,17,4.0,61.6,85.6,85.7,96.5,6,6.5,3.1,1239.85,5.5
STU1983,20,6.1,93.4,80.8,72.2,87.3,4,7.1,7.9,4016.96,9.0
STU1984,21,3.7,71.4,80.4,38.3,100.0,5,7.7,3.2,2695.26,16.0
STU1985,21,8.1,87.5,52.2,69.7,68.4,0,6.8,4.9,2457.22,37.8
STU1986,20,4.2,89.7,69.8,55.3,63.0,6,8.8,3.4,2791.89,20.8
STU1987,22,7.0,85.3,66.2,48.8,64.1,3,6.0,9.8,1159.61,4.9
STU1988,23,2.7,86.7,73.5,77.3,93.4,5,6.4,4.9,2125.19,21.1
STU1989,22,7.2,95.5,79.9,80.3,59.1,4,6.5,2.8,3977.84,17.2
STU1990,20,3.4,74.1,64.3,88.6,84.4,1,6.0,3.3,2495.67,8.1
STU1991,16,6.1,83.6,64.9,63.4,55.4,4,5.9,9.2,1787.59,10.7
STU1992,20,7.8,79.7,82.2,70.8,55.7,5,7.0,4.6,1546.02,1.9
STU1993,17,5.1,63.6,55.1,94.6,90.1,6,8.8,4.8,2983.16,31.3
STU1994,20,3.2,84.9,60.8,100.0,77.4,6,5.5,8.0,4319.64,9.4
STU1995,20,6.6,94.5,72.1,85.3,33.3,3,6.8,7.5,4870.46,8.4
STU1996,17,3.6,95.8,85.5,62.4,55.5,3,8.0,3.2,1741.7,24.6
STU1997,20,4.6,100.0,57.5,68.1,26.3,3,9.6,3.4,7188.59,6.3
STU1998,19,6.1,64.3,98.8,65.1,63.6,0,8.2,3.9,2692.02,14.9
STU1999,16,8.5,98.3,51.7,79.3,65.4,4,6.7,4.3,861.1,14.6
STU2000,18,5.6,83.8,95.3,54.9,61.9,1,6.3,6.7,2700.8,9.8
STU2001,16,5.6,98.0,90.0,73.1,90.5,6,8.5,4.8,1302.43,6.2
STU2002,20,7.1,78.1,50.5,73.2,77.0,1,8.1,4.4,3261.99,16.5
STU2003,19,5.6,76.7,47.5,74.1,100.0,2,7.0,5.0,2995.37,8.9
STU2004,22,6.9,69.8,82.8,51.6,79.1,3,6.7,3.9,928.92,18.6
STU2005,20,7.9,89.8,66.3,72.0,79.4,5,9.6,8.1,6365.11,14.3
STU2006,19,4.8,87.1,56.9,96.3,74.6,1,9.4,3.6,1643.76,7.6
STU2007,17,0.5,70.8,99.2,60.7,65.4,3,7.5,5.1,766.6,26.3
STU2008,19,3.7,60.4,54.1,72.2,59.0,1,7.3,6.2,5747.68,1.9
STU2009,17,8.2,86.2,61.1,38.5,66.0,4,5.5,6.3,3717.99,11.2
STU2010,23,5.4,87.3,62.9,72.0,66.8,2,7.1,4.2,2116.74,2.9
STU2011,18,4.8,72.1,30.0,71.5,68.4,3,8.6,7.2,2579.92,25.8
STU2012,24,8.1,70.1,73.4,69.9,80.8,0,4.5,9.3,2317.6,16.9
STU2013,19,5.3,88.6,58.3,79.7,75.1,0,7.8,8.6,891.52,15.4
STU2014,21,0.9,100.0,84.2,63.5,61.2,1,7.9,0.5,1007.45,9.7
STU2015,20,2.2,77.1,86.1,86.8,57.5,6,7.9,4.8,4642.65,13.2
STU2016,16,6.4,73.2,75.5,53.9,73.8,4,6.2,3.7,3269.17,9.6
STU2017,24,5.4,85.0,75.6,91.1,54.2,5,6.6,6.1,4532.75,22.4
STU2018,16,8.7,88.4,74.5,71.4,62.7,6,6.2,7.1,5480.9,10.6
STU2019,23,3.9,78.4,61.5,66.9,61.0,3,9.6,2.7,290.97,4.0
STU2020,24,4.8,100.0,62.8,45.1,100.0,2,9.0,6.7,1918.01,1.5
STU2021,24,3.6,91.0,91.8,50.2,48.3,4,7.5,4.9,1179.97,43.3
STU2022,16,4.4,78.2,83.0,73.6,56.5,1,7.0,4.5,2300.44,13.3
STU2023,17,1.3,66.1,75.1,56.5,60.6,4,7.0,6.1,749.81,25.1
STU2024,16,4.7,95.2,81.0,83.9,62.3,2,6.6,4.7,3686.18,18.0
STU2025,17,5.4,93.9,71.1,72.6,87.0,4,4.6,7.3,3840.14,21.7
STU2026,23,5.2,79.0,74.8,45.2,65.7,3,7.1,4.2,10959.81,15.6
STU2027,20,10.2,85.5,80.9,80.2,47.5,1,9.6,7.7,2342.4,19.0
STU2028,22,9.5,80.5,40.9,65.4,94.3,2,7.4,5.0,3882.66,8.8
STU2029,17,3.8,87.2,85.6,67.3,74.5,1,6.2,0.5,4697.33,31.5
STU2030,23,1.0,71.8,84.5,84.7,77.1,5,7.3,3.4,7641.26,14.9
STU2031,21,5.3,70.3,60.3,45.7,81.1,3,6.7,4.8,1198.32,17.5
STU2032,23,6.3,90.1,90.7,50.0,49.1,2,5.7,5.7,4473.62,12.2
STU2033,16,3.6,91.4,38.7,73.2,69.9,5,5.5,4.8,3237.14,7.0
STU2034,16,3.7,77.1,77.3,40.8,84.0,5,7.0,3.6,873.89,6.9
STU2035,22,9.0,74.5,72.6,58.3,59.1,5,5.1,8.6,3387.55,25.2
STU2036,23,4.9,93.5,67.4,83.7,75.2,2,7.0,7.8,4048.38,1.7
STU2037,18,7.0,74.8,72.3,66.3,79.2,1,6.9,2.6,835.2,17.2
STU2038,20,3.5,82.6,80.7,46.0,45.2,4,7.9,3.3,2379.18,10.2
STU2039,16,5.4,81.3,44.9,71.0,52.4,4,6.8,5.6,2630.87,11.3
STU2040,22,4.8,67.3,87.0,61.5,31.2,5,5.6,4.7,2578.83,20.8
STU2041,20,4.0,83.9,65.8,56.8,73.9,0,7.2,0.5,3752.79,9.2
STU2042,23,8.0,82.9,87.2,100.0,100.0,0,8.4,3.6,1693.06,12.0
STU2043,23,2.4,85.6,81.7,77.2,58.2,2,6.3,6.5,1227.21,8.4
STU2044,24,6.2,83.6,65.5,63.5,66.7,1,9.1,5.2,3432.03,23.6
STU2045,22,4.7,100.0,70.8,82.4,87.2,2,7.1,3.1,6945.51,28.1
STU2046,16,6.4,93.6,71.7,63.3,74.5,1,6.5,3.9,6620.81,16.5
STU2047,18,4.7,82.4,96.1,59.7,53.4,3,6.2,4.6,11822.04,5.8
STU2048,23,7.4,83.3,54.9,72.8,95.9,0,7.3,10.1,1964.97,21.6
STU2049,18,3.4,99.6,65.4,76.1,73.4,2,6.9,5.1,2241.58,5.3
STU2050,23,8.0,90.6,48.3,82.8,66.1,6,5.3,3.6,617.17,8.8
STU2051,16,5.4,69.7,73.9,90.8,67.5,3,9.1,8.6,1675.54,17.5
STU2052,20,2.6,91.5,62.6,87.0,80.0,4,6.6,6.2,894.98,2.0
STU2053,19,7.0,94.4,64.5,81.7,59.6,0,9.1,3.4,1997.46,13.9
STU2054,20,5.1,98.2,94.3,83.3,96.7,1,5.6,5.0,6058.82,21.3
STU2055,23,1.7,78.0,59.6,87.0,91.4,5,8.3,4.6,4994.97,9.3
STU2056,19,6.2,77.3,69.6,79.4,70.1,4,8.8,6.1,2017.93,13.2
STU2057,19,7.7,72.6,65.1,42.6,71.0,4,8.7,2.5,1720.38,7.4
STU2058,18,8.3,85.1,66.1,76.0,55.6,3,7.5,2.6,1474.37,15.5
STU2059,22,4.7,89.3,100.0,90.0,59.2,6,8.3,4.5,4379.95,52.5
STU2060,18,5.8,76.9,46.0,55.2,50.7,2,7.6,3.2,2038.93,13.1
STU2061,18,5.6,80.6,81.7,61.7,66.5,5,5.7,7.0,2967.89,19.2
STU2062,20,8.8,61.5,100.0,67.0,71.1,2,7.5,2.9,3862.44,11.9
STU2063,20,3.7,97.1,88.2,71.0,43.0,3,5.6,9.8,4048.81,27.6
STU2064,21,4.5,66.4,72.7,59.1,81.7,4,5.4,4.7,409.0,22.4
STU2065,23,3.7,85.7,54.4,68.9,55.2,0,7.4,5.3,3599.55,28.5
STU2066,21,2.3,84.4,91.6,76.2,77.0,4,6.2,5.7,2666.71,4.0
STU2067,16,6.0,82.5,86.1,35.8,83.7,3,9.1,4.9,774.43,14.2
STU2068,23,9.0,82.7,49.1,69.2,92.2,4,9.2,7.4,6136.87,7.2
STU2069,23,5.1,71.9,67.2,61.9,88.6,5,10.6,5.3,2843.0,37.3
STU2070,24,3.6,78.7,53.9,40.7,98.2,4,5.2,4.0,913.8,22.2
STU2071,24,5.9,91.7,29.1,77.0,83.9,4,5.5,2.3,1712.08,13.6
STU2072,17,6.8,94.7,53.6,73.0,72.9,4,8.1,5.8,2180.4,22.0
STU2073,17,5.2,77.8,73.6,70.6,62.0,0,6.6,6.8,13662.04,8.2
STU2074,18,8.6,66.4,80.7,77.8,68.0,1,6.1,2.5,1416.48,11.3
STU2075,16,3.7,74.2,67.1,73.1,97.7,1,6.5,4.2,1597.62,18.6
STU2076,19,4.9,100.0,92.6,56.2,66.6,2,6.9,6.9,2810.17,18.8
STU2077,19,6.2,74.8,87.4,79.6,69.9,1,7.9,3.3,10054.05,21.0
STU2078,24,6.4,81.0,70.1,82.3,95.1,1,4.6,3.3,2150.14,7.2
STU2079,24,5.6,96.2,68.2,50.6,66.0,1,7.5,4.7,1869.95,29.4
STU2080,24,2.7,76.7,77.7,82.1,56.5,6,6.8,7.6,2810.19,5.5
STU2081,22,10.6,80.3,71.7,63.5,89.3,4,6.0,6.8,2017.47,16.6
STU2082,17,5.0,89.9,50.6,77.8,55.9,6,8.8,7.6,1998.41,5.8
STU2083,20,5.7,99.1,67.6,70.4,76.9,4,6.4,3.0,4673.24,7.7
STU2084,19,6.9,75.5,82.0,65.2,73.9,5,6.6,3.7,1809.71,19.7
STU2085,23,4.1,95.9,91.7,76.6,75.4,0,6.6,4.6,1989.89,9.0
STU2086,17,5.6,79.2,86.4,62.7,28.9,6,9.0,4.4,4789.45,18.0
STU2087,21,4.0,73.1,77.0,85.3,83.3,4,7.1,3.4,987.49,27.0
STU2088,20,6.4,84.5,93.9,87.9,69.0,4,6.9,6.0,1995.28,11.8
STU2089,17,4.9,70.4,78.4,59.2,80.5,1,8.1,1.7,847.42,22.6
STU2090,16,6.1,86.7,70.7,65.3,78.5,0,4.1,5.3,1807.67,17.5
STU2091,23,3.2,100.0,94.2,62.0,75.4,0,7.3,8.3,1990.39,16.8
STU2092,17,3.7,93.1,82.8,74.0,63.2,1,7.3,5.2,2012.31,3.8
STU2093,22,2.5,81.0,91.5,89.0,63.4,6,8.1,3.3,1939.87,3.6
STU2094,24,3.9,92.5,54.2,41.3,69.1,1,7.4,2.4,3000.66,19.7
STU2095,24,0.5,72.7,59.1,45.3,72.9,0,5.5,5.7,1208.85,5.4
STU2096,23,4.8,74.4,59.7,66.7,62.8,3,4.8,8.5,3221.51,31.6
STU2097,24,4.3,81.2,74.7,71.0,86.0,1,7.8,5.4,1799.12,9.0
STU2098,17,5.8,82.9,99.4,52.9,64.4,1,6.4,4.3,4092.31,16.1
STU2099,21,5.6,69.1,54.9,70.9,53.3,0,6.6,3.5,2400.73,8.6
STU2100,19,8.3,78.9,85.6,56.1,80.1,6,5.9,2.0,1701.56,6.0
STU2101,19,11.2,80.6,54.0,60.9,100.0,3,7.0,5.5,1066.65,7.9
STU2102,20,8.0,97.4,100.0,88.3,50.2,5,6.9,1.8,3031.32,39.6
STU2103,18,4.5,69.1,48.1,62.5,67.9,3,5.4,6.8,2206.35,38.8
STU2104,16,4.4,68.1,83.1,62.2,88.1,2,8.0,6.3,6469.1,5.2
STU2105,23,7.4,83.8,85.2,70.1,79.7,3,6.1,4.6,6795.98,33.0
STU2106,20,1.8,93.5,81.3,85.5,80.6,1,8.9,6.3,1822.55,12.7
STU2107,18,4.8,87.5,58.8,67.3,70.5,4,7.3,5.3,540.07,10.1
STU2108,22,5.0,85.0,56.2,59.1,24.8,0,6.9,6.3,4448.37,5.4
STU2109,22,6.8,79.1,91.1,77.3,74.4,5,5.0,6.8,1768.98,51.5
STU2110,16,6.9,88.8,87.7,81.0,76.3,1,7.7,4.5,1991.26,9.3
STU2111,24,3.9,90.3,87.5,86.3,89.1,5,6.9,2.4,5434.93,11.3
STU2112,17,4.6,79.4,89.3,67.4,57.2,0,7.2,9.5,3133.22,9.3
STU2113,20,6.5,72.5,49.0,75.6,98.6,5,8.7,4.6,4338.21,15.7
STU2114,20,3.7,72.6,48.5,80.6,64.7,3,8.1,4.1,4990.12,8.1
STU2115,23,8.2,90.8,61.9,70.9,61.8,0,8.4,5.9,2240.94,28.9
STU2116,23,6.8,66.6,64.8,89.1,57.7,1,3.9,4.6,3900.26,25.7
STU2117,22,5.9,98.8,63.2,78.4,87.8,4,6.7,2.5,2677.4,17.8
STU2118,22,6.4,77.4,76.2,98.1,51.4,1,4.9,2.6,3549.9,16.4
STU2119,21,4.5,85.1,88.7,82.7,80.7,6,7.6,3.2,2766.25,13.4
STU2120,21,4.1,89.0,67.6,37.2,56.3,2,4.6,5.7,6054.4,10.6
STU2121,24,4.6,75.2,59.8,61.6,69.2,0,8.4,3.6,1087.09,7.2
STU2122,21,6.6,77.4,84.2,42.1,44.1,1,9.0,6.9,1885.63,20.4
STU2123,17,5.9,83.3,67.8,57.8,83.4,3,6.8,4.7,2359.5,21.7
STU2124,17,4.6,73.5,73.6,62.1,67.4,3,7.4,4.8,2704.1,37.0
STU2125,20,7.1,71.3,67.0,81.9,79.5,6,9.0,5.1,1086.09,14.3
STU2126,19,5.1,72.2,77.1,61.0,67.0,5,9.7,2.9,1541.77,9.9
STU2127,17,4.0,94.1,56.8,90.3,79.0,1,9.2,7.6,2560.76,15.7
STU2128,18,6.1,86.0,82.9,57.3,69.2,5,7.7,5.6,1755.64,11.6
STU2129,22,3.3,74.1,71.5,63.4,82.6,2,9.1,4.7,819.92,14.9
STU2130,23,1.8,90.7,60.5,48.2,79.1,0,5.7,3.9,1972.45,5.4
STU2131,21,5.5,74.6,80.0,91.1,73.3,2,6.1,3.9,1136.03,14.5
STU2132,20,4.1,62.5,60.5,93.3,54.7,4,8.2,2.7,3694.76,3.5
STU2133,16,4.9,89.0,61.2,65.9,62.6,6,7.0,2.3,3027.69,32.1
STU2134,23,3.4,98.5,54.0,44.3,56.9,5,7.9,2.3,4489.6,9.5
STU2135,18,8.2,87.6,46.4,64.7,94.3,1,8.2,7.1,2862.64,18.4
STU2136,21,4.0,63.1,80.0,71.7,83.3,5,8.2,3.5,1244.13,21.1
STU2137,18,4.5,81.8,89.5,57.8,70.6,2,4.6,2.8,323.46,6.9
STU2138,22,6.3,79.3,65.2,100.0,60.4,6,7.9,7.6,5255.57,3.3
STU2139,22,2.5,85.8,60.0,97.2,56.6,4,6.2,5.1,1894.78,34.4
STU2140,24,2.3,73.5,44.8,40.0,72.1,2,7.3,2.7,585.85,8.7
STU2141,20,6.3,78.7,39.4,49.5,100.0,4,6.4,6.1,6925.11,13.6
STU2142,23,4.5,67.8,82.9,75.3,70.1,6,6.5,7.9,3638.19,8.4
STU2143,23,3.5,84.2,42.4,50.8,90.4,3,6.2,6.4,6861.09,9.0
STU2144,16,6.8,68.2,54.8,70.9,74.7,3,8.0,5.3,3300.68,9.9
STU2145,20,3.7,86.4,76.3,68.2,79.6,1,6.8,5.9,3850.98,19.6
STU2146,18,4.9,74.5,73.3,67.4,61.9,2,6.7,7.4,1796.37,10.7
STU2147,16,3.5,50.6,76.9,84.3,66.6,3,6.6,8.5,3970.23,3.0
STU2148,19,6.2,89.9,72.1,96.9,55.9,5,7.8,3.1,8799.45,22.8
STU2149,23,8.4,86.9,66.6,74.3,75.2,6,5.9,5.0,4287.47,9.8
STU2150,18,1.4,95.5,54.9,48.6,65.9,0,9.1,6.2,1983.19,11.5
STU2151,17,5.7,61.1,62.5,70.3,76.1,6,6.1,5.3,1066.78,47.1
STU2152,24,7.4,75.5,67.7,58.7,53.3,5,6.4,6.1,5261.03,13.2
STU2153,20,4.6,83.3,43.6,99.9,77.7,3,7.0,9.4,2597.02,13.7
STU2154,22,3.0,87.7,60.2,79.1,72.9,3,7.6,4.5,2671.83,29.7
STU2155,17,6.4,67.4,66.4,74.4,72.3,2,6.8,2.2,690.52,7.0
STU2156,24,7.7,86.3,61.7,78.4,76.6,4,6.7,8.7,658.81,41.5
STU2157,24,7.5,76.3,66.9,67.4,66.0,0,8.4,8.5,2642.74,2.9
STU2158,19,6.3,63.4,82.0,88.0,100.0,0,4.0,6.1,1393.49,22.6
STU2159,19,5.7,74.5,83.9,58.9,78.0,4,6.3,4.0,2864.48,22.5
STU2160,21,3.5,87.1,94.7,83.4,71.8,2,5.9,6.7,4645.91,10.2
STU2161,21,7.4,63.9,49.4,93.5,82.6,3,6.5,5.1,1729.32,7.8
STU2162,16,7.3,88.4,65.7,55.0,61.1,4,8.8,4.4,2910.02,12.2
STU2163,24,3.0,84.8,90.4,73.4,60.6,6,6.1,3.6,2317.01,5.8
STU2164,17,6.3,79.5,45.8,74.7,83.6,6,6.9,5.0,17032.91,6.4
STU2165,20,6.9,65.6,54.4,50.8,85.1,6,7.7,6.1,1773.87,6.6
STU2166,24,7.4,66.5,62.8,46.1,90.3,0,6.0,5.3,1588.32,8.1
STU2167,19,5.3,78.0,100.0,53.3,45.8,0,4.0,6.8,1859.95,9.9
STU2168,18,3.6,70.8,57.4,67.2,67.9,6,3.7,4.6,5328.93,23.2
STU2169,22,4.4,78.7,88.3,74.7,75.6,6,8.7,4.2,1811.67,10.0
STU2170,21,3.3,91.1,71.6,62.1,82.2,6,7.6,5.8,4044.9,27.4
STU2171,23,5.4,79.3,54.8,98.9,79.0,3,6.6,5.2,2557.93,14.9
STU2172,18,5.0,79.0,100.0,84.4,55.5,3,6.6,8.0,2603.22,12.4
STU2173,20,10.2,79.0,74.9,75.2,78.8,1,5.9,4.3,7075.13,2.6
STU2174,19,7.5,92.1,77.6,61.1,75.5,5,7.2,4.0,772.87,13.8
STU2175,19,7.6,94.9,80.0,69.1,75.4,4,7.9,4.7,2725.65,6.9
STU2176,19,6.5,86.2,78.9,85.6,51.4,3,5.8,4.2,3933.54,11.2
STU2177,23,4.7,83.4,100.0,82.7,54.1,1,7.3,3.7,3228.9,21.4
STU2178,21,4.9,84.3,98.8,82.5,100.0,2,5.9,1.7,963.99,9.0
STU2179,18,5.1,96.3,58.0,63.1,86.8,6,6.9,2.7,1191.97,18.2
STU2180,20,5.9,86.8,100.0,59.6,68.9,0,6.3,4.8,2995.61,15.2
STU2181,21,6.4,97.2,61.5,45.2,69.2,4,8.2,2.4,547.86,19.6
STU2182,20,5.5,77.8,76.8,76.5,100.0,5,7.0,6.1,1771.94,5.9
STU2183,21,4.9,68.6,50.2,43.7,70.8,2,5.5,5.7,1123.7,22.3
STU2184,23,4.2,75.3,87.5,67.8,68.0,4,6.9,3.7,2833.54,11.1
STU2185,22,2.4,76.4,67.4,61.3,56.5,4,8.3,4.9,2257.18,50.0
STU2186,20,8.3,98.0,54.8,71.6,66.0,3,5.4,4.6,3198.44,7.4
STU2187,21,10.4,89.4,89.8,86.6,41.4,1,6.6,1.4,1422.78,5.6
STU2188,19,8.1,75.6,93.5,89.7,78.9,4,6.5,5.9,2970.78,16.5
STU2189,24,2.7,90.1,94.1,79.2,91.4,5,7.3,3.8,2506.03,4.1
STU2190,19,7.2,80.7,49.2,55.8,91.6,2,6.7,3.1,1430.6,13.2
STU2191,16,7.8,98.3,95.6,67.6,58.1,5,7.5,6.4,5093.3,24.4
STU2192,22,4.6,78.7,67.5,54.0,31.0,4,6.1,5.5,3938.5,17.1
STU2193,22,6.6,66.6,100.0,57.5,75.8,5,6.8,6.8,1651.35,4.2
STU2194,19,4.5,80.1,81.4,75.7,92.4,5,6.7,4.8,1498.25,19.6
STU2195,18,8.9,78.7,75.8,52.4,42.7,6,9.3,5.4,4571.96,13.3
STU2196,23,6.3,68.6,72.1,60.7,63.6,1,7.4,6.6,876.77,12.8
STU2197,20,3.5,87.9,71.8,50.9,76.1,0,8.1,8.4,1079.06,7.7
STU2198,22,7.0,96.2,61.8,78.5,55.7,4,9.4,4.4,3415.53,7.4
STU2199,19,7.8,70.8,56.0,62.2,40.6,2,7.3,5.5,8134.09,2.4
STU2200,19,5.9,91.7,66.6,32.5,57.4,6,6.7,6.1,1687.84,12.8
STU2201,23,6.6,75.9,89.9,94.1,60.3,6,5.7,6.1,1818.42,6.0
STU2202,23,5.3,81.8,51.1,84.2,37.9,0,5.4,4.0,2167.42,35.7
STU2203,17,3.0,80.7,92.1,35.8,88.2,5,4.2,4.8,1837.65,16.3
STU2204,17,5.2,81.8,74.2,79.8,96.4,0,8.2,6.1,1893.58,11.4
STU2205,18,6.7,86.7,83.7,92.4,70.5,3,7.6,5.4,1678.32,21.2
STU2206,18,5.2,71.8,84.5,65.0,82.4,3,6.7,8.8,2824.01,10.0
STU2207,16,7.3,94.9,85.9,70.4,44.9,4,6.7,4.4,3924.52,10.6
STU2208,18,4.6,87.0,72.3,62.9,67.6,6,5.7,3.4,2770.65,7.6
STU2209,21,4.8,90.4,72.8,76.3,60.2,2,7.6,6.0,2249.67,15.0
STU2210,23,7.3,74.2,85.4,84.5,77.0,3,6.2,3.1,1684.28,30.8
STU2211,21,6.0,70.9,56.4,48.9,24.1,5,6.7,4.1,1164.05,18.5
STU2212,20,4.6,93.8,54.1,56.7,64.8,1,5.6,5.2,1074.78,4.9
STU2213,19,7.8,70.4,65.0,69.6,80.7,1,5.8,4.9,944.07,15.9
STU2214,18,4.0,83.5,76.3,73.0,74.0,5,8.2,4.9,3769.43,57.4
STU2215,19,3.9,92.2,100.0,74.5,83.3,0,8.4,3.9,1712.23,6.7
STU2216,22,0.5,80.7,72.7,64.9,59.8,5,5.4,5.7,3236.06,10.3
STU2217,16,4.3,93.7,100.0,53.9,22.0,0,7.8,9.3,1571.7,11.2
STU2218,22,8.4,79.3,79.7,83.8,88.7,0,6.0,6.7,2383.79,13.3
STU2219,16,0.9,69.2,65.2,48.5,82.9,1,6.4,1.3,2005.84,33.0
STU2220,17,3.4,85.7,89.2,60.1,96.7,3,8.6,4.2,6952.05,21.9
STU2221,19,6.5,84.0,68.4,68.3,71.3,5,6.6,6.1,1834.33,16.3
STU2222,16,0.6,100.0,75.8,75.8,77.1,3,6.6,2.0,4321.97,2.7
STU2223,24,4.4,72.5,52.0,63.3,100.0,4,4.9,0.5,1008.35,33.1
STU2224,21,8.0,79.5,49.4,80.0,38.5,2,6.6,3.6,6027.46,4.7
STU2225,16,10.0,74.7,80.3,88.0,77.6,1,6.2,3.4,4285.98,3.9
STU2226,16,6.1,80.6,88.6,58.0,90.7,6,7.6,8.3,1706.31,16.5
STU2227,21,3.5,80.2,100.0,74.3,73.6,0,6.3,5.7,1689.38,10.9
STU2228,19,3.4,73.3,59.9,71.9,71.1,2,8.6,4.7,5426.89,28.3
STU2229,19,5.8,86.7,94.0,62.5,44.8,0,7.5,4.4,4578.24,8.2
STU2230,21,6.1,79.9,91.7,37.5,94.9,2,7.3,5.9,2144.46,3.1
STU2231,22,9.6,95.5,64.6,73.7,88.2,2,7.9,5.4,1429.69,7.1
STU2232,24,7.6,75.5,92.8,75.4,91.8,3,7.3,5.9,5031.01,19.1
STU2233,20,5.7,100.0,86.2,85.4,69.6,6,7.9,5.6,1839.68,21.9
STU2234,24,4.8,84.8,89.1,62.6,64.5,4,6.8,7.1,3109.29,22.2
STU2235,19,12.0,94.7,100.0,57.3,69.9,4,6.9,5.1,1726.13,7.8
STU2236,17,6.9,83.2,88.5,53.4,98.9,0,6.0,6.6,2167.35,20.8
STU2237,18,4.0,74.2,39.9,20.0,65.6,1,6.1,5.7,8619.73,2.8
STU2238,16,5.0,79.4,76.8,61.5,95.2,4,8.7,5.4,2378.61,3.8
STU2239,21,3.6,68.1,48.5,100.0,67.5,1,7.6,4.2,6368.21,30.8
STU2240,21,0.5,80.9,74.3,88.3,55.4,0,5.0,4.9,929.53,28.3
STU2241,16,6.2,83.7,73.4,52.1,34.7,1,8.4,4.9,810.3,6.7
STU2242,18,9.4,82.5,63.2,59.8,79.8,2,7.2,7.2,3651.84,7.1
STU2243,20,1.9,95.3,56.6,59.7,83.1,2,6.0,5.5,1516.31,8.6
STU2244,18,5.6,80.5,64.0,90.4,50.4,0,9.3,3.2,2461.94,21.3
STU2245,18,3.9,63.1,66.9,100.0,95.1,1,8.6,1.9,630.4,6.2
STU2246,18,6.6,100.0,70.0,69.4,46.5,6,8.0,2.7,667.24,27.4
STU2247,20,5.1,75.1,73.6,72.2,82.0,6,7.2,3.6,2523.28,52.0
STU2248,20,2.5,91.7,80.8,76.3,82.9,1,7.4,5.9,1824.7,5.8
STU2249,19,3.3,67.0,67.3,67.7,88.2,0,4.2,3.8,2010.66,11.4
STU2250,16,3.7,84.5,91.2,72.5,36.5,6,8.0,7.5,7393.91,11.6
STU2251,20,8.5,74.1,71.4,68.8,88.1,4,7.2,2.5,3406.96,28.5
STU2252,20,8.3,53.8,85.9,75.6,67.5,3,7.3,6.3,10078.77,13.7
STU2253,19,4.8,79.2,67.4,36.0,64.2,4,7.3,1.3,2626.23,17.7
STU2254,21,8.2,81.5,100.0,60.3,84.0,5,6.4,2.8,6606.51,9.3
STU2255,19,5.1,79.8,79.0,49.1,86.3,3,5.8,3.0,4737.49,8.3
STU2256,22,4.8,84.4,96.5,79.0,36.2,1,7.1,3.0,1799.83,15.7
STU2257,22,5.6,79.3,61.6,55.4,48.1,3,5.3,3.7,2234.5,11.6
STU2258,17,6.1,82.7,65.3,43.0,90.4,6,7.4,6.6,1985.2,5.0
STU2259,18,4.3,83.7,68.2,39.4,78.1,3,5.7,6.4,5026.1,14.8
STU2260,16,5.5,81.6,100.0,75.2,73.1,1,8.3,3.0,2991.39,10.2
STU2261,23,7.2,80.3,68.8,53.1,53.2,2,5.1,4.6,1375.18,16.6
STU2262,24,5.8,73.1,59.6,65.8,77.5,3,6.9,5.9,1082.68,17.6
STU2263,19,5.6,87.9,91.5,93.3,90.7,6,7.1,4.6,1107.13,16.3
STU2264,21,6.6,79.2,72.9,74.0,100.0,6,8.6,8.2,1396.71,42.6
STU2265,24,7.0,78.4,68.7,59.8,64.0,0,7.3,5.8,1349.6,8.9
STU2266,21,5.4,87.1,62.8,49.2,84.9,4,5.9,3.3,1140.84,13.5
STU2267,24,4.5,84.1,79.3,75.0,100.0,1,5.8,3.5,5182.77,19.9
STU2268,19,5.9,75.0,87.9,65.9,45.4,1,8.9,3.1,924.5,15.0
STU2269,23,2.0,94.5,83.8,77.3,100.0,3,7.0,3.6,3253.56,28.2
STU2270,24,5.0,70.1,64.8,29.9,73.4,2,6.7,5.0,11005.89,13.9
STU2271,19,0.5,71.7,57.2,86.2,71.3,2,6.1,4.5,2645.55,28.1
STU2272,20,1.8,88.7,20.0,40.6,60.8,4,5.4,4.1,2651.13,22.1
STU2273,23,1.5,99.5,57.8,60.3,63.8,4,9.5,6.2,2899.16,12.1
STU2274,21,7.8,76.2,66.4,90.2,57.3,6,7.1,5.7,957.36,7.3
STU2275,22,5.5,86.1,71.1,32.3,53.8,2,5.6,1.8,3313.31,12.3
STU2276,18,2.7,70.1,67.9,66.6,77.6,5,8.0,2.5,3108.68,7.6
STU2277,22,6.6,72.7,100.0,63.6,88.9,2,7.8,3.0,2434.71,6.5
STU2278,23,7.7,93.3,79.4,67.5,52.2,2,5.4,3.4,833.83,11.3
STU2279,21,6.6,85.7,53.4,73.7,58.2,3,6.2,3.7,8559.02,13.4
STU2280,24,5.1,93.6,81.8,68.2,74.4,6,7.6,4.2,2917.05,9.5
STU2281,21,6.0,92.9,77.9,46.6,51.1,0,7.9,5.7,1129.3,19.0
STU2282,24,7.5,61.1,56.3,69.6,74.2,4,6.0,2.8,1301.11,13.1
STU2283,19,4.5,70.0,76.3,67.7,65.4,5,4.6,3.5,1508.34,16.9
STU2284,23,5.6,84.7,80.0,67.0,42.2,5,7.3,1.8,7016.57,10.5
STU2285,19,4.9,65.0,87.4,100.0,78.0,1,8.1,3.2,2306.65,3.4
STU2286,17,2.0,71.5,45.4,89.4,60.5,2,6.9,4.6,2307.19,25.7
STU2287,24,7.5,96.3,81.7,97.2,87.4,2,6.6,3.2,1771.6,26.1
STU2288,20,10.0,76.6,93.1,73.5,66.7,0,9.1,2.9,4868.84,10.6
STU2289,19,3.6,89.1,100.0,96.6,57.9,6,4.4,4.0,5037.62,10.0
STU2290,17,7.6,81.7,53.6,54.3,69.4,2,7.9,5.5,934.91,20.4
STU2291,16,3.6,75.2,69.8,62.3,91.1,4,8.0,3.2,2341.85,9.3
STU2292,22,5.8,65.4,71.3,58.7,100.0,5,6.0,7.0,2173.35,15.6
STU2293,21,8.8,84.3,82.1,60.1,80.1,2,4.0,3.3,1344.81,53.0
STU2294,17,4.4,96.5,69.5,68.7,60.0,0,8.0,4.2,1712.72,17.7
STU2295,23,5.5,75.5,61.3,71.3,70.6,3,7.4,7.3,2068.13,12.2
STU2296,19,1.5,82.7,75.3,74.9,68.3,4,8.8,6.1,1298.46,29.3
STU2297,23,4.0,66.8,66.9,95.9,67.4,3,6.3,4.7,3023.5,5.1
STU2298,22,1.3,75.3,80.4,43.6,65.7,1,7.2,5.7,2981.0,11.5
STU2299,20,6.4,85.4,59.9,48.7,53.6,0,4.8,2.5,3500.14,42.4
STU2300,23,7.3,89.4,56.7,28.9,86.6,1,7.9,8.6,1844.4,6.8
STU2301,24,5.0,87.6,91.7,54.5,84.6,1,5.0,2.6,618.24,18.7
STU2302,20,6.1,61.7,100.0,60.9,70.4,5,7.0,5.4,1571.88,6.3
STU2303,20,4.8,77.4,99.3,56.8,91.4,1,5.6,7.2,1261.85,26.4
STU2304,17,7.1,72.3,70.9,49.8,80.0,1,7.4,5.5,2239.19,6.1
STU2305,20,5.8,78.9,87.8,69.4,51.0,0,6.8,4.9,3627.26,6.9
STU2306,18,1.1,80.9,61.7,61.8,64.0,3,6.7,7.3,8539.99,14.3
STU2307,22,7.6,92.7,79.6,53.8,95.2,2,6.9,6.2,1387.43,6.2
STU2308,20,4.6,85.0,63.2,70.4,63.9,1,7.0,4.0,2716.49,8.9
STU2309,23,2.7,96.2,90.8,58.8,58.2,5,8.8,8.1,2800.62,12.3
STU2310,16,4.5,75.0,88.9,86.5,82.3,6,7.6,3.5,6375.36,13.0
STU2311,18,1.3,67.8,100.0,65.4,65.2,2,6.1,8.3,2884.23,11.2
STU2312,18,2.8,96.6,68.6,62.4,79.5,5,6.2,6.2,1973.22,5.5
STU2313,24,5.8,86.3,95.7,72.2,69.4,2,8.3,4.2,2431.86,28.2
STU2314,20,6.0,74.6,79.6,35.9,56.5,1,5.6,3.0,3134.34,28.0
STU2315,24,6.2,86.4,73.1,87.4,58.2,4,7.0,5.3,4041.3,15.9
STU2316,24,5.5,90.4,77.1,80.6,41.3,6,4.8,3.8,7556.09,10.0
STU2317,16,4.0,83.2,97.5,55.3,51.2,2,6.8,5.2,7071.3,7.5
STU2318,17,5.4,74.7,70.0,49.9,80.7,4,5.6,6.5,1522.61,8.9
STU2319,20,4.5,77.6,70.8,51.8,90.5,3,6.2,6.8,940.43,14.6
STU2320,19,1.9,84.9,41.0,45.4,59.6,2,7.2,7.8,1110.14,5.0
STU2321,24,3.8,84.0,69.8,40.9,46.6,0,7.8,2.9,2922.2,26.9
STU2322,22,7.5,94.1,76.0,44.9,89.3,5,6.1,5.5,5200.43,9.3
STU2323,21,9.0,79.2,60.6,25.6,89.8,6,8.5,2.2,2133.55,16.3
STU2324,22,6.9,72.4,56.9,62.2,82.3,3,5.5,5.0,1340.49,18.0
STU2325,16,8.9,100.0,44.2,65.8,45.3,3,8.0,1.9,964.11,7.9
STU2326,16,5.7,83.7,63.2,88.5,78.8,6,6.5,9.2,7007.45,4.6
STU2327,23,9.3,90.3,93.3,83.8,79.4,4,8.2,7.6,1823.91,36.3
STU2328,17,10.0,87.2,49.8,56.3,85.3,1,6.5,1.9,917.04,9.2
STU2329,24,1.7,83.9,83.8,64.0,72.6,5,6.1,3.7,2457.92,16.1
STU2330,22,6.0,79.7,85.2,85.6,57.2,0,7.8,6.4,2505.63,9.6
STU2331,21,5.7,54.0,100.0,60.8,63.1,6,7.6,5.5,4443.41,10.6
STU2332,16,4.6,71.4,87.6,70.7,90.0,6,6.3,5.0,1150.98,1.4
STU2333,16,6.6,85.3,86.3,58.3,76.5,0,7.7,5.5,5324.26,38.3
STU2334,17,5.6,54.8,77.5,68.6,47.8,4,6.8,6.7,5883.73,9.4
STU2335,21,3.9,82.7,72.0,69.3,99.0,4,7.2,9.0,2654.68,12.9
STU2336,21,5.4,88.6,84.8,62.4,89.6,3,7.4,2.7,3707.48,8.7
STU2337,17,8.2,90.3,90.7,85.1,98.3,6,5.2,4.6,4238.61,2.4
STU2338,16,5.9,88.0,74.6,54.2,89.3,4,7.0,1.4,1692.42,16.1
STU2339,20,6.9,91.6,91.4,69.8,54.2,1,5.1,4.9,1014.13,2.8
STU2340,20,4.9,98.1,100.0,96.5,75.6,3,5.6,8.3,1704.8,10.0
STU2341,17,6.5,93.0,73.1,73.0,80.3,3,6.9,5.9,797.7,12.6
STU2342,21,2.8,84.0,73.5,55.3,47.1,3,8.3,6.5,3399.3,10.6
STU2343,24,4.4,80.7,70.6,73.6,50.1,0,6.7,5.4,7069.49,26.3
STU2344,17,5.3,83.1,74.0,100.0,82.6,5,6.5,3.6,1429.7,17.5
STU2345,17,2.7,79.2,90.3,68.6,84.0,5,6.4,1.9,1851.64,6.5
STU2346,18,3.7,93.2,73.3,80.7,100.0,0,7.5,7.9,2122.16,2.0
STU2347,22,6.2,87.7,74.8,68.1,65.6,3,5.5,4.1,9557.87,12.9
STU2348,21,5.8,78.2,68.3,72.4,41.4,1,5.2,4.6,1860.5,6.7
STU2349,23,7.3,95.2,79.3,66.7,67.4,2,8.8,1.1,5174.27,5.5
STU2350,23,4.2,79.1,64.5,51.7,84.3,3,7.5,3.7,2559.42,14.7
STU2351,21,5.6,72.5,53.6,74.0,63.8,4,6.1,5.3,318.52,19.0
STU2352,18,4.0,81.9,78.7,48.4,71.7,6,6.2,5.7,1804.76,5.9
STU2353,18,7.1,73.8,100.0,63.0,59.1,6,6.3,8.2,4427.55,4.1
STU2354,16,8.1,91.4,67.7,98.6,90.3,5,5.3,4.5,1811.38,1.9
STU2355,22,6.6,73.5,56.4,66.8,82.7,6,6.6,4.8,3487.69,4.6
STU2356,20,7.8,80.8,100.0,53.2,56.1,2,7.0,8.0,7711.23,2.1
STU2357,19,5.6,91.4,72.7,71.9,61.1,0,8.8,7.3,3500.36,7.7
STU2358,19,7.3,74.9,86.2,59.1,58.4,0,7.1,2.2,1654.26,32.5
STU2359,19,5.7,86.1,61.1,69.7,38.4,2,8.0,7.9,3968.45,7.5
STU2360,21,3.2,72.3,72.1,49.2,57.0,5,6.6,1.8,3432.44,25.0
STU2361,23,6.0,84.4,93.0,80.5,39.9,5,6.4,5.9,4698.47,10.9
STU2362,23,3.3,87.7,74.0,70.0,85.9,4,7.0,6.5,2353.54,9.2
STU2363,20,10.6,81.6,74.1,52.0,87.2,0,8.1,5.4,1477.77,4.5
STU2364,21,4.8,82.3,49.7,73.8,64.9,0,6.2,4.2,3546.2,8.6
STU2365,19,6.9,86.4,83.8,99.0,73.5,3,7.3,4.1,3619.26,25.5
STU2366,24,5.5,79.2,60.2,55.3,88.2,1,7.3,0.5,1770.45,8.7
STU2367,23,2.8,90.9,88.8,80.1,83.3,4,7.0,5.3,917.12,27.4
STU2368,16,1.3,95.7,75.0,74.7,100.0,3,8.1,5.1,1857.82,19.1
STU2369,17,7.1,72.7,76.4,74.5,74.4,6,7.1,8.0,1163.51,15.7
STU2370,24,8.9,99.7,83.6,82.4,94.7,1,6.8,4.5,2098.9,22.3
STU2371,23,3.9,79.0,77.6,63.6,71.6,6,6.9,3.9,4144.25,1.9
STU2372,18,1.9,100.0,97.8,70.4,68.0,0,4.2,4.0,679.31,9.0
STU2373,23,4.8,79.1,95.4,69.6,81.5,1,6.8,3.3,3058.69,12.4
STU2374,16,3.4,89.1,53.7,54.3,79.4,0,5.6,4.1,3267.29,15.2
STU2375,19,4.1,89.0,69.4,75.3,59.7,5,6.7,2.9,1371.02,37.3
STU2376,18,6.8,78.1,84.5,62.2,56.0,3,7.0,6.2,3134.89,1.7
STU2377,21,5.4,82.7,57.9,97.3,71.3,0,7.6,5.8,5347.96,10.9
STU2378,22,3.7,96.4,48.5,59.9,37.9,1,9.6,2.1,3311.18,11.3
STU2379,19,6.8,78.8,60.6,46.9,64.8,3,8.7,5.2,9520.68,22.5
STU2380,22,7.0,77.8,70.3,85.9,53.3,1,7.0,7.2,2638.95,10.0
STU2381,24,4.8,70.5,20.0,56.1,60.2,1,7.7,7.1,4798.52,18.0
STU2382,17,5.8,97.7,55.3,48.6,56.8,2,6.5,2.9,9370.3,10.4
STU2383,18,6.6,77.2,45.3,74.2,83.1,0,7.2,7.7,3478.18,15.6
STU2384,20,6.4,94.0,89.2,89.3,77.6,0,7.3,3.9,7813.18,10.0
STU2385,18,5.6,76.0,86.0,79.8,70.9,1,5.7,5.0,3363.75,12.6
STU2386,23,8.7,93.7,76.2,58.9,63.5,6,6.4,4.3,6443.71,8.7
STU2387,23,6.8,90.1,73.5,70.1,87.6,5,4.8,2.6,1208.99,6.1
STU2388,23,4.5,79.7,80.2,63.4,85.3,0,6.8,3.4,2601.81,35.4
STU2389,24,4.5,74.7,57.0,94.6,68.1,4,7.0,7.5,12454.95,14.7
STU2390,19,4.3,75.5,90.8,61.0,93.0,5,6.9,7.5,765.83,1.9
STU2391,20,6.9,75.3,73.4,69.6,66.8,5,5.7,6.4,1515.54,12.0
STU2392,20,4.1,92.7,85.8,70.7,73.5,5,6.9,4.5,10276.92,23.8
STU2393,23,4.6,83.6,85.1,49.4,60.2,0,7.2,8.6,2331.56,12.5
STU2394,22,7.8,70.8,80.0,64.9,63.3,5,7.6,7.0,2329.83,2.8
STU2395,24,5.9,79.5,76.7,65.2,59.3,5,7.3,4.8,4534.1,4.6
STU2396,23,8.1,80.7,75.6,90.0,81.7,3,6.6,1.1,5647.33,7.3
STU2397,17,7.3,60.6,71.1,71.1,76.4,0,6.8,6.7,1966.38,17.2
STU2398,19,2.9,80.0,79.2,61.9,52.1,5,7.3,7.5,860.51,7.9
STU2399,21,5.3,89.2,75.1,65.7,79.6,6,6.4,5.9,1368.63,9.5
STU2400,17,7.7,80.6,64.7,66.9,100.0,4,5.9,1.2,1736.15,11.0
STU2401,22,2.8,84.5,81.1,67.4,58.8,5,6.5,5.4,1164.72,9.3
STU2402,18,6.4,86.8,76.2,82.8,57.8,1,7.5,9.4,1428.72,23.1
STU2403,18,5.4,78.6,90.1,83.7,70.1,0,7.9,4.7,2514.86,11.2
STU2404,17,1.6,89.3,44.8,52.1,93.4,3,8.2,8.9,1439.99,19.9
STU2405,23,5.8,96.6,72.5,85.1,62.5,4,5.9,6.4,7877.48,29.0
STU2406,21,3.7,66.8,61.1,80.0,100.0,2,9.5,5.1,1922.49,9.0
STU2407,16,2.9,78.6,64.2,67.2,52.0,1,6.1,7.8,925.57,6.3
STU2408,16,5.5,100.0,80.4,44.4,73.2,1,6.7,3.8,5363.03,19.8
STU2409,22,1.3,83.7,50.5,71.4,41.1,1,8.5,2.5,20000.0,5.9
STU2410,23,4.0,81.7,74.0,62.3,54.1,4,4.8,2.6,2017.26,29.3
STU2411,20,11.1,79.4,72.5,76.9,66.4,0,7.2,5.4,2953.72,13.3
STU2412,20,6.9,94.7,56.3,78.3,74.6,0,6.6,5.9,5833.64,14.4
STU2413,19,3.6,72.6,74.4,89.1,91.1,5,5.2,3.6,1956.47,0.5
STU2414,21,8.6,91.3,60.6,51.0,58.1,5,5.2,7.4,8455.39,8.0
STU2415,21,3.3,79.2,100.0,100.0,77.2,0,8.5,5.2,880.95,19.7
STU2416,18,4.3,74.5,90.0,82.3,47.2,6,7.7,6.7,2314.83,6.4
STU2417,24,3.0,79.7,73.0,79.4,87.2,5,8.2,3.6,1471.71,34.0
STU2418,22,6.1,81.5,65.5,98.7,92.3,6,5.6,4.6,1198.38,16.9
STU2419,16,8.5,77.0,79.6,73.1,87.6,0,7.4,1.5,1496.75,3.1
STU2420,22,3.3,93.1,83.5,84.5,87.6,1,9.9,4.4,3489.55,14.6
STU2421,20,1.0,74.6,75.8,70.7,68.4,2,6.7,5.5,4549.12,9.3
STU2422,20,7.9,83.4,56.8,81.5,74.7,1,7.1,3.9,3962.87,1.8
STU2423,17,8.9,87.4,68.9,86.6,68.4,6,7.0,4.9,960.07,16.2
STU2424,19,1.1,83.3,73.2,84.9,69.2,5,6.9,5.5,3576.82,3.5
STU2425,21,6.5,89.7,76.4,43.8,57.4,2,6.0,3.9,2313.33,32.7
STU2426,22,6.0,77.7,76.7,61.4,74.8,2,7.1,4.5,1712.97,8.7
STU2427,20,3.8,88.2,83.0,86.7,77.1,0,9.1,3.5,2169.07,54.3
STU2428,24,2.4,88.5,92.1,76.0,86.8,3,6.9,3.1,7381.32,5.5
STU2429,18,7.7,91.7,87.2,67.2,76.7,4,8.6,7.5,2090.09,16.9
STU2430,16,5.9,63.1,80.9,76.1,85.0,3,10.7,2.1,4108.19,8.3
STU2431,19,6.1,87.1,53.1,50.3,57.3,2,5.9,6.7,4890.95,17.5
STU2432,24,4.1,91.0,89.8,80.6,94.2,3,7.7,2.3,4430.58,4.1
STU2433,19,3.7,77.9,84.3,73.9,65.9,5,5.5,8.0,1857.17,33.8
STU2434,17,0.5,76.5,68.2,69.4,35.2,2,6.8,6.2,1923.9,7.6
STU2435,20,5.0,75.0,72.4,65.1,63.4,1,10.2,4.3,2987.89,17.3
STU2436,18,8.7,71.7,73.0,71.7,79.8,5,7.8,6.9,1743.87,9.9
STU2437,24,3.5,88.7,65.4,63.6,71.4,1,7.4,7.2,1437.34,39.3
STU2438,19,2.2,100.0,45.8,62.8,37.0,5,5.5,6.2,2666.53,7.2
STU2439,21,6.5,76.4,55.3,96.6,73.7,0,6.2,5.9,1480.96,32.8
STU2440,17,6.9,77.3,58.4,42.6,72.2,6,5.9,5.4,1888.33,23.6
STU2441,21,4.2,82.2,42.5,42.9,53.5,5,5.7,7.8,2091.86,9.9
STU2442,18,4.7,66.0,55.3,80.5,79.6,4,8.1,5.0,1742.83,11.5
STU2443,24,6.1,75.0,89.1,48.5,67.7,1,7.9,5.2,2116.78,14.4
STU2444,17,5.2,81.4,79.3,35.9,36.8,5,6.8,6.7,1889.25,13.0
STU2445,24,7.7,73.1,57.4,84.2,81.8,4,6.3,4.4,9434.62,16.9
STU2446,20,10.9,94.0,61.7,88.2,73.0,0,7.9,7.2,7892.4,8.8
STU2447,23,1.7,69.1,90.4,47.1,95.7,5,9.2,6.8,1895.9,15.6
STU2448,17,8.2,91.0,90.1,39.3,55.3,6,8.3,10.7,1857.25,18.2
STU2449,21,5.7,96.7,73.0,48.5,66.0,4,7.1,4.8,2161.02,15.2
STU2450,18,8.6,85.8,89.6,56.8,88.1,6,8.2,6.2,2920.0,23.6
STU2451,20,7.1,80.6,60.5,98.6,54.4,5,8.3,5.9,2339.45,8.4
STU2452,23,5.6,84.5,75.4,61.1,87.5,1,7.2,6.6,2525.87,15.4
STU2453,16,7.2,77.6,49.9,81.3,88.0,1,7.2,4.9,4179.5,15.3
STU2454,20,4.6,61.6,66.5,79.5,75.3,3,6.3,5.9,1422.31,13.5
STU2455,18,3.8,72.2,72.4,89.2,67.2,3,8.1,5.3,1699.0,12.9
STU2456,19,7.3,81.9,46.7,58.0,59.0,5,6.8,6.7,979.88,19.3
STU2457,17,3.6,72.6,80.9,67.8,57.7,3,5.7,1.2,1926.44,9.3
STU2458,24,6.9,77.9,83.4,64.5,75.3,5,5.8,4.5,2560.57,0.8
STU2459,18,5.6,86.8,87.2,76.6,21.1,5,6.9,9.2,2573.82,16.2
STU2460,17,0.5,83.5,100.0,87.5,60.5,6,5.8,8.1,5644.93,5.6
STU2461,24,4.2,92.6,78.3,100.0,58.2,4,10.5,5.6,1416.3,13.8
STU2462,22,6.2,84.9,71.0,61.7,53.2,1,7.6,6.2,865.44,4.9
STU2463,21,4.6,85.5,48.0,70.3,73.2,0,6.4,6.0,2651.07,7.5
STU2464,16,0.5,74.9,77.9,81.9,45.0,2,7.2,6.3,2218.29,15.9
STU2465,20,8.4,68.7,80.4,77.8,90.4,1,8.0,3.2,4356.87,12.7
STU2466,18,5.9,77.9,51.7,95.4,85.5,3,7.3,3.7,2636.09,13.9
STU2467,16,6.5,74.7,68.4,66.3,93.1,5,5.8,3.7,5744.71,17.5
STU2468,19,4.5,80.3,72.2,61.6,61.0,3,6.9,4.1,2283.16,2.3
STU2469,17,6.7,71.3,79.9,90.0,73.5,4,6.7,8.1,1787.64,13.0
STU2470,17,9.5,90.4,84.8,72.8,84.0,3,6.4,2.7,3964.37,4.2
STU2471,18,3.9,74.7,64.0,76.6,67.8,4,5.9,8.9,3420.34,14.8
STU2472,23,9.2,78.4,75.0,66.8,60.4,0,8.1,5.8,1572.03,8.0
STU2473,23,6.4,81.8,80.6,82.8,72.0,5,7.6,2.7,3561.46,10.1
STU2474,22,3.6,93.2,69.3,54.2,66.5,3,7.6,3.9,3330.14,9.4
STU2475,21,10.4,99.6,65.7,60.7,51.8,4,4.6,5.9,2417.29,6.7
STU2476,24,6.4,100.0,82.7,25.6,29.5,3,6.5,2.4,5175.73,2.7
STU2477,19,7.0,69.2,69.3,58.0,54.3,4,8.6,4.3,6451.64,30.7
STU2478,16,4.9,78.3,54.0,82.9,29.9,6,7.5,2.7,1714.9,1.3
STU2479,23,3.7,76.4,92.6,68.7,55.2,5,5.5,6.3,3434.11,16.0
STU2480,22,5.9,85.7,55.7,53.2,94.1,5,9.2,2.8,2621.2,3.5
STU2481,22,9.0,85.1,70.6,90.9,38.6,1,3.8,2.0,1867.49,7.9
STU2482,18,4.8,76.2,76.8,70.2,77.6,4,7.2,7.9,2309.57,33.7
STU2483,19,5.4,75.4,78.8,95.1,90.8,2,9.2,4.4,793.19,5.9
STU2484,24,8.7,72.0,74.5,81.7,43.3,0,5.0,4.2,5032.61,10.1
STU2485,21,4.8,55.5,27.9,71.0,100.0,1,6.4,5.9,4172.68,38.6
STU2486,20,6.6,69.0,61.5,97.4,68.7,0,5.2,4.9,716.88,29.8
STU2487,18,7.4,90.7,76.4,62.0,93.1,1,8.8,3.4,2215.55,31.3
STU2488,24,5.1,96.6,70.4,50.5,74.6,3,5.9,3.8,3110.89,10.0
STU2489,20,6.2,95.5,79.7,93.6,62.2,4,8.3,6.4,4357.83,19.9
STU2490,20,7.0,91.1,87.3,77.7,20.6,3,8.8,3.1,2107.03,4.2
STU2491,19,4.6,71.9,79.6,90.3,51.0,0,5.3,4.9,2129.28,9.5
STU2492,19,7.3,70.2,61.1,82.1,81.6,5,5.1,8.3,3174.98,17.4
STU2493,16,4.3,63.9,63.9,94.3,96.1,0,7.6,4.4,1606.05,29.3
STU2494,22,4.0,76.2,96.5,59.8,46.1,1,8.0,7.5,7371.26,6.7
STU2495,24,2.1,82.9,69.3,65.0,69.0,0,6.9,3.0,2673.67,17.1
STU2496,18,4.4,71.9,70.6,64.8,62.4,4,7.0,5.4,2835.95,22.1
STU2497,17,3.7,86.3,79.6,65.0,77.1,0,8.9,7.5,6003.41,15.3
STU2498,18,4.6,88.5,90.6,42.9,71.5,3,6.7,3.9,2461.34,6.7
STU2499,16,6.8,77.3,58.5,70.6,63.7,5,8.8,8.8,6042.49,12.4
STU2500,21,1.7,68.6,64.6,80.7,80.9,4,6.3,4.9,881.07,5.0
STU2501,22,1.2,95.8,47.9,57.1,58.2,0,10.1,2.7,5292.9,15.3
STU2502,17,3.9,82.4,67.6,53.4,70.2,2,5.8,7.0,4893.85,16.1
STU2503,23,6.5,100.0,80.5,65.8,83.1,2,8.5,8.2,658.14,9.2
STU2504,21,6.1,82.9,66.5,80.6,57.7,5,5.7,2.5,2026.0,24.8
STU2505,19,3.8,83.6,98.4,50.8,63.9,3,8.0,5.9,3255.3,16.5
STU2506,20,8.1,72.4,73.7,100.0,60.5,1,7.0,3.7,4234.32,32.1
STU2507,23,4.1,77.8,70.5,47.2,77.7,1,7.4,3.0,5860.53,25.3
STU2508,18,6.5,66.4,66.7,58.9,75.9,5,7.9,3.2,945.11,10.1
STU2509,18,4.7,68.6,51.6,86.1,61.2,0,7.3,5.4,2633.3,15.7
STU2510,19,3.6,89.4,70.6,83.5,75.8,4,7.2,7.6,1357.11,10.6
STU2511,16,4.2,79.2,77.4,82.1,22.2,5,4.6,4.9,1576.72,19.6
STU2512,24,7.1,77.8,70.2,57.0,84.2,1,8.8,5.8,4208.04,25.9
STU2513,23,6.3,74.6,75.5,60.1,85.2,2,9.0,3.9,1490.04,28.9
STU2514,23,7.6,78.1,61.9,54.3,61.4,1,6.9,4.7,2504.66,25.1
STU2515,21,6.3,93.3,53.3,62.9,58.0,2,7.7,3.3,1873.58,18.2
STU2516,22,2.0,83.4,70.4,74.1,69.0,1,8.8,1.4,4798.01,16.3
STU2517,21,10.2,70.2,75.3,54.2,54.5,3,7.8,4.0,758.83,18.3
STU2518,24,6.3,92.3,69.5,40.0,57.2,5,6.3,7.3,5602.57,4.6
STU2519,18,6.6,99.3,75.1,86.7,75.2,4,5.4,0.5,6579.25,3.9
STU2520,18,4.7,86.9,83.6,65.1,83.8,5,7.8,7.2,3680.43,19.5
STU2521,18,7.9,90.9,83.6,80.0,75.4,6,7.2,5.7,2897.43,7.1
STU2522,18,3.1,94.2,84.9,63.1,100.0,0,7.0,4.7,663.5,23.2
STU2523,24,6.8,65.4,87.1,76.7,91.2,2,6.0,3.9,3796.43,29.5
STU2524,19,0.9,100.0,79.5,100.0,82.5,1,6.6,6.0,4816.62,18.7
STU2525,22,7.0,93.0,77.3,49.7,81.9,0,7.4,7.8,2670.38,7.6
STU2526,24,3.1,86.9,100.0,55.6,71.5,2,6.6,5.5,1634.93,5.3
STU2527,22,6.1,80.7,83.8,53.6,78.6,5,7.0,4.6,6470.96,9.0
STU2528,24,8.5,68.6,59.3,100.0,73.4,2,7.0,10.4,1423.28,12.6
STU2529,18,7.3,78.7,44.1,67.7,87.9,3,7.9,5.2,5210.83,8.1
STU2530,19,8.2,86.5,68.4,82.2,65.3,1,5.1,1.7,3523.52,10.8
STU2531,23,8.0,71.0,81.4,25.7,64.3,6,6.5,5.7,2233.43,11.1
STU2532,21,4.3,81.3,86.4,74.0,90.0,5,5.6,3.8,12202.86,3.7
STU2533,20,6.8,70.2,53.2,62.2,62.2,6,7.2,4.3,3421.15,6.5
STU2534,19,1.7,78.2,82.9,90.2,53.9,0,5.9,7.6,3652.7,6.5
STU2535,23,4.0,68.5,89.0,78.5,57.3,1,8.2,6.8,3484.86,14.2
STU2536,16,8.6,67.4,81.1,61.3,82.7,5,6.5,1.5,3043.43,20.6
STU2537,24,4.7,85.4,78.2,93.3,100.0,6,6.3,1.5,2347.81,13.0
STU2538,16,1.4,76.2,70.0,94.7,54.9,1,5.9,5.3,4089.69,14.2
STU2539,23,9.9,77.1,65.1,92.1,81.0,4,7.3,6.9,2665.95,11.8
STU2540,19,6.7,75.7,83.8,80.2,72.6,2,5.3,0.5,764.87,19.3
STU2541,24,7.2,100.0,80.8,63.6,89.2,6,6.9,7.0,1462.53,12.2
STU2542,20,3.3,88.1,67.1,71.7,80.8,2,6.8,9.9,5284.3,13.0
STU2543,18,6.1,89.1,100.0,61.3,90.2,4,6.3,7.4,4441.36,40.5
STU2544,24,6.1,74.2,49.4,71.5,75.0,4,7.3,3.4,1273.2,2.5
STU2545,24,3.7,87.0,68.5,58.5,55.8,1,6.4,6.3,1756.36,7.7
STU2546,19,5.1,79.7,60.4,65.3,58.4,2,7.4,5.5,1676.89,14.0
STU2547,19,2.2,74.2,77.8,100.0,73.6,0,6.3,8.6,6441.61,11.0
STU2548,23,4.7,100.0,42.8,73.0,77.9,3,6.0,7.3,918.23,3.2
STU2549,17,7.6,87.7,91.0,61.1,63.5,5,7.3,3.2,1677.77,14.5
STU2550,24,3.9,87.2,87.1,50.4,100.0,4,8.0,6.2,2632.39,9.4
STU2551,21,9.7,72.3,76.0,66.4,86.0,0,10.7,3.4,977.98,11.8
STU2552,24,2.3,69.3,67.3,79.9,34.6,0,6.6,7.1,2637.16,7.3
STU2553,23,4.9,81.4,82.7,70.2,67.9,1,8.0,4.5,1268.24,9.5
STU2554,22,4.1,76.3,76.9,67.1,52.5,4,6.4,4.9,1450.17,18.5
STU2555,16,5.1,88.1,86.3,74.8,100.0,0,8.0,5.3,1783.54,12.3
STU2556,18,8.5,88.8,70.2,74.3,32.3,3,8.7,3.9,2222.44,13.1
STU2557,17,3.3,82.7,69.3,79.3,77.1,0,7.2,5.2,1732.48,11.3
STU2558,20,4.5,90.3,88.2,79.7,72.1,3,7.9,5.9,2660.0,15.8
STU2559,20,6.9,83.9,81.5,66.6,83.8,6,7.6,4.4,5617.75,4.4
STU2560,20,5.7,73.3,69.4,65.8,75.5,3,7.0,5.4,4391.22,10.3
STU2561,19,5.9,80.0,77.5,68.0,100.0,3,6.4,3.5,6686.54,35.5
STU2562,20,3.4,83.4,74.8,77.0,85.6,4,6.5,2.5,2381.06,3.6
STU2563,18,5.3,91.3,79.0,85.9,38.8,6,5.3,4.9,2387.02,7.0
STU2564,16,8.0,84.2,91.0,62.6,93.9,3,8.3,7.0,2861.71,18.0
STU2565,20,2.0,76.3,66.8,65.4,73.5,4,9.4,7.0,922.86,41.3
STU2566,24,4.0,91.7,62.3,55.0,93.9,6,5.2,6.8,4896.66,20.8
STU2567,24,1.5,85.8,76.1,44.1,64.6,0,8.3,7.0,1959.44,16.9
STU2568,19,6.7,97.5,64.0,48.2,51.9,6,6.9,5.4,2429.06,14.8
STU2569,18,8.2,82.9,58.3,51.9,48.7,3,6.2,3.9,3300.22,19.9
STU2570,16,5.1,71.6,86.9,57.3,88.0,6,7.2,4.5,1513.13,13.7
STU2571,17,3.3,93.8,67.7,75.4,83.6,2,6.0,4.8,1544.69,13.8
STU2572,23,3.4,76.2,44.0,50.9,59.9,0,7.3,3.7,3221.84,10.9
STU2573,16,4.8,85.0,84.7,68.3,24.6,5,6.6,6.2,3320.15,13.4
STU2574,23,4.8,83.9,65.4,81.4,88.7,6,6.6,3.8,11060.42,10.1
STU2575,22,7.5,82.5,80.7,54.7,35.4,6,8.5,1.3,2928.85,7.5
STU2576,23,4.0,80.3,88.3,60.1,100.0,6,4.7,7.1,3538.87,28.1
STU2577,21,6.5,65.5,74.8,46.9,45.4,2,6.3,6.0,11333.12,10.2
STU2578,24,4.8,72.0,41.5,52.8,70.2,2,4.4,1.5,3130.33,3.3
STU2579,18,3.9,93.2,42.5,89.9,73.9,1,7.2,3.7,3313.04,11.6
STU2580,19,4.8,86.3,61.9,76.1,76.2,4,6.4,4.8,376.31,6.6
STU2581,21,6.2,100.0,71.1,100.0,75.5,1,6.1,5.0,1944.51,2.8
STU2582,23,7.5,71.6,90.0,56.2,72.2,4,7.4,9.2,2854.21,8.7
STU2583,20,4.9,81.7,76.4,92.1,62.6,1,7.8,3.1,1523.95,6.9
STU2584,18,2.9,93.6,100.0,56.3,66.2,0,8.5,3.0,2871.78,5.8
STU2585,21,7.7,76.3,49.6,60.0,58.9,2,10.8,7.5,3988.56,3.2
STU2586,19,3.5,77.1,73.8,100.0,72.0,0,6.3,4.6,4556.86,29.6
STU2587,24,6.1,79.1,65.3,54.6,40.2,4,6.1,7.3,2328.94,7.0
STU2588,18,5.4,77.5,75.5,93.4,75.4,2,7.0,4.5,908.38,12.1
STU2589,19,5.2,87.3,98.3,67.5,68.3,2,7.1,7.4,2644.31,9.9
STU2590,22,4.4,64.2,99.2,50.8,84.3,4,9.3,4.4,1902.5,15.6
STU2591,22,6.9,98.4,72.8,45.1,64.8,0,7.7,4.8,1518.11,14.6
STU2592,19,0.5,72.4,84.9,69.7,80.2,2,5.8,2.9,2080.96,10.3
STU2593,21,8.0,60.8,75.2,50.0,79.4,5,5.7,8.5,1995.44,12.2
STU2594,18,3.5,81.9,55.9,63.3,67.6,6,7.9,3.5,2169.56,2.6
STU2595,21,6.4,78.2,72.2,37.5,76.0,0,6.7,2.4,1857.25,31.2
STU2596,17,6.3,80.2,64.4,73.7,47.2,0,8.8,8.2,6366.05,15.1
STU2597,23,8.3,85.1,71.1,43.3,92.8,0,7.7,6.3,2972.23,26.9
STU2598,17,5.9,88.4,59.2,67.0,60.7,2,5.6,8.2,2980.2,11.2
STU2599,22,3.7,98.9,74.3,45.9,67.0,3,5.5,3.6,3275.45,10.8
STU2600,24,2.0,75.1,76.6,87.6,52.1,6,7.4,6.2,1023.24,17.6
STU2601,16,4.7,89.7,82.6,34.2,56.9,1,6.6,7.8,4834.04,6.2
STU2602,23,1.2,89.1,76.6,63.5,97.9,4,8.5,2.7,20000.0,5.6
STU2603,22,4.1,55.6,96.5,77.0,72.3,0,7.4,5.7,1337.39,9.9
STU2604,21,4.9,73.7,100.0,73.7,65.0,2,7.4,4.1,1612.46,17.9
STU2605,21,4.0,69.1,65.9,48.1,64.9,4,5.4,4.2,1749.78,17.8
STU2606,21,5.6,86.5,86.6,40.2,70.0,3,6.4,3.4,3036.23,3.6
STU2607,24,5.0,85.4,100.0,80.5,82.3,5,6.9,5.9,2288.82,35.9
STU2608,17,4.8,85.6,86.9,66.0,73.3,3,4.6,4.5,1788.86,25.5
STU2609,16,0.5,78.9,82.8,50.9,73.7,2,7.8,3.1,3658.79,2.5
STU2610,21,2.7,80.0,44.7,81.1,54.3,0,8.1,7.8,3216.72,25.7
STU2611,23,6.9,81.7,63.6,59.0,65.0,3,6.3,5.1,5534.66,9.4
STU2612,18,7.3,78.0,65.8,57.5,72.7,6,8.6,1.9,2745.89,21.2
STU2613,16,1.5,89.8,92.8,54.1,69.5,3,8.6,3.6,2434.57,3.4
STU2614,24,3.7,71.3,61.0,55.8,62.9,3,7.7,2.0,1885.49,22.9
STU2615,16,7.9,74.2,70.7,55.3,61.4,6,6.9,3.7,2912.95,14.8
STU2616,18,3.9,83.2,84.6,73.3,77.4,5,8.3,5.7,1269.64,4.3
STU2617,23,5.3,78.3,60.4,92.8,77.8,2,5.1,6.2,5069.56,12.6
STU2618,18,8.7,70.9,76.2,45.7,86.8,4,7.1,6.7,3754.99,15.6
STU2619,19,4.7,87.3,74.2,62.5,73.3,1,5.9,3.8,2891.13,26.9
STU2620,23,4.4,76.3,85.2,65.4,34.7,2,6.1,4.3,1924.2,10.7
STU2621,16,5.2,73.6,81.9,75.4,100.0,0,7.6,5.9,7252.16,5.2
STU2622,21,9.6,80.3,81.4,83.8,69.9,2,6.0,6.7,1750.69,8.6
STU2623,16,6.5,73.1,75.0,65.5,63.0,2,5.0,4.7,1438.57,39.0
STU2624,16,5.5,81.7,46.9,57.8,69.0,5,9.9,6.3,2044.88,21.7
STU2625,23,4.3,78.4,74.1,77.2,63.3,1,6.2,3.9,4279.29,16.1
STU2626,19,6.7,76.9,72.8,41.8,56.1,1,5.9,0.7,6345.53,13.4
STU2627,16,7.0,76.9,83.5,33.7,80.4,1,8.6,6.8,4980.57,19.1
STU2628,22,3.1,92.0,65.7,100.0,67.5,4,6.2,6.1,1067.29,18.8
STU2629,20,7.0,85.7,72.6,55.1,68.5,2,5.3,4.8,2406.62,27.0
STU2630,20,5.2,64.9,73.1,61.4,27.5,5,5.8,5.3,1828.52,5.5
STU2631,16,5.6,90.8,61.3,76.7,66.1,0,6.4,7.3,3236.61,3.8
STU2632,21,3.6,87.2,54.7,73.6,51.7,1,5.6,5.0,2067.82,26.5
STU2633,24,4.6,86.6,77.7,82.2,61.1,6,5.9,0.5,4137.73,11.2
STU2634,24,3.2,90.9,87.1,83.0,74.0,1,6.4,0.9,1859.46,25.8
STU2635,23,3.1,82.2,62.6,44.9,59.6,6,8.3,7.7,1444.27,9.5
STU2636,20,6.3,88.2,68.7,88.3,61.9,2,9.7,6.2,5849.84,4.1
STU2637,16,4.7,77.4,84.4,76.2,71.6,0,8.4,7.3,2449.01,5.0
STU2638,24,2.6,90.5,85.9,74.0,61.4,5,6.7,8.0,4442.79,33.3
STU2639,16,10.3,84.2,75.5,74.8,52.1,1,5.2,7.9,1182.49,11.0
STU2640,23,3.0,68.2,78.2,32.3,40.7,2,7.9,2.2,1345.52,10.2
STU2641,20,7.9,92.4,80.0,64.6,75.7,3,5.7,4.6,1096.69,33.4
STU2642,18,2.3,80.7,82.7,52.5,61.2,5,6.5,3.2,1511.61,12.9
STU2643,22,6.5,79.3,55.9,50.2,41.7,6,9.1,5.3,1609.92,18.7
STU2644,22,4.9,77.6,100.0,60.2,91.2,4,9.2,2.3,1521.29,3.9
STU2645,24,4.1,78.3,76.1,81.2,75.7,5,7.2,5.1,2437.06,12.0
STU2646,22,5.9,84.3,82.9,72.6,49.8,2,8.6,1.6,1305.42,11.4
STU2647,18,5.6,72.1,60.6,75.0,58.0,1,8.5,4.3,1528.09,15.3
STU2648,16,3.7,66.3,69.2,60.9,87.8,5,7.9,7.9,2879.26,6.1
STU2649,23,3.6,71.4,77.7,74.0,67.0,0,6.6,3.6,8943.78,42.2
STU2650,18,2.0,85.8,44.9,64.8,62.9,6,6.3,3.6,3408.23,7.4
STU2651,23,6.2,80.4,58.5,83.2,82.8,3,7.1,5.3,3207.82,16.2
STU2652,23,2.7,93.1,61.1,79.1,67.1,0,5.3,5.4,2100.94,23.5
STU2653,20,5.5,81.4,52.8,70.6,90.9,0,6.4,5.6,689.85,19.4
STU2654,16,6.8,90.4,73.6,55.2,63.0,0,7.8,3.4,2195.75,31.5
STU2655,22,6.0,75.1,70.9,72.4,60.3,2,6.2,3.8,1286.22,13.4
STU2656,20,3.9,77.6,93.4,71.9,70.3,2,9.0,5.1,4860.9,10.8
STU2657,23,7.5,82.1,55.2,69.9,86.4,5,7.3,7.0,6945.05,35.4
STU2658,24,4.6,80.5,75.5,60.4,74.2,6,8.0,3.5,1384.08,4.5
STU2659,22,2.6,79.6,58.8,57.5,71.8,4,6.7,4.6,2465.9,15.8
STU2660,22,4.9,73.3,46.2,73.2,56.3,6,7.8,1.1,1032.52,19.5
STU2661,16,6.8,66.1,80.8,54.3,53.8,3,5.5,4.1,4282.98,5.1
STU2662,19,4.0,88.3,82.1,64.0,86.4,5,7.6,5.4,5628.05,10.8
STU2663,17,7.4,87.2,80.3,77.4,88.2,0,7.7,6.7,3620.29,9.9
STU2664,17,3.8,75.9,52.3,75.1,87.7,5,8.7,3.4,3077.36,5.4
STU2665,17,4.1,85.8,73.3,49.5,83.4,6,4.4,5.3,2429.61,4.0
STU2666,19,3.2,80.3,81.0,72.8,77.6,1,6.1,5.5,3447.54,27.7
STU2667,16,7.0,93.1,86.3,100.0,77.3,5,4.7,1.4,2092.63,6.3
STU2668,19,5.4,68.9,81.4,78.8,72.3,6,5.9,2.5,1962.23,12.7
STU2669,17,3.3,80.7,86.5,63.6,79.6,5,6.9,6.0,5650.09,18.6
STU2670,20,4.6,79.9,88.0,88.9,69.3,6,7.8,5.1,4155.86,30.4
STU2671,18,0.5,83.6,73.6,100.0,79.5,0,9.9,5.2,1725.56,18.4
STU2672,23,7.2,97.4,79.5,81.8,85.6,5,8.8,3.1,8081.17,7.1
STU2673,19,5.1,80.8,87.0,40.3,48.6,3,6.4,2.1,1590.2,9.2
STU2674,16,0.5,89.4,77.9,77.9,88.6,0,7.9,6.0,8785.31,12.8
STU2675,16,2.3,80.5,90.0,89.6,69.0,2,8.6,5.3,1074.1,17.5
STU2676,18,4.6,92.7,85.1,35.0,94.8,2,6.9,1.1,2275.0,23.2
STU2677,24,2.6,89.5,62.5,83.0,91.6,5,6.9,4.8,3360.7,24.1
STU2678,22,7.2,78.7,52.4,64.8,52.5,5,6.7,8.6,3134.33,32.8
STU2679,17,6.4,77.9,72.3,89.0,70.0,3,7.6,6.2,2816.14,4.8
STU2680,24,6.3,86.9,54.3,66.9,38.3,6,7.5,3.2,5718.79,5.5
STU2681,17,0.5,75.4,73.2,73.5,63.4,6,7.2,5.3,3333.11,30.2
STU2682,18,4.3,83.9,71.9,73.8,76.0,4,9.3,4.6,3493.77,6.5
STU2683,17,4.0,78.4,91.5,79.4,84.4,0,8.3,8.3,1685.77,4.3
STU2684,18,3.4,85.7,79.6,75.2,71.2,3,4.9,2.7,4258.97,7.1
STU2685,21,4.6,80.4,86.7,53.6,77.5,5,4.7,7.6,1875.96,12.4
STU2686,24,3.0,75.1,64.7,63.8,58.1,5,7.5,2.6,5244.58,7.2
STU2687,24,6.0,93.1,94.9,67.9,69.7,5,6.9,5.7,6382.8,20.0
STU2688,22,7.2,84.4,85.4,87.7,60.0,5,4.7,6.3,2631.35,16.3
STU2689,18,7.0,81.5,78.4,75.7,74.8,1,4.5,7.3,3514.02,15.5
STU2690,19,5.2,86.2,44.9,57.5,93.6,5,6.7,6.5,3007.07,23.3
STU2691,21,9.9,65.3,89.7,53.3,69.0,5,7.3,2.0,2388.12,8.1
STU2692,20,8.0,100.0,98.6,78.5,46.7,1,7.4,5.0,2166.68,11.1
STU2693,17,5.3,82.2,72.2,60.4,73.3,4,6.2,6.0,1196.96,11.3
STU2694,21,4.4,62.4,72.5,80.1,82.0,6,6.3,7.2,1626.57,25.5
STU2695,18,8.4,94.0,64.2,67.1,54.4,2,6.3,2.7,2662.01,6.2
STU2696,23,7.7,74.5,47.5,91.4,91.1,5,7.6,3.1,6344.04,38.8
STU2697,17,2.4,92.4,63.6,56.2,59.9,6,5.0,2.1,3124.32,21.5
STU2698,16,7.9,83.2,96.9,91.0,57.1,5,7.0,5.0,5238.27,20.1
STU2699,24,5.2,66.3,88.2,83.7,39.7,3,8.3,5.5,805.37,9.5
STU2700,18,3.6,84.6,60.4,61.0,74.6,0,6.5,5.7,6063.11,6.2
STU2701,16,1.1,83.9,63.3,53.9,100.0,3,7.2,4.5,3831.98,4.4
STU2702,22,4.9,93.5,100.0,98.8,76.2,5,7.5,4.8,4912.76,3.1
STU2703,20,5.5,87.2,56.7,53.6,57.5,4,6.1,4.8,707.02,21.9
STU2704,20,9.0,69.6,61.3,72.9,78.7,3,6.9,4.5,1934.89,37.3
STU2705,16,7.6,92.0,65.6,73.5,83.6,4,5.3,1.3,1264.57,12.0
STU2706,24,4.2,77.9,51.6,68.2,89.7,4,7.6,3.1,3967.1,13.7
STU2707,22,6.4,99.2,63.9,80.5,49.0,5,7.2,6.1,3482.17,21.9
STU2708,23,7.3,78.5,64.2,53.1,96.4,4,8.5,4.1,4589.42,9.2
STU2709,24,5.7,79.9,58.5,98.9,73.6,3,8.1,4.0,1954.09,19.1
STU2710,21,4.2,73.8,91.9,54.8,99.8,1,8.5,7.5,4261.47,9.7
STU2711,20,4.3,77.0,54.5,65.7,72.6,0,8.6,7.2,2505.01,12.3
STU2712,21,6.3,74.4,69.9,45.0,79.8,4,6.1,3.5,5359.53,31.4
STU2713,17,6.4,93.8,58.8,84.7,53.9,6,7.6,8.0,3911.95,14.2
STU2714,19,4.9,68.7,68.9,98.2,86.7,5,7.9,4.6,1559.8,22.2
STU2715,18,0.5,90.0,58.1,100.0,51.7,2,6.2,6.6,3016.13,5.8
STU2716,22,2.7,90.3,73.1,86.2,74.6,4,8.6,4.9,1016.54,14.9
STU2717,24,6.9,95.8,76.8,62.1,62.7,6,6.9,3.7,5431.99,43.5
STU2718,20,0.8,82.4,93.0,68.0,68.5,3,7.8,6.6,3851.8,6.9
STU2719,21,8.1,71.7,63.2,62.8,88.4,4,8.4,3.2,3951.16,14.4
STU2720,17,7.8,80.3,96.3,48.6,64.0,2,7.6,4.7,4542.23,8.8
STU2721,18,5.6,87.9,59.9,63.3,88.8,6,9.4,5.0,2886.44,10.9
STU2722,18,6.8,82.8,68.4,82.5,63.1,1,10.1,4.2,968.43,20.6
STU2723,24,6.7,85.7,98.5,54.1,72.2,3,7.0,2.3,4680.96,14.6
STU2724,22,5.2,95.7,100.0,31.5,100.0,3,8.2,6.0,1549.43,7.0
STU2725,23,2.5,87.8,97.3,48.0,72.1,5,10.1,6.8,1467.4,6.6
STU2726,24,7.6,84.0,68.6,81.1,68.7,3,6.2,5.3,4076.43,11.5
STU2727,21,8.6,63.6,79.7,40.5,72.4,2,3.4,3.5,1779.08,54.5
STU2728,19,2.8,74.2,82.2,60.4,64.4,6,8.3,9.3,2787.6,18.1
STU2729,16,2.4,78.0,77.2,61.9,53.0,3,6.5,4.5,4009.49,15.0
STU2730,23,5.2,62.2,56.9,72.1,100.0,1,5.4,4.5,3931.49,11.8
STU2731,22,4.1,70.9,75.5,71.8,63.1,0,6.1,0.5,5114.38,8.0
STU2732,17,5.8,79.3,64.4,74.4,44.1,0,5.0,2.5,1748.46,3.6
STU2733,23,8.2,80.9,57.5,65.6,67.4,4,9.2,7.3,2051.96,7.8
STU2734,20,0.6,87.1,67.3,52.9,76.1,0,8.9,11.6,3141.19,29.8
STU2735,22,9.0,79.9,76.7,82.4,66.5,2,6.7,7.6,1084.07,9.4
STU2736,19,4.6,84.5,87.0,39.8,69.2,0,6.8,2.9,1484.13,8.8
STU2737,20,6.6,77.8,68.2,80.5,67.2,2,7.3,6.0,1404.29,6.3
STU2738,23,6.9,82.4,70.8,86.3,77.2,2,9.2,4.2,638.58,11.7
STU2739,16,7.1,86.5,84.1,100.0,83.9,4,5.6,4.3,1761.53,40.9
STU2740,16,5.6,96.7,73.1,55.9,66.7,0,6.8,2.4,2518.84,11.3
STU2741,19,6.2,76.9,77.7,59.0,100.0,4,8.6,6.0,2775.21,26.2
STU2742,18,6.1,83.4,73.2,68.9,87.7,3,6.6,2.5,1853.4,40.6
STU2743,17,4.1,90.7,75.0,67.7,69.9,1,5.9,0.5,1430.16,13.4
STU2744,18,1.6,67.6,55.8,81.4,47.6,6,7.2,4.2,2312.53,16.4
STU2745,16,2.8,100.0,73.8,76.4,71.9,0,4.7,0.5,1796.42,24.1
STU2746,16,5.3,93.8,93.4,62.4,83.8,3,7.5,3.4,538.96,11.5
STU2747,21,3.8,64.9,74.5,66.4,84.0,5,6.7,6.2,1424.89,4.6
STU2748,20,3.8,85.7,59.5,82.9,38.5,6,7.8,7.3,3052.66,23.3
STU2749,23,9.5,76.4,94.1,47.7,72.0,6,6.1,6.3,2484.19,9.3
STU2750,17,7.4,78.0,82.8,64.3,61.8,6,7.6,4.5,2830.4,3.1
STU2751,19,4.9,85.5,83.5,76.9,95.5,3,7.3,3.9,3729.64,12.2
STU2752,23,7.0,92.5,83.1,50.9,72.1,4,5.5,3.1,2984.56,9.2
STU2753,21,4.6,77.3,55.1,15.0,31.2,4,5.8,8.0,2646.5,1.1
STU2754,16,5.7,77.5,81.7,91.1,76.3,6,8.6,2.5,1921.78,31.7
STU2755,19,6.5,85.7,92.8,67.7,36.9,6,8.2,5.2,1603.06,27.8
STU2756,16,4.6,87.7,64.8,47.9,77.7,1,4.8,6.2,2603.38,11.4
STU2757,17,4.0,71.9,43.1,82.7,100.0,1,6.4,1.0,1285.05,24.6
STU2758,20,8.2,99.2,77.5,64.7,93.1,6,7.4,0.5,3960.44,5.2
STU2759,23,6.9,75.6,72.5,51.4,74.4,1,7.7,6.2,1346.04,17.9
STU2760,23,0.5,91.6,48.8,73.9,58.8,6,7.4,2.1,6210.02,17.8
STU2761,18,4.0,86.5,81.1,68.8,91.7,1,7.5,5.6,2412.0,18.4
STU2762,19,3.8,88.1,80.0,58.2,80.8,6,6.5,3.2,5246.6,9.4
STU2763,21,4.1,75.8,50.0,55.7,65.5,4,7.2,5.5,1244.15,39.6
STU2764,18,7.4,64.8,100.0,51.6,60.8,2,5.7,5.8,7286.63,17.8
STU2765,17,5.5,81.8,83.3,79.8,54.6,4,6.5,7.0,1235.56,15.4
STU2766,21,2.4,81.8,43.6,48.0,76.4,2,4.3,5.9,2413.99,8.6
STU2767,20,4.7,72.4,84.3,55.2,62.9,4,5.6,5.4,1071.31,27.3
STU2768,20,6.7,91.2,83.8,69.6,72.9,5,5.9,8.5,2534.54,5.3
STU2769,20,5.0,81.5,93.2,91.3,85.8,4,5.9,3.0,2282.14,9.8
STU2770,20,4.1,73.9,62.6,70.1,62.5,1,7.9,5.1,565.22,9.5
STU2771,18,6.2,87.9,84.5,77.4,81.0,2,5.0,6.8,2746.87,11.1
STU2772,22,9.1,88.1,68.5,69.6,90.8,3,6.2,0.5,3506.02,29.1
STU2773,21,6.5,74.8,63.7,82.5,76.7,5,7.8,8.0,1430.96,17.3
STU2774,19,8.4,94.3,59.0,99.0,81.9,3,5.3,4.7,2078.3,13.7
STU2775,17,4.2,100.0,43.5,61.0,76.8,5,8.6,5.9,2164.51,5.4
STU2776,24,5.5,71.1,80.1,68.2,70.3,3,7.2,4.0,7321.86,23.9
STU2777,16,5.4,80.2,67.9,70.8,84.2,1,7.9,5.9,2844.44,11.0
STU2778,19,5.8,85.4,31.0,76.5,97.4,3,5.8,5.5,1752.37,12.5
STU2779,16,6.5,100.0,73.1,70.1,84.5,6,6.0,2.8,1225.44,14.2
STU2780,21,3.5,74.7,89.4,59.3,66.7,4,6.8,4.1,822.25,5.0
STU2781,19,6.9,72.6,52.4,67.9,67.2,1,8.1,6.0,2304.87,7.0
STU2782,20,1.9,72.5,61.3,100.0,67.8,6,8.0,7.9,2697.2,5.8
STU2783,20,2.6,94.2,78.6,73.0,86.1,3,7.5,4.2,1138.55,5.4
STU2784,24,10.2,74.9,33.6,37.4,61.1,1,6.7,2.4,995.39,16.0
STU2785,16,4.4,73.5,64.0,61.7,52.6,4,6.0,5.7,3397.76,15.9
STU2786,17,7.1,84.3,77.2,68.2,78.0,1,8.4,4.4,4720.96,4.8
STU2787,21,9.2,85.1,63.6,65.8,70.4,3,6.5,6.6,2071.56,40.7
STU2788,20,0.5,92.7,52.5,66.9,95.2,1,5.0,3.5,3478.16,6.0
STU2789,22,8.0,82.9,53.2,72.6,31.6,5,5.8,2.3,2338.16,2.1
STU2790,18,6.9,84.5,47.8,76.1,73.5,0,6.1,8.1,13543.6,19.5
STU2791,18,9.1,80.9,62.5,72.1,63.1,3,6.6,4.1,2368.78,14.2
STU2792,17,2.9,69.0,87.8,83.2,83.8,4,6.9,3.2,6113.98,12.6
STU2793,18,8.7,80.0,100.0,44.1,65.2,2,5.2,3.6,3610.91,9.1
STU2794,16,3.9,82.6,72.5,64.0,60.2,1,6.4,7.8,1757.45,15.0
STU2795,20,7.8,77.6,83.5,74.9,85.9,5,6.5,9.6,3667.56,21.3
STU2796,20,5.4,66.4,57.9,72.1,91.7,1,6.7,3.4,2408.1,12.2
STU2797,22,7.2,70.7,40.6,57.6,68.3,3,6.0,4.6,1288.81,13.4
STU2798,19,5.6,81.6,99.8,59.5,68.7,5,10.2,5.6,2653.51,15.4
STU2799,18,1.5,91.3,63.1,54.5,91.6,3,6.5,1.3,1890.6,15.1
STU2800,16,0.5,98.8,82.8,83.6,89.7,0,6.2,4.0,2420.87,5.0
STU2801,23,6.0,80.2,74.4,38.4,87.5,4,5.6,8.8,2388.41,44.9
STU2802,18,4.9,74.8,86.9,47.5,63.2,5,8.0,4.3,2164.15,3.8
STU2803,17,6.4,78.3,86.3,74.7,58.8,5,4.6,7.5,1344.9,17.5
STU2804,19,4.9,71.5,76.2,76.7,97.8,1,4.7,4.9,5527.73,42.1
STU2805,18,9.9,89.9,77.8,42.6,80.4,1,7.0,0.7,2384.88,13.2
STU2806,16,6.0,100.0,90.2,78.0,57.4,2,7.6,7.0,2886.74,25.2
STU2807,18,4.5,75.1,65.9,70.9,68.2,6,6.9,4.3,2197.81,6.1
STU2808,17,6.2,70.1,95.3,76.3,71.4,5,9.6,7.9,1920.54,5.2
STU2809,23,4.6,92.1,61.4,69.2,68.2,1,6.3,5.4,2844.75,14.7
STU2810,21,5.7,85.2,73.1,74.8,65.0,1,6.6,5.0,6236.07,12.5
STU2811,24,2.8,85.3,81.4,75.4,90.9,6,6.9,5.9,907.78,14.0
STU2812,23,5.5,97.9,47.6,75.6,79.0,0,7.1,5.8,1230.38,22.5
STU2813,18,4.4,68.3,92.7,71.9,100.0,2,6.8,1.5,2019.08,9.0
STU2814,20,3.0,68.1,79.1,66.6,91.9,6,6.8,7.1,1498.22,6.0
STU2815,22,9.8,80.4,100.0,66.7,72.3,1,5.3,4.9,9266.05,1.6
STU2816,20,3.1,82.6,100.0,71.7,94.1,1,7.9,5.1,1993.95,9.8
STU2817,23,5.5,78.5,71.8,81.2,76.0,4,8.3,5.8,3403.69,9.8
STU2818,20,3.7,100.0,98.8,99.4,100.0,5,6.4,6.8,2078.28,0.6
STU2819,16,6.2,78.9,84.7,76.5,64.6,1,6.9,7.1,480.74,8.4
STU2820,20,2.7,76.5,75.5,74.0,77.7,0,9.0,6.3,1919.46,33.1
STU2821,19,7.3,83.2,47.1,87.4,59.8,1,6.0,1.5,1168.18,18.2
STU2822,21,10.0,91.7,50.6,74.3,63.5,5,7.3,4.9,3099.87,32.0
STU2823,18,3.7,74.7,72.1,51.0,64.2,1,7.1,3.1,2058.8,13.2
STU2824,20,8.2,80.5,64.6,56.3,91.0,6,9.1,5.4,1519.7,3.1
STU2825,17,4.7,92.0,75.4,97.3,73.5,3,9.4,4.6,2321.63,15.7
STU2826,21,8.8,92.5,92.6,56.6,28.2,1,8.0,9.1,1892.89,33.6
STU2827,21,10.3,84.2,85.0,77.1,71.6,2,11.0,2.3,4854.85,21.4
STU2828,20,5.0,100.0,61.6,52.2,53.4,5,7.0,5.0,3599.99,33.6
STU2829,21,2.2,100.0,85.9,88.5,62.5,5,3.0,5.2,7707.67,19.6
STU2830,22,7.6,67.9,58.3,60.6,89.6,3,6.3,4.1,3997.53,17.7
STU2831,20,6.0,65.1,54.9,69.3,47.2,2,6.4,5.0,3436.49,10.8
STU2832,16,6.6,90.0,77.7,64.3,49.1,2,9.0,9.3,3685.26,30.9
STU2833,23,4.8,95.7,59.8,76.1,41.8,5,6.8,5.7,4028.75,23.3
STU2834,19,3.6,79.8,62.4,70.7,63.4,0,8.7,8.0,775.98,14.0
STU2835,24,8.1,77.0,86.9,82.6,41.3,1,8.0,4.1,3501.35,6.5
STU2836,21,6.2,73.8,81.9,78.5,42.7,2,7.4,6.5,885.68,18.6
STU2837,16,2.3,70.3,66.4,72.5,66.1,1,7.5,3.4,721.49,6.9
STU2838,18,7.0,93.4,47.6,78.4,75.3,1,7.4,3.3,1213.29,8.0
STU2839,18,6.6,78.2,61.0,79.2,54.5,6,8.5,1.4,2948.31,35.6
STU2840,19,4.8,85.0,100.0,61.6,76.1,0,6.7,2.9,1073.68,5.0
STU2841,21,9.1,63.7,86.5,60.4,71.9,0,6.5,5.1,3479.01,4.0
STU2842,22,4.1,92.0,93.4,92.8,79.2,2,7.5,8.1,7238.49,11.1
STU2843,19,5.1,87.9,75.8,79.3,52.3,2,7.3,4.8,2046.55,17.0
STU2844,21,7.2,68.6,66.7,74.5,100.0,5,6.7,5.5,2852.74,15.0
STU2845,16,5.7,84.6,85.6,55.2,50.6,6,9.8,7.3,1583.57,8.3
STU2846,23,2.5,82.0,91.2,39.4,59.4,6,7.9,4.4,1127.33,8.0
STU2847,22,5.9,77.5,64.8,63.3,78.8,3,6.3,3.0,2202.98,3.9
STU2848,24,4.6,53.0,61.3,60.8,72.0,1,7.8,3.3,1506.33,11.1
STU2849,18,7.4,75.4,49.2,63.0,84.4,5,5.8,7.2,1852.02,12.1
STU2850,17,5.8,85.0,60.9,81.6,64.7,1,5.5,5.3,1554.86,8.9
STU2851,16,5.7,76.5,82.0,92.4,49.1,0,8.0,5.3,1046.41,13.9
STU2852,18,3.2,79.8,63.1,85.8,44.1,0,5.9,3.2,2315.69,9.0
STU2853,20,5.0,97.0,86.0,58.3,100.0,6,7.1,7.7,714.41,14.0
STU2854,17,7.6,81.2,100.0,76.6,64.8,5,5.6,8.7,3472.01,14.0
STU2855,18,3.8,61.0,72.4,60.2,67.2,2,6.6,5.3,833.42,14.2
STU2856,19,5.4,80.2,71.8,38.5,100.0,3,6.4,6.8,1699.97,18.6
STU2857,22,3.4,83.0,80.2,66.8,61.6,6,6.9,3.7,5341.67,19.6
STU2858,18,2.9,73.7,63.4,88.2,70.4,3,10.0,7.5,3979.41,25.2
STU2859,24,5.3,89.3,62.3,62.6,52.4,0,8.7,6.2,2497.49,15.7
STU2860,23,5.9,67.4,62.7,81.3,47.7,0,6.9,2.5,10390.72,2.1
STU2861,19,9.9,80.6,54.8,57.4,100.0,3,6.7,5.9,2656.94,8.4
STU2862,16,4.5,67.3,85.5,79.0,100.0,3,6.1,5.9,4972.32,12.7
STU2863,16,5.4,79.0,64.6,64.1,87.4,2,5.7,5.4,1663.97,30.5
STU2864,16,2.7,89.1,88.7,92.4,86.8,3,6.8,6.0,382.92,7.8
STU2865,16,6.8,80.4,79.9,63.0,82.8,1,8.7,4.9,2898.02,11.7
STU2866,23,6.4,79.8,71.7,59.3,57.4,3,3.0,4.6,3335.94,14.2
STU2867,18,8.8,82.3,84.1,91.5,74.9,4,8.3,5.5,3268.24,11.7
STU2868,21,7.9,82.8,57.8,58.8,61.4,3,8.5,4.3,979.32,24.7
STU2869,18,6.3,88.9,60.3,71.4,26.0,0,4.2,3.7,17324.57,5.5
STU2870,20,4.5,89.0,82.7,58.9,89.0,0,7.0,7.2,1219.11,37.8
STU2871,22,6.0,96.2,39.1,82.8,79.4,6,6.4,3.9,2671.48,1.0
STU2872,17,5.3,83.7,72.2,88.8,47.6,4,6.8,4.7,2942.41,7.6
STU2873,21,7.6,65.4,80.9,57.2,63.9,1,7.3,4.0,4258.0,17.3
STU2874,21,7.3,90.6,91.7,76.7,87.9,3,7.4,3.3,1596.98,17.5
STU2875,18,4.8,95.5,94.7,78.2,72.2,3,5.2,8.1,3512.06,17.8
STU2876,21,2.3,100.0,70.0,70.0,41.1,4,9.1,2.1,7158.32,22.6
STU2877,20,8.4,96.5,83.6,92.4,49.4,6,6.4,5.8,1855.83,11.2
STU2878,17,6.8,77.1,59.9,92.3,100.0,2,10.4,4.7,1799.45,26.7
STU2879,24,4.8,83.9,65.3,54.4,71.1,2,5.8,6.0,1296.79,13.2
STU2880,23,6.7,79.3,92.5,87.3,88.0,6,5.6,4.7,2928.23,8.0
STU2881,18,5.7,77.9,71.4,76.1,100.0,1,7.4,6.0,1404.04,14.2
STU2882,23,8.4,80.9,74.4,71.9,62.2,3,8.2,5.6,3918.91,23.3
STU2883,24,1.3,94.9,56.5,64.3,76.0,3,8.7,6.2,1826.11,8.1
STU2884,18,4.6,66.1,78.3,44.3,36.6,3,5.7,8.5,2139.73,52.3
STU2885,18,9.0,72.0,83.3,72.5,59.7,6,6.6,1.3,1308.72,3.1
STU2886,17,6.7,94.2,82.8,72.9,79.8,0,9.4,5.2,10117.07,21.5
STU2887,23,9.4,96.5,53.8,99.9,66.7,5,6.5,3.0,2671.16,5.9
STU2888,16,2.8,75.4,87.0,57.2,77.7,2,8.2,3.6,1181.53,3.2
STU2889,23,7.9,98.5,57.0,42.3,85.8,6,4.5,3.1,2993.49,4.7
STU2890,22,7.7,91.8,71.6,49.1,79.5,5,4.9,4.4,830.93,9.8
STU2891,22,1.8,79.3,47.7,93.5,75.6,4,8.3,7.2,1629.61,10.3
STU2892,18,4.8,57.6,69.3,60.8,73.2,5,6.8,4.2,3296.61,4.3
STU2893,16,5.3,65.3,56.9,89.8,60.3,0,8.0,5.7,3505.82,13.6
STU2894,19,1.9,75.4,65.3,68.1,54.3,0,6.2,6.8,4473.29,12.9
STU2895,24,4.9,89.6,72.9,52.4,93.0,2,4.8,3.3,5831.74,13.1
STU2896,20,7.4,89.6,84.4,100.0,83.5,3,7.1,3.4,2229.43,17.5
STU2897,16,4.6,77.3,83.9,89.1,56.6,1,5.2,5.0,4468.1,5.8
STU2898,20,6.0,79.7,36.9,65.1,71.1,5,7.2,1.4,4213.99,19.7
STU2899,23,6.0,81.7,82.2,83.9,46.3,6,5.7,9.0,4325.88,8.3
STU2900,23,5.5,79.8,75.1,70.0,61.9,6,7.8,5.0,953.5,15.3
STU2901,20,3.9,83.6,63.6,75.0,79.1,4,6.6,6.1,2959.27,7.8
STU2902,24,6.9,81.7,58.8,96.2,74.4,2,6.6,4.6,2070.21,4.1
STU2903,16,2.0,65.3,71.1,43.7,72.0,1,7.4,6.3,5833.83,40.5
STU2904,19,5.5,79.9,75.5,62.3,55.0,2,8.2,4.7,2680.6,18.3
STU2905,18,8.5,81.8,77.7,68.5,51.5,2,7.2,6.1,1930.29,4.3
STU2906,17,4.5,91.9,69.0,73.4,86.1,2,9.3,7.6,2042.57,12.7
STU2907,23,3.9,73.7,34.1,48.0,98.8,2,9.3,0.6,1967.74,8.6
STU2908,22,7.1,84.0,64.6,82.7,79.3,3,6.1,6.3,2769.69,5.5
STU2909,24,5.9,87.6,54.2,49.5,67.1,6,5.5,3.9,3082.04,8.2
STU2910,17,7.1,80.5,100.0,48.0,90.8,0,5.4,2.8,2192.82,12.5
STU2911,19,5.6,64.5,72.9,64.0,55.7,6,9.3,2.1,2025.71,14.6
STU2912,21,0.5,92.1,83.1,98.3,87.9,6,5.4,5.2,1343.77,18.5
STU2913,18,8.1,89.5,81.5,100.0,59.9,5,6.5,5.6,6384.53,7.4
STU2914,23,10.1,84.3,76.7,75.8,60.7,2,7.0,3.7,2090.3,7.5
STU2915,18,8.3,82.4,65.8,64.2,64.3,1,9.3,2.5,2921.59,16.7
STU2916,17,0.5,64.2,63.8,70.5,68.3,5,5.3,5.2,3276.69,17.2
STU2917,18,6.5,89.7,41.7,73.4,85.6,1,8.4,5.1,2986.38,14.8
STU2918,21,4.5,96.9,74.1,91.5,47.8,1,7.0,6.2,1853.51,8.2
STU2919,17,3.1,70.9,76.5,48.5,59.7,0,6.8,6.4,3679.57,7.6
STU2920,23,5.8,95.5,71.3,87.1,73.6,0,7.0,7.3,6336.88,9.6
STU2921,16,5.2,93.3,74.2,45.2,79.5,1,6.1,6.3,3876.01,10.9
STU2922,22,6.6,70.6,53.9,60.3,41.0,3,6.5,1.7,3314.53,10.0
STU2923,17,5.6,78.1,67.6,68.0,56.6,0,6.1,5.0,3810.38,12.9
STU2924,21,3.0,68.0,62.3,74.6,40.3,0,5.3,7.0,2609.45,13.1
STU2925,17,4.2,81.3,82.0,67.9,58.1,3,5.5,6.7,2089.25,17.2
STU2926,17,3.9,86.5,72.6,70.8,62.6,2,8.5,9.9,8676.4,28.3
STU2927,23,1.7,68.8,62.4,68.6,78.5,0,6.5,6.8,6772.66,14.8
STU2928,17,2.5,85.9,69.6,43.7,31.1,5,7.9,2.3,1828.76,21.4
STU2929,22,5.0,88.4,56.4,77.2,81.1,1,6.8,1.8,5227.09,25.8
STU2930,18,8.6,88.5,67.1,81.0,61.3,1,6.7,5.1,3385.26,29.6
STU2931,23,4.3,86.5,80.7,89.5,64.2,3,6.9,5.3,2720.21,13.9
STU2932,22,3.8,69.7,52.0,97.6,86.5,1,7.9,3.9,6661.75,5.6
STU2933,23,2.9,80.8,71.1,74.6,92.9,6,6.1,6.5,2697.13,3.8
STU2934,22,5.6,85.5,60.8,90.6,58.9,4,6.8,0.5,2950.3,22.9
STU2935,21,8.1,96.6,52.0,68.3,58.7,1,8.2,4.1,3435.31,19.5
STU2936,22,9.9,82.0,100.0,44.8,64.0,3,8.4,0.5,1120.6,53.5
STU2937,20,6.1,86.3,90.8,83.4,58.7,3,8.9,3.5,2985.84,22.6
STU2938,22,5.8,72.7,63.0,79.8,45.6,3,5.7,4.3,1016.59,11.5
STU2939,16,4.3,70.5,67.7,68.0,69.5,6,6.2,7.1,3657.9,12.4
STU2940,16,4.7,69.2,41.7,67.0,58.8,5,6.7,2.6,3558.72,29.9
STU2941,24,6.9,77.8,48.1,75.6,71.7,4,5.3,4.7,5367.32,2.2
STU2942,20,4.8,100.0,55.1,62.6,99.0,6,8.1,4.0,3754.84,33.3
STU2943,20,5.1,78.0,71.5,75.1,68.2,0,7.4,4.8,13343.66,15.1
STU2944,18,5.4,85.6,70.3,53.2,57.2,2,6.8,4.2,998.36,40.8
STU2945,20,4.2,87.6,77.0,55.0,65.4,1,8.3,4.5,2469.11,4.0
STU2946,18,5.3,71.1,82.2,46.9,72.2,5,6.0,3.7,4944.53,34.2
STU2947,24,1.1,77.6,76.2,100.0,67.2,0,8.5,5.7,5253.68,7.4
STU2948,24,6.7,88.2,55.8,69.2,60.4,3,9.3,7.2,1722.08,9.4
STU2949,21,10.7,86.3,76.9,87.3,41.8,0,7.4,5.1,5405.1,30.0
STU2950,16,4.3,62.1,81.5,50.5,80.8,6,7.0,9.0,965.49,8.0
STU2951,22,6.3,87.9,65.6,65.1,54.8,0,7.2,5.2,1481.28,2.3
STU2952,22,7.4,76.5,44.3,76.8,94.9,4,5.2,6.6,3266.58,18.0
STU2953,19,8.3,76.8,89.8,91.5,63.7,3,6.7,3.5,2999.41,13.6
STU2954,23,4.9,86.0,73.3,58.4,61.2,5,9.7,4.8,5650.21,10.2
STU2955,21,1.5,97.2,30.4,61.6,62.0,5,9.8,4.4,4464.46,17.1
STU2956,19,6.1,80.0,100.0,55.3,72.6,3,7.1,2.6,1880.94,8.1
STU2957,19,5.8,93.8,64.8,66.1,55.3,1,6.3,3.5,5664.81,20.7
STU2958,17,4.7,67.6,100.0,51.7,58.5,5,8.3,5.7,3576.23,13.0
STU2959,17,5.2,83.3,77.7,45.0,80.6,5,7.0,7.6,4281.6,13.4
STU2960,19,5.8,76.6,69.0,72.1,52.7,1,8.2,6.1,4210.02,23.1
STU2961,20,6.3,84.8,74.8,78.7,79.3,1,6.0,5.7,2135.18,7.5
STU2962,23,6.2,79.0,61.4,49.8,84.1,6,7.4,3.3,4754.9,4.6
STU2963,21,5.0,68.6,72.9,57.2,81.3,5,6.5,6.0,3124.88,8.0
STU2964,19,6.3,73.1,100.0,66.4,74.0,5,7.0,3.7,4508.05,13.0
STU2965,22,4.9,65.6,58.5,95.3,39.3,5,6.3,2.7,6583.58,11.7
STU2966,23,6.9,68.9,80.0,22.7,49.4,1,6.8,3.2,2348.02,10.9
STU2967,17,4.1,86.8,61.2,75.1,47.0,5,7.4,4.8,4917.09,13.1
STU2968,22,5.7,79.5,69.5,78.9,63.6,0,7.9,3.9,2001.14,11.4
STU2969,17,1.9,84.3,100.0,56.6,70.5,0,6.8,5.6,1848.92,10.3
STU2970,17,4.7,100.0,79.9,62.4,49.8,1,8.9,4.2,2487.49,20.1
STU2971,23,6.7,79.0,83.2,73.3,67.1,1,5.3,5.6,2483.52,38.9
STU2972,17,3.2,88.3,73.1,67.5,81.6,1,5.1,4.4,3380.21,4.9
STU2973,24,4.8,82.3,100.0,95.2,53.0,2,6.2,4.9,1201.15,30.2
STU2974,16,0.5,100.0,57.8,69.6,56.1,1,7.0,3.0,3604.78,5.4
STU2975,24,2.5,51.8,48.3,81.8,90.1,6,9.1,7.9,2272.64,33.6
STU2976,16,3.1,74.8,97.3,75.2,54.2,2,6.8,1.7,731.01,48.2
STU2977,17,5.7,88.5,66.3,79.1,75.8,1,5.8,10.0,3242.96,5.0
STU2978,21,6.2,74.5,78.2,55.6,91.1,3,6.2,5.9,6268.51,14.8
STU2979,21,5.4,87.7,97.7,71.2,49.9,4,7.1,1.9,4994.9,14.2
STU2980,16,4.7,81.4,78.4,67.0,51.2,5,5.6,5.2,2498.46,7.7
STU2981,22,4.7,90.6,100.0,56.5,66.1,5,9.5,5.4,1892.95,12.2
STU2982,23,7.1,70.7,74.0,82.8,71.1,0,4.0,8.0,4403.27,43.0
STU2983,17,6.0,83.7,61.4,35.8,59.1,3,6.0,2.3,1893.67,10.4
STU2984,23,4.8,86.7,36.7,89.6,100.0,4,6.3,2.3,2430.2,12.7
STU2985,24,8.3,83.3,76.5,32.5,79.2,5,5.7,5.7,13292.79,12.9
STU2986,21,9.8,83.5,38.5,65.5,56.3,5,7.9,5.4,6572.52,6.2
STU2987,20,2.8,94.0,76.9,83.1,46.8,2,6.1,7.9,2223.96,10.5
STU2988,24,6.6,65.2,93.9,49.0,68.9,0,7.8,3.0,3902.48,15.8
STU2989,24,12.0,83.2,71.7,74.8,77.5,2,9.1,2.8,7046.39,18.8
STU2990,16,6.1,69.9,74.9,73.0,100.0,6,8.6,8.7,3388.57,18.3
STU2991,18,5.8,89.6,85.7,73.2,71.3,6,7.2,4.9,1230.45,14.3
STU2992,24,5.4,73.6,82.0,62.4,65.9,2,7.0,3.5,3126.87,7.4
STU2993,17,6.6,57.3,89.4,60.6,53.4,0,8.1,6.4,2156.72,8.8
STU2994,19,7.2,89.8,71.7,42.9,76.3,4,6.6,0.9,2186.41,19.5
STU2995,19,2.8,79.3,38.2,66.3,87.3,0,6.4,5.8,1618.42,28.5
STU2996,17,5.4,85.6,89.6,82.7,39.6,1,5.7,3.7,1222.99,9.2
STU2997,18,0.5,96.3,68.4,60.7,71.3,2,7.4,4.0,1730.33,15.3
STU2998,18,5.0,85.7,58.8,61.5,52.7,1,5.6,7.6,4107.04,16.2
STU2999,16,3.5,83.7,77.0,93.4,46.9,0,6.1,5.9,4767.19,12.6
STU3000,21,6.2,81.5,74.8,65.4,98.8,0,9.7,2.7,10011.11,3.9
STU3001,23,1.9,70.5,60.8,73.6,85.1,5,7.9,5.1,1832.77,10.4
STU3002,18,4.4,79.8,52.7,76.6,59.7,6,7.5,5.2,1508.78,6.6
STU3003,20,7.6,100.0,79.0,65.4,67.3,4,6.1,4.5,4464.51,11.9
STU3004,16,4.0,78.2,59.3,78.9,64.6,2,8.0,3.1,961.4,12.0
STU3005,22,1.3,80.4,73.7,83.8,50.9,6,5.7,5.5,688.52,9.0
STU3006,16,6.1,94.6,77.6,82.5,60.8,3,5.0,6.4,4350.13,20.6
STU3007,24,4.2,66.6,86.5,84.2,83.3,0,6.3,5.9,1380.73,3.0
STU3008,23,5.1,88.2,100.0,34.7,60.4,5,5.5,3.6,1610.8,9.6
STU3009,22,3.9,66.1,75.6,49.2,77.9,3,7.6,4.7,3805.22,9.0
STU3010,22,9.8,86.0,65.6,59.8,60.5,2,7.5,0.6,2638.07,13.7
STU3011,20,2.1,81.8,96.9,55.3,49.9,1,7.3,8.2,2112.35,5.0
STU3012,20,11.7,88.1,87.7,56.5,90.3,2,7.8,3.8,1080.4,14.4
STU3013,20,4.6,71.9,74.5,82.2,33.8,6,7.7,4.0,1769.49,12.8
STU3014,16,5.9,76.6,75.5,69.7,100.0,4,6.1,2.4,1823.49,14.9
STU3015,23,4.2,88.6,72.4,65.8,87.0,3,7.6,6.7,1929.08,19.0
STU3016,16,4.1,76.9,74.4,64.4,73.1,5,7.4,7.1,3727.41,2.0
STU3017,19,3.8,89.6,70.5,61.6,62.4,6,6.2,3.9,3107.18,8.1
STU3018,24,6.8,84.1,57.4,64.1,63.7,3,6.5,2.7,2187.09,39.3
STU3019,24,2.4,77.5,72.1,90.2,73.4,1,8.1,5.0,2735.08,10.4
STU3020,20,6.3,78.8,98.4,39.8,73.1,6,5.3,4.3,8042.64,42.7
STU3021,19,0.7,82.0,59.8,88.4,53.7,5,7.4,6.5,3189.62,5.4
STU3022,18,6.1,79.8,67.9,100.0,71.2,1,6.9,4.7,6464.39,9.6
STU3023,18,7.4,89.3,58.6,88.3,74.4,0,7.0,4.6,1738.77,26.8
STU3024,20,2.7,78.3,89.4,52.2,64.9,6,6.6,6.3,2207.12,8.7
STU3025,16,7.0,76.3,84.4,60.2,100.0,2,7.5,1.8,2033.68,6.9
STU3026,20,5.6,91.1,52.8,84.5,67.7,6,5.0,4.4,3235.56,27.5
STU3027,21,9.0,77.8,41.7,64.0,40.0,6,7.3,5.4,3434.99,5.5
STU3028,22,3.6,76.6,85.0,59.9,52.8,4,5.6,4.1,3582.8,6.0
STU3029,24,11.7,57.1,51.9,66.4,82.0,0,8.3,5.6,547.83,21.4
STU3030,18,0.5,71.6,84.4,50.1,57.7,2,5.3,5.4,1406.29,19.2
STU3031,17,4.8,73.6,62.4,65.9,53.1,1,3.9,6.8,2965.15,20.3
STU3032,18,1.8,76.6,82.4,48.7,93.7,4,4.8,4.5,8423.5,6.8
STU3033,24,9.6,74.8,78.7,79.6,72.9,1,6.9,0.9,1802.24,13.7
STU3034,22,4.9,91.8,64.0,54.5,59.8,5,5.0,1.9,10656.69,19.4
STU3035,24,5.1,74.2,58.8,68.8,22.9,1,5.3,5.9,1051.67,15.8
STU3036,17,6.5,75.0,80.6,60.9,80.5,3,6.1,5.4,2931.47,0.5
STU3037,20,5.5,83.6,61.6,74.1,70.3,2,7.7,4.5,2252.8,16.9
STU3038,19,4.2,71.0,88.6,81.2,92.1,0,6.0,4.7,1813.03,34.9
STU3039,17,2.7,97.6,59.5,72.6,51.4,6,6.7,3.7,4492.16,10.5
STU3040,24,5.9,90.0,77.3,56.8,63.7,3,6.7,3.7,2379.8,21.6
STU3041,24,6.3,70.3,66.1,59.0,75.1,5,5.1,3.9,939.58,13.0
STU3042,21,7.0,92.1,72.1,100.0,91.4,2,7.5,4.4,698.93,8.4
STU3043,21,9.7,94.2,61.5,83.2,74.4,5,9.9,5.2,1254.24,16.7
STU3044,23,0.7,70.6,69.3,64.8,58.0,2,4.8,4.8,3771.86,6.9
STU3045,21,5.4,70.3,33.6,58.8,92.1,2,5.9,4.3,2193.01,16.6
STU3046,16,8.1,75.9,59.8,45.0,64.7,4,5.3,6.4,4899.76,2.2
STU3047,19,5.2,67.8,63.2,86.1,73.1,3,6.7,6.7,2271.08,6.4
STU3048,22,0.5,74.2,70.9,56.6,82.8,0,5.1,7.7,2995.65,48.2
STU3049,17,2.7,78.0,91.4,84.9,96.6,3,8.6,4.6,6671.52,27.4
STU3050,24,6.2,87.0,61.5,81.2,76.3,5,8.8,4.0,2214.16,40.2
STU3051,23,6.1,82.8,93.2,89.6,100.0,1,7.9,4.9,8932.23,21.0
STU3052,23,7.0,80.5,59.1,80.1,68.5,5,8.2,3.9,3888.22,30.3
STU3053,22,3.8,77.2,55.4,64.6,75.0,2,7.1,5.0,1354.52,8.7
STU3054,19,6.1,68.9,43.7,68.3,59.5,1,8.4,5.8,1142.03,23.1
STU3055,17,3.4,87.9,81.1,68.4,75.5,3,6.6,5.2,980.43,10.5
STU3056,18,6.1,87.7,73.3,63.7,75.1,0,6.3,4.7,2560.61,11.1
STU3057,21,5.6,75.8,80.2,42.0,87.8,1,7.9,6.3,866.65,4.8
STU3058,20,3.7,71.0,74.0,33.5,77.6,1,6.5,8.4,7895.35,17.2
STU3059,23,8.9,97.6,71.9,80.1,61.0,6,9.8,3.6,10714.87,9.1
STU3060,21,1.7,84.5,76.3,65.1,74.4,4,8.4,5.7,882.5,4.3
STU3061,21,5.2,86.0,100.0,83.4,58.6,3,6.3,4.6,2943.38,16.5
STU3062,16,3.6,86.4,64.9,61.9,79.3,1,6.8,3.3,698.35,13.4
STU3063,19,9.5,70.0,100.0,68.0,60.5,3,6.8,3.6,3968.09,33.8
STU3064,20,6.8,97.0,84.8,82.9,46.2,0,6.0,4.2,4616.05,10.1
STU3065,18,4.1,78.0,77.5,92.9,50.8,1,8.2,8.1,2495.68,10.1
STU3066,24,4.9,90.2,80.3,62.9,50.0,0,5.9,6.9,3036.46,25.7
STU3067,16,9.6,96.6,24.1,52.0,61.0,5,6.9,3.2,1628.36,14.2
STU3068,21,3.4,82.8,68.1,87.4,55.6,1,6.0,6.1,2572.19,11.5
STU3069,21,1.6,70.2,61.9,63.4,69.6,6,6.3,3.1,3976.07,12.5
STU3070,20,6.1,57.1,100.0,60.2,63.3,2,8.0,3.7,2213.76,26.1
STU3071,20,6.2,81.6,66.9,61.6,78.8,4,7.9,7.6,5542.6,19.5
STU3072,20,7.0,84.5,71.6,56.5,76.5,4,6.5,9.0,1598.29,3.1
STU3073,21,7.0,76.2,71.3,80.4,64.5,4,8.5,1.2,2032.27,23.5
STU3074,23,9.4,83.4,52.4,46.6,91.1,0,7.7,5.1,653.41,18.7
STU3075,17,1.7,86.3,63.6,69.6,54.3,3,7.2,5.8,11307.68,15.9
STU3076,21,2.9,91.9,84.3,72.0,87.1,6,8.2,4.5,685.41,9.6
STU3077,16,7.0,79.7,40.0,58.4,72.7,4,8.8,5.3,5155.07,34.6
STU3078,19,3.1,81.5,76.7,93.4,63.3,5,7.6,4.2,3299.3,17.8
STU3079,18,2.3,80.2,58.5,82.4,89.2,1,7.4,6.3,2490.88,20.6
STU3080,24,9.6,82.3,91.5,60.7,79.5,1,4.5,4.3,1401.86,8.4
STU3081,18,1.9,76.9,77.9,66.3,51.7,2,7.3,6.1,1851.54,5.0
STU3082,21,4.7,76.8,49.2,82.3,76.2,0,7.6,7.0,1938.31,11.2
STU3083,16,5.4,77.4,65.8,69.3,76.2,1,7.4,6.7,1778.61,4.4
STU3084,21,8.4,83.6,78.8,90.4,87.1,1,5.8,4.6,628.0,17.0
STU3085,19,1.4,73.5,67.4,77.1,80.0,6,6.1,0.5,3651.87,10.3
STU3086,23,6.4,77.5,74.2,72.0,81.2,2,7.9,6.0,3824.44,15.2
STU3087,24,3.5,100.0,71.7,71.9,62.5,2,6.5,2.1,1993.97,34.4
STU3088,19,6.9,91.0,85.0,100.0,66.4,3,7.2,5.9,2429.07,7.3
STU3089,21,3.5,72.4,78.6,51.7,65.7,3,4.3,5.8,3638.16,17.9
STU3090,16,9.0,90.6,71.3,50.5,42.8,3,7.0,4.6,1018.47,26.4
STU3091,19,3.5,88.3,72.3,64.1,91.9,1,8.0,5.1,873.34,13.2
STU3092,22,0.5,81.0,55.8,90.5,51.0,2,7.4,7.9,2515.17,11.0
STU3093,16,3.8,74.9,94.0,28.6,74.6,5,6.8,7.6,2019.74,11.6
STU3094,23,4.9,73.8,100.0,37.5,64.4,0,5.6,4.3,1895.65,26.6
STU3095,21,7.9,84.2,67.0,61.6,65.9,3,4.7,1.2,3702.79,22.6
STU3096,20,2.7,73.5,72.7,100.0,81.5,5,6.0,8.1,1933.54,12.8
STU3097,24,2.8,93.0,87.2,68.4,56.7,4,8.4,1.8,3331.45,11.8
STU3098,17,7.6,95.8,87.1,49.4,77.8,1,6.9,5.2,7923.79,30.3
STU3099,20,2.5,81.6,74.7,81.2,77.9,0,7.9,4.9,9787.83,19.6
STU3100,21,5.1,93.4,57.4,94.6,56.8,1,8.9,5.9,4386.81,7.6
STU3101,22,5.2,77.9,99.3,57.8,85.5,5,7.2,7.6,531.67,8.9
STU3102,20,6.0,74.9,82.2,75.3,93.2,3,8.1,5.1,3768.52,7.4
STU3103,24,3.9,93.0,75.3,70.5,100.0,5,8.5,4.0,6868.93,3.3
STU3104,16,3.5,97.8,61.2,77.2,65.5,5,5.2,5.6,2973.65,12.4
STU3105,22,6.2,100.0,72.9,60.7,73.2,6,6.0,2.3,1621.62,24.1
STU3106,22,3.5,85.3,44.8,78.1,74.3,1,4.8,3.6,1915.11,15.5
STU3107,19,2.5,90.6,83.1,81.4,81.3,3,4.6,4.6,5559.6,29.6
STU3108,24,8.2,85.1,86.8,79.4,99.7,1,6.4,6.1,1769.22,14.5
STU3109,20,6.6,96.0,75.4,42.0,78.3,3,6.7,7.8,1346.38,25.4
STU3110,19,9.4,86.3,57.6,45.1,78.7,6,4.6,7.2,1635.24,28.7
STU3111,22,7.2,90.1,78.8,57.0,51.4,2,7.6,6.8,2595.65,35.1
STU3112,19,2.7,70.6,83.8,72.3,100.0,2,6.4,7.2,2163.42,15.6
STU3113,18,5.7,79.7,60.9,76.9,61.9,6,8.9,6.2,877.43,16.2
STU3114,24,3.3,90.1,86.0,51.1,24.8,6,7.2,5.2,1892.21,18.7
STU3115,23,1.9,89.2,79.9,73.2,31.3,6,7.2,3.0,8579.07,15.7
STU3116,16,4.5,91.0,67.9,83.1,75.5,6,6.7,5.1,2822.72,16.5
STU3117,22,7.7,83.2,63.6,78.7,48.4,2,6.8,1.7,3720.89,13.1
STU3118,24,6.1,75.5,69.3,60.6,70.9,2,7.5,4.0,993.04,4.1
STU3119,23,2.4,81.4,57.4,62.1,44.6,6,8.2,5.1,3851.75,21.9
STU3120,23,4.4,82.5,75.9,47.2,75.2,2,5.3,5.1,6650.94,4.8
STU3121,21,5.2,84.4,80.4,95.8,79.6,4,5.9,3.7,3074.08,4.2
STU3122,19,1.8,72.3,89.5,75.6,73.0,1,7.4,1.6,1141.42,9.8
STU3123,23,7.1,79.3,76.5,42.2,58.2,5,6.9,3.9,3790.93,5.6
STU3124,18,5.0,81.1,77.9,87.6,84.9,6,8.0,4.5,4236.94,23.6
STU3125,24,2.4,59.6,68.0,78.5,63.2,2,6.1,5.4,1585.67,6.1
STU3126,17,2.3,90.3,58.9,87.1,66.8,4,8.6,6.4,5007.93,8.1
STU3127,17,7.9,83.6,65.6,59.1,61.3,6,6.3,4.4,3352.02,6.7
STU3128,22,4.7,84.7,93.4,61.3,65.4,4,6.6,4.2,684.55,25.0
STU3129,19,8.1,76.8,81.5,55.0,100.0,1,8.4,3.7,1705.92,1.5
STU3130,23,9.0,87.9,78.1,100.0,69.9,1,7.7,4.9,2009.12,7.3
STU3131,24,7.7,73.7,44.8,60.0,48.4,3,9.6,6.9,2408.99,37.0
STU3132,22,4.3,75.3,76.7,52.7,53.7,3,8.2,2.9,2492.77,8.3
STU3133,20,0.5,88.3,52.1,57.6,65.3,2,8.7,1.1,4176.08,10.8
STU3134,23,6.2,85.6,53.1,62.8,56.5,0,6.6,5.4,4272.18,17.8
STU3135,19,10.1,69.2,54.8,92.9,86.1,3,8.7,7.4,7145.03,18.1
STU3136,17,5.4,97.8,60.4,72.4,45.9,0,7.1,5.6,3115.72,5.1
STU3137,21,1.1,74.4,84.5,87.7,68.0,5,4.1,3.0,6526.96,5.2
STU3138,24,4.0,80.7,75.4,72.6,87.2,3,7.6,4.8,4579.13,12.5
STU3139,16,5.1,99.5,57.9,65.1,59.3,5,7.7,5.1,5549.58,14.1
STU3140,22,3.1,61.4,63.3,51.3,77.5,4,5.6,6.4,7055.12,16.3
STU3141,24,0.5,64.9,79.5,93.5,69.3,4,7.5,3.3,2007.21,7.9
STU3142,24,5.3,86.4,82.5,83.9,69.5,5,7.2,8.1,2372.22,29.2
STU3143,18,3.8,57.2,74.0,85.3,78.7,4,8.6,4.2,638.47,11.0
STU3144,20,9.4,61.6,54.8,82.8,38.4,5,7.6,3.7,5127.2,13.1
STU3145,23,5.7,93.8,65.8,56.6,90.5,0,7.0,5.6,4867.26,33.7
STU3146,23,6.5,77.9,100.0,72.2,37.8,2,5.3,2.2,2746.45,27.9
STU3147,19,5.2,100.0,53.8,85.4,89.3,5,4.4,9.1,4195.41,9.6
STU3148,16,5.7,71.7,77.6,83.1,77.4,3,8.6,5.9,5007.98,25.7
STU3149,16,1.9,78.8,100.0,70.5,78.0,3,7.5,4.4,2531.42,11.5
STU3150,19,3.2,87.4,67.9,99.6,97.4,0,6.7,3.0,3306.34,10.8
STU3151,21,7.9,86.7,99.5,76.5,90.1,5,7.7,4.6,2476.98,36.6
STU3152,23,6.0,79.5,61.7,89.2,83.8,4,6.7,6.9,2344.17,20.5
STU3153,21,4.6,75.5,42.4,71.2,65.0,2,4.4,4.2,1607.65,24.7
STU3154,24,6.6,84.3,63.3,62.1,63.9,3,8.3,3.5,1004.11,8.8
STU3155,24,6.6,95.8,60.6,83.5,84.3,2,8.5,6.4,1085.15,25.2
STU3156,17,9.9,89.6,46.9,79.7,77.7,2,6.6,2.9,2386.39,38.7
STU3157,16,5.9,75.7,65.7,73.5,75.1,1,6.9,5.5,1206.43,2.1
STU3158,17,3.2,72.1,86.9,54.5,69.0,2,6.2,5.8,1353.07,1.1
STU3159,20,5.2,75.1,63.1,84.2,63.1,5,9.4,5.8,1468.11,3.1
STU3160,19,6.8,69.3,66.4,55.3,46.4,6,8.6,5.9,2081.96,14.8
STU3161,19,7.7,83.5,92.6,80.4,80.9,1,5.9,3.1,5213.1,11.8
STU3162,24,1.9,90.1,60.8,50.4,66.9,6,7.8,4.6,623.89,25.5
STU3163,23,6.1,81.3,81.3,54.4,65.8,0,5.9,4.5,2578.62,1.3
STU3164,21,3.5,99.2,46.4,72.7,39.2,4,5.9,5.3,1370.81,9.6
STU3165,16,4.3,99.8,57.5,77.3,71.6,1,6.4,1.4,2426.26,30.0
STU3166,17,7.4,85.1,68.8,71.5,46.8,6,6.2,2.2,1668.98,20.5
STU3167,21,7.1,89.0,90.1,59.6,62.6,2,5.0,9.3,2216.5,17.5
STU3168,17,4.0,73.0,58.3,85.8,83.5,4,8.7,6.5,916.44,2.5
STU3169,20,5.2,78.4,58.1,70.2,71.1,2,7.3,4.6,3264.79,24.7
STU3170,20,4.3,94.7,76.1,71.1,68.2,2,9.0,5.2,2603.25,21.6
STU3171,21,11.9,76.2,78.5,65.5,57.6,1,6.8,9.0,2764.28,10.2
STU3172,21,6.1,96.9,56.5,56.4,60.7,0,5.1,1.3,4687.51,12.3
STU3173,21,3.7,93.1,64.2,86.0,97.0,6,8.3,5.2,1000.02,13.5
STU3174,17,8.4,89.5,88.3,57.7,83.3,2,7.3,4.3,1230.29,16.5
STU3175,18,8.5,70.3,54.3,95.2,62.1,5,6.7,7.5,7357.85,10.1
STU3176,21,9.4,78.9,77.1,54.8,68.2,1,8.6,6.1,3562.5,7.6
STU3177,23,10.1,88.4,64.2,73.2,74.2,5,5.3,9.3,715.55,5.0
STU3178,16,7.1,72.1,93.0,69.1,77.4,5,8.3,6.6,2223.39,9.4
STU3179,16,4.7,80.1,80.7,66.2,69.6,6,7.9,4.1,5000.78,11.0
STU3180,17,5.1,89.5,85.2,78.9,39.9,2,7.3,4.5,9682.97,10.3
STU3181,21,4.9,76.3,63.9,80.6,69.5,6,5.1,6.4,6882.41,7.0
STU3182,24,4.6,73.5,84.4,76.6,68.4,5,8.2,7.9,1859.18,8.6
STU3183,19,8.2,64.0,84.0,51.0,100.0,6,8.0,3.6,2303.81,3.3
STU3184,18,5.5,78.1,79.8,49.3,100.0,4,7.3,5.5,767.71,14.6
STU3185,23,7.6,89.7,67.8,48.3,80.9,0,6.9,1.1,2673.49,17.4
STU3186,24,7.0,73.3,74.4,64.1,58.5,2,5.5,4.4,2854.45,9.9
STU3187,20,3.1,82.2,44.2,100.0,81.5,5,5.5,8.5,4509.16,11.7
STU3188,24,1.7,79.8,98.4,67.2,41.1,0,6.0,8.0,597.73,32.8
STU3189,17,2.8,75.3,62.9,100.0,60.9,6,5.0,6.5,1371.27,16.1
STU3190,18,4.6,90.4,67.0,67.5,42.4,0,5.0,8.6,2159.31,7.3
STU3191,22,5.8,98.4,52.2,70.6,79.4,4,6.4,4.5,4418.05,4.4
STU3192,22,4.1,92.0,82.1,77.5,49.4,4,5.3,4.9,1926.17,6.8
STU3193,21,7.0,75.0,79.9,63.3,65.1,3,6.7,4.4,11569.97,1.6
STU3194,21,4.3,100.0,67.6,71.6,69.2,0,7.1,6.3,1238.58,20.6
STU3195,17,6.1,92.0,37.0,40.8,69.5,2,5.1,10.8,1815.33,21.6
STU3196,21,5.8,77.4,61.3,53.8,62.0,4,8.1,5.7,1230.23,20.5
STU3197,19,9.3,74.2,78.9,41.1,75.7,2,8.3,2.7,2187.61,6.2
STU3198,18,3.4,93.2,75.8,79.6,48.7,0,4.2,2.8,3403.2,10.5
STU3199,17,10.4,83.7,71.3,46.2,99.6,4,8.8,3.3,2813.46,11.5
STU3200,16,4.2,73.5,65.6,90.6,52.4,3,7.7,3.4,1426.42,3.1
STU3201,20,2.6,80.5,48.3,73.7,70.7,0,7.1,3.2,5531.9,27.2
STU3202,17,5.0,77.9,86.5,83.4,80.6,2,8.9,5.4,6135.22,25.0
STU3203,17,12.0,73.8,50.4,57.7,81.6,3,7.1,2.1,1586.33,8.1
STU3204,22,7.5,92.1,68.9,50.0,83.2,0,6.0,6.0,18595.05,25.9
STU3205,23,6.8,89.8,56.5,62.4,42.9,4,5.1,7.0,1218.98,10.6
STU3206,23,7.2,90.4,86.9,85.0,54.4,5,6.8,3.8,2564.64,34.0
STU3207,19,3.8,90.2,80.7,100.0,72.3,0,6.8,5.7,2565.86,11.6
STU3208,16,6.2,72.8,66.6,76.1,78.2,1,4.8,6.3,1203.82,12.0
STU3209,22,5.5,76.0,82.4,46.9,91.4,2,6.5,6.8,2846.09,35.2
STU3210,16,9.5,96.6,49.6,52.4,61.3,4,9.0,5.2,2311.29,12.2
STU3211,19,5.3,83.1,70.8,44.2,54.6,4,7.7,3.1,3284.95,4.8
STU3212,23,4.7,67.3,56.2,65.9,60.7,1,5.2,5.2,2498.5,18.2
STU3213,17,2.9,84.2,87.4,63.6,100.0,5,7.4,4.7,4205.1,3.4
STU3214,21,5.8,88.5,77.6,65.8,95.5,3,7.9,5.3,3699.49,26.2
STU3215,21,6.1,87.2,81.7,50.8,67.1,4,8.3,3.0,1313.11,11.1
STU3216,24,2.9,72.6,63.7,49.2,91.8,6,7.8,2.0,2056.05,30.1
STU3217,20,6.5,100.0,83.2,69.5,60.3,3,8.5,1.0,1470.23,19.6
STU3218,19,6.0,67.0,55.2,75.8,86.2,3,8.0,1.5,7388.76,24.2
STU3219,20,7.7,83.1,57.4,49.0,46.6,3,6.7,1.4,4651.73,14.9
STU3220,20,8.2,99.4,69.4,75.6,76.1,5,7.4,7.0,3098.38,26.1
STU3221,23,5.7,87.9,58.0,83.1,87.3,0,6.7,5.5,3539.5,4.5
STU3222,23,3.2,90.4,82.6,30.7,64.4,1,7.5,5.1,2320.58,14.2
STU3223,17,3.7,71.5,64.9,93.2,80.4,2,8.0,4.3,2762.36,11.3
STU3224,22,9.4,85.5,55.8,79.2,60.5,1,6.9,1.2,1537.62,18.5
STU3225,23,5.9,81.6,53.8,83.3,75.2,4,7.4,5.8,1624.44,20.1
STU3226,21,9.3,70.7,82.5,51.7,61.8,1,6.4,5.5,3733.46,12.2
STU3227,20,6.6,90.7,33.8,80.6,83.9,2,6.6,5.1,1241.41,4.9
STU3228,24,7.2,73.8,56.8,82.4,48.5,0,6.9,3.5,1582.74,30.8
STU3229,18,7.6,75.0,93.0,57.6,52.7,4,6.3,3.6,2157.33,9.4
STU3230,19,2.8,86.3,66.8,80.5,92.2,0,8.7,6.0,937.06,6.3
STU3231,24,6.2,80.6,82.7,65.8,28.2,4,7.8,3.5,4791.68,6.5
STU3232,21,2.8,83.7,78.4,58.1,59.1,2,8.0,7.1,3834.79,20.4
STU3233,23,4.9,80.0,69.1,64.9,67.6,0,7.7,8.2,3302.96,15.3
STU3234,22,6.9,96.1,47.1,70.7,76.0,2,7.2,7.2,1940.93,14.9
STU3235,17,3.2,72.7,52.1,63.2,61.9,2,5.4,5.2,5362.17,12.8
STU3236,18,6.7,77.4,51.9,55.3,50.9,5,8.5,4.8,3261.21,28.4
STU3237,16,2.2,86.8,79.2,74.3,90.8,1,9.7,5.2,4750.69,10.6
STU3238,24,8.0,72.1,82.0,77.0,87.9,4,7.9,6.4,4933.96,9.9
STU3239,22,4.0,71.7,58.8,70.3,63.6,3,6.0,7.9,1833.19,10.0
STU3240,16,3.2,83.4,70.8,42.1,39.6,3,7.8,6.1,1405.94,6.8
STU3241,18,2.3,90.7,72.1,58.6,75.2,0,6.0,1.6,1301.21,31.1
STU3242,19,4.2,92.0,73.2,54.5,73.1,2,6.4,3.1,2599.89,49.8
STU3243,19,1.3,82.9,60.6,95.7,58.7,1,3.9,4.7,425.72,20.2
STU3244,20,4.3,75.3,96.6,69.9,36.8,4,8.8,7.0,1246.08,10.9
STU3245,18,7.9,84.8,82.2,63.5,65.4,0,7.4,9.6,1591.57,23.4
STU3246,18,5.1,87.7,73.1,59.1,83.0,2,7.7,5.1,1670.55,17.3
STU3247,16,2.9,84.6,64.2,66.0,85.6,5,8.0,6.3,3684.12,0.5
STU3248,22,6.0,94.3,59.5,80.0,69.2,3,7.6,1.9,984.47,8.8
STU3249,16,5.8,71.9,78.0,38.7,59.4,3,8.3,3.6,831.06,12.5
STU3250,17,9.8,75.0,64.9,71.7,82.5,4,8.8,5.7,841.69,12.2
STU3251,19,7.2,93.0,74.0,59.9,50.7,4,7.0,0.9,3517.46,11.2
STU3252,19,6.2,67.3,43.5,74.9,47.0,4,4.8,5.5,1712.79,5.1
STU3253,20,7.5,76.6,64.1,80.8,68.5,0,5.9,4.2,1673.83,12.6
STU3254,17,5.2,74.7,70.4,56.9,96.3,4,7.8,5.1,7765.67,7.1
STU3255,19,5.3,66.4,86.5,46.1,96.9,0,5.7,3.6,3322.65,21.6
STU3256,16,9.1,80.1,58.2,63.1,47.6,1,6.9,6.0,1556.15,4.0
STU3257,17,1.9,89.5,49.7,88.6,62.6,2,10.3,7.1,1014.7,19.2
STU3258,16,7.6,83.6,78.7,81.4,100.0,3,8.4,6.5,8493.25,13.6
STU3259,19,5.3,90.0,71.0,62.0,58.3,6,4.4,6.4,2919.03,14.9
STU3260,19,4.9,93.9,46.2,57.8,97.5,6,10.0,6.1,1883.9,27.5
STU3261,22,4.3,78.1,46.9,59.1,86.6,0,8.8,5.0,2840.72,6.8
STU3262,24,5.8,100.0,62.3,47.2,90.2,2,7.9,4.1,1906.65,15.9
STU3263,24,5.4,78.5,70.7,80.6,62.4,5,7.2,6.8,3479.51,16.1
STU3264,20,4.6,79.9,92.8,83.5,62.9,4,5.2,3.2,830.59,11.5
STU3265,16,4.0,74.9,55.8,61.8,54.5,3,6.5,6.0,1925.42,14.6
STU3266,16,1.3,87.5,80.1,60.0,83.6,5,4.4,5.9,1257.93,14.0
STU3267,21,3.9,79.1,42.6,56.8,42.2,0,8.2,2.9,2374.95,1.7
STU3268,17,4.4,81.2,77.4,60.8,67.2,4,7.2,3.1,1343.02,10.3
STU3269,23,5.8,79.9,94.6,56.2,97.8,2,6.0,6.0,1693.78,28.8
STU3270,24,9.8,79.7,74.1,65.5,80.1,1,8.3,5.4,1748.23,22.0
STU3271,19,4.1,83.6,62.0,80.6,87.0,2,7.4,5.7,2956.77,11.1
STU3272,20,3.2,77.5,90.5,78.9,42.1,0,9.1,4.6,1950.21,11.0
STU3273,23,3.9,78.0,77.2,54.6,53.1,1,6.4,8.1,1292.54,6.2
STU3274,18,5.8,92.7,74.3,70.4,90.1,1,8.8,6.2,3269.21,42.3
STU3275,20,6.8,79.1,56.7,78.3,72.1,4,7.3,7.7,9698.59,20.8
STU3276,18,7.1,85.8,77.5,53.0,52.3,2,6.0,4.5,1981.73,3.5
STU3277,18,7.3,73.1,61.7,70.3,80.6,0,7.8,7.0,5829.42,16.5
STU3278,18,7.6,77.6,76.7,87.4,60.9,5,7.1,4.4,915.1,6.8
STU3279,22,4.9,69.7,72.7,64.1,100.0,5,7.6,4.3,1522.58,14.4
STU3280,22,10.0,100.0,88.3,35.7,80.2,1,5.7,2.6,5801.39,3.8
STU3281,22,4.7,95.8,63.4,27.7,54.3,4,4.0,5.9,2881.83,8.1
STU3282,23,5.7,88.0,69.8,73.0,85.0,5,6.4,3.0,1567.97,16.3
STU3283,20,8.4,100.0,84.0,69.7,97.5,1,7.7,3.8,4303.41,19.4
STU3284,20,6.7,89.7,68.5,71.0,69.9,6,7.7,2.3,1275.2,12.9
STU3285,19,0.6,80.3,71.7,75.8,56.9,2,6.4,1.2,2608.21,22.2
STU3286,22,5.5,85.7,65.9,44.3,70.8,5,7.3,4.8,4595.01,44.5
STU3287,19,7.4,95.6,69.5,55.1,59.6,3,6.5,3.6,3168.64,25.8
STU3288,17,2.5,73.2,82.1,74.8,65.6,6,6.8,5.7,12774.37,4.0
STU3289,19,7.2,70.3,99.5,79.8,46.4,0,8.6,4.9,1731.69,7.1
STU3290,23,6.4,86.1,46.8,63.9,84.9,6,5.3,7.1,3925.87,16.4
STU3291,24,8.1,76.1,53.0,45.1,50.5,3,9.5,8.9,4428.8,34.3
STU3292,18,4.0,59.4,69.9,73.4,80.3,2,7.2,7.3,2167.92,22.5
STU3293,22,7.7,69.6,72.7,68.8,64.8,3,9.6,5.1,1362.37,25.7
STU3294,24,5.9,78.9,68.7,51.1,73.8,2,9.4,6.3,5317.02,6.2
STU3295,19,9.4,82.5,63.7,36.3,61.9,2,4.0,7.6,1799.99,15.8
STU3296,18,11.6,82.8,53.5,77.1,73.3,4,7.2,4.0,3798.78,17.6
STU3297,20,8.9,100.0,62.8,58.1,77.4,6,5.7,6.8,3301.14,3.3
STU3298,16,6.6,79.9,84.3,71.0,64.0,3,6.8,7.6,2712.86,8.7
STU3299,18,10.6,84.8,73.4,70.4,40.6,1,7.6,5.2,6003.65,14.1
STU3300,23,6.8,65.7,82.1,49.6,75.7,2,8.9,5.9,3110.72,11.9
STU3301,23,3.5,81.7,53.9,74.7,76.6,6,5.6,9.1,3759.87,10.2
STU3302,19,5.4,85.3,93.7,54.2,45.6,3,10.3,3.7,3251.12,4.2
STU3303,17,7.2,68.2,63.6,44.1,53.3,1,6.2,4.5,2626.94,16.3
STU3304,23,7.3,72.7,79.1,42.0,64.1,0,5.3,6.1,1951.57,28.3
STU3305,23,3.0,86.9,70.1,67.9,31.0,1,8.4,3.2,2468.56,10.5
STU3306,19,3.1,76.5,63.9,93.5,82.0,3,7.2,4.9,3735.11,9.2
STU3307,18,4.7,81.0,78.5,68.7,61.7,3,9.9,2.6,3395.13,7.1
STU3308,17,6.7,87.4,81.0,96.5,74.9,1,5.7,1.2,3685.65,7.4
STU3309,24,7.0,100.0,100.0,91.2,51.9,1,7.2,5.5,20000.0,14.4
STU3310,16,5.8,79.8,81.6,76.3,100.0,5,8.7,2.3,1805.1,11.9
STU3311,22,3.7,99.7,81.4,93.2,45.8,2,5.9,3.2,892.42,11.2
STU3312,20,9.3,62.4,89.2,91.4,61.5,3,8.7,7.0,1916.27,15.9
STU3313,23,3.1,83.5,80.0,86.9,90.4,2,7.5,5.3,1983.53,12.8
STU3314,19,8.4,78.7,71.4,37.9,50.5,2,5.7,4.9,3327.14,24.7
STU3315,22,7.1,76.7,76.9,64.2,71.5,6,8.6,4.3,2121.85,21.3
STU3316,20,8.3,88.6,84.8,56.9,80.7,0,6.7,8.1,4023.09,8.6
STU3317,20,4.5,79.9,92.9,86.7,44.4,6,8.5,9.5,1518.16,27.1
STU3318,24,5.2,61.8,49.3,63.1,58.6,3,6.1,6.2,3639.23,14.7
STU3319,24,5.6,66.1,43.6,96.0,73.2,2,5.1,0.5,971.78,9.8
STU3320,24,4.5,89.2,92.2,69.6,77.7,0,6.4,4.9,2491.46,6.5
STU3321,21,6.0,65.6,60.0,67.6,56.0,5,6.8,2.9,1475.62,25.7
STU3322,21,9.0,89.5,47.1,61.9,100.0,2,7.3,4.1,1977.53,10.5
STU3323,20,2.6,83.2,45.7,65.0,78.2,2,7.7,6.0,659.0,9.8
STU3324,24,4.1,80.3,99.0,72.3,83.2,5,9.5,5.2,4361.41,5.2
STU3325,23,3.8,81.2,85.2,66.9,82.2,3,6.9,2.3,1950.79,13.0
STU3326,22,5.3,87.1,60.1,60.6,43.4,6,9.3,3.6,2325.6,13.2
STU3327,22,5.2,70.2,60.7,61.5,68.0,1,8.3,7.3,3278.04,6.6
STU3328,21,7.2,82.4,72.8,97.1,69.7,5,6.9,8.2,1554.59,4.5
STU3329,20,5.6,70.6,84.9,100.0,65.7,1,7.4,7.7,1814.74,0.5
STU3330,19,6.2,83.6,67.6,60.5,73.5,3,7.5,2.3,792.83,18.9
STU3331,18,6.4,88.5,60.2,81.6,34.2,6,8.3,4.3,2025.51,7.9
STU3332,18,6.0,83.7,89.0,54.8,72.2,1,8.5,3.5,6811.16,6.6
STU3333,21,7.0,88.1,71.6,62.8,64.8,6,5.2,6.3,2985.47,7.4
STU3334,19,5.2,75.0,69.1,50.6,34.0,4,8.3,4.4,940.78,35.1
STU3335,21,9.1,81.4,80.9,84.3,77.2,1,7.5,3.0,3292.56,12.0
STU3336,18,11.1,79.6,40.0,75.8,49.9,6,7.5,8.0,5747.21,7.2
STU3337,19,7.1,79.0,79.1,78.8,63.5,5,6.8,3.8,1295.85,23.5
STU3338,24,6.0,74.0,78.2,82.2,65.7,2,7.9,7.0,2173.17,17.9
STU3339,20,6.9,77.7,51.3,54.1,38.6,2,8.2,3.8,2217.6,14.2
STU3340,22,3.1,70.9,42.9,62.8,40.5,0,7.1,6.6,2705.5,4.7
STU3341,17,5.9,65.1,63.5,75.1,79.3,5,8.3,4.4,2692.14,14.1
STU3342,20,3.9,75.0,74.7,62.5,59.7,6,6.2,2.9,3769.53,15.6
STU3343,24,6.6,88.3,76.3,69.1,63.3,3,7.0,7.3,2302.43,17.0
STU3344,18,3.9,84.3,97.6,55.2,71.2,0,7.5,3.6,5573.6,15.1
STU3345,24,4.7,69.4,74.8,89.3,40.1,2,6.6,5.2,716.46,9.7
STU3346,21,1.4,77.9,51.0,83.0,63.1,2,6.6,2.4,1184.28,16.9
STU3347,19,2.9,88.9,68.2,87.8,68.1,0,5.8,2.2,6570.8,24.5
STU3348,22,6.3,77.5,52.5,78.5,100.0,5,7.6,8.1,1833.2,7.6
STU3349,23,3.6,67.8,69.3,50.5,54.4,4,9.5,5.3,3589.16,6.8
STU3350,21,7.8,100.0,93.1,60.3,83.4,1,7.8,4.8,2296.18,12.1
STU3351,20,3.4,80.3,78.9,56.8,70.0,6,6.8,4.2,4621.0,11.4
STU3352,21,6.5,70.4,61.2,63.9,50.7,6,8.7,3.4,3270.22,22.5
STU3353,20,3.8,83.7,80.9,84.9,59.2,4,7.0,6.2,13884.99,7.2
STU3354,23,6.3,81.1,60.3,44.4,84.7,4,8.0,7.8,2461.17,14.0
STU3355,16,2.1,66.6,30.5,58.7,83.2,4,7.7,6.6,1905.61,23.1
STU3356,22,4.5,82.9,53.5,61.7,61.2,6,5.1,6.2,5737.69,15.5
STU3357,17,3.6,91.8,78.9,47.0,75.8,5,7.1,4.4,3889.18,43.9
STU3358,24,7.4,79.7,83.6,71.3,52.4,4,9.8,6.3,1477.33,24.9
STU3359,16,6.5,61.4,97.8,62.5,67.0,1,6.3,8.9,4412.27,6.6
STU3360,21,2.8,85.4,77.1,85.8,62.7,3,9.1,4.5,2851.91,11.4
STU3361,24,5.1,88.0,92.2,63.6,85.8,0,8.3,5.7,2645.58,22.1
STU3362,16,3.8,76.1,81.5,75.3,77.9,4,6.4,7.7,3319.94,8.2
STU3363,19,7.6,76.2,86.1,69.8,58.5,4,7.1,8.9,4235.79,20.0
STU3364,19,8.3,100.0,88.5,28.3,60.2,0,5.8,5.3,2828.7,4.1
STU3365,24,2.3,75.4,79.3,45.0,69.5,6,8.2,6.7,2106.25,6.2
STU3366,20,7.3,70.8,88.1,74.1,67.3,6,5.8,4.5,9717.4,6.1
STU3367,20,3.7,82.3,61.5,73.4,65.2,0,7.7,5.6,2435.61,13.0
STU3368,21,4.9,87.7,35.6,66.9,64.0,6,9.5,4.5,5961.55,15.7
STU3369,16,5.6,87.3,81.8,89.3,93.4,6,6.3,7.3,1734.66,16.8
STU3370,16,9.5,57.3,77.6,76.2,62.3,3,7.6,8.4,1442.54,12.7
STU3371,24,3.3,75.4,58.9,93.1,75.1,2,5.2,2.6,4696.68,20.3
STU3372,18,7.3,93.5,53.1,28.6,100.0,3,7.2,4.8,2119.94,9.3
STU3373,19,2.9,85.3,74.0,95.7,55.6,2,5.8,3.9,708.52,18.3
STU3374,16,2.8,69.6,82.8,58.3,73.3,5,7.4,4.4,2188.04,27.2
STU3375,24,5.6,94.4,79.8,68.4,74.2,1,6.4,4.5,3475.87,14.8
STU3376,23,5.5,91.6,56.7,87.0,69.8,6,5.8,3.3,1589.86,32.9
STU3377,17,0.5,79.0,60.1,34.2,70.7,3,7.0,5.6,1467.91,10.6
STU3378,23,8.1,90.8,82.0,63.9,55.1,1,3.7,2.7,2834.8,17.6
STU3379,22,0.8,100.0,73.1,84.1,76.1,0,5.8,6.8,1190.75,22.8
STU3380,21,5.2,71.5,87.9,58.1,38.8,3,10.2,5.6,3052.25,15.6
STU3381,16,8.4,87.6,67.2,82.6,100.0,5,6.8,2.9,4900.46,18.8
STU3382,22,10.4,100.0,83.1,78.8,99.1,0,6.5,2.8,5822.49,18.6
STU3383,22,4.7,88.5,71.4,70.7,64.4,5,7.6,6.6,1637.4,10.3
STU3384,24,2.3,74.5,61.2,77.6,87.9,5,8.5,3.6,7948.76,11.0
STU3385,16,8.3,84.4,85.9,88.7,65.0,4,9.3,8.1,3662.13,23.2
STU3386,17,7.4,95.7,57.1,77.6,70.2,0,7.1,0.8,1615.57,21.2
STU3387,24,4.4,71.8,73.1,82.9,58.4,6,6.9,2.9,1900.68,9.4
STU3388,24,4.1,81.7,74.7,53.9,83.9,5,7.7,4.2,1587.73,14.6
STU3389,21,3.9,79.6,70.2,77.3,60.1,4,7.2,4.9,658.25,8.4
STU3390,21,4.7,75.7,86.9,75.8,83.3,2,6.9,6.3,6295.61,24.0
STU3391,19,6.2,84.4,80.6,86.0,69.3,4,7.9,4.6,2878.32,6.3
STU3392,19,4.3,81.0,78.8,49.5,69.7,6,7.9,4.4,3814.23,10.9
STU3393,20,4.5,88.4,73.0,85.2,44.6,2,7.2,3.7,2667.02,23.5
STU3394,18,6.9,93.4,99.8,53.9,71.0,4,10.3,3.4,935.83,14.5
STU3395,16,2.2,69.3,94.0,100.0,50.5,4,9.6,3.6,3130.14,19.8
STU3396,16,4.7,82.7,85.8,53.8,71.0,1,7.9,4.8,4653.93,30.5
STU3397,22,1.8,81.5,83.3,49.3,100.0,1,8.7,1.3,4633.54,13.3
STU3398,16,5.7,84.0,63.0,63.4,46.4,6,6.3,6.1,5085.0,4.2
STU3399,16,1.2,81.8,71.3,84.8,67.5,0,7.2,5.1,2583.25,4.5
STU3400,18,7.5,72.2,81.5,73.7,59.2,5,8.1,4.8,536.36,4.8
STU3401,19,2.6,96.5,87.8,94.9,52.3,6,9.0,7.3,3886.96,27.8
STU3402,19,1.6,100.0,85.4,63.2,56.5,1,5.8,6.2,2618.91,12.3
STU3403,17,4.7,87.5,80.7,60.2,95.0,2,6.3,5.3,9141.24,9.2
STU3404,16,9.3,88.0,100.0,56.2,99.5,1,7.3,6.3,8568.33,28.1
STU3405,18,7.1,83.3,70.0,59.6,52.2,0,9.1,3.8,5111.73,8.4
STU3406,19,1.3,91.7,87.2,45.6,76.8,3,7.3,6.2,1021.75,60.0
STU3407,18,2.5,57.6,85.4,57.6,54.4,2,8.7,6.6,1216.14,30.0
STU3408,23,4.6,82.0,78.7,48.6,58.5,3,6.9,0.5,3510.86,8.0
STU3409,16,10.4,76.3,79.2,79.5,35.2,2,8.1,8.5,1172.1,7.4
STU3410,17,3.4,83.5,78.9,91.7,100.0,5,5.7,5.7,4441.61,21.2
STU3411,22,3.5,92.9,61.4,71.5,88.7,5,6.2,6.2,4562.77,12.4
STU3412,19,8.9,82.2,78.0,57.2,58.9,5,6.8,7.2,6895.89,20.5
STU3413,23,5.9,78.4,83.2,79.9,74.8,0,5.6,4.7,5087.9,5.1
STU3414,18,7.8,68.0,76.8,67.4,63.2,1,5.5,4.2,1943.68,14.1
STU3415,21,3.9,80.9,44.4,84.2,86.1,3,6.6,5.6,2397.4,34.2
STU3416,24,5.3,88.7,48.2,52.9,64.2,3,5.2,10.5,1441.39,10.9
STU3417,16,8.4,73.6,59.7,54.0,66.7,1,6.9,4.8,2974.34,18.2
STU3418,16,5.2,62.0,70.3,79.6,58.7,0,7.4,3.7,607.93,24.9
STU3419,23,8.0,100.0,60.5,67.7,80.3,1,6.0,7.7,2066.57,9.1
STU3420,18,6.4,85.4,81.7,82.8,100.0,4,6.6,0.8,3937.94,16.7
STU3421,20,3.2,79.8,89.9,54.3,65.2,4,6.6,4.8,3732.4,3.0
STU3422,16,5.5,95.9,92.0,74.9,65.0,5,9.1,3.7,4394.24,3.3
STU3423,20,7.7,83.4,77.1,76.7,69.6,4,7.2,6.3,1255.74,16.9
STU3424,21,7.0,95.3,88.3,43.4,74.4,3,9.9,5.3,1085.19,15.5
STU3425,23,5.4,94.5,63.6,67.9,64.9,5,6.5,2.8,3683.2,15.8
STU3426,18,1.3,69.3,69.7,35.7,63.3,3,6.5,6.3,1344.21,2.4
STU3427,18,1.5,86.6,54.5,91.5,71.4,0,8.5,3.4,1167.57,9.8
STU3428,24,2.0,99.3,90.1,46.9,40.2,2,3.7,4.9,2873.5,10.0
STU3429,19,4.4,72.0,100.0,65.0,60.7,1,8.0,4.1,2456.73,18.8
STU3430,19,4.7,72.1,66.8,67.9,36.0,6,6.9,6.6,11808.8,18.0
STU3431,22,2.3,73.8,39.4,52.6,61.6,6,7.1,4.1,3183.61,12.1
STU3432,17,7.7,90.9,57.7,97.6,53.9,6,6.6,0.5,2797.92,6.2
STU3433,23,2.7,84.8,62.2,56.9,80.7,2,7.8,2.8,1739.24,21.7
STU3434,21,2.5,62.6,52.1,63.7,57.5,3,4.6,5.1,4279.51,18.2
STU3435,18,5.7,85.4,56.5,57.0,63.8,1,6.0,3.7,2451.48,6.2
STU3436,24,7.6,79.5,75.1,56.8,33.5,3,9.5,7.4,1784.3,16.6
STU3437,20,10.0,80.9,81.9,66.3,87.4,0,7.1,3.0,2183.29,22.6
STU3438,23,6.8,73.6,41.0,79.2,51.5,5,5.5,6.2,2012.31,13.4
STU3439,22,9.0,85.5,64.0,70.6,61.8,1,7.1,6.6,2373.11,10.8
STU3440,23,2.8,92.5,72.6,55.9,83.2,3,8.0,5.4,10819.36,13.7
STU3441,22,10.3,75.6,56.0,67.9,83.3,4,7.1,5.8,3793.9,13.9
STU3442,18,1.4,65.2,75.5,46.1,51.1,6,6.9,4.7,2218.2,26.0
STU3443,17,4.4,79.0,70.2,86.9,79.0,4,6.2,5.6,2409.28,37.3
STU3444,22,6.7,89.6,65.3,59.9,50.5,3,5.4,4.0,1010.05,51.2
STU3445,18,2.0,77.8,59.0,60.8,73.9,2,4.6,5.5,773.13,28.9
STU3446,18,3.5,67.0,76.1,36.9,56.7,5,5.9,4.4,4058.06,0.8
STU3447,17,3.1,89.6,60.5,59.9,52.7,0,8.7,4.4,4005.41,34.1
STU3448,19,4.8,96.2,46.0,94.9,70.6,0,6.4,3.7,3253.61,10.4
STU3449,23,8.6,82.2,72.3,77.8,57.7,6,6.8,4.6,6569.31,36.2
STU3450,16,5.5,65.9,53.4,85.7,100.0,3,5.0,8.0,2882.71,5.1
STU3451,16,4.5,78.8,47.3,69.9,59.5,0,7.0,4.5,4249.42,1.8
STU3452,20,0.5,83.5,73.9,26.1,49.7,1,6.5,6.9,2383.2,14.7
STU3453,20,6.5,73.9,69.6,69.1,54.7,0,6.6,6.0,492.64,3.5
STU3454,16,7.2,87.8,59.0,71.2,69.7,4,6.2,5.5,5334.85,9.9
STU3455,21,1.8,72.9,75.4,82.3,71.9,3,6.2,5.6,1330.83,23.1
STU3456,16,5.4,82.3,78.4,67.4,75.3,1,6.7,5.0,2957.56,3.9
STU3457,20,5.9,79.7,75.6,55.7,85.5,6,7.0,3.8,1582.79,5.7
STU3458,24,7.6,88.2,75.1,66.4,41.6,0,4.1,8.4,2972.26,26.9
STU3459,20,3.9,81.9,47.9,62.5,86.3,6,4.8,7.1,7401.14,15.2
STU3460,21,3.6,80.0,91.4,76.4,54.5,4,6.3,5.1,3687.89,5.6
STU3461,23,4.5,74.0,80.4,66.4,76.8,5,8.2,5.1,4245.14,27.3
STU3462,16,8.3,82.3,57.7,52.2,99.3,2,5.2,6.1,2230.58,13.3
STU3463,17,7.8,79.4,71.8,77.1,56.4,0,7.8,2.9,2076.84,23.9
STU3464,24,5.5,73.3,74.7,56.2,55.7,6,9.2,3.4,2054.8,3.3
STU3465,18,7.7,83.6,71.4,62.9,52.6,4,6.7,1.2,4108.27,31.0
STU3466,21,0.5,85.6,98.9,60.6,64.3,5,6.4,4.6,2549.14,35.1
STU3467,20,7.2,78.6,42.8,71.8,91.5,5,7.7,7.4,3918.81,8.5
STU3468,17,3.0,91.3,49.9,46.1,51.1,4,7.1,4.4,2227.92,26.9
STU3469,22,9.4,84.6,37.5,68.5,61.6,4,6.2,9.4,4836.52,8.7
STU3470,19,3.2,69.2,73.2,85.3,86.6,6,7.4,4.1,3928.07,3.4
STU3471,16,3.6,95.4,80.2,69.5,80.6,4,6.1,5.4,2689.74,3.3
STU3472,19,6.7,89.7,77.4,57.3,61.5,2,8.8,4.4,3892.94,20.8
STU3473,21,6.9,92.0,67.7,62.1,66.4,3,6.7,0.5,4894.39,52.8
STU3474,22,4.5,86.0,78.1,72.7,85.6,4,7.6,4.4,8339.65,15.7
STU3475,22,6.3,58.6,67.6,77.0,96.9,3,9.2,3.3,1584.54,16.2
STU3476,22,6.6,92.9,83.1,92.1,98.9,5,6.8,5.5,4435.04,4.0
STU3477,18,6.4,82.6,88.6,42.0,93.5,2,6.0,7.6,3906.76,12.7
STU3478,21,4.6,85.5,58.0,72.2,58.6,6,6.3,4.3,4565.17,4.1
STU3479,23,6.6,87.4,67.7,71.0,100.0,5,7.0,5.7,1847.15,18.8
STU3480,19,8.6,100.0,70.1,66.9,57.4,2,6.8,4.6,2673.17,14.1
STU3481,23,2.8,76.5,93.4,73.7,41.9,5,6.8,6.8,1841.92,15.9
STU3482,17,3.7,76.8,59.8,64.3,71.9,1,7.5,9.6,3140.74,12.7
STU3483,24,5.6,73.5,88.5,52.0,95.1,1,7.2,8.0,1426.04,8.4
STU3484,24,3.2,71.3,50.0,71.4,81.3,4,6.4,3.8,6063.41,18.2
STU3485,23,1.5,71.5,90.7,78.4,68.7,3,7.0,7.8,2735.91,17.9
STU3486,16,7.9,63.5,84.8,67.2,75.0,5,6.1,5.6,7672.58,11.4
STU3487,17,0.6,86.3,69.7,84.9,79.0,2,6.4,7.5,1627.81,17.8
STU3488,21,4.6,100.0,85.8,64.2,72.5,0,4.0,2.9,2849.57,16.7
STU3489,20,7.2,100.0,64.5,75.4,65.0,1,5.9,4.8,2673.03,30.4
STU3490,24,6.1,73.5,58.2,42.7,57.4,1,8.1,5.4,3853.08,16.3
STU3491,20,4.6,79.3,97.6,100.0,71.9,5,7.8,4.9,4091.99,15.1
STU3492,17,3.1,94.3,63.9,64.4,67.9,6,8.0,5.6,1052.81,22.6
STU3493,19,6.3,86.3,82.2,60.2,70.1,0,7.6,4.8,5411.26,1.9
STU3494,24,3.3,83.3,88.6,63.7,87.8,3,6.4,4.3,4463.49,5.0
STU3495,16,6.1,79.4,84.1,52.8,65.8,3,5.4,4.1,945.18,2.3
STU3496,16,5.8,93.8,81.0,49.3,66.5,3,6.6,3.4,6377.75,16.2
STU3497,22,5.8,71.3,82.2,68.7,73.2,4,3.0,5.6,1100.3,17.7
STU3498,18,4.1,86.8,87.9,69.8,100.0,4,8.5,4.7,2993.97,10.1
STU3499,17,10.0,85.4,76.8,71.6,51.4,6,7.3,3.9,2062.99,2.9
STU3500,24,6.3,82.4,71.4,67.5,88.6,5,8.1,2.0,2223.45,19.2
STU3501,18,4.9,89.9,51.5,66.7,64.9,0,6.3,6.1,2000.41,4.5
STU3502,17,6.1,82.3,76.8,48.8,69.0,5,4.9,6.4,3513.64,11.4
STU3503,23,3.8,76.7,87.4,60.2,47.7,2,7.2,3.1,1405.32,8.3
STU3504,21,4.7,82.9,55.5,70.6,100.0,0,7.2,5.2,4608.01,9.7
STU3505,21,10.8,66.1,68.6,59.4,73.8,2,6.8,3.9,3540.61,27.3
STU3506,22,3.8,88.1,78.4,72.7,81.2,0,7.4,6.4,2250.82,20.7
STU3507,22,5.3,90.7,94.7,65.8,44.5,4,6.4,4.0,4424.05,40.2
STU3508,21,4.5,75.4,54.6,65.7,59.1,3,7.3,4.0,1797.24,13.1
STU3509,19,3.2,73.1,83.9,71.3,77.0,1,7.6,5.3,2434.13,10.5
STU3510,24,6.4,75.8,66.6,75.8,67.3,6,9.2,4.2,942.71,23.4
STU3511,21,5.6,81.4,61.9,79.3,77.6,0,8.0,4.0,1739.38,12.1
STU3512,19,7.5,84.2,58.2,99.7,100.0,0,5.4,3.8,1415.2,26.7
STU3513,18,7.3,98.2,62.2,81.8,78.6,6,6.5,4.1,797.74,11.7
STU3514,19,7.5,96.9,79.5,44.3,62.4,1,5.9,4.3,2258.99,18.7
STU3515,18,3.5,90.3,68.6,50.7,58.9,6,8.8,5.0,2321.69,12.8
STU3516,17,6.9,83.2,82.7,63.6,57.0,0,6.4,4.7,3032.3,15.5
STU3517,20,7.0,72.7,55.2,55.8,62.7,6,6.7,6.0,3638.66,4.8
STU3518,17,3.3,98.8,82.5,74.2,63.4,3,6.9,2.7,2158.28,34.5
STU3519,21,4.8,79.5,78.5,75.9,72.0,5,7.5,9.2,3455.22,15.7
STU3520,18,2.3,84.8,49.4,60.3,79.0,1,5.5,5.0,4473.49,5.7
STU3521,21,7.0,88.3,94.6,87.0,77.4,1,7.0,6.9,5103.66,54.9
STU3522,24,7.0,82.6,77.1,91.3,72.2,3,8.2,6.0,3640.06,16.0
STU3523,16,8.6,93.5,83.5,39.0,73.4,3,6.6,5.2,3434.4,4.2
STU3524,21,5.0,86.6,89.3,45.1,100.0,1,9.4,5.9,1318.13,13.3
STU3525,24,6.5,91.9,86.5,85.6,57.7,3,5.9,5.7,4229.79,17.9
STU3526,19,7.7,86.5,70.1,81.9,69.4,5,6.3,4.6,1311.96,9.2
STU3527,17,3.8,81.6,82.9,76.0,39.7,3,8.0,9.8,3082.69,8.2
STU3528,19,3.5,82.7,44.8,68.2,63.5,5,7.0,7.2,3847.26,28.9
STU3529,16,3.9,81.4,77.9,66.4,54.7,3,6.7,1.8,3308.76,9.2
STU3530,18,4.7,69.2,98.0,76.6,57.6,1,5.5,7.1,451.88,14.9
STU3531,24,3.6,72.0,61.6,70.8,49.8,0,6.2,5.1,4218.91,5.7
STU3532,20,4.0,89.4,85.7,88.9,47.0,2,9.4,8.3,6666.48,37.2
STU3533,21,7.4,69.4,98.6,57.1,72.1,1,7.4,4.3,892.65,8.8
STU3534,18,5.3,78.0,82.3,68.3,82.1,6,7.7,0.5,2805.52,27.7
STU3535,20,6.2,71.5,87.4,82.2,56.9,2,6.2,4.3,2212.3,9.2
STU3536,23,4.3,77.4,48.5,70.6,35.5,3,7.3,1.8,2575.39,10.6
STU3537,21,4.1,80.4,58.0,78.8,71.9,3,6.6,3.6,5760.41,3.9
STU3538,19,6.1,77.9,93.4,78.5,78.0,0,5.4,3.9,2922.9,7.6
STU3539,17,5.8,67.7,86.4,61.2,81.5,3,6.0,5.8,1323.25,16.4
STU3540,24,7.2,80.1,79.4,51.7,52.6,6,6.3,5.5,1622.63,8.0
STU3541,16,8.4,72.4,68.0,56.0,59.7,2,9.7,6.3,1510.99,12.3
STU3542,16,4.0,75.6,76.3,50.7,51.1,1,9.4,6.1,741.73,24.5
STU3543,19,7.4,89.4,98.1,38.3,57.4,1,4.8,8.9,1749.67,16.2
STU3544,22,3.1,91.6,70.5,85.5,56.6,6,5.9,5.0,3879.29,6.0
STU3545,16,10.1,68.9,82.5,37.8,61.3,5,6.8,6.0,3104.31,20.2
STU3546,24,3.8,97.7,82.1,97.8,65.7,0,7.0,6.8,2794.54,17.6
STU3547,19,7.0,76.9,62.0,59.6,71.9,6,6.8,3.7,2072.22,28.4
STU3548,18,3.1,76.0,63.2,63.5,55.6,2,9.4,2.5,2383.53,7.7
STU3549,16,5.2,73.1,94.9,43.8,67.6,3,6.4,5.7,3550.77,10.6
STU3550,19,8.9,82.6,80.6,74.2,54.6,4,9.4,4.2,4339.88,6.7
STU3551,24,3.7,100.0,61.8,63.8,40.2,0,8.3,6.6,3038.0,19.3
STU3552,21,10.3,66.6,67.3,69.0,79.2,0,6.9,6.5,1234.23,19.0
STU3553,21,5.5,61.4,57.2,55.4,58.7,4,6.2,7.0,1891.48,20.5
STU3554,16,7.6,84.7,88.0,75.7,40.5,6,6.1,3.4,3321.23,9.7
STU3555,17,6.4,87.7,68.2,54.8,79.5,1,9.5,3.9,1623.33,9.8
STU3556,21,6.5,82.5,68.4,69.3,65.7,5,7.9,5.2,1673.74,21.7
STU3557,17,2.4,88.0,84.6,75.4,77.7,1,7.4,4.6,3939.54,28.8
STU3558,18,4.5,70.7,46.8,91.2,77.1,1,4.1,5.9,4181.09,13.1
STU3559,19,8.1,72.6,71.4,80.9,51.4,4,6.4,7.7,1339.48,20.5
STU3560,20,4.7,83.2,71.8,69.4,85.8,3,6.5,4.8,1037.23,12.2
STU3561,24,5.8,99.6,67.7,67.9,38.8,3,7.3,2.3,1139.49,21.9
STU3562,19,2.1,87.6,63.8,73.0,63.2,5,6.8,1.1,3861.79,12.1
STU3563,24,4.3,88.1,61.3,80.3,62.1,5,6.5,2.4,1444.5,15.5
STU3564,18,8.0,71.3,76.2,56.1,56.8,2,7.4,2.4,1764.17,14.9
STU3565,23,2.7,86.2,56.8,82.5,90.8,2,8.2,6.3,1121.5,11.7
STU3566,16,7.1,70.2,74.4,53.0,75.1,1,6.2,4.9,2523.4,27.6
STU3567,24,5.9,99.7,63.7,75.3,46.1,4,5.7,5.1,2145.35,17.0
STU3568,24,5.0,71.9,64.7,76.7,48.5,5,6.3,6.4,3334.62,15.0
STU3569,17,4.9,74.0,75.0,57.3,100.0,0,5.8,7.7,3123.48,9.1
STU3570,19,4.4,67.3,64.5,43.3,61.9,3,6.7,4.6,705.66,35.1
STU3571,23,4.6,82.9,91.0,63.8,56.5,6,9.6,6.5,3144.13,8.2
STU3572,22,7.5,82.4,69.9,25.9,89.7,4,6.6,5.7,2363.56,5.9
STU3573,16,4.5,97.1,87.7,65.1,39.8,5,5.6,1.9,5568.27,10.4
STU3574,20,9.5,89.8,60.6,48.0,93.6,2,6.4,2.0,1463.82,23.0
STU3575,22,6.2,74.1,60.2,100.0,56.4,5,9.0,4.3,3573.8,20.3
STU3576,19,4.2,90.7,47.1,84.9,78.8,3,6.6,5.4,2651.92,5.8
STU3577,16,7.6,69.6,64.6,69.2,61.9,5,5.9,6.0,1433.82,13.5
STU3578,24,6.9,74.8,68.5,89.3,43.2,3,4.7,4.6,4995.84,9.0
STU3579,20,1.9,83.2,73.2,79.3,73.0,4,6.6,1.6,3244.71,18.4
STU3580,17,3.2,70.7,82.5,49.4,86.1,5,5.1,4.3,2000.82,21.0
STU3581,23,5.2,92.6,81.4,58.0,30.1,5,7.3,1.3,1423.1,19.3
STU3582,17,2.0,100.0,89.0,84.5,50.4,2,6.5,4.6,5295.14,23.6
STU3583,18,10.1,79.1,58.7,52.6,91.0,4,4.3,6.1,4369.81,15.4
STU3584,16,7.3,75.5,72.5,74.3,76.8,0,9.2,5.9,2518.11,25.1
STU3585,17,5.5,80.7,57.0,78.8,77.9,3,9.8,4.0,2474.77,6.9
STU3586,22,4.7,76.4,78.2,63.8,85.8,6,7.3,5.8,1206.24,20.5
STU3587,17,4.2,84.6,99.1,70.4,78.0,6,9.0,2.8,6095.3,7.3
STU3588,21,1.2,68.8,54.1,81.3,72.5,4,7.3,3.7,1210.17,34.2
STU3589,18,1.7,85.2,82.3,80.5,89.0,6,4.5,1.7,4501.72,18.6
STU3590,19,9.7,100.0,87.7,75.2,63.4,4,6.7,3.9,9293.33,18.3
STU3591,23,9.0,62.0,58.6,67.8,69.7,6,6.2,3.4,1517.35,6.2
STU3592,18,4.2,70.3,78.5,77.4,84.0,0,5.1,4.2,1809.52,3.2
STU3593,21,7.5,77.5,66.6,35.7,57.0,4,7.0,4.5,1497.17,11.3
STU3594,16,6.6,87.4,70.2,91.6,94.2,3,6.0,5.5,5602.28,24.9
STU3595,22,6.9,90.9,66.1,65.9,75.0,6,7.2,1.1,2719.57,16.4
STU3596,23,2.4,90.1,68.6,56.2,50.5,1,8.0,3.3,955.72,18.9
STU3597,23,1.5,65.1,89.3,77.6,66.7,1,9.2,7.0,1239.27,11.0
STU3598,18,8.1,75.3,70.8,77.1,46.4,2,7.0,7.0,3847.79,14.1
STU3599,16,1.1,73.0,63.0,52.4,71.5,0,5.5,5.1,1550.82,32.4
STU3600,24,5.2,81.3,73.0,69.1,63.6,2,6.3,5.2,793.52,18.7
STU3601,21,4.7,82.2,40.2,68.6,55.3,1,6.5,2.7,3603.44,32.1
STU3602,24,4.5,68.3,59.7,67.6,39.7,0,10.0,4.3,3178.13,12.2
STU3603,22,6.2,77.6,90.7,94.0,56.5,4,6.9,6.6,1526.83,8.2
STU3604,16,4.0,87.8,69.8,67.7,66.9,4,7.7,2.5,1991.01,9.3
STU3605,16,6.4,75.7,64.8,65.9,63.7,3,8.4,5.3,2016.59,37.4
STU3606,21,5.8,80.0,74.6,57.1,45.9,5,8.8,6.1,2203.92,27.0
STU3607,20,10.1,99.0,83.0,54.8,70.4,1,7.3,5.1,6071.48,21.5
STU3608,24,2.5,100.0,91.9,74.3,53.2,4,6.5,4.7,4042.24,5.8
STU3609,17,5.6,60.4,65.2,60.5,85.7,0,6.4,4.7,3652.41,32.5
STU3610,23,6.4,83.1,65.6,65.0,88.2,5,5.3,6.0,2356.25,17.5
STU3611,20,4.9,100.0,68.7,71.2,65.6,5,8.2,5.4,1523.49,19.5
STU3612,17,2.6,86.8,87.4,69.0,96.8,4,10.6,6.0,6377.08,30.4
STU3613,21,8.3,82.2,72.9,70.2,67.6,2,8.8,4.3,2475.53,5.0
STU3614,23,6.2,95.1,100.0,70.1,47.9,2,7.0,4.4,1342.93,16.8
STU3615,19,2.7,84.2,69.6,78.0,90.1,2,5.3,6.1,17762.35,11.9
STU3616,17,6.5,89.1,98.5,100.0,97.4,5,6.3,3.2,2900.72,15.4
STU3617,20,9.2,79.9,58.6,87.7,86.9,2,7.5,2.7,1193.46,9.8
STU3618,17,5.4,84.0,51.2,62.2,57.0,2,6.6,9.5,4432.08,21.7
STU3619,17,5.5,86.3,70.5,87.4,49.0,5,6.8,5.8,4680.9,6.0
STU3620,21,8.9,90.7,89.1,51.1,64.0,3,7.5,4.5,1925.99,12.9
STU3621,24,3.4,77.7,64.8,58.9,100.0,2,7.3,3.6,1398.49,6.8
STU3622,19,9.3,77.4,62.8,79.3,50.0,3,10.0,3.2,2111.31,8.8
STU3623,21,7.6,62.7,87.4,78.8,84.0,3,10.0,4.9,3895.04,19.9
STU3624,22,3.5,78.1,82.6,77.6,68.4,4,6.6,4.8,4194.85,35.6
STU3625,21,4.0,91.5,60.1,58.6,86.1,5,8.3,5.9,1682.62,9.9
STU3626,23,4.3,86.6,59.2,58.7,48.6,0,5.2,2.4,6256.35,21.3
STU3627,19,1.5,72.0,84.4,70.1,65.8,2,8.2,2.5,929.02,9.9
STU3628,16,6.1,63.0,47.5,64.0,54.7,0,7.6,5.5,1693.11,23.1
STU3629,22,3.6,80.6,88.2,82.2,55.7,1,5.8,5.8,2312.07,12.0
STU3630,18,6.2,91.2,82.4,63.6,82.5,3,8.5,6.8,2044.08,19.6
STU3631,21,2.7,77.2,37.8,63.1,51.0,6,5.7,8.3,1788.9,15.0
STU3632,17,7.5,67.6,72.2,42.0,74.9,1,6.8,4.5,5703.24,21.6
STU3633,24,7.1,76.1,42.3,82.0,70.9,3,7.2,6.3,2282.18,15.1
STU3634,16,3.9,85.3,53.9,73.2,53.8,2,4.8,2.9,3192.07,18.1
STU3635,21,6.3,94.4,64.5,31.4,57.5,1,7.2,0.5,3095.3,9.2
STU3636,21,5.7,79.4,53.0,75.1,75.7,5,5.8,3.0,3168.9,4.7
STU3637,20,8.8,92.5,100.0,61.6,69.6,4,6.5,4.0,2241.98,4.6
STU3638,20,3.2,91.4,85.0,80.4,70.7,1,6.9,9.3,774.49,21.1
STU3639,16,5.2,70.2,92.5,66.3,66.0,3,4.8,1.7,4493.98,8.6
STU3640,20,4.1,94.5,69.9,55.1,64.9,5,6.3,6.5,2368.96,9.2
STU3641,17,5.6,85.0,72.5,95.7,69.6,3,6.8,3.8,1844.96,8.1
STU3642,22,6.7,69.9,95.7,93.2,94.5,0,6.5,6.0,1847.41,9.0
STU3643,18,4.1,99.6,78.5,65.0,79.0,6,5.8,5.1,3047.64,7.7
STU3644,19,4.7,80.7,81.2,74.0,67.8,6,5.2,3.2,1805.78,14.8
STU3645,18,7.6,62.6,58.3,60.7,51.6,1,5.7,7.0,2169.25,6.0
STU3646,18,8.5,74.9,58.3,40.7,62.9,4,4.5,5.9,3924.52,16.1
STU3647,19,6.6,72.5,75.9,89.1,54.4,2,5.9,5.0,2854.06,12.3
STU3648,20,5.2,75.2,77.6,55.2,56.5,0,8.6,5.6,1413.34,16.1
STU3649,16,5.0,77.5,57.0,88.4,38.2,1,5.0,4.2,3574.61,13.5
STU3650,19,6.7,79.4,77.4,79.2,69.8,0,8.2,1.1,2055.32,5.4
STU3651,23,6.0,79.0,53.7,72.6,100.0,1,5.3,5.2,4322.55,6.1
STU3652,22,1.9,81.0,72.2,67.3,73.3,6,7.7,9.5,1948.28,12.5
STU3653,24,6.8,87.9,50.4,79.2,82.4,2,10.4,6.7,2755.23,23.0
STU3654,20,3.6,74.5,91.9,53.1,86.3,2,7.8,5.6,3688.67,9.3
STU3655,19,2.4,93.8,67.3,89.4,65.1,6,6.8,5.8,1423.33,6.1
STU3656,23,1.8,69.7,61.6,70.3,66.3,4,6.8,5.0,3979.75,16.4
STU3657,24,5.0,88.2,54.8,91.9,46.3,0,8.2,0.5,7547.74,22.2
STU3658,22,3.3,98.4,53.4,66.0,73.3,4,7.5,2.9,3402.25,27.8
STU3659,22,0.5,80.2,78.5,70.3,71.0,1,7.3,4.9,2853.02,13.0
STU3660,20,4.7,83.9,87.1,72.2,55.4,2,6.4,6.8,4467.77,12.4
STU3661,19,4.4,72.3,85.6,77.2,89.5,2,7.4,8.7,4290.43,8.2
STU3662,16,5.2,76.9,92.9,97.0,56.8,3,4.7,2.8,2738.75,9.0
STU3663,22,4.1,97.7,98.2,61.0,100.0,3,6.2,6.3,1356.04,12.7
STU3664,16,9.5,89.5,86.4,66.0,76.9,6,9.3,0.5,1636.99,7.7
STU3665,16,6.6,86.2,64.5,67.7,69.6,4,8.1,4.3,1973.49,3.4
STU3666,20,4.4,62.6,74.5,31.0,100.0,0,6.8,4.9,1093.49,17.9
STU3667,24,5.4,74.8,38.1,59.1,31.2,6,5.6,8.4,6160.35,17.8
STU3668,21,8.6,99.4,81.6,60.2,65.1,1,9.6,3.4,1362.25,3.0
STU3669,18,7.6,86.1,74.2,100.0,62.6,4,6.2,4.3,2419.84,16.5
STU3670,18,2.4,87.4,95.9,72.1,66.9,2,5.8,7.0,1396.45,22.7
STU3671,22,3.4,83.7,60.8,75.9,73.8,2,7.2,3.5,3664.34,19.8
STU3672,21,3.8,75.9,79.7,44.5,66.4,2,6.3,3.9,4757.74,16.8
STU3673,24,4.5,85.3,56.9,67.0,93.8,1,4.4,2.1,1067.47,26.0
STU3674,21,4.2,66.7,70.3,83.0,77.4,6,5.1,6.2,3842.53,19.1
STU3675,20,5.6,65.9,47.5,100.0,78.2,4,6.7,2.1,1150.54,26.5
STU3676,22,7.1,74.6,92.3,57.1,77.9,1,5.5,7.1,1930.44,23.9
STU3677,16,7.5,83.9,87.8,39.0,48.1,5,5.0,2.5,14001.93,2.6
STU3678,22,4.8,66.3,64.9,55.6,73.4,2,5.1,3.5,3001.12,3.5
STU3679,18,1.9,83.3,75.9,55.7,74.0,3,6.8,2.7,4490.58,11.0
STU3680,24,3.2,72.1,72.6,55.8,50.9,4,6.8,4.4,3066.86,26.4
STU3681,21,4.4,73.4,62.8,82.5,85.1,3,8.1,7.2,2258.01,13.5
STU3682,24,2.8,95.0,73.8,73.5,35.4,4,5.4,3.6,1676.8,14.3
STU3683,20,8.0,82.4,65.4,49.9,100.0,6,6.8,3.0,6545.91,14.1
STU3684,22,2.9,73.0,86.7,90.7,69.4,2,6.1,5.0,8714.7,9.7
STU3685,19,6.9,83.9,68.8,98.3,55.5,3,7.7,4.9,2589.23,11.9
STU3686,22,1.8,67.3,100.0,40.7,80.5,3,7.0,6.4,5496.11,5.1
STU3687,16,6.9,85.8,70.8,86.8,80.6,4,7.4,2.4,4412.43,22.4
STU3688,22,5.2,93.1,73.7,65.3,100.0,5,8.6,5.5,2211.27,7.2
STU3689,23,8.8,88.6,79.9,52.9,100.0,5,7.3,7.5,2595.9,4.3
STU3690,20,3.0,100.0,84.6,44.7,47.4,3,8.4,3.0,1882.61,9.8
STU3691,17,4.3,62.6,73.2,60.8,65.4,3,5.3,5.4,9430.89,3.7
STU3692,20,4.7,83.3,79.6,59.7,54.5,6,5.1,3.0,4230.21,6.3
STU3693,21,5.2,68.6,74.7,70.4,82.6,2,8.7,7.2,2551.63,31.1
STU3694,17,4.7,80.3,60.3,100.0,94.1,4,7.4,8.4,1824.38,17.2
STU3695,21,4.8,82.0,56.3,59.9,47.6,4,7.8,2.6,3499.09,54.8
STU3696,21,4.7,100.0,82.5,45.5,68.9,0,8.5,5.6,1073.26,7.9
STU3697,16,0.9,81.4,94.8,62.7,59.3,4,6.0,5.7,1528.76,23.8
STU3698,16,7.7,81.2,47.5,84.7,84.4,2,6.2,5.3,2194.43,16.3
STU3699,18,11.8,92.1,50.5,64.0,77.0,3,8.1,4.5,1900.94,28.6
STU3700,18,6.2,81.5,50.3,78.4,90.0,6,6.6,3.9,2180.98,33.9
STU3701,19,3.0,100.0,83.6,70.7,62.8,0,6.3,1.9,3887.55,16.5
STU3702,17,3.2,88.7,84.9,69.0,68.0,6,5.3,4.7,8821.86,19.3
STU3703,24,6.8,90.3,57.4,93.4,76.7,6,8.2,6.7,3977.04,11.5
STU3704,22,6.3,63.3,100.0,52.5,65.4,3,6.3,7.2,2261.62,5.3
STU3705,22,4.9,100.0,66.2,51.3,75.1,4,8.1,5.4,4807.78,6.4
STU3706,21,7.2,75.4,93.5,53.5,91.6,1,7.6,3.0,2580.26,5.5
STU3707,18,1.0,81.9,84.1,73.5,100.0,3,8.8,2.4,743.67,20.3
STU3708,21,7.2,75.5,57.6,68.9,61.7,5,4.8,3.8,5444.17,11.3
STU3709,23,6.0,71.8,65.7,79.4,100.0,4,3.3,1.2,1156.85,14.4
STU3710,23,3.3,70.0,58.9,66.8,61.5,5,9.3,0.5,2725.38,1.9
STU3711,24,2.3,83.0,51.8,64.9,84.8,2,8.3,2.3,1488.65,9.9
STU3712,16,5.8,62.3,68.2,73.3,61.6,5,5.7,5.6,1192.11,15.0
STU3713,16,8.6,79.6,54.0,95.1,52.5,4,5.9,1.7,1870.87,20.9
STU3714,18,5.0,92.6,69.4,49.4,90.8,0,7.1,5.7,481.02,6.7
STU3715,18,3.6,88.3,100.0,53.3,69.2,5,6.7,3.3,1592.27,14.4
STU3716,23,5.9,86.3,82.5,68.7,91.8,1,6.1,7.4,3281.63,7.2
STU3717,16,9.5,73.0,63.6,100.0,82.8,6,5.9,3.8,3172.52,19.2
STU3718,17,6.4,66.1,62.4,50.9,77.0,1,6.4,4.1,740.33,12.3
STU3719,17,6.7,92.4,66.0,67.8,79.4,1,7.6,3.5,4696.62,31.8
STU3720,18,8.2,77.5,100.0,54.0,88.5,5,7.0,3.5,11684.62,13.3
STU3721,21,6.5,81.2,55.7,74.4,85.7,2,6.4,5.2,7686.95,40.3
STU3722,16,3.8,80.0,72.0,35.0,63.1,1,6.1,5.6,1774.72,16.9
STU3723,17,1.7,88.7,79.0,51.4,77.2,3,9.8,4.9,1628.55,18.5
STU3724,16,3.5,100.0,90.2,88.5,95.5,6,6.3,2.5,1395.6,17.4
STU3725,20,3.1,96.6,67.0,68.1,70.8,2,7.7,5.8,8189.41,18.1
STU3726,22,7.0,58.7,57.6,56.1,61.6,4,10.2,2.6,1784.88,48.1
STU3727,23,7.3,78.9,76.3,67.3,59.4,0,7.9,2.8,1576.81,18.7
STU3728,16,5.9,68.5,91.7,67.0,84.4,2,7.6,3.9,4309.33,14.3
STU3729,22,2.7,91.4,67.9,77.0,65.9,6,8.6,6.6,5231.35,13.8
STU3730,20,9.4,82.0,59.4,34.8,76.2,6,8.8,2.7,4708.5,23.6
STU3731,16,4.6,88.1,73.7,51.4,65.1,0,7.0,5.7,1259.57,14.6
STU3732,18,6.8,78.1,47.6,52.7,90.0,2,5.3,0.5,3445.59,6.6
STU3733,22,5.6,71.6,68.7,78.1,72.6,4,6.8,6.0,6466.31,11.6
STU3734,16,6.0,73.3,89.7,67.9,94.3,0,7.8,7.1,2503.7,25.4
STU3735,22,6.8,66.7,85.1,91.0,93.7,6,6.6,6.2,3028.38,23.2
STU3736,20,4.0,69.4,69.8,81.3,68.5,2,6.7,4.9,2852.98,8.6
STU3737,16,8.4,67.3,96.9,62.5,92.7,6,9.1,3.6,2097.91,3.5
STU3738,16,2.0,71.6,100.0,67.2,64.3,0,8.0,3.1,3356.65,20.1
STU3739,16,3.2,71.1,82.0,88.7,74.5,1,7.8,3.3,4456.12,29.7
STU3740,24,8.3,85.9,50.0,90.9,56.7,6,5.7,3.8,5830.31,5.9
STU3741,18,6.8,85.5,43.8,66.5,80.1,1,6.7,6.9,2411.82,12.8
STU3742,20,11.1,85.9,92.8,52.2,75.1,5,7.5,4.8,2611.86,16.9
STU3743,24,5.7,93.7,75.7,34.4,78.7,1,7.8,6.6,1801.01,16.8
STU3744,21,9.2,81.2,96.5,34.4,46.9,3,9.1,11.1,6972.67,14.2
STU3745,24,1.4,74.2,51.9,75.6,36.2,1,7.9,8.3,1887.84,9.4
STU3746,23,2.4,100.0,69.6,75.2,50.7,1,6.3,5.0,2345.39,5.3
STU3747,23,7.5,91.1,87.4,57.2,78.5,4,9.4,3.9,2632.6,12.6
STU3748,16,1.7,83.5,61.1,88.8,81.4,0,6.6,6.7,2863.29,8.4
STU3749,24,5.1,82.8,87.2,64.7,89.2,0,8.2,6.7,944.28,9.6
STU3750,21,8.1,84.9,70.2,58.6,63.1,1,6.3,6.1,3565.08,18.5
STU3751,24,6.6,80.0,72.4,86.7,73.5,0,6.0,8.0,3337.58,6.4
STU3752,18,5.5,83.3,54.2,84.6,58.1,2,5.2,3.1,2770.52,21.6
STU3753,18,4.5,87.0,75.8,67.2,93.2,5,5.3,5.6,3158.99,11.4
STU3754,21,5.9,74.7,100.0,76.3,57.9,6,6.4,4.9,2412.8,6.3
STU3755,24,6.8,65.7,77.8,78.3,90.0,1,8.7,6.4,981.84,19.3
STU3756,22,4.0,61.2,60.1,100.0,65.7,5,7.3,4.1,5091.66,8.5
STU3757,18,6.3,90.9,92.9,65.9,96.8,1,4.7,5.7,972.77,8.1
STU3758,18,7.9,66.2,60.6,49.1,73.1,3,8.1,1.4,1419.71,44.0
STU3759,17,5.0,86.7,97.8,78.0,72.7,5,7.0,5.0,5452.34,9.2
STU3760,24,5.6,70.5,52.9,69.0,57.2,2,9.0,8.4,1037.79,12.7
STU3761,18,6.6,70.6,76.1,69.8,100.0,1,6.4,4.0,2255.84,18.5
STU3762,20,6.7,74.8,94.9,67.5,86.8,1,5.8,4.8,8125.86,2.3
STU3763,24,7.4,83.9,59.0,42.5,78.7,0,9.3,7.1,2620.58,3.7
STU3764,23,3.3,69.1,73.2,72.2,74.1,1,8.3,5.9,1021.05,7.0
STU3765,17,4.3,75.8,89.4,62.3,58.8,5,4.8,1.6,4076.85,8.3
STU3766,18,4.4,81.7,38.2,63.1,81.4,5,7.5,4.7,3348.75,18.5
STU3767,17,3.5,69.9,85.9,61.6,68.9,1,4.8,5.8,2705.47,11.3
STU3768,23,1.5,96.3,70.7,67.4,71.0,1,8.2,7.7,664.26,2.1
STU3769,21,0.5,64.8,93.6,72.2,85.1,1,5.6,7.4,5845.15,22.9
STU3770,21,8.1,79.8,59.6,67.5,74.8,3,5.4,4.9,7897.31,15.8
STU3771,24,2.1,94.7,51.2,86.5,70.3,2,8.8,6.3,2460.36,2.6
STU3772,23,8.9,68.8,63.9,80.1,94.4,6,7.5,4.8,1625.0,10.3
STU3773,19,7.1,80.9,63.5,66.8,56.1,5,8.0,4.0,3536.09,14.5
STU3774,19,4.6,83.3,68.9,51.4,41.9,3,6.4,7.2,3563.48,28.6
STU3775,24,6.9,73.9,65.0,77.3,56.5,6,6.9,7.1,3771.08,8.4
STU3776,16,6.4,81.2,41.9,63.0,72.6,0,9.0,5.5,2516.28,7.1
STU3777,17,3.1,87.6,70.6,65.3,81.8,4,7.4,3.7,3562.94,14.6
STU3778,17,5.5,77.3,75.5,46.9,57.4,1,10.0,4.9,4068.63,1.4
STU3779,21,3.3,89.6,69.1,74.6,100.0,5,6.7,5.1,13238.94,5.1
STU3780,19,6.9,85.9,76.3,100.0,73.1,6,8.2,6.8,3330.34,17.6
STU3781,18,3.9,76.2,73.3,59.9,72.6,0,8.4,4.4,2806.36,23.1
STU3782,18,5.3,93.3,51.3,78.0,48.1,5,7.3,5.1,931.5,6.1
STU3783,18,5.2,74.6,67.5,87.9,45.5,4,8.8,5.4,985.89,8.9
STU3784,21,5.8,90.6,73.7,59.6,39.7,6,6.3,4.5,2712.18,11.5
STU3785,23,9.2,74.8,68.4,29.2,93.3,1,8.1,5.5,2373.74,11.0
STU3786,22,5.0,78.8,49.6,79.1,90.6,5,5.6,5.2,1342.58,13.2
STU3787,19,8.2,80.4,90.3,69.3,70.0,1,5.4,3.4,1313.45,21.0
STU3788,19,6.6,85.4,57.4,73.0,49.3,4,7.1,3.9,3703.04,20.4
STU3789,17,8.6,57.9,53.4,68.9,65.3,3,6.8,2.2,1716.98,22.2
STU3790,16,4.8,86.6,72.6,86.6,94.2,6,5.6,3.5,1517.09,39.0
STU3791,24,7.0,81.0,67.3,66.4,61.4,4,8.0,7.9,1263.79,14.9
STU3792,17,5.4,84.9,81.0,100.0,54.7,4,9.0,6.3,1471.12,11.3
STU3793,23,0.5,87.0,85.1,79.2,63.5,5,6.6,3.4,1958.69,6.0
STU3794,24,3.1,85.9,82.8,84.2,65.0,6,8.4,4.6,2463.17,8.2
STU3795,19,6.8,61.9,72.0,68.1,82.5,2,6.2,3.3,2909.71,19.0
STU3796,23,6.6,71.4,80.3,73.0,32.5,1,6.7,6.5,1902.87,15.2
STU3797,24,2.7,85.3,48.6,41.0,72.9,6,6.9,5.5,783.96,3.4
STU3798,20,6.0,84.0,88.4,58.8,58.2,5,8.1,6.4,1207.45,14.7
STU3799,22,6.6,74.1,65.9,85.2,60.9,1,6.9,4.4,1791.06,10.0
STU3800,19,5.4,89.4,100.0,66.9,82.8,3,4.4,7.0,4890.4,17.0
STU3801,16,7.1,79.4,88.9,50.0,47.9,6,8.6,2.6,2340.9,54.7
STU3802,18,6.8,90.9,69.0,57.1,73.1,3,7.1,3.8,3298.21,25.4
STU3803,20,5.4,94.1,72.3,56.9,78.2,2,4.0,4.2,6213.96,16.0
STU3804,18,4.4,84.8,89.8,67.4,79.9,2,8.8,6.6,2243.66,34.7
STU3805,22,7.8,87.6,38.1,54.7,82.0,2,8.9,3.9,2483.35,4.5
STU3806,24,6.5,75.9,69.6,90.8,79.7,3,5.6,3.1,2563.65,39.2
STU3807,21,2.5,90.9,97.5,71.3,82.2,4,5.2,5.0,2604.86,18.1
STU3808,16,6.0,84.2,84.7,45.7,55.0,5,8.5,9.9,1269.98,23.6
STU3809,22,3.0,79.1,59.4,92.6,93.2,1,8.5,3.0,3460.21,16.9
STU3810,18,3.4,69.8,76.7,67.3,49.9,1,7.6,7.5,2667.67,13.5
STU3811,20,4.1,77.1,57.3,76.1,76.3,5,6.4,5.0,1459.94,11.1
STU3812,19,5.6,70.9,66.9,72.9,58.4,0,6.0,5.0,2232.54,43.9
STU3813,20,6.3,89.6,77.0,74.7,40.8,3,7.8,3.8,747.21,36.4
STU3814,20,4.6,94.2,79.6,62.5,60.3,3,6.2,6.3,922.56,17.8
STU3815,21,4.7,91.2,82.9,73.3,68.0,2,6.2,7.1,4443.02,16.4
STU3816,21,4.4,100.0,90.5,65.6,93.6,6,8.0,8.0,2171.82,14.4
STU3817,23,7.8,77.4,54.1,73.8,100.0,6,8.3,5.6,5936.26,5.4
STU3818,23,0.5,88.0,72.4,65.0,67.8,5,9.0,3.6,2604.02,38.8
STU3819,24,4.8,70.2,59.2,63.4,46.4,0,4.6,8.6,2884.1,13.6
STU3820,23,8.9,80.0,66.0,44.6,47.8,0,6.4,4.1,2464.92,35.0
STU3821,17,6.6,67.2,60.7,67.9,83.1,3,6.6,3.5,1296.8,18.3
STU3822,16,8.3,87.7,79.5,71.6,82.0,2,7.0,5.6,3265.6,2.0
STU3823,17,1.0,78.4,87.8,97.6,59.7,1,5.3,3.1,1617.38,49.3
STU3824,17,2.8,61.5,88.6,75.7,50.0,2,7.7,4.0,3073.79,11.8
STU3825,18,6.6,75.1,55.4,56.4,86.9,1,9.5,6.3,1453.26,5.9
STU3826,22,8.9,99.9,70.2,51.8,49.1,6,5.4,10.7,4056.79,6.6
STU3827,17,3.0,86.1,55.0,72.3,62.4,3,7.2,6.1,3316.2,14.0
STU3828,16,4.6,89.7,54.5,56.1,78.0,2,8.6,7.4,5535.01,11.5
STU3829,21,6.4,83.3,62.1,58.9,36.0,0,6.7,4.0,4003.02,13.1
STU3830,24,2.3,80.2,77.1,56.0,86.2,5,6.0,5.5,2410.38,6.0
STU3831,18,6.6,82.2,79.8,62.7,100.0,4,7.2,1.2,6788.38,19.8
STU3832,21,0.5,84.5,81.8,79.8,71.9,0,8.0,2.3,3207.41,4.4
STU3833,18,6.6,71.0,80.9,36.2,69.4,6,5.4,5.3,556.51,12.3
STU3834,16,3.3,89.6,59.3,88.7,70.8,5,8.3,5.7,1683.12,28.1
STU3835,20,4.5,93.2,89.7,64.7,73.8,1,6.7,6.7,2269.83,4.6
STU3836,19,6.9,80.0,84.0,57.9,57.6,3,6.1,4.6,5848.9,8.8
STU3837,22,6.5,76.8,65.8,82.2,50.9,2,5.0,8.0,1885.48,7.3
STU3838,21,5.5,74.6,66.4,64.7,64.0,6,6.2,6.1,1596.49,2.1
STU3839,22,7.6,99.6,62.1,51.3,72.6,6,6.2,1.4,659.34,17.0
STU3840,20,1.8,77.5,52.6,43.7,53.0,3,5.4,1.4,5789.55,16.4
STU3841,19,5.9,88.5,82.0,79.1,47.1,3,7.6,5.3,6372.64,14.0
STU3842,22,3.8,80.1,84.3,80.2,62.5,1,7.2,4.5,1191.84,43.7
STU3843,22,7.5,79.6,58.1,61.4,47.3,3,8.3,5.4,993.88,16.3
STU3844,21,7.0,74.4,53.5,89.1,81.4,2,7.9,4.3,4915.71,9.9
STU3845,23,7.1,72.3,58.0,68.6,11.5,6,6.2,3.8,5800.47,8.8
STU3846,19,9.1,89.4,73.7,89.2,50.1,0,6.6,3.5,1563.49,0.6
STU3847,20,8.0,72.1,51.3,52.7,94.0,3,6.0,4.9,2149.52,11.5
STU3848,19,5.2,86.6,88.9,50.7,66.2,2,4.9,6.7,3590.49,17.9
STU3849,16,5.5,82.9,88.0,59.8,73.1,2,7.5,2.8,1286.81,10.3
STU3850,23,6.8,89.5,78.4,61.6,67.8,1,7.2,4.7,1387.39,17.7
STU3851,16,5.8,75.9,84.1,86.4,59.3,3,6.2,7.8,2002.6,11.6
STU3852,20,7.1,92.8,72.9,72.7,88.6,6,8.0,1.5,1308.38,20.9
STU3853,21,0.6,80.6,79.0,55.9,60.3,1,6.6,6.3,16598.33,34.0
STU3854,21,9.6,100.0,52.5,68.2,55.9,0,8.6,4.6,5616.59,51.0
STU3855,20,5.6,65.9,92.9,61.2,81.2,0,6.8,3.4,2051.65,6.4
STU3856,18,1.9,100.0,64.7,55.1,37.2,5,5.3,3.9,2720.11,12.5
STU3857,20,3.5,80.7,70.1,66.7,65.1,2,9.0,7.1,881.86,7.2
STU3858,23,0.8,84.2,100.0,64.9,61.2,3,7.5,4.7,3246.11,5.4
STU3859,17,3.1,76.0,68.7,55.7,64.8,5,5.8,2.8,4047.77,15.8
STU3860,21,5.2,66.3,83.1,55.6,61.7,6,6.5,3.3,1619.95,5.4
STU3861,24,8.8,76.7,79.7,81.0,76.4,2,5.9,4.0,1867.0,14.2
STU3862,23,6.4,78.3,52.0,74.8,88.7,6,8.3,6.7,1383.07,16.2
STU3863,23,6.0,83.8,57.0,83.1,77.8,3,4.3,4.0,6149.88,7.8
STU3864,23,3.0,93.2,100.0,63.5,64.3,1,7.4,5.0,5950.35,12.9
STU3865,22,3.7,83.9,80.7,50.6,80.7,0,4.8,3.6,3224.39,9.7
STU3866,23,3.9,84.1,71.7,58.8,82.7,5,4.5,4.2,2727.89,9.1
STU3867,21,3.9,85.8,64.0,84.4,76.1,6,7.5,4.7,1110.72,8.2
STU3868,17,4.7,64.5,76.8,42.4,87.8,5,5.4,3.1,1568.19,13.2
STU3869,17,4.9,65.4,78.2,91.1,30.1,0,7.9,3.4,2069.28,14.5
STU3870,23,4.8,67.0,75.4,50.2,70.5,1,8.3,4.0,1616.99,13.8
STU3871,16,4.0,78.3,88.0,80.5,75.2,4,6.4,8.0,3606.93,13.7
STU3872,21,5.8,63.3,59.0,51.7,44.8,4,7.6,5.1,861.71,33.1
STU3873,21,4.8,75.1,57.0,58.5,73.8,6,8.9,3.2,1081.46,20.6
STU3874,19,2.0,68.3,87.6,35.1,85.6,4,5.8,6.7,1659.85,4.9
STU3875,18,5.6,86.9,100.0,97.7,66.2,3,8.1,6.8,899.23,17.2
STU3876,18,5.2,86.4,84.6,77.2,81.2,5,6.0,3.2,4790.79,12.7
STU3877,16,2.0,79.0,91.5,78.1,87.4,1,7.0,8.3,5242.92,29.8
STU3878,18,4.2,63.0,70.9,60.1,92.8,3,6.2,5.8,831.27,9.1
STU3879,19,6.8,79.6,76.0,53.1,89.8,3,6.2,5.8,3018.35,1.7
STU3880,20,3.0,85.3,75.8,80.4,93.2,6,6.5,5.7,1923.2,15.0
STU3881,18,2.8,90.1,71.2,48.8,61.5,1,6.2,5.7,2482.94,10.8
STU3882,21,4.8,99.5,93.2,65.3,63.4,3,6.8,4.8,3538.48,20.0
STU3883,20,6.9,93.2,88.7,48.0,28.0,6,8.5,6.3,655.01,26.3
STU3884,18,9.5,83.6,66.0,70.0,51.9,5,5.2,4.3,5009.35,21.7
STU3885,21,6.9,79.1,47.3,37.3,90.7,1,7.6,8.1,3508.46,8.7
STU3886,21,7.9,74.6,71.0,44.3,59.7,4,5.6,1.0,5066.27,13.3
STU3887,23,6.3,95.6,54.7,54.2,76.8,4,5.7,3.2,749.26,8.3
STU3888,17,4.0,83.7,72.4,77.8,74.1,3,4.6,5.7,2445.84,16.9
STU3889,16,6.9,88.3,55.9,59.5,91.1,0,8.4,4.8,3544.12,19.2
STU3890,19,5.3,76.1,90.8,83.7,35.7,1,6.7,4.0,3318.11,10.2
STU3891,22,6.3,69.6,82.3,92.0,76.0,2,5.8,5.3,4355.11,14.2
STU3892,18,3.4,78.0,81.9,63.1,75.7,6,7.2,2.6,3361.93,0.7
STU3893,18,6.5,79.0,88.1,44.3,55.4,2,6.5,2.9,704.5,6.1
STU3894,20,5.2,83.9,77.9,83.5,86.3,3,8.4,4.7,5287.04,2.2
STU3895,20,6.0,74.6,80.2,43.3,46.2,0,5.7,5.8,1829.11,13.6
STU3896,18,5.3,82.2,93.5,53.5,88.1,1,6.8,3.6,2849.65,24.7
STU3897,24,4.9,93.8,70.0,40.8,33.4,4,8.1,1.4,6864.13,17.6
STU3898,19,6.6,65.3,81.1,83.4,54.6,3,5.6,5.5,2485.18,36.7
STU3899,18,4.6,60.8,56.2,77.2,67.6,1,6.4,6.0,1991.26,16.8
STU3900,17,2.0,94.5,73.2,93.9,73.7,1,5.3,2.8,1173.54,37.8
STU3901,24,1.4,67.4,100.0,60.9,38.2,1,5.9,4.2,1051.99,6.2
STU3902,19,5.9,78.2,84.2,54.8,87.7,0,5.0,6.8,1140.0,11.9
STU3903,18,4.5,88.1,70.7,59.6,82.8,1,5.6,2.7,2441.53,14.3
STU3904,22,1.7,81.4,76.0,46.7,100.0,0,5.3,4.9,10380.97,6.4
STU3905,23,5.7,81.3,71.7,90.9,81.9,0,6.1,3.7,2046.5,7.5
STU3906,17,5.3,82.7,75.5,100.0,57.5,5,8.3,9.4,2452.99,13.6
STU3907,22,4.4,100.0,66.0,56.4,51.8,1,7.4,2.5,3921.21,7.6
STU3908,20,6.0,99.8,79.4,77.5,62.8,5,8.7,1.4,1584.12,8.9
STU3909,20,8.4,75.1,80.0,65.5,100.0,4,6.5,6.2,6103.77,29.7
STU3910,18,8.3,92.5,72.1,75.1,70.8,5,5.8,4.3,1819.6,17.7
STU3911,20,5.8,87.1,74.1,85.0,71.5,5,6.8,2.9,5547.02,21.5
STU3912,17,5.3,81.8,77.1,49.7,93.5,6,6.2,4.0,3693.97,12.9
STU3913,19,5.8,72.9,64.1,60.3,50.2,6,7.5,8.0,2643.9,15.6
STU3914,21,6.2,86.5,79.3,87.3,79.2,6,5.0,5.0,1683.22,3.8
STU3915,16,4.9,78.9,83.7,76.1,78.8,1,6.9,7.9,4619.87,5.9
STU3916,19,5.9,78.2,94.0,73.2,86.3,4,9.0,2.5,2325.34,8.9
STU3917,21,2.0,74.3,76.8,76.2,84.5,3,5.8,7.2,1798.08,14.8
STU3918,24,5.7,92.0,63.7,77.7,69.0,2,6.4,3.1,7029.69,1.9
STU3919,17,6.5,74.3,70.5,86.5,46.5,3,4.8,7.5,633.41,7.8
STU3920,22,4.4,74.4,54.9,80.1,60.4,0,8.4,7.3,6684.93,10.4
STU3921,21,5.3,89.8,82.9,67.2,84.3,3,6.9,3.0,9350.61,10.9
STU3922,17,3.1,80.6,41.1,73.6,100.0,2,6.3,5.8,1401.12,10.1
STU3923,23,2.7,80.8,87.4,66.9,49.2,2,7.1,5.4,1631.64,11.8
STU3924,22,6.0,92.3,89.2,56.1,48.1,4,6.9,6.9,1210.71,12.4
STU3925,20,3.9,95.1,28.0,67.2,43.2,6,6.1,2.7,4406.65,8.9
STU3926,20,1.6,60.7,91.1,66.2,57.0,3,5.2,4.2,1648.96,5.5
STU3927,22,3.1,80.7,87.4,40.8,86.1,0,7.2,5.1,2307.37,18.3
STU3928,24,3.4,67.9,67.6,80.4,92.4,5,7.0,8.0,3780.19,36.1
STU3929,24,7.2,78.1,54.1,83.1,34.7,5,6.5,5.1,879.63,26.1
STU3930,24,5.9,81.9,59.4,76.7,49.5,0,6.6,3.1,920.85,13.3
STU3931,21,3.6,78.5,60.6,82.2,46.3,4,8.4,5.6,3106.57,19.3
STU3932,21,4.2,71.7,91.7,65.2,55.2,5,7.4,3.0,1946.47,14.2
STU3933,18,8.4,71.2,65.3,59.8,66.2,4,5.3,1.6,1311.85,8.4
STU3934,16,7.6,89.3,85.6,83.2,63.2,5,8.7,4.7,2500.56,10.5
STU3935,22,3.0,97.3,70.1,51.1,78.7,5,7.9,5.6,2308.52,23.9
STU3936,19,8.1,61.4,72.8,50.5,37.2,3,7.8,5.4,1383.38,12.5
STU3937,16,5.3,78.7,48.4,75.2,61.2,4,6.0,5.1,2771.89,6.3
STU3938,23,7.3,89.3,54.8,74.7,93.2,2,8.1,8.6,1309.81,31.7
STU3939,21,5.1,81.7,91.4,82.9,93.9,0,7.2,8.1,3989.37,24.6
STU3940,21,8.1,70.9,69.7,40.6,98.3,5,5.5,3.4,2199.54,5.6
STU3941,17,2.9,77.2,76.5,66.4,76.7,6,7.4,6.9,8266.18,54.9
STU3942,16,4.9,85.0,99.1,49.9,58.9,2,8.2,9.5,1071.26,20.8
STU3943,17,8.2,78.9,70.1,81.7,73.0,1,7.7,8.5,1702.6,29.3
STU3944,19,0.5,81.5,69.2,89.3,100.0,2,4.7,7.0,4586.09,11.0
STU3945,17,5.4,81.8,90.1,76.1,61.0,6,7.5,4.7,1262.56,6.3
STU3946,16,4.6,76.8,72.2,59.1,100.0,0,6.5,2.4,2554.14,22.6
STU3947,22,7.0,90.2,76.8,56.0,28.6,1,4.5,3.1,691.31,14.6
STU3948,23,7.9,77.2,87.0,61.4,79.7,3,7.8,6.1,1246.5,15.0
STU3949,21,7.1,71.9,72.0,54.5,81.0,6,7.9,5.6,1362.32,8.4
STU3950,19,6.0,100.0,83.8,65.5,76.4,1,7.0,5.1,2237.24,20.9
STU3951,21,5.6,81.2,70.3,56.0,77.5,4,5.7,6.8,4761.39,10.4
STU3952,18,4.7,56.0,86.7,45.9,78.9,0,8.8,7.3,2094.91,36.1
STU3953,23,6.0,94.5,78.3,74.1,79.7,4,7.7,7.3,2025.54,12.4
STU3954,17,8.7,94.5,68.6,75.3,64.4,2,7.8,6.5,1482.8,16.4
STU3955,20,3.7,86.6,73.1,95.2,65.4,3,8.2,6.0,1189.16,10.2
STU3956,16,4.6,88.3,35.3,61.1,46.9,0,8.6,3.9,4846.28,18.7
STU3957,21,5.3,100.0,89.9,37.8,82.5,3,7.4,5.2,2803.07,4.1
STU3958,17,7.7,72.4,53.2,81.0,92.1,5,5.5,5.7,2025.56,3.8
STU3959,19,6.0,83.3,56.0,82.8,99.7,0,6.1,4.9,7085.83,4.7
STU3960,21,7.7,100.0,65.4,86.3,56.0,6,6.3,1.8,411.76,18.1
STU3961,23,7.8,100.0,45.1,91.5,40.7,4,8.6,5.6,4857.83,7.9
STU3962,23,6.8,78.3,79.0,91.8,76.4,2,7.3,4.9,899.36,11.8
STU3963,21,3.2,100.0,77.4,52.4,50.4,1,6.1,4.7,2725.24,6.6
STU3964,19,9.2,90.0,64.7,92.8,79.7,3,6.7,6.1,4680.39,10.6
STU3965,23,8.6,97.0,61.8,62.8,32.5,0,8.7,6.1,783.15,16.1
STU3966,23,5.6,89.7,61.6,80.8,88.5,0,7.8,7.4,5582.89,21.1
STU3967,16,2.5,85.1,81.2,72.2,72.6,5,8.4,6.2,2286.12,16.0
STU3968,19,2.1,100.0,48.1,52.4,37.3,3,5.5,4.2,1482.79,20.9
STU3969,19,6.1,76.7,65.9,86.6,75.2,1,6.7,7.6,2887.65,8.6
STU3970,22,4.0,100.0,49.1,60.7,71.6,2,6.2,8.0,3511.19,6.4
STU3971,22,1.7,100.0,83.5,97.7,78.9,0,9.0,5.0,11687.05,11.9
STU3972,23,2.0,95.6,67.0,55.8,83.6,0,6.8,7.5,2206.74,24.6
STU3973,20,4.5,81.3,80.2,51.9,28.9,3,6.3,5.3,4333.35,12.6
STU3974,22,5.9,84.4,90.7,57.4,62.0,3,4.4,7.3,2703.01,10.3
STU3975,23,8.6,69.3,91.0,91.9,68.5,0,8.8,7.6,3149.65,21.5
STU3976,24,6.6,77.5,56.7,42.9,65.0,0,8.9,3.7,2121.6,6.4
STU3977,18,4.7,88.2,76.6,82.6,64.0,5,4.3,7.8,1526.45,22.6
STU3978,18,6.3,67.7,88.8,97.3,87.9,0,7.3,5.1,3209.35,6.7
STU3979,19,6.1,79.0,82.4,65.3,40.6,4,8.2,5.8,1308.34,14.3
STU3980,20,7.1,100.0,83.9,61.7,65.0,0,7.6,7.2,679.9,14.1
STU3981,16,5.4,80.5,45.3,69.3,66.4,2,6.4,4.5,2680.41,21.7
STU3982,22,7.8,92.3,82.2,50.0,68.1,2,5.8,7.0,1462.44,19.6
STU3983,24,7.3,87.7,60.1,100.0,53.4,6,8.5,5.3,2070.23,10.5
STU3984,23,5.7,78.9,82.0,78.7,100.0,5,8.0,4.1,845.56,14.7
STU3985,20,5.2,80.4,81.6,48.5,86.6,1,7.8,6.3,4645.96,22.5
STU3986,19,7.5,83.7,80.8,55.1,100.0,3,8.5,7.5,434.11,37.4
STU3987,22,3.9,61.5,70.3,70.9,80.9,1,9.8,5.2,3299.63,18.5
STU3988,20,2.2,91.5,91.7,47.3,83.0,0,6.6,3.0,3520.14,37.0
STU3989,22,2.2,80.8,79.7,43.9,69.9,3,6.6,4.4,2846.23,8.1
STU3990,16,3.7,91.8,76.8,72.7,96.6,0,6.5,3.6,4879.34,13.5
STU3991,16,7.0,85.9,58.0,84.1,79.6,3,5.8,9.6,1162.83,13.8
STU3992,18,4.6,80.4,77.9,82.6,66.8,5,8.6,3.3,8948.24,7.7
STU3993,17,5.9,84.0,100.0,67.0,100.0,6,8.7,0.5,1394.61,15.7
STU3994,17,4.4,84.0,51.1,63.6,47.9,4,8.4,4.2,3841.71,28.4
STU3995,22,4.4,96.8,83.0,68.8,57.6,6,9.2,5.4,8171.52,13.4
STU3996,17,3.2,82.6,84.8,83.9,100.0,4,7.1,5.1,2179.42,21.0
STU3997,19,5.3,84.9,97.9,47.9,81.4,4,7.5,5.4,1565.47,9.6
STU3998,17,5.1,69.4,82.9,55.6,25.2,6,7.8,2.4,4188.59,12.1
STU3999,21,6.4,81.5,72.2,62.0,87.3,5,6.5,5.1,1722.3,5.2
STU4000,23,6.1,96.5,78.3,64.1,52.6,6,5.6,3.0,1426.38,2.1
